<?xml version="1.0" encoding="UTF-8"?>
<gpx version="1.1" creator="Kentucky Portable Club" xmlns="http://www.topografix.com/GPX/1/1">
<metadata><name>KPC Kentucky POTA Parks</name></metadata>
<wpt lat="37.6115" lon="-85.6371"><name>US-0724 Abraham Lincoln Birthplace National Historic Site</name><desc>Abraham Lincoln Birthplace National Historic Site
Larue County • National / NPS
POTA: https://next.pota.app/park/US-0724
Official Map (official): https://www.nps.gov/abli/planyourvisit/maps.htm
Website: https://www.nps.gov/abli/index.htm
Notes: NPS recognizes two units: Birthplace unit south of Hodgenville and Boyhood Home to the northeast.
Use the official map first. Verify current rules, access and boundaries before activating.</desc><link href="https://next.pota.app/park/US-0724"><text>Next POTA park page</text></link><type>National / NPS</type></wpt>
<wpt lat="37.0662" lon="-82.7713"><name>US-10112 Bad Branch National Wild and Scenic River</name><desc>Bad Branch National Wild and Scenic River
Harlan County • National / NPS
POTA: https://next.pota.app/park/US-10112
Website: https://eec.ky.gov/Nature-Preserves/Locations/Pages/Bad-Branch-Wild-River.aspx
Use the official map first. Verify current rules, access and boundaries before activating.</desc><link href="https://next.pota.app/park/US-10112"><text>Next POTA park page</text></link><type>National / NPS</type></wpt>
<wpt lat="37.0676" lon="-82.7719"><name>US-7966 Bad Branch State Nature Preserve</name><desc>Bad Branch State Nature Preserve
Harlan County • Nature Preserve
POTA: https://next.pota.app/park/US-7966
Brochure (official): https://eec.ky.gov/Nature-Preserves/Brochures/BadBranchbrochure_bw.pdf
Website: https://eec.ky.gov/Nature-Preserves/Locations/Pages/Bad-Branch.aspx
Use the official map first. Verify current rules, access and boundaries before activating.</desc><link href="https://next.pota.app/park/US-7966"><text>Next POTA park page</text></link><type>Nature Preserve</type></wpt>
<wpt lat="37.1801" lon="-89.019"><name>US-3793 Ballard Wildlife Management Area</name><desc>Ballard Wildlife Management Area
County: see official site • WMA
POTA: https://next.pota.app/park/US-3793
Official Map (official): https://fw.ky.gov/More/Documents/BallardWMA_All.pdf
Website: https://app.fw.ky.gov/public_lands_search/detail.aspx?Kdfwr_id=224
Use the official map first. Verify current rules, access and boundaries before activating.</desc><link href="https://next.pota.app/park/US-3793"><text>Next POTA park page</text></link><type>WMA</type></wpt>
<wpt lat="36.8557" lon="-86.0559"><name>US-1273 Barren River Lake State Park</name><desc>Barren River Lake State Park
Barren County • State Park
POTA: https://next.pota.app/park/US-1273
Area Map (official): https://fw.ky.gov/More/Documents/barren_river_lake_all.pdf
Website: https://parks.ky.gov/lucas/parks/resort/barren-river-lake-state-resort-park
Camping: https://parks.ky.gov/parks/find-a-park/barren-river-lake-campground-7834
Resort: https://parks.ky.gov/lucas/parks/resort/barren-river-lake-state-resort-park
Cabins: https://parks.ky.gov/lucas/parks/resort/barren-river-lake-state-resort-park
Utilities: Utility hookups
Use the official map first. Verify current rules, access and boundaries before activating.</desc><link href="https://next.pota.app/park/US-1273"><text>Next POTA park page</text></link><type>State Park</type></wpt>
<wpt lat="38.3781" lon="-83.1339"><name>US-12971 Bat Cave State Nature Preserve</name><desc>Bat Cave State Nature Preserve
Carter County • Nature Preserve
POTA: https://next.pota.app/park/US-12971
Website: https://eec.ky.gov/Nature-Preserves/Locations/Pages/Carter-Caves.aspx
Notes: Caves closed to public Oct–May for bat hibernation; preserve lies within Carter Caves State Park.
Possible 2-fer (per agency sources, confirm first): US-1276
Use the official map first. Verify current rules, access and boundaries before activating.</desc><link href="https://next.pota.app/park/US-12971"><text>Next POTA park page</text></link><type>Nature Preserve</type></wpt>
<wpt lat="38.2108" lon="-85.7106"><name>US-7956 Beargrass Creek State Nature Preserve</name><desc>Beargrass Creek State Nature Preserve
Jefferson County • Nature Preserve
POTA: https://next.pota.app/park/US-7956
Website: https://eec.ky.gov/Nature-Preserves/Locations/Pages/Beargrass-Creek.aspx
Use the official map first. Verify current rules, access and boundaries before activating.</desc><link href="https://next.pota.app/park/US-7956"><text>Next POTA park page</text></link><type>Nature Preserve</type></wpt>
<wpt lat="36.8966" lon="-84.4402"><name>US-3794 Beaver Creek Wildlife Management Area</name><desc>Beaver Creek Wildlife Management Area
County: see official site • WMA
POTA: https://next.pota.app/park/US-3794
Official Map (official): https://fw.ky.gov/More/Documents/BeaverCreekWMA_ALL.pdf
Website: https://app.fw.ky.gov/Public_Lands_Search/detail.aspx?Kdfwr_id=39
Possible 2-fer (per agency sources, confirm first): US-4484
Use the official map first. Verify current rules, access and boundaries before activating.</desc><link href="https://next.pota.app/park/US-3794"><text>Next POTA park page</text></link><type>WMA</type></wpt>
<wpt lat="36.5583" lon="-88.1296"><name>US-3795 Beechy Creek Wildlife Management Area</name><desc>Beechy Creek Wildlife Management Area
County: see official site • WMA
POTA: https://next.pota.app/park/US-3795
Official Map (official): https://fw.ky.gov/More/Documents/BeechyCreekWMA-ALL.pdf
Website: https://fw.ky.gov/More/Documents/BeechyCreekWMA-ALL.pdf
Use the official map first. Verify current rules, access and boundaries before activating.</desc><link href="https://next.pota.app/park/US-3795"><text>Next POTA park page</text></link><type>WMA</type></wpt>
<wpt lat="38.8869" lon="-84.7478"><name>US-3779 Big Bone Lick State Historic Site</name><desc>Big Bone Lick State Historic Site
Boone County • Other
POTA: https://next.pota.app/park/US-3779
Website: https://parks.ky.gov/union/parks/historic/big-bone-lick-state-historic-site
Camping: https://parks.ky.gov/things-to-do/lodging/reserve-a-campground
Use the official map first. Verify current rules, access and boundaries before activating.</desc><link href="https://next.pota.app/park/US-3779"><text>Next POTA park page</text></link><type>Other</type></wpt>
<wpt lat="37.5047" lon="-88.0122"><name>US-3796 Big Rivers Wildlife Management Area</name><desc>Big Rivers Wildlife Management Area
County: see official site • WMA
POTA: https://next.pota.app/park/US-3796
Official Map (official): https://fw.ky.gov/More/Documents/BigRiversWMA_and_StateForest_all.pdf
Website: https://app.fw.ky.gov/Public_Lands_Search/detail.aspx?Kdfwr_id=9203
Use the official map first. Verify current rules, access and boundaries before activating.</desc><link href="https://next.pota.app/park/US-3796"><text>Next POTA park page</text></link><type>WMA</type></wpt>
<wpt lat="36.4884" lon="-84.6971"><name>US-0686 Big South Fork National Recreation Area</name><desc>Big South Fork National Recreation Area
McCreary / Scott Counties • National Recreation Area
POTA: https://next.pota.app/park/US-0686
Official Map (official): https://www.nps.gov/biso/planyourvisit/maps.htm
Website: https://www.nps.gov/biso/index.htm
Camping: https://home.nps.gov/biso/planyourvisit/campgrounds.htm
Utilities: Multiple campgrounds; amenities vary
Possible 2-fer (per agency sources, confirm first): US-10107
Use the official map first. Verify current rules, access and boundaries before activating.</desc><link href="https://next.pota.app/park/US-0686"><text>Next POTA park page</text></link><type>National Recreation Area</type></wpt>
<wpt lat="36.7906" lon="-84.5274"><name>US-10107 Big South Fork National Wild and Scenic River</name><desc>Big South Fork National Wild and Scenic River
McCreary County • National / NPS
POTA: https://next.pota.app/park/US-10107
Area Map (official): https://www.nps.gov/biso/planyourvisit/maps.htm
Website: https://eec.ky.gov/Nature-Preserves/Locations/Pages/Big-South-Fork-Wild-River.aspx
Possible 2-fer (per agency sources, confirm first): US-0686
Use the official map first. Verify current rules, access and boundaries before activating.</desc><link href="https://next.pota.app/park/US-10107"><text>Next POTA park page</text></link><type>National / NPS</type></wpt>
<wpt lat="38.1934" lon="-85.5242"><name>US-7954 Blackacre State Nature Preserve</name><desc>Blackacre State Nature Preserve
Jefferson County • Nature Preserve
POTA: https://next.pota.app/park/US-7954
Website: https://eec.ky.gov/Nature-Preserves/Locations/Pages/Blackacre.aspx
Use the official map first. Verify current rules, access and boundaries before activating.</desc><link href="https://next.pota.app/park/US-7954"><text>Next POTA park page</text></link><type>Nature Preserve</type></wpt>
<wpt lat="36.8592" lon="-83.3821"><name>US-7967 Blanton Forest State Nature Preserve</name><desc>Blanton Forest State Nature Preserve
Harlan County • Nature Preserve
POTA: https://next.pota.app/park/US-7967
Brochure (official): https://eec.ky.gov/Nature-Preserves/Brochures/BlantonForestbrochure_color.pdf
Website: https://eec.ky.gov/Nature-Preserves/Locations/Pages/Blanton-Forest.aspx
Use the official map first. Verify current rules, access and boundaries before activating.</desc><link href="https://next.pota.app/park/US-7967"><text>Next POTA park page</text></link><type>Nature Preserve</type></wpt>
<wpt lat="38.4292" lon="-83.992"><name>US-1274 Blue Licks Battlefield State Park</name><desc>Blue Licks Battlefield State Park
Nicholas County • State Park
POTA: https://next.pota.app/park/US-1274
Website: https://parks.ky.gov/carlisle/parks/historic/blue-licks-battlefield-state-resort-park
Camping: https://parks.ky.gov/parks/camping
Resort: https://parks.ky.gov/carlisle/parks/historic/blue-licks-battlefield-state-resort-park
Cabins: https://parks.ky.gov/carlisle/parks/historic/blue-licks-battlefield-state-resort-park
Utilities: See campground information
Notes: Do not set up on the Battlefield area; use designated nearby parking/activation areas.
Use the official map first. Verify current rules, access and boundaries before activating.</desc><link href="https://next.pota.app/park/US-1274"><text>Next POTA park page</text></link><type>State Park</type></wpt>
<wpt lat="37.1047" lon="-89.0979"><name>US-3797 Boatwright Wildlife Management Area</name><desc>Boatwright Wildlife Management Area
County: see official site • WMA
POTA: https://next.pota.app/park/US-3797
Official Map (official): https://fw.ky.gov/More/Documents/BoatwrightWMA_All.pdf
Website: https://app.fw.ky.gov/Public_Lands_Search/detail.aspx?Kdfwr_id=222
Use the official map first. Verify current rules, access and boundaries before activating.</desc><link href="https://next.pota.app/park/US-3797"><text>Next POTA park page</text></link><type>WMA</type></wpt>
<wpt lat="37.3026" lon="-82.3121"><name>US-3781 Breaks Interstate State Park</name><desc>Breaks Interstate State Park
Pike County • State Park
POTA: https://next.pota.app/park/US-3781
Official Map (official): https://www.breakspark.com/parkmap
Website: https://www.breakspark.com/
Use the official map first. Verify current rules, access and boundaries before activating.</desc><link href="https://next.pota.app/park/US-3781"><text>Next POTA park page</text></link><type>State Park</type></wpt>
<wpt lat="36.8978" lon="-85.9811"><name>US-7965 Brigadoon State Nature Preserve</name><desc>Brigadoon State Nature Preserve
Barren County • Nature Preserve
POTA: https://next.pota.app/park/US-7965
Brochure (official): https://eec.ky.gov/Nature-Preserves/Brochures/BrigadoonBrochure_bw.pdf
Website: https://eec.ky.gov/Nature-Preserves/Locations/Pages/Brigadoon.aspx
Use the official map first. Verify current rules, access and boundaries before activating.</desc><link href="https://next.pota.app/park/US-7965"><text>Next POTA park page</text></link><type>Nature Preserve</type></wpt>
<wpt lat="37.1071" lon="-84.4096"><name>US-3798 Buck Creek Wildlife Management Area</name><desc>Buck Creek Wildlife Management Area
County: see official site • WMA
POTA: https://next.pota.app/park/US-3798
Official Map (official): https://fw.ky.gov/More/Documents/BuckCreekWMA_All.pdf
Website: https://fw.ky.gov/More/Documents/BuckCreekWMA_All.pdf
Use the official map first. Verify current rules, access and boundaries before activating.</desc><link href="https://next.pota.app/park/US-3798"><text>Next POTA park page</text></link><type>WMA</type></wpt>
<wpt lat="37.3062" lon="-83.4461"><name>US-1275 Buckhorn Lake State Park</name><desc>Buckhorn Lake State Park
Perry County • State Park
POTA: https://next.pota.app/park/US-1275
Area Map (official): https://fw.ky.gov/More/Documents/BuckhornLakeWMA_ALL.pdf
POTA map: https://pota.app/#/map?entityName=United+States+of+America&amp;lat=37.3062&amp;lng=-83.4461&amp;locationDesc=US-KY&amp;name=Buckhorn+Lake+State+Park&amp;reference=US-1275&amp;zoom=12
Camping: https://parks.ky.gov/parks/camping
Resort: https://parks.ky.gov/parks/resorts
Cabins: https://parks.ky.gov/things-to-do/lodging/cottage-and-cabin-rentals
Utilities: See campground information
Use the official map first. Verify current rules, access and boundaries before activating.</desc><link href="https://next.pota.app/park/US-1275"><text>Next POTA park page</text></link><type>State Park</type></wpt>
<wpt lat="37.1681" lon="-83.7077"><name>US-3799 Burchell-Beech Wildlife Management Area</name><desc>Burchell-Beech Wildlife Management Area
County: see official site • WMA
POTA: https://next.pota.app/park/US-3799
Official Map (official): https://fw.ky.gov/More/Documents/Burchell-BeechCreekWMA_ALL.pdf
POTA map: https://pota.app/#/map?entityName=United+States+of+America&amp;lat=37.1681&amp;lng=-83.7077&amp;locationDesc=US-KY&amp;name=Burchell-Beech+Wildlife+Management+Area&amp;reference=US-3799&amp;zoom=12
Use the official map first. Verify current rules, access and boundaries before activating.</desc><link href="https://next.pota.app/park/US-3799"><text>Next POTA park page</text></link><type>WMA</type></wpt>
<wpt lat="37.7971" lon="-84.6011"><name>US-7950 Camp Nelson National Monument</name><desc>Camp Nelson National Monument
Jessamine County • National / NPS
POTA: https://next.pota.app/park/US-7950
Official Map (official): https://www.nps.gov/cane/planyourvisit/maps.htm
Website: https://www.nps.gov/cane/index.htm
Utilities: No recreational camping
Use the official map first. Verify current rules, access and boundaries before activating.</desc><link href="https://next.pota.app/park/US-7950"><text>Next POTA park page</text></link><type>National / NPS</type></wpt>
<wpt lat="36.9979" lon="-84.2851"><name>US-10121 Cane Creek Wildlife Management Area</name><desc>Cane Creek Wildlife Management Area
Pulaski County • WMA
POTA: https://next.pota.app/park/US-10121
Official Map (official): https://fw.ky.gov/More/Documents/CaneCreekWMA_ALL.pdf
Website: https://app.fw.ky.gov/Public_Lands_Search/detail.aspx?Kdfwr_id=38
Possible 2-fer (per agency sources, confirm first): US-4484
Use the official map first. Verify current rules, access and boundaries before activating.</desc><link href="https://next.pota.app/park/US-10121"><text>Next POTA park page</text></link><type>WMA</type></wpt>
<wpt lat="37.2328" lon="-83.0012"><name>US-1251 Carr Creek State Park</name><desc>Carr Creek State Park
Knott County • State Park
POTA: https://next.pota.app/park/US-1251
Area Map (official): https://fw.ky.gov/More/Documents/carrcreeklakewma_all.pdf
POTA map: https://pota.app/#/map?entityName=United+States+of+America&amp;lat=37.2328&amp;lng=-83.0012&amp;locationDesc=US-KY&amp;name=Carr+Creek+State+Park&amp;reference=US-1251&amp;zoom=12
Camping: https://parks.ky.gov/explore/carr-creek-campground-7869
Utilities: Utility hookups
Use the official map first. Verify current rules, access and boundaries before activating.</desc><link href="https://next.pota.app/park/US-1251"><text>Next POTA park page</text></link><type>State Park</type></wpt>
<wpt lat="38.373" lon="-83.1274"><name>US-1276 Carter Caves State Park</name><desc>Carter Caves State Park
Carter County • State Park
POTA: https://next.pota.app/park/US-1276
Area Map (official): https://Eec.ky.gov/Natural-Resources/Forestry/Documents/TygartsStateForest_ALL.pdf
Website: https://parks.ky.gov/olive-hill/parks/resort/carter-caves-state-resort-park
Camping: https://parks.ky.gov/parks/camping
Resort: https://parks.ky.gov/olive-hill/parks/resort/carter-caves-state-resort-park
Cabins: https://parks.ky.gov/olive-hill/parks/resort/carter-caves-state-resort-park
Utilities: See campground information
Notes: User supplied a topographic/trails map and GIS boundary link.
Possible 2-fer (per agency sources, confirm first): US-12971, US-12972
Use the official map first. Verify current rules, access and boundaries before activating.</desc><link href="https://next.pota.app/park/US-1276"><text>Next POTA park page</text></link><type>State Park</type></wpt>
<wpt lat="38.3566" lon="-83.1126"><name>US-12972 Cascade Caverns State Nature Preserve</name><desc>Cascade Caverns State Nature Preserve
Carter County • Nature Preserve
POTA: https://next.pota.app/park/US-12972
Website: https://opengisdata.ky.gov/datasets/ky-knp-state-nature-preserves/explore?location=38.354945%2C-83.108279%2C14.97
Notes: Parking lot itself is outside preserve boundary; pull-off south of lot is within preserve.
Possible 2-fer (per agency sources, confirm first): US-1276
Use the official map first. Verify current rules, access and boundaries before activating.</desc><link href="https://next.pota.app/park/US-12972"><text>Next POTA park page</text></link><type>Nature Preserve</type></wpt>
<wpt lat="37.475" lon="-84.558"><name>US-3800 Cedar Creek Lake Wildlife Management Area</name><desc>Cedar Creek Lake Wildlife Management Area
County: see official site • WMA
POTA: https://next.pota.app/park/US-3800
Official Map (official): https://fw.ky.gov/More/Documents/CedarCreekLakeWMA_ALL.pdf
Website: https://app.fw.ky.gov/Public_Lands_Search/detail.aspx?Kdfwr_id=9004
Use the official map first. Verify current rules, access and boundaries before activating.</desc><link href="https://next.pota.app/park/US-3800"><text>Next POTA park page</text></link><type>WMA</type></wpt>
<wpt lat="36.978" lon="-88.5582"><name>US-0295 Clarks River National Wildlife Refuge</name><desc>Clarks River National Wildlife Refuge
McCracken County • National / NPS
POTA: https://next.pota.app/park/US-0295
Official Map (official): https://www.fws.gov/sites/default/files/documents/2024-08/public-map-july-2024.pdf
Website: https://www.fws.gov/refuge/clarks-river
Use the official map first. Verify current rules, access and boundaries before activating.</desc><link href="https://next.pota.app/park/US-0295"><text>Next POTA park page</text></link><type>National / NPS</type></wpt>
<wpt lat="38.3414" lon="-83.9192"><name>US-10124 Clay Wildlife Management Area</name><desc>Clay Wildlife Management Area
Bath County • WMA
POTA: https://next.pota.app/park/US-10124
Official Map (official): https://fw.ky.gov/More/Documents/ClayWMA_ALL.pdf
Website: https://app.fw.ky.gov/Public_Lands_Search/detail.aspx?Kdfwr_id=155
Use the official map first. Verify current rules, access and boundaries before activating.</desc><link href="https://next.pota.app/park/US-10124"><text>Next POTA park page</text></link><type>WMA</type></wpt>
<wpt lat="37.3156" lon="-87.6782"><name>US-12974 Clear Creek Wildlife Management Area</name><desc>Clear Creek Wildlife Management Area
Muhlenberg County • WMA
POTA: https://next.pota.app/park/US-12974
Official Map (official): https://fw.ky.gov/More/Documents/ClearCreekWMA_All.pdf
Website: https://app.fw.ky.gov/public_lands_search/detail.aspx?Kdfwr_id=9006
Use the official map first. Verify current rules, access and boundaries before activating.</desc><link href="https://next.pota.app/park/US-12974"><text>Next POTA park page</text></link><type>WMA</type></wpt>
<wpt lat="37.8235" lon="-83.5663"><name>US-3801 Clifty Wilderness Area</name><desc>Clifty Wilderness Area
Powell County • River / Wilderness
POTA: https://next.pota.app/park/US-3801
Area Map (official): https://www.fs.usda.gov/r08/danielboone/maps-guides
Website: https://www.fs.usda.gov/recarea/dbnf/recarea/?recid=39460
Possible 2-fer (per agency sources, confirm first): US-10104, US-4484
Use the official map first. Verify current rules, access and boundaries before activating.</desc><link href="https://next.pota.app/park/US-3801"><text>Next POTA park page</text></link><type>River / Wilderness</type></wpt>
<wpt lat="38.1355" lon="-84.8549"><name>US-3802 Clyde E Buckley Sanctuary</name><desc>Clyde E Buckley Sanctuary
Scott County • Sanctuary
POTA: https://next.pota.app/park/US-3802
Official Map (official): https://bggreensource.org/wp-content/uploads/2025/01/1_Full_Sanctuary_All_Trails_50_foot_Contours.pdf-compressed_1.pdf
Website: https://bggreensource.org/buckley/
Use the official map first. Verify current rules, access and boundaries before activating.</desc><link href="https://next.pota.app/park/US-3802"><text>Next POTA park page</text></link><type>Sanctuary</type></wpt>
<wpt lat="36.9117" lon="-89.0253"><name>US-3803 Coil Estate Wildlife Management Area</name><desc>Coil Estate Wildlife Management Area
County: see official site • WMA
POTA: https://next.pota.app/park/US-3803
Official Map (official): https://fw.ky.gov/More/Documents/CoilEstateWMA_ALL.pdf
Website: https://fw.ky.gov/More/Documents/CoilEstateWMA_ALL.pdf
Use the official map first. Verify current rules, access and boundaries before activating.</desc><link href="https://next.pota.app/park/US-3803"><text>Next POTA park page</text></link><type>WMA</type></wpt>
<wpt lat="36.7657" lon="-89.1109"><name>US-1252 Columbus Belmont State Park</name><desc>Columbus Belmont State Park
Hickman County • State Park
POTA: https://next.pota.app/park/US-1252
Website: https://parks.ky.gov/columbus/parks/historic/columbus-belmont-state-park
Camping: https://parks.ky.gov/explore/columbus-belmont-state-park-7809
Cabins: https://parks.ky.gov/columbus/parks/historic/columbus-belmont-state-park
Utilities: Utility hookups; water may be unavailable at individual sites in winter
Use the official map first. Verify current rules, access and boundaries before activating.</desc><link href="https://next.pota.app/park/US-1252"><text>Next POTA park page</text></link><type>State Park</type></wpt>
<wpt lat="36.7556" lon="-83.1966"><name>US-3804 Cranks Creek Wildlife Management Area</name><desc>Cranks Creek Wildlife Management Area
County: see official site • WMA
POTA: https://next.pota.app/park/US-3804
Official Map (official): https://fw.ky.gov/More/Documents/CranksCreekWMA_ALL.pdf
Website: https://fw.ky.gov/More/Documents/CranksCreekWMA_ALL.pdf
Use the official map first. Verify current rules, access and boundaries before activating.</desc><link href="https://next.pota.app/park/US-3804"><text>Next POTA park page</text></link><type>WMA</type></wpt>
<wpt lat="38.6411" lon="-83.5723"><name>US-7960 Crooked Creek State Nature Preserve</name><desc>Crooked Creek State Nature Preserve
Bracken County • Nature Preserve
POTA: https://next.pota.app/park/US-7960
Website: https://eec.ky.gov/Nature-Preserves/Locations/Pages/Crooked-Creek.aspx
Use the official map first. Verify current rules, access and boundaries before activating.</desc><link href="https://next.pota.app/park/US-7960"><text>Next POTA park page</text></link><type>Nature Preserve</type></wpt>
<wpt lat="36.8404" lon="-84.3398"><name>US-1277 Cumberland Falls State Park</name><desc>Cumberland Falls State Park
McCreary County • State Park
POTA: https://next.pota.app/park/US-1277
Official Map (official): https://parks.ky.gov/parks/find-a-park/cumberland-falls-state-resort-park-7786
Website: https://parks.ky.gov/corbin/parks/resort/cumberland-falls-state-resort-park
Camping: https://parks.ky.gov/parks/find-a-park/cumberland-falls-state-resort-park-7786
Resort: https://parks.ky.gov/corbin/parks/resort/cumberland-falls-state-resort-park
Cabins: https://parks.ky.gov/corbin/parks/resort/cumberland-falls-state-resort-park
Utilities: Primitive + electric/water sites; dump station
Use the official map first. Verify current rules, access and boundaries before activating.</desc><link href="https://next.pota.app/park/US-1277"><text>Next POTA park page</text></link><type>State Park</type></wpt>
<wpt lat="36.6038" lon="-83.6741"><name>US-0019 Cumberland Gap National Historical Park</name><desc>Cumberland Gap National Historical Park
Bell / Claiborne / Lee? Counties • National / NPS
POTA: https://next.pota.app/park/US-0019
Official Map (official): https://www.nps.gov/cuga/planyourvisit/upload/CUGAmap1-3.pdf
Website: https://www.nps.gov/cuga/index.htm
Camping: https://www.nps.gov/cuga/planyourvisit/fees.htm
Utilities: Electric + non-electric sites
Use the official map first. Verify current rules, access and boundaries before activating.</desc><link href="https://next.pota.app/park/US-0019"><text>Next POTA park page</text></link><type>National / NPS</type></wpt>
<wpt lat="38.7635" lon="-84.5987"><name>US-3805 Curtis Gates Lloyd Wildlife Management Area</name><desc>Curtis Gates Lloyd Wildlife Management Area
Owen County • WMA
POTA: https://next.pota.app/park/US-3805
Official Map (official): https://fw.ky.gov/More/Documents/CurtisGatesLloydWMA_ALL.pdf
Website: https://app.fw.ky.gov/public_lands_search/detail.aspx?Kdfwr_id=153
Use the official map first. Verify current rules, access and boundaries before activating.</desc><link href="https://next.pota.app/park/US-3805"><text>Next POTA park page</text></link><type>WMA</type></wpt>
<wpt lat="36.6441" lon="-85.2906"><name>US-1278 Dale Hollow State Park</name><desc>Dale Hollow State Park
Clinton / Cumberland Counties • State Park
POTA: https://next.pota.app/park/US-1278
Website: https://parks.ky.gov/burkesville/parks/resort/dale-hollow-lake-state-resort-park
Camping: https://parks.ky.gov/parks/camping
Resort: https://parks.ky.gov/burkesville/parks/resort/dale-hollow-lake-state-resort-park
Cabins: https://parks.ky.gov/burkesville/parks/resort/dale-hollow-lake-state-resort-park
Utilities: See campground information
Notes: Coordinates point to a large parking area away from the resort and may have higher noise floor.
Use the official map first. Verify current rules, access and boundaries before activating.</desc><link href="https://next.pota.app/park/US-1278"><text>Next POTA park page</text></link><type>State Park</type></wpt>
<wpt lat="37.4168" lon="-84.0002"><name>US-4484 Daniel Boone National Forest</name><desc>Daniel Boone National Forest
Multiple counties • National Forest
POTA: https://next.pota.app/park/US-4484
Official Map (official): https://www.fs.usda.gov/r08/danielboone/maps-guides
Website: https://www.fs.usda.gov/dbnf/
Camping: https://www.fs.usda.gov/dbnf/
Possible 2-fer (per agency sources, confirm first): US-3801, US-10104 (part), US-11181, US-10170, US-10171, US-10158, US-10106, US-10159, US-10111, US-10121, US-3794, US-10103, US-10146
Use the official map first. Verify current rules, access and boundaries before activating.</desc><link href="https://next.pota.app/park/US-4484"><text>Next POTA park page</text></link><type>National Forest</type></wpt>
<wpt lat="37.7372" lon="-82.8967"><name>US-1253 Dawkins Line Rail Trail State Park</name><desc>Dawkins Line Rail Trail State Park
Johnson County • Trail
POTA: https://next.pota.app/park/US-1253
Official Map (official): https://parks.ky.gov/explore/dawkins-line-rail-trail-7831
Website: https://parks.ky.gov/swamp-branch/parks/recreation/dawkins-line-rail-trail
Use the official map first. Verify current rules, access and boundaries before activating.</desc><link href="https://next.pota.app/park/US-1253"><text>Next POTA park page</text></link><type>Trail</type></wpt>
<wpt lat="38.9894" lon="-84.7615"><name>US-9756 Decker Wildlife Management Area</name><desc>Decker Wildlife Management Area
Boone County • WMA
POTA: https://next.pota.app/park/US-9756
Official Map (official): https://fw.ky.gov/More/Documents/DeckerWMAmap_ALL.pdf
Website: https://app.fw.ky.gov/Public_Lands_Search/detail.aspx?Kdfwr_id=9717
Use the official map first. Verify current rules, access and boundaries before activating.</desc><link href="https://next.pota.app/park/US-9756"><text>Next POTA park page</text></link><type>WMA</type></wpt>
<wpt lat="37.2656" lon="-85.1488"><name>US-3806 Dennis-Gray Wildlife Management Area</name><desc>Dennis-Gray Wildlife Management Area
County: see official site • WMA
POTA: https://next.pota.app/park/US-3806
Official Map (official): https://fw.ky.gov/More/Documents/Dennis-GrayWMA_ALL.pdf
Website: https://app.fw.ky.gov/Public_Lands_Search/detail.aspx?Kdfwr_id=148
Use the official map first. Verify current rules, access and boundaries before activating.</desc><link href="https://next.pota.app/park/US-3806"><text>Next POTA park page</text></link><type>WMA</type></wpt>
<wpt lat="37.7362" lon="-82.729"><name>US-4687 Dewey Lake Wildlife Management Area</name><desc>Dewey Lake Wildlife Management Area
Floyd County • WMA
POTA: https://next.pota.app/park/US-4687
Official Map (official): https://fw.ky.gov/More/Documents/DeweyLakeWMA-ALL.pdf
Website: https://fw.ky.gov/More/Documents/DeweyLakeWMA-ALL.pdf
Use the official map first. Verify current rules, access and boundaries before activating.</desc><link href="https://next.pota.app/park/US-4687"><text>Next POTA park page</text></link><type>WMA</type></wpt>
<wpt lat="37.492" lon="-84.5011"><name>US-3807 Dix River Wildlife Management Area</name><desc>Dix River Wildlife Management Area
County: see official site • WMA
POTA: https://next.pota.app/park/US-3807
Official Map (official): https://fw.ky.gov/More/Documents/DixRiverWMA_ALL.pdf
Website: https://app.fw.ky.gov/Public_Lands_Search/detail.aspx?Kdfwr_id=9032
Use the official map first. Verify current rules, access and boundaries before activating.</desc><link href="https://next.pota.app/park/US-3807"><text>Next POTA park page</text></link><type>WMA</type></wpt>
<wpt lat="36.8076" lon="-89.0987"><name>US-3808 Doug Travis Wildlife Management Area</name><desc>Doug Travis Wildlife Management Area
County: see official site • WMA
POTA: https://next.pota.app/park/US-3808
Official Map (official): https://fw.ky.gov/More/Documents/DougTravisWMA_ALL.pdf
Website: https://app.fw.ky.gov/Public_Lands_Search/detail.aspx?Kdfwr_id=40
Use the official map first. Verify current rules, access and boundaries before activating.</desc><link href="https://next.pota.app/park/US-3808"><text>Next POTA park page</text></link><type>WMA</type></wpt>
<wpt lat="38.3945" lon="-84.7287"><name>US-3809 Dr. James R. Rich Wildlife Management Area</name><desc>Dr. James R. Rich Wildlife Management Area
Scott County • WMA
POTA: https://next.pota.app/park/US-3809
Official Map (official): https://fw.ky.gov/More/Documents/Dr.JamesR.RichWMA_ALL.pdf
Website: https://app.fw.ky.gov/Public_Lands_Search/detail.aspx?Kdfwr_id=34
Use the official map first. Verify current rules, access and boundaries before activating.</desc><link href="https://next.pota.app/park/US-3809"><text>Next POTA park page</text></link><type>WMA</type></wpt>
<wpt lat="38.921" lon="-84.7468"><name>US-3810 Dr. Norman And Martha Adair Wildlife Management Area</name><desc>Dr. Norman And Martha Adair Wildlife Management Area
Boone County • WMA
POTA: https://next.pota.app/park/US-3810
Official Map (official): https://fw.ky.gov/More/Documents/Dr.NormanandMarthaAdairWMA_all.pdf
POTA map: https://pota.app/#/map?entityName=United+States+of+America&amp;lat=38.921&amp;lng=-84.7468&amp;locationDesc=US-KY&amp;name=Dr.+Norman+And+Martha+Adair+Wildlife+Management+Area&amp;reference=US-3810&amp;zoom=12
Use the official map first. Verify current rules, access and boundaries before activating.</desc><link href="https://next.pota.app/park/US-3810"><text>Next POTA park page</text></link><type>WMA</type></wpt>
<wpt lat="36.8397" lon="-83.9189"><name>US-3782 Dr. Thomas Walker State Historic Site</name><desc>Dr. Thomas Walker State Historic Site
Knox County • Other
POTA: https://next.pota.app/park/US-3782
Website: https://parks.ky.gov/barbourville/parks/historic/dr-thomas-walker-state-historic-site
Use the official map first. Verify current rules, access and boundaries before activating.</desc><link href="https://next.pota.app/park/US-3782"><text>Next POTA park page</text></link><type>Other</type></wpt>
<wpt lat="36.9649" lon="-83.1094"><name>US-7968 E. Lucy Braun State Nature Preserve</name><desc>E. Lucy Braun State Nature Preserve
Harlan County • Nature Preserve
POTA: https://next.pota.app/park/US-7968
Website: https://eec.ky.gov/Nature-Preserves/Locations/Pages/E.-Lucy-Braun.aspx
Use the official map first. Verify current rules, access and boundaries before activating.</desc><link href="https://next.pota.app/park/US-7968"><text>Next POTA park page</text></link><type>Nature Preserve</type></wpt>
<wpt lat="38.2863" lon="-85.5582"><name>US-1254 E.P. 'Tom' Sawyer State Park</name><desc>E.P. 'Tom' Sawyer State Park
Jefferson County • State Park
POTA: https://next.pota.app/park/US-1254
Website: https://parks.ky.gov/explore/e-p-tom-sawyer-state-park-7810
Use the official map first. Verify current rules, access and boundaries before activating.</desc><link href="https://next.pota.app/park/US-1254"><text>Next POTA park page</text></link><type>State Park</type></wpt>
<wpt lat="38.1268" lon="-83.1883"><name>US-3811 Ed Mabry-Laurel Gorge Wildlife Management Area</name><desc>Ed Mabry-Laurel Gorge Wildlife Management Area
County: see official site • WMA
POTA: https://next.pota.app/park/US-3811
Official Map (official): https://fw.ky.gov/More/Documents/EdMabry-LaurelGorgeWMA_ALL.pdf
Website: https://fw.ky.gov/More/Documents/EdMabry-LaurelGorgeWMA_ALL.pdf
Use the official map first. Verify current rules, access and boundaries before activating.</desc><link href="https://next.pota.app/park/US-3811"><text>Next POTA park page</text></link><type>WMA</type></wpt>
<wpt lat="37.149" lon="-88.348"><name>US-10128 Ferguson Creek Wildlife Management Area</name><desc>Ferguson Creek Wildlife Management Area
McCracken County • WMA
POTA: https://next.pota.app/park/US-10128
Official Map (official): https://fw.ky.gov/More/Documents/FergusonCreekWMA_All.pdf
Website: https://app.fw.ky.gov/Public_Lands_Search/detail.aspx?Kdfwr_id=9715
Use the official map first. Verify current rules, access and boundaries before activating.</desc><link href="https://next.pota.app/park/US-10128"><text>Next POTA park page</text></link><type>WMA</type></wpt>
<wpt lat="37.4348" lon="-82.3508"><name>US-1255 Fishtrap Lake Wildlife Management Area</name><desc>Fishtrap Lake Wildlife Management Area
Pike County • WMA
POTA: https://next.pota.app/park/US-1255
Official Map (official): https://fw.ky.gov/More/Documents/FishtrapLakeWMA_All.pdf
Website: https://app.fw.ky.gov/Public_Lands_Search/detail.aspx?Kdfwr_id=25
Notes: Former Kentucky State Park; transferred to U.S. Army Corps of Engineers in 2016 and retained in POTA.
Use the official map first. Verify current rules, access and boundaries before activating.</desc><link href="https://next.pota.app/park/US-1255"><text>Next POTA park page</text></link><type>WMA</type></wpt>
<wpt lat="38.4331" lon="-83.6329"><name>US-3812 Fleming Wildlife Management Area</name><desc>Fleming Wildlife Management Area
County: see official site • WMA
POTA: https://next.pota.app/park/US-3812
Official Map (official): https://fw.ky.gov/More/Documents/FlemingWMA_ALL.pdf
Website: https://app.fw.ky.gov/Public_Lands_Search/detail.aspx?Kdfwr_id=154
Use the official map first. Verify current rules, access and boundaries before activating.</desc><link href="https://next.pota.app/park/US-3812"><text>Next POTA park page</text></link><type>WMA</type></wpt>
<wpt lat="37.894" lon="-84.273"><name>US-1256 Fort Boonesborough State Park</name><desc>Fort Boonesborough State Park
Madison County • State Park
POTA: https://next.pota.app/park/US-1256
Website: https://parks.ky.gov/richmond/parks/historic/fort-boonesborough-state-park
Camping: https://parks.ky.gov/explore/fort-boonesborough-state-park-7811
Utilities: Electric + water; 18 full-hookup sites; currently closed
Use the official map first. Verify current rules, access and boundaries before activating.</desc><link href="https://next.pota.app/park/US-1256"><text>Next POTA park page</text></link><type>State Park</type></wpt>
<wpt lat="36.4885" lon="-87.8522"><name>US-0703 Fort Donelson National Battlefield</name><desc>Fort Donelson National Battlefield
Stewart / Calloway Counties • National / NPS
POTA: https://next.pota.app/park/US-0703
Official Map (official): https://www.nps.gov/fodo/planyourvisit/maps.htm
POTA map: https://pota.app/#/map?entityName=United+States+of+America&amp;lat=36.4885&amp;lng=-87.8522&amp;locationDesc=US-KY&amp;name=Fort+Donelson+National+Battlefield&amp;reference=US-0703&amp;zoom=12
Utilities: No campground
Use the official map first. Verify current rules, access and boundaries before activating.</desc><link href="https://next.pota.app/park/US-0703"><text>Next POTA park page</text></link><type>National / NPS</type></wpt>
<wpt lat="36.5016" lon="-88.0562"><name>US-3790 Fort Heiman National Battlefield</name><desc>Fort Heiman National Battlefield
Calloway County • National / NPS
POTA: https://next.pota.app/park/US-3790
Area Map (official): https://www.nps.gov/fodo/planyourvisit/maps.htm
Website: https://www.nps.gov/places/fort-heiman.htm
Use the official map first. Verify current rules, access and boundaries before activating.</desc><link href="https://next.pota.app/park/US-3790"><text>Next POTA park page</text></link><type>National / NPS</type></wpt>
<wpt lat="37.2184" lon="-86.5288"><name>US-10131 Gabbard Branch Wildlife Management Area</name><desc>Gabbard Branch Wildlife Management Area
Hart County • WMA
POTA: https://next.pota.app/park/US-10131
Official Map (official): https://fw.ky.gov/More/Documents/GabbardBranchWMA_All.pdf
Website: https://app.fw.ky.gov/Public_Lands_Search/detail.aspx?Kdfwr_id=9713
Use the official map first. Verify current rules, access and boundaries before activating.</desc><link href="https://next.pota.app/park/US-10131"><text>Next POTA park page</text></link><type>WMA</type></wpt>
<wpt lat="36.9729" lon="-84.5984"><name>US-1257 General Burnside State Park</name><desc>General Burnside State Park
Pulaski County • State Park
POTA: https://next.pota.app/park/US-1257
Area Map (official): https://fw.ky.gov/More/Documents/LakeCumberlandWMA_ALL.pdf
Website: https://parks.ky.gov/burnside/parks/recreation/general-burnside-island-state-park
Camping: https://parks.ky.gov/parks/camping
Utilities: See campground information
Use the official map first. Verify current rules, access and boundaries before activating.</desc><link href="https://next.pota.app/park/US-1257"><text>Next POTA park page</text></link><type>State Park</type></wpt>
<wpt lat="38.6663" lon="-85.1453"><name>US-1279 General Butler State Park</name><desc>General Butler State Park
Carroll County • State Park
POTA: https://next.pota.app/park/US-1279
Website: https://parks.ky.gov/carrollton/parks/historic/general-butler-state-resort-park
Camping: https://parks.ky.gov/parks/camping
Resort: https://parks.ky.gov/carrollton/parks/historic/general-butler-state-resort-park
Cabins: https://parks.ky.gov/carrollton/parks/historic/general-butler-state-resort-park
Utilities: See campground information
Notes: Call ahead about a Special Use Permit.
Use the official map first. Verify current rules, access and boundaries before activating.</desc><link href="https://next.pota.app/park/US-1279"><text>Next POTA park page</text></link><type>State Park</type></wpt>
<wpt lat="38.1056" lon="-79.6509"><name>US-4526 George Washington &amp; Jefferson National Forest</name><desc>George Washington &amp; Jefferson National Forest
Multiple counties • National Forest
POTA: https://next.pota.app/park/US-4526
Website: https://www.fs.usda.gov/gwj
Use the official map first. Verify current rules, access and boundaries before activating.</desc><link href="https://next.pota.app/park/US-4526"><text>Next POTA park page</text></link><type>National Forest</type></wpt>
<wpt lat="38.1997" lon="-83.0266"><name>US-1258 Grayson Lake State Park</name><desc>Grayson Lake State Park
Carter County • State Park
POTA: https://next.pota.app/park/US-1258
Website: https://parks.ky.gov/olive-hill/parks/recreation/grayson-lake-state-park
Camping: https://parks.ky.gov/explore/grayson-lake-state-park-7813
Utilities: Utility hookups
Use the official map first. Verify current rules, access and boundaries before activating.</desc><link href="https://next.pota.app/park/US-1258"><text>Next POTA park page</text></link><type>State Park</type></wpt>
<wpt lat="37.2712" lon="-85.3179"><name>US-1259 Green River Lake State Park</name><desc>Green River Lake State Park
Taylor County • State Park
POTA: https://next.pota.app/park/US-1259
Area Map (official): https://fw.ky.gov/More/Documents/GreenRiverLakeWMA_ALL.pdf
Website: https://parks.ky.gov/campbellsville/parks/recreation/green-river-lake-state-park
Camping: https://parks.ky.gov/explore/green-river-lake-campground-7960
Utilities: Currently limited primitive/self-contained camping; no electrical service
Use the official map first. Verify current rules, access and boundaries before activating.</desc><link href="https://next.pota.app/park/US-1259"><text>Next POTA park page</text></link><type>State Park</type></wpt>
<wpt lat="37.8999" lon="-87.5281"><name>US-10098 Green River National Wildlife Refuge</name><desc>Green River National Wildlife Refuge
Henderson County • National / NPS
POTA: https://next.pota.app/park/US-10098
Official Map (official): https://www.fws.gov/sites/default/files/documents/2024-12/2024-hunt-map-508.pdf
Website: https://www.fws.gov/refuge/green-river/visit-us/locations/green-river-national-wildlife-refuge
Use the official map first. Verify current rules, access and boundaries before activating.</desc><link href="https://next.pota.app/park/US-10098"><text>Next POTA park page</text></link><type>National / NPS</type></wpt>
<wpt lat="37.8761" lon="-87.4768"><name>US-7951 Green River State Forest</name><desc>Green River State Forest
Henderson County • State Forest
POTA: https://next.pota.app/park/US-7951
Website: https://eec.ky.gov/Natural-Resources/Forestry/ky-state-forests/Pages/Green-River-State-Forest.aspx
Use the official map first. Verify current rules, access and boundaries before activating.</desc><link href="https://next.pota.app/park/US-7951"><text>Next POTA park page</text></link><type>State Forest</type></wpt>
<wpt lat="37.2603" lon="-85.9104"><name>US-12752 Green River State Natural Area</name><desc>Green River State Natural Area
Hart County • Nature Preserve
POTA: https://next.pota.app/park/US-12752
Website: https://eec.ky.gov/Nature-Preserves/Locations/Pages/Rush-Island-Bottoms.aspx
Use the official map first. Verify current rules, access and boundaries before activating.</desc><link href="https://next.pota.app/park/US-12752"><text>Next POTA park page</text></link><type>Nature Preserve</type></wpt>
<wpt lat="38.4807" lon="-82.8732"><name>US-1280 Greenbo Lake State Park</name><desc>Greenbo Lake State Park
Greenup County • State Park
POTA: https://next.pota.app/park/US-1280
Website: https://parks.ky.gov/ashland/parks/historic/greenbo-lake-state-resort-park
Camping: https://parks.ky.gov/explore/greenbo-lake-campground-8000
Resort: https://parks.ky.gov/ashland/parks/historic/greenbo-lake-state-resort-park
Cabins: https://parks.ky.gov/ashland/parks/historic/greenbo-lake-state-resort-park
Utilities: Utility hookups + primitive sites
Use the official map first. Verify current rules, access and boundaries before activating.</desc><link href="https://next.pota.app/park/US-1280"><text>Next POTA park page</text></link><type>State Park</type></wpt>
<wpt lat="38.332" lon="-84.356"><name>US-3813 Griffith Woods Wildlife Management Area</name><desc>Griffith Woods Wildlife Management Area
Scott County • WMA
POTA: https://next.pota.app/park/US-3813
Official Map (official): https://fw.ky.gov/More/Documents/GriffithWoodsWMA_ALL.pdf
POTA map: https://pota.app/#/map?entityName=United+States+of+America&amp;lat=38.332&amp;lng=-84.356&amp;locationDesc=US-KY&amp;name=Griffith+Woods+Wildlife+Management+Area&amp;reference=US-3813&amp;zoom=12
Use the official map first. Verify current rules, access and boundaries before activating.</desc><link href="https://next.pota.app/park/US-3813"><text>Next POTA park page</text></link><type>WMA</type></wpt>
<wpt lat="37.7333" lon="-85.7078"><name>US-7957 Hall-Hill/Vernon-Douglas State Nature Preserve</name><desc>Hall-Hill/Vernon-Douglas State Nature Preserve
Hardin County • Nature Preserve
POTA: https://next.pota.app/park/US-7957
Brochure (official): https://eec.ky.gov/Nature-Preserves/Brochures/VernonDouglasBrochure_bw.pdf
Website: https://eec.ky.gov/Nature-Preserves/Locations/Pages/Vernon-Douglas.aspx
Use the official map first. Verify current rules, access and boundaries before activating.</desc><link href="https://next.pota.app/park/US-7957"><text>Next POTA park page</text></link><type>Nature Preserve</type></wpt>
<wpt lat="37.3188" lon="-87.3613"><name>US-10137 Harris-Dickerson Wildlife Management Area</name><desc>Harris-Dickerson Wildlife Management Area
Hopkins County • WMA
POTA: https://next.pota.app/park/US-10137
Official Map (official): https://fw.ky.gov/More/Documents/Harris-Dickerson_All.pdf
Website: https://app.fw.ky.gov/Public_Lands_Search/detail.aspx?Kdfwr_id=9709
Use the official map first. Verify current rules, access and boundaries before activating.</desc><link href="https://next.pota.app/park/US-10137"><text>Next POTA park page</text></link><type>WMA</type></wpt>
<wpt lat="37.0251" lon="-82.9139"><name>US-3814 Hensley-Pine Mountain Wildlife Management Area</name><desc>Hensley-Pine Mountain Wildlife Management Area
County: see official site • WMA
POTA: https://next.pota.app/park/US-3814
Official Map (official): https://fw.ky.gov/More/Documents/Hensley-PineMountainWMA_ALL.pdf
Website: https://fw.ky.gov/More/Documents/Hensley-PineMountainWMA_ALL.pdf
Use the official map first. Verify current rules, access and boundaries before activating.</desc><link href="https://next.pota.app/park/US-3814"><text>Next POTA park page</text></link><type>WMA</type></wpt>
<wpt lat="37.6191" lon="-87.8549"><name>US-3815 Higginson-Henry Wildlife Management Area</name><desc>Higginson-Henry Wildlife Management Area
Henderson County • WMA
POTA: https://next.pota.app/park/US-3815
Official Map (official): https://fw.ky.gov/More/Documents/Higginson-HenryWMA_ALL.pdf
Website: https://app.fw.ky.gov/public_lands_search/detail.aspx?Kdfwr_id=132
Use the official map first. Verify current rules, access and boundaries before activating.</desc><link href="https://next.pota.app/park/US-3815"><text>Next POTA park page</text></link><type>WMA</type></wpt>
<wpt lat="37.9437" lon="-83.1012"><name>US-11274 Horse Mill Branch Wildlife Management Area</name><desc>Horse Mill Branch Wildlife Management Area
Fleming County • WMA
POTA: https://next.pota.app/park/US-11274
Official Map (official): https://fw.ky.gov/More/Documents/Horse_Mill_branch_WMAmap_ALL.pdf
Website: https://app.fw.ky.gov/Public_Lands_Search/detail.aspx?Kdfwr_id=9721
Use the official map first. Verify current rules, access and boundaries before activating.</desc><link href="https://next.pota.app/park/US-11274"><text>Next POTA park page</text></link><type>WMA</type></wpt>
<wpt lat="37.105" lon="-83.3679"><name>US-10138 Hoskins Wildlife Management Area</name><desc>Hoskins Wildlife Management Area
Harlan / Leslie Counties • WMA
POTA: https://next.pota.app/park/US-10138
Official Map (official): https://fw.ky.gov/More/Documents/Hoskins_WMA_All.pdf
Website: https://app.fw.ky.gov/Public_Lands_Search/detail.aspx?Kdfwr_id=9711
Use the official map first. Verify current rules, access and boundaries before activating.</desc><link href="https://next.pota.app/park/US-10138"><text>Next POTA park page</text></link><type>WMA</type></wpt>
<wpt lat="37.5701" lon="-84.7793"><name>US-7890 Isaac Shelby Cemetery State Historic Site</name><desc>Isaac Shelby Cemetery State Historic Site
Lincoln County • Other
POTA: https://next.pota.app/park/US-7890
POTA map: https://pota.app/#/map?entityName=United+States+of+America&amp;lat=37.5701&amp;lng=-84.7793&amp;locationDesc=US-KY&amp;name=Isaac+Shelby+Cemetery+State+Historic+Site&amp;reference=US-7890&amp;zoom=12
Use the official map first. Verify current rules, access and boundaries before activating.</desc><link href="https://next.pota.app/park/US-7890"><text>Next POTA park page</text></link><type>Other</type></wpt>
<wpt lat="36.8418" lon="-87.3001"><name>US-3783 Jefferson Davis State Historic Site</name><desc>Jefferson Davis State Historic Site
Todd County • Other
POTA: https://next.pota.app/park/US-3783
Website: https://parks.ky.gov/fairview/parks/historic/jefferson-davis-state-historic-site
Use the official map first. Verify current rules, access and boundaries before activating.</desc><link href="https://next.pota.app/park/US-3783"><text>Next POTA park page</text></link><type>Other</type></wpt>
<wpt lat="37.0868" lon="-82.7332"><name>US-10139 Jefferson National Forest Wildlife Management Area</name><desc>Jefferson National Forest Wildlife Management Area
Harlan County • WMA
POTA: https://next.pota.app/park/US-10139
Website: https://app.fw.ky.gov/Public_Lands_Search/detail.aspx?Kdfwr_id=9078
Use the official map first. Verify current rules, access and boundaries before activating.</desc><link href="https://next.pota.app/park/US-10139"><text>Next POTA park page</text></link><type>WMA</type></wpt>
<wpt lat="37.6961" lon="-82.7251"><name>US-1281 Jenny Wiley State Park</name><desc>Jenny Wiley State Park
Floyd County • State Park
POTA: https://next.pota.app/park/US-1281
Website: https://parks.ky.gov/prestonsburg/parks/resort/jenny-wiley-state-resort-park
Camping: https://parks.ky.gov/parks/find-a-park/jenny-wiley-state-resort-park-7791
Resort: https://parks.ky.gov/prestonsburg/parks/resort/jenny-wiley-state-resort-park
Cabins: https://parks.ky.gov/prestonsburg/parks/resort/jenny-wiley-state-resort-park
Utilities: Utility hookups; boat-in sites; campground closure dates apply
Use the official map first. Verify current rules, access and boundaries before activating.</desc><link href="https://next.pota.app/park/US-1281"><text>Next POTA park page</text></link><type>State Park</type></wpt>
<wpt lat="38.547" lon="-82.8415"><name>US-7961 Jesse Stuart State Nature Preserve</name><desc>Jesse Stuart State Nature Preserve
Greenup County • Nature Preserve
POTA: https://next.pota.app/park/US-7961
Website: https://eec.ky.gov/Nature-Preserves/Locations/Pages/Jesse-Stuart.aspx
Use the official map first. Verify current rules, access and boundaries before activating.</desc><link href="https://next.pota.app/park/US-7961"><text>Next POTA park page</text></link><type>Nature Preserve</type></wpt>
<wpt lat="38.358" lon="-84.7847"><name>US-3816 John A. Kleber Wildlife Management Area</name><desc>John A. Kleber Wildlife Management Area
Owen County • WMA
POTA: https://next.pota.app/park/US-3816
Official Map (official): https://fw.ky.gov/More/Documents/John_A_Kleber_WMA_ALL.pdf
Website: https://app.fw.ky.gov/public_lands_search/detail.aspx?Kdfwr_id=14
Use the official map first. Verify current rules, access and boundaries before activating.</desc><link href="https://next.pota.app/park/US-3816"><text>Next POTA park page</text></link><type>WMA</type></wpt>
<wpt lat="37.7756" lon="-85.6841"><name>US-3817 John C. Williams Wildlife Management Area</name><desc>John C. Williams Wildlife Management Area
Nelson County • WMA
POTA: https://next.pota.app/park/US-3817
Official Map (official): https://fw.ky.gov/More/Documents/JohnCWilliamsWMA_ALL.pdf
Website: https://app.fw.ky.gov/public_lands_search/detail.aspx?Kdfwr_id=238
Use the official map first. Verify current rules, access and boundaries before activating.</desc><link href="https://next.pota.app/park/US-3817"><text>Next POTA park page</text></link><type>WMA</type></wpt>
<wpt lat="37.8809" lon="-87.5595"><name>US-1260 John James Audubon State Park</name><desc>John James Audubon State Park
Henderson County • State Park
POTA: https://next.pota.app/park/US-1260
Website: https://parks.ky.gov/henderson/parks/historic/john-james-audubon-state-park
Camping: https://parks.ky.gov/parks/camping
Utilities: See campground information
Use the official map first. Verify current rules, access and boundaries before activating.</desc><link href="https://next.pota.app/park/US-1260"><text>Next POTA park page</text></link><type>State Park</type></wpt>
<wpt lat="37.1502" lon="-87.7598"><name>US-3818 Jones-Keeney Wildlife Management Area</name><desc>Jones-Keeney Wildlife Management Area
County: see official site • WMA
POTA: https://next.pota.app/park/US-3818
Official Map (official): https://fw.ky.gov/More/Documents/Jones-KeeneyWMA_All.pdf
Website: https://fw.ky.gov/More/Documents/Jones-KeeneyWMA_All.pdf
Use the official map first. Verify current rules, access and boundaries before activating.</desc><link href="https://next.pota.app/park/US-3818"><text>Next POTA park page</text></link><type>WMA</type></wpt>
<wpt lat="36.841" lon="-88.5297"><name>US-3819 Kaler Bottoms Wildlife Management Area</name><desc>Kaler Bottoms Wildlife Management Area
Graves County • WMA
POTA: https://next.pota.app/park/US-3819
Official Map (official): https://fw.ky.gov/More/Documents/KalerBottomsWMA_All.pdf
Website: https://app.fw.ky.gov/public_lands_search/detail.aspx?Kdfwr_id=21
Use the official map first. Verify current rules, access and boundaries before activating.</desc><link href="https://next.pota.app/park/US-3819"><text>Next POTA park page</text></link><type>WMA</type></wpt>
<wpt lat="36.7597" lon="-88.1384"><name>US-1282 Kenlake State Park</name><desc>Kenlake State Park
Calloway / Marshall Counties • State Park
POTA: https://next.pota.app/park/US-1282
Website: https://parks.ky.gov/hardin/parks/resort/kenlake-state-resort-park
Camping: https://parks.ky.gov/parks/camping
Resort: https://parks.ky.gov/hardin/parks/resort/kenlake-state-resort-park
Cabins: https://parks.ky.gov/hardin/parks/resort/kenlake-state-resort-park
Utilities: See campground information; campground reopening status should be checked
Use the official map first. Verify current rules, access and boundaries before activating.</desc><link href="https://next.pota.app/park/US-1282"><text>Next POTA park page</text></link><type>State Park</type></wpt>
<wpt lat="36.9243" lon="-83.2158"><name>US-4688 Kentenia State Forest</name><desc>Kentenia State Forest
Harlan County • State Forest
POTA: https://next.pota.app/park/US-4688
Official Map (official): https://eec.ky.gov/Natural-Resources/Forestry/Documents/KenteniaStateForest_ALL.pdf
Website: https://eec.ky.gov/Natural-Resources/Forestry/ky-state-forests/Pages/Kentenia-State-Forest.aspx
Use the official map first. Verify current rules, access and boundaries before activating.</desc><link href="https://next.pota.app/park/US-4688"><text>Next POTA park page</text></link><type>State Forest</type></wpt>
<wpt lat="36.9982" lon="-88.2888"><name>US-1283 Kentucky Dam Village State Park</name><desc>Kentucky Dam Village State Park
Marshall County • State Park
POTA: https://next.pota.app/park/US-1283
Website: https://parks.ky.gov/gilbertsville/parks/resort/kentucky-dam-village-state-resort-park
Camping: https://parks.ky.gov/explore/kentucky-dam-village-state-resort-park-7793
Resort: https://parks.ky.gov/gilbertsville/parks/resort/kentucky-dam-village-state-resort-park
Cabins: https://parks.ky.gov/gilbertsville/parks/resort/kentucky-dam-village-state-resort-park
Utilities: Primitive / full-service sites
Use the official map first. Verify current rules, access and boundaries before activating.</desc><link href="https://next.pota.app/park/US-1283"><text>Next POTA park page</text></link><type>State Park</type></wpt>
<wpt lat="38.1498" lon="-84.5199"><name>US-10173 Kentucky Horse Park</name><desc>Kentucky Horse Park
Fayette County • State Facility
POTA: https://next.pota.app/park/US-10173
Official Map (official): https://kyhorsepark.com/wp-content/uploads/2024/06/Large-KHP-Campus-map-layout.pdf
Website: https://www.kyhorsepark.com/
Use the official map first. Verify current rules, access and boundaries before activating.</desc><link href="https://next.pota.app/park/US-10173"><text>Next POTA park page</text></link><type>State Facility</type></wpt>
<wpt lat="36.5633" lon="-88.1577"><name>US-10140 Kentucky Lake Wildlife Management Area</name><desc>Kentucky Lake Wildlife Management Area
Marshall / Calloway Counties • WMA
POTA: https://next.pota.app/park/US-10140
Official Map (official): https://fw.ky.gov/More/Documents/KentuckyLakeWMA_ALL.pdf
Website: https://app.fw.ky.gov/Public_Lands_Search/detail.aspx?Kdfwr_id=227
Use the official map first. Verify current rules, access and boundaries before activating.</desc><link href="https://next.pota.app/park/US-10140"><text>Next POTA park page</text></link><type>WMA</type></wpt>
<wpt lat="36.6811" lon="-83.8208"><name>US-4689 Kentucky Ridge State Forest</name><desc>Kentucky Ridge State Forest
Bell County • State Forest
POTA: https://next.pota.app/park/US-4689
Official Map (official): https://eec.ky.gov/Natural-Resources/Forestry/Documents/KentuckyRidgeStateForest_ALL.pdf
Website: https://eec.ky.gov/Natural-Resources/Forestry/ky-state-forests/Pages/Kentucky-Ridge-State-Forest.aspx
Use the official map first. Verify current rules, access and boundaries before activating.</desc><link href="https://next.pota.app/park/US-4689"><text>Next POTA park page</text></link><type>State Forest</type></wpt>
<wpt lat="36.7728" lon="-83.7708"><name>US-10141 Kentucky Ridge Wildlife Management Area</name><desc>Kentucky Ridge Wildlife Management Area
Bell County • WMA
POTA: https://next.pota.app/park/US-10141
Official Map (official): https://fw.ky.gov/More/Documents/KentuckyRidgeForestWMA_ALL.pdf
Website: https://app.fw.ky.gov/Public_Lands_Search/detail.aspx?Kdfwr_id=186
Use the official map first. Verify current rules, access and boundaries before activating.</desc><link href="https://next.pota.app/park/US-10141"><text>Next POTA park page</text></link><type>WMA</type></wpt>
<wpt lat="37.7625" lon="-84.6172"><name>US-7958 Kentucky River Palisades/Tom Dorman State Nature Preserve</name><desc>Kentucky River Palisades/Tom Dorman State Nature Preserve
Madison County • Nature Preserve
POTA: https://next.pota.app/park/US-7958
Brochure (official): https://eec.ky.gov/Nature-Preserves/Brochures/TomDormanBrochure_bw.pdf
Website: https://eec.ky.gov/Nature-Preserves/Locations/Pages/Tom-Dorman.aspx
Use the official map first. Verify current rules, access and boundaries before activating.</desc><link href="https://next.pota.app/park/US-7958"><text>Next POTA park page</text></link><type>Nature Preserve</type></wpt>
<wpt lat="38.4261" lon="-84.9166"><name>US-3820 Kentucky River Wildlife Management Area</name><desc>Kentucky River Wildlife Management Area
Woodford / Franklin Counties • WMA
POTA: https://next.pota.app/park/US-3820
Official Map (official): https://fw.ky.gov/More/Documents/KentuckyRiverWMA_All.pdf
Website: https://app.fw.ky.gov/Public_Lands_Search/detail.aspx?Kdfwr_id=169
Use the official map first. Verify current rules, access and boundaries before activating.</desc><link href="https://next.pota.app/park/US-3820"><text>Next POTA park page</text></link><type>WMA</type></wpt>
<wpt lat="38.726" lon="-84.2819"><name>US-1261 Kincaid Lake State Park</name><desc>Kincaid Lake State Park
Pendleton County • State Park
POTA: https://next.pota.app/park/US-1261
Website: https://parks.ky.gov/falmouth/parks/recreation/kincaid-lake-state-park
Camping: https://parks.ky.gov/parks/camping
Utilities: See campground information
Use the official map first. Verify current rules, access and boundaries before activating.</desc><link href="https://next.pota.app/park/US-1261"><text>Next POTA park page</text></link><type>State Park</type></wpt>
<wpt lat="36.9921" lon="-82.9797"><name>US-1262 Kingdom Come State Park</name><desc>Kingdom Come State Park
Letcher County • State Park
POTA: https://next.pota.app/park/US-1262
Website: https://parks.ky.gov/cumberland/parks/recreation/kingdom-come-state-park
Use the official map first. Verify current rules, access and boundaries before activating.</desc><link href="https://next.pota.app/park/US-1262"><text>Next POTA park page</text></link><type>State Park</type></wpt>
<wpt lat="37.8705" lon="-85.7004"><name>US-4690 Knobs State Forest</name><desc>Knobs State Forest
Nelson County • State Forest
POTA: https://next.pota.app/park/US-4690
Official Map (official): https://fw.ky.gov/More/Documents/KnobsStateForestandWMA_All.pdf
Website: https://eec.ky.gov/Natural-Resources/Forestry/ky-state-forests/Pages/Knobs-State-Forest-and-Wildlife-Management-Area.aspx
Use the official map first. Verify current rules, access and boundaries before activating.</desc><link href="https://next.pota.app/park/US-4690"><text>Next POTA park page</text></link><type>State Forest</type></wpt>
<wpt lat="37.5503" lon="-86.7124"><name>US-3821 L. B. Davison Wildlife Management Area</name><desc>L. B. Davison Wildlife Management Area
Breckinridge County • WMA
POTA: https://next.pota.app/park/US-3821
Official Map (official): https://fw.ky.gov/More/Documents/L.B.DavisonWMA_ALL.pdf
Website: https://fw.ky.gov/More/Documents/L.B.DavisonWMA_ALL.pdf
Use the official map first. Verify current rules, access and boundaries before activating.</desc><link href="https://next.pota.app/park/US-3821"><text>Next POTA park page</text></link><type>WMA</type></wpt>
<wpt lat="36.8495" lon="-87.932"><name>US-1284 Lake Barkley State Park</name><desc>Lake Barkley State Park
County: see official site • State Park
POTA: https://next.pota.app/park/US-1284
Website: https://parks.ky.gov/cadiz/parks/resort/lake-barkley-state-resort-park
Camping: https://parks.ky.gov/parks/find-a-park/lake-barkley-campground-8066
Resort: https://parks.ky.gov/cadiz/parks/resort/lake-barkley-state-resort-park
Cabins: https://parks.ky.gov/cadiz/parks/resort/lake-barkley-state-resort-park
Utilities: Utility hookups
Use the official map first. Verify current rules, access and boundaries before activating.</desc><link href="https://next.pota.app/park/US-1284"><text>Next POTA park page</text></link><type>State Park</type></wpt>
<wpt lat="36.9312" lon="-85.0423"><name>US-1285 Lake Cumberland State Park</name><desc>Lake Cumberland State Park
County: see official site • State Park
POTA: https://next.pota.app/park/US-1285
Website: https://parks.ky.gov/jamestown/parks/resort/lake-cumberland-state-resort-park
Camping: https://parks.ky.gov/parks/find-a-park/lake-cumberland-campground-8084
Resort: https://parks.ky.gov/jamestown/parks/resort/lake-cumberland-state-resort-park
Cabins: https://parks.ky.gov/jamestown/parks/resort/lake-cumberland-state-resort-park
Utilities: Utility hookups; water seasonal
Notes: Primary coordinates are at the lodge; alternate pull-off supplied if lodge noise is high.
Use the official map first. Verify current rules, access and boundaries before activating.</desc><link href="https://next.pota.app/park/US-1285"><text>Next POTA park page</text></link><type>State Park</type></wpt>
<wpt lat="37.0711" lon="-87.0554"><name>US-1263 Lake Malone State Park</name><desc>Lake Malone State Park
Muhlenberg County • State Park
POTA: https://next.pota.app/park/US-1263
Website: https://parks.ky.gov/dunmor/parks/recreation/lake-malone-state-park
Camping: https://parks.ky.gov/explore/lake-malone-state-park-7818
Utilities: Electric + water; primitive sites
Use the official map first. Verify current rules, access and boundaries before activating.</desc><link href="https://next.pota.app/park/US-1263"><text>Next POTA park page</text></link><type>State Park</type></wpt>
<wpt lat="36.7778" lon="-88.0631"><name>US-3792 Land Between the Lakes National Recreation Area</name><desc>Land Between the Lakes National Recreation Area
Lyon / Trigg / Marshall / Livingston / Calloway Counties • National Recreation Area
POTA: https://next.pota.app/park/US-3792
Official Map (official): https://www.landbetweenthelakes.us/help-center/lbl-maps/
Website: https://landbetweenthelakes.us/
Camping: https://landbetweenthelakes.us/
Notes: Large recreation area with many locations and tracts.
Use the official map first. Verify current rules, access and boundaries before activating.</desc><link href="https://next.pota.app/park/US-3792"><text>Next POTA park page</text></link><type>National Recreation Area</type></wpt>
<wpt lat="37.5013" lon="-87.6864"><name>US-3822 Lee K. Nelson Wildlife Management Area</name><desc>Lee K. Nelson Wildlife Management Area
Muhlenberg County • WMA
POTA: https://next.pota.app/park/US-3822
Official Map (official): https://fw.ky.gov/More/Documents/LeeKNelsonWMA_ALL.pdf
Website: https://app.fw.ky.gov/public_lands_search/detail.aspx?Kdfwr_id=9011
Use the official map first. Verify current rules, access and boundaries before activating.</desc><link href="https://next.pota.app/park/US-3822"><text>Next POTA park page</text></link><type>WMA</type></wpt>
<wpt lat="37.0838" lon="-84.0549"><name>US-1264 Levi Jackson Wilderness Road State Park</name><desc>Levi Jackson Wilderness Road State Park
Laurel County • State Park
POTA: https://next.pota.app/park/US-1264
Official Map (official): https://levijacksonpark.com/wp-content/uploads/2023/06/levi-jackson-park-map-2023.pdf
Website: https://levijacksonpark.com/
Notes: Former State Park now a city park; retained in POTA because it was a POTA park when a State Park.
Use the official map first. Verify current rules, access and boundaries before activating.</desc><link href="https://next.pota.app/park/US-1264"><text>Next POTA park page</text></link><type>State Park</type></wpt>
<wpt lat="41.2646" lon="-95.9246"><name>US-4572 Lewis and Clark National Historic Trail</name><desc>Lewis and Clark National Historic Trail
Multiple counties • National / NPS
POTA: https://next.pota.app/park/US-4572
Official Map (official): https://www.nps.gov/lecl/planyourvisit/maps.htm
Website: https://www.nps.gov/lecl/index.htm
Use the official map first. Verify current rules, access and boundaries before activating.</desc><link href="https://next.pota.app/park/US-4572"><text>Next POTA park page</text></link><type>National / NPS</type></wpt>
<wpt lat="37.7607" lon="-85.214"><name>US-1265 Lincoln Homestead State Park</name><desc>Lincoln Homestead State Park
Washington County • State Park
POTA: https://next.pota.app/park/US-1265
Website: https://parks.ky.gov/springfield/parks/historic/lincoln-homestead-state-park
Use the official map first. Verify current rules, access and boundaries before activating.</desc><link href="https://next.pota.app/park/US-1265"><text>Next POTA park page</text></link><type>State Park</type></wpt>
<wpt lat="37.3343" lon="-83.7951"><name>US-12079 Little Sextons Creek Wildlife Management Area</name><desc>Little Sextons Creek Wildlife Management Area
Leslie County • WMA
POTA: https://next.pota.app/park/US-12079
Official Map (official): https://fw.ky.gov/More/Documents/LittleSextonsCreekWMAALL.pdf
Website: https://fw.ky.gov/more/documents/LittleSextonsCreekWMAALL.pdf
Notes: Access involves a small creek ford; low-clearance vehicles not recommended.
Use the official map first. Verify current rules, access and boundaries before activating.</desc><link href="https://next.pota.app/park/US-12079"><text>Next POTA park page</text></link><type>WMA</type></wpt>
<wpt lat="36.6981" lon="-84.7149"><name>US-7962 Little South Fork State Natural Area</name><desc>Little South Fork State Natural Area
McCreary County • Nature Preserve
POTA: https://next.pota.app/park/US-7962
Website: https://eec.ky.gov/Nature-Preserves/Locations/Pages/Burnett-WWCA.aspx
Use the official map first. Verify current rules, access and boundaries before activating.</desc><link href="https://next.pota.app/park/US-7962"><text>Next POTA park page</text></link><type>Nature Preserve</type></wpt>
<wpt lat="37.3147" lon="-88.4189"><name>US-3823 Livingston County Wildlife Management Area</name><desc>Livingston County Wildlife Management Area
Livingston County • WMA
POTA: https://next.pota.app/park/US-3823
Official Map (official): https://fw.ky.gov/More/Documents/LivingstonCountyWMAandStateNaturalArea_All.pdf
Website: https://app.fw.ky.gov/Public_Lands_Search/detail.aspx?Kdfwr_id=9117
Use the official map first. Verify current rules, access and boundaries before activating.</desc><link href="https://next.pota.app/park/US-3823"><text>Next POTA park page</text></link><type>WMA</type></wpt>
<wpt lat="37.1877" lon="-86.1012"><name>US-0050 Mammoth Cave National Park</name><desc>Mammoth Cave National Park
Edmonson County • National Park
POTA: https://next.pota.app/park/US-0050
Official Map (official): https://www.nps.gov/maca/planyourvisit/maps.htm
Website: https://www.nps.gov/maca/index.htm
Camping: https://home.nps.gov/maca/planyourvisit/camping.htm
Utilities: Frontcountry + backcountry; campground utilities vary
Notes: Visitor center is near the middle of the park.
Possible 2-fer (per agency sources, confirm first): US-10105
Use the official map first. Verify current rules, access and boundaries before activating.</desc><link href="https://next.pota.app/park/US-0050"><text>Next POTA park page</text></link><type>National Park</type></wpt>
<wpt lat="37.5359" lon="-85.1248"><name>US-3824 Marion County Wildlife Management Area</name><desc>Marion County Wildlife Management Area
Marion County • WMA
POTA: https://next.pota.app/park/US-3824
Official Map (official): https://fw.ky.gov/More/Documents/MarionCountyWMAandSF_ALL.pdf
Website: https://fw.ky.gov/More/Documents/MarionCountyWMAandSF_ALL.pdf
Use the official map first. Verify current rules, access and boundaries before activating.</desc><link href="https://next.pota.app/park/US-3824"><text>Next POTA park page</text></link><type>WMA</type></wpt>
<wpt lat="36.8642" lon="-85.6211"><name>US-7952 Marrowbone State Forest</name><desc>Marrowbone State Forest
Cumberland County • State Forest
POTA: https://next.pota.app/park/US-7952
Official Map (official): https://fw.ky.gov/More/Documents/MarrowboneStateForestandWMA_ALL.pdf
Website: https://fw.ky.gov/More/Documents/MarrowboneStateForestandWMA_ALL.pdf
Use the official map first. Verify current rules, access and boundaries before activating.</desc><link href="https://next.pota.app/park/US-7952"><text>Next POTA park page</text></link><type>State Forest</type></wpt>
<wpt lat="36.9268" lon="-84.7197"><name>US-10145 Meadow Creek Wildlife Management Area</name><desc>Meadow Creek Wildlife Management Area
Wayne County • WMA
POTA: https://next.pota.app/park/US-10145
Official Map (official): https://fw.ky.gov/More/Documents/MeadowCreekWMA_all.pdf
Website: https://app.fw.ky.gov/Public_Lands_Search/detail.aspx?Kdfwr_id=9224
Use the official map first. Verify current rules, access and boundaries before activating.</desc><link href="https://next.pota.app/park/US-10145"><text>Next POTA park page</text></link><type>WMA</type></wpt>
<wpt lat="37.1464" lon="-88.7651"><name>US-7953 Metropolis Lake State Nature Preserve</name><desc>Metropolis Lake State Nature Preserve
McCracken County • Nature Preserve
POTA: https://next.pota.app/park/US-7953
Brochure (official): https://eec.ky.gov/Nature-Preserves/Brochures/MetropolisLakeBrochure_bw.pdf
Website: https://eec.ky.gov/Nature-Preserves/Locations/Pages/Metropolis-Lake.aspx
Use the official map first. Verify current rules, access and boundaries before activating.</desc><link href="https://next.pota.app/park/US-7953"><text>Next POTA park page</text></link><type>Nature Preserve</type></wpt>
<wpt lat="37.424" lon="-84.0638"><name>US-10146 Mill Creek Wildlife Management Area</name><desc>Mill Creek Wildlife Management Area
Rockcastle County • WMA
POTA: https://next.pota.app/park/US-10146
Official Map (official): https://fw.ky.gov/More/Documents/MillCreekWMA_ALL.pdf
Website: https://app.fw.ky.gov/Public_Lands_Search/detail.aspx?Kdfwr_id=37
Possible 2-fer (per agency sources, confirm first): US-4484
Use the official map first. Verify current rules, access and boundaries before activating.</desc><link href="https://next.pota.app/park/US-10146"><text>Next POTA park page</text></link><type>WMA</type></wpt>
<wpt lat="37.069" lon="-84.7358"><name>US-7708 Mill Springs Battlefield National Monument</name><desc>Mill Springs Battlefield National Monument
Wayne County • National / NPS
POTA: https://next.pota.app/park/US-7708
Official Map (official): https://www.nps.gov/misp/planyourvisit/maps.htm
Website: https://www.nps.gov/misp/index.htm
Use the official map first. Verify current rules, access and boundaries before activating.</desc><link href="https://next.pota.app/park/US-7708"><text>Next POTA park page</text></link><type>National / NPS</type></wpt>
<wpt lat="37.635" lon="-84.2004"><name>US-3825 Miller Welch Wildlife Management Area</name><desc>Miller Welch Wildlife Management Area
Fayette County • WMA
POTA: https://next.pota.app/park/US-3825
Official Map (official): https://fw.ky.gov/More/Documents/MillerWelch-CentralKentuckyWMA_ALL.pdf
Website: https://app.fw.ky.gov/public_lands_search/detail.aspx?Kdfwr_id=15
Use the official map first. Verify current rules, access and boundaries before activating.</desc><link href="https://next.pota.app/park/US-3825"><text>Next POTA park page</text></link><type>WMA</type></wpt>
<wpt lat="37.0634" lon="-88.0873"><name>US-1266 Mineral Mounds State Park</name><desc>Mineral Mounds State Park
Lyon County • State Park
POTA: https://next.pota.app/park/US-1266
Website: https://parks.ky.gov/eddyville/parks/recreation/mineral-mound-state-park
Use the official map first. Verify current rules, access and boundaries before activating.</desc><link href="https://next.pota.app/park/US-1266"><text>Next POTA park page</text></link><type>State Park</type></wpt>
<wpt lat="36.7639" lon="-85.5227"><name>US-10148 Mud Camp Creek Wildlife Management Area</name><desc>Mud Camp Creek Wildlife Management Area
Cumberland County • WMA
POTA: https://next.pota.app/park/US-10148
Official Map (official): https://fw.ky.gov/More/Documents/MudCreekCampWMA_All.pdf
Website: https://app.fw.ky.gov/Public_Lands_Search/detail.aspx?Kdfwr_id=146
Use the official map first. Verify current rules, access and boundaries before activating.</desc><link href="https://next.pota.app/park/US-10148"><text>Next POTA park page</text></link><type>WMA</type></wpt>
<wpt lat="38.8037" lon="-84.6078"><name>US-3826 Mullins Wildlife Management Area</name><desc>Mullins Wildlife Management Area
Carroll County • WMA
POTA: https://next.pota.app/park/US-3826
Official Map (official): https://fw.ky.gov/More/Documents/MullinsWMA_ALL.pdf
Website: https://fw.ky.gov/More/Documents/MullinsWMA_ALL.pdf
Use the official map first. Verify current rules, access and boundaries before activating.</desc><link href="https://next.pota.app/park/US-3826"><text>Next POTA park page</text></link><type>WMA</type></wpt>
<wpt lat="37.8064" lon="-85.4537"><name>US-1267 My Old Kentucky Home State Park</name><desc>My Old Kentucky Home State Park
Nelson County • State Park
POTA: https://next.pota.app/park/US-1267
Website: https://parks.ky.gov/bardstown/parks/historic/my-old-kentucky-home-state-park
Camping: https://parks.ky.gov/explore/my-old-kentucky-home-campground-8099
Utilities: Utility hookups; check current reopening status
Use the official map first. Verify current rules, access and boundaries before activating.</desc><link href="https://next.pota.app/park/US-1267"><text>Next POTA park page</text></link><type>State Park</type></wpt>
<wpt lat="37.7769" lon="-83.6884"><name>US-1286 Natural Bridge State Park</name><desc>Natural Bridge State Park
County: see official site • State Park
POTA: https://next.pota.app/park/US-1286
Official Map (official): https://parks.ky.gov/explore/natural-bridge-state-resort-park-7796
Website: https://parks.ky.gov/slade/parks/resort/natural-bridge-state-resort-park
Camping: https://parks.ky.gov/explore/whittleton-campground-8107
Resort: https://parks.ky.gov/slade/parks/resort/natural-bridge-state-resort-park
Cabins: https://parks.ky.gov/slade/parks/resort/natural-bridge-state-resort-park
Utilities: Utility sites + primitive tent sites
Use the official map first. Verify current rules, access and boundaries before activating.</desc><link href="https://next.pota.app/park/US-1286"><text>Next POTA park page</text></link><type>State Park</type></wpt>
<wpt lat="37.2974" lon="-86.2127"><name>US-1268 Nolin Lake State Park</name><desc>Nolin Lake State Park
Edmonson County • State Park
POTA: https://next.pota.app/park/US-1268
Website: https://parks.ky.gov/mammoth-cave/parks/recreation/nolin-lake-state-park
Camping: https://parks.ky.gov/parks/find-a-park/nolin-lake-campground-8135
Utilities: Electric + water; primitive sites
Use the official map first. Verify current rules, access and boundaries before activating.</desc><link href="https://next.pota.app/park/US-1268"><text>Next POTA park page</text></link><type>State Park</type></wpt>
<wpt lat="36.6321" lon="-89.1255"><name>US-3827 Obion Creek Wildlife Management Area</name><desc>Obion Creek Wildlife Management Area
Ballard County • WMA
POTA: https://next.pota.app/park/US-3827
Official Map (official): https://fw.ky.gov/More/Documents/ObionCreekWMA_ALL.pdf
Website: https://app.fw.ky.gov/Public_Lands_Search/detail.aspx?Kdfwr_id=176
Use the official map first. Verify current rules, access and boundaries before activating.</desc><link href="https://next.pota.app/park/US-3827"><text>Next POTA park page</text></link><type>WMA</type></wpt>
<wpt lat="37.7618" lon="-84.8457"><name>US-1269 Old Fort Harrod State Park</name><desc>Old Fort Harrod State Park
Mercer County • State Park
POTA: https://next.pota.app/park/US-1269
Website: https://parks.ky.gov/harrodsburg/parks/historic/old-fort-harrod-state-park
Use the official map first. Verify current rules, access and boundaries before activating.</desc><link href="https://next.pota.app/park/US-1269"><text>Next POTA park page</text></link><type>State Park</type></wpt>
<wpt lat="36.6778" lon="-85.7069"><name>US-3784 Old Mulkey Meetinghouse State Historic Site</name><desc>Old Mulkey Meetinghouse State Historic Site
Monroe County • Other
POTA: https://next.pota.app/park/US-3784
Website: https://parks.ky.gov/tompkinsville/parks/historic/old-mulkey-meetinghouse-state-historic-site
Use the official map first. Verify current rules, access and boundaries before activating.</desc><link href="https://next.pota.app/park/US-3784"><text>Next POTA park page</text></link><type>Other</type></wpt>
<wpt lat="38.3802" lon="-83.277"><name>US-10153 Old Trace Creek Wildlife Management Area</name><desc>Old Trace Creek Wildlife Management Area
Fleming County • WMA
POTA: https://next.pota.app/park/US-10153
Official Map (official): https://fw.ky.gov/More/Documents/Old_Trace_Creek_WMA_all.pdf
Website: https://app.fw.ky.gov/Public_Lands_Search/detail.aspx?Kdfwr_id=9609
Use the official map first. Verify current rules, access and boundaries before activating.</desc><link href="https://next.pota.app/park/US-10153"><text>Next POTA park page</text></link><type>WMA</type></wpt>
<wpt lat="37.9584" lon="-86.0523"><name>US-8144 Otter Creek State Recreation Area</name><desc>Otter Creek State Recreation Area
Meade County • Recreation Area
POTA: https://next.pota.app/park/US-8144
Official Map (official): https://fw.ky.gov/Documents/Otter_Creek_Brochure_Map.pdf
Website: https://fw.ky.gov/Pages/Otter-Creek-Outdoor-Recreation-Area.aspx
Camping: https://fw.ky.gov/Pages/Otter-Creek-Outdoor-Recreation-Area.aspx
Use the official map first. Verify current rules, access and boundaries before activating.</desc><link href="https://next.pota.app/park/US-8144"><text>Next POTA park page</text></link><type>Recreation Area</type></wpt>
<wpt lat="37.8425" lon="-82.8798"><name>US-1270 Paintsville Lake State Park</name><desc>Paintsville Lake State Park
Johnson County • State Park
POTA: https://next.pota.app/park/US-1270
Website: https://parks.ky.gov/staffordsville/parks/recreation/paintsville-lake-state-park
Camping: https://parks.ky.gov/explore/paintsville-lake-state-park-7824
Utilities: Electric + water + sewer; primitive sites
Use the official map first. Verify current rules, access and boundaries before activating.</desc><link href="https://next.pota.app/park/US-1270"><text>Next POTA park page</text></link><type>State Park</type></wpt>
<wpt lat="37.4471" lon="-83.2038"><name>US-10155 Paul Van Booven Wildlife Management Area</name><desc>Paul Van Booven Wildlife Management Area
Breathitt County • WMA
POTA: https://next.pota.app/park/US-10155
Official Map (official): https://fw.ky.gov/More/Documents/PaulVanBoovenWMA_All.pdf
Website: https://app.fw.ky.gov/Public_Lands_Search/detail.aspx?Kdfwr_id=9105
Use the official map first. Verify current rules, access and boundaries before activating.</desc><link href="https://next.pota.app/park/US-10155"><text>Next POTA park page</text></link><type>WMA</type></wpt>
<wpt lat="37.2879" lon="-86.8951"><name>US-3828 Peabody Wildlife Management Area</name><desc>Peabody Wildlife Management Area
Muhlenberg County • WMA
POTA: https://next.pota.app/park/US-3828
Official Map (official): https://fw.ky.gov/More/Documents/PeabodyAll.pdf
Website: https://app.fw.ky.gov/public_lands_search/detail.aspx?Kdfwr_id=229
Notes: Check website for permit requirements; interactive boundary map supplied by user.
Use the official map first. Verify current rules, access and boundaries before activating.</desc><link href="https://next.pota.app/park/US-3828"><text>Next POTA park page</text></link><type>WMA</type></wpt>
<wpt lat="37.0725" lon="-87.6631"><name>US-1287 Pennyrile Forest State Park</name><desc>Pennyrile Forest State Park
County: see official site • State Park
POTA: https://next.pota.app/park/US-1287
Official Map (official): https://www.kentuckytourism.com/media/docs/default-source/listing-documents/park-map08cc7e0a-9307-47b3-85e9-29db02ce7648.pdf?sfvrsn=145d90d5_2
Website: https://parks.ky.gov/dawson-springs/parks/resort/pennyrile-forest-state-resort-park
Camping: https://parks.ky.gov/parks/camping
Resort: https://parks.ky.gov/dawson-springs/parks/resort/pennyrile-forest-state-resort-park
Cabins: https://parks.ky.gov/dawson-springs/parks/resort/pennyrile-forest-state-resort-park
Utilities: See campground information
Possible 2-fer (per agency sources, confirm first): US-4692
Use the official map first. Verify current rules, access and boundaries before activating.</desc><link href="https://next.pota.app/park/US-1287"><text>Next POTA park page</text></link><type>State Park</type></wpt>
<wpt lat="37.0723" lon="-87.67"><name>US-4692 Pennyrile State Forest</name><desc>Pennyrile State Forest
Christian / Muhlenberg Counties • State Forest
POTA: https://next.pota.app/park/US-4692
Official Map (official): https://eec.ky.gov/Natural-Resources/Forestry/Documents/PennyrileStateForestandTradewaterWMA_ALL.pdf
Website: https://eec.ky.gov/Natural-Resources/Forestry/ky-state-forests/Pages/Pennyrile-State-Forest.aspx
Possible 2-fer (per agency sources, confirm first): US-1287
Use the official map first. Verify current rules, access and boundaries before activating.</desc><link href="https://next.pota.app/park/US-4692"><text>Next POTA park page</text></link><type>State Forest</type></wpt>
<wpt lat="37.6757" lon="-84.9702"><name>US-3785 Perryville Battlefield State Historic Site</name><desc>Perryville Battlefield State Historic Site
Boyle County • Other
POTA: https://next.pota.app/park/US-3785
Website: https://parks.ky.gov/perryville/parks/historic/perryville-battlefield-state-historic-site
Use the official map first. Verify current rules, access and boundaries before activating.</desc><link href="https://next.pota.app/park/US-3785"><text>Next POTA park page</text></link><type>Other</type></wpt>
<wpt lat="37.9121" lon="-83.945"><name>US-7963 Pilot Knob State Nature Preserve</name><desc>Pilot Knob State Nature Preserve
Powell County • Nature Preserve
POTA: https://next.pota.app/park/US-7963
Brochure (official): https://eec.ky.gov/Nature-Preserves/Brochures/PilotKnobBrochure_bw.pdf
Website: https://eec.ky.gov/Nature-Preserves/Locations/Pages/Pilot-Knob.aspx
Use the official map first. Verify current rules, access and boundaries before activating.</desc><link href="https://next.pota.app/park/US-7963"><text>Next POTA park page</text></link><type>Nature Preserve</type></wpt>
<wpt lat="36.7472" lon="-83.7124"><name>US-1288 Pine Mountain State Park</name><desc>Pine Mountain State Park
County: see official site • State Park
POTA: https://next.pota.app/park/US-1288
Website: https://parks.ky.gov/pineville/parks/resort/pine-mountain-state-resort-park
Camping: https://parks.ky.gov/parks/camping
Resort: https://parks.ky.gov/pineville/parks/resort/pine-mountain-state-resort-park
Cabins: https://parks.ky.gov/pineville/parks/resort/pine-mountain-state-resort-park
Utilities: See campground information
Use the official map first. Verify current rules, access and boundaries before activating.</desc><link href="https://next.pota.app/park/US-1288"><text>Next POTA park page</text></link><type>State Park</type></wpt>
<wpt lat="37.2386" lon="-82.4597"><name>US-10102 Pine Mountain State Trail</name><desc>Pine Mountain State Trail
Harlan / Letcher Counties • Trail
POTA: https://next.pota.app/park/US-10102
Official Map (official): https://parks.ky.gov/parks/find-a-park/pine-mountain-state-scenic-trail-7826
Website: https://parks.ky.gov/whitesburg/parks/recreation/pine-mountain-state-scenic-trail
Use the official map first. Verify current rules, access and boundaries before activating.</desc><link href="https://next.pota.app/park/US-10102"><text>Next POTA park page</text></link><type>Trail</type></wpt>
<wpt lat="37.1835" lon="-84.4038"><name>US-10157 Ping-Sinking Valley Wildlife Management Area</name><desc>Ping-Sinking Valley Wildlife Management Area
Pulaski County • WMA
POTA: https://next.pota.app/park/US-10157
Official Map (official): https://fw.ky.gov/More/Documents/Ping-SinkingValleyWMA_All.pdf
Website: https://app.fw.ky.gov/Public_Lands_Search/detail.aspx?Kdfwr_id=9208
Use the official map first. Verify current rules, access and boundaries before activating.</desc><link href="https://next.pota.app/park/US-10157"><text>Next POTA park page</text></link><type>WMA</type></wpt>
<wpt lat="38.0438" lon="-83.572"><name>US-10158 Pioneer Weapons Wildlife Management Area</name><desc>Pioneer Weapons Wildlife Management Area
Bath County • WMA
POTA: https://next.pota.app/park/US-10158
Official Map (official): https://fw.ky.gov/More/Documents/PioneerWeaponsWMA_ALL.pdf
Website: https://app.fw.ky.gov/Public_Lands_Search/detail.aspx?Kdfwr_id=36
Notes: Pioneer Weapons WMA boundaries must be checked; Zilpo is separate.
Possible 2-fer (per agency sources, confirm first): US-4484
Use the official map first. Verify current rules, access and boundaries before activating.</desc><link href="https://next.pota.app/park/US-10158"><text>Next POTA park page</text></link><type>WMA</type></wpt>
<wpt lat="38.5571" lon="-84.2273"><name>US-7959 Quiet Trails State Nature Preserve</name><desc>Quiet Trails State Nature Preserve
Owen County • Nature Preserve
POTA: https://next.pota.app/park/US-7959
Brochure (official): https://eec.ky.gov/Nature-Preserves/Brochures/QuietTrailsBrochure_bw.pdf
Website: https://eec.ky.gov/Nature-Preserves/Locations/Pages/Quiet-Trails.aspx
Use the official map first. Verify current rules, access and boundaries before activating.</desc><link href="https://next.pota.app/park/US-7959"><text>Next POTA park page</text></link><type>Nature Preserve</type></wpt>
<wpt lat="37.1643" lon="-85.0712"><name>US-3829 R. F. Tarter Wildlife Management Area</name><desc>R. F. Tarter Wildlife Management Area
Adair County • WMA
POTA: https://next.pota.app/park/US-3829
Official Map (official): https://fw.ky.gov/More/Documents/RFTarterWMA_ALL.pdf
Website: https://app.fw.ky.gov/Public_Lands_Search/detail.aspx?Kdfwr_id=171
Use the official map first. Verify current rules, access and boundaries before activating.</desc><link href="https://next.pota.app/park/US-3829"><text>Next POTA park page</text></link><type>WMA</type></wpt>
<wpt lat="37.8195" lon="-83.5747"><name>US-10104 Red River National Wild and Scenic River</name><desc>Red River National Wild and Scenic River
Powell / Wolfe Counties • National / NPS
POTA: https://next.pota.app/park/US-10104
Brochure (official): https://usfs-public.app.box.com/s/hl7pijwfnyefzcuebgl6yialfsxae9km
Website: https://www.fs.usda.gov/recarea/dbnf/recreation/recarea/?recid=39548
Possible 2-fer (per agency sources, confirm first): US-3801, US-4484 (part)
Use the official map first. Verify current rules, access and boundaries before activating.</desc><link href="https://next.pota.app/park/US-10104"><text>Next POTA park page</text></link><type>National / NPS</type></wpt>
<wpt lat="37.1031" lon="-83.5341"><name>US-10159 Redbird Wildlife Management Area</name><desc>Redbird Wildlife Management Area
Clay County • WMA
POTA: https://next.pota.app/park/US-10159
Official Map (official): https://fw.ky.gov/More/Documents/RedbirdWMA_ALL.pdf
Website: https://app.fw.ky.gov/Public_Lands_Search/detail.aspx?Kdfwr_id=35
Possible 2-fer (per agency sources, confirm first): US-4484
Use the official map first. Verify current rules, access and boundaries before activating.</desc><link href="https://next.pota.app/park/US-10159"><text>Next POTA park page</text></link><type>WMA</type></wpt>
<wpt lat="36.4404" lon="-89.3529"><name>US-0538 Reelfoot National Wildlife Refuge</name><desc>Reelfoot National Wildlife Refuge
Fulton / Obion Counties • National / NPS
POTA: https://next.pota.app/park/US-0538
Brochure (official): https://legacy.fws.gov/sites/default/files/documents/RF%20Gen%20Brochure.pdf
Website: https://www.fws.gov/refuge/reelfoot/
Notes: Extends across KY/TN. Specify activation state in logs; refuge has specific access rules and dates—research carefully.
Use the official map first. Verify current rules, access and boundaries before activating.</desc><link href="https://next.pota.app/park/US-0538"><text>Next POTA park page</text></link><type>National / NPS</type></wpt>
<wpt lat="36.6452" lon="-84.7104"><name>US-10111 Rock Creek National Wild and Scenic River</name><desc>Rock Creek National Wild and Scenic River
McCreary County • National / NPS
POTA: https://next.pota.app/park/US-10111
Website: https://eec.ky.gov/Nature-Preserves/Locations/Pages/Rock-Creek-Wild-River.aspx
Possible 2-fer (per agency sources, confirm first): US-4484
Use the official map first. Verify current rules, access and boundaries before activating.</desc><link href="https://next.pota.app/park/US-10111"><text>Next POTA park page</text></link><type>National / NPS</type></wpt>
<wpt lat="37.1154" lon="-84.3509"><name>US-10160 Rockcastle River Wildlife Management Area</name><desc>Rockcastle River Wildlife Management Area
Rockcastle County • WMA
POTA: https://next.pota.app/park/US-10160
Official Map (official): https://fw.ky.gov/More/Documents/RockcastleRiverWMA_ALL.pdf
Website: https://app.fw.ky.gov/Public_Lands_Search/detail.aspx?Kdfwr_id=9217
Use the official map first. Verify current rules, access and boundaries before activating.</desc><link href="https://next.pota.app/park/US-10160"><text>Next POTA park page</text></link><type>WMA</type></wpt>
<wpt lat="37.5365" lon="-85.5559"><name>US-10161 Rolling Fork Wildlife Management Area</name><desc>Rolling Fork Wildlife Management Area
LaRue County • WMA
POTA: https://next.pota.app/park/US-10161
Official Map (official): https://fw.ky.gov/More/Documents/RollingForkWMA_all.pdf
Website: https://app.fw.ky.gov/Public_Lands_Search/detail.aspx?Kdfwr_id=9219
Use the official map first. Verify current rules, access and boundaries before activating.</desc><link href="https://next.pota.app/park/US-10161"><text>Next POTA park page</text></link><type>WMA</type></wpt>
<wpt lat="37.604" lon="-83.8571"><name>US-10162 Ross Creek Wildlife Management Area</name><desc>Ross Creek Wildlife Management Area
Wolfe County • WMA
POTA: https://next.pota.app/park/US-10162
Official Map (official): https://fw.ky.gov/More/Documents/RossCreekWMAall.pdf
Website: https://app.fw.ky.gov/Public_Lands_Search/detail.aspx?Kdfwr_id=9705
Use the official map first. Verify current rules, access and boundaries before activating.</desc><link href="https://next.pota.app/park/US-10162"><text>Next POTA park page</text></link><type>WMA</type></wpt>
<wpt lat="37.6104" lon="-86.5053"><name>US-1289 Rough River Dam State Park</name><desc>Rough River Dam State Park
County: see official site • State Park
POTA: https://next.pota.app/park/US-1289
Website: https://parks.ky.gov/falls-rough/parks/resort/rough-river-dam-state-resort-park
Camping: https://parks.ky.gov/parks/camping
Resort: https://parks.ky.gov/falls-rough/parks/resort/rough-river-dam-state-resort-park
Cabins: https://parks.ky.gov/falls-rough/parks/resort/rough-river-dam-state-resort-park
Utilities: See campground information
Use the official map first. Verify current rules, access and boundaries before activating.</desc><link href="https://next.pota.app/park/US-1289"><text>Next POTA park page</text></link><type>State Park</type></wpt>
<wpt lat="38.1777" lon="-84.9231"><name>US-10172 Salato Wildlife Refuge</name><desc>Salato Wildlife Refuge
Franklin County • Other
POTA: https://next.pota.app/park/US-10172
Official Map (official): https://fw.ky.gov/Education/Documents/salatotrailmap.pdf
Website: https://fw.ky.gov/Education/Pages/Salato-Wildlife-Education-Center.aspx
Use the official map first. Verify current rules, access and boundaries before activating.</desc><link href="https://next.pota.app/park/US-10172"><text>Next POTA park page</text></link><type>Other</type></wpt>
<wpt lat="37.3012" lon="-84.1426"><name>US-11181 Sheltowee Trace National Recreation Trail</name><desc>Sheltowee Trace National Recreation Trail
Multiple counties • Trail
POTA: https://next.pota.app/park/US-11181
Official Map (official): https://www.fs.usda.gov/Internet/FSE_DOCUMENTS/stelprdb5427184.pdf
Website: https://www.fs.usda.gov/wildflowers/regions/southern/SheltoweeTrace/index.shtml
Possible 2-fer (per agency sources, confirm first): US-4484
Use the official map first. Verify current rules, access and boundaries before activating.</desc><link href="https://next.pota.app/park/US-11181"><text>Next POTA park page</text></link><type>Trail</type></wpt>
<wpt lat="36.6981" lon="-83.447"><name>US-10164 Shillalah Creek Wildlife Management Area</name><desc>Shillalah Creek Wildlife Management Area
Harlan County • WMA
POTA: https://next.pota.app/park/US-10164
Official Map (official): https://fw.ky.gov/More/Documents/ShilalahCreekWMA_ALL.pdf
Website: https://app.fw.ky.gov/Public_Lands_Search/detail.aspx?Kdfwr_id=170
Use the official map first. Verify current rules, access and boundaries before activating.</desc><link href="https://next.pota.app/park/US-10164"><text>Next POTA park page</text></link><type>WMA</type></wpt>
<wpt lat="38.6091" lon="-83.742"><name>US-10167 Simon Kenton Wildlife Management Area</name><desc>Simon Kenton Wildlife Management Area
Bracken County • WMA
POTA: https://next.pota.app/park/US-10167
Official Map (official): https://fw.ky.gov/More/Documents/SimonKentonWMA_all.pdf
Website: https://app.fw.ky.gov/Public_Lands_Search/detail.aspx?Kdfwr_id=9613
Use the official map first. Verify current rules, access and boundaries before activating.</desc><link href="https://next.pota.app/park/US-10167"><text>Next POTA park page</text></link><type>WMA</type></wpt>
<wpt lat="37.1052" lon="-84.2339"><name>US-7970 Sinking Creek State Natural Area</name><desc>Sinking Creek State Natural Area
Laurel County • Nature Preserve
POTA: https://next.pota.app/park/US-7970
Website: https://eec.ky.gov/Nature-Preserves/Locations/Pages/Sinking-Creek.aspx
Use the official map first. Verify current rules, access and boundaries before activating.</desc><link href="https://next.pota.app/park/US-7970"><text>Next POTA park page</text></link><type>Nature Preserve</type></wpt>
<wpt lat="38.3105" lon="-85.666"><name>US-7955 Six Mile Island State Nature Preserve</name><desc>Six Mile Island State Nature Preserve
Jefferson County • Nature Preserve
POTA: https://next.pota.app/park/US-7955
Website: https://eec.ky.gov/Nature-Preserves/Locations/Pages/Six-Mile-Island.aspx
Use the official map first. Verify current rules, access and boundaries before activating.</desc><link href="https://next.pota.app/park/US-7955"><text>Next POTA park page</text></link><type>Nature Preserve</type></wpt>
<wpt lat="37.868" lon="-87.7832"><name>US-3830 Sloughs Wildlife Management Area</name><desc>Sloughs Wildlife Management Area
Henderson County • WMA
POTA: https://next.pota.app/park/US-3830
Official Map (official): https://fw.ky.gov/More/Documents/Sloughs_WMA_All.pdf
Website: https://app.fw.ky.gov/Public_Lands_Search/detail.aspx?Kdfwr_id=230
Use the official map first. Verify current rules, access and boundaries before activating.</desc><link href="https://next.pota.app/park/US-3830"><text>Next POTA park page</text></link><type>WMA</type></wpt>
<wpt lat="38.7342" lon="-82.936"><name>US-3831 South Shore Wildlife Management Area</name><desc>South Shore Wildlife Management Area
Greenup County • WMA
POTA: https://next.pota.app/park/US-3831
Official Map (official): https://fw.ky.gov/More/Documents/SouthShoreWMA_ALL.pdf
Website: https://fw.ky.gov/More/Documents/SouthShoreWMA_ALL.pdf
Notes: WMA access is via Sparks Street/ST-1000; do not use Markwest Drive.
Use the official map first. Verify current rules, access and boundaries before activating.</desc><link href="https://next.pota.app/park/US-3831"><text>Next POTA park page</text></link><type>WMA</type></wpt>
<wpt lat="38.7483" lon="-84.9704"><name>US-10166 Stephens Creek Wildlife Management Area</name><desc>Stephens Creek Wildlife Management Area
Owen County • WMA
POTA: https://next.pota.app/park/US-10166
Official Map (official): https://fw.ky.gov/More/Documents/StephensCreekWMA_All.pdf
Website: https://app.fw.ky.gov/Public_Lands_Search/detail.aspx?Kdfwr_id=9232
Use the official map first. Verify current rules, access and boundaries before activating.</desc><link href="https://next.pota.app/park/US-10166"><text>Next POTA park page</text></link><type>WMA</type></wpt>
<wpt lat="36.7568" lon="-83.1445"><name>US-3832 Stone Mountain Wildlife Management Area</name><desc>Stone Mountain Wildlife Management Area
Bell County • WMA
POTA: https://next.pota.app/park/US-3832
Official Map (official): https://fw.ky.gov/More/Documents/StoneMountainWMAandStateNaturalArea_ALL.pdf
Website: https://fw.ky.gov/More/Documents/StoneMountainWMAandStateNaturalArea_ALL.pdf
Use the official map first. Verify current rules, access and boundaries before activating.</desc><link href="https://next.pota.app/park/US-3832"><text>Next POTA park page</text></link><type>WMA</type></wpt>
<wpt lat="38.224" lon="-83.3837"><name>US-10168 Sunny Brook Wildlife Management Area</name><desc>Sunny Brook Wildlife Management Area
Rowan County • WMA
POTA: https://next.pota.app/park/US-10168
Official Map (official): https://fw.ky.gov/More/Documents/SunnybrookWMAall.pdf
Website: https://app.fw.ky.gov/Public_Lands_Search/detail.aspx?Kdfwr_id=9707
Use the official map first. Verify current rules, access and boundaries before activating.</desc><link href="https://next.pota.app/park/US-10168"><text>Next POTA park page</text></link><type>WMA</type></wpt>
<wpt lat="38.279" lon="-84.8243"><name>US-3833 T. N. Sullivan Wildlife Management Area</name><desc>T. N. Sullivan Wildlife Management Area
Scott County • WMA
POTA: https://next.pota.app/park/US-3833
Official Map (official): https://fw.ky.gov/More/Documents/TN_SullivanWMA_All.pdf
Website: https://fw.ky.gov/More/Documents/TN_SullivanWMA_All.pdf
Use the official map first. Verify current rules, access and boundaries before activating.</desc><link href="https://next.pota.app/park/US-3833"><text>Next POTA park page</text></link><type>WMA</type></wpt>
<wpt lat="38.0298" lon="-85.2497"><name>US-1271 Taylorsville Lake State Park</name><desc>Taylorsville Lake State Park
Spencer County • State Park
POTA: https://next.pota.app/park/US-1271
Website: https://parks.ky.gov/mount-eden/parks/recreation/taylorsville-lake-state-park
Camping: https://parks.ky.gov/explore/taylorsville-lake-campground-8219
Utilities: Electric + water; primitive; equestrian sites
Notes: Park open year-round; campground normally closed mid-November through mid-March.
Use the official map first. Verify current rules, access and boundaries before activating.</desc><link href="https://next.pota.app/park/US-1271"><text>Next POTA park page</text></link><type>State Park</type></wpt>
<wpt lat="36.7634" lon="-84.2207"><name>US-10103 The Cumberland River Wilderness Area</name><desc>The Cumberland River Wilderness Area
McCreary / Whitley Counties • River / Wilderness
POTA: https://next.pota.app/park/US-10103
Area Map (official): https://fw.ky.gov/Education/Documents/bluewatertrailcumberlandriver-1.pdf
Website: https://eec.ky.gov/Nature-Preserves/Locations/Pages/Cumberland-River-Wild-River.aspx
Possible 2-fer (per agency sources, confirm first): US-4484
Use the official map first. Verify current rules, access and boundaries before activating.</desc><link href="https://next.pota.app/park/US-10103"><text>Next POTA park page</text></link><type>River / Wilderness</type></wpt>
<wpt lat="37.2022" lon="-86.2373"><name>US-10105 The Green National Wild and Scenic River</name><desc>The Green National Wild and Scenic River
Edmonson / Hart / Green Counties • National / NPS
POTA: https://next.pota.app/park/US-10105
Website: https://eec.ky.gov/Nature-Preserves/Locations/Pages/Green-River-Wild-River.aspx
Possible 2-fer (per agency sources, confirm first): US-0050
Use the official map first. Verify current rules, access and boundaries before activating.</desc><link href="https://next.pota.app/park/US-10105"><text>Next POTA park page</text></link><type>National / NPS</type></wpt>
<wpt lat="37.0278" lon="-84.328"><name>US-10106 The Rockcastle National Wild and Scenic River</name><desc>The Rockcastle National Wild and Scenic River
Jackson / Rockcastle / Laurel Counties • National / NPS
POTA: https://next.pota.app/park/US-10106
Website: https://eec.ky.gov/Nature-Preserves/Locations/Pages/Rockcastle-River-Wild-River.aspx
Possible 2-fer (per agency sources, confirm first): US-4484
Use the official map first. Verify current rules, access and boundaries before activating.</desc><link href="https://next.pota.app/park/US-10106"><text>Next POTA park page</text></link><type>National / NPS</type></wpt>
<wpt lat="37.1514" lon="-87.67"><name>US-3834 Tradewater Wildlife Management Area</name><desc>Tradewater Wildlife Management Area
Hopkins / Webster Counties • WMA
POTA: https://next.pota.app/park/US-3834
Official Map (official): https://fw.ky.gov/More/Documents/PennyrileStateForestandTradewaterWMA_ALL.pdf
Website: https://app.fw.ky.gov/Public_Lands_Search/detail.aspx?Kdfwr_id=128
Use the official map first. Verify current rules, access and boundaries before activating.</desc><link href="https://next.pota.app/park/US-3834"><text>Next POTA park page</text></link><type>WMA</type></wpt>
<wpt lat="36.8532" lon="-87.4701"><name>US-3791 Trail of Tears National Historic Trail</name><desc>Trail of Tears National Historic Trail
Multiple counties • National / NPS
POTA: https://next.pota.app/park/US-3791
Official Map (official): https://www.nps.gov/trte/planyourvisit/maps.htm
Website: https://www.nps.gov/trte/index.htm
Notes: Trail park: activating area must be within 100 ft of trail and on public land; research trail map and imagery.
Use the official map first. Verify current rules, access and boundaries before activating.</desc><link href="https://next.pota.app/park/US-3791"><text>Next POTA park page</text></link><type>National / NPS</type></wpt>
<wpt lat="38.5747" lon="-85.0319"><name>US-3835 Twin Eagle Wildlife Management Area</name><desc>Twin Eagle Wildlife Management Area
Henry County • WMA
POTA: https://next.pota.app/park/US-3835
Official Map (official): https://fw.ky.gov/More/Documents/TwinEagleWMA_ALL.pdf
Website: https://fw.ky.gov/More/Documents/TwinEagleWMA_ALL.pdf
Use the official map first. Verify current rules, access and boundaries before activating.</desc><link href="https://next.pota.app/park/US-3835"><text>Next POTA park page</text></link><type>WMA</type></wpt>
<wpt lat="38.0959" lon="-83.4912"><name>US-10170 Twin Knobs Campground Wildlife Management Area</name><desc>Twin Knobs Campground Wildlife Management Area
Rowan County • WMA
POTA: https://next.pota.app/park/US-10170
Official Map (official): https://usfs-public.app.box.com/s/mkk3sln2dj49cc207476rpru4ahck6vp
Website: https://app.fw.ky.gov/Public_Lands_Search/detail.aspx?Kdfwr_id=9116
Camping: https://app.fw.ky.gov/Public_Lands_Search/detail.aspx?Kdfwr_id=9116
Notes: Check boundaries; campground closed in winter, other areas may be available.
Possible 2-fer (per agency sources, confirm first): US-4484
Use the official map first. Verify current rules, access and boundaries before activating.</desc><link href="https://next.pota.app/park/US-10170"><text>Next POTA park page</text></link><type>WMA</type></wpt>
<wpt lat="38.3848" lon="-83.1488"><name>US-4693 Tygarts State Forest</name><desc>Tygarts State Forest
Carter County • State Forest
POTA: https://next.pota.app/park/US-4693
Official Map (official): https://eec.ky.gov/Natural-Resources/Forestry/Documents/TygartsStateForest_ALL.pdf
Website: https://eec.ky.gov/Natural-Resources/Forestry/ky-state-forests/Pages/Tygarts-State-Forest.aspx
Use the official map first. Verify current rules, access and boundaries before activating.</desc><link href="https://next.pota.app/park/US-4693"><text>Next POTA park page</text></link><type>State Forest</type></wpt>
<wpt lat="36.7034" lon="-84.1999"><name>US-12083 University of the Cumberlands Wildlife Management Area</name><desc>University of the Cumberlands Wildlife Management Area
Whitley / McCreary Counties • WMA
POTA: https://next.pota.app/park/US-12083
Official Map (official): https://fw.ky.gov/More/Documents/University of the Cumberlands WMAAll.pdf
Website: https://app.fw.ky.gov/Public_Lands_Search/detail.aspx?Kdfwr_id=9727
Notes: Multiple tracts; no internal public roads; travel within area is by foot.
Use the official map first. Verify current rules, access and boundaries before activating.</desc><link href="https://next.pota.app/park/US-12083"><text>Next POTA park page</text></link><type>WMA</type></wpt>
<wpt lat="38.3038" lon="-84.5571"><name>US-3836 Veterans Memorial Wildlife Management Area</name><desc>Veterans Memorial Wildlife Management Area
Scott County • WMA
POTA: https://next.pota.app/park/US-3836
Official Map (official): https://fw.ky.gov/More/Documents/Veterans_Memorial_WMA_all.pdf
Website: https://app.fw.ky.gov/Public_Lands_Search/detail.aspx?Kdfwr_id=9202
Use the official map first. Verify current rules, access and boundaries before activating.</desc><link href="https://next.pota.app/park/US-3836"><text>Next POTA park page</text></link><type>WMA</type></wpt>
<wpt lat="37.9715" lon="-84.5373"><name>US-3786 Waveland State Historic Site</name><desc>Waveland State Historic Site
Fayette County • Other
POTA: https://next.pota.app/park/US-3786
Website: https://parks.ky.gov/lexington/parks/historic/waveland-state-historic-site
Use the official map first. Verify current rules, access and boundaries before activating.</desc><link href="https://next.pota.app/park/US-3786"><text>Next POTA park page</text></link><type>Other</type></wpt>
<wpt lat="37.1405" lon="-88.7978"><name>US-3837 West Kentucky Wildlife Management Area</name><desc>West Kentucky Wildlife Management Area
McCracken / Ballard Counties • WMA
POTA: https://next.pota.app/park/US-3837
Official Map (official): https://fw.ky.gov/More/Documents/West_Kentucky_WMA.pdf
Website: https://app.fw.ky.gov/public_lands_search/detail.aspx?Kdfwr_id=137
Notes: User noted possibility that part of original park area changed WMA status after Dec. 2025; check updated map.
Use the official map first. Verify current rules, access and boundaries before activating.</desc><link href="https://next.pota.app/park/US-3837"><text>Next POTA park page</text></link><type>WMA</type></wpt>
<wpt lat="37.8332" lon="-84.3527"><name>US-3787 White Hall State Historic Site</name><desc>White Hall State Historic Site
Madison County • Other
POTA: https://next.pota.app/park/US-3787
Website: https://whitehall.eku.edu
Use the official map first. Verify current rules, access and boundaries before activating.</desc><link href="https://next.pota.app/park/US-3787"><text>Next POTA park page</text></link><type>Other</type></wpt>
<wpt lat="36.9703" lon="-89.093"><name>US-3788 Wickliffe Mounds State Historic Site</name><desc>Wickliffe Mounds State Historic Site
Ballard County • Other
POTA: https://next.pota.app/park/US-3788
Website: https://parks.ky.gov/wickliffe/parks/historic/wickliffe-mounds-state-historic-site
Use the official map first. Verify current rules, access and boundaries before activating.</desc><link href="https://next.pota.app/park/US-3788"><text>Next POTA park page</text></link><type>Other</type></wpt>
<wpt lat="37.0352" lon="-84.3349"><name>US-7964 William H. Martin State Natural Area</name><desc>William H. Martin State Natural Area
McCreary County • Nature Preserve
POTA: https://next.pota.app/park/US-7964
Website: https://eec.ky.gov/Nature-Preserves/Locations/Pages/Dr.-William-H.-Martin-WWCA.aspx
Use the official map first. Verify current rules, access and boundaries before activating.</desc><link href="https://next.pota.app/park/US-7964"><text>Next POTA park page</text></link><type>Nature Preserve</type></wpt>
<wpt lat="37.4681" lon="-84.5493"><name>US-3789 William Whitley House State Historic Site</name><desc>William Whitley House State Historic Site
Lincoln County • Other
POTA: https://next.pota.app/park/US-3789
Website: https://explorekyhistory.ky.gov/files/show/236
Use the official map first. Verify current rules, access and boundaries before activating.</desc><link href="https://next.pota.app/park/US-3789"><text>Next POTA park page</text></link><type>Other</type></wpt>
<wpt lat="36.9273" lon="-89.0601"><name>US-3838 Winford Wildlife Management Area</name><desc>Winford Wildlife Management Area
Fulton County • WMA
POTA: https://next.pota.app/park/US-3838
Official Map (official): https://fw.ky.gov/More/Documents/WinfordWMA_ALL.pdf
Website: https://fw.ky.gov/More/Documents/WinfordWMA_ALL.pdf
Use the official map first. Verify current rules, access and boundaries before activating.</desc><link href="https://next.pota.app/park/US-3838"><text>Next POTA park page</text></link><type>WMA</type></wpt>
<wpt lat="36.8727" lon="-85.1456"><name>US-10099 Wolf Creek National Fish Hatchery</name><desc>Wolf Creek National Fish Hatchery
Russell County • Fish Hatchery
POTA: https://next.pota.app/park/US-10099
Official Map (official): https://www.fws.gov/fish-hatchery/wolf-creek/map
Website: https://www.fws.gov/fish-hatchery/wolf-creek/map
Use the official map first. Verify current rules, access and boundaries before activating.</desc><link href="https://next.pota.app/park/US-10099"><text>Next POTA park page</text></link><type>Fish Hatchery</type></wpt>
<wpt lat="38.0965" lon="-82.6824"><name>US-1272 Yatesville Lake State Park</name><desc>Yatesville Lake State Park
Lawrence County • State Park
POTA: https://next.pota.app/park/US-1272
Website: https://parks.ky.gov/louisa/parks/recreation/yatesville-lake-state-park
Camping: https://parks.ky.gov/parks/camping
Utilities: See campground information
Use the official map first. Verify current rules, access and boundaries before activating.</desc><link href="https://next.pota.app/park/US-1272"><text>Next POTA park page</text></link><type>State Park</type></wpt>
<wpt lat="38.0859" lon="-82.7641"><name>US-3839 Yatesville Lake Wildlife Management Area</name><desc>Yatesville Lake Wildlife Management Area
Lawrence County • WMA
POTA: https://next.pota.app/park/US-3839
Official Map (official): https://fw.ky.gov/More/Documents/YatesvilleLakeWMA_ALL.pdf
Website: https://app.fw.ky.gov/Public_Lands_Search/detail.aspx?Kdfwr_id=23
Use the official map first. Verify current rules, access and boundaries before activating.</desc><link href="https://next.pota.app/park/US-3839"><text>Next POTA park page</text></link><type>WMA</type></wpt>
<wpt lat="38.0066" lon="-86.5133"><name>US-3840 Yellowbank Wildlife Management Area</name><desc>Yellowbank Wildlife Management Area
Breckinridge County • WMA
POTA: https://next.pota.app/park/US-3840
Official Map (official): https://fw.ky.gov/More/Documents/YellowbankWMA_ALL.pdf
Website: https://app.fw.ky.gov/public_lands_search/detail.aspx?Kdfwr_id=192
Camping: https://app.fw.ky.gov/public_lands_search/detail.aspx?Kdfwr_id=192
Use the official map first. Verify current rules, access and boundaries before activating.</desc><link href="https://next.pota.app/park/US-3840"><text>Next POTA park page</text></link><type>WMA</type></wpt>
<wpt lat="38.0748" lon="-83.4972"><name>US-10171 Zilpo Campground Wildlife Management Area</name><desc>Zilpo Campground Wildlife Management Area
Rowan County • WMA
POTA: https://next.pota.app/park/US-10171
Official Map (official): https://usfs-public.app.box.com/s/q18extxpqb7ota6w4c6vpl65317w2iv0
Website: https://app.fw.ky.gov/Public_Lands_Search/detail.aspx?Kdfwr_id=9094
Camping: https://app.fw.ky.gov/Public_Lands_Search/detail.aspx?Kdfwr_id=9094
Notes: Closed during winter; camping may be required to visit campground. Check management.
Possible 2-fer (per agency sources, confirm first): US-4484
Use the official map first. Verify current rules, access and boundaries before activating.</desc><link href="https://next.pota.app/park/US-10171"><text>Next POTA park page</text></link><type>WMA</type></wpt>
<wpt lat="36.87774671" lon="-86.05559207"><name>US-1273 · KDFWR entrance: Barren River Lake WMA</name><desc>For US-1273 Barren River Lake State Park
Official entrance of a different neighboring area (not this park)
1.5 mi from the park GPS point
Source: Kentucky Dept. of Fish &amp; Wildlife Resources (kygisserver.ky.gov)
Nearby point (within 5 mi of the park GPS). It may be outside the park — for example on Corps of Engineers or other land. Check the official map.</desc><sym>Parking Area</sym><type>Nearby access - KDFWR entrance</type></wpt>
<wpt lat="36.87774671" lon="-86.05559207"><name>US-7965 · KDFWR entrance: Barren River Lake WMA</name><desc>For US-7965 Brigadoon State Nature Preserve
Official entrance of a different neighboring area (not this park)
4.3 mi from the park GPS point
Source: Kentucky Dept. of Fish &amp; Wildlife Resources (kygisserver.ky.gov)
Nearby point (within 5 mi of the park GPS). It may be outside the park — for example on Corps of Engineers or other land. Check the official map.</desc><sym>Parking Area</sym><type>Nearby access - KDFWR entrance</type></wpt>
<wpt lat="37.34131271" lon="-83.46991215"><name>US-1275 · KDFWR entrance: Buckhorn Lake WMA</name><desc>For US-1275 Buckhorn Lake State Park
Official entrance of a different neighboring area (not this park)
2.8 mi from the park GPS point
Source: Kentucky Dept. of Fish &amp; Wildlife Resources (kygisserver.ky.gov)
Nearby point (within 5 mi of the park GPS). It may be outside the park — for example on Corps of Engineers or other land. Check the official map.</desc><sym>Parking Area</sym><type>Nearby access - KDFWR entrance</type></wpt>
<wpt lat="37.20601363" lon="-83.04215566"><name>US-1251 · KDFWR entrance: Wells Hunting Access Area</name><desc>For US-1251 Carr Creek State Park
Official entrance of a different neighboring area (not this park)
2.9 mi from the park GPS point
Source: Kentucky Dept. of Fish &amp; Wildlife Resources (kygisserver.ky.gov)
Nearby point (within 5 mi of the park GPS). It may be outside the park — for example on Corps of Engineers or other land. Check the official map.</desc><sym>Parking Area</sym><type>Nearby access - KDFWR entrance</type></wpt>
<wpt lat="37.24304806" lon="-82.94668437"><name>US-1251 · KDFWR entrance: Carr Creek Lake WMA</name><desc>For US-1251 Carr Creek State Park
Official entrance of a different neighboring area (not this park)
3.1 mi from the park GPS point
Source: Kentucky Dept. of Fish &amp; Wildlife Resources (kygisserver.ky.gov)
Nearby point (within 5 mi of the park GPS). It may be outside the park — for example on Corps of Engineers or other land. Check the official map.</desc><sym>Parking Area</sym><type>Nearby access - KDFWR entrance</type></wpt>
<wpt lat="36.73632081" lon="-83.25882423"><name>US-3804 · KDFWR entrance: Martins Fork Lake WMA</name><desc>For US-3804 Cranks Creek Wildlife Management Area
Official entrance of a different neighboring area (not this park)
3.7 mi from the park GPS point
Source: Kentucky Dept. of Fish &amp; Wildlife Resources (kygisserver.ky.gov)
Nearby point (within 5 mi of the park GPS). It may be outside the park — for example on Corps of Engineers or other land. Check the official map.</desc><sym>Parking Area</sym><type>Nearby access - KDFWR entrance</type></wpt>
<wpt lat="36.674476" lon="-85.33936885"><name>US-1278 · KDFWR entrance: Dale Hollow Lake WMA</name><desc>For US-1278 Dale Hollow State Park
Official entrance of a different neighboring area (not this park)
3.4 mi from the park GPS point
Source: Kentucky Dept. of Fish &amp; Wildlife Resources (kygisserver.ky.gov)
Nearby point (within 5 mi of the park GPS). It may be outside the park — for example on Corps of Engineers or other land. Check the official map.</desc><sym>Parking Area</sym><type>Nearby access - KDFWR entrance</type></wpt>
<wpt lat="37.75870892" lon="-82.68898077"><name>US-4687 · KDFWR entrance: Czar Hunting Access Area</name><desc>For US-4687 Dewey Lake Wildlife Management Area
Official entrance of a different neighboring area (not this park)
2.7 mi from the park GPS point
Source: Kentucky Dept. of Fish &amp; Wildlife Resources (kygisserver.ky.gov)
Nearby point (within 5 mi of the park GPS). It may be outside the park — for example on Corps of Engineers or other land. Check the official map.</desc><sym>Parking Area</sym><type>Nearby access - KDFWR entrance</type></wpt>
<wpt lat="37.50480878" lon="-82.35817419"><name>US-1255 · KDFWR entrance: RH Group Hunting Access Area</name><desc>For US-1255 Fishtrap Lake Wildlife Management Area
Official entrance of a different neighboring area (not this park)
4.9 mi from the park GPS point
Source: Kentucky Dept. of Fish &amp; Wildlife Resources (kygisserver.ky.gov)
Nearby point (within 5 mi of the park GPS). It may be outside the park — for example on Corps of Engineers or other land. Check the official map.</desc><sym>Parking Area</sym><type>Nearby access - KDFWR entrance</type></wpt>
<wpt lat="38.24213641" lon="-82.98176806"><name>US-1258 · KDFWR entrance: Grayson Lake WMA</name><desc>For US-1258 Grayson Lake State Park
Official entrance of a different neighboring area (not this park)
3.8 mi from the park GPS point
Source: Kentucky Dept. of Fish &amp; Wildlife Resources (kygisserver.ky.gov)
Nearby point (within 5 mi of the park GPS). It may be outside the park — for example on Corps of Engineers or other land. Check the official map.</desc><sym>Parking Area</sym><type>Nearby access - KDFWR entrance</type></wpt>
<wpt lat="37.29254188" lon="-85.29981478"><name>US-1259 · KDFWR entrance: Green River Lake WMA</name><desc>For US-1259 Green River Lake State Park
Official entrance of a different neighboring area (not this park)
1.8 mi from the park GPS point
Source: Kentucky Dept. of Fish &amp; Wildlife Resources (kygisserver.ky.gov)
Nearby point (within 5 mi of the park GPS). It may be outside the park — for example on Corps of Engineers or other land. Check the official map.</desc><sym>Parking Area</sym><type>Nearby access - KDFWR entrance</type></wpt>
<wpt lat="37.75870892" lon="-82.68898077"><name>US-1281 · KDFWR entrance: Czar Hunting Access Area</name><desc>For US-1281 Jenny Wiley State Park
Official entrance of a different neighboring area (not this park)
4.8 mi from the park GPS point
Source: Kentucky Dept. of Fish &amp; Wildlife Resources (kygisserver.ky.gov)
Nearby point (within 5 mi of the park GPS). It may be outside the park — for example on Corps of Engineers or other land. Check the official map.</desc><sym>Parking Area</sym><type>Nearby access - KDFWR entrance</type></wpt>
<wpt lat="36.63016906" lon="-83.85767472"><name>US-4689 · KDFWR entrance: Cumberland Forest WMA</name><desc>For US-4689 Kentucky Ridge State Forest
Official entrance of a different neighboring area (not this park)
4.1 mi from the park GPS point
Source: Kentucky Dept. of Fish &amp; Wildlife Resources (kygisserver.ky.gov)
Nearby point (within 5 mi of the park GPS). It may be outside the park — for example on Corps of Engineers or other land. Check the official map.</desc><sym>Parking Area</sym><type>Nearby access - KDFWR entrance</type></wpt>
<wpt lat="37.69498867" lon="-84.18103199"><name>US-3825 · KDFWR entrance: Blue Grass Army Depot</name><desc>For US-3825 Miller Welch Wildlife Management Area
Official entrance of a different neighboring area (not this park)
4.3 mi from the park GPS point
Source: Kentucky Dept. of Fish &amp; Wildlife Resources (kygisserver.ky.gov)
Nearby point (within 5 mi of the park GPS). It may be outside the park — for example on Corps of Engineers or other land. Check the official map.</desc><sym>Parking Area</sym><type>Nearby access - KDFWR entrance</type></wpt>
<wpt lat="37.4502397" lon="-83.1954113"><name>US-10155 · KDFWR entrance: Robinson Forest WMA</name><desc>For US-10155 Paul Van Booven Wildlife Management Area
Official entrance of a different neighboring area (not this park)
0.5 mi from the park GPS point
Source: Kentucky Dept. of Fish &amp; Wildlife Resources (kygisserver.ky.gov)
Nearby point (within 5 mi of the park GPS). It may be outside the park — for example on Corps of Engineers or other land. Check the official map.</desc><sym>Parking Area</sym><type>Nearby access - KDFWR entrance</type></wpt>
<wpt lat="37.89385442" lon="-83.97777602"><name>US-7963 · KDFWR entrance: Hidden Valley Training Area</name><desc>For US-7963 Pilot Knob State Nature Preserve
Official entrance of a different neighboring area (not this park)
2.2 mi from the park GPS point
Source: Kentucky Dept. of Fish &amp; Wildlife Resources (kygisserver.ky.gov)
Nearby point (within 5 mi of the park GPS). It may be outside the park — for example on Corps of Engineers or other land. Check the official map.</desc><sym>Parking Area</sym><type>Nearby access - KDFWR entrance</type></wpt>
<wpt lat="36.69697" lon="-83.70039924"><name>US-1288 · KDFWR entrance: Fortner-Davis WMA</name><desc>For US-1288 Pine Mountain State Park
Official entrance of a different neighboring area (not this park)
3.5 mi from the park GPS point
Source: Kentucky Dept. of Fish &amp; Wildlife Resources (kygisserver.ky.gov)
Nearby point (within 5 mi of the park GPS). It may be outside the park — for example on Corps of Engineers or other land. Check the official map.</desc><sym>Parking Area</sym><type>Nearby access - KDFWR entrance</type></wpt>
<wpt lat="37.63605514" lon="-86.43623604"><name>US-1289 · KDFWR entrance: Rough River Lake WMA</name><desc>For US-1289 Rough River Dam State Park
Official entrance of a different neighboring area (not this park)
4.2 mi from the park GPS point
Source: Kentucky Dept. of Fish &amp; Wildlife Resources (kygisserver.ky.gov)
Nearby point (within 5 mi of the park GPS). It may be outside the park — for example on Corps of Engineers or other land. Check the official map.</desc><sym>Parking Area</sym><type>Nearby access - KDFWR entrance</type></wpt>
<wpt lat="36.70042915" lon="-83.40130407"><name>US-10164 · KDFWR entrance: Martins Fork WMA and State Natural Area</name><desc>For US-10164 Shillalah Creek Wildlife Management Area
Official entrance of a different neighboring area (not this park)
2.5 mi from the park GPS point
Source: Kentucky Dept. of Fish &amp; Wildlife Resources (kygisserver.ky.gov)
Nearby point (within 5 mi of the park GPS). It may be outside the park — for example on Corps of Engineers or other land. Check the official map.</desc><sym>Parking Area</sym><type>Nearby access - KDFWR entrance</type></wpt>
<wpt lat="38.01552717" lon="-85.22572573"><name>US-1271 · KDFWR entrance: Taylorsville Lake WMA</name><desc>For US-1271 Taylorsville Lake State Park
Official entrance of a different neighboring area (not this park)
1.6 mi from the park GPS point
Source: Kentucky Dept. of Fish &amp; Wildlife Resources (kygisserver.ky.gov)
Nearby point (within 5 mi of the park GPS). It may be outside the park — for example on Corps of Engineers or other land. Check the official map.</desc><sym>Parking Area</sym><type>Nearby access - KDFWR entrance</type></wpt>
<wpt lat="36.86047605" lon="-85.07927759"><name>US-10099 · KDFWR entrance: Lake Cumberland WMA</name><desc>For US-10099 Wolf Creek National Fish Hatchery
Official entrance of a different neighboring area (not this park)
3.8 mi from the park GPS point
Source: Kentucky Dept. of Fish &amp; Wildlife Resources (kygisserver.ky.gov)
Nearby point (within 5 mi of the park GPS). It may be outside the park — for example on Corps of Engineers or other land. Check the official map.</desc><sym>Parking Area</sym><type>Nearby access - KDFWR entrance</type></wpt>
<wpt lat="37.11329" lon="-89.04555"><name>US-3793 · KDFWR fishing access: Ballard WMA Pond</name><desc>For US-3793 Ballard Wildlife Management Area
Ballard WMA • Bank Access • unpaved parking
4.8 mi from the park GPS point
Source: Kentucky Dept. of Fish &amp; Wildlife Resources (kygisserver.ky.gov)
Nearby point (within 5 mi of the park GPS). It may be outside the park — for example on Corps of Engineers or other land. Check the official map.</desc><sym>Parking Area</sym><type>Nearby access - KDFWR fishing access</type></wpt>
<wpt lat="38.24483" lon="-85.70052"><name>US-7956 · KDFWR fishing access: Cherokee Park</name><desc>For US-7956 Beargrass Creek State Nature Preserve
Cherokee Park • Bank Access • paved parking
2.4 mi from the park GPS point
Source: Kentucky Dept. of Fish &amp; Wildlife Resources (kygisserver.ky.gov)
Nearby point (within 5 mi of the park GPS). It may be outside the park — for example on Corps of Engineers or other land. Check the official map.</desc><sym>Parking Area</sym><type>Nearby access - KDFWR fishing access</type></wpt>
<wpt lat="38.26656" lon="-85.7224"><name>US-7956 · KDFWR fishing access: Bandman Park</name><desc>For US-7956 Beargrass Creek State Nature Preserve
Ohio River - Louisville • Bank Access • paved parking
3.9 mi from the park GPS point
Source: Kentucky Dept. of Fish &amp; Wildlife Resources (kygisserver.ky.gov)
Nearby point (within 5 mi of the park GPS). It may be outside the park — for example on Corps of Engineers or other land. Check the official map.</desc><sym>Parking Area</sym><type>Nearby access - KDFWR fishing access</type></wpt>
<wpt lat="38.88409" lon="-84.74368"><name>US-3779 · KDFWR fishing access: Big Bone State Park</name><desc>For US-3779 Big Bone Lick State Historic Site
Big Bone State Park Lake • Bank Access • unpaved parking
0.3 mi from the park GPS point
Source: Kentucky Dept. of Fish &amp; Wildlife Resources (kygisserver.ky.gov)
Nearby point (within 5 mi of the park GPS). It may be outside the park — for example on Corps of Engineers or other land. Check the official map.</desc><sym>Parking Area</sym><type>Nearby access - KDFWR fishing access</type></wpt>
<wpt lat="38.16718" lon="-85.51142"><name>US-7954 · KDFWR fishing access: Fisherman's Park Lakes</name><desc>For US-7954 Blackacre State Nature Preserve
Fisherman's Park • Bank Access • paved parking
1.9 mi from the park GPS point
Source: Kentucky Dept. of Fish &amp; Wildlife Resources (kygisserver.ky.gov)
Nearby point (within 5 mi of the park GPS). It may be outside the park — for example on Corps of Engineers or other land. Check the official map.</desc><sym>Parking Area</sym><type>Nearby access - KDFWR fishing access</type></wpt>
<wpt lat="38.17261" lon="-85.56243"><name>US-7954 · KDFWR fishing access: Chenoweth Park</name><desc>For US-7954 Blackacre State Nature Preserve
Charlie Vettiner Park Lake • Bank Access • paved parking
2.5 mi from the park GPS point
Source: Kentucky Dept. of Fish &amp; Wildlife Resources (kygisserver.ky.gov)
Nearby point (within 5 mi of the park GPS). It may be outside the park — for example on Corps of Engineers or other land. Check the official map.</desc><sym>Parking Area</sym><type>Nearby access - KDFWR fishing access</type></wpt>
<wpt lat="38.22941" lon="-85.46697"><name>US-7954 · KDFWR fishing access: William F. Miles Wood Duck Lake</name><desc>For US-7954 Blackacre State Nature Preserve
William F. Miles Park • Bank Access • paved parking
4.0 mi from the park GPS point
Source: Kentucky Dept. of Fish &amp; Wildlife Resources (kygisserver.ky.gov)
Nearby point (within 5 mi of the park GPS). It may be outside the park — for example on Corps of Engineers or other land. Check the official map.</desc><sym>Parking Area</sym><type>Nearby access - KDFWR fishing access</type></wpt>
<wpt lat="38.230952" lon="-85.466914"><name>US-7954 · KDFWR fishing access: William F. Miles Angler Lake</name><desc>For US-7954 Blackacre State Nature Preserve
William F. Miles Park • Bank Access • paved parking
4.1 mi from the park GPS point
Source: Kentucky Dept. of Fish &amp; Wildlife Resources (kygisserver.ky.gov)
Nearby point (within 5 mi of the park GPS). It may be outside the park — for example on Corps of Engineers or other land. Check the official map.</desc><sym>Parking Area</sym><type>Nearby access - KDFWR fishing access</type></wpt>
<wpt lat="38.231812" lon="-85.46669"><name>US-7954 · KDFWR fishing access: William F. Miles Green Heron Lake</name><desc>For US-7954 Blackacre State Nature Preserve
William F. Miles Park • Bank Access • paved parking
4.1 mi from the park GPS point
Source: Kentucky Dept. of Fish &amp; Wildlife Resources (kygisserver.ky.gov)
Nearby point (within 5 mi of the park GPS). It may be outside the park — for example on Corps of Engineers or other land. Check the official map.</desc><sym>Parking Area</sym><type>Nearby access - KDFWR fishing access</type></wpt>
<wpt lat="38.231849" lon="-85.466639"><name>US-7954 · KDFWR fishing access: William F. Miles Green Heron Lake Fishing Pier</name><desc>For US-7954 Blackacre State Nature Preserve
William F. Miles Park • Fishing Pier • paved parking
4.1 mi from the park GPS point
Source: Kentucky Dept. of Fish &amp; Wildlife Resources (kygisserver.ky.gov)
Nearby point (within 5 mi of the park GPS). It may be outside the park — for example on Corps of Engineers or other land. Check the official map.</desc><sym>Parking Area</sym><type>Nearby access - KDFWR fishing access</type></wpt>
<wpt lat="38.231979" lon="-85.465539"><name>US-7954 · KDFWR fishing access: William F. Miles Snapping Turtle Lake</name><desc>For US-7954 Blackacre State Nature Preserve
William F. Miles Park • Bank Access • paved parking
4.2 mi from the park GPS point
Source: Kentucky Dept. of Fish &amp; Wildlife Resources (kygisserver.ky.gov)
Nearby point (within 5 mi of the park GPS). It may be outside the park — for example on Corps of Engineers or other land. Check the official map.</desc><sym>Parking Area</sym><type>Nearby access - KDFWR fishing access</type></wpt>
<wpt lat="38.235186" lon="-85.466375"><name>US-7954 · KDFWR fishing access: William F. Miles Dragonfly Lake</name><desc>For US-7954 Blackacre State Nature Preserve
William F. Miles Park • Bank Access • paved parking
4.3 mi from the park GPS point
Source: Kentucky Dept. of Fish &amp; Wildlife Resources (kygisserver.ky.gov)
Nearby point (within 5 mi of the park GPS). It may be outside the park — for example on Corps of Engineers or other land. Check the official map.</desc><sym>Parking Area</sym><type>Nearby access - KDFWR fishing access</type></wpt>
<wpt lat="38.126339" lon="-85.530909"><name>US-7954 · KDFWR fishing access: Boulder Pond</name><desc>For US-7954 Blackacre State Nature Preserve
Floyd's Fork • Bank Access • paved parking
4.6 mi from the park GPS point
Source: Kentucky Dept. of Fish &amp; Wildlife Resources (kygisserver.ky.gov)
Nearby point (within 5 mi of the park GPS). It may be outside the park — for example on Corps of Engineers or other land. Check the official map.</desc><sym>Parking Area</sym><type>Nearby access - KDFWR fishing access</type></wpt>
<wpt lat="37.11329" lon="-89.04555"><name>US-3797 · KDFWR fishing access: Ballard WMA Pond</name><desc>For US-3797 Boatwright Wildlife Management Area
Ballard WMA • Bank Access • unpaved parking
2.9 mi from the park GPS point
Source: Kentucky Dept. of Fish &amp; Wildlife Resources (kygisserver.ky.gov)
Nearby point (within 5 mi of the park GPS). It may be outside the park — for example on Corps of Engineers or other land. Check the official map.</desc><sym>Parking Area</sym><type>Nearby access - KDFWR fishing access</type></wpt>
<wpt lat="37.30422" lon="-82.3517"><name>US-3781 · KDFWR fishing access: Elkhorn City Park</name><desc>For US-3781 Breaks Interstate State Park
Russell Fork • Bank Access • unpaved parking
2.2 mi from the park GPS point
Source: Kentucky Dept. of Fish &amp; Wildlife Resources (kygisserver.ky.gov)
Nearby point (within 5 mi of the park GPS). It may be outside the park — for example on Corps of Engineers or other land. Check the official map.</desc><sym>Parking Area</sym><type>Nearby access - KDFWR fishing access</type></wpt>
<wpt lat="37.34633" lon="-83.46959"><name>US-1275 · KDFWR fishing access: Buckhorn Tailwater</name><desc>For US-1275 Buckhorn Lake State Park
Buckhorn Lake • Bank Access • paved parking
3.1 mi from the park GPS point
Source: Kentucky Dept. of Fish &amp; Wildlife Resources (kygisserver.ky.gov)
Nearby point (within 5 mi of the park GPS). It may be outside the park — for example on Corps of Engineers or other land. Check the official map.</desc><sym>Parking Area</sym><type>Nearby access - KDFWR fishing access</type></wpt>
<wpt lat="36.96269" lon="-84.27242"><name>US-10121 · KDFWR fishing access: LRL Tailwater</name><desc>For US-10121 Cane Creek Wildlife Management Area
Laurel River Lake • Bank Access • paved parking
2.5 mi from the park GPS point
Source: Kentucky Dept. of Fish &amp; Wildlife Resources (kygisserver.ky.gov)
Nearby point (within 5 mi of the park GPS). It may be outside the park — for example on Corps of Engineers or other land. Check the official map.</desc><sym>Parking Area</sym><type>Nearby access - KDFWR fishing access</type></wpt>
<wpt lat="37.23202" lon="-83.0332"><name>US-1251 · KDFWR fishing access: Carr Creek Tailwater</name><desc>For US-1251 Carr Creek State Park
Carr Creek Lake • Bank Access • paved parking
1.8 mi from the park GPS point
Source: Kentucky Dept. of Fish &amp; Wildlife Resources (kygisserver.ky.gov)
Nearby point (within 5 mi of the park GPS). It may be outside the park — for example on Corps of Engineers or other land. Check the official map.</desc><sym>Parking Area</sym><type>Nearby access - KDFWR fishing access</type></wpt>
<wpt lat="37.488309" lon="-84.54566"><name>US-3800 · KDFWR fishing access: Cedar Creek Bank Fishing Area</name><desc>For US-3800 Cedar Creek Lake Wildlife Management Area
Cedar Creek Lake • Bank Access • unpaved parking
1.1 mi from the park GPS point
Source: Kentucky Dept. of Fish &amp; Wildlife Resources (kygisserver.ky.gov)
Nearby point (within 5 mi of the park GPS). It may be outside the park — for example on Corps of Engineers or other land. Check the official map.</desc><sym>Parking Area</sym><type>Nearby access - KDFWR fishing access</type></wpt>
<wpt lat="37.456087" lon="-84.549482"><name>US-3800 · KDFWR fishing access: Cedar Creek Lake Fishing Pier</name><desc>For US-3800 Cedar Creek Lake Wildlife Management Area
Cedar Creek Lake • Fishing Pier • paved parking
1.4 mi from the park GPS point
Source: Kentucky Dept. of Fish &amp; Wildlife Resources (kygisserver.ky.gov)
Nearby point (within 5 mi of the park GPS). It may be outside the park — for example on Corps of Engineers or other land. Check the official map.</desc><sym>Parking Area</sym><type>Nearby access - KDFWR fishing access</type></wpt>
<wpt lat="38.34983" lon="-83.907"><name>US-10124 · KDFWR fishing access: Clay North Pond</name><desc>For US-10124 Clay Wildlife Management Area
Clay WMA Ponds • Bank Access • unpaved parking
0.9 mi from the park GPS point
Source: Kentucky Dept. of Fish &amp; Wildlife Resources (kygisserver.ky.gov)
Nearby point (within 5 mi of the park GPS). It may be outside the park — for example on Corps of Engineers or other land. Check the official map.</desc><sym>Parking Area</sym><type>Nearby access - KDFWR fishing access</type></wpt>
<wpt lat="38.32112" lon="-83.88774"><name>US-10124 · KDFWR fishing access: Clay South Pond</name><desc>For US-10124 Clay Wildlife Management Area
Clay WMA Ponds • Bank Access • unpaved parking
2.2 mi from the park GPS point
Source: Kentucky Dept. of Fish &amp; Wildlife Resources (kygisserver.ky.gov)
Nearby point (within 5 mi of the park GPS). It may be outside the park — for example on Corps of Engineers or other land. Check the official map.</desc><sym>Parking Area</sym><type>Nearby access - KDFWR fishing access</type></wpt>
<wpt lat="37.81951" lon="-83.57471"><name>US-3801 · KDFWR fishing access: 715 Bridge Fishing Access</name><desc>For US-3801 Clifty Wilderness Area
Red River • Bank Access • unpaved parking
0.5 mi from the park GPS point
Source: Kentucky Dept. of Fish &amp; Wildlife Resources (kygisserver.ky.gov)
Nearby point (within 5 mi of the park GPS). It may be outside the park — for example on Corps of Engineers or other land. Check the official map.</desc><sym>Parking Area</sym><type>Nearby access - KDFWR fishing access</type></wpt>
<wpt lat="37.813351" lon="-83.582722"><name>US-3801 · KDFWR fishing access: Swift Camp Creek Fishing Access</name><desc>For US-3801 Clifty Wilderness Area
Swift Camp Creek • Bank Access • unpaved parking
1.1 mi from the park GPS point
Source: Kentucky Dept. of Fish &amp; Wildlife Resources (kygisserver.ky.gov)
Nearby point (within 5 mi of the park GPS). It may be outside the park — for example on Corps of Engineers or other land. Check the official map.</desc><sym>Parking Area</sym><type>Nearby access - KDFWR fishing access</type></wpt>
<wpt lat="38.173207" lon="-84.923255"><name>US-3802 · KDFWR fishing access: Lower Sportsman's Lake</name><desc>For US-3802 Clyde E Buckley Sanctuary
Sportsman's Lakes • Bank Access • paved parking
4.5 mi from the park GPS point
Source: Kentucky Dept. of Fish &amp; Wildlife Resources (kygisserver.ky.gov)
Nearby point (within 5 mi of the park GPS). It may be outside the park — for example on Corps of Engineers or other land. Check the official map.</desc><sym>Parking Area</sym><type>Nearby access - KDFWR fishing access</type></wpt>
<wpt lat="38.173989" lon="-84.922899"><name>US-3802 · KDFWR fishing access: Upper Sportman's Lake</name><desc>For US-3802 Clyde E Buckley Sanctuary
Sportsman's Lakes • Fishing Pier • paved parking
4.6 mi from the park GPS point
Source: Kentucky Dept. of Fish &amp; Wildlife Resources (kygisserver.ky.gov)
Nearby point (within 5 mi of the park GPS). It may be outside the park — for example on Corps of Engineers or other land. Check the official map.</desc><sym>Parking Area</sym><type>Nearby access - KDFWR fishing access</type></wpt>
<wpt lat="36.7511865" lon="-83.2570512"><name>US-3804 · KDFWR fishing access: MFL Tailwater</name><desc>For US-3804 Cranks Creek Wildlife Management Area
Martins Fork Lake • Bank Access • paved parking
3.4 mi from the park GPS point
Source: Kentucky Dept. of Fish &amp; Wildlife Resources (kygisserver.ky.gov)
Nearby point (within 5 mi of the park GPS). It may be outside the park — for example on Corps of Engineers or other land. Check the official map.</desc><sym>Parking Area</sym><type>Nearby access - KDFWR fishing access</type></wpt>
<wpt lat="36.736719" lon="-83.256779"><name>US-3804 · KDFWR fishing access: Martins Fork Lake Fishing Pier</name><desc>For US-3804 Cranks Creek Wildlife Management Area
Martins Fork Lake • Fishing Pier • paved parking
3.6 mi from the park GPS point
Source: Kentucky Dept. of Fish &amp; Wildlife Resources (kygisserver.ky.gov)
Nearby point (within 5 mi of the park GPS). It may be outside the park — for example on Corps of Engineers or other land. Check the official map.</desc><sym>Parking Area</sym><type>Nearby access - KDFWR fishing access</type></wpt>
<wpt lat="38.770286" lon="-84.597259"><name>US-3805 · KDFWR fishing access: Leary Lake Fishing Pier</name><desc>For US-3805 Curtis Gates Lloyd Wildlife Management Area
Leary Lake • Fishing Pier • unpaved parking
0.5 mi from the park GPS point
Source: Kentucky Dept. of Fish &amp; Wildlife Resources (kygisserver.ky.gov)
Nearby point (within 5 mi of the park GPS). It may be outside the park — for example on Corps of Engineers or other land. Check the official map.</desc><sym>Parking Area</sym><type>Nearby access - KDFWR fishing access</type></wpt>
<wpt lat="38.77038" lon="-84.59727"><name>US-3805 · KDFWR fishing access: Leary Lake</name><desc>For US-3805 Curtis Gates Lloyd Wildlife Management Area
Leary Lake • Bank Access • unpaved parking
0.5 mi from the park GPS point
Source: Kentucky Dept. of Fish &amp; Wildlife Resources (kygisserver.ky.gov)
Nearby point (within 5 mi of the park GPS). It may be outside the park — for example on Corps of Engineers or other land. Check the official map.</desc><sym>Parking Area</sym><type>Nearby access - KDFWR fishing access</type></wpt>
<wpt lat="39.007299" lon="-84.727303"><name>US-9756 · KDFWR fishing access: Gunpowder Creek Fishing Access</name><desc>For US-9756 Decker Wildlife Management Area
Gunpowder Creek • Bank Access • paved parking
2.2 mi from the park GPS point
Source: Kentucky Dept. of Fish &amp; Wildlife Resources (kygisserver.ky.gov)
Nearby point (within 5 mi of the park GPS). It may be outside the park — for example on Corps of Engineers or other land. Check the official map.</desc><sym>Parking Area</sym><type>Nearby access - KDFWR fishing access</type></wpt>
<wpt lat="38.9958549" lon="-84.7118071"><name>US-9756 · KDFWR fishing access: Camp Ernst Lake Fishing Pier</name><desc>For US-9756 Decker Wildlife Management Area
Camp Ernst Lake • Fishing Pier • unpaved parking
2.7 mi from the park GPS point
Source: Kentucky Dept. of Fish &amp; Wildlife Resources (kygisserver.ky.gov)
Nearby point (within 5 mi of the park GPS). It may be outside the park — for example on Corps of Engineers or other land. Check the official map.</desc><sym>Parking Area</sym><type>Nearby access - KDFWR fishing access</type></wpt>
<wpt lat="39.03741" lon="-84.7309"><name>US-9756 · KDFWR fishing access: Inglewood-Idlewidle Park Lakes</name><desc>For US-9756 Decker Wildlife Management Area
Inglewood Park Lake • Bank Access • unpaved parking
3.7 mi from the park GPS point
Source: Kentucky Dept. of Fish &amp; Wildlife Resources (kygisserver.ky.gov)
Nearby point (within 5 mi of the park GPS). It may be outside the park — for example on Corps of Engineers or other land. Check the official map.</desc><sym>Parking Area</sym><type>Nearby access - KDFWR fishing access</type></wpt>
<wpt lat="37.7375" lon="-82.73144"><name>US-4687 · KDFWR fishing access: Dewey Lake Tailwater</name><desc>For US-4687 Dewey Lake Wildlife Management Area
Dewey Lake • Bank Access • paved parking
0.2 mi from the park GPS point
Source: Kentucky Dept. of Fish &amp; Wildlife Resources (kygisserver.ky.gov)
Nearby point (within 5 mi of the park GPS). It may be outside the park — for example on Corps of Engineers or other land. Check the official map.</desc><sym>Parking Area</sym><type>Nearby access - KDFWR fishing access</type></wpt>
<wpt lat="37.488309" lon="-84.54566"><name>US-3807 · KDFWR fishing access: Cedar Creek Bank Fishing Area</name><desc>For US-3807 Dix River Wildlife Management Area
Cedar Creek Lake • Bank Access • unpaved parking
2.5 mi from the park GPS point
Source: Kentucky Dept. of Fish &amp; Wildlife Resources (kygisserver.ky.gov)
Nearby point (within 5 mi of the park GPS). It may be outside the park — for example on Corps of Engineers or other land. Check the official map.</desc><sym>Parking Area</sym><type>Nearby access - KDFWR fishing access</type></wpt>
<wpt lat="37.456087" lon="-84.549482"><name>US-3807 · KDFWR fishing access: Cedar Creek Lake Fishing Pier</name><desc>For US-3807 Dix River Wildlife Management Area
Cedar Creek Lake • Fishing Pier • paved parking
3.6 mi from the park GPS point
Source: Kentucky Dept. of Fish &amp; Wildlife Resources (kygisserver.ky.gov)
Nearby point (within 5 mi of the park GPS). It may be outside the park — for example on Corps of Engineers or other land. Check the official map.</desc><sym>Parking Area</sym><type>Nearby access - KDFWR fishing access</type></wpt>
<wpt lat="38.88409" lon="-84.74368"><name>US-3810 · KDFWR fishing access: Big Bone State Park</name><desc>For US-3810 Dr. Norman And Martha Adair Wildlife Management Area
Big Bone State Park Lake • Bank Access • unpaved parking
2.6 mi from the park GPS point
Source: Kentucky Dept. of Fish &amp; Wildlife Resources (kygisserver.ky.gov)
Nearby point (within 5 mi of the park GPS). It may be outside the park — for example on Corps of Engineers or other land. Check the official map.</desc><sym>Parking Area</sym><type>Nearby access - KDFWR fishing access</type></wpt>
<wpt lat="36.87529" lon="-83.88388"><name>US-3782 · KDFWR fishing access: Brickyard Pond</name><desc>For US-3782 Dr. Thomas Walker State Historic Site
Brickyard Pond • Bank Access • paved parking
3.1 mi from the park GPS point
Source: Kentucky Dept. of Fish &amp; Wildlife Resources (kygisserver.ky.gov)
Nearby point (within 5 mi of the park GPS). It may be outside the park — for example on Corps of Engineers or other land. Check the official map.</desc><sym>Parking Area</sym><type>Nearby access - KDFWR fishing access</type></wpt>
<wpt lat="36.877249" lon="-83.884883"><name>US-3782 · KDFWR fishing access: Brickyard Pond Fishing Pier</name><desc>For US-3782 Dr. Thomas Walker State Historic Site
Brickyard Pond • Fishing Pier • paved parking
3.2 mi from the park GPS point
Source: Kentucky Dept. of Fish &amp; Wildlife Resources (kygisserver.ky.gov)
Nearby point (within 5 mi of the park GPS). It may be outside the park — for example on Corps of Engineers or other land. Check the official map.</desc><sym>Parking Area</sym><type>Nearby access - KDFWR fishing access</type></wpt>
<wpt lat="36.907058" lon="-83.112939"><name>US-7968 · KDFWR fishing access: Highsplint Lake Bank Access</name><desc>For US-7968 E. Lucy Braun State Nature Preserve
Highsplint Lake • Bank Access • unpaved parking
4.0 mi from the park GPS point
Source: Kentucky Dept. of Fish &amp; Wildlife Resources (kygisserver.ky.gov)
Nearby point (within 5 mi of the park GPS). It may be outside the park — for example on Corps of Engineers or other land. Check the official map.</desc><sym>Parking Area</sym><type>Nearby access - KDFWR fishing access</type></wpt>
<wpt lat="38.129136" lon="-83.189707"><name>US-3811 · KDFWR fishing access: Ed Mabry-Laurel Gorge WMA</name><desc>For US-3811 Ed Mabry-Laurel Gorge Wildlife Management Area
Laurel Creek • Bank Access • unpaved parking
0.2 mi from the park GPS point
Source: Kentucky Dept. of Fish &amp; Wildlife Resources (kygisserver.ky.gov)
Nearby point (within 5 mi of the park GPS). It may be outside the park — for example on Corps of Engineers or other land. Check the official map.</desc><sym>Parking Area</sym><type>Nearby access - KDFWR fishing access</type></wpt>
<wpt lat="37.42929" lon="-82.41519"><name>US-1255 · KDFWR fishing access: Fishtrap Tailwater</name><desc>For US-1255 Fishtrap Lake Wildlife Management Area
Fishtrap Lake • Bank Access • paved parking
3.6 mi from the park GPS point
Source: Kentucky Dept. of Fish &amp; Wildlife Resources (kygisserver.ky.gov)
Nearby point (within 5 mi of the park GPS). It may be outside the park — for example on Corps of Engineers or other land. Check the official map.</desc><sym>Parking Area</sym><type>Nearby access - KDFWR fishing access</type></wpt>
<wpt lat="38.66713" lon="-85.14735"><name>US-1279 · KDFWR fishing access: General Butler State Park</name><desc>For US-1279 General Butler State Park
General Butler State Park Lake • Bank Access • paved parking
0.1 mi from the park GPS point
Source: Kentucky Dept. of Fish &amp; Wildlife Resources (kygisserver.ky.gov)
Nearby point (within 5 mi of the park GPS). It may be outside the park — for example on Corps of Engineers or other land. Check the official map.</desc><sym>Parking Area</sym><type>Nearby access - KDFWR fishing access</type></wpt>
<wpt lat="38.66755" lon="-85.1473"><name>US-1279 · KDFWR fishing access: General Butler Handicapped Fishing Pier</name><desc>For US-1279 General Butler State Park
General Butler State Park Lake • Fishing Pier • paved parking
0.1 mi from the park GPS point
Source: Kentucky Dept. of Fish &amp; Wildlife Resources (kygisserver.ky.gov)
Nearby point (within 5 mi of the park GPS). It may be outside the park — for example on Corps of Engineers or other land. Check the official map.</desc><sym>Parking Area</sym><type>Nearby access - KDFWR fishing access</type></wpt>
<wpt lat="38.25055" lon="-82.98579"><name>US-1258 · KDFWR fishing access: Grayson Fishing Pier</name><desc>For US-1258 Grayson Lake State Park
Grayson Lake • Fishing Pier • paved parking
4.2 mi from the park GPS point
Source: Kentucky Dept. of Fish &amp; Wildlife Resources (kygisserver.ky.gov)
Nearby point (within 5 mi of the park GPS). It may be outside the park — for example on Corps of Engineers or other land. Check the official map.</desc><sym>Parking Area</sym><type>Nearby access - KDFWR fishing access</type></wpt>
<wpt lat="38.25473" lon="-82.99001"><name>US-1258 · KDFWR fishing access: Grayson Lake Tailwater</name><desc>For US-1258 Grayson Lake State Park
Grayson Lake • Bank Access • unpaved parking
4.3 mi from the park GPS point
Source: Kentucky Dept. of Fish &amp; Wildlife Resources (kygisserver.ky.gov)
Nearby point (within 5 mi of the park GPS). It may be outside the park — for example on Corps of Engineers or other land. Check the official map.</desc><sym>Parking Area</sym><type>Nearby access - KDFWR fishing access</type></wpt>
<wpt lat="37.24415" lon="-85.33664"><name>US-1259 · KDFWR fishing access: Corps Office</name><desc>For US-1259 Green River Lake State Park
Green River Lake • Bank Access • paved parking
2.1 mi from the park GPS point
Source: Kentucky Dept. of Fish &amp; Wildlife Resources (kygisserver.ky.gov)
Nearby point (within 5 mi of the park GPS). It may be outside the park — for example on Corps of Engineers or other land. Check the official map.</desc><sym>Parking Area</sym><type>Nearby access - KDFWR fishing access</type></wpt>
<wpt lat="37.231991" lon="-85.337206"><name>US-1259 · KDFWR fishing access: Green River Lake Fishing Pier 1</name><desc>For US-1259 Green River Lake State Park
Green River Lake • Fishing Pier • paved parking
2.9 mi from the park GPS point
Source: Kentucky Dept. of Fish &amp; Wildlife Resources (kygisserver.ky.gov)
Nearby point (within 5 mi of the park GPS). It may be outside the park — for example on Corps of Engineers or other land. Check the official map.</desc><sym>Parking Area</sym><type>Nearby access - KDFWR fishing access</type></wpt>
<wpt lat="37.220572" lon="-85.268632"><name>US-1259 · KDFWR fishing access: Green River Lake Fishing Pier 2</name><desc>For US-1259 Green River Lake State Park
Green River Lake • Fishing Pier • paved parking
4.4 mi from the park GPS point
Source: Kentucky Dept. of Fish &amp; Wildlife Resources (kygisserver.ky.gov)
Nearby point (within 5 mi of the park GPS). It may be outside the park — for example on Corps of Engineers or other land. Check the official map.</desc><sym>Parking Area</sym><type>Nearby access - KDFWR fishing access</type></wpt>
<wpt lat="38.49137" lon="-82.86529"><name>US-1280 · KDFWR fishing access: Dam area - Greenbo Lake State Park</name><desc>For US-1280 Greenbo Lake State Park
Greenbo Lake • Bank Access • unpaved parking
0.9 mi from the park GPS point
Source: Kentucky Dept. of Fish &amp; Wildlife Resources (kygisserver.ky.gov)
Nearby point (within 5 mi of the park GPS). It may be outside the park — for example on Corps of Engineers or other land. Check the official map.</desc><sym>Parking Area</sym><type>Nearby access - KDFWR fishing access</type></wpt>
<wpt lat="37.617507" lon="-87.855379"><name>US-3815 · KDFWR fishing access: Mauzy Lake Access Pier</name><desc>For US-3815 Higginson-Henry Wildlife Management Area
Higginson-Henry WMA • Fishing Pier • unpaved parking
0.1 mi from the park GPS point
Source: Kentucky Dept. of Fish &amp; Wildlife Resources (kygisserver.ky.gov)
Nearby point (within 5 mi of the park GPS). It may be outside the park — for example on Corps of Engineers or other land. Check the official map.</desc><sym>Parking Area</sym><type>Nearby access - KDFWR fishing access</type></wpt>
<wpt lat="37.7375" lon="-82.73144"><name>US-1281 · KDFWR fishing access: Dewey Lake Tailwater</name><desc>For US-1281 Jenny Wiley State Park
Dewey Lake • Bank Access • paved parking
2.9 mi from the park GPS point
Source: Kentucky Dept. of Fish &amp; Wildlife Resources (kygisserver.ky.gov)
Nearby point (within 5 mi of the park GPS). It may be outside the park — for example on Corps of Engineers or other land. Check the official map.</desc><sym>Parking Area</sym><type>Nearby access - KDFWR fishing access</type></wpt>
<wpt lat="38.49137" lon="-82.86529"><name>US-7961 · KDFWR fishing access: Dam area - Greenbo Lake State Park</name><desc>For US-7961 Jesse Stuart State Nature Preserve
Greenbo Lake • Bank Access • unpaved parking
4.1 mi from the park GPS point
Source: Kentucky Dept. of Fish &amp; Wildlife Resources (kygisserver.ky.gov)
Nearby point (within 5 mi of the park GPS). It may be outside the park — for example on Corps of Engineers or other land. Check the official map.</desc><sym>Parking Area</sym><type>Nearby access - KDFWR fishing access</type></wpt>
<wpt lat="38.32958" lon="-84.78243"><name>US-3816 · KDFWR fishing access: Kleber WMA</name><desc>For US-3816 John A. Kleber Wildlife Management Area
Kleber WMA Pond • Bank Access • unpaved parking
2.0 mi from the park GPS point
Source: Kentucky Dept. of Fish &amp; Wildlife Resources (kygisserver.ky.gov)
Nearby point (within 5 mi of the park GPS). It may be outside the park — for example on Corps of Engineers or other land. Check the official map.</desc><sym>Parking Area</sym><type>Nearby access - KDFWR fishing access</type></wpt>
<wpt lat="38.148579" lon="-84.520465"><name>US-10173 · KDFWR fishing access: Kentucky Horse Park Man O' War Moat</name><desc>For US-10173 Kentucky Horse Park
Kentucky Horse Park • Bank Access • paved parking
0.1 mi from the park GPS point
Source: Kentucky Dept. of Fish &amp; Wildlife Resources (kygisserver.ky.gov)
Nearby point (within 5 mi of the park GPS). It may be outside the park — for example on Corps of Engineers or other land. Check the official map.</desc><sym>Parking Area</sym><type>Nearby access - KDFWR fishing access</type></wpt>
<wpt lat="38.150468" lon="-84.514501"><name>US-10173 · KDFWR fishing access: Kentucky Horse Park-Rolex Lake</name><desc>For US-10173 Kentucky Horse Park
Kentucky Horse Park • Bank Access • paved parking
0.3 mi from the park GPS point
Source: Kentucky Dept. of Fish &amp; Wildlife Resources (kygisserver.ky.gov)
Nearby point (within 5 mi of the park GPS). It may be outside the park — for example on Corps of Engineers or other land. Check the official map.</desc><sym>Parking Area</sym><type>Nearby access - KDFWR fishing access</type></wpt>
<wpt lat="38.157034" lon="-84.523787"><name>US-10173 · KDFWR fishing access: Kentucky Horse Park Alltech Pond</name><desc>For US-10173 Kentucky Horse Park
Kentucky Horse Park • Bank Access • paved parking
0.5 mi from the park GPS point
Source: Kentucky Dept. of Fish &amp; Wildlife Resources (kygisserver.ky.gov)
Nearby point (within 5 mi of the park GPS). It may be outside the park — for example on Corps of Engineers or other land. Check the official map.</desc><sym>Parking Area</sym><type>Nearby access - KDFWR fishing access</type></wpt>
<wpt lat="38.677022" lon="-84.345989"><name>US-1261 · KDFWR fishing access: Pendleton Co. Athletic Park</name><desc>For US-1261 Kincaid Lake State Park
South Fork Licking River • Bank Access • paved parking
4.8 mi from the park GPS point
Source: Kentucky Dept. of Fish &amp; Wildlife Resources (kygisserver.ky.gov)
Nearby point (within 5 mi of the park GPS). It may be outside the park — for example on Corps of Engineers or other land. Check the official map.</desc><sym>Parking Area</sym><type>Nearby access - KDFWR fishing access</type></wpt>
<wpt lat="37.91895" lon="-85.66953"><name>US-4690 · KDFWR fishing access: Bernheim Forest</name><desc>For US-4690 Knobs State Forest
Lake Nevin • Bank Access • unpaved parking
3.7 mi from the park GPS point
Source: Kentucky Dept. of Fish &amp; Wildlife Resources (kygisserver.ky.gov)
Nearby point (within 5 mi of the park GPS). It may be outside the park — for example on Corps of Engineers or other land. Check the official map.</desc><sym>Parking Area</sym><type>Nearby access - KDFWR fishing access</type></wpt>
<wpt lat="37.1160946" lon="-88.83386307"><name>US-7953 · KDFWR fishing access: West KY WMA Fishing Pier</name><desc>For US-7953 Metropolis Lake State Nature Preserve
West KY Wildlife Management Area • Fishing Pier • paved parking
4.3 mi from the park GPS point
Source: Kentucky Dept. of Fish &amp; Wildlife Resources (kygisserver.ky.gov)
Nearby point (within 5 mi of the park GPS). It may be outside the park — for example on Corps of Engineers or other land. Check the official map.</desc><sym>Parking Area</sym><type>Nearby access - KDFWR fishing access</type></wpt>
<wpt lat="37.639696" lon="-84.2049999"><name>US-3825 · KDFWR fishing access: Central KY WMA Fishing Access</name><desc>For US-3825 Miller Welch Wildlife Management Area
Central KY WMA • Bank Access • unpaved parking
0.4 mi from the park GPS point
Source: Kentucky Dept. of Fish &amp; Wildlife Resources (kygisserver.ky.gov)
Nearby point (within 5 mi of the park GPS). It may be outside the park — for example on Corps of Engineers or other land. Check the official map.</desc><sym>Parking Area</sym><type>Nearby access - KDFWR fishing access</type></wpt>
<wpt lat="36.764376" lon="-85.51222"><name>US-10148 · KDFWR fishing access: Mud Camp Creek WMA Bank Access</name><desc>For US-10148 Mud Camp Creek Wildlife Management Area
Lake Cumberland Tailwater • Bank Access • parking not listed parking
0.6 mi from the park GPS point
Source: Kentucky Dept. of Fish &amp; Wildlife Resources (kygisserver.ky.gov)
Nearby point (within 5 mi of the park GPS). It may be outside the park — for example on Corps of Engineers or other land. Check the official map.</desc><sym>Parking Area</sym><type>Nearby access - KDFWR fishing access</type></wpt>
<wpt lat="38.77038" lon="-84.59727"><name>US-3826 · KDFWR fishing access: Leary Lake</name><desc>For US-3826 Mullins Wildlife Management Area
Leary Lake • Bank Access • unpaved parking
2.4 mi from the park GPS point
Source: Kentucky Dept. of Fish &amp; Wildlife Resources (kygisserver.ky.gov)
Nearby point (within 5 mi of the park GPS). It may be outside the park — for example on Corps of Engineers or other land. Check the official map.</desc><sym>Parking Area</sym><type>Nearby access - KDFWR fishing access</type></wpt>
<wpt lat="38.770286" lon="-84.597259"><name>US-3826 · KDFWR fishing access: Leary Lake Fishing Pier</name><desc>For US-3826 Mullins Wildlife Management Area
Leary Lake • Fishing Pier • unpaved parking
2.4 mi from the park GPS point
Source: Kentucky Dept. of Fish &amp; Wildlife Resources (kygisserver.ky.gov)
Nearby point (within 5 mi of the park GPS). It may be outside the park — for example on Corps of Engineers or other land. Check the official map.</desc><sym>Parking Area</sym><type>Nearby access - KDFWR fishing access</type></wpt>
<wpt lat="37.77444" lon="-83.677121"><name>US-1286 · KDFWR fishing access: Middle Fork Red River Access</name><desc>For US-1286 Natural Bridge State Park
Natural Bridge State Park • Bank Access • unpaved parking
0.6 mi from the park GPS point
Source: Kentucky Dept. of Fish &amp; Wildlife Resources (kygisserver.ky.gov)
Nearby point (within 5 mi of the park GPS). It may be outside the park — for example on Corps of Engineers or other land. Check the official map.</desc><sym>Parking Area</sym><type>Nearby access - KDFWR fishing access</type></wpt>
<wpt lat="37.943862" lon="-86.0296825"><name>US-8144 · KDFWR fishing access: Blue Hole Picnic Area on Otter Creek</name><desc>For US-8144 Otter Creek State Recreation Area
Otter Creek Outdoor Recreation Area • Bank Access • paved parking
1.6 mi from the park GPS point
Source: Kentucky Dept. of Fish &amp; Wildlife Resources (kygisserver.ky.gov)
Nearby point (within 5 mi of the park GPS). It may be outside the park — for example on Corps of Engineers or other land. Check the official map.</desc><sym>Parking Area</sym><type>Nearby access - KDFWR fishing access</type></wpt>
<wpt lat="37.924115" lon="-86.030918"><name>US-8144 · KDFWR fishing access: Garnettsville Picnic Area on Otter Creek</name><desc>For US-8144 Otter Creek State Recreation Area
Otter Creek Outdoor Recreation Area • Bank Access • paved parking
2.6 mi from the park GPS point
Source: Kentucky Dept. of Fish &amp; Wildlife Resources (kygisserver.ky.gov)
Nearby point (within 5 mi of the park GPS). It may be outside the park — for example on Corps of Engineers or other land. Check the official map.</desc><sym>Parking Area</sym><type>Nearby access - KDFWR fishing access</type></wpt>
<wpt lat="37.907295" lon="-86.025322"><name>US-8144 · KDFWR fishing access: Carlson Lake</name><desc>For US-8144 Otter Creek State Recreation Area
Carlson Lake • Bank Access • paved parking
3.8 mi from the park GPS point
Source: Kentucky Dept. of Fish &amp; Wildlife Resources (kygisserver.ky.gov)
Nearby point (within 5 mi of the park GPS). It may be outside the park — for example on Corps of Engineers or other land. Check the official map.</desc><sym>Parking Area</sym><type>Nearby access - KDFWR fishing access</type></wpt>
<wpt lat="37.87983" lon="-82.91456"><name>US-1270 · KDFWR fishing access: Paintsville Lake WMA</name><desc>For US-1270 Paintsville Lake State Park
Paintsville Lake • Bank Access • unpaved parking
3.2 mi from the park GPS point
Source: Kentucky Dept. of Fish &amp; Wildlife Resources (kygisserver.ky.gov)
Nearby point (within 5 mi of the park GPS). It may be outside the park — for example on Corps of Engineers or other land. Check the official map.</desc><sym>Parking Area</sym><type>Nearby access - KDFWR fishing access</type></wpt>
<wpt lat="37.302088" lon="-86.964209"><name>US-3828 · KDFWR fishing access: Nameless Lake #11 Bank Access</name><desc>For US-3828 Peabody Wildlife Management Area
Peabody WMA • Bank Access • unpaved parking
3.9 mi from the park GPS point
Source: Kentucky Dept. of Fish &amp; Wildlife Resources (kygisserver.ky.gov)
Nearby point (within 5 mi of the park GPS). It may be outside the park — for example on Corps of Engineers or other land. Check the official map.</desc><sym>Parking Area</sym><type>Nearby access - KDFWR fishing access</type></wpt>
<wpt lat="37.302578" lon="-86.965438"><name>US-3828 · KDFWR fishing access: Shady Lake Bank Access #1</name><desc>For US-3828 Peabody Wildlife Management Area
Peabody WMA • Bank Access • unpaved parking
4.0 mi from the park GPS point
Source: Kentucky Dept. of Fish &amp; Wildlife Resources (kygisserver.ky.gov)
Nearby point (within 5 mi of the park GPS). It may be outside the park — for example on Corps of Engineers or other land. Check the official map.</desc><sym>Parking Area</sym><type>Nearby access - KDFWR fishing access</type></wpt>
<wpt lat="37.298754" lon="-86.970665"><name>US-3828 · KDFWR fishing access: Turkey Foot Bank Access #1</name><desc>For US-3828 Peabody Wildlife Management Area
Peabody WMA • Bank Access • unpaved parking
4.2 mi from the park GPS point
Source: Kentucky Dept. of Fish &amp; Wildlife Resources (kygisserver.ky.gov)
Nearby point (within 5 mi of the park GPS). It may be outside the park — for example on Corps of Engineers or other land. Check the official map.</desc><sym>Parking Area</sym><type>Nearby access - KDFWR fishing access</type></wpt>
<wpt lat="37.296599" lon="-86.973633"><name>US-3828 · KDFWR fishing access: Ken Lake Fishing Jetty #1</name><desc>For US-3828 Peabody Wildlife Management Area
Peabody WMA • Fishing Pier • unpaved parking
4.4 mi from the park GPS point
Source: Kentucky Dept. of Fish &amp; Wildlife Resources (kygisserver.ky.gov)
Nearby point (within 5 mi of the park GPS). It may be outside the park — for example on Corps of Engineers or other land. Check the official map.</desc><sym>Parking Area</sym><type>Nearby access - KDFWR fishing access</type></wpt>
<wpt lat="37.293447" lon="-86.975685"><name>US-3828 · KDFWR fishing access: Beaver Lake Bank Access #1</name><desc>For US-3828 Peabody Wildlife Management Area
Peabody WMA • Bank Access • unpaved parking
4.4 mi from the park GPS point
Source: Kentucky Dept. of Fish &amp; Wildlife Resources (kygisserver.ky.gov)
Nearby point (within 5 mi of the park GPS). It may be outside the park — for example on Corps of Engineers or other land. Check the official map.</desc><sym>Parking Area</sym><type>Nearby access - KDFWR fishing access</type></wpt>
<wpt lat="37.295679" lon="-86.98067"><name>US-3828 · KDFWR fishing access: Ken Lake Bank Access #1</name><desc>For US-3828 Peabody Wildlife Management Area
Peabody WMA • Bank Access • unpaved parking
4.7 mi from the park GPS point
Source: Kentucky Dept. of Fish &amp; Wildlife Resources (kygisserver.ky.gov)
Nearby point (within 5 mi of the park GPS). It may be outside the park — for example on Corps of Engineers or other land. Check the official map.</desc><sym>Parking Area</sym><type>Nearby access - KDFWR fishing access</type></wpt>
<wpt lat="37.297043" lon="-86.981348"><name>US-3828 · KDFWR fishing access: Ken Lake Fishing Jetty #2</name><desc>For US-3828 Peabody Wildlife Management Area
Peabody WMA • Fishing Pier • unpaved parking
4.8 mi from the park GPS point
Source: Kentucky Dept. of Fish &amp; Wildlife Resources (kygisserver.ky.gov)
Nearby point (within 5 mi of the park GPS). It may be outside the park — for example on Corps of Engineers or other land. Check the official map.</desc><sym>Parking Area</sym><type>Nearby access - KDFWR fishing access</type></wpt>
<wpt lat="37.06986" lon="-87.66138"><name>US-1287 · KDFWR fishing access: Pennyrile Forest State Park</name><desc>For US-1287 Pennyrile Forest State Park
Pennyrile Lake • Bank Access • paved parking
0.2 mi from the park GPS point
Source: Kentucky Dept. of Fish &amp; Wildlife Resources (kygisserver.ky.gov)
Nearby point (within 5 mi of the park GPS). It may be outside the park — for example on Corps of Engineers or other land. Check the official map.</desc><sym>Parking Area</sym><type>Nearby access - KDFWR fishing access</type></wpt>
<wpt lat="37.06986" lon="-87.66138"><name>US-4692 · KDFWR fishing access: Pennyrile Forest State Park</name><desc>For US-4692 Pennyrile State Forest
Pennyrile Lake • Bank Access • paved parking
0.5 mi from the park GPS point
Source: Kentucky Dept. of Fish &amp; Wildlife Resources (kygisserver.ky.gov)
Nearby point (within 5 mi of the park GPS). It may be outside the park — for example on Corps of Engineers or other land. Check the official map.</desc><sym>Parking Area</sym><type>Nearby access - KDFWR fishing access</type></wpt>
<wpt lat="37.81951" lon="-83.57471"><name>US-10104 · KDFWR fishing access: 715 Bridge Fishing Access</name><desc>For US-10104 Red River National Wild and Scenic River
Red River • Bank Access • unpaved parking
0.0 mi from the park GPS point
Source: Kentucky Dept. of Fish &amp; Wildlife Resources (kygisserver.ky.gov)
Nearby point (within 5 mi of the park GPS). It may be outside the park — for example on Corps of Engineers or other land. Check the official map.</desc><sym>Parking Area</sym><type>Nearby access - KDFWR fishing access</type></wpt>
<wpt lat="37.813351" lon="-83.582722"><name>US-10104 · KDFWR fishing access: Swift Camp Creek Fishing Access</name><desc>For US-10104 Red River National Wild and Scenic River
Swift Camp Creek • Bank Access • unpaved parking
0.6 mi from the park GPS point
Source: Kentucky Dept. of Fish &amp; Wildlife Resources (kygisserver.ky.gov)
Nearby point (within 5 mi of the park GPS). It may be outside the park — for example on Corps of Engineers or other land. Check the official map.</desc><sym>Parking Area</sym><type>Nearby access - KDFWR fishing access</type></wpt>
<wpt lat="37.62099" lon="-86.50178"><name>US-1289 · KDFWR fishing access: RRL Tailwater</name><desc>For US-1289 Rough River Dam State Park
Rough River Lake • Bank Access • paved parking
0.8 mi from the park GPS point
Source: Kentucky Dept. of Fish &amp; Wildlife Resources (kygisserver.ky.gov)
Nearby point (within 5 mi of the park GPS). It may be outside the park — for example on Corps of Engineers or other land. Check the official map.</desc><sym>Parking Area</sym><type>Nearby access - KDFWR fishing access</type></wpt>
<wpt lat="38.173989" lon="-84.922899"><name>US-10172 · KDFWR fishing access: Upper Sportman's Lake</name><desc>For US-10172 Salato Wildlife Refuge
Sportsman's Lakes • Fishing Pier • paved parking
0.3 mi from the park GPS point
Source: Kentucky Dept. of Fish &amp; Wildlife Resources (kygisserver.ky.gov)
Nearby point (within 5 mi of the park GPS). It may be outside the park — for example on Corps of Engineers or other land. Check the official map.</desc><sym>Parking Area</sym><type>Nearby access - KDFWR fishing access</type></wpt>
<wpt lat="38.173207" lon="-84.923255"><name>US-10172 · KDFWR fishing access: Lower Sportsman's Lake</name><desc>For US-10172 Salato Wildlife Refuge
Sportsman's Lakes • Bank Access • paved parking
0.3 mi from the park GPS point
Source: Kentucky Dept. of Fish &amp; Wildlife Resources (kygisserver.ky.gov)
Nearby point (within 5 mi of the park GPS). It may be outside the park — for example on Corps of Engineers or other land. Check the official map.</desc><sym>Parking Area</sym><type>Nearby access - KDFWR fishing access</type></wpt>
<wpt lat="38.6482" lon="-83.76221"><name>US-10167 · KDFWR fishing access: Maysville Fishing Pier</name><desc>For US-10167 Simon Kenton Wildlife Management Area
Ohio River - Above Cincinnati • Fishing Pier • paved parking
2.9 mi from the park GPS point
Source: Kentucky Dept. of Fish &amp; Wildlife Resources (kygisserver.ky.gov)
Nearby point (within 5 mi of the park GPS). It may be outside the park — for example on Corps of Engineers or other land. Check the official map.</desc><sym>Parking Area</sym><type>Nearby access - KDFWR fishing access</type></wpt>
<wpt lat="38.60145" lon="-83.80703"><name>US-10167 · KDFWR fishing access: Maysville-Mason County Rec. Lake</name><desc>For US-10167 Simon Kenton Wildlife Management Area
Maysville-Mason County Rec. Lake • Bank Access • unpaved parking
3.6 mi from the park GPS point
Source: Kentucky Dept. of Fish &amp; Wildlife Resources (kygisserver.ky.gov)
Nearby point (within 5 mi of the park GPS). It may be outside the park — for example on Corps of Engineers or other land. Check the official map.</desc><sym>Parking Area</sym><type>Nearby access - KDFWR fishing access</type></wpt>
<wpt lat="38.26656" lon="-85.7224"><name>US-7955 · KDFWR fishing access: Bandman Park</name><desc>For US-7955 Six Mile Island State Nature Preserve
Ohio River - Louisville • Bank Access • paved parking
4.3 mi from the park GPS point
Source: Kentucky Dept. of Fish &amp; Wildlife Resources (kygisserver.ky.gov)
Nearby point (within 5 mi of the park GPS). It may be outside the park — for example on Corps of Engineers or other land. Check the official map.</desc><sym>Parking Area</sym><type>Nearby access - KDFWR fishing access</type></wpt>
<wpt lat="38.24483" lon="-85.70052"><name>US-7955 · KDFWR fishing access: Cherokee Park</name><desc>For US-7955 Six Mile Island State Nature Preserve
Cherokee Park • Bank Access • paved parking
4.9 mi from the park GPS point
Source: Kentucky Dept. of Fish &amp; Wildlife Resources (kygisserver.ky.gov)
Nearby point (within 5 mi of the park GPS). It may be outside the park — for example on Corps of Engineers or other land. Check the official map.</desc><sym>Parking Area</sym><type>Nearby access - KDFWR fishing access</type></wpt>
<wpt lat="38.1924" lon="-83.43473"><name>US-10168 · KDFWR fishing access: Morehead State University</name><desc>For US-10168 Sunny Brook Wildlife Management Area
Eagle Lake • Bank Access • paved parking
3.5 mi from the park GPS point
Source: Kentucky Dept. of Fish &amp; Wildlife Resources (kygisserver.ky.gov)
Nearby point (within 5 mi of the park GPS). It may be outside the park — for example on Corps of Engineers or other land. Check the official map.</desc><sym>Parking Area</sym><type>Nearby access - KDFWR fishing access</type></wpt>
<wpt lat="38.183905" lon="-83.429168"><name>US-10168 · KDFWR fishing access: Triplett Creek Access</name><desc>For US-10168 Sunny Brook Wildlife Management Area
Triplett Creek • Bank Access • paved parking
3.7 mi from the park GPS point
Source: Kentucky Dept. of Fish &amp; Wildlife Resources (kygisserver.ky.gov)
Nearby point (within 5 mi of the park GPS). It may be outside the park — for example on Corps of Engineers or other land. Check the official map.</desc><sym>Parking Area</sym><type>Nearby access - KDFWR fishing access</type></wpt>
<wpt lat="38.32958" lon="-84.78243"><name>US-3833 · KDFWR fishing access: Kleber WMA</name><desc>For US-3833 T. N. Sullivan Wildlife Management Area
Kleber WMA Pond • Bank Access • unpaved parking
4.2 mi from the park GPS point
Source: Kentucky Dept. of Fish &amp; Wildlife Resources (kygisserver.ky.gov)
Nearby point (within 5 mi of the park GPS). It may be outside the park — for example on Corps of Engineers or other land. Check the official map.</desc><sym>Parking Area</sym><type>Nearby access - KDFWR fishing access</type></wpt>
<wpt lat="38.0077" lon="-85.30958"><name>US-1271 · KDFWR fishing access: Taylorsville Tailwater</name><desc>For US-1271 Taylorsville Lake State Park
Taylorsville Lake • Bank Access • paved parking
3.6 mi from the park GPS point
Source: Kentucky Dept. of Fish &amp; Wildlife Resources (kygisserver.ky.gov)
Nearby point (within 5 mi of the park GPS). It may be outside the park — for example on Corps of Engineers or other land. Check the official map.</desc><sym>Parking Area</sym><type>Nearby access - KDFWR fishing access</type></wpt>
<wpt lat="38.5738" lon="-85.031404"><name>US-3835 · KDFWR fishing access: Twin Eagle WMA Fishing Access</name><desc>For US-3835 Twin Eagle Wildlife Management Area
Twin Eagle WMA • Bank Access • unpaved parking
0.1 mi from the park GPS point
Source: Kentucky Dept. of Fish &amp; Wildlife Resources (kygisserver.ky.gov)
Nearby point (within 5 mi of the park GPS). It may be outside the park — for example on Corps of Engineers or other land. Check the official map.</desc><sym>Parking Area</sym><type>Nearby access - KDFWR fishing access</type></wpt>
<wpt lat="38.09777" lon="-83.49194"><name>US-10170 · KDFWR fishing access: Shallow Flats</name><desc>For US-10170 Twin Knobs Campground Wildlife Management Area
Cave Run Lake • Bank Access • paved parking
0.1 mi from the park GPS point
Source: Kentucky Dept. of Fish &amp; Wildlife Resources (kygisserver.ky.gov)
Nearby point (within 5 mi of the park GPS). It may be outside the park — for example on Corps of Engineers or other land. Check the official map.</desc><sym>Parking Area</sym><type>Nearby access - KDFWR fishing access</type></wpt>
<wpt lat="38.08925" lon="-83.48942"><name>US-10170 · KDFWR fishing access: Musky Bend</name><desc>For US-10170 Twin Knobs Campground Wildlife Management Area
Cave Run Lake • Bank Access • paved parking
0.5 mi from the park GPS point
Source: Kentucky Dept. of Fish &amp; Wildlife Resources (kygisserver.ky.gov)
Nearby point (within 5 mi of the park GPS). It may be outside the park — for example on Corps of Engineers or other land. Check the official map.</desc><sym>Parking Area</sym><type>Nearby access - KDFWR fishing access</type></wpt>
<wpt lat="38.099578" lon="-83.501061"><name>US-10170 · KDFWR fishing access: Boat Gunnel</name><desc>For US-10170 Twin Knobs Campground Wildlife Management Area
Cave Run Lake • Bank Access • paved parking
0.6 mi from the park GPS point
Source: Kentucky Dept. of Fish &amp; Wildlife Resources (kygisserver.ky.gov)
Nearby point (within 5 mi of the park GPS). It may be outside the park — for example on Corps of Engineers or other land. Check the official map.</desc><sym>Parking Area</sym><type>Nearby access - KDFWR fishing access</type></wpt>
<wpt lat="38.08788" lon="-83.48238"><name>US-10170 · KDFWR fishing access: Lake View</name><desc>For US-10170 Twin Knobs Campground Wildlife Management Area
Cave Run Lake • Bank Access • paved parking
0.7 mi from the park GPS point
Source: Kentucky Dept. of Fish &amp; Wildlife Resources (kygisserver.ky.gov)
Nearby point (within 5 mi of the park GPS). It may be outside the park — for example on Corps of Engineers or other land. Check the official map.</desc><sym>Parking Area</sym><type>Nearby access - KDFWR fishing access</type></wpt>
<wpt lat="38.1224" lon="-83.52488"><name>US-10170 · KDFWR fishing access: High Bank</name><desc>For US-10170 Twin Knobs Campground Wildlife Management Area
Cave Run Lake • Bank Access • paved parking
2.6 mi from the park GPS point
Source: Kentucky Dept. of Fish &amp; Wildlife Resources (kygisserver.ky.gov)
Nearby point (within 5 mi of the park GPS). It may be outside the park — for example on Corps of Engineers or other land. Check the official map.</desc><sym>Parking Area</sym><type>Nearby access - KDFWR fishing access</type></wpt>
<wpt lat="38.32226" lon="-84.548436"><name>US-3836 · KDFWR fishing access: Veterans Memorial WMA Pond</name><desc>For US-3836 Veterans Memorial Wildlife Management Area
Veterans Memorial WMA • Bank Access • unpaved parking
1.4 mi from the park GPS point
Source: Kentucky Dept. of Fish &amp; Wildlife Resources (kygisserver.ky.gov)
Nearby point (within 5 mi of the park GPS). It may be outside the park — for example on Corps of Engineers or other land. Check the official map.</desc><sym>Parking Area</sym><type>Nearby access - KDFWR fishing access</type></wpt>
<wpt lat="38.241075" lon="-84.572284"><name>US-3836 · KDFWR fishing access: Scott County Park Lake Fishing Pier</name><desc>For US-3836 Veterans Memorial Wildlife Management Area
Scott County Park • Fishing Pier • paved parking
4.4 mi from the park GPS point
Source: Kentucky Dept. of Fish &amp; Wildlife Resources (kygisserver.ky.gov)
Nearby point (within 5 mi of the park GPS). It may be outside the park — for example on Corps of Engineers or other land. Check the official map.</desc><sym>Parking Area</sym><type>Nearby access - KDFWR fishing access</type></wpt>
<wpt lat="38.240347" lon="-84.573029"><name>US-3836 · KDFWR fishing access: Scott County Park Lake</name><desc>For US-3836 Veterans Memorial Wildlife Management Area
Scott County Park • Bank Access • paved parking
4.5 mi from the park GPS point
Source: Kentucky Dept. of Fish &amp; Wildlife Resources (kygisserver.ky.gov)
Nearby point (within 5 mi of the park GPS). It may be outside the park — for example on Corps of Engineers or other land. Check the official map.</desc><sym>Parking Area</sym><type>Nearby access - KDFWR fishing access</type></wpt>
<wpt lat="38.235713" lon="-84.568586"><name>US-3836 · KDFWR fishing access: Lusby Lake</name><desc>For US-3836 Veterans Memorial Wildlife Management Area
Lusby Lake • Bank Access • paved parking
4.7 mi from the park GPS point
Source: Kentucky Dept. of Fish &amp; Wildlife Resources (kygisserver.ky.gov)
Nearby point (within 5 mi of the park GPS). It may be outside the park — for example on Corps of Engineers or other land. Check the official map.</desc><sym>Parking Area</sym><type>Nearby access - KDFWR fishing access</type></wpt>
<wpt lat="37.967244" lon="-84.5915133"><name>US-3786 · KDFWR fishing access: Southland Church Lake Fishing Access</name><desc>For US-3786 Waveland State Historic Site
Southland Church Lake • Bank Access • paved parking
3.0 mi from the park GPS point
Source: Kentucky Dept. of Fish &amp; Wildlife Resources (kygisserver.ky.gov)
Nearby point (within 5 mi of the park GPS). It may be outside the park — for example on Corps of Engineers or other land. Check the official map.</desc><sym>Parking Area</sym><type>Nearby access - KDFWR fishing access</type></wpt>
<wpt lat="37.1160946" lon="-88.83386307"><name>US-3837 · KDFWR fishing access: West KY WMA Fishing Pier</name><desc>For US-3837 West Kentucky Wildlife Management Area
West KY Wildlife Management Area • Fishing Pier • paved parking
2.6 mi from the park GPS point
Source: Kentucky Dept. of Fish &amp; Wildlife Resources (kygisserver.ky.gov)
Nearby point (within 5 mi of the park GPS). It may be outside the park — for example on Corps of Engineers or other land. Check the official map.</desc><sym>Parking Area</sym><type>Nearby access - KDFWR fishing access</type></wpt>
<wpt lat="37.830651" lon="-84.349776"><name>US-3787 · KDFWR fishing access: Whitehall Park Lake</name><desc>For US-3787 White Hall State Historic Site
Whitehall Park Lake • Bank Access • paved parking
0.2 mi from the park GPS point
Source: Kentucky Dept. of Fish &amp; Wildlife Resources (kygisserver.ky.gov)
Nearby point (within 5 mi of the park GPS). It may be outside the park — for example on Corps of Engineers or other land. Check the official map.</desc><sym>Parking Area</sym><type>Nearby access - KDFWR fishing access</type></wpt>
<wpt lat="37.456087" lon="-84.549482"><name>US-3789 · KDFWR fishing access: Cedar Creek Lake Fishing Pier</name><desc>For US-3789 William Whitley House State Historic Site
Cedar Creek Lake • Fishing Pier • paved parking
0.8 mi from the park GPS point
Source: Kentucky Dept. of Fish &amp; Wildlife Resources (kygisserver.ky.gov)
Nearby point (within 5 mi of the park GPS). It may be outside the park — for example on Corps of Engineers or other land. Check the official map.</desc><sym>Parking Area</sym><type>Nearby access - KDFWR fishing access</type></wpt>
<wpt lat="37.488309" lon="-84.54566"><name>US-3789 · KDFWR fishing access: Cedar Creek Bank Fishing Area</name><desc>For US-3789 William Whitley House State Historic Site
Cedar Creek Lake • Bank Access • unpaved parking
1.4 mi from the park GPS point
Source: Kentucky Dept. of Fish &amp; Wildlife Resources (kygisserver.ky.gov)
Nearby point (within 5 mi of the park GPS). It may be outside the park — for example on Corps of Engineers or other land. Check the official map.</desc><sym>Parking Area</sym><type>Nearby access - KDFWR fishing access</type></wpt>
<wpt lat="36.875404" lon="-85.146567"><name>US-10099 · KDFWR fishing access: Hatchery Creek Fishing Access</name><desc>For US-10099 Wolf Creek National Fish Hatchery
Hatchery Creek • Bank Access • paved parking
0.2 mi from the park GPS point
Source: Kentucky Dept. of Fish &amp; Wildlife Resources (kygisserver.ky.gov)
Nearby point (within 5 mi of the park GPS). It may be outside the park — for example on Corps of Engineers or other land. Check the official map.</desc><sym>Parking Area</sym><type>Nearby access - KDFWR fishing access</type></wpt>
<wpt lat="36.871961" lon="-85.223011"><name>US-10099 · KDFWR fishing access: Rainbow Run</name><desc>For US-10099 Wolf Creek National Fish Hatchery
Lake Cumberland Tailwater • Bank Access • parking not listed parking
4.3 mi from the park GPS point
Source: Kentucky Dept. of Fish &amp; Wildlife Resources (kygisserver.ky.gov)
Nearby point (within 5 mi of the park GPS). It may be outside the park — for example on Corps of Engineers or other land. Check the official map.</desc><sym>Parking Area</sym><type>Nearby access - KDFWR fishing access</type></wpt>
<wpt lat="36.88458889" lon="-85.22320833"><name>US-10099 · KDFWR fishing access: Long Bar Fishing Access</name><desc>For US-10099 Wolf Creek National Fish Hatchery
Lake Cumberland Tailwater • Bank Access • unpaved parking
4.4 mi from the park GPS point
Source: Kentucky Dept. of Fish &amp; Wildlife Resources (kygisserver.ky.gov)
Nearby point (within 5 mi of the park GPS). It may be outside the park — for example on Corps of Engineers or other land. Check the official map.</desc><sym>Parking Area</sym><type>Nearby access - KDFWR fishing access</type></wpt>
<wpt lat="38.12848" lon="-82.69628"><name>US-1272 · KDFWR fishing access: Yatesville Tailwater</name><desc>For US-1272 Yatesville Lake State Park
Yatesville Lake • Bank Access • paved parking
2.3 mi from the park GPS point
Source: Kentucky Dept. of Fish &amp; Wildlife Resources (kygisserver.ky.gov)
Nearby point (within 5 mi of the park GPS). It may be outside the park — for example on Corps of Engineers or other land. Check the official map.</desc><sym>Parking Area</sym><type>Nearby access - KDFWR fishing access</type></wpt>
<wpt lat="38.12848" lon="-82.69628"><name>US-3839 · KDFWR fishing access: Yatesville Tailwater</name><desc>For US-3839 Yatesville Lake Wildlife Management Area
Yatesville Lake • Bank Access • paved parking
4.7 mi from the park GPS point
Source: Kentucky Dept. of Fish &amp; Wildlife Resources (kygisserver.ky.gov)
Nearby point (within 5 mi of the park GPS). It may be outside the park — for example on Corps of Engineers or other land. Check the official map.</desc><sym>Parking Area</sym><type>Nearby access - KDFWR fishing access</type></wpt>
<wpt lat="38.08925" lon="-83.48942"><name>US-10171 · KDFWR fishing access: Musky Bend</name><desc>For US-10171 Zilpo Campground Wildlife Management Area
Cave Run Lake • Bank Access • paved parking
1.1 mi from the park GPS point
Source: Kentucky Dept. of Fish &amp; Wildlife Resources (kygisserver.ky.gov)
Nearby point (within 5 mi of the park GPS). It may be outside the park — for example on Corps of Engineers or other land. Check the official map.</desc><sym>Parking Area</sym><type>Nearby access - KDFWR fishing access</type></wpt>
<wpt lat="38.08788" lon="-83.48238"><name>US-10171 · KDFWR fishing access: Lake View</name><desc>For US-10171 Zilpo Campground Wildlife Management Area
Cave Run Lake • Bank Access • paved parking
1.2 mi from the park GPS point
Source: Kentucky Dept. of Fish &amp; Wildlife Resources (kygisserver.ky.gov)
Nearby point (within 5 mi of the park GPS). It may be outside the park — for example on Corps of Engineers or other land. Check the official map.</desc><sym>Parking Area</sym><type>Nearby access - KDFWR fishing access</type></wpt>
<wpt lat="38.09777" lon="-83.49194"><name>US-10171 · KDFWR fishing access: Shallow Flats</name><desc>For US-10171 Zilpo Campground Wildlife Management Area
Cave Run Lake • Bank Access • paved parking
1.6 mi from the park GPS point
Source: Kentucky Dept. of Fish &amp; Wildlife Resources (kygisserver.ky.gov)
Nearby point (within 5 mi of the park GPS). It may be outside the park — for example on Corps of Engineers or other land. Check the official map.</desc><sym>Parking Area</sym><type>Nearby access - KDFWR fishing access</type></wpt>
<wpt lat="38.099578" lon="-83.501061"><name>US-10171 · KDFWR fishing access: Boat Gunnel</name><desc>For US-10171 Zilpo Campground Wildlife Management Area
Cave Run Lake • Bank Access • paved parking
1.7 mi from the park GPS point
Source: Kentucky Dept. of Fish &amp; Wildlife Resources (kygisserver.ky.gov)
Nearby point (within 5 mi of the park GPS). It may be outside the park — for example on Corps of Engineers or other land. Check the official map.</desc><sym>Parking Area</sym><type>Nearby access - KDFWR fishing access</type></wpt>
<wpt lat="38.1224" lon="-83.52488"><name>US-10171 · KDFWR fishing access: High Bank</name><desc>For US-10171 Zilpo Campground Wildlife Management Area
Cave Run Lake • Bank Access • paved parking
3.6 mi from the park GPS point
Source: Kentucky Dept. of Fish &amp; Wildlife Resources (kygisserver.ky.gov)
Nearby point (within 5 mi of the park GPS). It may be outside the park — for example on Corps of Engineers or other land. Check the official map.</desc><sym>Parking Area</sym><type>Nearby access - KDFWR fishing access</type></wpt>
<wpt lat="36.857864" lon="-86.064421"><name>US-1273 · State Parks trailhead: Tbd</name><desc>For US-1273 Barren River Lake State Park
parking: no
0.5 mi from the park GPS point
Source: Kentucky State Parks (kygisserver.ky.gov)
Nearby point (within 5 mi of the park GPS). It may be outside the park — for example on Corps of Engineers or other land. Check the official map.</desc><sym>Parking Area</sym><type>Nearby access - State Parks trailhead</type></wpt>
<wpt lat="36.862531" lon="-86.067631"><name>US-1273 · State Parks trailhead: Connell</name><desc>For US-1273 Barren River Lake State Park
parking: yes
0.8 mi from the park GPS point
Source: Kentucky State Parks (kygisserver.ky.gov)
Nearby point (within 5 mi of the park GPS). It may be outside the park — for example on Corps of Engineers or other land. Check the official map.</desc><sym>Parking Area</sym><type>Nearby access - State Parks trailhead</type></wpt>
<wpt lat="36.863048" lon="-86.067642"><name>US-1273 · State Parks trailhead: Bicycle</name><desc>For US-1273 Barren River Lake State Park
parking: no
0.8 mi from the park GPS point
Source: Kentucky State Parks (kygisserver.ky.gov)
Nearby point (within 5 mi of the park GPS). It may be outside the park — for example on Corps of Engineers or other land. Check the official map.</desc><sym>Parking Area</sym><type>Nearby access - State Parks trailhead</type></wpt>
<wpt lat="38.884476" lon="-84.752765"><name>US-3779 · State Parks trailhead: Museum</name><desc>For US-3779 Big Bone Lick State Historic Site
Trail: Big Bone Creek; parking: yes
0.3 mi from the park GPS point
Source: Kentucky State Parks (kygisserver.ky.gov)
Nearby point (within 5 mi of the park GPS). It may be outside the park — for example on Corps of Engineers or other land. Check the official map.</desc><sym>Parking Area</sym><type>Nearby access - State Parks trailhead</type></wpt>
<wpt lat="38.883753" lon="-84.752903"><name>US-3779 · State Parks trailhead: Museum Parking Lot</name><desc>For US-3779 Big Bone Lick State Historic Site
Trail: Gobblers Trace / Bison Trace; parking: yes
0.4 mi from the park GPS point
Source: Kentucky State Parks (kygisserver.ky.gov)
Nearby point (within 5 mi of the park GPS). It may be outside the park — for example on Corps of Engineers or other land. Check the official map.</desc><sym>Parking Area</sym><type>Nearby access - State Parks trailhead</type></wpt>
<wpt lat="38.880209" lon="-84.745433"><name>US-3779 · State Parks trailhead: Campground</name><desc>For US-3779 Big Bone Lick State Historic Site
Trail: Gobblers Trace; parking: no
0.5 mi from the park GPS point
Source: Kentucky State Parks (kygisserver.ky.gov)
Nearby point (within 5 mi of the park GPS). It may be outside the park — for example on Corps of Engineers or other land. Check the official map.</desc><sym>Parking Area</sym><type>Nearby access - State Parks trailhead</type></wpt>
<wpt lat="38.429434" lon="-83.992402"><name>US-1274 · State Parks trailhead: Buffalo Trace To Nature Center</name><desc>For US-1274 Blue Licks Battlefield State Park
Trail: Buffalo Trace; parking: yes
0.0 mi from the park GPS point
Source: Kentucky State Parks (kygisserver.ky.gov)
Nearby point (within 5 mi of the park GPS). It may be outside the park — for example on Corps of Engineers or other land. Check the official map.</desc><sym>Parking Area</sym><type>Nearby access - State Parks trailhead</type></wpt>
<wpt lat="38.428681" lon="-83.993147"><name>US-1274 · State Parks trailhead: Savannah And Licking River</name><desc>For US-1274 Blue Licks Battlefield State Park
Trail: Savannah; parking: yes
0.1 mi from the park GPS point
Source: Kentucky State Parks (kygisserver.ky.gov)
Nearby point (within 5 mi of the park GPS). It may be outside the park — for example on Corps of Engineers or other land. Check the official map.</desc><sym>Parking Area</sym><type>Nearby access - State Parks trailhead</type></wpt>
<wpt lat="38.431711" lon="-83.992981"><name>US-1274 · State Parks trailhead: Buffalo Trace</name><desc>For US-1274 Blue Licks Battlefield State Park
parking: yes
0.2 mi from the park GPS point
Source: Kentucky State Parks (kygisserver.ky.gov)
Nearby point (within 5 mi of the park GPS). It may be outside the park — for example on Corps of Engineers or other land. Check the official map.</desc><sym>Parking Area</sym><type>Nearby access - State Parks trailhead</type></wpt>
<wpt lat="38.431685" lon="-83.994153"><name>US-1274 · State Parks trailhead: Licking River Trail</name><desc>For US-1274 Blue Licks Battlefield State Park
Trail: Licking River; parking: yes
0.2 mi from the park GPS point
Source: Kentucky State Parks (kygisserver.ky.gov)
Nearby point (within 5 mi of the park GPS). It may be outside the park — for example on Corps of Engineers or other land. Check the official map.</desc><sym>Parking Area</sym><type>Nearby access - State Parks trailhead</type></wpt>
<wpt lat="38.426706" lon="-83.994495"><name>US-1274 · State Parks trailhead: Behind Campsite 23</name><desc>For US-1274 Blue Licks Battlefield State Park
Trail: Heritage; parking: no
0.2 mi from the park GPS point
Source: Kentucky State Parks (kygisserver.ky.gov)
Nearby point (within 5 mi of the park GPS). It may be outside the park — for example on Corps of Engineers or other land. Check the official map.</desc><sym>Parking Area</sym><type>Nearby access - State Parks trailhead</type></wpt>
<wpt lat="38.425735" lon="-83.992419"><name>US-1274 · State Parks trailhead: Heritage</name><desc>For US-1274 Blue Licks Battlefield State Park
parking: yes
0.2 mi from the park GPS point
Source: Kentucky State Parks (kygisserver.ky.gov)
Nearby point (within 5 mi of the park GPS). It may be outside the park — for example on Corps of Engineers or other land. Check the official map.</desc><sym>Parking Area</sym><type>Nearby access - State Parks trailhead</type></wpt>
<wpt lat="38.427488" lon="-83.997078"><name>US-1274 · State Parks trailhead: Boat Ramp</name><desc>For US-1274 Blue Licks Battlefield State Park
Trail: Licking River; parking: yes
0.3 mi from the park GPS point
Source: Kentucky State Parks (kygisserver.ky.gov)
Nearby point (within 5 mi of the park GPS). It may be outside the park — for example on Corps of Engineers or other land. Check the official map.</desc><sym>Parking Area</sym><type>Nearby access - State Parks trailhead</type></wpt>
<wpt lat="38.434472" lon="-83.996694"><name>US-1274 · State Parks trailhead: Indian Run Trail</name><desc>For US-1274 Blue Licks Battlefield State Park
Trail: Indian Run; parking: no
0.4 mi from the park GPS point
Source: Kentucky State Parks (kygisserver.ky.gov)
Nearby point (within 5 mi of the park GPS). It may be outside the park — for example on Corps of Engineers or other land. Check the official map.</desc><sym>Parking Area</sym><type>Nearby access - State Parks trailhead</type></wpt>
<wpt lat="38.420743" lon="-83.993561"><name>US-1274 · State Parks trailhead: Tanner'S Station</name><desc>For US-1274 Blue Licks Battlefield State Park
Trail: Heritage; parking: yes
0.6 mi from the park GPS point
Source: Kentucky State Parks (kygisserver.ky.gov)
Nearby point (within 5 mi of the park GPS). It may be outside the park — for example on Corps of Engineers or other land. Check the official map.</desc><sym>Parking Area</sym><type>Nearby access - State Parks trailhead</type></wpt>
<wpt lat="37.29317" lon="-82.30816"><name>US-3781 · State Parks trailhead: Geological &amp; Ridge</name><desc>For US-3781 Breaks Interstate State Park
parking: yes
0.7 mi from the park GPS point
Source: Kentucky State Parks (kygisserver.ky.gov)
Nearby point (within 5 mi of the park GPS). It may be outside the park — for example on Corps of Engineers or other land. Check the official map.</desc><sym>Parking Area</sym><type>Nearby access - State Parks trailhead</type></wpt>
<wpt lat="37.292726" lon="-82.308052"><name>US-3781 · State Parks trailhead: Overlook Trail</name><desc>For US-3781 Breaks Interstate State Park
Trail: Overlook; parking: yes
0.7 mi from the park GPS point
Source: Kentucky State Parks (kygisserver.ky.gov)
Nearby point (within 5 mi of the park GPS). It may be outside the park — for example on Corps of Engineers or other land. Check the official map.</desc><sym>Parking Area</sym><type>Nearby access - State Parks trailhead</type></wpt>
<wpt lat="37.292556" lon="-82.307784"><name>US-3781 · State Parks trailhead: Ridge</name><desc>For US-3781 Breaks Interstate State Park
parking: yes
0.7 mi from the park GPS point
Source: Kentucky State Parks (kygisserver.ky.gov)
Nearby point (within 5 mi of the park GPS). It may be outside the park — for example on Corps of Engineers or other land. Check the official map.</desc><sym>Parking Area</sym><type>Nearby access - State Parks trailhead</type></wpt>
<wpt lat="37.295778" lon="-82.301851"><name>US-3781 · State Parks trailhead: Grassy Overlook Trail</name><desc>For US-3781 Breaks Interstate State Park
Trail: Grassy Overlook; parking: yes
0.7 mi from the park GPS point
Source: Kentucky State Parks (kygisserver.ky.gov)
Nearby point (within 5 mi of the park GPS). It may be outside the park — for example on Corps of Engineers or other land. Check the official map.</desc><sym>Parking Area</sym><type>Nearby access - State Parks trailhead</type></wpt>
<wpt lat="37.287477" lon="-82.305473"><name>US-3781 · State Parks trailhead: Overlook Trail</name><desc>For US-3781 Breaks Interstate State Park
Trail: Overlook; parking: yes
1.1 mi from the park GPS point
Source: Kentucky State Parks (kygisserver.ky.gov)
Nearby point (within 5 mi of the park GPS). It may be outside the park — for example on Corps of Engineers or other land. Check the official map.</desc><sym>Parking Area</sym><type>Nearby access - State Parks trailhead</type></wpt>
<wpt lat="37.294873" lon="-82.293666"><name>US-3781 · State Parks trailhead: Main</name><desc>For US-3781 Breaks Interstate State Park
parking: no
1.1 mi from the park GPS point
Source: Kentucky State Parks (kygisserver.ky.gov)
Nearby point (within 5 mi of the park GPS). It may be outside the park — for example on Corps of Engineers or other land. Check the official map.</desc><sym>Parking Area</sym><type>Nearby access - State Parks trailhead</type></wpt>
<wpt lat="37.293285" lon="-82.294838"><name>US-3781 · State Parks trailhead: Deer</name><desc>For US-3781 Breaks Interstate State Park
parking: yes
1.1 mi from the park GPS point
Source: Kentucky State Parks (kygisserver.ky.gov)
Nearby point (within 5 mi of the park GPS). It may be outside the park — for example on Corps of Engineers or other land. Check the official map.</desc><sym>Parking Area</sym><type>Nearby access - State Parks trailhead</type></wpt>
<wpt lat="37.293071" lon="-82.294721"><name>US-3781 · State Parks trailhead: Main</name><desc>For US-3781 Breaks Interstate State Park
parking: yes
1.2 mi from the park GPS point
Source: Kentucky State Parks (kygisserver.ky.gov)
Nearby point (within 5 mi of the park GPS). It may be outside the park — for example on Corps of Engineers or other land. Check the official map.</desc><sym>Parking Area</sym><type>Nearby access - State Parks trailhead</type></wpt>
<wpt lat="37.286631" lon="-82.304768"><name>US-3781 · State Parks trailhead: Overlook Trail</name><desc>For US-3781 Breaks Interstate State Park
Trail: Overlook; parking: yes
1.2 mi from the park GPS point
Source: Kentucky State Parks (kygisserver.ky.gov)
Nearby point (within 5 mi of the park GPS). It may be outside the park — for example on Corps of Engineers or other land. Check the official map.</desc><sym>Parking Area</sym><type>Nearby access - State Parks trailhead</type></wpt>
<wpt lat="37.286188" lon="-82.303416"><name>US-3781 · State Parks trailhead: Tower Tunnel</name><desc>For US-3781 Breaks Interstate State Park
parking: yes
1.2 mi from the park GPS point
Source: Kentucky State Parks (kygisserver.ky.gov)
Nearby point (within 5 mi of the park GPS). It may be outside the park — for example on Corps of Engineers or other land. Check the official map.</desc><sym>Parking Area</sym><type>Nearby access - State Parks trailhead</type></wpt>
<wpt lat="37.286993" lon="-82.301108"><name>US-3781 · State Parks trailhead: Cold Spring Trail</name><desc>For US-3781 Breaks Interstate State Park
Trail: Cold Spring; parking: yes
1.2 mi from the park GPS point
Source: Kentucky State Parks (kygisserver.ky.gov)
Nearby point (within 5 mi of the park GPS). It may be outside the park — for example on Corps of Engineers or other land. Check the official map.</desc><sym>Parking Area</sym><type>Nearby access - State Parks trailhead</type></wpt>
<wpt lat="37.285297" lon="-82.299726"><name>US-3781 · State Parks trailhead: Loop</name><desc>For US-3781 Breaks Interstate State Park
parking: yes
1.4 mi from the park GPS point
Source: Kentucky State Parks (kygisserver.ky.gov)
Nearby point (within 5 mi of the park GPS). It may be outside the park — for example on Corps of Engineers or other land. Check the official map.</desc><sym>Parking Area</sym><type>Nearby access - State Parks trailhead</type></wpt>
<wpt lat="37.28815" lon="-82.294403"><name>US-3781 · State Parks trailhead: Lake Trail</name><desc>For US-3781 Breaks Interstate State Park
Trail: Lake; parking: no
1.4 mi from the park GPS point
Source: Kentucky State Parks (kygisserver.ky.gov)
Nearby point (within 5 mi of the park GPS). It may be outside the park — for example on Corps of Engineers or other land. Check the official map.</desc><sym>Parking Area</sym><type>Nearby access - State Parks trailhead</type></wpt>
<wpt lat="37.29528" lon="-82.3378"><name>US-3781 · State Parks trailhead: Russell Fork</name><desc>For US-3781 Breaks Interstate State Park
Trail: Pine Mountain State Scenic Trail; parking: yes
1.5 mi from the park GPS point
Source: Kentucky State Parks (kygisserver.ky.gov)
Nearby point (within 5 mi of the park GPS). It may be outside the park — for example on Corps of Engineers or other land. Check the official map.</desc><sym>Parking Area</sym><type>Nearby access - State Parks trailhead</type></wpt>
<wpt lat="37.285444" lon="-82.291093"><name>US-3781 · State Parks trailhead: Towers Overlook</name><desc>For US-3781 Breaks Interstate State Park
Trail: Towers; parking: yes
1.7 mi from the park GPS point
Source: Kentucky State Parks (kygisserver.ky.gov)
Nearby point (within 5 mi of the park GPS). It may be outside the park — for example on Corps of Engineers or other land. Check the official map.</desc><sym>Parking Area</sym><type>Nearby access - State Parks trailhead</type></wpt>
<wpt lat="37.271463" lon="-82.294882"><name>US-3781 · State Parks trailhead: Campbranch</name><desc>For US-3781 Breaks Interstate State Park
parking: yes
2.4 mi from the park GPS point
Source: Kentucky State Parks (kygisserver.ky.gov)
Nearby point (within 5 mi of the park GPS). It may be outside the park — for example on Corps of Engineers or other land. Check the official map.</desc><sym>Parking Area</sym><type>Nearby access - State Parks trailhead</type></wpt>
<wpt lat="37.306433" lon="-83.444787"><name>US-1275 · State Parks trailhead: Moonshiner'S Hollow And Leatherwood</name><desc>For US-1275 Buckhorn Lake State Park
parking: yes
0.1 mi from the park GPS point
Source: Kentucky State Parks (kygisserver.ky.gov)
Nearby point (within 5 mi of the park GPS). It may be outside the park — for example on Corps of Engineers or other land. Check the official map.</desc><sym>Parking Area</sym><type>Nearby access - State Parks trailhead</type></wpt>
<wpt lat="37.304059" lon="-83.442134"><name>US-1275 · State Parks trailhead: Autumn Loop</name><desc>For US-1275 Buckhorn Lake State Park
parking: yes
0.3 mi from the park GPS point
Source: Kentucky State Parks (kygisserver.ky.gov)
Nearby point (within 5 mi of the park GPS). It may be outside the park — for example on Corps of Engineers or other land. Check the official map.</desc><sym>Parking Area</sym><type>Nearby access - State Parks trailhead</type></wpt>
<wpt lat="37.306519" lon="-83.440061"><name>US-1275 · State Parks trailhead: Moonshiner'S Hollow</name><desc>For US-1275 Buckhorn Lake State Park
parking: yes
0.3 mi from the park GPS point
Source: Kentucky State Parks (kygisserver.ky.gov)
Nearby point (within 5 mi of the park GPS). It may be outside the park — for example on Corps of Engineers or other land. Check the official map.</desc><sym>Parking Area</sym><type>Nearby access - State Parks trailhead</type></wpt>
<wpt lat="38.375211" lon="-83.125818"><name>US-1276 · State Parks trailhead: Mini Golf</name><desc>For US-1276 Carter Caves State Park
Trail: Three Bridges; parking: yes
0.2 mi from the park GPS point
Source: Kentucky State Parks (kygisserver.ky.gov)
Nearby point (within 5 mi of the park GPS). It may be outside the park — for example on Corps of Engineers or other land. Check the official map.</desc><sym>Parking Area</sym><type>Nearby access - State Parks trailhead</type></wpt>
<wpt lat="38.369907" lon="-83.123975"><name>US-1276 · State Parks trailhead: Lodge Upper</name><desc>For US-1276 Carter Caves State Park
Trail: Three Bridges; parking: yes
0.3 mi from the park GPS point
Source: Kentucky State Parks (kygisserver.ky.gov)
Nearby point (within 5 mi of the park GPS). It may be outside the park — for example on Corps of Engineers or other land. Check the official map.</desc><sym>Parking Area</sym><type>Nearby access - State Parks trailhead</type></wpt>
<wpt lat="38.369769" lon="-83.123235"><name>US-1276 · State Parks trailhead: Mulligan</name><desc>For US-1276 Carter Caves State Park
parking: yes
0.3 mi from the park GPS point
Source: Kentucky State Parks (kygisserver.ky.gov)
Nearby point (within 5 mi of the park GPS). It may be outside the park — for example on Corps of Engineers or other land. Check the official map.</desc><sym>Parking Area</sym><type>Nearby access - State Parks trailhead</type></wpt>
<wpt lat="38.368289" lon="-83.126073"><name>US-1276 · State Parks trailhead: Swimming Pool</name><desc>For US-1276 Carter Caves State Park
Trail: Three Bridges; parking: yes
0.3 mi from the park GPS point
Source: Kentucky State Parks (kygisserver.ky.gov)
Nearby point (within 5 mi of the park GPS). It may be outside the park — for example on Corps of Engineers or other land. Check the official map.</desc><sym>Parking Area</sym><type>Nearby access - State Parks trailhead</type></wpt>
<wpt lat="38.376978" lon="-83.12349"><name>US-1276 · State Parks trailhead: Saltpeter Cave</name><desc>For US-1276 Carter Caves State Park
Trail: Three Bridges; parking: yes
0.3 mi from the park GPS point
Source: Kentucky State Parks (kygisserver.ky.gov)
Nearby point (within 5 mi of the park GPS). It may be outside the park — for example on Corps of Engineers or other land. Check the official map.</desc><sym>Parking Area</sym><type>Nearby access - State Parks trailhead</type></wpt>
<wpt lat="38.36901" lon="-83.122809"><name>US-1276 · State Parks trailhead: Lodge Lower</name><desc>For US-1276 Carter Caves State Park
Trail: Raven Bridge / Three Bridges; parking: yes
0.4 mi from the park GPS point
Source: Kentucky State Parks (kygisserver.ky.gov)
Nearby point (within 5 mi of the park GPS). It may be outside the park — for example on Corps of Engineers or other land. Check the official map.</desc><sym>Parking Area</sym><type>Nearby access - State Parks trailhead</type></wpt>
<wpt lat="38.377406" lon="-83.123379"><name>US-1276 · State Parks trailhead: Welcome Center</name><desc>For US-1276 Carter Caves State Park
Trail: Natural Bridge; parking: yes
0.4 mi from the park GPS point
Source: Kentucky State Parks (kygisserver.ky.gov)
Nearby point (within 5 mi of the park GPS). It may be outside the park — for example on Corps of Engineers or other land. Check the official map.</desc><sym>Parking Area</sym><type>Nearby access - State Parks trailhead</type></wpt>
<wpt lat="38.377536" lon="-83.122535"><name>US-1276 · State Parks trailhead: X Cave</name><desc>For US-1276 Carter Caves State Park
Trail: 4C'S / Horn Hollow; parking: yes
0.4 mi from the park GPS point
Source: Kentucky State Parks (kygisserver.ky.gov)
Nearby point (within 5 mi of the park GPS). It may be outside the park — for example on Corps of Engineers or other land. Check the official map.</desc><sym>Parking Area</sym><type>Nearby access - State Parks trailhead</type></wpt>
<wpt lat="38.377105" lon="-83.133823"><name>US-1276 · State Parks trailhead: Horse Campground</name><desc>For US-1276 Carter Caves State Park
Trail: Kiser Hollow; parking: yes
0.4 mi from the park GPS point
Source: Kentucky State Parks (kygisserver.ky.gov)
Nearby point (within 5 mi of the park GPS). It may be outside the park — for example on Corps of Engineers or other land. Check the official map.</desc><sym>Parking Area</sym><type>Nearby access - State Parks trailhead</type></wpt>
<wpt lat="38.366783" lon="-83.130318"><name>US-1276 · State Parks trailhead: Boat Ramp</name><desc>For US-1276 Carter Caves State Park
Trail: 4C'S; parking: yes
0.5 mi from the park GPS point
Source: Kentucky State Parks (kygisserver.ky.gov)
Nearby point (within 5 mi of the park GPS). It may be outside the park — for example on Corps of Engineers or other land. Check the official map.</desc><sym>Parking Area</sym><type>Nearby access - State Parks trailhead</type></wpt>
<wpt lat="38.372064" lon="-83.115523"><name>US-1276 · State Parks trailhead: Cottages</name><desc>For US-1276 Carter Caves State Park
Trail: Three Bridges; parking: no
0.6 mi from the park GPS point
Source: Kentucky State Parks (kygisserver.ky.gov)
Nearby point (within 5 mi of the park GPS). It may be outside the park — for example on Corps of Engineers or other land. Check the official map.</desc><sym>Parking Area</sym><type>Nearby access - State Parks trailhead</type></wpt>
<wpt lat="38.374883" lon="-83.115265"><name>US-1276 · State Parks trailhead: Laurel Cave</name><desc>For US-1276 Carter Caves State Park
parking: yes
0.7 mi from the park GPS point
Source: Kentucky State Parks (kygisserver.ky.gov)
Nearby point (within 5 mi of the park GPS). It may be outside the park — for example on Corps of Engineers or other land. Check the official map.</desc><sym>Parking Area</sym><type>Nearby access - State Parks trailhead</type></wpt>
<wpt lat="38.355514" lon="-83.111767"><name>US-1276 · State Parks trailhead: Cascade Cave</name><desc>For US-1276 Carter Caves State Park
Trail: Box Canyon; parking: yes
1.5 mi from the park GPS point
Source: Kentucky State Parks (kygisserver.ky.gov)
Nearby point (within 5 mi of the park GPS). It may be outside the park — for example on Corps of Engineers or other land. Check the official map.</desc><sym>Parking Area</sym><type>Nearby access - State Parks trailhead</type></wpt>
<wpt lat="36.766116" lon="-89.110173"><name>US-1252 · State Parks trailhead: Columbus-Belmont</name><desc>For US-1252 Columbus Belmont State Park
Trail: Nature Trail; parking: yes
0.0 mi from the park GPS point
Source: Kentucky State Parks (kygisserver.ky.gov)
Nearby point (within 5 mi of the park GPS). It may be outside the park — for example on Corps of Engineers or other land. Check the official map.</desc><sym>Parking Area</sym><type>Nearby access - State Parks trailhead</type></wpt>
<wpt lat="36.766578" lon="-89.110946"><name>US-1252 · State Parks trailhead: Confederate Trenches</name><desc>For US-1252 Columbus Belmont State Park
Trail: Trench Trail; parking: yes
0.1 mi from the park GPS point
Source: Kentucky State Parks (kygisserver.ky.gov)
Nearby point (within 5 mi of the park GPS). It may be outside the park — for example on Corps of Engineers or other land. Check the official map.</desc><sym>Parking Area</sym><type>Nearby access - State Parks trailhead</type></wpt>
<wpt lat="36.841264" lon="-84.339292"><name>US-1277 · State Parks trailhead: Clifty Campground</name><desc>For US-1277 Cumberland Falls State Park
Trail: Wildflower Loop Trail 12; parking: no
0.1 mi from the park GPS point
Source: Kentucky State Parks (kygisserver.ky.gov)
Nearby point (within 5 mi of the park GPS). It may be outside the park — for example on Corps of Engineers or other land. Check the official map.</desc><sym>Parking Area</sym><type>Nearby access - State Parks trailhead</type></wpt>
<wpt lat="36.838954" lon="-84.338999"><name>US-1277 · State Parks trailhead: Lodge Front Trail 6</name><desc>For US-1277 Cumberland Falls State Park
Trail: Cumberland Falls Trail 6; parking: yes
0.1 mi from the park GPS point
Source: Kentucky State Parks (kygisserver.ky.gov)
Nearby point (within 5 mi of the park GPS). It may be outside the park — for example on Corps of Engineers or other land. Check the official map.</desc><sym>Parking Area</sym><type>Nearby access - State Parks trailhead</type></wpt>
<wpt lat="36.838858" lon="-84.338413"><name>US-1277 · State Parks trailhead: Lodge Front Trail 4</name><desc>For US-1277 Cumberland Falls State Park
Trail: Civilian Conservation Corps Memorial Trail 4; parking: yes
0.1 mi from the park GPS point
Source: Kentucky State Parks (kygisserver.ky.gov)
Nearby point (within 5 mi of the park GPS). It may be outside the park — for example on Corps of Engineers or other land. Check the official map.</desc><sym>Parking Area</sym><type>Nearby access - State Parks trailhead</type></wpt>
<wpt lat="36.838144" lon="-84.338614"><name>US-1277 · State Parks trailhead: Lodge Back Trail 4</name><desc>For US-1277 Cumberland Falls State Park
Trail: Civilian Conservation Corps Memorial Trail 4; parking: yes
0.2 mi from the park GPS point
Source: Kentucky State Parks (kygisserver.ky.gov)
Nearby point (within 5 mi of the park GPS). It may be outside the park — for example on Corps of Engineers or other land. Check the official map.</desc><sym>Parking Area</sym><type>Nearby access - State Parks trailhead</type></wpt>
<wpt lat="36.838041" lon="-84.340803"><name>US-1277 · State Parks trailhead: Cabins</name><desc>For US-1277 Cumberland Falls State Park
Trail: Laurel Trail 3; parking: yes
0.2 mi from the park GPS point
Source: Kentucky State Parks (kygisserver.ky.gov)
Nearby point (within 5 mi of the park GPS). It may be outside the park — for example on Corps of Engineers or other land. Check the official map.</desc><sym>Parking Area</sym><type>Nearby access - State Parks trailhead</type></wpt>
<wpt lat="36.843019" lon="-84.338904"><name>US-1277 · State Parks trailhead: Dance Pavillion</name><desc>For US-1277 Cumberland Falls State Park
Trail: Wildflower Loop Trail 12; parking: yes
0.2 mi from the park GPS point
Source: Kentucky State Parks (kygisserver.ky.gov)
Nearby point (within 5 mi of the park GPS). It may be outside the park — for example on Corps of Engineers or other land. Check the official map.</desc><sym>Parking Area</sym><type>Nearby access - State Parks trailhead</type></wpt>
<wpt lat="36.839717" lon="-84.343408"><name>US-1277 · State Parks trailhead: Moonbow</name><desc>For US-1277 Cumberland Falls State Park
Trail: Moonbow Trail 1; parking: no
0.2 mi from the park GPS point
Source: Kentucky State Parks (kygisserver.ky.gov)
Nearby point (within 5 mi of the park GPS). It may be outside the park — for example on Corps of Engineers or other land. Check the official map.</desc><sym>Parking Area</sym><type>Nearby access - State Parks trailhead</type></wpt>
<wpt lat="36.838549" lon="-84.336453"><name>US-1277 · State Parks trailhead: Falls Picnic Area</name><desc>For US-1277 Cumberland Falls State Park
Trail: Cumberland River Trail 2; parking: yes
0.2 mi from the park GPS point
Source: Kentucky State Parks (kygisserver.ky.gov)
Nearby point (within 5 mi of the park GPS). It may be outside the park — for example on Corps of Engineers or other land. Check the official map.</desc><sym>Parking Area</sym><type>Nearby access - State Parks trailhead</type></wpt>
<wpt lat="36.836653" lon="-84.340766"><name>US-1277 · State Parks trailhead: Falls Parking Lot</name><desc>For US-1277 Cumberland Falls State Park
Trail: Sheltowee Trace; parking: yes
0.3 mi from the park GPS point
Source: Kentucky State Parks (kygisserver.ky.gov)
Nearby point (within 5 mi of the park GPS). It may be outside the park — for example on Corps of Engineers or other land. Check the official map.</desc><sym>Parking Area</sym><type>Nearby access - State Parks trailhead</type></wpt>
<wpt lat="36.841792" lon="-84.334391"><name>US-1277 · State Parks trailhead: Hilltop Spur</name><desc>For US-1277 Cumberland Falls State Park
Trail: Hilltop Spur Trail 8; parking: no
0.3 mi from the park GPS point
Source: Kentucky State Parks (kygisserver.ky.gov)
Nearby point (within 5 mi of the park GPS). It may be outside the park — for example on Corps of Engineers or other land. Check the official map.</desc><sym>Parking Area</sym><type>Nearby access - State Parks trailhead</type></wpt>
<wpt lat="36.835122" lon="-84.340003"><name>US-1277 · State Parks trailhead: Cumberland River Bridge</name><desc>For US-1277 Cumberland Falls State Park
Trail: Blue Bend Loop Trail 10; parking: no
0.4 mi from the park GPS point
Source: Kentucky State Parks (kygisserver.ky.gov)
Nearby point (within 5 mi of the park GPS). It may be outside the park — for example on Corps of Engineers or other land. Check the official map.</desc><sym>Parking Area</sym><type>Nearby access - State Parks trailhead</type></wpt>
<wpt lat="36.836834" lon="-84.345587"><name>US-1277 · State Parks trailhead: Eagle Falls</name><desc>For US-1277 Cumberland Falls State Park
Trail: Eagle Falls Trail 9; parking: yes
0.4 mi from the park GPS point
Source: Kentucky State Parks (kygisserver.ky.gov)
Nearby point (within 5 mi of the park GPS). It may be outside the park — for example on Corps of Engineers or other land. Check the official map.</desc><sym>Parking Area</sym><type>Nearby access - State Parks trailhead</type></wpt>
<wpt lat="36.836493" lon="-84.345281"><name>US-1277 · State Parks trailhead: Blue Bend Loop</name><desc>For US-1277 Cumberland Falls State Park
Trail: Blue Bend Loop Trail 10; parking: yes
0.4 mi from the park GPS point
Source: Kentucky State Parks (kygisserver.ky.gov)
Nearby point (within 5 mi of the park GPS). It may be outside the park — for example on Corps of Engineers or other land. Check the official map.</desc><sym>Parking Area</sym><type>Nearby access - State Parks trailhead</type></wpt>
<wpt lat="36.843464" lon="-84.330818"><name>US-1277 · State Parks trailhead: Ccc Gazebo</name><desc>For US-1277 Cumberland Falls State Park
Trail: Anvil Branch Trail 11; parking: no
0.5 mi from the park GPS point
Source: Kentucky State Parks (kygisserver.ky.gov)
Nearby point (within 5 mi of the park GPS). It may be outside the park — for example on Corps of Engineers or other land. Check the official map.</desc><sym>Parking Area</sym><type>Nearby access - State Parks trailhead</type></wpt>
<wpt lat="36.841061" lon="-84.328512"><name>US-1277 · State Parks trailhead: Ridgeline Campground</name><desc>For US-1277 Cumberland Falls State Park
Trail: Camper'S Path Trail 5; parking: yes
0.6 mi from the park GPS point
Source: Kentucky State Parks (kygisserver.ky.gov)
Nearby point (within 5 mi of the park GPS). It may be outside the park — for example on Corps of Engineers or other land. Check the official map.</desc><sym>Parking Area</sym><type>Nearby access - State Parks trailhead</type></wpt>
<wpt lat="36.844706" lon="-84.317572"><name>US-1277 · State Parks trailhead: Pinnacle Knob Fire Tower</name><desc>For US-1277 Cumberland Falls State Park
Trail: Cumberland River Trail 2; parking: no
1.3 mi from the park GPS point
Source: Kentucky State Parks (kygisserver.ky.gov)
Nearby point (within 5 mi of the park GPS). It may be outside the park — for example on Corps of Engineers or other land. Check the official map.</desc><sym>Parking Area</sym><type>Nearby access - State Parks trailhead</type></wpt>
<wpt lat="36.844015" lon="-84.316423"><name>US-1277 · State Parks trailhead: Cumberland River</name><desc>For US-1277 Cumberland Falls State Park
Trail: Cumberland River Trail 2; parking: no
1.3 mi from the park GPS point
Source: Kentucky State Parks (kygisserver.ky.gov)
Nearby point (within 5 mi of the park GPS). It may be outside the park — for example on Corps of Engineers or other land. Check the official map.</desc><sym>Parking Area</sym><type>Nearby access - State Parks trailhead</type></wpt>
<wpt lat="36.64426" lon="-85.289153"><name>US-1278 · State Parks trailhead: Eagle Point</name><desc>For US-1278 Dale Hollow State Park
parking: no
0.1 mi from the park GPS point
Source: Kentucky State Parks (kygisserver.ky.gov)
Nearby point (within 5 mi of the park GPS). It may be outside the park — for example on Corps of Engineers or other land. Check the official map.</desc><sym>Parking Area</sym><type>Nearby access - State Parks trailhead</type></wpt>
<wpt lat="36.646179" lon="-85.294801"><name>US-1278 · State Parks trailhead: Eagle Point And Boom Ridge Connector</name><desc>For US-1278 Dale Hollow State Park
parking: no
0.3 mi from the park GPS point
Source: Kentucky State Parks (kygisserver.ky.gov)
Nearby point (within 5 mi of the park GPS). It may be outside the park — for example on Corps of Engineers or other land. Check the official map.</desc><sym>Parking Area</sym><type>Nearby access - State Parks trailhead</type></wpt>
<wpt lat="36.649215" lon="-85.293719"><name>US-1278 · State Parks trailhead: Boom Ridge</name><desc>For US-1278 Dale Hollow State Park
parking: no
0.4 mi from the park GPS point
Source: Kentucky State Parks (kygisserver.ky.gov)
Nearby point (within 5 mi of the park GPS). It may be outside the park — for example on Corps of Engineers or other land. Check the official map.</desc><sym>Parking Area</sym><type>Nearby access - State Parks trailhead</type></wpt>
<wpt lat="36.639244" lon="-85.29954"><name>US-1278 · State Parks trailhead: Trailhead</name><desc>For US-1278 Dale Hollow State Park
parking: yes
0.6 mi from the park GPS point
Source: Kentucky State Parks (kygisserver.ky.gov)
Nearby point (within 5 mi of the park GPS). It may be outside the park — for example on Corps of Engineers or other land. Check the official map.</desc><sym>Parking Area</sym><type>Nearby access - State Parks trailhead</type></wpt>
<wpt lat="36.654922" lon="-85.285798"><name>US-1278 · State Parks trailhead: Campers Path</name><desc>For US-1278 Dale Hollow State Park
parking: no
0.8 mi from the park GPS point
Source: Kentucky State Parks (kygisserver.ky.gov)
Nearby point (within 5 mi of the park GPS). It may be outside the park — for example on Corps of Engineers or other land. Check the official map.</desc><sym>Parking Area</sym><type>Nearby access - State Parks trailhead</type></wpt>
<wpt lat="36.656235" lon="-85.284721"><name>US-1278 · State Parks trailhead: Grocery</name><desc>For US-1278 Dale Hollow State Park
Trail: Eagle Point; parking: no
0.9 mi from the park GPS point
Source: Kentucky State Parks (kygisserver.ky.gov)
Nearby point (within 5 mi of the park GPS). It may be outside the park — for example on Corps of Engineers or other land. Check the official map.</desc><sym>Parking Area</sym><type>Nearby access - State Parks trailhead</type></wpt>
<wpt lat="36.656263" lon="-85.28182"><name>US-1278 · State Parks trailhead: Ranger Loop</name><desc>For US-1278 Dale Hollow State Park
parking: no
1.0 mi from the park GPS point
Source: Kentucky State Parks (kygisserver.ky.gov)
Nearby point (within 5 mi of the park GPS). It may be outside the park — for example on Corps of Engineers or other land. Check the official map.</desc><sym>Parking Area</sym><type>Nearby access - State Parks trailhead</type></wpt>
<wpt lat="38.285483" lon="-85.557075"><name>US-1254 · State Parks trailhead: Fitness</name><desc>For US-1254 E.P. 'Tom' Sawyer State Park
parking: yes
0.1 mi from the park GPS point
Source: Kentucky State Parks (kygisserver.ky.gov)
Nearby point (within 5 mi of the park GPS). It may be outside the park — for example on Corps of Engineers or other land. Check the official map.</desc><sym>Parking Area</sym><type>Nearby access - State Parks trailhead</type></wpt>
<wpt lat="38.283587" lon="-85.560387"><name>US-1254 · State Parks trailhead: Goose Creek Trail</name><desc>For US-1254 E.P. 'Tom' Sawyer State Park
parking: no
0.2 mi from the park GPS point
Source: Kentucky State Parks (kygisserver.ky.gov)
Nearby point (within 5 mi of the park GPS). It may be outside the park — for example on Corps of Engineers or other land. Check the official map.</desc><sym>Parking Area</sym><type>Nearby access - State Parks trailhead</type></wpt>
<wpt lat="38.281919" lon="-85.555675"><name>US-1254 · State Parks trailhead: None</name><desc>For US-1254 E.P. 'Tom' Sawyer State Park
Trail: Fitness Trail; parking: yes
0.3 mi from the park GPS point
Source: Kentucky State Parks (kygisserver.ky.gov)
Nearby point (within 5 mi of the park GPS). It may be outside the park — for example on Corps of Engineers or other land. Check the official map.</desc><sym>Parking Area</sym><type>Nearby access - State Parks trailhead</type></wpt>
<wpt lat="38.279915" lon="-85.565093"><name>US-1254 · State Parks trailhead: Goose Creek Trail (Hurstbourne Side)</name><desc>For US-1254 E.P. 'Tom' Sawyer State Park
Trail: Goose Creek Trail; parking: yes
0.6 mi from the park GPS point
Source: Kentucky State Parks (kygisserver.ky.gov)
Nearby point (within 5 mi of the park GPS). It may be outside the park — for example on Corps of Engineers or other land. Check the official map.</desc><sym>Parking Area</sym><type>Nearby access - State Parks trailhead</type></wpt>
<wpt lat="38.278482" lon="-85.553372"><name>US-1254 · State Parks trailhead: Vernal Pond</name><desc>For US-1254 E.P. 'Tom' Sawyer State Park
parking: yes
0.6 mi from the park GPS point
Source: Kentucky State Parks (kygisserver.ky.gov)
Nearby point (within 5 mi of the park GPS). It may be outside the park — for example on Corps of Engineers or other land. Check the official map.</desc><sym>Parking Area</sym><type>Nearby access - State Parks trailhead</type></wpt>
<wpt lat="38.277158" lon="-85.554243"><name>US-1254 · State Parks trailhead: Biking</name><desc>For US-1254 E.P. 'Tom' Sawyer State Park
parking: no
0.7 mi from the park GPS point
Source: Kentucky State Parks (kygisserver.ky.gov)
Nearby point (within 5 mi of the park GPS). It may be outside the park — for example on Corps of Engineers or other land. Check the official map.</desc><sym>Parking Area</sym><type>Nearby access - State Parks trailhead</type></wpt>
<wpt lat="37.893949" lon="-84.271633"><name>US-1256 · State Parks trailhead: Fort Parking Lot</name><desc>For US-1256 Fort Boonesborough State Park
Trail: Fort; parking: yes
0.1 mi from the park GPS point
Source: Kentucky State Parks (kygisserver.ky.gov)
Nearby point (within 5 mi of the park GPS). It may be outside the park — for example on Corps of Engineers or other land. Check the official map.</desc><sym>Parking Area</sym><type>Nearby access - State Parks trailhead</type></wpt>
<wpt lat="37.895546" lon="-84.267674"><name>US-1256 · State Parks trailhead: Shelter 4</name><desc>For US-1256 Fort Boonesborough State Park
Trail: Fort; parking: yes
0.3 mi from the park GPS point
Source: Kentucky State Parks (kygisserver.ky.gov)
Nearby point (within 5 mi of the park GPS). It may be outside the park — for example on Corps of Engineers or other land. Check the official map.</desc><sym>Parking Area</sym><type>Nearby access - State Parks trailhead</type></wpt>
<wpt lat="37.896301" lon="-84.268014"><name>US-1256 · State Parks trailhead: Shelter 4 Parking Lot</name><desc>For US-1256 Fort Boonesborough State Park
Trail: Halley Home Site; parking: yes
0.3 mi from the park GPS point
Source: Kentucky State Parks (kygisserver.ky.gov)
Nearby point (within 5 mi of the park GPS). It may be outside the park — for example on Corps of Engineers or other land. Check the official map.</desc><sym>Parking Area</sym><type>Nearby access - State Parks trailhead</type></wpt>
<wpt lat="37.897531" lon="-84.268308"><name>US-1256 · State Parks trailhead: Campground</name><desc>For US-1256 Fort Boonesborough State Park
Trail: Pioneer Forage; parking: no
0.4 mi from the park GPS point
Source: Kentucky State Parks (kygisserver.ky.gov)
Nearby point (within 5 mi of the park GPS). It may be outside the park — for example on Corps of Engineers or other land. Check the official map.</desc><sym>Parking Area</sym><type>Nearby access - State Parks trailhead</type></wpt>
<wpt lat="36.973578" lon="-84.598549"><name>US-1257 · State Parks trailhead: Shelter 1</name><desc>For US-1257 General Burnside State Park
Trail: Point Isabel; parking: no
0.0 mi from the park GPS point
Source: Kentucky State Parks (kygisserver.ky.gov)
Nearby point (within 5 mi of the park GPS). It may be outside the park — for example on Corps of Engineers or other land. Check the official map.</desc><sym>Parking Area</sym><type>Nearby access - State Parks trailhead</type></wpt>
<wpt lat="36.980041" lon="-84.600508"><name>US-1257 · State Parks trailhead: Shelter 2</name><desc>For US-1257 General Burnside State Park
Trail: Point Isabel; parking: yes
0.5 mi from the park GPS point
Source: Kentucky State Parks (kygisserver.ky.gov)
Nearby point (within 5 mi of the park GPS). It may be outside the park — for example on Corps of Engineers or other land. Check the official map.</desc><sym>Parking Area</sym><type>Nearby access - State Parks trailhead</type></wpt>
<wpt lat="36.982423" lon="-84.604199"><name>US-1257 · State Parks trailhead: Campground</name><desc>For US-1257 General Burnside State Park
Trail: Point Isabel; parking: yes
0.7 mi from the park GPS point
Source: Kentucky State Parks (kygisserver.ky.gov)
Nearby point (within 5 mi of the park GPS). It may be outside the park — for example on Corps of Engineers or other land. Check the official map.</desc><sym>Parking Area</sym><type>Nearby access - State Parks trailhead</type></wpt>
<wpt lat="38.666195" lon="-85.145883"><name>US-1279 · State Parks trailhead: Gb15</name><desc>For US-1279 General Butler State Park
parking: not listed
0.0 mi from the park GPS point
Source: Kentucky State Parks (kygisserver.ky.gov)
Nearby point (within 5 mi of the park GPS). It may be outside the park — for example on Corps of Engineers or other land. Check the official map.</desc><sym>Parking Area</sym><type>Nearby access - State Parks trailhead</type></wpt>
<wpt lat="38.666446" lon="-85.147021"><name>US-1279 · State Parks trailhead: Gb11</name><desc>For US-1279 General Butler State Park
parking: not listed
0.1 mi from the park GPS point
Source: Kentucky State Parks (kygisserver.ky.gov)
Nearby point (within 5 mi of the park GPS). It may be outside the park — for example on Corps of Engineers or other land. Check the official map.</desc><sym>Parking Area</sym><type>Nearby access - State Parks trailhead</type></wpt>
<wpt lat="38.664994" lon="-85.147442"><name>US-1279 · State Parks trailhead: Gb14</name><desc>For US-1279 General Butler State Park
parking: not listed
0.1 mi from the park GPS point
Source: Kentucky State Parks (kygisserver.ky.gov)
Nearby point (within 5 mi of the park GPS). It may be outside the park — for example on Corps of Engineers or other land. Check the official map.</desc><sym>Parking Area</sym><type>Nearby access - State Parks trailhead</type></wpt>
<wpt lat="38.668628" lon="-85.148603"><name>US-1279 · State Parks trailhead: Gb13</name><desc>For US-1279 General Butler State Park
parking: not listed
0.2 mi from the park GPS point
Source: Kentucky State Parks (kygisserver.ky.gov)
Nearby point (within 5 mi of the park GPS). It may be outside the park — for example on Corps of Engineers or other land. Check the official map.</desc><sym>Parking Area</sym><type>Nearby access - State Parks trailhead</type></wpt>
<wpt lat="38.669793" lon="-85.146282"><name>US-1279 · State Parks trailhead: Gb12</name><desc>For US-1279 General Butler State Park
parking: not listed
0.2 mi from the park GPS point
Source: Kentucky State Parks (kygisserver.ky.gov)
Nearby point (within 5 mi of the park GPS). It may be outside the park — for example on Corps of Engineers or other land. Check the official map.</desc><sym>Parking Area</sym><type>Nearby access - State Parks trailhead</type></wpt>
<wpt lat="38.664786" lon="-85.149765"><name>US-1279 · State Parks trailhead: Gb10</name><desc>For US-1279 General Butler State Park
parking: not listed
0.3 mi from the park GPS point
Source: Kentucky State Parks (kygisserver.ky.gov)
Nearby point (within 5 mi of the park GPS). It may be outside the park — for example on Corps of Engineers or other land. Check the official map.</desc><sym>Parking Area</sym><type>Nearby access - State Parks trailhead</type></wpt>
<wpt lat="38.663947" lon="-85.150321"><name>US-1279 · State Parks trailhead: Gb9</name><desc>For US-1279 General Butler State Park
parking: not listed
0.3 mi from the park GPS point
Source: Kentucky State Parks (kygisserver.ky.gov)
Nearby point (within 5 mi of the park GPS). It may be outside the park — for example on Corps of Engineers or other land. Check the official map.</desc><sym>Parking Area</sym><type>Nearby access - State Parks trailhead</type></wpt>
<wpt lat="38.670548" lon="-85.151475"><name>US-1279 · State Parks trailhead: Gb5</name><desc>For US-1279 General Butler State Park
Trail: Woodland; parking: yes
0.4 mi from the park GPS point
Source: Kentucky State Parks (kygisserver.ky.gov)
Nearby point (within 5 mi of the park GPS). It may be outside the park — for example on Corps of Engineers or other land. Check the official map.</desc><sym>Parking Area</sym><type>Nearby access - State Parks trailhead</type></wpt>
<wpt lat="38.672332" lon="-85.14837"><name>US-1279 · State Parks trailhead: Gb8</name><desc>For US-1279 General Butler State Park
parking: not listed
0.4 mi from the park GPS point
Source: Kentucky State Parks (kygisserver.ky.gov)
Nearby point (within 5 mi of the park GPS). It may be outside the park — for example on Corps of Engineers or other land. Check the official map.</desc><sym>Parking Area</sym><type>Nearby access - State Parks trailhead</type></wpt>
<wpt lat="38.66973" lon="-85.153306"><name>US-1279 · State Parks trailhead: Gb6</name><desc>For US-1279 General Butler State Park
Trail: Woodland; parking: yes
0.5 mi from the park GPS point
Source: Kentucky State Parks (kygisserver.ky.gov)
Nearby point (within 5 mi of the park GPS). It may be outside the park — for example on Corps of Engineers or other land. Check the official map.</desc><sym>Parking Area</sym><type>Nearby access - State Parks trailhead</type></wpt>
<wpt lat="38.673182" lon="-85.154145"><name>US-1279 · State Parks trailhead: Gb4</name><desc>For US-1279 General Butler State Park
Trail: Woodland; parking: yes
0.7 mi from the park GPS point
Source: Kentucky State Parks (kygisserver.ky.gov)
Nearby point (within 5 mi of the park GPS). It may be outside the park — for example on Corps of Engineers or other land. Check the official map.</desc><sym>Parking Area</sym><type>Nearby access - State Parks trailhead</type></wpt>
<wpt lat="38.673567" lon="-85.155507"><name>US-1279 · State Parks trailhead: Gb3</name><desc>For US-1279 General Butler State Park
Trail: Fossil; parking: yes
0.7 mi from the park GPS point
Source: Kentucky State Parks (kygisserver.ky.gov)
Nearby point (within 5 mi of the park GPS). It may be outside the park — for example on Corps of Engineers or other land. Check the official map.</desc><sym>Parking Area</sym><type>Nearby access - State Parks trailhead</type></wpt>
<wpt lat="38.670156" lon="-85.161645"><name>US-1279 · State Parks trailhead: Gb2</name><desc>For US-1279 General Butler State Park
Trail: Fossil; parking: yes
0.9 mi from the park GPS point
Source: Kentucky State Parks (kygisserver.ky.gov)
Nearby point (within 5 mi of the park GPS). It may be outside the park — for example on Corps of Engineers or other land. Check the official map.</desc><sym>Parking Area</sym><type>Nearby access - State Parks trailhead</type></wpt>
<wpt lat="38.669265" lon="-85.164965"><name>US-1279 · State Parks trailhead: Gb1</name><desc>For US-1279 General Butler State Park
Trail: Boy Scout / Cemetery Path; parking: yes
1.1 mi from the park GPS point
Source: Kentucky State Parks (kygisserver.ky.gov)
Nearby point (within 5 mi of the park GPS). It may be outside the park — for example on Corps of Engineers or other land. Check the official map.</desc><sym>Parking Area</sym><type>Nearby access - State Parks trailhead</type></wpt>
<wpt lat="38.675471" lon="-85.161996"><name>US-1279 · State Parks trailhead: Gb7</name><desc>For US-1279 General Butler State Park
Trail: Fossil; parking: no
1.1 mi from the park GPS point
Source: Kentucky State Parks (kygisserver.ky.gov)
Nearby point (within 5 mi of the park GPS). It may be outside the park — for example on Corps of Engineers or other land. Check the official map.</desc><sym>Parking Area</sym><type>Nearby access - State Parks trailhead</type></wpt>
<wpt lat="38.199185" lon="-83.024129"><name>US-1258 · State Parks trailhead: Beech Hemlock</name><desc>For US-1258 Grayson Lake State Park
parking: no
0.1 mi from the park GPS point
Source: Kentucky State Parks (kygisserver.ky.gov)
Nearby point (within 5 mi of the park GPS). It may be outside the park — for example on Corps of Engineers or other land. Check the official map.</desc><sym>Parking Area</sym><type>Nearby access - State Parks trailhead</type></wpt>
<wpt lat="38.201392" lon="-83.029549"><name>US-1258 · State Parks trailhead: Lick Falls Loop</name><desc>For US-1258 Grayson Lake State Park
parking: yes
0.2 mi from the park GPS point
Source: Kentucky State Parks (kygisserver.ky.gov)
Nearby point (within 5 mi of the park GPS). It may be outside the park — for example on Corps of Engineers or other land. Check the official map.</desc><sym>Parking Area</sym><type>Nearby access - State Parks trailhead</type></wpt>
<wpt lat="37.2706" lon="-85.31551"><name>US-1259 · State Parks trailhead: Marina/Main</name><desc>For US-1259 Green River Lake State Park
Trail: Main; parking: yes
0.1 mi from the park GPS point
Source: Kentucky State Parks (kygisserver.ky.gov)
Nearby point (within 5 mi of the park GPS). It may be outside the park — for example on Corps of Engineers or other land. Check the official map.</desc><sym>Parking Area</sym><type>Nearby access - State Parks trailhead</type></wpt>
<wpt lat="37.274396" lon="-85.318036"><name>US-1259 · State Parks trailhead: Windy Ridge</name><desc>For US-1259 Green River Lake State Park
parking: yes
0.2 mi from the park GPS point
Source: Kentucky State Parks (kygisserver.ky.gov)
Nearby point (within 5 mi of the park GPS). It may be outside the park — for example on Corps of Engineers or other land. Check the official map.</desc><sym>Parking Area</sym><type>Nearby access - State Parks trailhead</type></wpt>
<wpt lat="37.277505" lon="-85.321347"><name>US-1259 · State Parks trailhead: Windy Ridge</name><desc>For US-1259 Green River Lake State Park
parking: yes
0.5 mi from the park GPS point
Source: Kentucky State Parks (kygisserver.ky.gov)
Nearby point (within 5 mi of the park GPS). It may be outside the park — for example on Corps of Engineers or other land. Check the official map.</desc><sym>Parking Area</sym><type>Nearby access - State Parks trailhead</type></wpt>
<wpt lat="37.276728" lon="-85.328053"><name>US-1259 · State Parks trailhead: Bike</name><desc>For US-1259 Green River Lake State Park
Trail: Lakeshore; parking: yes
0.7 mi from the park GPS point
Source: Kentucky State Parks (kygisserver.ky.gov)
Nearby point (within 5 mi of the park GPS). It may be outside the park — for example on Corps of Engineers or other land. Check the official map.</desc><sym>Parking Area</sym><type>Nearby access - State Parks trailhead</type></wpt>
<wpt lat="37.28265" lon="-85.34617"><name>US-1259 · State Parks trailhead: Horse</name><desc>For US-1259 Green River Lake State Park
Trail: Wildcat; parking: yes
1.7 mi from the park GPS point
Source: Kentucky State Parks (kygisserver.ky.gov)
Nearby point (within 5 mi of the park GPS). It may be outside the park — for example on Corps of Engineers or other land. Check the official map.</desc><sym>Parking Area</sym><type>Nearby access - State Parks trailhead</type></wpt>
<wpt lat="38.480658" lon="-82.872318"><name>US-1280 · State Parks trailhead: Fern Valley - Lodge Service Area</name><desc>For US-1280 Greenbo Lake State Park
Trail: Fern Valley; parking: yes
0.0 mi from the park GPS point
Source: Kentucky State Parks (kygisserver.ky.gov)
Nearby point (within 5 mi of the park GPS). It may be outside the park — for example on Corps of Engineers or other land. Check the official map.</desc><sym>Parking Area</sym><type>Nearby access - State Parks trailhead</type></wpt>
<wpt lat="38.480936" lon="-82.872071"><name>US-1280 · State Parks trailhead: Fern Valley - Lodge Parking</name><desc>For US-1280 Greenbo Lake State Park
Trail: Fern Valley; parking: yes
0.1 mi from the park GPS point
Source: Kentucky State Parks (kygisserver.ky.gov)
Nearby point (within 5 mi of the park GPS). It may be outside the park — for example on Corps of Engineers or other land. Check the official map.</desc><sym>Parking Area</sym><type>Nearby access - State Parks trailhead</type></wpt>
<wpt lat="38.48514" lon="-82.884227"><name>US-1280 · State Parks trailhead: Michael Tygart - Marina</name><desc>For US-1280 Greenbo Lake State Park
Trail: Michael Tygart; parking: yes
0.7 mi from the park GPS point
Source: Kentucky State Parks (kygisserver.ky.gov)
Nearby point (within 5 mi of the park GPS). It may be outside the park — for example on Corps of Engineers or other land. Check the official map.</desc><sym>Parking Area</sym><type>Nearby access - State Parks trailhead</type></wpt>
<wpt lat="38.482579" lon="-82.886563"><name>US-1280 · State Parks trailhead: Michael Tygart - Main Rd East</name><desc>For US-1280 Greenbo Lake State Park
Trail: Michael Tygart; parking: no
0.7 mi from the park GPS point
Source: Kentucky State Parks (kygisserver.ky.gov)
Nearby point (within 5 mi of the park GPS). It may be outside the park — for example on Corps of Engineers or other land. Check the official map.</desc><sym>Parking Area</sym><type>Nearby access - State Parks trailhead</type></wpt>
<wpt lat="38.48255" lon="-82.886922"><name>US-1280 · State Parks trailhead: Michael Tygart - Main Rd West</name><desc>For US-1280 Greenbo Lake State Park
Trail: Michael Tygart; parking: no
0.8 mi from the park GPS point
Source: Kentucky State Parks (kygisserver.ky.gov)
Nearby point (within 5 mi of the park GPS). It may be outside the park — for example on Corps of Engineers or other land. Check the official map.</desc><sym>Parking Area</sym><type>Nearby access - State Parks trailhead</type></wpt>
<wpt lat="38.500155" lon="-82.915953"><name>US-1280 · State Parks trailhead: Michael Tygart - Bays Ridge East</name><desc>For US-1280 Greenbo Lake State Park
Trail: Michael Tygart; parking: no
2.7 mi from the park GPS point
Source: Kentucky State Parks (kygisserver.ky.gov)
Nearby point (within 5 mi of the park GPS). It may be outside the park — for example on Corps of Engineers or other land. Check the official map.</desc><sym>Parking Area</sym><type>Nearby access - State Parks trailhead</type></wpt>
<wpt lat="38.49711" lon="-82.922112"><name>US-1280 · State Parks trailhead: Michael Tygart - Bays Ridge West</name><desc>For US-1280 Greenbo Lake State Park
Trail: Michael Tygart; parking: no
2.9 mi from the park GPS point
Source: Kentucky State Parks (kygisserver.ky.gov)
Nearby point (within 5 mi of the park GPS). It may be outside the park — for example on Corps of Engineers or other land. Check the official map.</desc><sym>Parking Area</sym><type>Nearby access - State Parks trailhead</type></wpt>
<wpt lat="37.696675" lon="-82.724476"><name>US-1281 · State Parks trailhead: Moss Ridge</name><desc>For US-1281 Jenny Wiley State Park
parking: yes
0.1 mi from the park GPS point
Source: Kentucky State Parks (kygisserver.ky.gov)
Nearby point (within 5 mi of the park GPS). It may be outside the park — for example on Corps of Engineers or other land. Check the official map.</desc><sym>Parking Area</sym><type>Nearby access - State Parks trailhead</type></wpt>
<wpt lat="37.692816" lon="-82.724418"><name>US-1281 · State Parks trailhead: Moss Ridge</name><desc>For US-1281 Jenny Wiley State Park
parking: no
0.2 mi from the park GPS point
Source: Kentucky State Parks (kygisserver.ky.gov)
Nearby point (within 5 mi of the park GPS). It may be outside the park — for example on Corps of Engineers or other land. Check the official map.</desc><sym>Parking Area</sym><type>Nearby access - State Parks trailhead</type></wpt>
<wpt lat="37.692316" lon="-82.713271"><name>US-1281 · State Parks trailhead: Lakeshore</name><desc>For US-1281 Jenny Wiley State Park
parking: yes
0.7 mi from the park GPS point
Source: Kentucky State Parks (kygisserver.ky.gov)
Nearby point (within 5 mi of the park GPS). It may be outside the park — for example on Corps of Engineers or other land. Check the official map.</desc><sym>Parking Area</sym><type>Nearby access - State Parks trailhead</type></wpt>
<wpt lat="37.692141" lon="-82.713016"><name>US-1281 · State Parks trailhead: Steve Brackett</name><desc>For US-1281 Jenny Wiley State Park
parking: yes
0.7 mi from the park GPS point
Source: Kentucky State Parks (kygisserver.ky.gov)
Nearby point (within 5 mi of the park GPS). It may be outside the park — for example on Corps of Engineers or other land. Check the official map.</desc><sym>Parking Area</sym><type>Nearby access - State Parks trailhead</type></wpt>
<wpt lat="37.71632" lon="-82.7289"><name>US-1281 · State Parks trailhead: Mountain Bike</name><desc>For US-1281 Jenny Wiley State Park
Trail: Switchback/Shortloop/Beginners; parking: yes
1.4 mi from the park GPS point
Source: Kentucky State Parks (kygisserver.ky.gov)
Nearby point (within 5 mi of the park GPS). It may be outside the park — for example on Corps of Engineers or other land. Check the official map.</desc><sym>Parking Area</sym><type>Nearby access - State Parks trailhead</type></wpt>
<wpt lat="37.712603" lon="-82.741962"><name>US-1281 · State Parks trailhead: Jenny Wiley Camp</name><desc>For US-1281 Jenny Wiley State Park
Trail: Jenny Wiley; parking: yes
1.5 mi from the park GPS point
Source: Kentucky State Parks (kygisserver.ky.gov)
Nearby point (within 5 mi of the park GPS). It may be outside the park — for example on Corps of Engineers or other land. Check the official map.</desc><sym>Parking Area</sym><type>Nearby access - State Parks trailhead</type></wpt>
<wpt lat="37.712884" lon="-82.742319"><name>US-1281 · State Parks trailhead: Jenny Wiley Camp 2</name><desc>For US-1281 Jenny Wiley State Park
Trail: Jenny Wiley; parking: yes
1.5 mi from the park GPS point
Source: Kentucky State Parks (kygisserver.ky.gov)
Nearby point (within 5 mi of the park GPS). It may be outside the park — for example on Corps of Engineers or other land. Check the official map.</desc><sym>Parking Area</sym><type>Nearby access - State Parks trailhead</type></wpt>
<wpt lat="37.714703" lon="-82.739148"><name>US-1281 · State Parks trailhead: Sassafras</name><desc>For US-1281 Jenny Wiley State Park
parking: yes
1.5 mi from the park GPS point
Source: Kentucky State Parks (kygisserver.ky.gov)
Nearby point (within 5 mi of the park GPS). It may be outside the park — for example on Corps of Engineers or other land. Check the official map.</desc><sym>Parking Area</sym><type>Nearby access - State Parks trailhead</type></wpt>
<wpt lat="37.714829" lon="-82.739721"><name>US-1281 · State Parks trailhead: Sassafras Spur</name><desc>For US-1281 Jenny Wiley State Park
Trail: Sassafras; parking: yes
1.5 mi from the park GPS point
Source: Kentucky State Parks (kygisserver.ky.gov)
Nearby point (within 5 mi of the park GPS). It may be outside the park — for example on Corps of Engineers or other land. Check the official map.</desc><sym>Parking Area</sym><type>Nearby access - State Parks trailhead</type></wpt>
<wpt lat="37.726031" lon="-82.742775"><name>US-1281 · State Parks trailhead: Jenny Wiley And Road</name><desc>For US-1281 Jenny Wiley State Park
Trail: Jenny Wiley; parking: yes
2.3 mi from the park GPS point
Source: Kentucky State Parks (kygisserver.ky.gov)
Nearby point (within 5 mi of the park GPS). It may be outside the park — for example on Corps of Engineers or other land. Check the official map.</desc><sym>Parking Area</sym><type>Nearby access - State Parks trailhead</type></wpt>
<wpt lat="37.881445" lon="-87.561469"><name>US-1260 · State Parks trailhead: Eagle Glen Pet</name><desc>For US-1260 John James Audubon State Park
parking: no
0.1 mi from the park GPS point
Source: Kentucky State Parks (kygisserver.ky.gov)
Nearby point (within 5 mi of the park GPS). It may be outside the park — for example on Corps of Engineers or other land. Check the official map.</desc><sym>Parking Area</sym><type>Nearby access - State Parks trailhead</type></wpt>
<wpt lat="37.882292" lon="-87.557287"><name>US-1260 · State Parks trailhead: King Benson</name><desc>For US-1260 John James Audubon State Park
parking: yes
0.2 mi from the park GPS point
Source: Kentucky State Parks (kygisserver.ky.gov)
Nearby point (within 5 mi of the park GPS). It may be outside the park — for example on Corps of Engineers or other land. Check the official map.</desc><sym>Parking Area</sym><type>Nearby access - State Parks trailhead</type></wpt>
<wpt lat="37.883733" lon="-87.558525"><name>US-1260 · State Parks trailhead: Eagle Glen Pet</name><desc>For US-1260 John James Audubon State Park
parking: yes
0.2 mi from the park GPS point
Source: Kentucky State Parks (kygisserver.ky.gov)
Nearby point (within 5 mi of the park GPS). It may be outside the park — for example on Corps of Engineers or other land. Check the official map.</desc><sym>Parking Area</sym><type>Nearby access - State Parks trailhead</type></wpt>
<wpt lat="37.88243" lon="-87.556149"><name>US-1260 · State Parks trailhead: Kentucky Coffee Tree</name><desc>For US-1260 John James Audubon State Park
parking: no
0.2 mi from the park GPS point
Source: Kentucky State Parks (kygisserver.ky.gov)
Nearby point (within 5 mi of the park GPS). It may be outside the park — for example on Corps of Engineers or other land. Check the official map.</desc><sym>Parking Area</sym><type>Nearby access - State Parks trailhead</type></wpt>
<wpt lat="37.88325" lon="-87.556739"><name>US-1260 · State Parks trailhead: Museum</name><desc>For US-1260 John James Audubon State Park
parking: yes
0.2 mi from the park GPS point
Source: Kentucky State Parks (kygisserver.ky.gov)
Nearby point (within 5 mi of the park GPS). It may be outside the park — for example on Corps of Engineers or other land. Check the official map.</desc><sym>Parking Area</sym><type>Nearby access - State Parks trailhead</type></wpt>
<wpt lat="37.881604" lon="-87.552831"><name>US-1260 · State Parks trailhead: Wilderness Lake</name><desc>For US-1260 John James Audubon State Park
parking: yes
0.4 mi from the park GPS point
Source: Kentucky State Parks (kygisserver.ky.gov)
Nearby point (within 5 mi of the park GPS). It may be outside the park — for example on Corps of Engineers or other land. Check the official map.</desc><sym>Parking Area</sym><type>Nearby access - State Parks trailhead</type></wpt>
<wpt lat="37.883519" lon="-87.54849"><name>US-1260 · State Parks trailhead: Wilderness Lake</name><desc>For US-1260 John James Audubon State Park
parking: no
0.6 mi from the park GPS point
Source: Kentucky State Parks (kygisserver.ky.gov)
Nearby point (within 5 mi of the park GPS). It may be outside the park — for example on Corps of Engineers or other land. Check the official map.</desc><sym>Parking Area</sym><type>Nearby access - State Parks trailhead</type></wpt>
<wpt lat="37.882273" lon="-87.547337"><name>US-1260 · State Parks trailhead: Backcountry</name><desc>For US-1260 John James Audubon State Park
parking: yes
0.7 mi from the park GPS point
Source: Kentucky State Parks (kygisserver.ky.gov)
Nearby point (within 5 mi of the park GPS). It may be outside the park — for example on Corps of Engineers or other land. Check the official map.</desc><sym>Parking Area</sym><type>Nearby access - State Parks trailhead</type></wpt>
<wpt lat="37.889907" lon="-87.539844"><name>US-1260 · State Parks trailhead: Wetlands</name><desc>For US-1260 John James Audubon State Park
parking: yes
1.2 mi from the park GPS point
Source: Kentucky State Parks (kygisserver.ky.gov)
Nearby point (within 5 mi of the park GPS). It may be outside the park — for example on Corps of Engineers or other land. Check the official map.</desc><sym>Parking Area</sym><type>Nearby access - State Parks trailhead</type></wpt>
<wpt lat="36.760341" lon="-88.139738"><name>US-1282 · State Parks trailhead: Cherokee</name><desc>For US-1282 Kenlake State Park
parking: yes
0.1 mi from the park GPS point
Source: Kentucky State Parks (kygisserver.ky.gov)
Nearby point (within 5 mi of the park GPS). It may be outside the park — for example on Corps of Engineers or other land. Check the official map.</desc><sym>Parking Area</sym><type>Nearby access - State Parks trailhead</type></wpt>
<wpt lat="36.763687" lon="-88.141541"><name>US-1282 · State Parks trailhead: Chickasaw</name><desc>For US-1282 Kenlake State Park
parking: yes
0.3 mi from the park GPS point
Source: Kentucky State Parks (kygisserver.ky.gov)
Nearby point (within 5 mi of the park GPS). It may be outside the park — for example on Corps of Engineers or other land. Check the official map.</desc><sym>Parking Area</sym><type>Nearby access - State Parks trailhead</type></wpt>
<wpt lat="36.763637" lon="-88.14211"><name>US-1282 · State Parks trailhead: Cherokee</name><desc>For US-1282 Kenlake State Park
parking: no
0.3 mi from the park GPS point
Source: Kentucky State Parks (kygisserver.ky.gov)
Nearby point (within 5 mi of the park GPS). It may be outside the park — for example on Corps of Engineers or other land. Check the official map.</desc><sym>Parking Area</sym><type>Nearby access - State Parks trailhead</type></wpt>
<wpt lat="36.768108" lon="-88.139547"><name>US-1282 · State Parks trailhead: Chickasaw</name><desc>For US-1282 Kenlake State Park
parking: yes
0.6 mi from the park GPS point
Source: Kentucky State Parks (kygisserver.ky.gov)
Nearby point (within 5 mi of the park GPS). It may be outside the park — for example on Corps of Engineers or other land. Check the official map.</desc><sym>Parking Area</sym><type>Nearby access - State Parks trailhead</type></wpt>
<wpt lat="36.772" lon="-88.137789"><name>US-1282 · State Parks trailhead: Coach Lester Mimms Campground</name><desc>For US-1282 Kenlake State Park
Trail: Coach Lester Mimms; parking: no
0.9 mi from the park GPS point
Source: Kentucky State Parks (kygisserver.ky.gov)
Nearby point (within 5 mi of the park GPS). It may be outside the park — for example on Corps of Engineers or other land. Check the official map.</desc><sym>Parking Area</sym><type>Nearby access - State Parks trailhead</type></wpt>
<wpt lat="36.787535" lon="-88.143211"><name>US-1282 · State Parks trailhead: Coach Lester Mimms Cherokee</name><desc>For US-1282 Kenlake State Park
Trail: Coach Lester Mimms; parking: yes
1.9 mi from the park GPS point
Source: Kentucky State Parks (kygisserver.ky.gov)
Nearby point (within 5 mi of the park GPS). It may be outside the park — for example on Corps of Engineers or other land. Check the official map.</desc><sym>Parking Area</sym><type>Nearby access - State Parks trailhead</type></wpt>
<wpt lat="36.99969" lon="-88.289124"><name>US-1283 · State Parks trailhead: Calvert City Greenway</name><desc>For US-1283 Kentucky Dam Village State Park
parking: yes
0.1 mi from the park GPS point
Source: Kentucky State Parks (kygisserver.ky.gov)
Nearby point (within 5 mi of the park GPS). It may be outside the park — for example on Corps of Engineers or other land. Check the official map.</desc><sym>Parking Area</sym><type>Nearby access - State Parks trailhead</type></wpt>
<wpt lat="36.994125" lon="-88.290439"><name>US-1283 · State Parks trailhead: Sail</name><desc>For US-1283 Kentucky Dam Village State Park
parking: no
0.3 mi from the park GPS point
Source: Kentucky State Parks (kygisserver.ky.gov)
Nearby point (within 5 mi of the park GPS). It may be outside the park — for example on Corps of Engineers or other land. Check the official map.</desc><sym>Parking Area</sym><type>Nearby access - State Parks trailhead</type></wpt>
<wpt lat="36.990203" lon="-88.292704"><name>US-1283 · State Parks trailhead: Sail</name><desc>For US-1283 Kentucky Dam Village State Park
parking: no
0.6 mi from the park GPS point
Source: Kentucky State Parks (kygisserver.ky.gov)
Nearby point (within 5 mi of the park GPS). It may be outside the park — for example on Corps of Engineers or other land. Check the official map.</desc><sym>Parking Area</sym><type>Nearby access - State Parks trailhead</type></wpt>
<wpt lat="36.989896" lon="-88.292773"><name>US-1283 · State Parks trailhead: Lakeshore</name><desc>For US-1283 Kentucky Dam Village State Park
parking: no
0.6 mi from the park GPS point
Source: Kentucky State Parks (kygisserver.ky.gov)
Nearby point (within 5 mi of the park GPS). It may be outside the park — for example on Corps of Engineers or other land. Check the official map.</desc><sym>Parking Area</sym><type>Nearby access - State Parks trailhead</type></wpt>
<wpt lat="36.984812" lon="-88.294187"><name>US-1283 · State Parks trailhead: Lakeshore</name><desc>For US-1283 Kentucky Dam Village State Park
parking: no
1.0 mi from the park GPS point
Source: Kentucky State Parks (kygisserver.ky.gov)
Nearby point (within 5 mi of the park GPS). It may be outside the park — for example on Corps of Engineers or other land. Check the official map.</desc><sym>Parking Area</sym><type>Nearby access - State Parks trailhead</type></wpt>
<wpt lat="36.983914" lon="-88.29412"><name>US-1283 · State Parks trailhead: Bo Beckett Memorial</name><desc>For US-1283 Kentucky Dam Village State Park
parking: yes
1.0 mi from the park GPS point
Source: Kentucky State Parks (kygisserver.ky.gov)
Nearby point (within 5 mi of the park GPS). It may be outside the park — for example on Corps of Engineers or other land. Check the official map.</desc><sym>Parking Area</sym><type>Nearby access - State Parks trailhead</type></wpt>
<wpt lat="38.724225" lon="-84.283587"><name>US-1261 · State Parks trailhead: Recreation</name><desc>For US-1261 Kincaid Lake State Park
Trail: Iron Wood &amp; Spice Bush; parking: yes
0.2 mi from the park GPS point
Source: Kentucky State Parks (kygisserver.ky.gov)
Nearby point (within 5 mi of the park GPS). It may be outside the park — for example on Corps of Engineers or other land. Check the official map.</desc><sym>Parking Area</sym><type>Nearby access - State Parks trailhead</type></wpt>
<wpt lat="38.723577" lon="-84.281664"><name>US-1261 · State Parks trailhead: Campground</name><desc>For US-1261 Kincaid Lake State Park
Trail: Iron Wood &amp; Spice Bush; parking: no
0.2 mi from the park GPS point
Source: Kentucky State Parks (kygisserver.ky.gov)
Nearby point (within 5 mi of the park GPS). It may be outside the park — for example on Corps of Engineers or other land. Check the official map.</desc><sym>Parking Area</sym><type>Nearby access - State Parks trailhead</type></wpt>
<wpt lat="36.991783" lon="-82.979169"><name>US-1262 · State Parks trailhead: Log Rock</name><desc>For US-1262 Kingdom Come State Park
parking: yes
0.0 mi from the park GPS point
Source: Kentucky State Parks (kygisserver.ky.gov)
Nearby point (within 5 mi of the park GPS). It may be outside the park — for example on Corps of Engineers or other land. Check the official map.</desc><sym>Parking Area</sym><type>Nearby access - State Parks trailhead</type></wpt>
<wpt lat="36.993035" lon="-82.979221"><name>US-1262 · State Parks trailhead: Horseshoe</name><desc>For US-1262 Kingdom Come State Park
parking: yes
0.1 mi from the park GPS point
Source: Kentucky State Parks (kygisserver.ky.gov)
Nearby point (within 5 mi of the park GPS). It may be outside the park — for example on Corps of Engineers or other land. Check the official map.</desc><sym>Parking Area</sym><type>Nearby access - State Parks trailhead</type></wpt>
<wpt lat="36.994483" lon="-82.979267"><name>US-1262 · State Parks trailhead: Pine</name><desc>For US-1262 Kingdom Come State Park
parking: yes
0.2 mi from the park GPS point
Source: Kentucky State Parks (kygisserver.ky.gov)
Nearby point (within 5 mi of the park GPS). It may be outside the park — for example on Corps of Engineers or other land. Check the official map.</desc><sym>Parking Area</sym><type>Nearby access - State Parks trailhead</type></wpt>
<wpt lat="36.995276" lon="-82.978899"><name>US-1262 · State Parks trailhead: Groundhog</name><desc>For US-1262 Kingdom Come State Park
parking: no
0.2 mi from the park GPS point
Source: Kentucky State Parks (kygisserver.ky.gov)
Nearby point (within 5 mi of the park GPS). It may be outside the park — for example on Corps of Engineers or other land. Check the official map.</desc><sym>Parking Area</sym><type>Nearby access - State Parks trailhead</type></wpt>
<wpt lat="36.990634" lon="-82.984789"><name>US-1262 · State Parks trailhead: Laurel</name><desc>For US-1262 Kingdom Come State Park
parking: no
0.3 mi from the park GPS point
Source: Kentucky State Parks (kygisserver.ky.gov)
Nearby point (within 5 mi of the park GPS). It may be outside the park — for example on Corps of Engineers or other land. Check the official map.</desc><sym>Parking Area</sym><type>Nearby access - State Parks trailhead</type></wpt>
<wpt lat="36.989094" lon="-82.983957"><name>US-1262 · State Parks trailhead: Log Rock</name><desc>For US-1262 Kingdom Come State Park
parking: yes
0.3 mi from the park GPS point
Source: Kentucky State Parks (kygisserver.ky.gov)
Nearby point (within 5 mi of the park GPS). It may be outside the park — for example on Corps of Engineers or other land. Check the official map.</desc><sym>Parking Area</sym><type>Nearby access - State Parks trailhead</type></wpt>
<wpt lat="36.997218" lon="-82.982309"><name>US-1262 · State Parks trailhead: Turkey</name><desc>For US-1262 Kingdom Come State Park
parking: no
0.4 mi from the park GPS point
Source: Kentucky State Parks (kygisserver.ky.gov)
Nearby point (within 5 mi of the park GPS). It may be outside the park — for example on Corps of Engineers or other land. Check the official map.</desc><sym>Parking Area</sym><type>Nearby access - State Parks trailhead</type></wpt>
<wpt lat="36.997696" lon="-82.981499"><name>US-1262 · State Parks trailhead: Saltess</name><desc>For US-1262 Kingdom Come State Park
Trail: Saltess / Pine Mountain State Scenic Trail; parking: yes
0.4 mi from the park GPS point
Source: Kentucky State Parks (kygisserver.ky.gov)
Nearby point (within 5 mi of the park GPS). It may be outside the park — for example on Corps of Engineers or other land. Check the official map.</desc><sym>Parking Area</sym><type>Nearby access - State Parks trailhead</type></wpt>
<wpt lat="36.997721" lon="-82.982923"><name>US-1262 · State Parks trailhead: 12 O'Clock</name><desc>For US-1262 Kingdom Come State Park
Trail: 12 O'Clock / Pine Mountain State Scenic Trail; parking: no
0.4 mi from the park GPS point
Source: Kentucky State Parks (kygisserver.ky.gov)
Nearby point (within 5 mi of the park GPS). It may be outside the park — for example on Corps of Engineers or other land. Check the official map.</desc><sym>Parking Area</sym><type>Nearby access - State Parks trailhead</type></wpt>
<wpt lat="36.997609" lon="-82.985162"><name>US-1262 · State Parks trailhead: Possum</name><desc>For US-1262 Kingdom Come State Park
parking: yes
0.5 mi from the park GPS point
Source: Kentucky State Parks (kygisserver.ky.gov)
Nearby point (within 5 mi of the park GPS). It may be outside the park — for example on Corps of Engineers or other land. Check the official map.</desc><sym>Parking Area</sym><type>Nearby access - State Parks trailhead</type></wpt>
<wpt lat="36.99709" lon="-82.98959"><name>US-1262 · State Parks trailhead: Nature Haven</name><desc>For US-1262 Kingdom Come State Park
parking: no
0.6 mi from the park GPS point
Source: Kentucky State Parks (kygisserver.ky.gov)
Nearby point (within 5 mi of the park GPS). It may be outside the park — for example on Corps of Engineers or other land. Check the official map.</desc><sym>Parking Area</sym><type>Nearby access - State Parks trailhead</type></wpt>
<wpt lat="36.848954" lon="-87.932879"><name>US-1284 · State Parks trailhead: Fitness Center</name><desc>For US-1284 Lake Barkley State Park
parking: yes
0.1 mi from the park GPS point
Source: Kentucky State Parks (kygisserver.ky.gov)
Nearby point (within 5 mi of the park GPS). It may be outside the park — for example on Corps of Engineers or other land. Check the official map.</desc><sym>Parking Area</sym><type>Nearby access - State Parks trailhead</type></wpt>
<wpt lat="36.849271" lon="-87.930539"><name>US-1284 · State Parks trailhead: Lena Madesin/Wilderness/Cedar Grove</name><desc>For US-1284 Lake Barkley State Park
Trail: Lena Madesin; parking: yes
0.1 mi from the park GPS point
Source: Kentucky State Parks (kygisserver.ky.gov)
Nearby point (within 5 mi of the park GPS). It may be outside the park — for example on Corps of Engineers or other land. Check the official map.</desc><sym>Parking Area</sym><type>Nearby access - State Parks trailhead</type></wpt>
<wpt lat="36.848934" lon="-87.934112"><name>US-1284 · State Parks trailhead: Fitness Center</name><desc>For US-1284 Lake Barkley State Park
parking: yes
0.1 mi from the park GPS point
Source: Kentucky State Parks (kygisserver.ky.gov)
Nearby point (within 5 mi of the park GPS). It may be outside the park — for example on Corps of Engineers or other land. Check the official map.</desc><sym>Parking Area</sym><type>Nearby access - State Parks trailhead</type></wpt>
<wpt lat="36.847788" lon="-87.933218"><name>US-1284 · State Parks trailhead: Blue Springs</name><desc>For US-1284 Lake Barkley State Park
parking: no
0.1 mi from the park GPS point
Source: Kentucky State Parks (kygisserver.ky.gov)
Nearby point (within 5 mi of the park GPS). It may be outside the park — for example on Corps of Engineers or other land. Check the official map.</desc><sym>Parking Area</sym><type>Nearby access - State Parks trailhead</type></wpt>
<wpt lat="36.846877" lon="-87.933837"><name>US-1284 · State Parks trailhead: Blue Springs</name><desc>For US-1284 Lake Barkley State Park
parking: yes
0.2 mi from the park GPS point
Source: Kentucky State Parks (kygisserver.ky.gov)
Nearby point (within 5 mi of the park GPS). It may be outside the park — for example on Corps of Engineers or other land. Check the official map.</desc><sym>Parking Area</sym><type>Nearby access - State Parks trailhead</type></wpt>
<wpt lat="36.855261" lon="-87.925008"><name>US-1284 · State Parks trailhead: Cedar Grove</name><desc>For US-1284 Lake Barkley State Park
parking: yes
0.6 mi from the park GPS point
Source: Kentucky State Parks (kygisserver.ky.gov)
Nearby point (within 5 mi of the park GPS). It may be outside the park — for example on Corps of Engineers or other land. Check the official map.</desc><sym>Parking Area</sym><type>Nearby access - State Parks trailhead</type></wpt>
<wpt lat="36.856947" lon="-87.923046"><name>US-1284 · State Parks trailhead: Wagon Wheel</name><desc>For US-1284 Lake Barkley State Park
parking: yes
0.7 mi from the park GPS point
Source: Kentucky State Parks (kygisserver.ky.gov)
Nearby point (within 5 mi of the park GPS). It may be outside the park — for example on Corps of Engineers or other land. Check the official map.</desc><sym>Parking Area</sym><type>Nearby access - State Parks trailhead</type></wpt>
<wpt lat="36.855509" lon="-87.919027"><name>US-1284 · State Parks trailhead: Wagon Wheel</name><desc>For US-1284 Lake Barkley State Park
parking: yes
0.8 mi from the park GPS point
Source: Kentucky State Parks (kygisserver.ky.gov)
Nearby point (within 5 mi of the park GPS). It may be outside the park — for example on Corps of Engineers or other land. Check the official map.</desc><sym>Parking Area</sym><type>Nearby access - State Parks trailhead</type></wpt>
<wpt lat="36.855654" lon="-87.919078"><name>US-1284 · State Parks trailhead: Wilderness</name><desc>For US-1284 Lake Barkley State Park
parking: yes
0.8 mi from the park GPS point
Source: Kentucky State Parks (kygisserver.ky.gov)
Nearby point (within 5 mi of the park GPS). It may be outside the park — for example on Corps of Engineers or other land. Check the official map.</desc><sym>Parking Area</sym><type>Nearby access - State Parks trailhead</type></wpt>
<wpt lat="36.844271" lon="-87.913593"><name>US-1284 · State Parks trailhead: Wilderness</name><desc>For US-1284 Lake Barkley State Park
parking: no
1.1 mi from the park GPS point
Source: Kentucky State Parks (kygisserver.ky.gov)
Nearby point (within 5 mi of the park GPS). It may be outside the park — for example on Corps of Engineers or other land. Check the official map.</desc><sym>Parking Area</sym><type>Nearby access - State Parks trailhead</type></wpt>
<wpt lat="36.844114" lon="-87.91364"><name>US-1284 · State Parks trailhead: Stable</name><desc>For US-1284 Lake Barkley State Park
parking: yes
1.1 mi from the park GPS point
Source: Kentucky State Parks (kygisserver.ky.gov)
Nearby point (within 5 mi of the park GPS). It may be outside the park — for example on Corps of Engineers or other land. Check the official map.</desc><sym>Parking Area</sym><type>Nearby access - State Parks trailhead</type></wpt>
<wpt lat="36.845554" lon="-87.912498"><name>US-1284 · State Parks trailhead: Wilderness</name><desc>For US-1284 Lake Barkley State Park
parking: no
1.1 mi from the park GPS point
Source: Kentucky State Parks (kygisserver.ky.gov)
Nearby point (within 5 mi of the park GPS). It may be outside the park — for example on Corps of Engineers or other land. Check the official map.</desc><sym>Parking Area</sym><type>Nearby access - State Parks trailhead</type></wpt>
<wpt lat="36.931131" lon="-85.042713"><name>US-1285 · State Parks trailhead: Overlook</name><desc>For US-1285 Lake Cumberland State Park
Trail: Lake Bluff; parking: yes
0.0 mi from the park GPS point
Source: Kentucky State Parks (kygisserver.ky.gov)
Nearby point (within 5 mi of the park GPS). It may be outside the park — for example on Corps of Engineers or other land. Check the official map.</desc><sym>Parking Area</sym><type>Nearby access - State Parks trailhead</type></wpt>
<wpt lat="36.92935" lon="-85.040894"><name>US-1285 · State Parks trailhead: Conference Center</name><desc>For US-1285 Lake Cumberland State Park
Trail: Lake Bluff; parking: yes
0.1 mi from the park GPS point
Source: Kentucky State Parks (kygisserver.ky.gov)
Nearby point (within 5 mi of the park GPS). It may be outside the park — for example on Corps of Engineers or other land. Check the official map.</desc><sym>Parking Area</sym><type>Nearby access - State Parks trailhead</type></wpt>
<wpt lat="36.926616" lon="-85.046952"><name>US-1285 · State Parks trailhead: Pumpkin Creek Lodge</name><desc>For US-1285 Lake Cumberland State Park
Trail: Lake Bluff; parking: yes
0.4 mi from the park GPS point
Source: Kentucky State Parks (kygisserver.ky.gov)
Nearby point (within 5 mi of the park GPS). It may be outside the park — for example on Corps of Engineers or other land. Check the official map.</desc><sym>Parking Area</sym><type>Nearby access - State Parks trailhead</type></wpt>
<wpt lat="36.921898" lon="-85.042068"><name>US-1285 · State Parks trailhead: Perch</name><desc>For US-1285 Lake Cumberland State Park
parking: yes
0.6 mi from the park GPS point
Source: Kentucky State Parks (kygisserver.ky.gov)
Nearby point (within 5 mi of the park GPS). It may be outside the park — for example on Corps of Engineers or other land. Check the official map.</desc><sym>Parking Area</sym><type>Nearby access - State Parks trailhead</type></wpt>
<wpt lat="36.901532" lon="-85.074761"><name>US-1285 · State Parks trailhead: Baugh Branch</name><desc>For US-1285 Lake Cumberland State Park
parking: yes
2.7 mi from the park GPS point
Source: Kentucky State Parks (kygisserver.ky.gov)
Nearby point (within 5 mi of the park GPS). It may be outside the park — for example on Corps of Engineers or other land. Check the official map.</desc><sym>Parking Area</sym><type>Nearby access - State Parks trailhead</type></wpt>
<wpt lat="37.074942" lon="-87.040851"><name>US-1263 · State Parks trailhead: Laurel</name><desc>For US-1263 Lake Malone State Park
parking: yes
0.8 mi from the park GPS point
Source: Kentucky State Parks (kygisserver.ky.gov)
Nearby point (within 5 mi of the park GPS). It may be outside the park — for example on Corps of Engineers or other land. Check the official map.</desc><sym>Parking Area</sym><type>Nearby access - State Parks trailhead</type></wpt>
<wpt lat="37.073926" lon="-87.038023"><name>US-1263 · State Parks trailhead: Laurel</name><desc>For US-1263 Lake Malone State Park
parking: yes
1.0 mi from the park GPS point
Source: Kentucky State Parks (kygisserver.ky.gov)
Nearby point (within 5 mi of the park GPS). It may be outside the park — for example on Corps of Engineers or other land. Check the official map.</desc><sym>Parking Area</sym><type>Nearby access - State Parks trailhead</type></wpt>
<wpt lat="37.074532" lon="-87.03777"><name>US-1263 · State Parks trailhead: Wildflower</name><desc>For US-1263 Lake Malone State Park
parking: yes
1.0 mi from the park GPS point
Source: Kentucky State Parks (kygisserver.ky.gov)
Nearby point (within 5 mi of the park GPS). It may be outside the park — for example on Corps of Engineers or other land. Check the official map.</desc><sym>Parking Area</sym><type>Nearby access - State Parks trailhead</type></wpt>
<wpt lat="37.076365" lon="-87.037944"><name>US-1263 · State Parks trailhead: Wildflower</name><desc>For US-1263 Lake Malone State Park
parking: no
1.0 mi from the park GPS point
Source: Kentucky State Parks (kygisserver.ky.gov)
Nearby point (within 5 mi of the park GPS). It may be outside the park — for example on Corps of Engineers or other land. Check the official map.</desc><sym>Parking Area</sym><type>Nearby access - State Parks trailhead</type></wpt>
<wpt lat="37.781544" lon="-83.691154"><name>US-1286 · State Parks trailhead: Hood'S Branch</name><desc>For US-1286 Natural Bridge State Park
parking: yes
0.4 mi from the park GPS point
Source: Kentucky State Parks (kygisserver.ky.gov)
Nearby point (within 5 mi of the park GPS). It may be outside the park — for example on Corps of Engineers or other land. Check the official map.</desc><sym>Parking Area</sym><type>Nearby access - State Parks trailhead</type></wpt>
<wpt lat="37.782127" lon="-83.689375"><name>US-1286 · State Parks trailhead: Low Gap</name><desc>For US-1286 Natural Bridge State Park
parking: yes
0.4 mi from the park GPS point
Source: Kentucky State Parks (kygisserver.ky.gov)
Nearby point (within 5 mi of the park GPS). It may be outside the park — for example on Corps of Engineers or other land. Check the official map.</desc><sym>Parking Area</sym><type>Nearby access - State Parks trailhead</type></wpt>
<wpt lat="37.776453" lon="-83.680986"><name>US-1286 · State Parks trailhead: Hemlock Lodge Access To Original</name><desc>For US-1286 Natural Bridge State Park
parking: yes
0.4 mi from the park GPS point
Source: Kentucky State Parks (kygisserver.ky.gov)
Nearby point (within 5 mi of the park GPS). It may be outside the park — for example on Corps of Engineers or other land. Check the official map.</desc><sym>Parking Area</sym><type>Nearby access - State Parks trailhead</type></wpt>
<wpt lat="37.77552" lon="-83.678219"><name>US-1286 · State Parks trailhead: The Original</name><desc>For US-1286 Natural Bridge State Park
parking: yes
0.6 mi from the park GPS point
Source: Kentucky State Parks (kygisserver.ky.gov)
Nearby point (within 5 mi of the park GPS). It may be outside the park — for example on Corps of Engineers or other land. Check the official map.</desc><sym>Parking Area</sym><type>Nearby access - State Parks trailhead</type></wpt>
<wpt lat="37.777401" lon="-83.677035"><name>US-1286 · State Parks trailhead: Lakeside</name><desc>For US-1286 Natural Bridge State Park
parking: yes
0.6 mi from the park GPS point
Source: Kentucky State Parks (kygisserver.ky.gov)
Nearby point (within 5 mi of the park GPS). It may be outside the park — for example on Corps of Engineers or other land. Check the official map.</desc><sym>Parking Area</sym><type>Nearby access - State Parks trailhead</type></wpt>
<wpt lat="37.779851" lon="-83.673686"><name>US-1286 · State Parks trailhead: Henson'S Arch</name><desc>For US-1286 Natural Bridge State Park
parking: yes
0.8 mi from the park GPS point
Source: Kentucky State Parks (kygisserver.ky.gov)
Nearby point (within 5 mi of the park GPS). It may be outside the park — for example on Corps of Engineers or other land. Check the official map.</desc><sym>Parking Area</sym><type>Nearby access - State Parks trailhead</type></wpt>
<wpt lat="37.782714" lon="-83.672955"><name>US-1286 · State Parks trailhead: Whittleton</name><desc>For US-1286 Natural Bridge State Park
parking: no
0.9 mi from the park GPS point
Source: Kentucky State Parks (kygisserver.ky.gov)
Nearby point (within 5 mi of the park GPS). It may be outside the park — for example on Corps of Engineers or other land. Check the official map.</desc><sym>Parking Area</sym><type>Nearby access - State Parks trailhead</type></wpt>
<wpt lat="37.298028" lon="-86.213282"><name>US-1268 · State Parks trailhead: Waterfall Hiking Trail</name><desc>For US-1268 Nolin Lake State Park
parking: yes
0.1 mi from the park GPS point
Source: Kentucky State Parks (kygisserver.ky.gov)
Nearby point (within 5 mi of the park GPS). It may be outside the park — for example on Corps of Engineers or other land. Check the official map.</desc><sym>Parking Area</sym><type>Nearby access - State Parks trailhead</type></wpt>
<wpt lat="36.6774" lon="-85.707769"><name>US-3784 · State Parks trailhead: Jackson Cemetery</name><desc>For US-3784 Old Mulkey Meetinghouse State Historic Site
Trail: Stonewall Jackson; parking: no
0.1 mi from the park GPS point
Source: Kentucky State Parks (kygisserver.ky.gov)
Nearby point (within 5 mi of the park GPS). It may be outside the park — for example on Corps of Engineers or other land. Check the official map.</desc><sym>Parking Area</sym><type>Nearby access - State Parks trailhead</type></wpt>
<wpt lat="36.678175" lon="-85.708034"><name>US-3784 · State Parks trailhead: Jackson Cemetery</name><desc>For US-3784 Old Mulkey Meetinghouse State Historic Site
Trail: Stonewall Jackson; parking: yes
0.1 mi from the park GPS point
Source: Kentucky State Parks (kygisserver.ky.gov)
Nearby point (within 5 mi of the park GPS). It may be outside the park — for example on Corps of Engineers or other land. Check the official map.</desc><sym>Parking Area</sym><type>Nearby access - State Parks trailhead</type></wpt>
<wpt lat="36.676816" lon="-85.707909"><name>US-3784 · State Parks trailhead: Jackson Cemetery</name><desc>For US-3784 Old Mulkey Meetinghouse State Historic Site
Trail: Stonewall Jackson; parking: no
0.1 mi from the park GPS point
Source: Kentucky State Parks (kygisserver.ky.gov)
Nearby point (within 5 mi of the park GPS). It may be outside the park — for example on Corps of Engineers or other land. Check the official map.</desc><sym>Parking Area</sym><type>Nearby access - State Parks trailhead</type></wpt>
<wpt lat="37.072505" lon="-87.662714"><name>US-1287 · State Parks trailhead: Lodge</name><desc>For US-1287 Pennyrile Forest State Park
Trail: Lake; parking: yes
0.0 mi from the park GPS point
Source: Kentucky State Parks (kygisserver.ky.gov)
Nearby point (within 5 mi of the park GPS). It may be outside the park — for example on Corps of Engineers or other land. Check the official map.</desc><sym>Parking Area</sym><type>Nearby access - State Parks trailhead</type></wpt>
<wpt lat="37.073787" lon="-87.663509"><name>US-1287 · State Parks trailhead: Indian Bluff/Pennyrile Nature Trail</name><desc>For US-1287 Pennyrile Forest State Park
Trail: Indian Bluff; parking: no
0.1 mi from the park GPS point
Source: Kentucky State Parks (kygisserver.ky.gov)
Nearby point (within 5 mi of the park GPS). It may be outside the park — for example on Corps of Engineers or other land. Check the official map.</desc><sym>Parking Area</sym><type>Nearby access - State Parks trailhead</type></wpt>
<wpt lat="37.074225" lon="-87.665354"><name>US-1287 · State Parks trailhead: Clifty Creek</name><desc>For US-1287 Pennyrile Forest State Park
parking: yes
0.2 mi from the park GPS point
Source: Kentucky State Parks (kygisserver.ky.gov)
Nearby point (within 5 mi of the park GPS). It may be outside the park — for example on Corps of Engineers or other land. Check the official map.</desc><sym>Parking Area</sym><type>Nearby access - State Parks trailhead</type></wpt>
<wpt lat="37.070711" lon="-87.660614"><name>US-1287 · State Parks trailhead: Thompsons Hollow</name><desc>For US-1287 Pennyrile Forest State Park
parking: yes
0.2 mi from the park GPS point
Source: Kentucky State Parks (kygisserver.ky.gov)
Nearby point (within 5 mi of the park GPS). It may be outside the park — for example on Corps of Engineers or other land. Check the official map.</desc><sym>Parking Area</sym><type>Nearby access - State Parks trailhead</type></wpt>
<wpt lat="37.071235" lon="-87.659709"><name>US-1287 · State Parks trailhead: Thompsons Hollow</name><desc>For US-1287 Pennyrile Forest State Park
parking: yes
0.2 mi from the park GPS point
Source: Kentucky State Parks (kygisserver.ky.gov)
Nearby point (within 5 mi of the park GPS). It may be outside the park — for example on Corps of Engineers or other land. Check the official map.</desc><sym>Parking Area</sym><type>Nearby access - State Parks trailhead</type></wpt>
<wpt lat="37.070111" lon="-87.660651"><name>US-1287 · State Parks trailhead: Beach</name><desc>For US-1287 Pennyrile Forest State Park
Trail: Lake; parking: yes
0.2 mi from the park GPS point
Source: Kentucky State Parks (kygisserver.ky.gov)
Nearby point (within 5 mi of the park GPS). It may be outside the park — for example on Corps of Engineers or other land. Check the official map.</desc><sym>Parking Area</sym><type>Nearby access - State Parks trailhead</type></wpt>
<wpt lat="37.069995" lon="-87.665363"><name>US-1287 · State Parks trailhead: Cane</name><desc>For US-1287 Pennyrile Forest State Park
parking: yes
0.2 mi from the park GPS point
Source: Kentucky State Parks (kygisserver.ky.gov)
Nearby point (within 5 mi of the park GPS). It may be outside the park — for example on Corps of Engineers or other land. Check the official map.</desc><sym>Parking Area</sym><type>Nearby access - State Parks trailhead</type></wpt>
<wpt lat="37.069962" lon="-87.665321"><name>US-1287 · State Parks trailhead: Lake</name><desc>For US-1287 Pennyrile Forest State Park
parking: yes
0.2 mi from the park GPS point
Source: Kentucky State Parks (kygisserver.ky.gov)
Nearby point (within 5 mi of the park GPS). It may be outside the park — for example on Corps of Engineers or other land. Check the official map.</desc><sym>Parking Area</sym><type>Nearby access - State Parks trailhead</type></wpt>
<wpt lat="37.069222" lon="-87.658546"><name>US-1287 · State Parks trailhead: Pennyroyal</name><desc>For US-1287 Pennyrile Forest State Park
parking: yes
0.3 mi from the park GPS point
Source: Kentucky State Parks (kygisserver.ky.gov)
Nearby point (within 5 mi of the park GPS). It may be outside the park — for example on Corps of Engineers or other land. Check the official map.</desc><sym>Parking Area</sym><type>Nearby access - State Parks trailhead</type></wpt>
<wpt lat="37.072731" lon="-87.655818"><name>US-1287 · State Parks trailhead: Campers Trace</name><desc>For US-1287 Pennyrile Forest State Park
parking: yes
0.4 mi from the park GPS point
Source: Kentucky State Parks (kygisserver.ky.gov)
Nearby point (within 5 mi of the park GPS). It may be outside the park — for example on Corps of Engineers or other land. Check the official map.</desc><sym>Parking Area</sym><type>Nearby access - State Parks trailhead</type></wpt>
<wpt lat="37.075051" lon="-87.655306"><name>US-1287 · State Parks trailhead: Campers Trace</name><desc>For US-1287 Pennyrile Forest State Park
parking: no
0.5 mi from the park GPS point
Source: Kentucky State Parks (kygisserver.ky.gov)
Nearby point (within 5 mi of the park GPS). It may be outside the park — for example on Corps of Engineers or other land. Check the official map.</desc><sym>Parking Area</sym><type>Nearby access - State Parks trailhead</type></wpt>
<wpt lat="37.075119" lon="-87.667002"><name>US-4692 · State Parks trailhead: Indian Bluff</name><desc>For US-4692 Pennyrile State Forest
parking: yes
0.3 mi from the park GPS point
Source: Kentucky State Parks (kygisserver.ky.gov)
Nearby point (within 5 mi of the park GPS). It may be outside the park — for example on Corps of Engineers or other land. Check the official map.</desc><sym>Parking Area</sym><type>Nearby access - State Parks trailhead</type></wpt>
<wpt lat="37.075009" lon="-87.666761"><name>US-4692 · State Parks trailhead: Clifty Creek</name><desc>For US-4692 Pennyrile State Forest
parking: yes
0.3 mi from the park GPS point
Source: Kentucky State Parks (kygisserver.ky.gov)
Nearby point (within 5 mi of the park GPS). It may be outside the park — for example on Corps of Engineers or other land. Check the official map.</desc><sym>Parking Area</sym><type>Nearby access - State Parks trailhead</type></wpt>
<wpt lat="37.673859" lon="-84.969362"><name>US-3785 · State Parks trailhead: 1</name><desc>For US-3785 Perryville Battlefield State Historic Site
Trail: Confederate Right; parking: yes
0.1 mi from the park GPS point
Source: Kentucky State Parks (kygisserver.ky.gov)
Nearby point (within 5 mi of the park GPS). It may be outside the park — for example on Corps of Engineers or other land. Check the official map.</desc><sym>Parking Area</sym><type>Nearby access - State Parks trailhead</type></wpt>
<wpt lat="37.677493" lon="-84.97534"><name>US-3785 · State Parks trailhead: 6</name><desc>For US-3785 Perryville Battlefield State Historic Site
Trail: Final Line; parking: yes
0.3 mi from the park GPS point
Source: Kentucky State Parks (kygisserver.ky.gov)
Nearby point (within 5 mi of the park GPS). It may be outside the park — for example on Corps of Engineers or other land. Check the official map.</desc><sym>Parking Area</sym><type>Nearby access - State Parks trailhead</type></wpt>
<wpt lat="37.672796" lon="-84.977051"><name>US-3785 · State Parks trailhead: 11</name><desc>For US-3785 Perryville Battlefield State Historic Site
Trail: Highwater Mark; parking: yes
0.4 mi from the park GPS point
Source: Kentucky State Parks (kygisserver.ky.gov)
Nearby point (within 5 mi of the park GPS). It may be outside the park — for example on Corps of Engineers or other land. Check the official map.</desc><sym>Parking Area</sym><type>Nearby access - State Parks trailhead</type></wpt>
<wpt lat="37.668226" lon="-84.972225"><name>US-3785 · State Parks trailhead: 2</name><desc>For US-3785 Perryville Battlefield State Historic Site
Trail: Jones; parking: yes
0.5 mi from the park GPS point
Source: Kentucky State Parks (kygisserver.ky.gov)
Nearby point (within 5 mi of the park GPS). It may be outside the park — for example on Corps of Engineers or other land. Check the official map.</desc><sym>Parking Area</sym><type>Nearby access - State Parks trailhead</type></wpt>
<wpt lat="37.671383" lon="-84.960718"><name>US-3785 · State Parks trailhead: 7</name><desc>For US-3785 Perryville Battlefield State Historic Site
Trail: Confederate Artillery &amp; Hicklen Nature; parking: yes
0.6 mi from the park GPS point
Source: Kentucky State Parks (kygisserver.ky.gov)
Nearby point (within 5 mi of the park GPS). It may be outside the park — for example on Corps of Engineers or other land. Check the official map.</desc><sym>Parking Area</sym><type>Nearby access - State Parks trailhead</type></wpt>
<wpt lat="37.66675" lon="-84.97188"><name>US-3785 · State Parks trailhead: 3</name><desc>For US-3785 Perryville Battlefield State Historic Site
Trail: Slaughter Pen; parking: yes
0.6 mi from the park GPS point
Source: Kentucky State Parks (kygisserver.ky.gov)
Nearby point (within 5 mi of the park GPS). It may be outside the park — for example on Corps of Engineers or other land. Check the official map.</desc><sym>Parking Area</sym><type>Nearby access - State Parks trailhead</type></wpt>
<wpt lat="37.665636" lon="-84.9703"><name>US-3785 · State Parks trailhead: 13</name><desc>For US-3785 Perryville Battlefield State Historic Site
Trail: Doctor'S Creek #2; parking: yes
0.7 mi from the park GPS point
Source: Kentucky State Parks (kygisserver.ky.gov)
Nearby point (within 5 mi of the park GPS). It may be outside the park — for example on Corps of Engineers or other land. Check the official map.</desc><sym>Parking Area</sym><type>Nearby access - State Parks trailhead</type></wpt>
<wpt lat="37.6663" lon="-84.975307"><name>US-3785 · State Parks trailhead: 5</name><desc>For US-3785 Perryville Battlefield State Historic Site
Trail: Russel House; parking: yes
0.7 mi from the park GPS point
Source: Kentucky State Parks (kygisserver.ky.gov)
Nearby point (within 5 mi of the park GPS). It may be outside the park — for example on Corps of Engineers or other land. Check the official map.</desc><sym>Parking Area</sym><type>Nearby access - State Parks trailhead</type></wpt>
<wpt lat="37.665125" lon="-84.968971"><name>US-3785 · State Parks trailhead: 12</name><desc>For US-3785 Perryville Battlefield State Historic Site
Trail: Sleetown-Buckner'S Adv; parking: yes
0.7 mi from the park GPS point
Source: Kentucky State Parks (kygisserver.ky.gov)
Nearby point (within 5 mi of the park GPS). It may be outside the park — for example on Corps of Engineers or other land. Check the official map.</desc><sym>Parking Area</sym><type>Nearby access - State Parks trailhead</type></wpt>
<wpt lat="37.663763" lon="-84.956598"><name>US-3785 · State Parks trailhead: 8</name><desc>For US-3785 Perryville Battlefield State Historic Site
Trail: Dye House; parking: yes
1.1 mi from the park GPS point
Source: Kentucky State Parks (kygisserver.ky.gov)
Nearby point (within 5 mi of the park GPS). It may be outside the park — for example on Corps of Engineers or other land. Check the official map.</desc><sym>Parking Area</sym><type>Nearby access - State Parks trailhead</type></wpt>
<wpt lat="37.656896" lon="-84.961117"><name>US-3785 · State Parks trailhead: Old Mackville Road</name><desc>For US-3785 Perryville Battlefield State Historic Site
parking: yes
1.4 mi from the park GPS point
Source: Kentucky State Parks (kygisserver.ky.gov)
Nearby point (within 5 mi of the park GPS). It may be outside the park — for example on Corps of Engineers or other land. Check the official map.</desc><sym>Parking Area</sym><type>Nearby access - State Parks trailhead</type></wpt>
<wpt lat="36.747713" lon="-83.7119"><name>US-1288 · State Parks trailhead: Rock Hotel</name><desc>For US-1288 Pine Mountain State Park
parking: no
0.0 mi from the park GPS point
Source: Kentucky State Parks (kygisserver.ky.gov)
Nearby point (within 5 mi of the park GPS). It may be outside the park — for example on Corps of Engineers or other land. Check the official map.</desc><sym>Parking Area</sym><type>Nearby access - State Parks trailhead</type></wpt>
<wpt lat="36.744708" lon="-83.710697"><name>US-1288 · State Parks trailhead: Longhunter</name><desc>For US-1288 Pine Mountain State Park
parking: yes
0.2 mi from the park GPS point
Source: Kentucky State Parks (kygisserver.ky.gov)
Nearby point (within 5 mi of the park GPS). It may be outside the park — for example on Corps of Engineers or other land. Check the official map.</desc><sym>Parking Area</sym><type>Nearby access - State Parks trailhead</type></wpt>
<wpt lat="36.743494" lon="-83.705817"><name>US-1288 · State Parks trailhead: Laurel Cove</name><desc>For US-1288 Pine Mountain State Park
parking: yes
0.4 mi from the park GPS point
Source: Kentucky State Parks (kygisserver.ky.gov)
Nearby point (within 5 mi of the park GPS). It may be outside the park — for example on Corps of Engineers or other land. Check the official map.</desc><sym>Parking Area</sym><type>Nearby access - State Parks trailhead</type></wpt>
<wpt lat="36.743466" lon="-83.703512"><name>US-1288 · State Parks trailhead: Azalea</name><desc>For US-1288 Pine Mountain State Park
parking: yes
0.6 mi from the park GPS point
Source: Kentucky State Parks (kygisserver.ky.gov)
Nearby point (within 5 mi of the park GPS). It may be outside the park — for example on Corps of Engineers or other land. Check the official map.</desc><sym>Parking Area</sym><type>Nearby access - State Parks trailhead</type></wpt>
<wpt lat="36.7544" lon="-83.703643"><name>US-1288 · State Parks trailhead: Chained Rock</name><desc>For US-1288 Pine Mountain State Park
parking: yes
0.7 mi from the park GPS point
Source: Kentucky State Parks (kygisserver.ky.gov)
Nearby point (within 5 mi of the park GPS). It may be outside the park — for example on Corps of Engineers or other land. Check the official map.</desc><sym>Parking Area</sym><type>Nearby access - State Parks trailhead</type></wpt>
<wpt lat="36.743463" lon="-83.691352"><name>US-1288 · State Parks trailhead: Narrows Overlook</name><desc>For US-1288 Pine Mountain State Park
parking: yes
1.2 mi from the park GPS point
Source: Kentucky State Parks (kygisserver.ky.gov)
Nearby point (within 5 mi of the park GPS). It may be outside the park — for example on Corps of Engineers or other land. Check the official map.</desc><sym>Parking Area</sym><type>Nearby access - State Parks trailhead</type></wpt>
<wpt lat="36.744155" lon="-83.738233"><name>US-1288 · State Parks trailhead: Ridgerunner</name><desc>For US-1288 Pine Mountain State Park
parking: no
1.4 mi from the park GPS point
Source: Kentucky State Parks (kygisserver.ky.gov)
Nearby point (within 5 mi of the park GPS). It may be outside the park — for example on Corps of Engineers or other land. Check the official map.</desc><sym>Parking Area</sym><type>Nearby access - State Parks trailhead</type></wpt>
<wpt lat="36.736753" lon="-83.736053"><name>US-1288 · State Parks trailhead: Lost</name><desc>For US-1288 Pine Mountain State Park
parking: no
1.5 mi from the park GPS point
Source: Kentucky State Parks (kygisserver.ky.gov)
Nearby point (within 5 mi of the park GPS). It may be outside the park — for example on Corps of Engineers or other land. Check the official map.</desc><sym>Parking Area</sym><type>Nearby access - State Parks trailhead</type></wpt>
<wpt lat="36.739019" lon="-83.737442"><name>US-1288 · State Parks trailhead: Living Stairway/Fern Garden</name><desc>For US-1288 Pine Mountain State Park
Trail: Living Stairway; parking: yes
1.5 mi from the park GPS point
Source: Kentucky State Parks (kygisserver.ky.gov)
Nearby point (within 5 mi of the park GPS). It may be outside the park — for example on Corps of Engineers or other land. Check the official map.</desc><sym>Parking Area</sym><type>Nearby access - State Parks trailhead</type></wpt>
<wpt lat="36.737138" lon="-83.73697"><name>US-1288 · State Parks trailhead: Fern Garden/Living Stairway</name><desc>For US-1288 Pine Mountain State Park
Trail: Lost; parking: no
1.5 mi from the park GPS point
Source: Kentucky State Parks (kygisserver.ky.gov)
Nearby point (within 5 mi of the park GPS). It may be outside the park — for example on Corps of Engineers or other land. Check the official map.</desc><sym>Parking Area</sym><type>Nearby access - State Parks trailhead</type></wpt>
<wpt lat="36.736705" lon="-83.737228"><name>US-1288 · State Parks trailhead: Honeymoon Falls</name><desc>For US-1288 Pine Mountain State Park
parking: yes
1.6 mi from the park GPS point
Source: Kentucky State Parks (kygisserver.ky.gov)
Nearby point (within 5 mi of the park GPS). It may be outside the park — for example on Corps of Engineers or other land. Check the official map.</desc><sym>Parking Area</sym><type>Nearby access - State Parks trailhead</type></wpt>
<wpt lat="36.728242" lon="-83.727544"><name>US-1288 · State Parks trailhead: Clear Creek Hollow</name><desc>For US-1288 Pine Mountain State Park
parking: yes
1.6 mi from the park GPS point
Source: Kentucky State Parks (kygisserver.ky.gov)
Nearby point (within 5 mi of the park GPS). It may be outside the park — for example on Corps of Engineers or other land. Check the official map.</desc><sym>Parking Area</sym><type>Nearby access - State Parks trailhead</type></wpt>
<wpt lat="36.738565" lon="-83.738468"><name>US-1288 · State Parks trailhead: Honeymoon Falls</name><desc>For US-1288 Pine Mountain State Park
parking: yes
1.6 mi from the park GPS point
Source: Kentucky State Parks (kygisserver.ky.gov)
Nearby point (within 5 mi of the park GPS). It may be outside the park — for example on Corps of Engineers or other land. Check the official map.</desc><sym>Parking Area</sym><type>Nearby access - State Parks trailhead</type></wpt>
<wpt lat="36.728165" lon="-83.727672"><name>US-1288 · State Parks trailhead: Clear Creek Hollow</name><desc>For US-1288 Pine Mountain State Park
parking: yes
1.6 mi from the park GPS point
Source: Kentucky State Parks (kygisserver.ky.gov)
Nearby point (within 5 mi of the park GPS). It may be outside the park — for example on Corps of Engineers or other land. Check the official map.</desc><sym>Parking Area</sym><type>Nearby access - State Parks trailhead</type></wpt>
<wpt lat="36.736528" lon="-83.7379"><name>US-1288 · State Parks trailhead: Hemlock Garden</name><desc>For US-1288 Pine Mountain State Park
parking: yes
1.6 mi from the park GPS point
Source: Kentucky State Parks (kygisserver.ky.gov)
Nearby point (within 5 mi of the park GPS). It may be outside the park — for example on Corps of Engineers or other land. Check the official map.</desc><sym>Parking Area</sym><type>Nearby access - State Parks trailhead</type></wpt>
<wpt lat="36.737895" lon="-83.740652"><name>US-1288 · State Parks trailhead: Honeymoon Falls</name><desc>For US-1288 Pine Mountain State Park
parking: yes
1.7 mi from the park GPS point
Source: Kentucky State Parks (kygisserver.ky.gov)
Nearby point (within 5 mi of the park GPS). It may be outside the park — for example on Corps of Engineers or other land. Check the official map.</desc><sym>Parking Area</sym><type>Nearby access - State Parks trailhead</type></wpt>
<wpt lat="36.734249" lon="-83.738732"><name>US-1288 · State Parks trailhead: Hemlock Garden</name><desc>For US-1288 Pine Mountain State Park
parking: yes
1.7 mi from the park GPS point
Source: Kentucky State Parks (kygisserver.ky.gov)
Nearby point (within 5 mi of the park GPS). It may be outside the park — for example on Corps of Engineers or other land. Check the official map.</desc><sym>Parking Area</sym><type>Nearby access - State Parks trailhead</type></wpt>
<wpt lat="36.742233" lon="-83.745811"><name>US-1288 · State Parks trailhead: Ridgerunner</name><desc>For US-1288 Pine Mountain State Park
parking: yes
1.9 mi from the park GPS point
Source: Kentucky State Parks (kygisserver.ky.gov)
Nearby point (within 5 mi of the park GPS). It may be outside the park — for example on Corps of Engineers or other land. Check the official map.</desc><sym>Parking Area</sym><type>Nearby access - State Parks trailhead</type></wpt>
<wpt lat="37.611744" lon="-86.503225"><name>US-1289 · State Parks trailhead: Lodge</name><desc>For US-1289 Rough River Dam State Park
Trail: Marina; parking: yes
0.1 mi from the park GPS point
Source: Kentucky State Parks (kygisserver.ky.gov)
Nearby point (within 5 mi of the park GPS). It may be outside the park — for example on Corps of Engineers or other land. Check the official map.</desc><sym>Parking Area</sym><type>Nearby access - State Parks trailhead</type></wpt>
<wpt lat="37.612477" lon="-86.50255"><name>US-1289 · State Parks trailhead: Mini Golf</name><desc>For US-1289 Rough River Dam State Park
Trail: Walking; parking: no
0.2 mi from the park GPS point
Source: Kentucky State Parks (kygisserver.ky.gov)
Nearby point (within 5 mi of the park GPS). It may be outside the park — for example on Corps of Engineers or other land. Check the official map.</desc><sym>Parking Area</sym><type>Nearby access - State Parks trailhead</type></wpt>
<wpt lat="37.602712" lon="-86.507441"><name>US-1289 · State Parks trailhead: Cottages</name><desc>For US-1289 Rough River Dam State Park
Trail: Marina; parking: no
0.5 mi from the park GPS point
Source: Kentucky State Parks (kygisserver.ky.gov)
Nearby point (within 5 mi of the park GPS). It may be outside the park — for example on Corps of Engineers or other land. Check the official map.</desc><sym>Parking Area</sym><type>Nearby access - State Parks trailhead</type></wpt>
<wpt lat="38.029858" lon="-85.24836"><name>US-1271 · State Parks trailhead: Wildlife Viewing Loop</name><desc>For US-1271 Taylorsville Lake State Park
parking: yes
0.1 mi from the park GPS point
Source: Kentucky State Parks (kygisserver.ky.gov)
Nearby point (within 5 mi of the park GPS). It may be outside the park — for example on Corps of Engineers or other land. Check the official map.</desc><sym>Parking Area</sym><type>Nearby access - State Parks trailhead</type></wpt>
<wpt lat="38.031265" lon="-85.245282"><name>US-1271 · State Parks trailhead: Day Use Area</name><desc>For US-1271 Taylorsville Lake State Park
Trail: Possum Ridge Loop/Snyder Hollow; parking: yes
0.3 mi from the park GPS point
Source: Kentucky State Parks (kygisserver.ky.gov)
Nearby point (within 5 mi of the park GPS). It may be outside the park — for example on Corps of Engineers or other land. Check the official map.</desc><sym>Parking Area</sym><type>Nearby access - State Parks trailhead</type></wpt>
<wpt lat="38.028494" lon="-85.255647"><name>US-1271 · State Parks trailhead: Little Beech</name><desc>For US-1271 Taylorsville Lake State Park
parking: no
0.3 mi from the park GPS point
Source: Kentucky State Parks (kygisserver.ky.gov)
Nearby point (within 5 mi of the park GPS). It may be outside the park — for example on Corps of Engineers or other land. Check the official map.</desc><sym>Parking Area</sym><type>Nearby access - State Parks trailhead</type></wpt>
<wpt lat="38.032057" lon="-85.24315"><name>US-1271 · State Parks trailhead: Snyder Hollow</name><desc>For US-1271 Taylorsville Lake State Park
parking: yes
0.4 mi from the park GPS point
Source: Kentucky State Parks (kygisserver.ky.gov)
Nearby point (within 5 mi of the park GPS). It may be outside the park — for example on Corps of Engineers or other land. Check the official map.</desc><sym>Parking Area</sym><type>Nearby access - State Parks trailhead</type></wpt>
<wpt lat="38.033407" lon="-85.255926"><name>US-1271 · State Parks trailhead: Primitive Camp Access</name><desc>For US-1271 Taylorsville Lake State Park
Trail: Primitive Access; parking: no
0.4 mi from the park GPS point
Source: Kentucky State Parks (kygisserver.ky.gov)
Nearby point (within 5 mi of the park GPS). It may be outside the park — for example on Corps of Engineers or other land. Check the official map.</desc><sym>Parking Area</sym><type>Nearby access - State Parks trailhead</type></wpt>
<wpt lat="38.031832" lon="-85.257743"><name>US-1271 · State Parks trailhead: Horse Camp Trail Access 2</name><desc>For US-1271 Taylorsville Lake State Park
parking: no
0.5 mi from the park GPS point
Source: Kentucky State Parks (kygisserver.ky.gov)
Nearby point (within 5 mi of the park GPS). It may be outside the park — for example on Corps of Engineers or other land. Check the official map.</desc><sym>Parking Area</sym><type>Nearby access - State Parks trailhead</type></wpt>
<wpt lat="38.033909" lon="-85.257949"><name>US-1271 · State Parks trailhead: Horse Camp Trail Access 1</name><desc>For US-1271 Taylorsville Lake State Park
parking: no
0.5 mi from the park GPS point
Source: Kentucky State Parks (kygisserver.ky.gov)
Nearby point (within 5 mi of the park GPS). It may be outside the park — for example on Corps of Engineers or other land. Check the official map.</desc><sym>Parking Area</sym><type>Nearby access - State Parks trailhead</type></wpt>
<wpt lat="38.031269" lon="-85.262396"><name>US-1271 · State Parks trailhead: Gazebo</name><desc>For US-1271 Taylorsville Lake State Park
parking: no
0.7 mi from the park GPS point
Source: Kentucky State Parks (kygisserver.ky.gov)
Nearby point (within 5 mi of the park GPS). It may be outside the park — for example on Corps of Engineers or other land. Check the official map.</desc><sym>Parking Area</sym><type>Nearby access - State Parks trailhead</type></wpt>
<wpt lat="38.024739" lon="-85.263458"><name>US-1271 · State Parks trailhead: Old Hill Climb</name><desc>For US-1271 Taylorsville Lake State Park
parking: yes
0.8 mi from the park GPS point
Source: Kentucky State Parks (kygisserver.ky.gov)
Nearby point (within 5 mi of the park GPS). It may be outside the park — for example on Corps of Engineers or other land. Check the official map.</desc><sym>Parking Area</sym><type>Nearby access - State Parks trailhead</type></wpt>
<wpt lat="38.025206" lon="-85.265129"><name>US-1271 · State Parks trailhead: Big Beech</name><desc>For US-1271 Taylorsville Lake State Park
parking: no
0.9 mi from the park GPS point
Source: Kentucky State Parks (kygisserver.ky.gov)
Nearby point (within 5 mi of the park GPS). It may be outside the park — for example on Corps of Engineers or other land. Check the official map.</desc><sym>Parking Area</sym><type>Nearby access - State Parks trailhead</type></wpt>
<wpt lat="37.97203" lon="-84.537668"><name>US-3786 · State Parks trailhead: Waveland Loop</name><desc>For US-3786 Waveland State Historic Site
parking: no
0.0 mi from the park GPS point
Source: Kentucky State Parks (kygisserver.ky.gov)
Nearby point (within 5 mi of the park GPS). It may be outside the park — for example on Corps of Engineers or other land. Check the official map.</desc><sym>Parking Area</sym><type>Nearby access - State Parks trailhead</type></wpt>
<wpt lat="37.971717" lon="-84.539264"><name>US-3786 · State Parks trailhead: Waveland Loop</name><desc>For US-3786 Waveland State Historic Site
parking: no
0.1 mi from the park GPS point
Source: Kentucky State Parks (kygisserver.ky.gov)
Nearby point (within 5 mi of the park GPS). It may be outside the park — for example on Corps of Engineers or other land. Check the official map.</desc><sym>Parking Area</sym><type>Nearby access - State Parks trailhead</type></wpt>
<wpt lat="36.971549" lon="-89.091804"><name>US-3788 · State Parks trailhead: Wood'S Walk</name><desc>For US-3788 Wickliffe Mounds State Historic Site
parking: no
0.1 mi from the park GPS point
Source: Kentucky State Parks (kygisserver.ky.gov)
Nearby point (within 5 mi of the park GPS). It may be outside the park — for example on Corps of Engineers or other land. Check the official map.</desc><sym>Parking Area</sym><type>Nearby access - State Parks trailhead</type></wpt>
<wpt lat="38.097164" lon="-82.683605"><name>US-1272 · State Parks trailhead: R &amp; R Trail</name><desc>For US-1272 Yatesville Lake State Park
Trail: R &amp; R; parking: yes
0.1 mi from the park GPS point
Source: Kentucky State Parks (kygisserver.ky.gov)
Nearby point (within 5 mi of the park GPS). It may be outside the park — for example on Corps of Engineers or other land. Check the official map.</desc><sym>Parking Area</sym><type>Nearby access - State Parks trailhead</type></wpt>
<wpt lat="38.098717" lon="-82.683696"><name>US-1272 · State Parks trailhead: R &amp; R Trail</name><desc>For US-1272 Yatesville Lake State Park
Trail: R &amp; R; parking: yes
0.2 mi from the park GPS point
Source: Kentucky State Parks (kygisserver.ky.gov)
Nearby point (within 5 mi of the park GPS). It may be outside the park — for example on Corps of Engineers or other land. Check the official map.</desc><sym>Parking Area</sym><type>Nearby access - State Parks trailhead</type></wpt>
<wpt lat="38.096405" lon="-82.685782"><name>US-1272 · State Parks trailhead: Wildcat Ridge Trail</name><desc>For US-1272 Yatesville Lake State Park
Trail: Wildcat Ridge; parking: yes
0.2 mi from the park GPS point
Source: Kentucky State Parks (kygisserver.ky.gov)
Nearby point (within 5 mi of the park GPS). It may be outside the park — for example on Corps of Engineers or other land. Check the official map.</desc><sym>Parking Area</sym><type>Nearby access - State Parks trailhead</type></wpt>
<wpt lat="38.09657" lon="-82.685861"><name>US-1272 · State Parks trailhead: Hike-In Sites Trail</name><desc>For US-1272 Yatesville Lake State Park
Trail: Hike-In Sites; parking: yes
0.2 mi from the park GPS point
Source: Kentucky State Parks (kygisserver.ky.gov)
Nearby point (within 5 mi of the park GPS). It may be outside the park — for example on Corps of Engineers or other land. Check the official map.</desc><sym>Parking Area</sym><type>Nearby access - State Parks trailhead</type></wpt>
<wpt lat="38.09938" lon="-82.683825"><name>US-1272 · State Parks trailhead: Haunted Trail</name><desc>For US-1272 Yatesville Lake State Park
Trail: Haunted; parking: yes
0.2 mi from the park GPS point
Source: Kentucky State Parks (kygisserver.ky.gov)
Nearby point (within 5 mi of the park GPS). It may be outside the park — for example on Corps of Engineers or other land. Check the official map.</desc><sym>Parking Area</sym><type>Nearby access - State Parks trailhead</type></wpt>
<wpt lat="38.099766" lon="-82.683601"><name>US-1272 · State Parks trailhead: Haunted Trail</name><desc>For US-1272 Yatesville Lake State Park
Trail: Haunted; parking: yes
0.2 mi from the park GPS point
Source: Kentucky State Parks (kygisserver.ky.gov)
Nearby point (within 5 mi of the park GPS). It may be outside the park — for example on Corps of Engineers or other land. Check the official map.</desc><sym>Parking Area</sym><type>Nearby access - State Parks trailhead</type></wpt>
<wpt lat="38.097718" lon="-82.686465"><name>US-1272 · State Parks trailhead: R &amp; R Trail</name><desc>For US-1272 Yatesville Lake State Park
Trail: R &amp; R; parking: no
0.2 mi from the park GPS point
Source: Kentucky State Parks (kygisserver.ky.gov)
Nearby point (within 5 mi of the park GPS). It may be outside the park — for example on Corps of Engineers or other land. Check the official map.</desc><sym>Parking Area</sym><type>Nearby access - State Parks trailhead</type></wpt>
<wpt lat="38.09526" lon="-82.686816"><name>US-1272 · State Parks trailhead: Wildcat Ridge Trail</name><desc>For US-1272 Yatesville Lake State Park
Trail: Wildcat Ridge; parking: no
0.3 mi from the park GPS point
Source: Kentucky State Parks (kygisserver.ky.gov)
Nearby point (within 5 mi of the park GPS). It may be outside the park — for example on Corps of Engineers or other land. Check the official map.</desc><sym>Parking Area</sym><type>Nearby access - State Parks trailhead</type></wpt>
<wpt lat="38.09828" lon="-82.687785"><name>US-1272 · State Parks trailhead: Haunted Trail</name><desc>For US-1272 Yatesville Lake State Park
Trail: Haunted; parking: yes
0.3 mi from the park GPS point
Source: Kentucky State Parks (kygisserver.ky.gov)
Nearby point (within 5 mi of the park GPS). It may be outside the park — for example on Corps of Engineers or other land. Check the official map.</desc><sym>Parking Area</sym><type>Nearby access - State Parks trailhead</type></wpt>
<wpt lat="38.096469" lon="-82.688394"><name>US-1272 · State Parks trailhead: Short Timer Trail</name><desc>For US-1272 Yatesville Lake State Park
Trail: Short Timer; parking: no
0.3 mi from the park GPS point
Source: Kentucky State Parks (kygisserver.ky.gov)
Nearby point (within 5 mi of the park GPS). It may be outside the park — for example on Corps of Engineers or other land. Check the official map.</desc><sym>Parking Area</sym><type>Nearby access - State Parks trailhead</type></wpt>
<wpt lat="38.096222" lon="-82.689411"><name>US-1272 · State Parks trailhead: Short Timer Trail</name><desc>For US-1272 Yatesville Lake State Park
Trail: Short Timer; parking: no
0.4 mi from the park GPS point
Source: Kentucky State Parks (kygisserver.ky.gov)
Nearby point (within 5 mi of the park GPS). It may be outside the park — for example on Corps of Engineers or other land. Check the official map.</desc><sym>Parking Area</sym><type>Nearby access - State Parks trailhead</type></wpt>
<wpt lat="38.094778" lon="-82.689937"><name>US-1272 · State Parks trailhead: Blue</name><desc>For US-1272 Yatesville Lake State Park
parking: no
0.4 mi from the park GPS point
Source: Kentucky State Parks (kygisserver.ky.gov)
Nearby point (within 5 mi of the park GPS). It may be outside the park — for example on Corps of Engineers or other land. Check the official map.</desc><sym>Parking Area</sym><type>Nearby access - State Parks trailhead</type></wpt>
<wpt lat="38.099206" lon="-82.690038"><name>US-1272 · State Parks trailhead: Haunted Trail</name><desc>For US-1272 Yatesville Lake State Park
Trail: Haunted; parking: yes
0.5 mi from the park GPS point
Source: Kentucky State Parks (kygisserver.ky.gov)
Nearby point (within 5 mi of the park GPS). It may be outside the park — for example on Corps of Engineers or other land. Check the official map.</desc><sym>Parking Area</sym><type>Nearby access - State Parks trailhead</type></wpt>
<wpt lat="38.117262" lon="-82.694358"><name>US-1272 · State Parks trailhead: Mary Ingles Trail System</name><desc>For US-1272 Yatesville Lake State Park
parking: yes
1.6 mi from the park GPS point
Source: Kentucky State Parks (kygisserver.ky.gov)
Nearby point (within 5 mi of the park GPS). It may be outside the park — for example on Corps of Engineers or other land. Check the official map.</desc><sym>Parking Area</sym><type>Nearby access - State Parks trailhead</type></wpt>
<wpt lat="38.117112" lon="-82.694884"><name>US-1272 · State Parks trailhead: Lakeside Loop</name><desc>For US-1272 Yatesville Lake State Park
parking: yes
1.6 mi from the park GPS point
Source: Kentucky State Parks (kygisserver.ky.gov)
Nearby point (within 5 mi of the park GPS). It may be outside the park — for example on Corps of Engineers or other land. Check the official map.</desc><sym>Parking Area</sym><type>Nearby access - State Parks trailhead</type></wpt>
<wpt lat="38.120281" lon="-82.689227"><name>US-1272 · State Parks trailhead: Ada Trail</name><desc>For US-1272 Yatesville Lake State Park
Trail: Ada; parking: yes
1.7 mi from the park GPS point
Source: Kentucky State Parks (kygisserver.ky.gov)
Nearby point (within 5 mi of the park GPS). It may be outside the park — for example on Corps of Engineers or other land. Check the official map.</desc><sym>Parking Area</sym><type>Nearby access - State Parks trailhead</type></wpt>
<wpt lat="36.907071" lon="-84.448427"><name>US-3794 · USFS site: Three Forks Of Beaver</name><desc>For US-3794 Beaver Creek Wildlife Management Area
Trailhead, capacity 25
0.9 mi from the park GPS point
Source: U.S. Forest Service (kygisserver.ky.gov)
Nearby point (within 5 mi of the park GPS). It may be outside the park — for example on Corps of Engineers or other land. Check the official map.</desc><sym>Parking Area</sym><type>Nearby access - USFS site</type></wpt>
<wpt lat="36.90890848" lon="-84.42302504"><name>US-3794 · USFS site: Swain Ridge</name><desc>For US-3794 Beaver Creek Wildlife Management Area
Trailhead, capacity 35
1.3 mi from the park GPS point
Source: U.S. Forest Service (kygisserver.ky.gov)
Nearby point (within 5 mi of the park GPS). It may be outside the park — for example on Corps of Engineers or other land. Check the official map.</desc><sym>Parking Area</sym><type>Nearby access - USFS site</type></wpt>
<wpt lat="36.92165165" lon="-84.42911344"><name>US-3794 · USFS site: Bowman'S Ridge Trailhead</name><desc>For US-3794 Beaver Creek Wildlife Management Area
Trailhead, capacity 18
1.8 mi from the park GPS point
Source: U.S. Forest Service (kygisserver.ky.gov)
Nearby point (within 5 mi of the park GPS). It may be outside the park — for example on Corps of Engineers or other land. Check the official map.</desc><sym>Parking Area</sym><type>Nearby access - USFS site</type></wpt>
<wpt lat="36.86467777" lon="-84.47439516"><name>US-3794 · USFS site: Middle Fork</name><desc>For US-3794 Beaver Creek Wildlife Management Area
Trailhead, capacity 20
2.9 mi from the park GPS point
Source: U.S. Forest Service (kygisserver.ky.gov)
Nearby point (within 5 mi of the park GPS). It may be outside the park — for example on Corps of Engineers or other land. Check the official map.</desc><sym>Parking Area</sym><type>Nearby access - USFS site</type></wpt>
<wpt lat="36.784947" lon="-84.481972"><name>US-10107 · USFS site: Hwy 27 Sheltowee Trace</name><desc>For US-10107 Big South Fork National Wild and Scenic River
Trailhead, capacity 25
2.5 mi from the park GPS point
Source: U.S. Forest Service (kygisserver.ky.gov)
Nearby point (within 5 mi of the park GPS). It may be outside the park — for example on Corps of Engineers or other land. Check the official map.</desc><sym>Parking Area</sym><type>Nearby access - USFS site</type></wpt>
<wpt lat="36.75852718" lon="-84.5031252"><name>US-10107 · USFS site: Sellers Ridge Ohv Trailhead</name><desc>For US-10107 Big South Fork National Wild and Scenic River
Trailhead, capacity 11
2.6 mi from the park GPS point
Source: U.S. Forest Service (kygisserver.ky.gov)
Nearby point (within 5 mi of the park GPS). It may be outside the park — for example on Corps of Engineers or other land. Check the official map.</desc><sym>Parking Area</sym><type>Nearby access - USFS site</type></wpt>
<wpt lat="36.77717" lon="-84.46841"><name>US-10107 · USFS site: Barren Fork Heritage Trail Trailhead</name><desc>For US-10107 Big South Fork National Wild and Scenic River
Trailhead, capacity 64
3.4 mi from the park GPS point
Source: U.S. Forest Service (kygisserver.ky.gov)
Nearby point (within 5 mi of the park GPS). It may be outside the park — for example on Corps of Engineers or other land. Check the official map.</desc><sym>Parking Area</sym><type>Nearby access - USFS site</type></wpt>
<wpt lat="36.840356" lon="-84.530831"><name>US-10107 · USFS site: Panoramic Trailhead</name><desc>For US-10107 Big South Fork National Wild and Scenic River
Trailhead, capacity 25
3.4 mi from the park GPS point
Source: U.S. Forest Service (kygisserver.ky.gov)
Nearby point (within 5 mi of the park GPS). It may be outside the park — for example on Corps of Engineers or other land. Check the official map.</desc><sym>Parking Area</sym><type>Nearby access - USFS site</type></wpt>
<wpt lat="36.99738457" lon="-84.28446083"><name>US-10121 · USFS site: Sheltowee Trace Nrt Trailhead, 192  1193</name><desc>For US-10121 Cane Creek Wildlife Management Area
Trailhead, capacity 25
0.1 mi from the park GPS point
Source: U.S. Forest Service (kygisserver.ky.gov)
Nearby point (within 5 mi of the park GPS). It may be outside the park — for example on Corps of Engineers or other land. Check the official map.</desc><sym>Parking Area</sym><type>Nearby access - USFS site</type></wpt>
<wpt lat="36.95840348" lon="-84.34562448"><name>US-10121 · USFS site: Scuttlehole Trailhead</name><desc>For US-10121 Cane Creek Wildlife Management Area
Trailhead, capacity 15
4.3 mi from the park GPS point
Source: U.S. Forest Service (kygisserver.ky.gov)
Nearby point (within 5 mi of the park GPS). It may be outside the park — for example on Corps of Engineers or other land. Check the official map.</desc><sym>Parking Area</sym><type>Nearby access - USFS site</type></wpt>
<wpt lat="37.81998736" lon="-83.575258"><name>US-3801 · USFS site: Osborne Bend Trailhead</name><desc>For US-3801 Clifty Wilderness Area
Trailhead, capacity 42
0.5 mi from the park GPS point
Source: U.S. Forest Service (kygisserver.ky.gov)
Nearby point (within 5 mi of the park GPS). It may be outside the park — for example on Corps of Engineers or other land. Check the official map.</desc><sym>Parking Area</sym><type>Nearby access - USFS site</type></wpt>
<wpt lat="37.80692906" lon="-83.59069927"><name>US-3801 · USFS site: Whistling Arch Parking Lot</name><desc>For US-3801 Clifty Wilderness Area
Trailhead, capacity 25
1.8 mi from the park GPS point
Source: U.S. Forest Service (kygisserver.ky.gov)
Nearby point (within 5 mi of the park GPS). It may be outside the park — for example on Corps of Engineers or other land. Check the official map.</desc><sym>Parking Area</sym><type>Nearby access - USFS site</type></wpt>
<wpt lat="37.80090403" lon="-83.58987312"><name>US-3801 · USFS site: Swift Camp/Rough Trail Parking Lot</name><desc>For US-3801 Clifty Wilderness Area
Trailhead, capacity 60
2.0 mi from the park GPS point
Source: U.S. Forest Service (kygisserver.ky.gov)
Nearby point (within 5 mi of the park GPS). It may be outside the park — for example on Corps of Engineers or other land. Check the official map.</desc><sym>Parking Area</sym><type>Nearby access - USFS site</type></wpt>
<wpt lat="37.798931" lon="-83.59138607"><name>US-3801 · USFS site: Angel Windows Parking Lot</name><desc>For US-3801 Clifty Wilderness Area
Trailhead, capacity 35
2.2 mi from the park GPS point
Source: U.S. Forest Service (kygisserver.ky.gov)
Nearby point (within 5 mi of the park GPS). It may be outside the park — for example on Corps of Engineers or other land. Check the official map.</desc><sym>Parking Area</sym><type>Nearby access - USFS site</type></wpt>
<wpt lat="37.83683117" lon="-83.60973282"><name>US-3801 · USFS site: Bison Way Parking Lot</name><desc>For US-3801 Clifty Wilderness Area
Trailhead, capacity 25
2.5 mi from the park GPS point
Source: U.S. Forest Service (kygisserver.ky.gov)
Nearby point (within 5 mi of the park GPS). It may be outside the park — for example on Corps of Engineers or other land. Check the official map.</desc><sym>Parking Area</sym><type>Nearby access - USFS site</type></wpt>
<wpt lat="37.79020955" lon="-83.59287041"><name>US-3801 · USFS site: Wildcat Parking Lot</name><desc>For US-3801 Clifty Wilderness Area
Trailhead, capacity 25
2.7 mi from the park GPS point
Source: U.S. Forest Service (kygisserver.ky.gov)
Nearby point (within 5 mi of the park GPS). It may be outside the park — for example on Corps of Engineers or other land. Check the official map.</desc><sym>Parking Area</sym><type>Nearby access - USFS site</type></wpt>
<wpt lat="37.80343181" lon="-83.61093962"><name>US-3801 · USFS site: Rough Trail Parking Lot</name><desc>For US-3801 Clifty Wilderness Area
Trailhead, capacity 60
2.8 mi from the park GPS point
Source: U.S. Forest Service (kygisserver.ky.gov)
Nearby point (within 5 mi of the park GPS). It may be outside the park — for example on Corps of Engineers or other land. Check the official map.</desc><sym>Parking Area</sym><type>Nearby access - USFS site</type></wpt>
<wpt lat="37.82304754" lon="-83.62814938"><name>US-3801 · USFS site: Stanton Sheltowee Parking Lot</name><desc>For US-3801 Clifty Wilderness Area
Trailhead, capacity 50
3.4 mi from the park GPS point
Source: U.S. Forest Service (kygisserver.ky.gov)
Nearby point (within 5 mi of the park GPS). It may be outside the park — for example on Corps of Engineers or other land. Check the official map.</desc><sym>Parking Area</sym><type>Nearby access - USFS site</type></wpt>
<wpt lat="37.77089711" lon="-83.56678467"><name>US-3801 · USFS site: Rock Bridge Rec. Area</name><desc>For US-3801 Clifty Wilderness Area
Trailhead, capacity 45
3.6 mi from the park GPS point
Source: U.S. Forest Service (kygisserver.ky.gov)
Nearby point (within 5 mi of the park GPS). It may be outside the park — for example on Corps of Engineers or other land. Check the official map.</desc><sym>Parking Area</sym><type>Nearby access - USFS site</type></wpt>
<wpt lat="37.88649253" lon="-83.59333158"><name>US-3801 · USFS site: Corner Ridge Trailhead</name><desc>For US-3801 Clifty Wilderness Area
Trailhead, capacity 15
4.6 mi from the park GPS point
Source: U.S. Forest Service (kygisserver.ky.gov)
Nearby point (within 5 mi of the park GPS). It may be outside the park — for example on Corps of Engineers or other land. Check the official map.</desc><sym>Parking Area</sym><type>Nearby access - USFS site</type></wpt>
<wpt lat="37.39013405" lon="-84.07271426"><name>US-10146 · USFS site: S-Tree Road Sheltowee Trace</name><desc>For US-10146 Mill Creek Wildlife Management Area
Trailhead, capacity 9
2.4 mi from the park GPS point
Source: U.S. Forest Service (kygisserver.ky.gov)
Nearby point (within 5 mi of the park GPS). It may be outside the park — for example on Corps of Engineers or other land. Check the official map.</desc><sym>Parking Area</sym><type>Nearby access - USFS site</type></wpt>
<wpt lat="37.80529033" lon="-83.65508786"><name>US-1286 · USFS site: Pinch-Em-Tight Parking Lot</name><desc>For US-1286 Natural Bridge State Park
Trailhead, capacity 30
2.7 mi from the park GPS point
Source: U.S. Forest Service (kygisserver.ky.gov)
Nearby point (within 5 mi of the park GPS). It may be outside the park — for example on Corps of Engineers or other land. Check the official map.</desc><sym>Parking Area</sym><type>Nearby access - USFS site</type></wpt>
<wpt lat="37.81987565" lon="-83.68086648"><name>US-1286 · USFS site: Auxier Ridge Trailhead</name><desc>For US-1286 Natural Bridge State Park
Trailhead, capacity 50
3.0 mi from the park GPS point
Source: U.S. Forest Service (kygisserver.ky.gov)
Nearby point (within 5 mi of the park GPS). It may be outside the park — for example on Corps of Engineers or other land. Check the official map.</desc><sym>Parking Area</sym><type>Nearby access - USFS site</type></wpt>
<wpt lat="37.82000624" lon="-83.66715662"><name>US-1286 · USFS site: Martins Fork Parking Lot</name><desc>For US-1286 Natural Bridge State Park
Trailhead, capacity 20
3.2 mi from the park GPS point
Source: U.S. Forest Service (kygisserver.ky.gov)
Nearby point (within 5 mi of the park GPS). It may be outside the park — for example on Corps of Engineers or other land. Check the official map.</desc><sym>Parking Area</sym><type>Nearby access - USFS site</type></wpt>
<wpt lat="37.82304754" lon="-83.62814938"><name>US-1286 · USFS site: Stanton Sheltowee Parking Lot</name><desc>For US-1286 Natural Bridge State Park
Trailhead, capacity 50
4.6 mi from the park GPS point
Source: U.S. Forest Service (kygisserver.ky.gov)
Nearby point (within 5 mi of the park GPS). It may be outside the park — for example on Corps of Engineers or other land. Check the official map.</desc><sym>Parking Area</sym><type>Nearby access - USFS site</type></wpt>
<wpt lat="37.80343181" lon="-83.61093962"><name>US-1286 · USFS site: Rough Trail Parking Lot</name><desc>For US-1286 Natural Bridge State Park
Trailhead, capacity 60
4.6 mi from the park GPS point
Source: U.S. Forest Service (kygisserver.ky.gov)
Nearby point (within 5 mi of the park GPS). It may be outside the park — for example on Corps of Engineers or other land. Check the official map.</desc><sym>Parking Area</sym><type>Nearby access - USFS site</type></wpt>
<wpt lat="38.03035838" lon="-83.54936019"><name>US-10158 · USFS site: Glady Trailhead</name><desc>For US-10158 Pioneer Weapons Wildlife Management Area
Trailhead, capacity 20
1.5 mi from the park GPS point
Source: U.S. Forest Service (kygisserver.ky.gov)
Nearby point (within 5 mi of the park GPS). It may be outside the park — for example on Corps of Engineers or other land. Check the official map.</desc><sym>Parking Area</sym><type>Nearby access - USFS site</type></wpt>
<wpt lat="38.09301978" lon="-83.58178841"><name>US-10158 · USFS site: White Sulphur Ohv Trailhead</name><desc>For US-10158 Pioneer Weapons Wildlife Management Area
Trailhead, capacity 40
3.4 mi from the park GPS point
Source: U.S. Forest Service (kygisserver.ky.gov)
Nearby point (within 5 mi of the park GPS). It may be outside the park — for example on Corps of Engineers or other land. Check the official map.</desc><sym>Parking Area</sym><type>Nearby access - USFS site</type></wpt>
<wpt lat="37.81998736" lon="-83.575258"><name>US-10104 · USFS site: Osborne Bend Trailhead</name><desc>For US-10104 Red River National Wild and Scenic River
Trailhead, capacity 42
0.0 mi from the park GPS point
Source: U.S. Forest Service (kygisserver.ky.gov)
Nearby point (within 5 mi of the park GPS). It may be outside the park — for example on Corps of Engineers or other land. Check the official map.</desc><sym>Parking Area</sym><type>Nearby access - USFS site</type></wpt>
<wpt lat="37.80692906" lon="-83.59069927"><name>US-10104 · USFS site: Whistling Arch Parking Lot</name><desc>For US-10104 Red River National Wild and Scenic River
Trailhead, capacity 25
1.2 mi from the park GPS point
Source: U.S. Forest Service (kygisserver.ky.gov)
Nearby point (within 5 mi of the park GPS). It may be outside the park — for example on Corps of Engineers or other land. Check the official map.</desc><sym>Parking Area</sym><type>Nearby access - USFS site</type></wpt>
<wpt lat="37.80090403" lon="-83.58987312"><name>US-10104 · USFS site: Swift Camp/Rough Trail Parking Lot</name><desc>For US-10104 Red River National Wild and Scenic River
Trailhead, capacity 60
1.5 mi from the park GPS point
Source: U.S. Forest Service (kygisserver.ky.gov)
Nearby point (within 5 mi of the park GPS). It may be outside the park — for example on Corps of Engineers or other land. Check the official map.</desc><sym>Parking Area</sym><type>Nearby access - USFS site</type></wpt>
<wpt lat="37.798931" lon="-83.59138607"><name>US-10104 · USFS site: Angel Windows Parking Lot</name><desc>For US-10104 Red River National Wild and Scenic River
Trailhead, capacity 35
1.7 mi from the park GPS point
Source: U.S. Forest Service (kygisserver.ky.gov)
Nearby point (within 5 mi of the park GPS). It may be outside the park — for example on Corps of Engineers or other land. Check the official map.</desc><sym>Parking Area</sym><type>Nearby access - USFS site</type></wpt>
<wpt lat="37.79020955" lon="-83.59287041"><name>US-10104 · USFS site: Wildcat Parking Lot</name><desc>For US-10104 Red River National Wild and Scenic River
Trailhead, capacity 25
2.3 mi from the park GPS point
Source: U.S. Forest Service (kygisserver.ky.gov)
Nearby point (within 5 mi of the park GPS). It may be outside the park — for example on Corps of Engineers or other land. Check the official map.</desc><sym>Parking Area</sym><type>Nearby access - USFS site</type></wpt>
<wpt lat="37.83683117" lon="-83.60973282"><name>US-10104 · USFS site: Bison Way Parking Lot</name><desc>For US-10104 Red River National Wild and Scenic River
Trailhead, capacity 25
2.3 mi from the park GPS point
Source: U.S. Forest Service (kygisserver.ky.gov)
Nearby point (within 5 mi of the park GPS). It may be outside the park — for example on Corps of Engineers or other land. Check the official map.</desc><sym>Parking Area</sym><type>Nearby access - USFS site</type></wpt>
<wpt lat="37.80343181" lon="-83.61093962"><name>US-10104 · USFS site: Rough Trail Parking Lot</name><desc>For US-10104 Red River National Wild and Scenic River
Trailhead, capacity 60
2.3 mi from the park GPS point
Source: U.S. Forest Service (kygisserver.ky.gov)
Nearby point (within 5 mi of the park GPS). It may be outside the park — for example on Corps of Engineers or other land. Check the official map.</desc><sym>Parking Area</sym><type>Nearby access - USFS site</type></wpt>
<wpt lat="37.82304754" lon="-83.62814938"><name>US-10104 · USFS site: Stanton Sheltowee Parking Lot</name><desc>For US-10104 Red River National Wild and Scenic River
Trailhead, capacity 50
2.9 mi from the park GPS point
Source: U.S. Forest Service (kygisserver.ky.gov)
Nearby point (within 5 mi of the park GPS). It may be outside the park — for example on Corps of Engineers or other land. Check the official map.</desc><sym>Parking Area</sym><type>Nearby access - USFS site</type></wpt>
<wpt lat="37.77089711" lon="-83.56678467"><name>US-10104 · USFS site: Rock Bridge Rec. Area</name><desc>For US-10104 Red River National Wild and Scenic River
Trailhead, capacity 45
3.4 mi from the park GPS point
Source: U.S. Forest Service (kygisserver.ky.gov)
Nearby point (within 5 mi of the park GPS). It may be outside the park — for example on Corps of Engineers or other land. Check the official map.</desc><sym>Parking Area</sym><type>Nearby access - USFS site</type></wpt>
<wpt lat="37.80529033" lon="-83.65508786"><name>US-10104 · USFS site: Pinch-Em-Tight Parking Lot</name><desc>For US-10104 Red River National Wild and Scenic River
Trailhead, capacity 30
4.5 mi from the park GPS point
Source: U.S. Forest Service (kygisserver.ky.gov)
Nearby point (within 5 mi of the park GPS). It may be outside the park — for example on Corps of Engineers or other land. Check the official map.</desc><sym>Parking Area</sym><type>Nearby access - USFS site</type></wpt>
<wpt lat="37.88649253" lon="-83.59333158"><name>US-10104 · USFS site: Corner Ridge Trailhead</name><desc>For US-10104 Red River National Wild and Scenic River
Trailhead, capacity 15
4.7 mi from the park GPS point
Source: U.S. Forest Service (kygisserver.ky.gov)
Nearby point (within 5 mi of the park GPS). It may be outside the park — for example on Corps of Engineers or other land. Check the official map.</desc><sym>Parking Area</sym><type>Nearby access - USFS site</type></wpt>
<wpt lat="37.12639657" lon="-83.48399937"><name>US-10159 · USFS site: Sugar Creek Ohv Trailhead</name><desc>For US-10159 Redbird Wildlife Management Area
Trailhead, capacity 28
3.2 mi from the park GPS point
Source: U.S. Forest Service (kygisserver.ky.gov)
Nearby point (within 5 mi of the park GPS). It may be outside the park — for example on Corps of Engineers or other land. Check the official map.</desc><sym>Parking Area</sym><type>Nearby access - USFS site</type></wpt>
<wpt lat="37.14360869" lon="-83.58006022"><name>US-10159 · USFS site: Peabody Ohv Trailhead</name><desc>For US-10159 Redbird Wildlife Management Area
Trailhead, capacity 196
3.8 mi from the park GPS point
Source: U.S. Forest Service (kygisserver.ky.gov)
Nearby point (within 5 mi of the park GPS). It may be outside the park — for example on Corps of Engineers or other land. Check the official map.</desc><sym>Parking Area</sym><type>Nearby access - USFS site</type></wpt>
<wpt lat="36.99738457" lon="-84.28446083"><name>US-10106 · USFS site: Sheltowee Trace Nrt Trailhead, 192  1193</name><desc>For US-10106 The Rockcastle National Wild and Scenic River
Trailhead, capacity 25
3.2 mi from the park GPS point
Source: U.S. Forest Service (kygisserver.ky.gov)
Nearby point (within 5 mi of the park GPS). It may be outside the park — for example on Corps of Engineers or other land. Check the official map.</desc><sym>Parking Area</sym><type>Nearby access - USFS site</type></wpt>
<wpt lat="36.95840348" lon="-84.34562448"><name>US-10106 · USFS site: Scuttlehole Trailhead</name><desc>For US-10106 The Rockcastle National Wild and Scenic River
Trailhead, capacity 15
4.9 mi from the park GPS point
Source: U.S. Forest Service (kygisserver.ky.gov)
Nearby point (within 5 mi of the park GPS). It may be outside the park — for example on Corps of Engineers or other land. Check the official map.</desc><sym>Parking Area</sym><type>Nearby access - USFS site</type></wpt>
<wpt lat="38.09301978" lon="-83.58178841"><name>US-10170 · USFS site: White Sulphur Ohv Trailhead</name><desc>For US-10170 Twin Knobs Campground Wildlife Management Area
Trailhead, capacity 40
4.9 mi from the park GPS point
Source: U.S. Forest Service (kygisserver.ky.gov)
Nearby point (within 5 mi of the park GPS). It may be outside the park — for example on Corps of Engineers or other land. Check the official map.</desc><sym>Parking Area</sym><type>Nearby access - USFS site</type></wpt>
<wpt lat="36.99738457" lon="-84.28446083"><name>US-7964 · USFS site: Sheltowee Trace Nrt Trailhead, 192  1193</name><desc>For US-7964 William H. Martin State Natural Area
Trailhead, capacity 25
3.8 mi from the park GPS point
Source: U.S. Forest Service (kygisserver.ky.gov)
Nearby point (within 5 mi of the park GPS). It may be outside the park — for example on Corps of Engineers or other land. Check the official map.</desc><sym>Parking Area</sym><type>Nearby access - USFS site</type></wpt>
<wpt lat="38.03035838" lon="-83.54936019"><name>US-10171 · USFS site: Glady Trailhead</name><desc>For US-10171 Zilpo Campground Wildlife Management Area
Trailhead, capacity 20
4.2 mi from the park GPS point
Source: U.S. Forest Service (kygisserver.ky.gov)
Nearby point (within 5 mi of the park GPS). It may be outside the park — for example on Corps of Engineers or other land. Check the official map.</desc><sym>Parking Area</sym><type>Nearby access - USFS site</type></wpt>
<wpt lat="38.09301978" lon="-83.58178841"><name>US-10171 · USFS site: White Sulphur Ohv Trailhead</name><desc>For US-10171 Zilpo Campground Wildlife Management Area
Trailhead, capacity 40
4.8 mi from the park GPS point
Source: U.S. Forest Service (kygisserver.ky.gov)
Nearby point (within 5 mi of the park GPS). It may be outside the park — for example on Corps of Engineers or other land. Check the official map.</desc><sym>Parking Area</sym><type>Nearby access - USFS site</type></wpt>
<wpt lat="37.18212633" lon="-89.02707594"><name>US-3793 · KDFWR entrance: Ballard WMA</name><desc>For US-3793 Ballard Wildlife Management Area
Official entrance
0.5 mi from the park GPS point
Source: Kentucky Dept. of Fish &amp; Wildlife Resources (kygisserver.ky.gov)</desc><sym>Parking Area</sym><type>Official access - KDFWR entrance</type></wpt>
<wpt lat="36.88889808" lon="-84.49403162"><name>US-3794 · KDFWR entrance: Beaver Creek WMA</name><desc>For US-3794 Beaver Creek Wildlife Management Area
Official entrance
3.0 mi from the park GPS point
Source: Kentucky Dept. of Fish &amp; Wildlife Resources (kygisserver.ky.gov)</desc><sym>Parking Area</sym><type>Official access - KDFWR entrance</type></wpt>
<wpt lat="36.55772885" lon="-88.13260745"><name>US-3795 · KDFWR entrance: Beechy Creek WMA</name><desc>For US-3795 Beechy Creek Wildlife Management Area
Official entrance
0.2 mi from the park GPS point
Source: Kentucky Dept. of Fish &amp; Wildlife Resources (kygisserver.ky.gov)</desc><sym>Parking Area</sym><type>Official access - KDFWR entrance</type></wpt>
<wpt lat="37.54543957" lon="-88.02865374"><name>US-3796 · KDFWR entrance: Big Rivers WMA and State Forest</name><desc>For US-3796 Big Rivers Wildlife Management Area
Official entrance
3.0 mi from the park GPS point
Source: Kentucky Dept. of Fish &amp; Wildlife Resources (kygisserver.ky.gov)</desc><sym>Parking Area</sym><type>Official access - KDFWR entrance</type></wpt>
<wpt lat="36.69702699" lon="-84.48004076"><name>US-0686 · KDFWR entrance: Big South Fork National River and Recreation Area</name><desc>For US-0686 Big South Fork National Recreation Area
Official entrance
18.8 mi from the park GPS point
Source: Kentucky Dept. of Fish &amp; Wildlife Resources (kygisserver.ky.gov)</desc><sym>Parking Area</sym><type>Official access - KDFWR entrance</type></wpt>
<wpt lat="37.00954718" lon="-89.12183655"><name>US-3797 · KDFWR entrance: Boatwright WMA</name><desc>For US-3797 Boatwright Wildlife Management Area
Official entrance
6.7 mi from the park GPS point
Source: Kentucky Dept. of Fish &amp; Wildlife Resources (kygisserver.ky.gov)</desc><sym>Parking Area</sym><type>Official access - KDFWR entrance</type></wpt>
<wpt lat="37.10693713" lon="-84.40972204"><name>US-3798 · KDFWR entrance: Buck Creek WMA</name><desc>For US-3798 Buck Creek Wildlife Management Area
Official entrance
0.0 mi from the park GPS point
Source: Kentucky Dept. of Fish &amp; Wildlife Resources (kygisserver.ky.gov)</desc><sym>Parking Area</sym><type>Official access - KDFWR entrance</type></wpt>
<wpt lat="37.16866757" lon="-83.70812125"><name>US-3799 · KDFWR entrance: Burchell-Beech Creek WMA</name><desc>For US-3799 Burchell-Beech Wildlife Management Area
Official entrance
0.0 mi from the park GPS point
Source: Kentucky Dept. of Fish &amp; Wildlife Resources (kygisserver.ky.gov)</desc><sym>Parking Area</sym><type>Official access - KDFWR entrance</type></wpt>
<wpt lat="36.99752256" lon="-84.28476177"><name>US-10121 · KDFWR entrance: Cane Creek WMA</name><desc>For US-10121 Cane Creek Wildlife Management Area
Official entrance
0.0 mi from the park GPS point
Source: Kentucky Dept. of Fish &amp; Wildlife Resources (kygisserver.ky.gov)</desc><sym>Parking Area</sym><type>Official access - KDFWR entrance</type></wpt>
<wpt lat="37.45636404" lon="-84.54990923"><name>US-3800 · KDFWR entrance: Cedar Creek Lake WMA</name><desc>For US-3800 Cedar Creek Lake Wildlife Management Area
Official entrance
1.4 mi from the park GPS point
Source: Kentucky Dept. of Fish &amp; Wildlife Resources (kygisserver.ky.gov)</desc><sym>Parking Area</sym><type>Official access - KDFWR entrance</type></wpt>
<wpt lat="36.87952691" lon="-88.34440353"><name>US-0295 · KDFWR entrance: Clarks River National Wildlife Refuge</name><desc>For US-0295 Clarks River National Wildlife Refuge
Official entrance
13.6 mi from the park GPS point
Source: Kentucky Dept. of Fish &amp; Wildlife Resources (kygisserver.ky.gov)</desc><sym>Parking Area</sym><type>Official access - KDFWR entrance</type></wpt>
<wpt lat="38.34108629" lon="-83.91953835"><name>US-10124 · KDFWR entrance: Clay WMA</name><desc>For US-10124 Clay Wildlife Management Area
Official entrance
0.0 mi from the park GPS point
Source: Kentucky Dept. of Fish &amp; Wildlife Resources (kygisserver.ky.gov)</desc><sym>Parking Area</sym><type>Official access - KDFWR entrance</type></wpt>
<wpt lat="37.31543182" lon="-87.67835537"><name>US-12974 · KDFWR entrance: Clear Creek WMA</name><desc>For US-12974 Clear Creek Wildlife Management Area
Official entrance
0.0 mi from the park GPS point
Source: Kentucky Dept. of Fish &amp; Wildlife Resources (kygisserver.ky.gov)</desc><sym>Parking Area</sym><type>Official access - KDFWR entrance</type></wpt>
<wpt lat="36.911281" lon="-89.02354545"><name>US-3803 · KDFWR entrance: Coil Estate WMA</name><desc>For US-3803 Coil Estate Wildlife Management Area
Official entrance
0.1 mi from the park GPS point
Source: Kentucky Dept. of Fish &amp; Wildlife Resources (kygisserver.ky.gov)</desc><sym>Parking Area</sym><type>Official access - KDFWR entrance</type></wpt>
<wpt lat="36.7562941" lon="-83.19716913"><name>US-3804 · KDFWR entrance: Cranks Creek WMA</name><desc>For US-3804 Cranks Creek Wildlife Management Area
Official entrance
0.1 mi from the park GPS point
Source: Kentucky Dept. of Fish &amp; Wildlife Resources (kygisserver.ky.gov)</desc><sym>Parking Area</sym><type>Official access - KDFWR entrance</type></wpt>
<wpt lat="38.77310131" lon="-84.60130602"><name>US-3805 · KDFWR entrance: Curtis Gates Lloyd WMA</name><desc>For US-3805 Curtis Gates Lloyd Wildlife Management Area
Official entrance
0.7 mi from the park GPS point
Source: Kentucky Dept. of Fish &amp; Wildlife Resources (kygisserver.ky.gov)</desc><sym>Parking Area</sym><type>Official access - KDFWR entrance</type></wpt>
<wpt lat="36.66647903" lon="-85.30034027"><name>US-1278 · KDFWR entrance: Dale Hollow Lake State Resort Park </name><desc>For US-1278 Dale Hollow State Park
Official entrance
1.6 mi from the park GPS point
Source: Kentucky Dept. of Fish &amp; Wildlife Resources (kygisserver.ky.gov)</desc><sym>Parking Area</sym><type>Official access - KDFWR entrance</type></wpt>
<wpt lat="37.99381741" lon="-84.21368651"><name>US-4484 · KDFWR entrance: Daniel Boone National Forest</name><desc>For US-4484 Daniel Boone National Forest
Official entrance
41.5 mi from the park GPS point
Source: Kentucky Dept. of Fish &amp; Wildlife Resources (kygisserver.ky.gov)</desc><sym>Parking Area</sym><type>Official access - KDFWR entrance</type></wpt>
<wpt lat="38.9873802" lon="-84.7671569"><name>US-9756 · KDFWR entrance: Decker WMA</name><desc>For US-9756 Decker Wildlife Management Area
Official entrance
0.3 mi from the park GPS point
Source: Kentucky Dept. of Fish &amp; Wildlife Resources (kygisserver.ky.gov)</desc><sym>Parking Area</sym><type>Official access - KDFWR entrance</type></wpt>
<wpt lat="37.26586513" lon="-85.15066734"><name>US-3806 · KDFWR entrance: Dennis-Gray WMA</name><desc>For US-3806 Dennis-Gray Wildlife Management Area
Official entrance
0.1 mi from the park GPS point
Source: Kentucky Dept. of Fish &amp; Wildlife Resources (kygisserver.ky.gov)</desc><sym>Parking Area</sym><type>Official access - KDFWR entrance</type></wpt>
<wpt lat="37.70153132" lon="-82.64570093"><name>US-4687 · KDFWR entrance: Dewey Lake WMA</name><desc>For US-4687 Dewey Lake Wildlife Management Area
Official entrance
5.1 mi from the park GPS point
Source: Kentucky Dept. of Fish &amp; Wildlife Resources (kygisserver.ky.gov)</desc><sym>Parking Area</sym><type>Official access - KDFWR entrance</type></wpt>
<wpt lat="37.4922702" lon="-84.50100346"><name>US-3807 · KDFWR entrance: Dix River WMA</name><desc>For US-3807 Dix River Wildlife Management Area
Official entrance
0.0 mi from the park GPS point
Source: Kentucky Dept. of Fish &amp; Wildlife Resources (kygisserver.ky.gov)</desc><sym>Parking Area</sym><type>Official access - KDFWR entrance</type></wpt>
<wpt lat="36.80145786" lon="-89.09329074"><name>US-3808 · KDFWR entrance: Doug Travis WMA</name><desc>For US-3808 Doug Travis Wildlife Management Area
Official entrance
0.5 mi from the park GPS point
Source: Kentucky Dept. of Fish &amp; Wildlife Resources (kygisserver.ky.gov)</desc><sym>Parking Area</sym><type>Official access - KDFWR entrance</type></wpt>
<wpt lat="38.39446977" lon="-84.72841218"><name>US-3809 · KDFWR entrance: Dr. James R. Rich WMA</name><desc>For US-3809 Dr. James R. Rich Wildlife Management Area
Official entrance
0.0 mi from the park GPS point
Source: Kentucky Dept. of Fish &amp; Wildlife Resources (kygisserver.ky.gov)</desc><sym>Parking Area</sym><type>Official access - KDFWR entrance</type></wpt>
<wpt lat="38.92097747" lon="-84.74680464"><name>US-3810 · KDFWR entrance: Dr. Norman and Martha Adair WMA</name><desc>For US-3810 Dr. Norman And Martha Adair Wildlife Management Area
Official entrance
0.0 mi from the park GPS point
Source: Kentucky Dept. of Fish &amp; Wildlife Resources (kygisserver.ky.gov)</desc><sym>Parking Area</sym><type>Official access - KDFWR entrance</type></wpt>
<wpt lat="38.12901138" lon="-83.18958512"><name>US-3811 · KDFWR entrance: Ed Mabry - Laurel Gorge WMA</name><desc>For US-3811 Ed Mabry-Laurel Gorge Wildlife Management Area
Official entrance
0.2 mi from the park GPS point
Source: Kentucky Dept. of Fish &amp; Wildlife Resources (kygisserver.ky.gov)</desc><sym>Parking Area</sym><type>Official access - KDFWR entrance</type></wpt>
<wpt lat="37.14008467" lon="-88.37013035"><name>US-10128 · KDFWR entrance: Ferguson Creek WMA</name><desc>For US-10128 Ferguson Creek Wildlife Management Area
Official entrance
1.4 mi from the park GPS point
Source: Kentucky Dept. of Fish &amp; Wildlife Resources (kygisserver.ky.gov)</desc><sym>Parking Area</sym><type>Official access - KDFWR entrance</type></wpt>
<wpt lat="37.4258129" lon="-82.41323959"><name>US-1255 · KDFWR entrance: Fishtrap Lake WMA</name><desc>For US-1255 Fishtrap Lake Wildlife Management Area
Official entrance
3.5 mi from the park GPS point
Source: Kentucky Dept. of Fish &amp; Wildlife Resources (kygisserver.ky.gov)</desc><sym>Parking Area</sym><type>Official access - KDFWR entrance</type></wpt>
<wpt lat="38.43382742" lon="-83.63287427"><name>US-3812 · KDFWR entrance: Fleming WMA</name><desc>For US-3812 Fleming Wildlife Management Area
Official entrance
0.1 mi from the park GPS point
Source: Kentucky Dept. of Fish &amp; Wildlife Resources (kygisserver.ky.gov)</desc><sym>Parking Area</sym><type>Official access - KDFWR entrance</type></wpt>
<wpt lat="37.21861192" lon="-86.52843789"><name>US-10131 · KDFWR entrance: Gabbard Branch WMA</name><desc>For US-10131 Gabbard Branch Wildlife Management Area
Official entrance
0.0 mi from the park GPS point
Source: Kentucky Dept. of Fish &amp; Wildlife Resources (kygisserver.ky.gov)</desc><sym>Parking Area</sym><type>Official access - KDFWR entrance</type></wpt>
<wpt lat="37.27642002" lon="-85.33878869"><name>US-1259 · KDFWR entrance: Green River Lake State Park</name><desc>For US-1259 Green River Lake State Park
Official entrance
1.2 mi from the park GPS point
Source: Kentucky Dept. of Fish &amp; Wildlife Resources (kygisserver.ky.gov)</desc><sym>Parking Area</sym><type>Official access - KDFWR entrance</type></wpt>
<wpt lat="37.87609115" lon="-87.47666171"><name>US-7951 · KDFWR entrance: Green River State Forest</name><desc>For US-7951 Green River State Forest
Official entrance
0.0 mi from the park GPS point
Source: Kentucky Dept. of Fish &amp; Wildlife Resources (kygisserver.ky.gov)</desc><sym>Parking Area</sym><type>Official access - KDFWR entrance</type></wpt>
<wpt lat="38.48109887" lon="-82.87405405"><name>US-1280 · KDFWR entrance: Greenbo Lake State Resort Park</name><desc>For US-1280 Greenbo Lake State Park
Official entrance
0.1 mi from the park GPS point
Source: Kentucky Dept. of Fish &amp; Wildlife Resources (kygisserver.ky.gov)</desc><sym>Parking Area</sym><type>Official access - KDFWR entrance</type></wpt>
<wpt lat="38.3345736" lon="-84.35480303"><name>US-3813 · KDFWR entrance: Griffith Woods WMA</name><desc>For US-3813 Griffith Woods Wildlife Management Area
Official entrance
0.2 mi from the park GPS point
Source: Kentucky Dept. of Fish &amp; Wildlife Resources (kygisserver.ky.gov)</desc><sym>Parking Area</sym><type>Official access - KDFWR entrance</type></wpt>
<wpt lat="37.31829523" lon="-87.36964354"><name>US-10137 · KDFWR entrance: Harris-Dickerson WMA</name><desc>For US-10137 Harris-Dickerson Wildlife Management Area
Official entrance
0.5 mi from the park GPS point
Source: Kentucky Dept. of Fish &amp; Wildlife Resources (kygisserver.ky.gov)</desc><sym>Parking Area</sym><type>Official access - KDFWR entrance</type></wpt>
<wpt lat="37.01654413" lon="-82.937318"><name>US-3814 · KDFWR entrance: Hensley-Pine Mountain WMA</name><desc>For US-3814 Hensley-Pine Mountain Wildlife Management Area
Official entrance
1.4 mi from the park GPS point
Source: Kentucky Dept. of Fish &amp; Wildlife Resources (kygisserver.ky.gov)</desc><sym>Parking Area</sym><type>Official access - KDFWR entrance</type></wpt>
<wpt lat="37.6279793" lon="-87.82861655"><name>US-3815 · KDFWR entrance: Higginson-Henry WMA</name><desc>For US-3815 Higginson-Henry Wildlife Management Area
Official entrance
1.6 mi from the park GPS point
Source: Kentucky Dept. of Fish &amp; Wildlife Resources (kygisserver.ky.gov)</desc><sym>Parking Area</sym><type>Official access - KDFWR entrance</type></wpt>
<wpt lat="37.08680871" lon="-82.73319901"><name>US-10139 · KDFWR entrance: Jefferson National Forest</name><desc>For US-10139 Jefferson National Forest Wildlife Management Area
Official entrance
0.0 mi from the park GPS point
Source: Kentucky Dept. of Fish &amp; Wildlife Resources (kygisserver.ky.gov)</desc><sym>Parking Area</sym><type>Official access - KDFWR entrance</type></wpt>
<wpt lat="37.70099907" lon="-82.73481714"><name>US-1281 · KDFWR entrance: Jenny Wiley State Resort Park</name><desc>For US-1281 Jenny Wiley State Park
Official entrance
0.6 mi from the park GPS point
Source: Kentucky Dept. of Fish &amp; Wildlife Resources (kygisserver.ky.gov)</desc><sym>Parking Area</sym><type>Official access - KDFWR entrance</type></wpt>
<wpt lat="38.35829136" lon="-84.78463261"><name>US-3816 · KDFWR entrance: John A. Kleber WMA</name><desc>For US-3816 John A. Kleber Wildlife Management Area
Official entrance
0.0 mi from the park GPS point
Source: Kentucky Dept. of Fish &amp; Wildlife Resources (kygisserver.ky.gov)</desc><sym>Parking Area</sym><type>Official access - KDFWR entrance</type></wpt>
<wpt lat="37.77575625" lon="-85.68425173"><name>US-3817 · KDFWR entrance: John C. Williams WMA</name><desc>For US-3817 John C. Williams Wildlife Management Area
Official entrance
0.0 mi from the park GPS point
Source: Kentucky Dept. of Fish &amp; Wildlife Resources (kygisserver.ky.gov)</desc><sym>Parking Area</sym><type>Official access - KDFWR entrance</type></wpt>
<wpt lat="37.14970799" lon="-87.75992238"><name>US-3818 · KDFWR entrance: Jones-Keeney WMA</name><desc>For US-3818 Jones-Keeney Wildlife Management Area
Official entrance
0.0 mi from the park GPS point
Source: Kentucky Dept. of Fish &amp; Wildlife Resources (kygisserver.ky.gov)</desc><sym>Parking Area</sym><type>Official access - KDFWR entrance</type></wpt>
<wpt lat="36.83822339" lon="-88.52705908"><name>US-3819 · KDFWR entrance: Kaler Bottoms WMA</name><desc>For US-3819 Kaler Bottoms Wildlife Management Area
Official entrance
0.2 mi from the park GPS point
Source: Kentucky Dept. of Fish &amp; Wildlife Resources (kygisserver.ky.gov)</desc><sym>Parking Area</sym><type>Official access - KDFWR entrance</type></wpt>
<wpt lat="36.7702539" lon="-88.13678168"><name>US-1282 · KDFWR entrance: Kenlake State Resort Park</name><desc>For US-1282 Kenlake State Park
Official entrance
0.7 mi from the park GPS point
Source: Kentucky Dept. of Fish &amp; Wildlife Resources (kygisserver.ky.gov)</desc><sym>Parking Area</sym><type>Official access - KDFWR entrance</type></wpt>
<wpt lat="36.92444114" lon="-83.22687745"><name>US-4688 · KDFWR entrance: Kentenia State Forest</name><desc>For US-4688 Kentenia State Forest
Official entrance
0.6 mi from the park GPS point
Source: Kentucky Dept. of Fish &amp; Wildlife Resources (kygisserver.ky.gov)</desc><sym>Parking Area</sym><type>Official access - KDFWR entrance</type></wpt>
<wpt lat="36.56329939" lon="-88.1576531"><name>US-10140 · KDFWR entrance: Kentucky Lake WMA</name><desc>For US-10140 Kentucky Lake Wildlife Management Area
Official entrance
0.0 mi from the park GPS point
Source: Kentucky Dept. of Fish &amp; Wildlife Resources (kygisserver.ky.gov)</desc><sym>Parking Area</sym><type>Official access - KDFWR entrance</type></wpt>
<wpt lat="36.67648717" lon="-83.85264222"><name>US-4689 · KDFWR entrance: Kentucky Ridge State Forest</name><desc>For US-4689 Kentucky Ridge State Forest
Official entrance
1.8 mi from the park GPS point
Source: Kentucky Dept. of Fish &amp; Wildlife Resources (kygisserver.ky.gov)</desc><sym>Parking Area</sym><type>Official access - KDFWR entrance</type></wpt>
<wpt lat="36.77243809" lon="-83.7707801"><name>US-10141 · KDFWR entrance: Kentucky Ridge Forest WMA</name><desc>For US-10141 Kentucky Ridge Wildlife Management Area
Official entrance
0.0 mi from the park GPS point
Source: Kentucky Dept. of Fish &amp; Wildlife Resources (kygisserver.ky.gov)</desc><sym>Parking Area</sym><type>Official access - KDFWR entrance</type></wpt>
<wpt lat="38.40913815" lon="-84.89513644"><name>US-3820 · KDFWR entrance: Kentucky River WMA</name><desc>For US-3820 Kentucky River Wildlife Management Area
Official entrance
1.7 mi from the park GPS point
Source: Kentucky Dept. of Fish &amp; Wildlife Resources (kygisserver.ky.gov)</desc><sym>Parking Area</sym><type>Official access - KDFWR entrance</type></wpt>
<wpt lat="38.71967809" lon="-84.30045047"><name>US-1261 · KDFWR entrance: Kincaid Lake State Park</name><desc>For US-1261 Kincaid Lake State Park
Official entrance
1.1 mi from the park GPS point
Source: Kentucky Dept. of Fish &amp; Wildlife Resources (kygisserver.ky.gov)</desc><sym>Parking Area</sym><type>Official access - KDFWR entrance</type></wpt>
<wpt lat="37.89027854" lon="-85.69610133"><name>US-4690 · KDFWR entrance: Knobs State Forest and WMA</name><desc>For US-4690 Knobs State Forest
Official entrance
1.4 mi from the park GPS point
Source: Kentucky Dept. of Fish &amp; Wildlife Resources (kygisserver.ky.gov)</desc><sym>Parking Area</sym><type>Official access - KDFWR entrance</type></wpt>
<wpt lat="37.55028501" lon="-86.7126055"><name>US-3821 · KDFWR entrance: L. B. Davison WMA</name><desc>For US-3821 L. B. Davison Wildlife Management Area
Official entrance
0.0 mi from the park GPS point
Source: Kentucky Dept. of Fish &amp; Wildlife Resources (kygisserver.ky.gov)</desc><sym>Parking Area</sym><type>Official access - KDFWR entrance</type></wpt>
<wpt lat="36.88675726" lon="-88.08749684"><name>US-3792 · KDFWR entrance: Land Between the Lakes National Recreation Area</name><desc>For US-3792 Land Between the Lakes National Recreation Area
Official entrance
7.6 mi from the park GPS point
Source: Kentucky Dept. of Fish &amp; Wildlife Resources (kygisserver.ky.gov)</desc><sym>Parking Area</sym><type>Official access - KDFWR entrance</type></wpt>
<wpt lat="37.50150406" lon="-87.68641339"><name>US-3822 · KDFWR entrance: Lee K. Nelson WMA</name><desc>For US-3822 Lee K. Nelson Wildlife Management Area
Official entrance
0.0 mi from the park GPS point
Source: Kentucky Dept. of Fish &amp; Wildlife Resources (kygisserver.ky.gov)</desc><sym>Parking Area</sym><type>Official access - KDFWR entrance</type></wpt>
<wpt lat="37.33616699" lon="-88.41726558"><name>US-3823 · KDFWR entrance: Livingston County WMA and State Natural Area</name><desc>For US-3823 Livingston County Wildlife Management Area
Official entrance
1.5 mi from the park GPS point
Source: Kentucky Dept. of Fish &amp; Wildlife Resources (kygisserver.ky.gov)</desc><sym>Parking Area</sym><type>Official access - KDFWR entrance</type></wpt>
<wpt lat="37.54809744" lon="-85.1209389"><name>US-3824 · KDFWR entrance: Marion County WMA and State Forest</name><desc>For US-3824 Marion County Wildlife Management Area
Official entrance
0.9 mi from the park GPS point
Source: Kentucky Dept. of Fish &amp; Wildlife Resources (kygisserver.ky.gov)</desc><sym>Parking Area</sym><type>Official access - KDFWR entrance</type></wpt>
<wpt lat="36.84787132" lon="-85.607904"><name>US-7952 · KDFWR entrance: Marrowbone State Forest and WMA</name><desc>For US-7952 Marrowbone State Forest
Official entrance
1.3 mi from the park GPS point
Source: Kentucky Dept. of Fish &amp; Wildlife Resources (kygisserver.ky.gov)</desc><sym>Parking Area</sym><type>Official access - KDFWR entrance</type></wpt>
<wpt lat="36.92644888" lon="-84.71967099"><name>US-10145 · KDFWR entrance: Meadow Creek WMA</name><desc>For US-10145 Meadow Creek Wildlife Management Area
Official entrance
0.0 mi from the park GPS point
Source: Kentucky Dept. of Fish &amp; Wildlife Resources (kygisserver.ky.gov)</desc><sym>Parking Area</sym><type>Official access - KDFWR entrance</type></wpt>
<wpt lat="37.42262902" lon="-84.06142528"><name>US-10146 · KDFWR entrance: Mill Creek WMA</name><desc>For US-10146 Mill Creek Wildlife Management Area
Official entrance
0.2 mi from the park GPS point
Source: Kentucky Dept. of Fish &amp; Wildlife Resources (kygisserver.ky.gov)</desc><sym>Parking Area</sym><type>Official access - KDFWR entrance</type></wpt>
<wpt lat="37.63449174" lon="-84.20066658"><name>US-3825 · KDFWR entrance: Miller Welch-Central Kentucky WMA</name><desc>For US-3825 Miller Welch Wildlife Management Area
Official entrance
0.0 mi from the park GPS point
Source: Kentucky Dept. of Fish &amp; Wildlife Resources (kygisserver.ky.gov)</desc><sym>Parking Area</sym><type>Official access - KDFWR entrance</type></wpt>
<wpt lat="36.77103193" lon="-85.51231301"><name>US-10148 · KDFWR entrance: Mud Camp Creek WMA</name><desc>For US-10148 Mud Camp Creek Wildlife Management Area
Official entrance
0.8 mi from the park GPS point
Source: Kentucky Dept. of Fish &amp; Wildlife Resources (kygisserver.ky.gov)</desc><sym>Parking Area</sym><type>Official access - KDFWR entrance</type></wpt>
<wpt lat="38.81360865" lon="-84.60821099"><name>US-3826 · KDFWR entrance: Mullins WMA</name><desc>For US-3826 Mullins Wildlife Management Area
Official entrance
0.7 mi from the park GPS point
Source: Kentucky Dept. of Fish &amp; Wildlife Resources (kygisserver.ky.gov)</desc><sym>Parking Area</sym><type>Official access - KDFWR entrance</type></wpt>
<wpt lat="36.63167682" lon="-89.12648173"><name>US-3827 · KDFWR entrance: Obion Creek WMA</name><desc>For US-3827 Obion Creek Wildlife Management Area
Official entrance
0.1 mi from the park GPS point
Source: Kentucky Dept. of Fish &amp; Wildlife Resources (kygisserver.ky.gov)</desc><sym>Parking Area</sym><type>Official access - KDFWR entrance</type></wpt>
<wpt lat="38.3800799" lon="-83.27716785"><name>US-10153 · KDFWR entrance: Old Trace Creek WMA</name><desc>For US-10153 Old Trace Creek Wildlife Management Area
Official entrance
0.0 mi from the park GPS point
Source: Kentucky Dept. of Fish &amp; Wildlife Resources (kygisserver.ky.gov)</desc><sym>Parking Area</sym><type>Official access - KDFWR entrance</type></wpt>
<wpt lat="37.92468774" lon="-86.03811451"><name>US-8144 · KDFWR entrance: Otter Creek Outdoor Recreation Area</name><desc>For US-8144 Otter Creek State Recreation Area
Official entrance
2.5 mi from the park GPS point
Source: Kentucky Dept. of Fish &amp; Wildlife Resources (kygisserver.ky.gov)</desc><sym>Parking Area</sym><type>Official access - KDFWR entrance</type></wpt>
<wpt lat="37.44711725" lon="-83.20383408"><name>US-10155 · KDFWR entrance: Paul Van Booven WMA</name><desc>For US-10155 Paul Van Booven Wildlife Management Area
Official entrance
0.0 mi from the park GPS point
Source: Kentucky Dept. of Fish &amp; Wildlife Resources (kygisserver.ky.gov)</desc><sym>Parking Area</sym><type>Official access - KDFWR entrance</type></wpt>
<wpt lat="37.2799571" lon="-86.90344385"><name>US-3828 · KDFWR entrance: Peabody WMA</name><desc>For US-3828 Peabody Wildlife Management Area
Official entrance
0.7 mi from the park GPS point
Source: Kentucky Dept. of Fish &amp; Wildlife Resources (kygisserver.ky.gov)</desc><sym>Parking Area</sym><type>Official access - KDFWR entrance</type></wpt>
<wpt lat="37.05784782" lon="-87.65369034"><name>US-4692 · KDFWR entrance: Pennyrile State Forest</name><desc>For US-4692 Pennyrile State Forest
Official entrance
1.3 mi from the park GPS point
Source: Kentucky Dept. of Fish &amp; Wildlife Resources (kygisserver.ky.gov)</desc><sym>Parking Area</sym><type>Official access - KDFWR entrance</type></wpt>
<wpt lat="37.19588855" lon="-84.38857704"><name>US-10157 · KDFWR entrance: Ping-Sinking Valley WMA</name><desc>For US-10157 Ping-Sinking Valley Wildlife Management Area
Official entrance
1.2 mi from the park GPS point
Source: Kentucky Dept. of Fish &amp; Wildlife Resources (kygisserver.ky.gov)</desc><sym>Parking Area</sym><type>Official access - KDFWR entrance</type></wpt>
<wpt lat="38.04382793" lon="-83.57195874"><name>US-10158 · KDFWR entrance: Pioneer Weapons WMA</name><desc>For US-10158 Pioneer Weapons Wildlife Management Area
Official entrance
0.0 mi from the park GPS point
Source: Kentucky Dept. of Fish &amp; Wildlife Resources (kygisserver.ky.gov)</desc><sym>Parking Area</sym><type>Official access - KDFWR entrance</type></wpt>
<wpt lat="37.16426701" lon="-85.07133521"><name>US-3829 · KDFWR entrance: R. F. Tarter WMA</name><desc>For US-3829 R. F. Tarter Wildlife Management Area
Official entrance
0.0 mi from the park GPS point
Source: Kentucky Dept. of Fish &amp; Wildlife Resources (kygisserver.ky.gov)</desc><sym>Parking Area</sym><type>Official access - KDFWR entrance</type></wpt>
<wpt lat="37.10309493" lon="-83.53406801"><name>US-10159 · KDFWR entrance: Redbird WMA</name><desc>For US-10159 Redbird Wildlife Management Area
Official entrance
0.0 mi from the park GPS point
Source: Kentucky Dept. of Fish &amp; Wildlife Resources (kygisserver.ky.gov)</desc><sym>Parking Area</sym><type>Official access - KDFWR entrance</type></wpt>
<wpt lat="36.52283977" lon="-89.32040578"><name>US-0538 · KDFWR entrance: Reelfoot National Wildlife Refuge</name><desc>For US-0538 Reelfoot National Wildlife Refuge
Official entrance
6.0 mi from the park GPS point
Source: Kentucky Dept. of Fish &amp; Wildlife Resources (kygisserver.ky.gov)</desc><sym>Parking Area</sym><type>Official access - KDFWR entrance</type></wpt>
<wpt lat="37.11543833" lon="-84.3509891"><name>US-10160 · KDFWR entrance: Rockcastle River WMA</name><desc>For US-10160 Rockcastle River Wildlife Management Area
Official entrance
0.0 mi from the park GPS point
Source: Kentucky Dept. of Fish &amp; Wildlife Resources (kygisserver.ky.gov)</desc><sym>Parking Area</sym><type>Official access - KDFWR entrance</type></wpt>
<wpt lat="37.53411216" lon="-85.55900578"><name>US-10161 · KDFWR entrance: Rolling Fork WMA</name><desc>For US-10161 Rolling Fork Wildlife Management Area
Official entrance
0.2 mi from the park GPS point
Source: Kentucky Dept. of Fish &amp; Wildlife Resources (kygisserver.ky.gov)</desc><sym>Parking Area</sym><type>Official access - KDFWR entrance</type></wpt>
<wpt lat="37.60394725" lon="-83.85710928"><name>US-10162 · KDFWR entrance: Ross Creek WMA</name><desc>For US-10162 Ross Creek Wildlife Management Area
Official entrance
0.0 mi from the park GPS point
Source: Kentucky Dept. of Fish &amp; Wildlife Resources (kygisserver.ky.gov)</desc><sym>Parking Area</sym><type>Official access - KDFWR entrance</type></wpt>
<wpt lat="36.69806749" lon="-83.4469672"><name>US-10164 · KDFWR entrance: Shillalah Creek WMA</name><desc>For US-10164 Shillalah Creek Wildlife Management Area
Official entrance
0.0 mi from the park GPS point
Source: Kentucky Dept. of Fish &amp; Wildlife Resources (kygisserver.ky.gov)</desc><sym>Parking Area</sym><type>Official access - KDFWR entrance</type></wpt>
<wpt lat="38.61715245" lon="-83.74246082"><name>US-10167 · KDFWR entrance: Simon Kenton WMA</name><desc>For US-10167 Simon Kenton Wildlife Management Area
Official entrance
0.6 mi from the park GPS point
Source: Kentucky Dept. of Fish &amp; Wildlife Resources (kygisserver.ky.gov)</desc><sym>Parking Area</sym><type>Official access - KDFWR entrance</type></wpt>
<wpt lat="37.86088652" lon="-87.77931044"><name>US-3830 · KDFWR entrance: Sloughs WMA</name><desc>For US-3830 Sloughs Wildlife Management Area
Official entrance
0.5 mi from the park GPS point
Source: Kentucky Dept. of Fish &amp; Wildlife Resources (kygisserver.ky.gov)</desc><sym>Parking Area</sym><type>Official access - KDFWR entrance</type></wpt>
<wpt lat="38.73418657" lon="-82.93599492"><name>US-3831 · KDFWR entrance: South Shore WMA</name><desc>For US-3831 South Shore Wildlife Management Area
Official entrance
0.0 mi from the park GPS point
Source: Kentucky Dept. of Fish &amp; Wildlife Resources (kygisserver.ky.gov)</desc><sym>Parking Area</sym><type>Official access - KDFWR entrance</type></wpt>
<wpt lat="38.74830706" lon="-84.97042262"><name>US-10166 · KDFWR entrance: Stephens Creek WMA</name><desc>For US-10166 Stephens Creek Wildlife Management Area
Official entrance
0.0 mi from the park GPS point
Source: Kentucky Dept. of Fish &amp; Wildlife Resources (kygisserver.ky.gov)</desc><sym>Parking Area</sym><type>Official access - KDFWR entrance</type></wpt>
<wpt lat="36.76138048" lon="-83.13831403"><name>US-3832 · KDFWR entrance: Stone Mountain WMA and State Natural Area</name><desc>For US-3832 Stone Mountain Wildlife Management Area
Official entrance
0.5 mi from the park GPS point
Source: Kentucky Dept. of Fish &amp; Wildlife Resources (kygisserver.ky.gov)</desc><sym>Parking Area</sym><type>Official access - KDFWR entrance</type></wpt>
<wpt lat="38.22310184" lon="-83.38143474"><name>US-10168 · KDFWR entrance: Sunnybrook WMA</name><desc>For US-10168 Sunny Brook Wildlife Management Area
Official entrance
0.1 mi from the park GPS point
Source: Kentucky Dept. of Fish &amp; Wildlife Resources (kygisserver.ky.gov)</desc><sym>Parking Area</sym><type>Official access - KDFWR entrance</type></wpt>
<wpt lat="38.28016664" lon="-84.83078346"><name>US-3833 · KDFWR entrance: T. N. Sullivan WMA</name><desc>For US-3833 T. N. Sullivan Wildlife Management Area
Official entrance
0.4 mi from the park GPS point
Source: Kentucky Dept. of Fish &amp; Wildlife Resources (kygisserver.ky.gov)</desc><sym>Parking Area</sym><type>Official access - KDFWR entrance</type></wpt>
<wpt lat="37.14695719" lon="-87.67137692"><name>US-3834 · KDFWR entrance: Tradewater WMA</name><desc>For US-3834 Tradewater Wildlife Management Area
Official entrance
0.3 mi from the park GPS point
Source: Kentucky Dept. of Fish &amp; Wildlife Resources (kygisserver.ky.gov)</desc><sym>Parking Area</sym><type>Official access - KDFWR entrance</type></wpt>
<wpt lat="38.57483739" lon="-85.0328347"><name>US-3835 · KDFWR entrance: Twin Eagle WMA</name><desc>For US-3835 Twin Eagle Wildlife Management Area
Official entrance
0.1 mi from the park GPS point
Source: Kentucky Dept. of Fish &amp; Wildlife Resources (kygisserver.ky.gov)</desc><sym>Parking Area</sym><type>Official access - KDFWR entrance</type></wpt>
<wpt lat="38.09590921" lon="-83.49118242"><name>US-10170 · KDFWR entrance: Twin Knobs Campground</name><desc>For US-10170 Twin Knobs Campground Wildlife Management Area
Official entrance
0.0 mi from the park GPS point
Source: Kentucky Dept. of Fish &amp; Wildlife Resources (kygisserver.ky.gov)</desc><sym>Parking Area</sym><type>Official access - KDFWR entrance</type></wpt>
<wpt lat="38.38607856" lon="-83.15651656"><name>US-4693 · KDFWR entrance: Tygarts State Forest</name><desc>For US-4693 Tygarts State Forest
Official entrance
0.4 mi from the park GPS point
Source: Kentucky Dept. of Fish &amp; Wildlife Resources (kygisserver.ky.gov)</desc><sym>Parking Area</sym><type>Official access - KDFWR entrance</type></wpt>
<wpt lat="38.30380822" lon="-84.55695833"><name>US-3836 · KDFWR entrance: Veterans Memorial WMA</name><desc>For US-3836 Veterans Memorial Wildlife Management Area
Official entrance
0.0 mi from the park GPS point
Source: Kentucky Dept. of Fish &amp; Wildlife Resources (kygisserver.ky.gov)</desc><sym>Parking Area</sym><type>Official access - KDFWR entrance</type></wpt>
<wpt lat="37.13324435" lon="-88.81393813"><name>US-3837 · KDFWR entrance: West Kentucky WMA</name><desc>For US-3837 West Kentucky Wildlife Management Area
Official entrance
1.0 mi from the park GPS point
Source: Kentucky Dept. of Fish &amp; Wildlife Resources (kygisserver.ky.gov)</desc><sym>Parking Area</sym><type>Official access - KDFWR entrance</type></wpt>
<wpt lat="36.92722468" lon="-89.06009492"><name>US-3838 · KDFWR entrance: Winford WMA</name><desc>For US-3838 Winford Wildlife Management Area
Official entrance
0.0 mi from the park GPS point
Source: Kentucky Dept. of Fish &amp; Wildlife Resources (kygisserver.ky.gov)</desc><sym>Parking Area</sym><type>Official access - KDFWR entrance</type></wpt>
<wpt lat="38.09639108" lon="-82.68224061"><name>US-1272 · KDFWR entrance: Yatesville Lake State Park and Lawrence County Recreation Area</name><desc>For US-1272 Yatesville Lake State Park
Official entrance
0.0 mi from the park GPS point
Source: Kentucky Dept. of Fish &amp; Wildlife Resources (kygisserver.ky.gov)</desc><sym>Parking Area</sym><type>Official access - KDFWR entrance</type></wpt>
<wpt lat="38.1080632" lon="-82.74611739"><name>US-3839 · KDFWR entrance: Yatesville Lake WMA</name><desc>For US-3839 Yatesville Lake Wildlife Management Area
Official entrance
1.8 mi from the park GPS point
Source: Kentucky Dept. of Fish &amp; Wildlife Resources (kygisserver.ky.gov)</desc><sym>Parking Area</sym><type>Official access - KDFWR entrance</type></wpt>
<wpt lat="38.07480701" lon="-83.49721345"><name>US-10171 · KDFWR entrance: Zilpo Campground</name><desc>For US-10171 Zilpo Campground Wildlife Management Area
Official entrance
0.0 mi from the park GPS point
Source: Kentucky Dept. of Fish &amp; Wildlife Resources (kygisserver.ky.gov)</desc><sym>Parking Area</sym><type>Official access - KDFWR entrance</type></wpt>
<wpt lat="37.61125670611904" lon="-85.63780883611072"><name>US-0724 · NPS parking lot: NPS parking lot</name><desc>For US-0724 Abraham Lincoln Birthplace National Historic Site
ABLI official lot
0.0 mi from the park GPS point
Source: National Park Service public parking lots</desc><sym>Parking Area</sym><type>Official access - NPS parking lot</type></wpt>
<wpt lat="37.5331344475321" lon="-85.73187554561999"><name>US-0724 · NPS parking lot: NPS parking lot</name><desc>For US-0724 Abraham Lincoln Birthplace National Historic Site
ABLI official lot
7.5 mi from the park GPS point
Source: National Park Service public parking lots</desc><sym>Parking Area</sym><type>Official access - NPS parking lot</type></wpt>
<wpt lat="37.5303235788329" lon="-85.73462140878097"><name>US-0724 · NPS parking lot: NPS parking lot</name><desc>For US-0724 Abraham Lincoln Birthplace National Historic Site
ABLI official lot
7.7 mi from the park GPS point
Source: National Park Service public parking lots</desc><sym>Parking Area</sym><type>Official access - NPS parking lot</type></wpt>
<wpt lat="37.530353494148734" lon="-85.73468110043264"><name>US-0724 · NPS parking lot: NPS parking lot</name><desc>For US-0724 Abraham Lincoln Birthplace National Historic Site
ABLI official lot
7.7 mi from the park GPS point
Source: National Park Service public parking lots</desc><sym>Parking Area</sym><type>Official access - NPS parking lot</type></wpt>
<wpt lat="37.53063650110916" lon="-85.73557540688829"><name>US-0724 · NPS parking lot: NPS parking lot</name><desc>For US-0724 Abraham Lincoln Birthplace National Historic Site
ABLI official lot
7.8 mi from the park GPS point
Source: National Park Service public parking lots</desc><sym>Parking Area</sym><type>Official access - NPS parking lot</type></wpt>
<wpt lat="37.530459623207136" lon="-85.7359650240526"><name>US-0724 · NPS parking lot: NPS parking lot</name><desc>For US-0724 Abraham Lincoln Birthplace National Historic Site
ABLI official lot
7.8 mi from the park GPS point
Source: National Park Service public parking lots</desc><sym>Parking Area</sym><type>Official access - NPS parking lot</type></wpt>
<wpt lat="36.48792681515097" lon="-84.69697354728204"><name>US-0686 · NPS parking lot: NPS parking lot</name><desc>For US-0686 Big South Fork National Recreation Area
BISO official lot
0.0 mi from the park GPS point
Source: National Park Service public parking lots</desc><sym>Parking Area</sym><type>Official access - NPS parking lot</type></wpt>
<wpt lat="36.48903603419125" lon="-84.69730078721577"><name>US-0686 · NPS parking lot: NPS parking lot</name><desc>For US-0686 Big South Fork National Recreation Area
BISO official lot
0.0 mi from the park GPS point
Source: National Park Service public parking lots</desc><sym>Parking Area</sym><type>Official access - NPS parking lot</type></wpt>
<wpt lat="36.4878319119095" lon="-84.6979179666412"><name>US-0686 · NPS parking lot: NPS parking lot</name><desc>For US-0686 Big South Fork National Recreation Area
BISO official lot
0.1 mi from the park GPS point
Source: National Park Service public parking lots</desc><sym>Parking Area</sym><type>Official access - NPS parking lot</type></wpt>
<wpt lat="36.489272289679114" lon="-84.69756150181423"><name>US-0686 · NPS parking lot: NPS parking lot</name><desc>For US-0686 Big South Fork National Recreation Area
BISO official lot
0.1 mi from the park GPS point
Source: National Park Service public parking lots</desc><sym>Parking Area</sym><type>Official access - NPS parking lot</type></wpt>
<wpt lat="36.48748103623265" lon="-84.69829292998159"><name>US-0686 · NPS parking lot: NPS parking lot</name><desc>For US-0686 Big South Fork National Recreation Area
BISO official lot
0.1 mi from the park GPS point
Source: National Park Service public parking lots</desc><sym>Parking Area</sym><type>Official access - NPS parking lot</type></wpt>
<wpt lat="36.48770652955109" lon="-84.69562102033734"><name>US-0686 · NPS parking lot: NPS parking lot</name><desc>For US-0686 Big South Fork National Recreation Area
BISO official lot
0.1 mi from the park GPS point
Source: National Park Service public parking lots</desc><sym>Parking Area</sym><type>Official access - NPS parking lot</type></wpt>
<wpt lat="36.487791777471315" lon="-84.69863881586737"><name>US-0686 · NPS parking lot: NPS parking lot</name><desc>For US-0686 Big South Fork National Recreation Area
BISO official lot
0.1 mi from the park GPS point
Source: National Park Service public parking lots</desc><sym>Parking Area</sym><type>Official access - NPS parking lot</type></wpt>
<wpt lat="36.48705256191637" lon="-84.69831625526955"><name>US-0686 · NPS parking lot: NPS parking lot</name><desc>For US-0686 Big South Fork National Recreation Area
BISO official lot
0.1 mi from the park GPS point
Source: National Park Service public parking lots</desc><sym>Parking Area</sym><type>Official access - NPS parking lot</type></wpt>
<wpt lat="36.4889580884678" lon="-84.69510132039031"><name>US-0686 · NPS parking lot: NPS parking lot</name><desc>For US-0686 Big South Fork National Recreation Area
BISO official lot
0.1 mi from the park GPS point
Source: National Park Service public parking lots</desc><sym>Parking Area</sym><type>Official access - NPS parking lot</type></wpt>
<wpt lat="36.48999114344602" lon="-84.69807692463878"><name>US-0686 · NPS parking lot: NPS parking lot</name><desc>For US-0686 Big South Fork National Recreation Area
BISO official lot
0.1 mi from the park GPS point
Source: National Park Service public parking lots</desc><sym>Parking Area</sym><type>Official access - NPS parking lot</type></wpt>
<wpt lat="36.4868298532294" lon="-84.69820650648487"><name>US-0686 · NPS parking lot: NPS parking lot</name><desc>For US-0686 Big South Fork National Recreation Area
BISO official lot
0.1 mi from the park GPS point
Source: National Park Service public parking lots</desc><sym>Parking Area</sym><type>Official access - NPS parking lot</type></wpt>
<wpt lat="36.49006712597889" lon="-84.69601976875097"><name>US-0686 · NPS parking lot: NPS parking lot</name><desc>For US-0686 Big South Fork National Recreation Area
BISO official lot
0.1 mi from the park GPS point
Source: National Park Service public parking lots</desc><sym>Parking Area</sym><type>Official access - NPS parking lot</type></wpt>
<wpt lat="36.487082417126786" lon="-84.69401636030985"><name>US-0686 · NPS parking lot: NPS parking lot</name><desc>For US-0686 Big South Fork National Recreation Area
BISO official lot
0.2 mi from the park GPS point
Source: National Park Service public parking lots</desc><sym>Parking Area</sym><type>Official access - NPS parking lot</type></wpt>
<wpt lat="36.487265554279226" lon="-84.69386755019794"><name>US-0686 · NPS parking lot: NPS parking lot</name><desc>For US-0686 Big South Fork National Recreation Area
BISO official lot
0.2 mi from the park GPS point
Source: National Park Service public parking lots</desc><sym>Parking Area</sym><type>Official access - NPS parking lot</type></wpt>
<wpt lat="36.48960529254693" lon="-84.69381676392483"><name>US-0686 · NPS parking lot: NPS parking lot</name><desc>For US-0686 Big South Fork National Recreation Area
BISO official lot
0.2 mi from the park GPS point
Source: National Park Service public parking lots</desc><sym>Parking Area</sym><type>Official access - NPS parking lot</type></wpt>
<wpt lat="36.48969526593768" lon="-84.69360929029777"><name>US-0686 · NPS parking lot: NPS parking lot</name><desc>For US-0686 Big South Fork National Recreation Area
BISO official lot
0.2 mi from the park GPS point
Source: National Park Service public parking lots</desc><sym>Parking Area</sym><type>Official access - NPS parking lot</type></wpt>
<wpt lat="36.48972339126077" lon="-84.70066972296019"><name>US-0686 · NPS parking lot: NPS parking lot</name><desc>For US-0686 Big South Fork National Recreation Area
BISO official lot
0.2 mi from the park GPS point
Source: National Park Service public parking lots</desc><sym>Parking Area</sym><type>Official access - NPS parking lot</type></wpt>
<wpt lat="36.490954131771645" lon="-84.6997926920077"><name>US-0686 · NPS parking lot: NPS parking lot</name><desc>For US-0686 Big South Fork National Recreation Area
BISO official lot
0.2 mi from the park GPS point
Source: National Park Service public parking lots</desc><sym>Parking Area</sym><type>Official access - NPS parking lot</type></wpt>
<wpt lat="36.489126713100575" lon="-84.7018120231955"><name>US-0686 · NPS parking lot: NPS parking lot</name><desc>For US-0686 Big South Fork National Recreation Area
BISO official lot
0.3 mi from the park GPS point
Source: National Park Service public parking lots</desc><sym>Parking Area</sym><type>Official access - NPS parking lot</type></wpt>
<wpt lat="36.49016599253328" lon="-84.70156431165219"><name>US-0686 · NPS parking lot: NPS parking lot</name><desc>For US-0686 Big South Fork National Recreation Area
BISO official lot
0.3 mi from the park GPS point
Source: National Park Service public parking lots</desc><sym>Parking Area</sym><type>Official access - NPS parking lot</type></wpt>
<wpt lat="36.49344955252354" lon="-84.699752977747"><name>US-0686 · NPS parking lot: NPS parking lot</name><desc>For US-0686 Big South Fork National Recreation Area
BISO official lot
0.4 mi from the park GPS point
Source: National Park Service public parking lots</desc><sym>Parking Area</sym><type>Official access - NPS parking lot</type></wpt>
<wpt lat="36.49362585268642" lon="-84.70006291630561"><name>US-0686 · NPS parking lot: NPS parking lot</name><desc>For US-0686 Big South Fork National Recreation Area
BISO official lot
0.4 mi from the park GPS point
Source: National Park Service public parking lots</desc><sym>Parking Area</sym><type>Official access - NPS parking lot</type></wpt>
<wpt lat="36.47744410120798" lon="-84.66747409972412"><name>US-0686 · NPS parking lot: NPS parking lot</name><desc>For US-0686 Big South Fork National Recreation Area
BISO official lot
1.8 mi from the park GPS point
Source: National Park Service public parking lots</desc><sym>Parking Area</sym><type>Official access - NPS parking lot</type></wpt>
<wpt lat="36.469324381934" lon="-84.66198747811637"><name>US-0686 · NPS parking lot: NPS parking lot</name><desc>For US-0686 Big South Fork National Recreation Area
BISO official lot
2.4 mi from the park GPS point
Source: National Park Service public parking lots</desc><sym>Parking Area</sym><type>Official access - NPS parking lot</type></wpt>
<wpt lat="36.47260867436195" lon="-84.65668580542267"><name>US-0686 · NPS parking lot: NPS parking lot</name><desc>For US-0686 Big South Fork National Recreation Area
BISO official lot
2.5 mi from the park GPS point
Source: National Park Service public parking lots</desc><sym>Parking Area</sym><type>Official access - NPS parking lot</type></wpt>
<wpt lat="36.48188812550406" lon="-84.74447362431955"><name>US-0686 · NPS parking lot: NPS parking lot</name><desc>For US-0686 Big South Fork National Recreation Area
BISO official lot
2.7 mi from the park GPS point
Source: National Park Service public parking lots</desc><sym>Parking Area</sym><type>Official access - NPS parking lot</type></wpt>
<wpt lat="36.472608601349826" lon="-84.65239945667686"><name>US-0686 · NPS parking lot: NPS parking lot</name><desc>For US-0686 Big South Fork National Recreation Area
BISO official lot
2.7 mi from the park GPS point
Source: National Park Service public parking lots</desc><sym>Parking Area</sym><type>Official access - NPS parking lot</type></wpt>
<wpt lat="36.47066896220296" lon="-84.65123909246526"><name>US-0686 · NPS parking lot: NPS parking lot</name><desc>For US-0686 Big South Fork National Recreation Area
BISO official lot
2.8 mi from the park GPS point
Source: National Park Service public parking lots</desc><sym>Parking Area</sym><type>Official access - NPS parking lot</type></wpt>
<wpt lat="36.43091844601047" lon="-84.64800039136698"><name>US-0686 · NPS parking lot: NPS parking lot</name><desc>For US-0686 Big South Fork National Recreation Area
BISO official lot
4.8 mi from the park GPS point
Source: National Park Service public parking lots</desc><sym>Parking Area</sym><type>Official access - NPS parking lot</type></wpt>
<wpt lat="36.351322120428165" lon="-84.7301099839261"><name>US-0686 · NPS parking lot: NPS parking lot</name><desc>For US-0686 Big South Fork National Recreation Area
BISO official lot
9.6 mi from the park GPS point
Source: National Park Service public parking lots</desc><sym>Parking Area</sym><type>Official access - NPS parking lot</type></wpt>
<wpt lat="36.6693635211593" lon="-84.54772669850595"><name>US-0686 · NPS parking lot: NPS parking lot</name><desc>For US-0686 Big South Fork National Recreation Area
BISO official lot
15.0 mi from the park GPS point
Source: National Park Service public parking lots</desc><sym>Parking Area</sym><type>Official access - NPS parking lot</type></wpt>
<wpt lat="36.67120540421799" lon="-84.54803384823425"><name>US-0686 · NPS parking lot: NPS parking lot</name><desc>For US-0686 Big South Fork National Recreation Area
BISO official lot
15.1 mi from the park GPS point
Source: National Park Service public parking lots</desc><sym>Parking Area</sym><type>Official access - NPS parking lot</type></wpt>
<wpt lat="36.67551203638352" lon="-84.54653720368846"><name>US-0686 · NPS parking lot: NPS parking lot</name><desc>For US-0686 Big South Fork National Recreation Area
BISO official lot
15.4 mi from the park GPS point
Source: National Park Service public parking lots</desc><sym>Parking Area</sym><type>Official access - NPS parking lot</type></wpt>
<wpt lat="36.67668856195977" lon="-84.54570389361193"><name>US-0686 · NPS parking lot: NPS parking lot</name><desc>For US-0686 Big South Fork National Recreation Area
BISO official lot
15.5 mi from the park GPS point
Source: National Park Service public parking lots</desc><sym>Parking Area</sym><type>Official access - NPS parking lot</type></wpt>
<wpt lat="36.67508051547745" lon="-84.54168297556647"><name>US-0686 · NPS parking lot: NPS parking lot</name><desc>For US-0686 Big South Fork National Recreation Area
BISO official lot
15.5 mi from the park GPS point
Source: National Park Service public parking lots</desc><sym>Parking Area</sym><type>Official access - NPS parking lot</type></wpt>
<wpt lat="36.674365466022344" lon="-84.53789607997848"><name>US-0686 · NPS parking lot: NPS parking lot</name><desc>For US-0686 Big South Fork National Recreation Area
BISO official lot
15.6 mi from the park GPS point
Source: National Park Service public parking lots</desc><sym>Parking Area</sym><type>Official access - NPS parking lot</type></wpt>
<wpt lat="36.67862647755697" lon="-84.54320668229033"><name>US-0686 · NPS parking lot: NPS parking lot</name><desc>For US-0686 Big South Fork National Recreation Area
BISO official lot
15.7 mi from the park GPS point
Source: National Park Service public parking lots</desc><sym>Parking Area</sym><type>Official access - NPS parking lot</type></wpt>
<wpt lat="36.67752167738957" lon="-84.53865851053344"><name>US-0686 · NPS parking lot: NPS parking lot</name><desc>For US-0686 Big South Fork National Recreation Area
BISO official lot
15.7 mi from the park GPS point
Source: National Park Service public parking lots</desc><sym>Parking Area</sym><type>Official access - NPS parking lot</type></wpt>
<wpt lat="36.67936542775151" lon="-84.54176621081199"><name>US-0686 · NPS parking lot: NPS parking lot</name><desc>For US-0686 Big South Fork National Recreation Area
BISO official lot
15.8 mi from the park GPS point
Source: National Park Service public parking lots</desc><sym>Parking Area</sym><type>Official access - NPS parking lot</type></wpt>
<wpt lat="36.67745415582166" lon="-84.53535436855543"><name>US-0686 · NPS parking lot: NPS parking lot</name><desc>For US-0686 Big South Fork National Recreation Area
BISO official lot
15.8 mi from the park GPS point
Source: National Park Service public parking lots</desc><sym>Parking Area</sym><type>Official access - NPS parking lot</type></wpt>
<wpt lat="36.6767242023026" lon="-84.53065392458213"><name>US-0686 · NPS parking lot: NPS parking lot</name><desc>For US-0686 Big South Fork National Recreation Area
BISO official lot
16.0 mi from the park GPS point
Source: National Park Service public parking lots</desc><sym>Parking Area</sym><type>Official access - NPS parking lot</type></wpt>
<wpt lat="36.67270127682683" lon="-84.5210146673593"><name>US-0686 · NPS parking lot: NPS parking lot</name><desc>For US-0686 Big South Fork National Recreation Area
BISO official lot
16.1 mi from the park GPS point
Source: National Park Service public parking lots</desc><sym>Parking Area</sym><type>Official access - NPS parking lot</type></wpt>
<wpt lat="36.67759973698593" lon="-84.51887923915929"><name>US-0686 · NPS parking lot: NPS parking lot</name><desc>For US-0686 Big South Fork National Recreation Area
BISO official lot
16.4 mi from the park GPS point
Source: National Park Service public parking lots</desc><sym>Parking Area</sym><type>Official access - NPS parking lot</type></wpt>
<wpt lat="36.67861179567071" lon="-84.5188687800942"><name>US-0686 · NPS parking lot: NPS parking lot</name><desc>For US-0686 Big South Fork National Recreation Area
BISO official lot
16.4 mi from the park GPS point
Source: National Park Service public parking lots</desc><sym>Parking Area</sym><type>Official access - NPS parking lot</type></wpt>
<wpt lat="36.70399511767586" lon="-84.46591425347589"><name>US-0686 · NPS parking lot: NPS parking lot</name><desc>For US-0686 Big South Fork National Recreation Area
BISO official lot
19.7 mi from the park GPS point
Source: National Park Service public parking lots</desc><sym>Parking Area</sym><type>Official access - NPS parking lot</type></wpt>
<wpt lat="37.797179632582804" lon="-84.60126964193239"><name>US-7950 · NPS parking lot: NPS parking lot</name><desc>For US-7950 Camp Nelson National Monument
CANE official lot
0.0 mi from the park GPS point
Source: National Park Service public parking lots</desc><sym>Parking Area</sym><type>Official access - NPS parking lot</type></wpt>
<wpt lat="37.797589986405974" lon="-84.60122079608139"><name>US-7950 · NPS parking lot: NPS parking lot</name><desc>For US-7950 Camp Nelson National Monument
CANE official lot
0.0 mi from the park GPS point
Source: National Park Service public parking lots</desc><sym>Parking Area</sym><type>Official access - NPS parking lot</type></wpt>
<wpt lat="36.60795216611614" lon="-83.67475066159535"><name>US-0019 · NPS parking lot: NPS parking lot</name><desc>For US-0019 Cumberland Gap National Historical Park
CUGA official lot
0.3 mi from the park GPS point
Source: National Park Service public parking lots</desc><sym>Parking Area</sym><type>Official access - NPS parking lot</type></wpt>
<wpt lat="36.60844467367917" lon="-83.67417143738788"><name>US-0019 · NPS parking lot: NPS parking lot</name><desc>For US-0019 Cumberland Gap National Historical Park
CUGA official lot
0.3 mi from the park GPS point
Source: National Park Service public parking lots</desc><sym>Parking Area</sym><type>Official access - NPS parking lot</type></wpt>
<wpt lat="36.60097780341602" lon="-83.66939998932533"><name>US-0019 · NPS parking lot: NPS parking lot</name><desc>For US-0019 Cumberland Gap National Historical Park
CUGA official lot
0.3 mi from the park GPS point
Source: National Park Service public parking lots</desc><sym>Parking Area</sym><type>Official access - NPS parking lot</type></wpt>
<wpt lat="36.60656009524093" lon="-83.66714869431911"><name>US-0019 · NPS parking lot: NPS parking lot</name><desc>For US-0019 Cumberland Gap National Historical Park
CUGA official lot
0.4 mi from the park GPS point
Source: National Park Service public parking lots</desc><sym>Parking Area</sym><type>Official access - NPS parking lot</type></wpt>
<wpt lat="36.609649078709516" lon="-83.67141241366245"><name>US-0019 · NPS parking lot: NPS parking lot</name><desc>For US-0019 Cumberland Gap National Historical Park
CUGA official lot
0.4 mi from the park GPS point
Source: National Park Service public parking lots</desc><sym>Parking Area</sym><type>Official access - NPS parking lot</type></wpt>
<wpt lat="36.609420574617324" lon="-83.67784443332165"><name>US-0019 · NPS parking lot: NPS parking lot</name><desc>For US-0019 Cumberland Gap National Historical Park
CUGA official lot
0.4 mi from the park GPS point
Source: National Park Service public parking lots</desc><sym>Parking Area</sym><type>Official access - NPS parking lot</type></wpt>
<wpt lat="36.601418395513484" lon="-83.66013701804447"><name>US-0019 · NPS parking lot: NPS parking lot</name><desc>For US-0019 Cumberland Gap National Historical Park
CUGA official lot
0.8 mi from the park GPS point
Source: National Park Service public parking lots</desc><sym>Parking Area</sym><type>Official access - NPS parking lot</type></wpt>
<wpt lat="36.59995324006572" lon="-83.69336516562328"><name>US-0019 · NPS parking lot: NPS parking lot</name><desc>For US-0019 Cumberland Gap National Historical Park
CUGA official lot
1.1 mi from the park GPS point
Source: National Park Service public parking lots</desc><sym>Parking Area</sym><type>Official access - NPS parking lot</type></wpt>
<wpt lat="36.60010100737056" lon="-83.69388245150687"><name>US-0019 · NPS parking lot: NPS parking lot</name><desc>For US-0019 Cumberland Gap National Historical Park
CUGA official lot
1.1 mi from the park GPS point
Source: National Park Service public parking lots</desc><sym>Parking Area</sym><type>Official access - NPS parking lot</type></wpt>
<wpt lat="36.60031547754322" lon="-83.69414451098997"><name>US-0019 · NPS parking lot: NPS parking lot</name><desc>For US-0019 Cumberland Gap National Historical Park
CUGA official lot
1.1 mi from the park GPS point
Source: National Park Service public parking lots</desc><sym>Parking Area</sym><type>Official access - NPS parking lot</type></wpt>
<wpt lat="36.5996521524921" lon="-83.69456993783584"><name>US-0019 · NPS parking lot: NPS parking lot</name><desc>For US-0019 Cumberland Gap National Historical Park
CUGA official lot
1.2 mi from the park GPS point
Source: National Park Service public parking lots</desc><sym>Parking Area</sym><type>Official access - NPS parking lot</type></wpt>
<wpt lat="36.59867386094348" lon="-83.6947238529662"><name>US-0019 · NPS parking lot: NPS parking lot</name><desc>For US-0019 Cumberland Gap National Historical Park
CUGA official lot
1.2 mi from the park GPS point
Source: National Park Service public parking lots</desc><sym>Parking Area</sym><type>Official access - NPS parking lot</type></wpt>
<wpt lat="36.59848385232005" lon="-83.69481871695945"><name>US-0019 · NPS parking lot: NPS parking lot</name><desc>For US-0019 Cumberland Gap National Historical Park
CUGA official lot
1.2 mi from the park GPS point
Source: National Park Service public parking lots</desc><sym>Parking Area</sym><type>Official access - NPS parking lot</type></wpt>
<wpt lat="36.60321785767834" lon="-83.69615500502036"><name>US-0019 · NPS parking lot: NPS parking lot</name><desc>For US-0019 Cumberland Gap National Historical Park
CUGA official lot
1.2 mi from the park GPS point
Source: National Park Service public parking lots</desc><sym>Parking Area</sym><type>Official access - NPS parking lot</type></wpt>
<wpt lat="36.60915309621308" lon="-83.63823427856427"><name>US-0019 · NPS parking lot: NPS parking lot</name><desc>For US-0019 Cumberland Gap National Historical Park
CUGA official lot
2.0 mi from the park GPS point
Source: National Park Service public parking lots</desc><sym>Parking Area</sym><type>Official access - NPS parking lot</type></wpt>
<wpt lat="36.60956001047479" lon="-83.63816963454269"><name>US-0019 · NPS parking lot: NPS parking lot</name><desc>For US-0019 Cumberland Gap National Historical Park
CUGA official lot
2.0 mi from the park GPS point
Source: National Park Service public parking lots</desc><sym>Parking Area</sym><type>Official access - NPS parking lot</type></wpt>
<wpt lat="36.60925180235271" lon="-83.63758472019106"><name>US-0019 · NPS parking lot: NPS parking lot</name><desc>For US-0019 Cumberland Gap National Historical Park
CUGA official lot
2.1 mi from the park GPS point
Source: National Park Service public parking lots</desc><sym>Parking Area</sym><type>Official access - NPS parking lot</type></wpt>
<wpt lat="36.609781952227635" lon="-83.63767871650715"><name>US-0019 · NPS parking lot: NPS parking lot</name><desc>For US-0019 Cumberland Gap National Historical Park
CUGA official lot
2.1 mi from the park GPS point
Source: National Park Service public parking lots</desc><sym>Parking Area</sym><type>Official access - NPS parking lot</type></wpt>
<wpt lat="36.63412121542807" lon="-83.67383038029313"><name>US-0019 · NPS parking lot: NPS parking lot</name><desc>For US-0019 Cumberland Gap National Historical Park
CUGA official lot
2.1 mi from the park GPS point
Source: National Park Service public parking lots</desc><sym>Parking Area</sym><type>Official access - NPS parking lot</type></wpt>
<wpt lat="36.60950507523432" lon="-83.63644836235945"><name>US-0019 · NPS parking lot: NPS parking lot</name><desc>For US-0019 Cumberland Gap National Historical Park
CUGA official lot
2.1 mi from the park GPS point
Source: National Park Service public parking lots</desc><sym>Parking Area</sym><type>Official access - NPS parking lot</type></wpt>
<wpt lat="36.60294623339389" lon="-83.6355950925453"><name>US-0019 · NPS parking lot: NPS parking lot</name><desc>For US-0019 Cumberland Gap National Historical Park
CUGA official lot
2.1 mi from the park GPS point
Source: National Park Service public parking lots</desc><sym>Parking Area</sym><type>Official access - NPS parking lot</type></wpt>
<wpt lat="36.6363140069723" lon="-83.6685974875079"><name>US-0019 · NPS parking lot: NPS parking lot</name><desc>For US-0019 Cumberland Gap National Historical Park
CUGA official lot
2.3 mi from the park GPS point
Source: National Park Service public parking lots</desc><sym>Parking Area</sym><type>Official access - NPS parking lot</type></wpt>
<wpt lat="36.60350733605542" lon="-83.63286835857288"><name>US-0019 · NPS parking lot: NPS parking lot</name><desc>For US-0019 Cumberland Gap National Historical Park
CUGA official lot
2.3 mi from the park GPS point
Source: National Park Service public parking lots</desc><sym>Parking Area</sym><type>Official access - NPS parking lot</type></wpt>
<wpt lat="36.636858138649686" lon="-83.66923831343244"><name>US-0019 · NPS parking lot: NPS parking lot</name><desc>For US-0019 Cumberland Gap National Historical Park
CUGA official lot
2.3 mi from the park GPS point
Source: National Park Service public parking lots</desc><sym>Parking Area</sym><type>Official access - NPS parking lot</type></wpt>
<wpt lat="36.604255030065204" lon="-83.6324801474284"><name>US-0019 · NPS parking lot: NPS parking lot</name><desc>For US-0019 Cumberland Gap National Historical Park
CUGA official lot
2.3 mi from the park GPS point
Source: National Park Service public parking lots</desc><sym>Parking Area</sym><type>Official access - NPS parking lot</type></wpt>
<wpt lat="36.603477782235366" lon="-83.63062808142176"><name>US-0019 · NPS parking lot: NPS parking lot</name><desc>For US-0019 Cumberland Gap National Historical Park
CUGA official lot
2.4 mi from the park GPS point
Source: National Park Service public parking lots</desc><sym>Parking Area</sym><type>Official access - NPS parking lot</type></wpt>
<wpt lat="36.60092467403515" lon="-83.62860521818519"><name>US-0019 · NPS parking lot: NPS parking lot</name><desc>For US-0019 Cumberland Gap National Historical Park
CUGA official lot
2.5 mi from the park GPS point
Source: National Park Service public parking lots</desc><sym>Parking Area</sym><type>Official access - NPS parking lot</type></wpt>
<wpt lat="36.48915000179838" lon="-87.84855192497231"><name>US-0703 · NPS parking lot: NPS parking lot</name><desc>For US-0703 Fort Donelson National Battlefield
FODO official lot
0.2 mi from the park GPS point
Source: National Park Service public parking lots</desc><sym>Parking Area</sym><type>Official access - NPS parking lot</type></wpt>
<wpt lat="36.487592718512744" lon="-87.84694800048983"><name>US-0703 · NPS parking lot: NPS parking lot</name><desc>For US-0703 Fort Donelson National Battlefield
FODO official lot
0.3 mi from the park GPS point
Source: National Park Service public parking lots</desc><sym>Parking Area</sym><type>Official access - NPS parking lot</type></wpt>
<wpt lat="36.49308616813979" lon="-87.85345915187563"><name>US-0703 · NPS parking lot: NPS parking lot</name><desc>For US-0703 Fort Donelson National Battlefield
FODO official lot
0.3 mi from the park GPS point
Source: National Park Service public parking lots</desc><sym>Parking Area</sym><type>Official access - NPS parking lot</type></wpt>
<wpt lat="36.49308018771622" lon="-87.85659301283242"><name>US-0703 · NPS parking lot: NPS parking lot</name><desc>For US-0703 Fort Donelson National Battlefield
FODO official lot
0.4 mi from the park GPS point
Source: National Park Service public parking lots</desc><sym>Parking Area</sym><type>Official access - NPS parking lot</type></wpt>
<wpt lat="36.493201059667626" lon="-87.8565573124996"><name>US-0703 · NPS parking lot: NPS parking lot</name><desc>For US-0703 Fort Donelson National Battlefield
FODO official lot
0.4 mi from the park GPS point
Source: National Park Service public parking lots</desc><sym>Parking Area</sym><type>Official access - NPS parking lot</type></wpt>
<wpt lat="36.48681106748033" lon="-87.86056923964557"><name>US-0703 · NPS parking lot: NPS parking lot</name><desc>For US-0703 Fort Donelson National Battlefield
FODO official lot
0.5 mi from the park GPS point
Source: National Park Service public parking lots</desc><sym>Parking Area</sym><type>Official access - NPS parking lot</type></wpt>
<wpt lat="36.48138803493228" lon="-87.85395165085549"><name>US-0703 · NPS parking lot: NPS parking lot</name><desc>For US-0703 Fort Donelson National Battlefield
FODO official lot
0.5 mi from the park GPS point
Source: National Park Service public parking lots</desc><sym>Parking Area</sym><type>Official access - NPS parking lot</type></wpt>
<wpt lat="36.48153192790103" lon="-87.85750657213909"><name>US-0703 · NPS parking lot: NPS parking lot</name><desc>For US-0703 Fort Donelson National Battlefield
FODO official lot
0.6 mi from the park GPS point
Source: National Park Service public parking lots</desc><sym>Parking Area</sym><type>Official access - NPS parking lot</type></wpt>
<wpt lat="36.48484960530476" lon="-87.86248009191712"><name>US-0703 · NPS parking lot: NPS parking lot</name><desc>For US-0703 Fort Donelson National Battlefield
FODO official lot
0.6 mi from the park GPS point
Source: National Park Service public parking lots</desc><sym>Parking Area</sym><type>Official access - NPS parking lot</type></wpt>
<wpt lat="36.48265986998515" lon="-87.86286947433312"><name>US-0703 · NPS parking lot: NPS parking lot</name><desc>For US-0703 Fort Donelson National Battlefield
FODO official lot
0.7 mi from the park GPS point
Source: National Park Service public parking lots</desc><sym>Parking Area</sym><type>Official access - NPS parking lot</type></wpt>
<wpt lat="36.48032296635381" lon="-87.84346423087263"><name>US-0703 · NPS parking lot: NPS parking lot</name><desc>For US-0703 Fort Donelson National Battlefield
FODO official lot
0.7 mi from the park GPS point
Source: National Park Service public parking lots</desc><sym>Parking Area</sym><type>Official access - NPS parking lot</type></wpt>
<wpt lat="36.4886905700347" lon="-87.83688504313947"><name>US-0703 · NPS parking lot: NPS parking lot</name><desc>For US-0703 Fort Donelson National Battlefield
FODO official lot
0.9 mi from the park GPS point
Source: National Park Service public parking lots</desc><sym>Parking Area</sym><type>Official access - NPS parking lot</type></wpt>
<wpt lat="36.480633741937005" lon="-87.8399317155519"><name>US-0703 · NPS parking lot: NPS parking lot</name><desc>For US-0703 Fort Donelson National Battlefield
FODO official lot
0.9 mi from the park GPS point
Source: National Park Service public parking lots</desc><sym>Parking Area</sym><type>Official access - NPS parking lot</type></wpt>
<wpt lat="37.18790621663175" lon="-86.10089997954553"><name>US-0050 · NPS parking lot: NPS parking lot</name><desc>For US-0050 Mammoth Cave National Park
MACA official lot
0.0 mi from the park GPS point
Source: National Park Service public parking lots</desc><sym>Parking Area</sym><type>Official access - NPS parking lot</type></wpt>
<wpt lat="37.189023336907674" lon="-86.10198501471751"><name>US-0050 · NPS parking lot: NPS parking lot</name><desc>For US-0050 Mammoth Cave National Park
MACA official lot
0.1 mi from the park GPS point
Source: National Park Service public parking lots</desc><sym>Parking Area</sym><type>Official access - NPS parking lot</type></wpt>
<wpt lat="37.18882382500187" lon="-86.10000684519744"><name>US-0050 · NPS parking lot: NPS parking lot</name><desc>For US-0050 Mammoth Cave National Park
MACA official lot
0.1 mi from the park GPS point
Source: National Park Service public parking lots</desc><sym>Parking Area</sym><type>Official access - NPS parking lot</type></wpt>
<wpt lat="37.189137229849365" lon="-86.10196290232058"><name>US-0050 · NPS parking lot: NPS parking lot</name><desc>For US-0050 Mammoth Cave National Park
MACA official lot
0.1 mi from the park GPS point
Source: National Park Service public parking lots</desc><sym>Parking Area</sym><type>Official access - NPS parking lot</type></wpt>
<wpt lat="37.18612470416409" lon="-86.1006161357402"><name>US-0050 · NPS parking lot: NPS parking lot</name><desc>For US-0050 Mammoth Cave National Park
MACA official lot
0.1 mi from the park GPS point
Source: National Park Service public parking lots</desc><sym>Parking Area</sym><type>Official access - NPS parking lot</type></wpt>
<wpt lat="37.18556062021339" lon="-86.10187578387065"><name>US-0050 · NPS parking lot: NPS parking lot</name><desc>For US-0050 Mammoth Cave National Park
MACA official lot
0.2 mi from the park GPS point
Source: National Park Service public parking lots</desc><sym>Parking Area</sym><type>Official access - NPS parking lot</type></wpt>
<wpt lat="37.1899438429372" lon="-86.10174233081823"><name>US-0050 · NPS parking lot: NPS parking lot</name><desc>For US-0050 Mammoth Cave National Park
MACA official lot
0.2 mi from the park GPS point
Source: National Park Service public parking lots</desc><sym>Parking Area</sym><type>Official access - NPS parking lot</type></wpt>
<wpt lat="37.190154355828035" lon="-86.1017853378774"><name>US-0050 · NPS parking lot: NPS parking lot</name><desc>For US-0050 Mammoth Cave National Park
MACA official lot
0.2 mi from the park GPS point
Source: National Park Service public parking lots</desc><sym>Parking Area</sym><type>Official access - NPS parking lot</type></wpt>
<wpt lat="37.18987284664928" lon="-86.10305868857262"><name>US-0050 · NPS parking lot: NPS parking lot</name><desc>For US-0050 Mammoth Cave National Park
MACA official lot
0.2 mi from the park GPS point
Source: National Park Service public parking lots</desc><sym>Parking Area</sym><type>Official access - NPS parking lot</type></wpt>
<wpt lat="37.18556596028884" lon="-86.10350032454552"><name>US-0050 · NPS parking lot: NPS parking lot</name><desc>For US-0050 Mammoth Cave National Park
MACA official lot
0.2 mi from the park GPS point
Source: National Park Service public parking lots</desc><sym>Parking Area</sym><type>Official access - NPS parking lot</type></wpt>
<wpt lat="37.18615269902922" lon="-86.10425359269405"><name>US-0050 · NPS parking lot: NPS parking lot</name><desc>For US-0050 Mammoth Cave National Park
MACA official lot
0.2 mi from the park GPS point
Source: National Park Service public parking lots</desc><sym>Parking Area</sym><type>Official access - NPS parking lot</type></wpt>
<wpt lat="37.18602201051936" lon="-86.10427397945489"><name>US-0050 · NPS parking lot: NPS parking lot</name><desc>For US-0050 Mammoth Cave National Park
MACA official lot
0.2 mi from the park GPS point
Source: National Park Service public parking lots</desc><sym>Parking Area</sym><type>Official access - NPS parking lot</type></wpt>
<wpt lat="37.190559038085276" lon="-86.10292046699605"><name>US-0050 · NPS parking lot: NPS parking lot</name><desc>For US-0050 Mammoth Cave National Park
MACA official lot
0.2 mi from the park GPS point
Source: National Park Service public parking lots</desc><sym>Parking Area</sym><type>Official access - NPS parking lot</type></wpt>
<wpt lat="37.190674135161444" lon="-86.10316806253572"><name>US-0050 · NPS parking lot: NPS parking lot</name><desc>For US-0050 Mammoth Cave National Park
MACA official lot
0.2 mi from the park GPS point
Source: National Park Service public parking lots</desc><sym>Parking Area</sym><type>Official access - NPS parking lot</type></wpt>
<wpt lat="37.19108024528743" lon="-86.10227580760352"><name>US-0050 · NPS parking lot: NPS parking lot</name><desc>For US-0050 Mammoth Cave National Park
MACA official lot
0.2 mi from the park GPS point
Source: National Park Service public parking lots</desc><sym>Parking Area</sym><type>Official access - NPS parking lot</type></wpt>
<wpt lat="37.191240590834106" lon="-86.10243746985267"><name>US-0050 · NPS parking lot: NPS parking lot</name><desc>For US-0050 Mammoth Cave National Park
MACA official lot
0.3 mi from the park GPS point
Source: National Park Service public parking lots</desc><sym>Parking Area</sym><type>Official access - NPS parking lot</type></wpt>
<wpt lat="37.17967433421957" lon="-86.1115676994064"><name>US-0050 · NPS parking lot: NPS parking lot</name><desc>For US-0050 Mammoth Cave National Park
MACA official lot
0.8 mi from the park GPS point
Source: National Park Service public parking lots</desc><sym>Parking Area</sym><type>Official access - NPS parking lot</type></wpt>
<wpt lat="37.1826378023577" lon="-86.08778972914929"><name>US-0050 · NPS parking lot: NPS parking lot</name><desc>For US-0050 Mammoth Cave National Park
MACA official lot
0.8 mi from the park GPS point
Source: National Park Service public parking lots</desc><sym>Parking Area</sym><type>Official access - NPS parking lot</type></wpt>
<wpt lat="37.18111056694216" lon="-86.08642438974681"><name>US-0050 · NPS parking lot: NPS parking lot</name><desc>For US-0050 Mammoth Cave National Park
MACA official lot
0.9 mi from the park GPS point
Source: National Park Service public parking lots</desc><sym>Parking Area</sym><type>Official access - NPS parking lot</type></wpt>
<wpt lat="37.18109027336885" lon="-86.08580129724308"><name>US-0050 · NPS parking lot: NPS parking lot</name><desc>For US-0050 Mammoth Cave National Park
MACA official lot
1.0 mi from the park GPS point
Source: National Park Service public parking lots</desc><sym>Parking Area</sym><type>Official access - NPS parking lot</type></wpt>
<wpt lat="37.180680662918725" lon="-86.08588680376793"><name>US-0050 · NPS parking lot: NPS parking lot</name><desc>For US-0050 Mammoth Cave National Park
MACA official lot
1.0 mi from the park GPS point
Source: National Park Service public parking lots</desc><sym>Parking Area</sym><type>Official access - NPS parking lot</type></wpt>
<wpt lat="37.18061410289911" lon="-86.08474452746563"><name>US-0050 · NPS parking lot: NPS parking lot</name><desc>For US-0050 Mammoth Cave National Park
MACA official lot
1.0 mi from the park GPS point
Source: National Park Service public parking lots</desc><sym>Parking Area</sym><type>Official access - NPS parking lot</type></wpt>
<wpt lat="37.179892979679096" lon="-86.0850911303224"><name>US-0050 · NPS parking lot: NPS parking lot</name><desc>For US-0050 Mammoth Cave National Park
MACA official lot
1.0 mi from the park GPS point
Source: National Park Service public parking lots</desc><sym>Parking Area</sym><type>Official access - NPS parking lot</type></wpt>
<wpt lat="37.18008936547692" lon="-86.08490974854409"><name>US-0050 · NPS parking lot: NPS parking lot</name><desc>For US-0050 Mammoth Cave National Park
MACA official lot
1.0 mi from the park GPS point
Source: National Park Service public parking lots</desc><sym>Parking Area</sym><type>Official access - NPS parking lot</type></wpt>
<wpt lat="37.16362194451926" lon="-86.09302150288325"><name>US-0050 · NPS parking lot: NPS parking lot</name><desc>For US-0050 Mammoth Cave National Park
MACA official lot
1.7 mi from the park GPS point
Source: National Park Service public parking lots</desc><sym>Parking Area</sym><type>Official access - NPS parking lot</type></wpt>
<wpt lat="37.16830805468714" lon="-86.0792381234019"><name>US-0050 · NPS parking lot: NPS parking lot</name><desc>For US-0050 Mammoth Cave National Park
MACA official lot
1.8 mi from the park GPS point
Source: National Park Service public parking lots</desc><sym>Parking Area</sym><type>Official access - NPS parking lot</type></wpt>
<wpt lat="37.205692215521694" lon="-86.13896902578017"><name>US-0050 · NPS parking lot: NPS parking lot</name><desc>For US-0050 Mammoth Cave National Park
MACA official lot
2.4 mi from the park GPS point
Source: National Park Service public parking lots</desc><sym>Parking Area</sym><type>Official access - NPS parking lot</type></wpt>
<wpt lat="37.15116503924589" lon="-86.09807700269435"><name>US-0050 · NPS parking lot: NPS parking lot</name><desc>For US-0050 Mammoth Cave National Park
MACA official lot
2.5 mi from the park GPS point
Source: National Park Service public parking lots</desc><sym>Parking Area</sym><type>Official access - NPS parking lot</type></wpt>
<wpt lat="37.16233322290146" lon="-86.1586676755375"><name>US-0050 · NPS parking lot: NPS parking lot</name><desc>For US-0050 Mammoth Cave National Park
MACA official lot
3.6 mi from the park GPS point
Source: National Park Service public parking lots</desc><sym>Parking Area</sym><type>Official access - NPS parking lot</type></wpt>
<wpt lat="37.15262336046478" lon="-86.04763663628049"><name>US-0050 · NPS parking lot: NPS parking lot</name><desc>For US-0050 Mammoth Cave National Park
MACA official lot
3.8 mi from the park GPS point
Source: National Park Service public parking lots</desc><sym>Parking Area</sym><type>Official access - NPS parking lot</type></wpt>
<wpt lat="37.155687644536535" lon="-86.16038631367486"><name>US-0050 · NPS parking lot: NPS parking lot</name><desc>For US-0050 Mammoth Cave National Park
MACA official lot
3.9 mi from the park GPS point
Source: National Park Service public parking lots</desc><sym>Parking Area</sym><type>Official access - NPS parking lot</type></wpt>
<wpt lat="37.13501122013065" lon="-86.07055259028087"><name>US-0050 · NPS parking lot: NPS parking lot</name><desc>For US-0050 Mammoth Cave National Park
MACA official lot
4.0 mi from the park GPS point
Source: National Park Service public parking lots</desc><sym>Parking Area</sym><type>Official access - NPS parking lot</type></wpt>
<wpt lat="37.10415934343544" lon="-86.05825023711957"><name>US-0050 · NPS parking lot: NPS parking lot</name><desc>For US-0050 Mammoth Cave National Park
MACA official lot
6.2 mi from the park GPS point
Source: National Park Service public parking lots</desc><sym>Parking Area</sym><type>Official access - NPS parking lot</type></wpt>
<wpt lat="37.247115116251614" lon="-86.19264823818655"><name>US-0050 · NPS parking lot: NPS parking lot</name><desc>For US-0050 Mammoth Cave National Park
MACA official lot
6.5 mi from the park GPS point
Source: National Park Service public parking lots</desc><sym>Parking Area</sym><type>Official access - NPS parking lot</type></wpt>
<wpt lat="37.20190927071665" lon="-86.23700828402364"><name>US-0050 · NPS parking lot: NPS parking lot</name><desc>For US-0050 Mammoth Cave National Park
MACA official lot
7.5 mi from the park GPS point
Source: National Park Service public parking lots</desc><sym>Parking Area</sym><type>Official access - NPS parking lot</type></wpt>
<wpt lat="37.20178876794095" lon="-86.23711294392723"><name>US-0050 · NPS parking lot: NPS parking lot</name><desc>For US-0050 Mammoth Cave National Park
MACA official lot
7.5 mi from the park GPS point
Source: National Park Service public parking lots</desc><sym>Parking Area</sym><type>Official access - NPS parking lot</type></wpt>
<wpt lat="37.069109289496524" lon="-84.73568919661338"><name>US-7708 · NPS parking lot: NPS parking lot</name><desc>For US-7708 Mill Springs Battlefield National Monument
MISP official lot
0.0 mi from the park GPS point
Source: National Park Service public parking lots</desc><sym>Parking Area</sym><type>Official access - NPS parking lot</type></wpt>
<wpt lat="36.93341343525374" lon="-84.77923813087538"><name>US-7708 · NPS parking lot: NPS parking lot</name><desc>For US-7708 Mill Springs Battlefield National Monument
MISP official lot
9.7 mi from the park GPS point
Source: National Park Service public parking lots</desc><sym>Parking Area</sym><type>Official access - NPS parking lot</type></wpt>
<wpt lat="37.0676" lon="-82.7719"><name>US-10112 · Preserve page location: Bad Branch</name><desc>For US-10112 Bad Branch National Wild and Scenic River
Location listed on the official preserve page — Gravel parking area on left side of KY 932. There is parking for 10 vehilces or one bus available.
0.1 mi from the park GPS point
Source: Office of Kentucky Nature Preserves page</desc><sym>Parking Area</sym><type>Official access - Preserve page location</type></wpt>
<wpt lat="37.0676" lon="-82.7719"><name>US-7966 · Preserve page location: Bad Branch</name><desc>For US-7966 Bad Branch State Nature Preserve
Location listed on the official preserve page — Gravel parking area on left side of KY 932. There is parking for 10 vehilces or one bus available.
0.0 mi from the park GPS point
Source: Office of Kentucky Nature Preserves page</desc><sym>Parking Area</sym><type>Official access - Preserve page location</type></wpt>
<wpt lat="38.209225" lon="-85.710854"><name>US-7956 · Preserve page location: Beargrass Creek</name><desc>For US-7956 Beargrass Creek State Nature Preserve
Location listed on the official preserve page — Parking - abundant; LNC parking lot on your right on Illinois Avenue
0.1 mi from the park GPS point
Source: Office of Kentucky Nature Preserves page</desc><sym>Parking Area</sym><type>Official access - Preserve page location</type></wpt>
<wpt lat="38.193247" lon="-85.532358"><name>US-7954 · Preserve page location: Blackacre</name><desc>For US-7954 Blackacre State Nature Preserve
Location listed on the official preserve page
0.4 mi from the park GPS point
Source: Office of Kentucky Nature Preserves page</desc><sym>Parking Area</sym><type>Official access - Preserve page location</type></wpt>
<wpt lat="36.85917" lon="-83.382129"><name>US-7967 · Preserve page location: Blanton Forest</name><desc>For US-7967 Blanton Forest State Nature Preserve
Location listed on the official preserve page — Parking - lot adjacent to Camp Blanton.
0.0 mi from the park GPS point
Source: Office of Kentucky Nature Preserves page</desc><sym>Parking Area</sym><type>Official access - Preserve page location</type></wpt>
<wpt lat="36.8978271" lon="-85.981118"><name>US-7965 · Preserve page location: Brigadoon</name><desc>For US-7965 Brigadoon State Nature Preserve
Location listed on the official preserve page — Parking - 10 cars
0.0 mi from the park GPS point
Source: Office of Kentucky Nature Preserves page</desc><sym>Parking Area</sym><type>Official access - Preserve page location</type></wpt>
<wpt lat="38.377363" lon="-83.122781"><name>US-1276 · Preserve page location: Carter Caves (Bat Cave / Cascade Caverns)</name><desc>For US-1276 Carter Caves State Park
Location listed on the official preserve page — Parking - abundant
0.4 mi from the park GPS point
Source: Office of Kentucky Nature Preserves page</desc><sym>Parking Area</sym><type>Official access - Preserve page location</type></wpt>
<wpt lat="38.6411" lon="-83.5701"><name>US-7960 · Preserve page location: Crooked Creek</name><desc>For US-7960 Crooked Creek State Nature Preserve
Location listed on the official preserve page
0.1 mi from the park GPS point
Source: Office of Kentucky Nature Preserves page</desc><sym>Parking Area</sym><type>Official access - Preserve page location</type></wpt>
<wpt lat="36.9648889" lon="-83.109444"><name>US-7968 · Preserve page location: E. Lucy Braun</name><desc>For US-7968 E. Lucy Braun State Nature Preserve
Location listed on the official preserve page
0.0 mi from the park GPS point
Source: Office of Kentucky Nature Preserves page</desc><sym>Parking Area</sym><type>Official access - Preserve page location</type></wpt>
<wpt lat="37.30642" lon="-85.719109"><name>US-12752 · Preserve page location: Green River SNA (Boiling Springs unit)</name><desc>For US-12752 Green River State Natural Area
Location listed on the official preserve page
11.0 mi from the park GPS point
Source: Office of Kentucky Nature Preserves page</desc><sym>Parking Area</sym><type>Official access - Preserve page location</type></wpt>
<wpt lat="37.733243" lon="-85.707621"><name>US-7957 · Preserve page location: Hall Hill/Vernon-Douglas</name><desc>For US-7957 Hall-Hill/Vernon-Douglas State Nature Preserve
Location listed on the official preserve page — Drive 0.5 mile to the preserve and park in parking lot on left.
0.0 mi from the park GPS point
Source: Office of Kentucky Nature Preserves page</desc><sym>Parking Area</sym><type>Official access - Preserve page location</type></wpt>
<wpt lat="38.54704" lon="-82.841535"><name>US-7961 · Preserve page location: Jesse Stuart</name><desc>For US-7961 Jesse Stuart State Nature Preserve
Location listed on the official preserve page — Parking - six cars; one bus
0.0 mi from the park GPS point
Source: Office of Kentucky Nature Preserves page</desc><sym>Parking Area</sym><type>Official access - Preserve page location</type></wpt>
<wpt lat="37.762458" lon="-84.617161"><name>US-7958 · Preserve page location: Kentucky River Palisades/Tom Dorman</name><desc>For US-7958 Kentucky River Palisades/Tom Dorman State Nature Preserve
Location listed on the official preserve page — Parking - eight cars
0.0 mi from the park GPS point
Source: Office of Kentucky Nature Preserves page</desc><sym>Parking Area</sym><type>Official access - Preserve page location</type></wpt>
<wpt lat="36.69812" lon="-84.714932"><name>US-7962 · Preserve page location: Little South Fork SNA (Burnett Branch)</name><desc>For US-7962 Little South Fork State Natural Area
Location listed on the official preserve page
0.0 mi from the park GPS point
Source: Office of Kentucky Nature Preserves page</desc><sym>Parking Area</sym><type>Official access - Preserve page location</type></wpt>
<wpt lat="36.697308" lon="-84.712721"><name>US-7962 · Preserve page location: Little South Fork SNA (Steele Hollow)</name><desc>For US-7962 Little South Fork State Natural Area
Location listed on the official preserve page — parking is just up the hill (after metal bridge over Little South Fork)
0.1 mi from the park GPS point
Source: Office of Kentucky Nature Preserves page</desc><sym>Parking Area</sym><type>Official access - Preserve page location</type></wpt>
<wpt lat="37.335783" lon="-88.4194387"><name>US-3823 · Preserve page location: Livingston County (Bissell Bluff)</name><desc>For US-3823 Livingston County Wildlife Management Area
Location listed on the official preserve page — Parking areas are located off KY Highway 1436 and Good Hope Cemetery road off of KY highway 1433.
1.5 mi from the park GPS point
Source: Office of Kentucky Nature Preserves page</desc><sym>Parking Area</sym><type>Official access - Preserve page location</type></wpt>
<wpt lat="37.146359" lon="-88.765456"><name>US-7953 · Preserve page location: Metropolis Lake</name><desc>For US-7953 Metropolis Lake State Nature Preserve
Location listed on the official preserve page — 20 cars; two to three buses.
0.0 mi from the park GPS point
Source: Office of Kentucky Nature Preserves page</desc><sym>Parking Area</sym><type>Official access - Preserve page location</type></wpt>
<wpt lat="37.912063" lon="-83.94496"><name>US-7963 · Preserve page location: Pilot Knob</name><desc>For US-7963 Pilot Knob State Nature Preserve
Location listed on the official preserve page — Parking - seven or eight cars; one or two buses
0.0 mi from the park GPS point
Source: Office of Kentucky Nature Preserves page</desc><sym>Parking Area</sym><type>Official access - Preserve page location</type></wpt>
<wpt lat="38.557087" lon="-84.227263"><name>US-7959 · Preserve page location: Quiet Trails</name><desc>For US-7959 Quiet Trails State Nature Preserve
Location listed on the official preserve page — Parking - four cars
0.0 mi from the park GPS point
Source: Office of Kentucky Nature Preserves page</desc><sym>Parking Area</sym><type>Official access - Preserve page location</type></wpt>
<wpt lat="37.1071" lon="-84.2369"><name>US-7970 · Preserve page location: Sinking Creek SNA</name><desc>For US-7970 Sinking Creek State Natural Area
Location listed on the official preserve page — Open to the public via the Sheltowee Trace trail.
0.2 mi from the park GPS point
Source: Office of Kentucky Nature Preserves page</desc><sym>Parking Area</sym><type>Official access - Preserve page location</type></wpt>
<wpt lat="38.287118" lon="-85.687591"><name>US-7955 · Preserve page location: Six Mile Island</name><desc>For US-7955 Six Mile Island State Nature Preserve
Location listed on the official preserve page — Accessed by boat; Cox Park boat ramp
2.0 mi from the park GPS point
Source: Office of Kentucky Nature Preserves page</desc><sym>Parking Area</sym><type>Official access - Preserve page location</type></wpt>
<wpt lat="37.03524" lon="-84.334924"><name>US-7964 · Preserve page location: William H. Martin SNA</name><desc>For US-7964 William H. Martin State Natural Area
Location listed on the official preserve page
0.0 mi from the park GPS point
Source: Office of Kentucky Nature Preserves page</desc><sym>Parking Area</sym><type>Official access - Preserve page location</type></wpt>
<wpt lat="37.7849" lon="-82.83633"><name>US-1253 · State Parks trailhead: Jenny's Creek Trailhead</name><desc>For US-1253 Dawkins Line Rail Trail State Park
Dawkins Line Rail Trail trailhead parking (Kentucky State Parks); check current trail alerts
0.0 mi from the park GPS point
Source: Kentucky State Parks (kygisserver.ky.gov)</desc><sym>Parking Area</sym><type>Official access - State Parks trailhead</type></wpt>
<wpt lat="37.73781" lon="-82.9066"><name>US-1253 · State Parks trailhead: Swamp Branch Trailhead</name><desc>For US-1253 Dawkins Line Rail Trail State Park
Dawkins Line Rail Trail trailhead parking (Kentucky State Parks); check current trail alerts
0.0 mi from the park GPS point
Source: Kentucky State Parks (kygisserver.ky.gov)</desc><sym>Parking Area</sym><type>Official access - State Parks trailhead</type></wpt>
<wpt lat="37.6762" lon="-83.02173"><name>US-1253 · State Parks trailhead: Royalton Trailhead</name><desc>For US-1253 Dawkins Line Rail Trail State Park
Dawkins Line Rail Trail trailhead parking (Kentucky State Parks); check current trail alerts
0.0 mi from the park GPS point
Source: Kentucky State Parks (kygisserver.ky.gov)</desc><sym>Parking Area</sym><type>Official access - State Parks trailhead</type></wpt>
<wpt lat="37.68063" lon="-83.03163"><name>US-1253 · State Parks trailhead: Jane Beshear Trailhead</name><desc>For US-1253 Dawkins Line Rail Trail State Park
Dawkins Line Rail Trail trailhead parking (Kentucky State Parks); check current trail alerts
0.0 mi from the park GPS point
Source: Kentucky State Parks (kygisserver.ky.gov)</desc><sym>Parking Area</sym><type>Official access - State Parks trailhead</type></wpt>
<wpt lat="37.39013405" lon="-84.07271426"><name>US-4484 · USFS site: S-Tree Road Sheltowee Trace</name><desc>For US-4484 Daniel Boone National Forest
Trailhead, capacity 9
4.4 mi from the park GPS point
Source: U.S. Forest Service (kygisserver.ky.gov)</desc><sym>Parking Area</sym><type>Official access - USFS site</type></wpt>
<wpt lat="37.14360869" lon="-83.58006022"><name>US-4484 · USFS site: Peabody Ohv Trailhead</name><desc>For US-4484 Daniel Boone National Forest
Trailhead, capacity 196
29.8 mi from the park GPS point
Source: U.S. Forest Service (kygisserver.ky.gov)</desc><sym>Parking Area</sym><type>Official access - USFS site</type></wpt>
<wpt lat="37.80529033" lon="-83.65508786"><name>US-4484 · USFS site: Pinch-Em-Tight Parking Lot</name><desc>For US-4484 Daniel Boone National Forest
Trailhead, capacity 30
32.8 mi from the park GPS point
Source: U.S. Forest Service (kygisserver.ky.gov)</desc><sym>Parking Area</sym><type>Official access - USFS site</type></wpt>
<wpt lat="37.81987565" lon="-83.68086648"><name>US-4484 · USFS site: Auxier Ridge Trailhead</name><desc>For US-4484 Daniel Boone National Forest
Trailhead, capacity 50
32.9 mi from the park GPS point
Source: U.S. Forest Service (kygisserver.ky.gov)</desc><sym>Parking Area</sym><type>Official access - USFS site</type></wpt>
<wpt lat="36.99738457" lon="-84.28446083"><name>US-4484 · USFS site: Sheltowee Trace Nrt Trailhead, 192  1193</name><desc>For US-4484 Daniel Boone National Forest
Trailhead, capacity 25
32.9 mi from the park GPS point
Source: U.S. Forest Service (kygisserver.ky.gov)</desc><sym>Parking Area</sym><type>Official access - USFS site</type></wpt>
<wpt lat="37.82000624" lon="-83.66715662"><name>US-4484 · USFS site: Martins Fork Parking Lot</name><desc>For US-4484 Daniel Boone National Forest
Trailhead, capacity 20
33.3 mi from the park GPS point
Source: U.S. Forest Service (kygisserver.ky.gov)</desc><sym>Parking Area</sym><type>Official access - USFS site</type></wpt>
<wpt lat="37.77089711" lon="-83.56678467"><name>US-4484 · USFS site: Rock Bridge Rec. Area</name><desc>For US-4484 Daniel Boone National Forest
Trailhead, capacity 45
34.1 mi from the park GPS point
Source: U.S. Forest Service (kygisserver.ky.gov)</desc><sym>Parking Area</sym><type>Official access - USFS site</type></wpt>
<wpt lat="37.79020955" lon="-83.59287041"><name>US-4484 · USFS site: Wildcat Parking Lot</name><desc>For US-4484 Daniel Boone National Forest
Trailhead, capacity 25
34.1 mi from the park GPS point
Source: U.S. Forest Service (kygisserver.ky.gov)</desc><sym>Parking Area</sym><type>Official access - USFS site</type></wpt>
<wpt lat="37.80343181" lon="-83.61093962"><name>US-4484 · USFS site: Rough Trail Parking Lot</name><desc>For US-4484 Daniel Boone National Forest
Trailhead, capacity 60
34.2 mi from the park GPS point
Source: U.S. Forest Service (kygisserver.ky.gov)</desc><sym>Parking Area</sym><type>Official access - USFS site</type></wpt>
<wpt lat="37.798931" lon="-83.59138607"><name>US-4484 · USFS site: Angel Windows Parking Lot</name><desc>For US-4484 Daniel Boone National Forest
Trailhead, capacity 35
34.6 mi from the park GPS point
Source: U.S. Forest Service (kygisserver.ky.gov)</desc><sym>Parking Area</sym><type>Official access - USFS site</type></wpt>
<wpt lat="37.82304754" lon="-83.62814938"><name>US-4484 · USFS site: Stanton Sheltowee Parking Lot</name><desc>For US-4484 Daniel Boone National Forest
Trailhead, capacity 50
34.7 mi from the park GPS point
Source: U.S. Forest Service (kygisserver.ky.gov)</desc><sym>Parking Area</sym><type>Official access - USFS site</type></wpt>
<wpt lat="37.12639657" lon="-83.48399937"><name>US-4484 · USFS site: Sugar Creek Ohv Trailhead</name><desc>For US-4484 Daniel Boone National Forest
Trailhead, capacity 28
34.8 mi from the park GPS point
Source: U.S. Forest Service (kygisserver.ky.gov)</desc><sym>Parking Area</sym><type>Official access - USFS site</type></wpt>
<wpt lat="37.80090403" lon="-83.58987312"><name>US-4484 · USFS site: Swift Camp/Rough Trail Parking Lot</name><desc>For US-4484 Daniel Boone National Forest
Trailhead, capacity 60
34.8 mi from the park GPS point
Source: U.S. Forest Service (kygisserver.ky.gov)</desc><sym>Parking Area</sym><type>Official access - USFS site</type></wpt>
<wpt lat="37.80692906" lon="-83.59069927"><name>US-4484 · USFS site: Whistling Arch Parking Lot</name><desc>For US-4484 Daniel Boone National Forest
Trailhead, capacity 25
35.1 mi from the park GPS point
Source: U.S. Forest Service (kygisserver.ky.gov)</desc><sym>Parking Area</sym><type>Official access - USFS site</type></wpt>
<wpt lat="37.86061" lon="-83.67429"><name>US-4484 · USFS site: Indian Creek</name><desc>For US-4484 Daniel Boone National Forest
Trailhead, capacity 100
35.5 mi from the park GPS point
Source: U.S. Forest Service (kygisserver.ky.gov)</desc><sym>Parking Area</sym><type>Official access - USFS site</type></wpt>
<wpt lat="37.83683117" lon="-83.60973282"><name>US-4484 · USFS site: Bison Way Parking Lot</name><desc>For US-4484 Daniel Boone National Forest
Trailhead, capacity 25
36.0 mi from the park GPS point
Source: U.S. Forest Service (kygisserver.ky.gov)</desc><sym>Parking Area</sym><type>Official access - USFS site</type></wpt>
<wpt lat="37.81998736" lon="-83.575258"><name>US-4484 · USFS site: Osborne Bend Trailhead</name><desc>For US-4484 Daniel Boone National Forest
Trailhead, capacity 42
36.3 mi from the park GPS point
Source: U.S. Forest Service (kygisserver.ky.gov)</desc><sym>Parking Area</sym><type>Official access - USFS site</type></wpt>
<wpt lat="36.95840348" lon="-84.34562448"><name>US-4484 · USFS site: Scuttlehole Trailhead</name><desc>For US-4484 Daniel Boone National Forest
Trailhead, capacity 15
36.9 mi from the park GPS point
Source: U.S. Forest Service (kygisserver.ky.gov)</desc><sym>Parking Area</sym><type>Official access - USFS site</type></wpt>
<wpt lat="37.02263601" lon="-83.53310095"><name>US-4484 · USFS site: Bear Creek Ohv Trailhead</name><desc>For US-4484 Daniel Boone National Forest
Trailhead, capacity 35
37.4 mi from the park GPS point
Source: U.S. Forest Service (kygisserver.ky.gov)</desc><sym>Parking Area</sym><type>Official access - USFS site</type></wpt>
<wpt lat="37.88649253" lon="-83.59333158"><name>US-4484 · USFS site: Corner Ridge Trailhead</name><desc>For US-4484 Daniel Boone National Forest
Trailhead, capacity 15
39.4 mi from the park GPS point
Source: U.S. Forest Service (kygisserver.ky.gov)</desc><sym>Parking Area</sym><type>Official access - USFS site</type></wpt>
<wpt lat="36.92165165" lon="-84.42911344"><name>US-4484 · USFS site: Bowman'S Ridge Trailhead</name><desc>For US-4484 Daniel Boone National Forest
Trailhead, capacity 18
41.6 mi from the park GPS point
Source: U.S. Forest Service (kygisserver.ky.gov)</desc><sym>Parking Area</sym><type>Official access - USFS site</type></wpt>
<wpt lat="36.90890848" lon="-84.42302504"><name>US-4484 · USFS site: Swain Ridge</name><desc>For US-4484 Daniel Boone National Forest
Trailhead, capacity 35
42.1 mi from the park GPS point
Source: U.S. Forest Service (kygisserver.ky.gov)</desc><sym>Parking Area</sym><type>Official access - USFS site</type></wpt>
<wpt lat="36.907071" lon="-84.448427"><name>US-4484 · USFS site: Three Forks Of Beaver</name><desc>For US-4484 Daniel Boone National Forest
Trailhead, capacity 25
43.0 mi from the park GPS point
Source: U.S. Forest Service (kygisserver.ky.gov)</desc><sym>Parking Area</sym><type>Official access - USFS site</type></wpt>
<wpt lat="36.86467777" lon="-84.47439516"><name>US-4484 · USFS site: Middle Fork</name><desc>For US-4484 Daniel Boone National Forest
Trailhead, capacity 20
46.2 mi from the park GPS point
Source: U.S. Forest Service (kygisserver.ky.gov)</desc><sym>Parking Area</sym><type>Official access - USFS site</type></wpt>
<wpt lat="38.03035838" lon="-83.54936019"><name>US-4484 · USFS site: Glady Trailhead</name><desc>For US-4484 Daniel Boone National Forest
Trailhead, capacity 20
49.0 mi from the park GPS point
Source: U.S. Forest Service (kygisserver.ky.gov)</desc><sym>Parking Area</sym><type>Official access - USFS site</type></wpt>
<wpt lat="36.840356" lon="-84.530831"><name>US-4484 · USFS site: Panoramic Trailhead</name><desc>For US-4484 Daniel Boone National Forest
Trailhead, capacity 25
49.4 mi from the park GPS point
Source: U.S. Forest Service (kygisserver.ky.gov)</desc><sym>Parking Area</sym><type>Official access - USFS site</type></wpt>
<wpt lat="36.784947" lon="-84.481972"><name>US-4484 · USFS site: Hwy 27 Sheltowee Trace</name><desc>For US-4484 Daniel Boone National Forest
Trailhead, capacity 25
51.1 mi from the park GPS point
Source: U.S. Forest Service (kygisserver.ky.gov)</desc><sym>Parking Area</sym><type>Official access - USFS site</type></wpt>
<wpt lat="36.77717" lon="-84.46841"><name>US-4484 · USFS site: Barren Fork Heritage Trail Trailhead</name><desc>For US-4484 Daniel Boone National Forest
Trailhead, capacity 64
51.2 mi from the park GPS point
Source: U.S. Forest Service (kygisserver.ky.gov)</desc><sym>Parking Area</sym><type>Official access - USFS site</type></wpt>
<wpt lat="38.09301978" lon="-83.58178841"><name>US-4484 · USFS site: White Sulphur Ohv Trailhead</name><desc>For US-4484 Daniel Boone National Forest
Trailhead, capacity 40
52.0 mi from the park GPS point
Source: U.S. Forest Service (kygisserver.ky.gov)</desc><sym>Parking Area</sym><type>Official access - USFS site</type></wpt>
<wpt lat="36.72809628" lon="-84.40372817"><name>US-4484 · USFS site: Laurel Creek</name><desc>For US-4484 Daniel Boone National Forest
Trailhead, capacity 10
52.5 mi from the park GPS point
Source: U.S. Forest Service (kygisserver.ky.gov)</desc><sym>Parking Area</sym><type>Official access - USFS site</type></wpt>
<wpt lat="36.75852718" lon="-84.5031252"><name>US-4484 · USFS site: Sellers Ridge Ohv Trailhead</name><desc>For US-4484 Daniel Boone National Forest
Trailhead, capacity 11
53.3 mi from the park GPS point
Source: U.S. Forest Service (kygisserver.ky.gov)</desc><sym>Parking Area</sym><type>Official access - USFS site</type></wpt>
<wpt lat="36.71518621" lon="-84.48148773"><name>US-4484 · USFS site: Lick Creek</name><desc>For US-4484 Daniel Boone National Forest
Trailhead, capacity 11
55.3 mi from the park GPS point
Source: U.S. Forest Service (kygisserver.ky.gov)</desc><sym>Parking Area</sym><type>Official access - USFS site</type></wpt>
<wpt lat="38.38523916" lon="-83.41632573"><name>US-4484 · USFS site: Sheltowee Trace North Terminus</name><desc>For US-4484 Daniel Boone National Forest
Trailhead, capacity 15
74.1 mi from the park GPS point
Source: U.S. Forest Service (kygisserver.ky.gov)</desc><sym>Parking Area</sym><type>Official access - USFS site</type></wpt>
</gpx>