<?xml version="1.0" encoding="UTF-8"?>
<kml xmlns="http://www.opengis.net/kml/2.2"><Document><name>KPC Kentucky POTA Parks</name>
<description>Kentucky Portable Club • 186 Kentucky POTA parks. Use the official map first; verify current rules, access and boundaries before activating.</description>
<Style id="sff8a5f2b"><IconStyle><color>ff8a5f2b</color><scale>1.1</scale><Icon><href>http://maps.google.com/mapfiles/kml/paddle/wht-blank.png</href></Icon></IconStyle></Style>
<Style id="sff69b07f"><IconStyle><color>ff69b07f</color><scale>1.1</scale><Icon><href>http://maps.google.com/mapfiles/kml/paddle/wht-blank.png</href></Icon></IconStyle></Style>
<Style id="sff4f6a2d"><IconStyle><color>ff4f6a2d</color><scale>1.1</scale><Icon><href>http://maps.google.com/mapfiles/kml/paddle/wht-blank.png</href></Icon></IconStyle></Style>
<Style id="sff20a8e9"><IconStyle><color>ff20a8e9</color><scale>1.1</scale><Icon><href>http://maps.google.com/mapfiles/kml/paddle/wht-blank.png</href></Icon></IconStyle></Style>
<Style id="sff2b45b5"><IconStyle><color>ff2b45b5</color><scale>1.1</scale><Icon><href>http://maps.google.com/mapfiles/kml/paddle/wht-blank.png</href></Icon></IconStyle></Style>
<Style id="sff2b5a8b"><IconStyle><color>ff2b5a8b</color><scale>1.1</scale><Icon><href>http://maps.google.com/mapfiles/kml/paddle/wht-blank.png</href></Icon></IconStyle></Style>
<Folder><name>Fish Hatchery</name>
<Placemark><name>US-10099 Wolf Creek National Fish Hatchery</name><styleUrl>#sff2b45b5</styleUrl><description><![CDATA[Wolf Creek National Fish Hatchery<br>Russell County • Fish Hatchery<br><a href="https://next.pota.app/park/US-10099">POTA</a><br><a href="https://www.fws.gov/fish-hatchery/wolf-creek/map">Official Map (official)</a><br><a href="https://www.fws.gov/fish-hatchery/wolf-creek/map">Website</a><br>Use the official map first. Verify current rules, access and boundaries before activating.]]></description><Point><coordinates>-85.1456,36.8727,0</coordinates></Point></Placemark>
</Folder>
<Folder><name>National / NPS</name>
<Placemark><name>US-0724 Abraham Lincoln Birthplace National Historic Site</name><styleUrl>#sff8a5f2b</styleUrl><description><![CDATA[Abraham Lincoln Birthplace National Historic Site<br>Larue County • National / NPS<br><a href="https://next.pota.app/park/US-0724">POTA</a><br><a href="https://www.nps.gov/abli/planyourvisit/maps.htm">Official Map (official)</a><br><a href="https://www.nps.gov/abli/index.htm">Website</a><br>Notes: NPS recognizes two units: Birthplace unit south of Hodgenville and Boyhood Home to the northeast.<br>Use the official map first. Verify current rules, access and boundaries before activating.]]></description><Point><coordinates>-85.6371,37.6115,0</coordinates></Point></Placemark>
<Placemark><name>US-10112 Bad Branch National Wild and Scenic River</name><styleUrl>#sff8a5f2b</styleUrl><description><![CDATA[Bad Branch National Wild and Scenic River<br>Harlan County • National / NPS<br><a href="https://next.pota.app/park/US-10112">POTA</a><br><a href="https://eec.ky.gov/Nature-Preserves/Locations/Pages/Bad-Branch-Wild-River.aspx">Website</a><br>Use the official map first. Verify current rules, access and boundaries before activating.]]></description><Point><coordinates>-82.7713,37.0662,0</coordinates></Point></Placemark>
<Placemark><name>US-10107 Big South Fork National Wild and Scenic River</name><styleUrl>#sff8a5f2b</styleUrl><description><![CDATA[Big South Fork National Wild and Scenic River<br>McCreary County • National / NPS<br><a href="https://next.pota.app/park/US-10107">POTA</a><br><a href="https://www.nps.gov/biso/planyourvisit/maps.htm">Area Map (official)</a><br><a href="https://eec.ky.gov/Nature-Preserves/Locations/Pages/Big-South-Fork-Wild-River.aspx">Website</a><br>Possible 2-fer (per agency sources, confirm first): US-0686<br>Use the official map first. Verify current rules, access and boundaries before activating.]]></description><Point><coordinates>-84.5274,36.7906,0</coordinates></Point></Placemark>
<Placemark><name>US-7950 Camp Nelson National Monument</name><styleUrl>#sff8a5f2b</styleUrl><description><![CDATA[Camp Nelson National Monument<br>Jessamine County • National / NPS<br><a href="https://next.pota.app/park/US-7950">POTA</a><br><a href="https://www.nps.gov/cane/planyourvisit/maps.htm">Official Map (official)</a><br><a href="https://www.nps.gov/cane/index.htm">Website</a><br>Utilities: No recreational camping<br>Use the official map first. Verify current rules, access and boundaries before activating.]]></description><Point><coordinates>-84.6011,37.7971,0</coordinates></Point></Placemark>
<Placemark><name>US-0295 Clarks River National Wildlife Refuge</name><styleUrl>#sff8a5f2b</styleUrl><description><![CDATA[Clarks River National Wildlife Refuge<br>McCracken County • National / NPS<br><a href="https://next.pota.app/park/US-0295">POTA</a><br><a href="https://www.fws.gov/sites/default/files/documents/2024-08/public-map-july-2024.pdf">Official Map (official)</a><br><a href="https://www.fws.gov/refuge/clarks-river">Website</a><br>Use the official map first. Verify current rules, access and boundaries before activating.]]></description><Point><coordinates>-88.5582,36.978,0</coordinates></Point></Placemark>
<Placemark><name>US-0019 Cumberland Gap National Historical Park</name><styleUrl>#sff8a5f2b</styleUrl><description><![CDATA[Cumberland Gap National Historical Park<br>Bell / Claiborne / Lee? Counties • National / NPS<br><a href="https://next.pota.app/park/US-0019">POTA</a><br><a href="https://www.nps.gov/cuga/planyourvisit/upload/CUGAmap1-3.pdf">Official Map (official)</a><br><a href="https://www.nps.gov/cuga/index.htm">Website</a><br><a href="https://www.nps.gov/cuga/planyourvisit/fees.htm">Camping</a><br>Utilities: Electric + non-electric sites<br>Use the official map first. Verify current rules, access and boundaries before activating.]]></description><Point><coordinates>-83.6741,36.6038,0</coordinates></Point></Placemark>
<Placemark><name>US-0703 Fort Donelson National Battlefield</name><styleUrl>#sff8a5f2b</styleUrl><description><![CDATA[Fort Donelson National Battlefield<br>Stewart / Calloway Counties • National / NPS<br><a href="https://next.pota.app/park/US-0703">POTA</a><br><a href="https://www.nps.gov/fodo/planyourvisit/maps.htm">Official Map (official)</a><br><a href="https://pota.app/#/map?entityName=United+States+of+America&amp;lat=36.4885&amp;lng=-87.8522&amp;locationDesc=US-KY&amp;name=Fort+Donelson+National+Battlefield&amp;reference=US-0703&amp;zoom=12">POTA map</a><br>Utilities: No campground<br>Use the official map first. Verify current rules, access and boundaries before activating.]]></description><Point><coordinates>-87.8522,36.4885,0</coordinates></Point></Placemark>
<Placemark><name>US-3790 Fort Heiman National Battlefield</name><styleUrl>#sff8a5f2b</styleUrl><description><![CDATA[Fort Heiman National Battlefield<br>Calloway County • National / NPS<br><a href="https://next.pota.app/park/US-3790">POTA</a><br><a href="https://www.nps.gov/fodo/planyourvisit/maps.htm">Area Map (official)</a><br><a href="https://www.nps.gov/places/fort-heiman.htm">Website</a><br>Use the official map first. Verify current rules, access and boundaries before activating.]]></description><Point><coordinates>-88.0562,36.5016,0</coordinates></Point></Placemark>
<Placemark><name>US-10098 Green River National Wildlife Refuge</name><styleUrl>#sff8a5f2b</styleUrl><description><![CDATA[Green River National Wildlife Refuge<br>Henderson County • National / NPS<br><a href="https://next.pota.app/park/US-10098">POTA</a><br><a href="https://www.fws.gov/sites/default/files/documents/2024-12/2024-hunt-map-508.pdf">Official Map (official)</a><br><a href="https://www.fws.gov/refuge/green-river/visit-us/locations/green-river-national-wildlife-refuge">Website</a><br>Use the official map first. Verify current rules, access and boundaries before activating.]]></description><Point><coordinates>-87.5281,37.8999,0</coordinates></Point></Placemark>
<Placemark><name>US-4572 Lewis and Clark National Historic Trail</name><styleUrl>#sff8a5f2b</styleUrl><description><![CDATA[Lewis and Clark National Historic Trail<br>Multiple counties • National / NPS<br><a href="https://next.pota.app/park/US-4572">POTA</a><br><a href="https://www.nps.gov/lecl/planyourvisit/maps.htm">Official Map (official)</a><br><a href="https://www.nps.gov/lecl/index.htm">Website</a><br>Use the official map first. Verify current rules, access and boundaries before activating.]]></description><Point><coordinates>-95.9246,41.2646,0</coordinates></Point></Placemark>
<Placemark><name>US-7708 Mill Springs Battlefield National Monument</name><styleUrl>#sff8a5f2b</styleUrl><description><![CDATA[Mill Springs Battlefield National Monument<br>Wayne County • National / NPS<br><a href="https://next.pota.app/park/US-7708">POTA</a><br><a href="https://www.nps.gov/misp/planyourvisit/maps.htm">Official Map (official)</a><br><a href="https://www.nps.gov/misp/index.htm">Website</a><br>Use the official map first. Verify current rules, access and boundaries before activating.]]></description><Point><coordinates>-84.7358,37.069,0</coordinates></Point></Placemark>
<Placemark><name>US-10104 Red River National Wild and Scenic River</name><styleUrl>#sff8a5f2b</styleUrl><description><![CDATA[Red River National Wild and Scenic River<br>Powell / Wolfe Counties • National / NPS<br><a href="https://next.pota.app/park/US-10104">POTA</a><br><a href="https://usfs-public.app.box.com/s/hl7pijwfnyefzcuebgl6yialfsxae9km">Brochure (official)</a><br><a href="https://www.fs.usda.gov/recarea/dbnf/recreation/recarea/?recid=39548">Website</a><br>Possible 2-fer (per agency sources, confirm first): US-3801, US-4484 (part)<br>Use the official map first. Verify current rules, access and boundaries before activating.]]></description><Point><coordinates>-83.5747,37.8195,0</coordinates></Point></Placemark>
<Placemark><name>US-0538 Reelfoot National Wildlife Refuge</name><styleUrl>#sff8a5f2b</styleUrl><description><![CDATA[Reelfoot National Wildlife Refuge<br>Fulton / Obion Counties • National / NPS<br><a href="https://next.pota.app/park/US-0538">POTA</a><br><a href="https://legacy.fws.gov/sites/default/files/documents/RF%20Gen%20Brochure.pdf">Brochure (official)</a><br><a href="https://www.fws.gov/refuge/reelfoot/">Website</a><br>Notes: Extends across KY/TN. Specify activation state in logs; refuge has specific access rules and dates—research carefully.<br>Use the official map first. Verify current rules, access and boundaries before activating.]]></description><Point><coordinates>-89.3529,36.4404,0</coordinates></Point></Placemark>
<Placemark><name>US-10111 Rock Creek National Wild and Scenic River</name><styleUrl>#sff8a5f2b</styleUrl><description><![CDATA[Rock Creek National Wild and Scenic River<br>McCreary County • National / NPS<br><a href="https://next.pota.app/park/US-10111">POTA</a><br><a href="https://eec.ky.gov/Nature-Preserves/Locations/Pages/Rock-Creek-Wild-River.aspx">Website</a><br>Possible 2-fer (per agency sources, confirm first): US-4484<br>Use the official map first. Verify current rules, access and boundaries before activating.]]></description><Point><coordinates>-84.7104,36.6452,0</coordinates></Point></Placemark>
<Placemark><name>US-10105 The Green National Wild and Scenic River</name><styleUrl>#sff8a5f2b</styleUrl><description><![CDATA[The Green National Wild and Scenic River<br>Edmonson / Hart / Green Counties • National / NPS<br><a href="https://next.pota.app/park/US-10105">POTA</a><br><a href="https://eec.ky.gov/Nature-Preserves/Locations/Pages/Green-River-Wild-River.aspx">Website</a><br>Possible 2-fer (per agency sources, confirm first): US-0050<br>Use the official map first. Verify current rules, access and boundaries before activating.]]></description><Point><coordinates>-86.2373,37.2022,0</coordinates></Point></Placemark>
<Placemark><name>US-10106 The Rockcastle National Wild and Scenic River</name><styleUrl>#sff8a5f2b</styleUrl><description><![CDATA[The Rockcastle National Wild and Scenic River<br>Jackson / Rockcastle / Laurel Counties • National / NPS<br><a href="https://next.pota.app/park/US-10106">POTA</a><br><a href="https://eec.ky.gov/Nature-Preserves/Locations/Pages/Rockcastle-River-Wild-River.aspx">Website</a><br>Possible 2-fer (per agency sources, confirm first): US-4484<br>Use the official map first. Verify current rules, access and boundaries before activating.]]></description><Point><coordinates>-84.328,37.0278,0</coordinates></Point></Placemark>
<Placemark><name>US-3791 Trail of Tears National Historic Trail</name><styleUrl>#sff8a5f2b</styleUrl><description><![CDATA[Trail of Tears National Historic Trail<br>Multiple counties • National / NPS<br><a href="https://next.pota.app/park/US-3791">POTA</a><br><a href="https://www.nps.gov/trte/planyourvisit/maps.htm">Official Map (official)</a><br><a href="https://www.nps.gov/trte/index.htm">Website</a><br>Notes: Trail park: activating area must be within 100 ft of trail and on public land; research trail map and imagery.<br>Use the official map first. Verify current rules, access and boundaries before activating.]]></description><Point><coordinates>-87.4701,36.8532,0</coordinates></Point></Placemark>
</Folder>
<Folder><name>National Forest</name>
<Placemark><name>US-4484 Daniel Boone National Forest</name><styleUrl>#sff8a5f2b</styleUrl><description><![CDATA[Daniel Boone National Forest<br>Multiple counties • National Forest<br><a href="https://next.pota.app/park/US-4484">POTA</a><br><a href="https://www.fs.usda.gov/r08/danielboone/maps-guides">Official Map (official)</a><br><a href="https://www.fs.usda.gov/dbnf/">Website</a><br><a href="https://www.fs.usda.gov/dbnf/">Camping</a><br>Possible 2-fer (per agency sources, confirm first): US-3801, US-10104 (part), US-11181, US-10170, US-10171, US-10158, US-10106, US-10159, US-10111, US-10121, US-3794, US-10103, US-10146<br>Use the official map first. Verify current rules, access and boundaries before activating.]]></description><Point><coordinates>-84.0002,37.4168,0</coordinates></Point></Placemark>
<Placemark><name>US-4526 George Washington &amp; Jefferson National Forest</name><styleUrl>#sff8a5f2b</styleUrl><description><![CDATA[George Washington &amp; Jefferson National Forest<br>Multiple counties • National Forest<br><a href="https://next.pota.app/park/US-4526">POTA</a><br><a href="https://www.fs.usda.gov/gwj">Website</a><br>Use the official map first. Verify current rules, access and boundaries before activating.]]></description><Point><coordinates>-79.6509,38.1056,0</coordinates></Point></Placemark>
</Folder>
<Folder><name>National Park</name>
<Placemark><name>US-0050 Mammoth Cave National Park</name><styleUrl>#sff8a5f2b</styleUrl><description><![CDATA[Mammoth Cave National Park<br>Edmonson County • National Park<br><a href="https://next.pota.app/park/US-0050">POTA</a><br><a href="https://www.nps.gov/maca/planyourvisit/maps.htm">Official Map (official)</a><br><a href="https://www.nps.gov/maca/index.htm">Website</a><br><a href="https://home.nps.gov/maca/planyourvisit/camping.htm">Camping</a><br>Utilities: Frontcountry + backcountry; campground utilities vary<br>Notes: Visitor center is near the middle of the park.<br>Possible 2-fer (per agency sources, confirm first): US-10105<br>Use the official map first. Verify current rules, access and boundaries before activating.]]></description><Point><coordinates>-86.1012,37.1877,0</coordinates></Point></Placemark>
</Folder>
<Folder><name>National Recreation Area</name>
<Placemark><name>US-0686 Big South Fork National Recreation Area</name><styleUrl>#sff8a5f2b</styleUrl><description><![CDATA[Big South Fork National Recreation Area<br>McCreary / Scott Counties • National Recreation Area<br><a href="https://next.pota.app/park/US-0686">POTA</a><br><a href="https://www.nps.gov/biso/planyourvisit/maps.htm">Official Map (official)</a><br><a href="https://www.nps.gov/biso/index.htm">Website</a><br><a href="https://home.nps.gov/biso/planyourvisit/campgrounds.htm">Camping</a><br>Utilities: Multiple campgrounds; amenities vary<br>Possible 2-fer (per agency sources, confirm first): US-10107<br>Use the official map first. Verify current rules, access and boundaries before activating.]]></description><Point><coordinates>-84.6971,36.4884,0</coordinates></Point></Placemark>
<Placemark><name>US-3792 Land Between the Lakes National Recreation Area</name><styleUrl>#sff8a5f2b</styleUrl><description><![CDATA[Land Between the Lakes National Recreation Area<br>Lyon / Trigg / Marshall / Livingston / Calloway Counties • National Recreation Area<br><a href="https://next.pota.app/park/US-3792">POTA</a><br><a href="https://www.landbetweenthelakes.us/help-center/lbl-maps/">Official Map (official)</a><br><a href="https://landbetweenthelakes.us/">Website</a><br><a href="https://landbetweenthelakes.us/">Camping</a><br>Notes: Large recreation area with many locations and tracts.<br>Use the official map first. Verify current rules, access and boundaries before activating.]]></description><Point><coordinates>-88.0631,36.7778,0</coordinates></Point></Placemark>
</Folder>
<Folder><name>Nature Preserve</name>
<Placemark><name>US-7966 Bad Branch State Nature Preserve</name><styleUrl>#sff69b07f</styleUrl><description><![CDATA[Bad Branch State Nature Preserve<br>Harlan County • Nature Preserve<br><a href="https://next.pota.app/park/US-7966">POTA</a><br><a href="https://eec.ky.gov/Nature-Preserves/Brochures/BadBranchbrochure_bw.pdf">Brochure (official)</a><br><a href="https://eec.ky.gov/Nature-Preserves/Locations/Pages/Bad-Branch.aspx">Website</a><br>Use the official map first. Verify current rules, access and boundaries before activating.]]></description><Point><coordinates>-82.7719,37.0676,0</coordinates></Point></Placemark>
<Placemark><name>US-12971 Bat Cave State Nature Preserve</name><styleUrl>#sff69b07f</styleUrl><description><![CDATA[Bat Cave State Nature Preserve<br>Carter County • Nature Preserve<br><a href="https://next.pota.app/park/US-12971">POTA</a><br><a href="https://eec.ky.gov/Nature-Preserves/Locations/Pages/Carter-Caves.aspx">Website</a><br>Notes: Caves closed to public Oct–May for bat hibernation; preserve lies within Carter Caves State Park.<br>Possible 2-fer (per agency sources, confirm first): US-1276<br>Use the official map first. Verify current rules, access and boundaries before activating.]]></description><Point><coordinates>-83.1339,38.3781,0</coordinates></Point></Placemark>
<Placemark><name>US-7956 Beargrass Creek State Nature Preserve</name><styleUrl>#sff69b07f</styleUrl><description><![CDATA[Beargrass Creek State Nature Preserve<br>Jefferson County • Nature Preserve<br><a href="https://next.pota.app/park/US-7956">POTA</a><br><a href="https://eec.ky.gov/Nature-Preserves/Locations/Pages/Beargrass-Creek.aspx">Website</a><br>Use the official map first. Verify current rules, access and boundaries before activating.]]></description><Point><coordinates>-85.7106,38.2108,0</coordinates></Point></Placemark>
<Placemark><name>US-7954 Blackacre State Nature Preserve</name><styleUrl>#sff69b07f</styleUrl><description><![CDATA[Blackacre State Nature Preserve<br>Jefferson County • Nature Preserve<br><a href="https://next.pota.app/park/US-7954">POTA</a><br><a href="https://eec.ky.gov/Nature-Preserves/Locations/Pages/Blackacre.aspx">Website</a><br>Use the official map first. Verify current rules, access and boundaries before activating.]]></description><Point><coordinates>-85.5242,38.1934,0</coordinates></Point></Placemark>
<Placemark><name>US-7967 Blanton Forest State Nature Preserve</name><styleUrl>#sff69b07f</styleUrl><description><![CDATA[Blanton Forest State Nature Preserve<br>Harlan County • Nature Preserve<br><a href="https://next.pota.app/park/US-7967">POTA</a><br><a href="https://eec.ky.gov/Nature-Preserves/Brochures/BlantonForestbrochure_color.pdf">Brochure (official)</a><br><a href="https://eec.ky.gov/Nature-Preserves/Locations/Pages/Blanton-Forest.aspx">Website</a><br>Use the official map first. Verify current rules, access and boundaries before activating.]]></description><Point><coordinates>-83.3821,36.8592,0</coordinates></Point></Placemark>
<Placemark><name>US-7965 Brigadoon State Nature Preserve</name><styleUrl>#sff69b07f</styleUrl><description><![CDATA[Brigadoon State Nature Preserve<br>Barren County • Nature Preserve<br><a href="https://next.pota.app/park/US-7965">POTA</a><br><a href="https://eec.ky.gov/Nature-Preserves/Brochures/BrigadoonBrochure_bw.pdf">Brochure (official)</a><br><a href="https://eec.ky.gov/Nature-Preserves/Locations/Pages/Brigadoon.aspx">Website</a><br>Use the official map first. Verify current rules, access and boundaries before activating.]]></description><Point><coordinates>-85.9811,36.8978,0</coordinates></Point></Placemark>
<Placemark><name>US-12972 Cascade Caverns State Nature Preserve</name><styleUrl>#sff69b07f</styleUrl><description><![CDATA[Cascade Caverns State Nature Preserve<br>Carter County • Nature Preserve<br><a href="https://next.pota.app/park/US-12972">POTA</a><br><a href="https://opengisdata.ky.gov/datasets/ky-knp-state-nature-preserves/explore?location=38.354945%2C-83.108279%2C14.97">Website</a><br>Notes: Parking lot itself is outside preserve boundary; pull-off south of lot is within preserve.<br>Possible 2-fer (per agency sources, confirm first): US-1276<br>Use the official map first. Verify current rules, access and boundaries before activating.]]></description><Point><coordinates>-83.1126,38.3566,0</coordinates></Point></Placemark>
<Placemark><name>US-7960 Crooked Creek State Nature Preserve</name><styleUrl>#sff69b07f</styleUrl><description><![CDATA[Crooked Creek State Nature Preserve<br>Bracken County • Nature Preserve<br><a href="https://next.pota.app/park/US-7960">POTA</a><br><a href="https://eec.ky.gov/Nature-Preserves/Locations/Pages/Crooked-Creek.aspx">Website</a><br>Use the official map first. Verify current rules, access and boundaries before activating.]]></description><Point><coordinates>-83.5723,38.6411,0</coordinates></Point></Placemark>
<Placemark><name>US-7968 E. Lucy Braun State Nature Preserve</name><styleUrl>#sff69b07f</styleUrl><description><![CDATA[E. Lucy Braun State Nature Preserve<br>Harlan County • Nature Preserve<br><a href="https://next.pota.app/park/US-7968">POTA</a><br><a href="https://eec.ky.gov/Nature-Preserves/Locations/Pages/E.-Lucy-Braun.aspx">Website</a><br>Use the official map first. Verify current rules, access and boundaries before activating.]]></description><Point><coordinates>-83.1094,36.9649,0</coordinates></Point></Placemark>
<Placemark><name>US-12752 Green River State Natural Area</name><styleUrl>#sff69b07f</styleUrl><description><![CDATA[Green River State Natural Area<br>Hart County • Nature Preserve<br><a href="https://next.pota.app/park/US-12752">POTA</a><br><a href="https://eec.ky.gov/Nature-Preserves/Locations/Pages/Rush-Island-Bottoms.aspx">Website</a><br>Use the official map first. Verify current rules, access and boundaries before activating.]]></description><Point><coordinates>-85.9104,37.2603,0</coordinates></Point></Placemark>
<Placemark><name>US-7957 Hall-Hill/Vernon-Douglas State Nature Preserve</name><styleUrl>#sff69b07f</styleUrl><description><![CDATA[Hall-Hill/Vernon-Douglas State Nature Preserve<br>Hardin County • Nature Preserve<br><a href="https://next.pota.app/park/US-7957">POTA</a><br><a href="https://eec.ky.gov/Nature-Preserves/Brochures/VernonDouglasBrochure_bw.pdf">Brochure (official)</a><br><a href="https://eec.ky.gov/Nature-Preserves/Locations/Pages/Vernon-Douglas.aspx">Website</a><br>Use the official map first. Verify current rules, access and boundaries before activating.]]></description><Point><coordinates>-85.7078,37.7333,0</coordinates></Point></Placemark>
<Placemark><name>US-7961 Jesse Stuart State Nature Preserve</name><styleUrl>#sff69b07f</styleUrl><description><![CDATA[Jesse Stuart State Nature Preserve<br>Greenup County • Nature Preserve<br><a href="https://next.pota.app/park/US-7961">POTA</a><br><a href="https://eec.ky.gov/Nature-Preserves/Locations/Pages/Jesse-Stuart.aspx">Website</a><br>Use the official map first. Verify current rules, access and boundaries before activating.]]></description><Point><coordinates>-82.8415,38.547,0</coordinates></Point></Placemark>
<Placemark><name>US-7958 Kentucky River Palisades/Tom Dorman State Nature Preserve</name><styleUrl>#sff69b07f</styleUrl><description><![CDATA[Kentucky River Palisades/Tom Dorman State Nature Preserve<br>Madison County • Nature Preserve<br><a href="https://next.pota.app/park/US-7958">POTA</a><br><a href="https://eec.ky.gov/Nature-Preserves/Brochures/TomDormanBrochure_bw.pdf">Brochure (official)</a><br><a href="https://eec.ky.gov/Nature-Preserves/Locations/Pages/Tom-Dorman.aspx">Website</a><br>Use the official map first. Verify current rules, access and boundaries before activating.]]></description><Point><coordinates>-84.6172,37.7625,0</coordinates></Point></Placemark>
<Placemark><name>US-7962 Little South Fork State Natural Area</name><styleUrl>#sff69b07f</styleUrl><description><![CDATA[Little South Fork State Natural Area<br>McCreary County • Nature Preserve<br><a href="https://next.pota.app/park/US-7962">POTA</a><br><a href="https://eec.ky.gov/Nature-Preserves/Locations/Pages/Burnett-WWCA.aspx">Website</a><br>Use the official map first. Verify current rules, access and boundaries before activating.]]></description><Point><coordinates>-84.7149,36.6981,0</coordinates></Point></Placemark>
<Placemark><name>US-7953 Metropolis Lake State Nature Preserve</name><styleUrl>#sff69b07f</styleUrl><description><![CDATA[Metropolis Lake State Nature Preserve<br>McCracken County • Nature Preserve<br><a href="https://next.pota.app/park/US-7953">POTA</a><br><a href="https://eec.ky.gov/Nature-Preserves/Brochures/MetropolisLakeBrochure_bw.pdf">Brochure (official)</a><br><a href="https://eec.ky.gov/Nature-Preserves/Locations/Pages/Metropolis-Lake.aspx">Website</a><br>Use the official map first. Verify current rules, access and boundaries before activating.]]></description><Point><coordinates>-88.7651,37.1464,0</coordinates></Point></Placemark>
<Placemark><name>US-7963 Pilot Knob State Nature Preserve</name><styleUrl>#sff69b07f</styleUrl><description><![CDATA[Pilot Knob State Nature Preserve<br>Powell County • Nature Preserve<br><a href="https://next.pota.app/park/US-7963">POTA</a><br><a href="https://eec.ky.gov/Nature-Preserves/Brochures/PilotKnobBrochure_bw.pdf">Brochure (official)</a><br><a href="https://eec.ky.gov/Nature-Preserves/Locations/Pages/Pilot-Knob.aspx">Website</a><br>Use the official map first. Verify current rules, access and boundaries before activating.]]></description><Point><coordinates>-83.945,37.9121,0</coordinates></Point></Placemark>
<Placemark><name>US-7959 Quiet Trails State Nature Preserve</name><styleUrl>#sff69b07f</styleUrl><description><![CDATA[Quiet Trails State Nature Preserve<br>Owen County • Nature Preserve<br><a href="https://next.pota.app/park/US-7959">POTA</a><br><a href="https://eec.ky.gov/Nature-Preserves/Brochures/QuietTrailsBrochure_bw.pdf">Brochure (official)</a><br><a href="https://eec.ky.gov/Nature-Preserves/Locations/Pages/Quiet-Trails.aspx">Website</a><br>Use the official map first. Verify current rules, access and boundaries before activating.]]></description><Point><coordinates>-84.2273,38.5571,0</coordinates></Point></Placemark>
<Placemark><name>US-7970 Sinking Creek State Natural Area</name><styleUrl>#sff69b07f</styleUrl><description><![CDATA[Sinking Creek State Natural Area<br>Laurel County • Nature Preserve<br><a href="https://next.pota.app/park/US-7970">POTA</a><br><a href="https://eec.ky.gov/Nature-Preserves/Locations/Pages/Sinking-Creek.aspx">Website</a><br>Use the official map first. Verify current rules, access and boundaries before activating.]]></description><Point><coordinates>-84.2339,37.1052,0</coordinates></Point></Placemark>
<Placemark><name>US-7955 Six Mile Island State Nature Preserve</name><styleUrl>#sff69b07f</styleUrl><description><![CDATA[Six Mile Island State Nature Preserve<br>Jefferson County • Nature Preserve<br><a href="https://next.pota.app/park/US-7955">POTA</a><br><a href="https://eec.ky.gov/Nature-Preserves/Locations/Pages/Six-Mile-Island.aspx">Website</a><br>Use the official map first. Verify current rules, access and boundaries before activating.]]></description><Point><coordinates>-85.666,38.3105,0</coordinates></Point></Placemark>
<Placemark><name>US-7964 William H. Martin State Natural Area</name><styleUrl>#sff69b07f</styleUrl><description><![CDATA[William H. Martin State Natural Area<br>McCreary County • Nature Preserve<br><a href="https://next.pota.app/park/US-7964">POTA</a><br><a href="https://eec.ky.gov/Nature-Preserves/Locations/Pages/Dr.-William-H.-Martin-WWCA.aspx">Website</a><br>Use the official map first. Verify current rules, access and boundaries before activating.]]></description><Point><coordinates>-84.3349,37.0352,0</coordinates></Point></Placemark>
</Folder>
<Folder><name>Other</name>
<Placemark><name>US-3779 Big Bone Lick State Historic Site</name><styleUrl>#sff2b45b5</styleUrl><description><![CDATA[Big Bone Lick State Historic Site<br>Boone County • Other<br><a href="https://next.pota.app/park/US-3779">POTA</a><br><a href="https://parks.ky.gov/union/parks/historic/big-bone-lick-state-historic-site">Website</a><br><a href="https://parks.ky.gov/things-to-do/lodging/reserve-a-campground">Camping</a><br>Use the official map first. Verify current rules, access and boundaries before activating.]]></description><Point><coordinates>-84.7478,38.8869,0</coordinates></Point></Placemark>
<Placemark><name>US-3782 Dr. Thomas Walker State Historic Site</name><styleUrl>#sff2b45b5</styleUrl><description><![CDATA[Dr. Thomas Walker State Historic Site<br>Knox County • Other<br><a href="https://next.pota.app/park/US-3782">POTA</a><br><a href="https://parks.ky.gov/barbourville/parks/historic/dr-thomas-walker-state-historic-site">Website</a><br>Use the official map first. Verify current rules, access and boundaries before activating.]]></description><Point><coordinates>-83.9189,36.8397,0</coordinates></Point></Placemark>
<Placemark><name>US-7890 Isaac Shelby Cemetery State Historic Site</name><styleUrl>#sff2b45b5</styleUrl><description><![CDATA[Isaac Shelby Cemetery State Historic Site<br>Lincoln County • Other<br><a href="https://next.pota.app/park/US-7890">POTA</a><br><a href="https://pota.app/#/map?entityName=United+States+of+America&amp;lat=37.5701&amp;lng=-84.7793&amp;locationDesc=US-KY&amp;name=Isaac+Shelby+Cemetery+State+Historic+Site&amp;reference=US-7890&amp;zoom=12">POTA map</a><br>Use the official map first. Verify current rules, access and boundaries before activating.]]></description><Point><coordinates>-84.7793,37.5701,0</coordinates></Point></Placemark>
<Placemark><name>US-3783 Jefferson Davis State Historic Site</name><styleUrl>#sff2b45b5</styleUrl><description><![CDATA[Jefferson Davis State Historic Site<br>Todd County • Other<br><a href="https://next.pota.app/park/US-3783">POTA</a><br><a href="https://parks.ky.gov/fairview/parks/historic/jefferson-davis-state-historic-site">Website</a><br>Use the official map first. Verify current rules, access and boundaries before activating.]]></description><Point><coordinates>-87.3001,36.8418,0</coordinates></Point></Placemark>
<Placemark><name>US-3784 Old Mulkey Meetinghouse State Historic Site</name><styleUrl>#sff2b45b5</styleUrl><description><![CDATA[Old Mulkey Meetinghouse State Historic Site<br>Monroe County • Other<br><a href="https://next.pota.app/park/US-3784">POTA</a><br><a href="https://parks.ky.gov/tompkinsville/parks/historic/old-mulkey-meetinghouse-state-historic-site">Website</a><br>Use the official map first. Verify current rules, access and boundaries before activating.]]></description><Point><coordinates>-85.7069,36.6778,0</coordinates></Point></Placemark>
<Placemark><name>US-3785 Perryville Battlefield State Historic Site</name><styleUrl>#sff2b45b5</styleUrl><description><![CDATA[Perryville Battlefield State Historic Site<br>Boyle County • Other<br><a href="https://next.pota.app/park/US-3785">POTA</a><br><a href="https://parks.ky.gov/perryville/parks/historic/perryville-battlefield-state-historic-site">Website</a><br>Use the official map first. Verify current rules, access and boundaries before activating.]]></description><Point><coordinates>-84.9702,37.6757,0</coordinates></Point></Placemark>
<Placemark><name>US-10172 Salato Wildlife Refuge</name><styleUrl>#sff2b45b5</styleUrl><description><![CDATA[Salato Wildlife Refuge<br>Franklin County • Other<br><a href="https://next.pota.app/park/US-10172">POTA</a><br><a href="https://fw.ky.gov/Education/Documents/salatotrailmap.pdf">Official Map (official)</a><br><a href="https://fw.ky.gov/Education/Pages/Salato-Wildlife-Education-Center.aspx">Website</a><br>Use the official map first. Verify current rules, access and boundaries before activating.]]></description><Point><coordinates>-84.9231,38.1777,0</coordinates></Point></Placemark>
<Placemark><name>US-3786 Waveland State Historic Site</name><styleUrl>#sff2b45b5</styleUrl><description><![CDATA[Waveland State Historic Site<br>Fayette County • Other<br><a href="https://next.pota.app/park/US-3786">POTA</a><br><a href="https://parks.ky.gov/lexington/parks/historic/waveland-state-historic-site">Website</a><br>Use the official map first. Verify current rules, access and boundaries before activating.]]></description><Point><coordinates>-84.5373,37.9715,0</coordinates></Point></Placemark>
<Placemark><name>US-3787 White Hall State Historic Site</name><styleUrl>#sff2b45b5</styleUrl><description><![CDATA[White Hall State Historic Site<br>Madison County • Other<br><a href="https://next.pota.app/park/US-3787">POTA</a><br><a href="https://whitehall.eku.edu">Website</a><br>Use the official map first. Verify current rules, access and boundaries before activating.]]></description><Point><coordinates>-84.3527,37.8332,0</coordinates></Point></Placemark>
<Placemark><name>US-3788 Wickliffe Mounds State Historic Site</name><styleUrl>#sff2b45b5</styleUrl><description><![CDATA[Wickliffe Mounds State Historic Site<br>Ballard County • Other<br><a href="https://next.pota.app/park/US-3788">POTA</a><br><a href="https://parks.ky.gov/wickliffe/parks/historic/wickliffe-mounds-state-historic-site">Website</a><br>Use the official map first. Verify current rules, access and boundaries before activating.]]></description><Point><coordinates>-89.093,36.9703,0</coordinates></Point></Placemark>
<Placemark><name>US-3789 William Whitley House State Historic Site</name><styleUrl>#sff2b45b5</styleUrl><description><![CDATA[William Whitley House State Historic Site<br>Lincoln County • Other<br><a href="https://next.pota.app/park/US-3789">POTA</a><br><a href="https://explorekyhistory.ky.gov/files/show/236">Website</a><br>Use the official map first. Verify current rules, access and boundaries before activating.]]></description><Point><coordinates>-84.5493,37.4681,0</coordinates></Point></Placemark>
</Folder>
<Folder><name>Recreation Area</name>
<Placemark><name>US-8144 Otter Creek State Recreation Area</name><styleUrl>#sff2b45b5</styleUrl><description><![CDATA[Otter Creek State Recreation Area<br>Meade County • Recreation Area<br><a href="https://next.pota.app/park/US-8144">POTA</a><br><a href="https://fw.ky.gov/Documents/Otter_Creek_Brochure_Map.pdf">Official Map (official)</a><br><a href="https://fw.ky.gov/Pages/Otter-Creek-Outdoor-Recreation-Area.aspx">Website</a><br><a href="https://fw.ky.gov/Pages/Otter-Creek-Outdoor-Recreation-Area.aspx">Camping</a><br>Use the official map first. Verify current rules, access and boundaries before activating.]]></description><Point><coordinates>-86.0523,37.9584,0</coordinates></Point></Placemark>
</Folder>
<Folder><name>River / Wilderness</name>
<Placemark><name>US-3801 Clifty Wilderness Area</name><styleUrl>#sff2b45b5</styleUrl><description><![CDATA[Clifty Wilderness Area<br>Powell County • River / Wilderness<br><a href="https://next.pota.app/park/US-3801">POTA</a><br><a href="https://www.fs.usda.gov/r08/danielboone/maps-guides">Area Map (official)</a><br><a href="https://www.fs.usda.gov/recarea/dbnf/recarea/?recid=39460">Website</a><br>Possible 2-fer (per agency sources, confirm first): US-10104, US-4484<br>Use the official map first. Verify current rules, access and boundaries before activating.]]></description><Point><coordinates>-83.5663,37.8235,0</coordinates></Point></Placemark>
<Placemark><name>US-10103 The Cumberland River Wilderness Area</name><styleUrl>#sff2b45b5</styleUrl><description><![CDATA[The Cumberland River Wilderness Area<br>McCreary / Whitley Counties • River / Wilderness<br><a href="https://next.pota.app/park/US-10103">POTA</a><br><a href="https://fw.ky.gov/Education/Documents/bluewatertrailcumberlandriver-1.pdf">Area Map (official)</a><br><a href="https://eec.ky.gov/Nature-Preserves/Locations/Pages/Cumberland-River-Wild-River.aspx">Website</a><br>Possible 2-fer (per agency sources, confirm first): US-4484<br>Use the official map first. Verify current rules, access and boundaries before activating.]]></description><Point><coordinates>-84.2207,36.7634,0</coordinates></Point></Placemark>
</Folder>
<Folder><name>Sanctuary</name>
<Placemark><name>US-3802 Clyde E Buckley Sanctuary</name><styleUrl>#sff2b45b5</styleUrl><description><![CDATA[Clyde E Buckley Sanctuary<br>Scott County • Sanctuary<br><a href="https://next.pota.app/park/US-3802">POTA</a><br><a href="https://bggreensource.org/wp-content/uploads/2025/01/1_Full_Sanctuary_All_Trails_50_foot_Contours.pdf-compressed_1.pdf">Official Map (official)</a><br><a href="https://bggreensource.org/buckley/">Website</a><br>Use the official map first. Verify current rules, access and boundaries before activating.]]></description><Point><coordinates>-84.8549,38.1355,0</coordinates></Point></Placemark>
</Folder>
<Folder><name>State Facility</name>
<Placemark><name>US-10173 Kentucky Horse Park</name><styleUrl>#sff2b45b5</styleUrl><description><![CDATA[Kentucky Horse Park<br>Fayette County • State Facility<br><a href="https://next.pota.app/park/US-10173">POTA</a><br><a href="https://kyhorsepark.com/wp-content/uploads/2024/06/Large-KHP-Campus-map-layout.pdf">Official Map (official)</a><br><a href="https://www.kyhorsepark.com/">Website</a><br>Use the official map first. Verify current rules, access and boundaries before activating.]]></description><Point><coordinates>-84.5199,38.1498,0</coordinates></Point></Placemark>
</Folder>
<Folder><name>State Forest</name>
<Placemark><name>US-7951 Green River State Forest</name><styleUrl>#sff2b5a8b</styleUrl><description><![CDATA[Green River State Forest<br>Henderson County • State Forest<br><a href="https://next.pota.app/park/US-7951">POTA</a><br><a href="https://eec.ky.gov/Natural-Resources/Forestry/ky-state-forests/Pages/Green-River-State-Forest.aspx">Website</a><br>Use the official map first. Verify current rules, access and boundaries before activating.]]></description><Point><coordinates>-87.4768,37.8761,0</coordinates></Point></Placemark>
<Placemark><name>US-4688 Kentenia State Forest</name><styleUrl>#sff2b5a8b</styleUrl><description><![CDATA[Kentenia State Forest<br>Harlan County • State Forest<br><a href="https://next.pota.app/park/US-4688">POTA</a><br><a href="https://eec.ky.gov/Natural-Resources/Forestry/Documents/KenteniaStateForest_ALL.pdf">Official Map (official)</a><br><a href="https://eec.ky.gov/Natural-Resources/Forestry/ky-state-forests/Pages/Kentenia-State-Forest.aspx">Website</a><br>Use the official map first. Verify current rules, access and boundaries before activating.]]></description><Point><coordinates>-83.2158,36.9243,0</coordinates></Point></Placemark>
<Placemark><name>US-4689 Kentucky Ridge State Forest</name><styleUrl>#sff2b5a8b</styleUrl><description><![CDATA[Kentucky Ridge State Forest<br>Bell County • State Forest<br><a href="https://next.pota.app/park/US-4689">POTA</a><br><a href="https://eec.ky.gov/Natural-Resources/Forestry/Documents/KentuckyRidgeStateForest_ALL.pdf">Official Map (official)</a><br><a href="https://eec.ky.gov/Natural-Resources/Forestry/ky-state-forests/Pages/Kentucky-Ridge-State-Forest.aspx">Website</a><br>Use the official map first. Verify current rules, access and boundaries before activating.]]></description><Point><coordinates>-83.8208,36.6811,0</coordinates></Point></Placemark>
<Placemark><name>US-4690 Knobs State Forest</name><styleUrl>#sff2b5a8b</styleUrl><description><![CDATA[Knobs State Forest<br>Nelson County • State Forest<br><a href="https://next.pota.app/park/US-4690">POTA</a><br><a href="https://fw.ky.gov/More/Documents/KnobsStateForestandWMA_All.pdf">Official Map (official)</a><br><a href="https://eec.ky.gov/Natural-Resources/Forestry/ky-state-forests/Pages/Knobs-State-Forest-and-Wildlife-Management-Area.aspx">Website</a><br>Use the official map first. Verify current rules, access and boundaries before activating.]]></description><Point><coordinates>-85.7004,37.8705,0</coordinates></Point></Placemark>
<Placemark><name>US-7952 Marrowbone State Forest</name><styleUrl>#sff2b5a8b</styleUrl><description><![CDATA[Marrowbone State Forest<br>Cumberland County • State Forest<br><a href="https://next.pota.app/park/US-7952">POTA</a><br><a href="https://fw.ky.gov/More/Documents/MarrowboneStateForestandWMA_ALL.pdf">Official Map (official)</a><br><a href="https://fw.ky.gov/More/Documents/MarrowboneStateForestandWMA_ALL.pdf">Website</a><br>Use the official map first. Verify current rules, access and boundaries before activating.]]></description><Point><coordinates>-85.6211,36.8642,0</coordinates></Point></Placemark>
<Placemark><name>US-4692 Pennyrile State Forest</name><styleUrl>#sff2b5a8b</styleUrl><description><![CDATA[Pennyrile State Forest<br>Christian / Muhlenberg Counties • State Forest<br><a href="https://next.pota.app/park/US-4692">POTA</a><br><a href="https://eec.ky.gov/Natural-Resources/Forestry/Documents/PennyrileStateForestandTradewaterWMA_ALL.pdf">Official Map (official)</a><br><a href="https://eec.ky.gov/Natural-Resources/Forestry/ky-state-forests/Pages/Pennyrile-State-Forest.aspx">Website</a><br>Possible 2-fer (per agency sources, confirm first): US-1287<br>Use the official map first. Verify current rules, access and boundaries before activating.]]></description><Point><coordinates>-87.67,37.0723,0</coordinates></Point></Placemark>
<Placemark><name>US-4693 Tygarts State Forest</name><styleUrl>#sff2b5a8b</styleUrl><description><![CDATA[Tygarts State Forest<br>Carter County • State Forest<br><a href="https://next.pota.app/park/US-4693">POTA</a><br><a href="https://eec.ky.gov/Natural-Resources/Forestry/Documents/TygartsStateForest_ALL.pdf">Official Map (official)</a><br><a href="https://eec.ky.gov/Natural-Resources/Forestry/ky-state-forests/Pages/Tygarts-State-Forest.aspx">Website</a><br>Use the official map first. Verify current rules, access and boundaries before activating.]]></description><Point><coordinates>-83.1488,38.3848,0</coordinates></Point></Placemark>
</Folder>
<Folder><name>State Park</name>
<Placemark><name>US-1273 Barren River Lake State Park</name><styleUrl>#sff20a8e9</styleUrl><description><![CDATA[Barren River Lake State Park<br>Barren County • State Park<br><a href="https://next.pota.app/park/US-1273">POTA</a><br><a href="https://fw.ky.gov/More/Documents/barren_river_lake_all.pdf">Area Map (official)</a><br><a href="https://parks.ky.gov/lucas/parks/resort/barren-river-lake-state-resort-park">Website</a><br><a href="https://parks.ky.gov/parks/find-a-park/barren-river-lake-campground-7834">Camping</a><br><a href="https://parks.ky.gov/lucas/parks/resort/barren-river-lake-state-resort-park">Resort</a><br><a href="https://parks.ky.gov/lucas/parks/resort/barren-river-lake-state-resort-park">Cabins</a><br>Utilities: Utility hookups<br>Use the official map first. Verify current rules, access and boundaries before activating.]]></description><Point><coordinates>-86.0559,36.8557,0</coordinates></Point></Placemark>
<Placemark><name>US-1274 Blue Licks Battlefield State Park</name><styleUrl>#sff20a8e9</styleUrl><description><![CDATA[Blue Licks Battlefield State Park<br>Nicholas County • State Park<br><a href="https://next.pota.app/park/US-1274">POTA</a><br><a href="https://parks.ky.gov/carlisle/parks/historic/blue-licks-battlefield-state-resort-park">Website</a><br><a href="https://parks.ky.gov/parks/camping">Camping</a><br><a href="https://parks.ky.gov/carlisle/parks/historic/blue-licks-battlefield-state-resort-park">Resort</a><br><a href="https://parks.ky.gov/carlisle/parks/historic/blue-licks-battlefield-state-resort-park">Cabins</a><br>Utilities: See campground information<br>Notes: Do not set up on the Battlefield area; use designated nearby parking/activation areas.<br>Use the official map first. Verify current rules, access and boundaries before activating.]]></description><Point><coordinates>-83.992,38.4292,0</coordinates></Point></Placemark>
<Placemark><name>US-3781 Breaks Interstate State Park</name><styleUrl>#sff20a8e9</styleUrl><description><![CDATA[Breaks Interstate State Park<br>Pike County • State Park<br><a href="https://next.pota.app/park/US-3781">POTA</a><br><a href="https://www.breakspark.com/parkmap">Official Map (official)</a><br><a href="https://www.breakspark.com/">Website</a><br>Use the official map first. Verify current rules, access and boundaries before activating.]]></description><Point><coordinates>-82.3121,37.3026,0</coordinates></Point></Placemark>
<Placemark><name>US-1275 Buckhorn Lake State Park</name><styleUrl>#sff20a8e9</styleUrl><description><![CDATA[Buckhorn Lake State Park<br>Perry County • State Park<br><a href="https://next.pota.app/park/US-1275">POTA</a><br><a href="https://fw.ky.gov/More/Documents/BuckhornLakeWMA_ALL.pdf">Area Map (official)</a><br><a href="https://pota.app/#/map?entityName=United+States+of+America&amp;lat=37.3062&amp;lng=-83.4461&amp;locationDesc=US-KY&amp;name=Buckhorn+Lake+State+Park&amp;reference=US-1275&amp;zoom=12">POTA map</a><br><a href="https://parks.ky.gov/parks/camping">Camping</a><br><a href="https://parks.ky.gov/parks/resorts">Resort</a><br><a href="https://parks.ky.gov/things-to-do/lodging/cottage-and-cabin-rentals">Cabins</a><br>Utilities: See campground information<br>Use the official map first. Verify current rules, access and boundaries before activating.]]></description><Point><coordinates>-83.4461,37.3062,0</coordinates></Point></Placemark>
<Placemark><name>US-1251 Carr Creek State Park</name><styleUrl>#sff20a8e9</styleUrl><description><![CDATA[Carr Creek State Park<br>Knott County • State Park<br><a href="https://next.pota.app/park/US-1251">POTA</a><br><a href="https://fw.ky.gov/More/Documents/carrcreeklakewma_all.pdf">Area Map (official)</a><br><a href="https://pota.app/#/map?entityName=United+States+of+America&amp;lat=37.2328&amp;lng=-83.0012&amp;locationDesc=US-KY&amp;name=Carr+Creek+State+Park&amp;reference=US-1251&amp;zoom=12">POTA map</a><br><a href="https://parks.ky.gov/explore/carr-creek-campground-7869">Camping</a><br>Utilities: Utility hookups<br>Use the official map first. Verify current rules, access and boundaries before activating.]]></description><Point><coordinates>-83.0012,37.2328,0</coordinates></Point></Placemark>
<Placemark><name>US-1276 Carter Caves State Park</name><styleUrl>#sff20a8e9</styleUrl><description><![CDATA[Carter Caves State Park<br>Carter County • State Park<br><a href="https://next.pota.app/park/US-1276">POTA</a><br><a href="https://Eec.ky.gov/Natural-Resources/Forestry/Documents/TygartsStateForest_ALL.pdf">Area Map (official)</a><br><a href="https://parks.ky.gov/olive-hill/parks/resort/carter-caves-state-resort-park">Website</a><br><a href="https://parks.ky.gov/parks/camping">Camping</a><br><a href="https://parks.ky.gov/olive-hill/parks/resort/carter-caves-state-resort-park">Resort</a><br><a href="https://parks.ky.gov/olive-hill/parks/resort/carter-caves-state-resort-park">Cabins</a><br>Utilities: See campground information<br>Notes: User supplied a topographic/trails map and GIS boundary link.<br>Possible 2-fer (per agency sources, confirm first): US-12971, US-12972<br>Use the official map first. Verify current rules, access and boundaries before activating.]]></description><Point><coordinates>-83.1274,38.373,0</coordinates></Point></Placemark>
<Placemark><name>US-1252 Columbus Belmont State Park</name><styleUrl>#sff20a8e9</styleUrl><description><![CDATA[Columbus Belmont State Park<br>Hickman County • State Park<br><a href="https://next.pota.app/park/US-1252">POTA</a><br><a href="https://parks.ky.gov/columbus/parks/historic/columbus-belmont-state-park">Website</a><br><a href="https://parks.ky.gov/explore/columbus-belmont-state-park-7809">Camping</a><br><a href="https://parks.ky.gov/columbus/parks/historic/columbus-belmont-state-park">Cabins</a><br>Utilities: Utility hookups; water may be unavailable at individual sites in winter<br>Use the official map first. Verify current rules, access and boundaries before activating.]]></description><Point><coordinates>-89.1109,36.7657,0</coordinates></Point></Placemark>
<Placemark><name>US-1277 Cumberland Falls State Park</name><styleUrl>#sff20a8e9</styleUrl><description><![CDATA[Cumberland Falls State Park<br>McCreary County • State Park<br><a href="https://next.pota.app/park/US-1277">POTA</a><br><a href="https://parks.ky.gov/parks/find-a-park/cumberland-falls-state-resort-park-7786">Official Map (official)</a><br><a href="https://parks.ky.gov/corbin/parks/resort/cumberland-falls-state-resort-park">Website</a><br><a href="https://parks.ky.gov/parks/find-a-park/cumberland-falls-state-resort-park-7786">Camping</a><br><a href="https://parks.ky.gov/corbin/parks/resort/cumberland-falls-state-resort-park">Resort</a><br><a href="https://parks.ky.gov/corbin/parks/resort/cumberland-falls-state-resort-park">Cabins</a><br>Utilities: Primitive + electric/water sites; dump station<br>Use the official map first. Verify current rules, access and boundaries before activating.]]></description><Point><coordinates>-84.3398,36.8404,0</coordinates></Point></Placemark>
<Placemark><name>US-1278 Dale Hollow State Park</name><styleUrl>#sff20a8e9</styleUrl><description><![CDATA[Dale Hollow State Park<br>Clinton / Cumberland Counties • State Park<br><a href="https://next.pota.app/park/US-1278">POTA</a><br><a href="https://parks.ky.gov/burkesville/parks/resort/dale-hollow-lake-state-resort-park">Website</a><br><a href="https://parks.ky.gov/parks/camping">Camping</a><br><a href="https://parks.ky.gov/burkesville/parks/resort/dale-hollow-lake-state-resort-park">Resort</a><br><a href="https://parks.ky.gov/burkesville/parks/resort/dale-hollow-lake-state-resort-park">Cabins</a><br>Utilities: See campground information<br>Notes: Coordinates point to a large parking area away from the resort and may have higher noise floor.<br>Use the official map first. Verify current rules, access and boundaries before activating.]]></description><Point><coordinates>-85.2906,36.6441,0</coordinates></Point></Placemark>
<Placemark><name>US-1254 E.P. 'Tom' Sawyer State Park</name><styleUrl>#sff20a8e9</styleUrl><description><![CDATA[E.P. 'Tom' Sawyer State Park<br>Jefferson County • State Park<br><a href="https://next.pota.app/park/US-1254">POTA</a><br><a href="https://parks.ky.gov/explore/e-p-tom-sawyer-state-park-7810">Website</a><br>Use the official map first. Verify current rules, access and boundaries before activating.]]></description><Point><coordinates>-85.5582,38.2863,0</coordinates></Point></Placemark>
<Placemark><name>US-1256 Fort Boonesborough State Park</name><styleUrl>#sff20a8e9</styleUrl><description><![CDATA[Fort Boonesborough State Park<br>Madison County • State Park<br><a href="https://next.pota.app/park/US-1256">POTA</a><br><a href="https://parks.ky.gov/richmond/parks/historic/fort-boonesborough-state-park">Website</a><br><a href="https://parks.ky.gov/explore/fort-boonesborough-state-park-7811">Camping</a><br>Utilities: Electric + water; 18 full-hookup sites; currently closed<br>Use the official map first. Verify current rules, access and boundaries before activating.]]></description><Point><coordinates>-84.273,37.894,0</coordinates></Point></Placemark>
<Placemark><name>US-1257 General Burnside State Park</name><styleUrl>#sff20a8e9</styleUrl><description><![CDATA[General Burnside State Park<br>Pulaski County • State Park<br><a href="https://next.pota.app/park/US-1257">POTA</a><br><a href="https://fw.ky.gov/More/Documents/LakeCumberlandWMA_ALL.pdf">Area Map (official)</a><br><a href="https://parks.ky.gov/burnside/parks/recreation/general-burnside-island-state-park">Website</a><br><a href="https://parks.ky.gov/parks/camping">Camping</a><br>Utilities: See campground information<br>Use the official map first. Verify current rules, access and boundaries before activating.]]></description><Point><coordinates>-84.5984,36.9729,0</coordinates></Point></Placemark>
<Placemark><name>US-1279 General Butler State Park</name><styleUrl>#sff20a8e9</styleUrl><description><![CDATA[General Butler State Park<br>Carroll County • State Park<br><a href="https://next.pota.app/park/US-1279">POTA</a><br><a href="https://parks.ky.gov/carrollton/parks/historic/general-butler-state-resort-park">Website</a><br><a href="https://parks.ky.gov/parks/camping">Camping</a><br><a href="https://parks.ky.gov/carrollton/parks/historic/general-butler-state-resort-park">Resort</a><br><a href="https://parks.ky.gov/carrollton/parks/historic/general-butler-state-resort-park">Cabins</a><br>Utilities: See campground information<br>Notes: Call ahead about a Special Use Permit.<br>Use the official map first. Verify current rules, access and boundaries before activating.]]></description><Point><coordinates>-85.1453,38.6663,0</coordinates></Point></Placemark>
<Placemark><name>US-1258 Grayson Lake State Park</name><styleUrl>#sff20a8e9</styleUrl><description><![CDATA[Grayson Lake State Park<br>Carter County • State Park<br><a href="https://next.pota.app/park/US-1258">POTA</a><br><a href="https://parks.ky.gov/olive-hill/parks/recreation/grayson-lake-state-park">Website</a><br><a href="https://parks.ky.gov/explore/grayson-lake-state-park-7813">Camping</a><br>Utilities: Utility hookups<br>Use the official map first. Verify current rules, access and boundaries before activating.]]></description><Point><coordinates>-83.0266,38.1997,0</coordinates></Point></Placemark>
<Placemark><name>US-1259 Green River Lake State Park</name><styleUrl>#sff20a8e9</styleUrl><description><![CDATA[Green River Lake State Park<br>Taylor County • State Park<br><a href="https://next.pota.app/park/US-1259">POTA</a><br><a href="https://fw.ky.gov/More/Documents/GreenRiverLakeWMA_ALL.pdf">Area Map (official)</a><br><a href="https://parks.ky.gov/campbellsville/parks/recreation/green-river-lake-state-park">Website</a><br><a href="https://parks.ky.gov/explore/green-river-lake-campground-7960">Camping</a><br>Utilities: Currently limited primitive/self-contained camping; no electrical service<br>Use the official map first. Verify current rules, access and boundaries before activating.]]></description><Point><coordinates>-85.3179,37.2712,0</coordinates></Point></Placemark>
<Placemark><name>US-1280 Greenbo Lake State Park</name><styleUrl>#sff20a8e9</styleUrl><description><![CDATA[Greenbo Lake State Park<br>Greenup County • State Park<br><a href="https://next.pota.app/park/US-1280">POTA</a><br><a href="https://parks.ky.gov/ashland/parks/historic/greenbo-lake-state-resort-park">Website</a><br><a href="https://parks.ky.gov/explore/greenbo-lake-campground-8000">Camping</a><br><a href="https://parks.ky.gov/ashland/parks/historic/greenbo-lake-state-resort-park">Resort</a><br><a href="https://parks.ky.gov/ashland/parks/historic/greenbo-lake-state-resort-park">Cabins</a><br>Utilities: Utility hookups + primitive sites<br>Use the official map first. Verify current rules, access and boundaries before activating.]]></description><Point><coordinates>-82.8732,38.4807,0</coordinates></Point></Placemark>
<Placemark><name>US-1281 Jenny Wiley State Park</name><styleUrl>#sff20a8e9</styleUrl><description><![CDATA[Jenny Wiley State Park<br>Floyd County • State Park<br><a href="https://next.pota.app/park/US-1281">POTA</a><br><a href="https://parks.ky.gov/prestonsburg/parks/resort/jenny-wiley-state-resort-park">Website</a><br><a href="https://parks.ky.gov/parks/find-a-park/jenny-wiley-state-resort-park-7791">Camping</a><br><a href="https://parks.ky.gov/prestonsburg/parks/resort/jenny-wiley-state-resort-park">Resort</a><br><a href="https://parks.ky.gov/prestonsburg/parks/resort/jenny-wiley-state-resort-park">Cabins</a><br>Utilities: Utility hookups; boat-in sites; campground closure dates apply<br>Use the official map first. Verify current rules, access and boundaries before activating.]]></description><Point><coordinates>-82.7251,37.6961,0</coordinates></Point></Placemark>
<Placemark><name>US-1260 John James Audubon State Park</name><styleUrl>#sff20a8e9</styleUrl><description><![CDATA[John James Audubon State Park<br>Henderson County • State Park<br><a href="https://next.pota.app/park/US-1260">POTA</a><br><a href="https://parks.ky.gov/henderson/parks/historic/john-james-audubon-state-park">Website</a><br><a href="https://parks.ky.gov/parks/camping">Camping</a><br>Utilities: See campground information<br>Use the official map first. Verify current rules, access and boundaries before activating.]]></description><Point><coordinates>-87.5595,37.8809,0</coordinates></Point></Placemark>
<Placemark><name>US-1282 Kenlake State Park</name><styleUrl>#sff20a8e9</styleUrl><description><![CDATA[Kenlake State Park<br>Calloway / Marshall Counties • State Park<br><a href="https://next.pota.app/park/US-1282">POTA</a><br><a href="https://parks.ky.gov/hardin/parks/resort/kenlake-state-resort-park">Website</a><br><a href="https://parks.ky.gov/parks/camping">Camping</a><br><a href="https://parks.ky.gov/hardin/parks/resort/kenlake-state-resort-park">Resort</a><br><a href="https://parks.ky.gov/hardin/parks/resort/kenlake-state-resort-park">Cabins</a><br>Utilities: See campground information; campground reopening status should be checked<br>Use the official map first. Verify current rules, access and boundaries before activating.]]></description><Point><coordinates>-88.1384,36.7597,0</coordinates></Point></Placemark>
<Placemark><name>US-1283 Kentucky Dam Village State Park</name><styleUrl>#sff20a8e9</styleUrl><description><![CDATA[Kentucky Dam Village State Park<br>Marshall County • State Park<br><a href="https://next.pota.app/park/US-1283">POTA</a><br><a href="https://parks.ky.gov/gilbertsville/parks/resort/kentucky-dam-village-state-resort-park">Website</a><br><a href="https://parks.ky.gov/explore/kentucky-dam-village-state-resort-park-7793">Camping</a><br><a href="https://parks.ky.gov/gilbertsville/parks/resort/kentucky-dam-village-state-resort-park">Resort</a><br><a href="https://parks.ky.gov/gilbertsville/parks/resort/kentucky-dam-village-state-resort-park">Cabins</a><br>Utilities: Primitive / full-service sites<br>Use the official map first. Verify current rules, access and boundaries before activating.]]></description><Point><coordinates>-88.2888,36.9982,0</coordinates></Point></Placemark>
<Placemark><name>US-1261 Kincaid Lake State Park</name><styleUrl>#sff20a8e9</styleUrl><description><![CDATA[Kincaid Lake State Park<br>Pendleton County • State Park<br><a href="https://next.pota.app/park/US-1261">POTA</a><br><a href="https://parks.ky.gov/falmouth/parks/recreation/kincaid-lake-state-park">Website</a><br><a href="https://parks.ky.gov/parks/camping">Camping</a><br>Utilities: See campground information<br>Use the official map first. Verify current rules, access and boundaries before activating.]]></description><Point><coordinates>-84.2819,38.726,0</coordinates></Point></Placemark>
<Placemark><name>US-1262 Kingdom Come State Park</name><styleUrl>#sff20a8e9</styleUrl><description><![CDATA[Kingdom Come State Park<br>Letcher County • State Park<br><a href="https://next.pota.app/park/US-1262">POTA</a><br><a href="https://parks.ky.gov/cumberland/parks/recreation/kingdom-come-state-park">Website</a><br>Use the official map first. Verify current rules, access and boundaries before activating.]]></description><Point><coordinates>-82.9797,36.9921,0</coordinates></Point></Placemark>
<Placemark><name>US-1284 Lake Barkley State Park</name><styleUrl>#sff20a8e9</styleUrl><description><![CDATA[Lake Barkley State Park<br>County: see official site • State Park<br><a href="https://next.pota.app/park/US-1284">POTA</a><br><a href="https://parks.ky.gov/cadiz/parks/resort/lake-barkley-state-resort-park">Website</a><br><a href="https://parks.ky.gov/parks/find-a-park/lake-barkley-campground-8066">Camping</a><br><a href="https://parks.ky.gov/cadiz/parks/resort/lake-barkley-state-resort-park">Resort</a><br><a href="https://parks.ky.gov/cadiz/parks/resort/lake-barkley-state-resort-park">Cabins</a><br>Utilities: Utility hookups<br>Use the official map first. Verify current rules, access and boundaries before activating.]]></description><Point><coordinates>-87.932,36.8495,0</coordinates></Point></Placemark>
<Placemark><name>US-1285 Lake Cumberland State Park</name><styleUrl>#sff20a8e9</styleUrl><description><![CDATA[Lake Cumberland State Park<br>County: see official site • State Park<br><a href="https://next.pota.app/park/US-1285">POTA</a><br><a href="https://parks.ky.gov/jamestown/parks/resort/lake-cumberland-state-resort-park">Website</a><br><a href="https://parks.ky.gov/parks/find-a-park/lake-cumberland-campground-8084">Camping</a><br><a href="https://parks.ky.gov/jamestown/parks/resort/lake-cumberland-state-resort-park">Resort</a><br><a href="https://parks.ky.gov/jamestown/parks/resort/lake-cumberland-state-resort-park">Cabins</a><br>Utilities: Utility hookups; water seasonal<br>Notes: Primary coordinates are at the lodge; alternate pull-off supplied if lodge noise is high.<br>Use the official map first. Verify current rules, access and boundaries before activating.]]></description><Point><coordinates>-85.0423,36.9312,0</coordinates></Point></Placemark>
<Placemark><name>US-1263 Lake Malone State Park</name><styleUrl>#sff20a8e9</styleUrl><description><![CDATA[Lake Malone State Park<br>Muhlenberg County • State Park<br><a href="https://next.pota.app/park/US-1263">POTA</a><br><a href="https://parks.ky.gov/dunmor/parks/recreation/lake-malone-state-park">Website</a><br><a href="https://parks.ky.gov/explore/lake-malone-state-park-7818">Camping</a><br>Utilities: Electric + water; primitive sites<br>Use the official map first. Verify current rules, access and boundaries before activating.]]></description><Point><coordinates>-87.0554,37.0711,0</coordinates></Point></Placemark>
<Placemark><name>US-1264 Levi Jackson Wilderness Road State Park</name><styleUrl>#sff20a8e9</styleUrl><description><![CDATA[Levi Jackson Wilderness Road State Park<br>Laurel County • State Park<br><a href="https://next.pota.app/park/US-1264">POTA</a><br><a href="https://levijacksonpark.com/wp-content/uploads/2023/06/levi-jackson-park-map-2023.pdf">Official Map (official)</a><br><a href="https://levijacksonpark.com/">Website</a><br>Notes: Former State Park now a city park; retained in POTA because it was a POTA park when a State Park.<br>Use the official map first. Verify current rules, access and boundaries before activating.]]></description><Point><coordinates>-84.0549,37.0838,0</coordinates></Point></Placemark>
<Placemark><name>US-1265 Lincoln Homestead State Park</name><styleUrl>#sff20a8e9</styleUrl><description><![CDATA[Lincoln Homestead State Park<br>Washington County • State Park<br><a href="https://next.pota.app/park/US-1265">POTA</a><br><a href="https://parks.ky.gov/springfield/parks/historic/lincoln-homestead-state-park">Website</a><br>Use the official map first. Verify current rules, access and boundaries before activating.]]></description><Point><coordinates>-85.214,37.7607,0</coordinates></Point></Placemark>
<Placemark><name>US-1266 Mineral Mounds State Park</name><styleUrl>#sff20a8e9</styleUrl><description><![CDATA[Mineral Mounds State Park<br>Lyon County • State Park<br><a href="https://next.pota.app/park/US-1266">POTA</a><br><a href="https://parks.ky.gov/eddyville/parks/recreation/mineral-mound-state-park">Website</a><br>Use the official map first. Verify current rules, access and boundaries before activating.]]></description><Point><coordinates>-88.0873,37.0634,0</coordinates></Point></Placemark>
<Placemark><name>US-1267 My Old Kentucky Home State Park</name><styleUrl>#sff20a8e9</styleUrl><description><![CDATA[My Old Kentucky Home State Park<br>Nelson County • State Park<br><a href="https://next.pota.app/park/US-1267">POTA</a><br><a href="https://parks.ky.gov/bardstown/parks/historic/my-old-kentucky-home-state-park">Website</a><br><a href="https://parks.ky.gov/explore/my-old-kentucky-home-campground-8099">Camping</a><br>Utilities: Utility hookups; check current reopening status<br>Use the official map first. Verify current rules, access and boundaries before activating.]]></description><Point><coordinates>-85.4537,37.8064,0</coordinates></Point></Placemark>
<Placemark><name>US-1286 Natural Bridge State Park</name><styleUrl>#sff20a8e9</styleUrl><description><![CDATA[Natural Bridge State Park<br>County: see official site • State Park<br><a href="https://next.pota.app/park/US-1286">POTA</a><br><a href="https://parks.ky.gov/explore/natural-bridge-state-resort-park-7796">Official Map (official)</a><br><a href="https://parks.ky.gov/slade/parks/resort/natural-bridge-state-resort-park">Website</a><br><a href="https://parks.ky.gov/explore/whittleton-campground-8107">Camping</a><br><a href="https://parks.ky.gov/slade/parks/resort/natural-bridge-state-resort-park">Resort</a><br><a href="https://parks.ky.gov/slade/parks/resort/natural-bridge-state-resort-park">Cabins</a><br>Utilities: Utility sites + primitive tent sites<br>Use the official map first. Verify current rules, access and boundaries before activating.]]></description><Point><coordinates>-83.6884,37.7769,0</coordinates></Point></Placemark>
<Placemark><name>US-1268 Nolin Lake State Park</name><styleUrl>#sff20a8e9</styleUrl><description><![CDATA[Nolin Lake State Park<br>Edmonson County • State Park<br><a href="https://next.pota.app/park/US-1268">POTA</a><br><a href="https://parks.ky.gov/mammoth-cave/parks/recreation/nolin-lake-state-park">Website</a><br><a href="https://parks.ky.gov/parks/find-a-park/nolin-lake-campground-8135">Camping</a><br>Utilities: Electric + water; primitive sites<br>Use the official map first. Verify current rules, access and boundaries before activating.]]></description><Point><coordinates>-86.2127,37.2974,0</coordinates></Point></Placemark>
<Placemark><name>US-1269 Old Fort Harrod State Park</name><styleUrl>#sff20a8e9</styleUrl><description><![CDATA[Old Fort Harrod State Park<br>Mercer County • State Park<br><a href="https://next.pota.app/park/US-1269">POTA</a><br><a href="https://parks.ky.gov/harrodsburg/parks/historic/old-fort-harrod-state-park">Website</a><br>Use the official map first. Verify current rules, access and boundaries before activating.]]></description><Point><coordinates>-84.8457,37.7618,0</coordinates></Point></Placemark>
<Placemark><name>US-1270 Paintsville Lake State Park</name><styleUrl>#sff20a8e9</styleUrl><description><![CDATA[Paintsville Lake State Park<br>Johnson County • State Park<br><a href="https://next.pota.app/park/US-1270">POTA</a><br><a href="https://parks.ky.gov/staffordsville/parks/recreation/paintsville-lake-state-park">Website</a><br><a href="https://parks.ky.gov/explore/paintsville-lake-state-park-7824">Camping</a><br>Utilities: Electric + water + sewer; primitive sites<br>Use the official map first. Verify current rules, access and boundaries before activating.]]></description><Point><coordinates>-82.8798,37.8425,0</coordinates></Point></Placemark>
<Placemark><name>US-1287 Pennyrile Forest State Park</name><styleUrl>#sff20a8e9</styleUrl><description><![CDATA[Pennyrile Forest State Park<br>County: see official site • State Park<br><a href="https://next.pota.app/park/US-1287">POTA</a><br><a href="https://www.kentuckytourism.com/media/docs/default-source/listing-documents/park-map08cc7e0a-9307-47b3-85e9-29db02ce7648.pdf?sfvrsn=145d90d5_2">Official Map (official)</a><br><a href="https://parks.ky.gov/dawson-springs/parks/resort/pennyrile-forest-state-resort-park">Website</a><br><a href="https://parks.ky.gov/parks/camping">Camping</a><br><a href="https://parks.ky.gov/dawson-springs/parks/resort/pennyrile-forest-state-resort-park">Resort</a><br><a href="https://parks.ky.gov/dawson-springs/parks/resort/pennyrile-forest-state-resort-park">Cabins</a><br>Utilities: See campground information<br>Possible 2-fer (per agency sources, confirm first): US-4692<br>Use the official map first. Verify current rules, access and boundaries before activating.]]></description><Point><coordinates>-87.6631,37.0725,0</coordinates></Point></Placemark>
<Placemark><name>US-1288 Pine Mountain State Park</name><styleUrl>#sff20a8e9</styleUrl><description><![CDATA[Pine Mountain State Park<br>County: see official site • State Park<br><a href="https://next.pota.app/park/US-1288">POTA</a><br><a href="https://parks.ky.gov/pineville/parks/resort/pine-mountain-state-resort-park">Website</a><br><a href="https://parks.ky.gov/parks/camping">Camping</a><br><a href="https://parks.ky.gov/pineville/parks/resort/pine-mountain-state-resort-park">Resort</a><br><a href="https://parks.ky.gov/pineville/parks/resort/pine-mountain-state-resort-park">Cabins</a><br>Utilities: See campground information<br>Use the official map first. Verify current rules, access and boundaries before activating.]]></description><Point><coordinates>-83.7124,36.7472,0</coordinates></Point></Placemark>
<Placemark><name>US-1289 Rough River Dam State Park</name><styleUrl>#sff20a8e9</styleUrl><description><![CDATA[Rough River Dam State Park<br>County: see official site • State Park<br><a href="https://next.pota.app/park/US-1289">POTA</a><br><a href="https://parks.ky.gov/falls-rough/parks/resort/rough-river-dam-state-resort-park">Website</a><br><a href="https://parks.ky.gov/parks/camping">Camping</a><br><a href="https://parks.ky.gov/falls-rough/parks/resort/rough-river-dam-state-resort-park">Resort</a><br><a href="https://parks.ky.gov/falls-rough/parks/resort/rough-river-dam-state-resort-park">Cabins</a><br>Utilities: See campground information<br>Use the official map first. Verify current rules, access and boundaries before activating.]]></description><Point><coordinates>-86.5053,37.6104,0</coordinates></Point></Placemark>
<Placemark><name>US-1271 Taylorsville Lake State Park</name><styleUrl>#sff20a8e9</styleUrl><description><![CDATA[Taylorsville Lake State Park<br>Spencer County • State Park<br><a href="https://next.pota.app/park/US-1271">POTA</a><br><a href="https://parks.ky.gov/mount-eden/parks/recreation/taylorsville-lake-state-park">Website</a><br><a href="https://parks.ky.gov/explore/taylorsville-lake-campground-8219">Camping</a><br>Utilities: Electric + water; primitive; equestrian sites<br>Notes: Park open year-round; campground normally closed mid-November through mid-March.<br>Use the official map first. Verify current rules, access and boundaries before activating.]]></description><Point><coordinates>-85.2497,38.0298,0</coordinates></Point></Placemark>
<Placemark><name>US-1272 Yatesville Lake State Park</name><styleUrl>#sff20a8e9</styleUrl><description><![CDATA[Yatesville Lake State Park<br>Lawrence County • State Park<br><a href="https://next.pota.app/park/US-1272">POTA</a><br><a href="https://parks.ky.gov/louisa/parks/recreation/yatesville-lake-state-park">Website</a><br><a href="https://parks.ky.gov/parks/camping">Camping</a><br>Utilities: See campground information<br>Use the official map first. Verify current rules, access and boundaries before activating.]]></description><Point><coordinates>-82.6824,38.0965,0</coordinates></Point></Placemark>
</Folder>
<Folder><name>Trail</name>
<Placemark><name>US-1253 Dawkins Line Rail Trail State Park</name><styleUrl>#sff2b45b5</styleUrl><description><![CDATA[Dawkins Line Rail Trail State Park<br>Johnson County • Trail<br><a href="https://next.pota.app/park/US-1253">POTA</a><br><a href="https://parks.ky.gov/explore/dawkins-line-rail-trail-7831">Official Map (official)</a><br><a href="https://parks.ky.gov/swamp-branch/parks/recreation/dawkins-line-rail-trail">Website</a><br>Use the official map first. Verify current rules, access and boundaries before activating.]]></description><Point><coordinates>-82.8967,37.7372,0</coordinates></Point></Placemark>
<Placemark><name>US-10102 Pine Mountain State Trail</name><styleUrl>#sff2b45b5</styleUrl><description><![CDATA[Pine Mountain State Trail<br>Harlan / Letcher Counties • Trail<br><a href="https://next.pota.app/park/US-10102">POTA</a><br><a href="https://parks.ky.gov/parks/find-a-park/pine-mountain-state-scenic-trail-7826">Official Map (official)</a><br><a href="https://parks.ky.gov/whitesburg/parks/recreation/pine-mountain-state-scenic-trail">Website</a><br>Use the official map first. Verify current rules, access and boundaries before activating.]]></description><Point><coordinates>-82.4597,37.2386,0</coordinates></Point></Placemark>
<Placemark><name>US-11181 Sheltowee Trace National Recreation Trail</name><styleUrl>#sff2b45b5</styleUrl><description><![CDATA[Sheltowee Trace National Recreation Trail<br>Multiple counties • Trail<br><a href="https://next.pota.app/park/US-11181">POTA</a><br><a href="https://www.fs.usda.gov/Internet/FSE_DOCUMENTS/stelprdb5427184.pdf">Official Map (official)</a><br><a href="https://www.fs.usda.gov/wildflowers/regions/southern/SheltoweeTrace/index.shtml">Website</a><br>Possible 2-fer (per agency sources, confirm first): US-4484<br>Use the official map first. Verify current rules, access and boundaries before activating.]]></description><Point><coordinates>-84.1426,37.3012,0</coordinates></Point></Placemark>
</Folder>
<Folder><name>WMA</name>
<Placemark><name>US-3793 Ballard Wildlife Management Area</name><styleUrl>#sff4f6a2d</styleUrl><description><![CDATA[Ballard Wildlife Management Area<br>County: see official site • WMA<br><a href="https://next.pota.app/park/US-3793">POTA</a><br><a href="https://fw.ky.gov/More/Documents/BallardWMA_All.pdf">Official Map (official)</a><br><a href="https://app.fw.ky.gov/public_lands_search/detail.aspx?Kdfwr_id=224">Website</a><br>Use the official map first. Verify current rules, access and boundaries before activating.]]></description><Point><coordinates>-89.019,37.1801,0</coordinates></Point></Placemark>
<Placemark><name>US-3794 Beaver Creek Wildlife Management Area</name><styleUrl>#sff4f6a2d</styleUrl><description><![CDATA[Beaver Creek Wildlife Management Area<br>County: see official site • WMA<br><a href="https://next.pota.app/park/US-3794">POTA</a><br><a href="https://fw.ky.gov/More/Documents/BeaverCreekWMA_ALL.pdf">Official Map (official)</a><br><a href="https://app.fw.ky.gov/Public_Lands_Search/detail.aspx?Kdfwr_id=39">Website</a><br>Possible 2-fer (per agency sources, confirm first): US-4484<br>Use the official map first. Verify current rules, access and boundaries before activating.]]></description><Point><coordinates>-84.4402,36.8966,0</coordinates></Point></Placemark>
<Placemark><name>US-3795 Beechy Creek Wildlife Management Area</name><styleUrl>#sff4f6a2d</styleUrl><description><![CDATA[Beechy Creek Wildlife Management Area<br>County: see official site • WMA<br><a href="https://next.pota.app/park/US-3795">POTA</a><br><a href="https://fw.ky.gov/More/Documents/BeechyCreekWMA-ALL.pdf">Official Map (official)</a><br><a href="https://fw.ky.gov/More/Documents/BeechyCreekWMA-ALL.pdf">Website</a><br>Use the official map first. Verify current rules, access and boundaries before activating.]]></description><Point><coordinates>-88.1296,36.5583,0</coordinates></Point></Placemark>
<Placemark><name>US-3796 Big Rivers Wildlife Management Area</name><styleUrl>#sff4f6a2d</styleUrl><description><![CDATA[Big Rivers Wildlife Management Area<br>County: see official site • WMA<br><a href="https://next.pota.app/park/US-3796">POTA</a><br><a href="https://fw.ky.gov/More/Documents/BigRiversWMA_and_StateForest_all.pdf">Official Map (official)</a><br><a href="https://app.fw.ky.gov/Public_Lands_Search/detail.aspx?Kdfwr_id=9203">Website</a><br>Use the official map first. Verify current rules, access and boundaries before activating.]]></description><Point><coordinates>-88.0122,37.5047,0</coordinates></Point></Placemark>
<Placemark><name>US-3797 Boatwright Wildlife Management Area</name><styleUrl>#sff4f6a2d</styleUrl><description><![CDATA[Boatwright Wildlife Management Area<br>County: see official site • WMA<br><a href="https://next.pota.app/park/US-3797">POTA</a><br><a href="https://fw.ky.gov/More/Documents/BoatwrightWMA_All.pdf">Official Map (official)</a><br><a href="https://app.fw.ky.gov/Public_Lands_Search/detail.aspx?Kdfwr_id=222">Website</a><br>Use the official map first. Verify current rules, access and boundaries before activating.]]></description><Point><coordinates>-89.0979,37.1047,0</coordinates></Point></Placemark>
<Placemark><name>US-3798 Buck Creek Wildlife Management Area</name><styleUrl>#sff4f6a2d</styleUrl><description><![CDATA[Buck Creek Wildlife Management Area<br>County: see official site • WMA<br><a href="https://next.pota.app/park/US-3798">POTA</a><br><a href="https://fw.ky.gov/More/Documents/BuckCreekWMA_All.pdf">Official Map (official)</a><br><a href="https://fw.ky.gov/More/Documents/BuckCreekWMA_All.pdf">Website</a><br>Use the official map first. Verify current rules, access and boundaries before activating.]]></description><Point><coordinates>-84.4096,37.1071,0</coordinates></Point></Placemark>
<Placemark><name>US-3799 Burchell-Beech Wildlife Management Area</name><styleUrl>#sff4f6a2d</styleUrl><description><![CDATA[Burchell-Beech Wildlife Management Area<br>County: see official site • WMA<br><a href="https://next.pota.app/park/US-3799">POTA</a><br><a href="https://fw.ky.gov/More/Documents/Burchell-BeechCreekWMA_ALL.pdf">Official Map (official)</a><br><a href="https://pota.app/#/map?entityName=United+States+of+America&amp;lat=37.1681&amp;lng=-83.7077&amp;locationDesc=US-KY&amp;name=Burchell-Beech+Wildlife+Management+Area&amp;reference=US-3799&amp;zoom=12">POTA map</a><br>Use the official map first. Verify current rules, access and boundaries before activating.]]></description><Point><coordinates>-83.7077,37.1681,0</coordinates></Point></Placemark>
<Placemark><name>US-10121 Cane Creek Wildlife Management Area</name><styleUrl>#sff4f6a2d</styleUrl><description><![CDATA[Cane Creek Wildlife Management Area<br>Pulaski County • WMA<br><a href="https://next.pota.app/park/US-10121">POTA</a><br><a href="https://fw.ky.gov/More/Documents/CaneCreekWMA_ALL.pdf">Official Map (official)</a><br><a href="https://app.fw.ky.gov/Public_Lands_Search/detail.aspx?Kdfwr_id=38">Website</a><br>Possible 2-fer (per agency sources, confirm first): US-4484<br>Use the official map first. Verify current rules, access and boundaries before activating.]]></description><Point><coordinates>-84.2851,36.9979,0</coordinates></Point></Placemark>
<Placemark><name>US-3800 Cedar Creek Lake Wildlife Management Area</name><styleUrl>#sff4f6a2d</styleUrl><description><![CDATA[Cedar Creek Lake Wildlife Management Area<br>County: see official site • WMA<br><a href="https://next.pota.app/park/US-3800">POTA</a><br><a href="https://fw.ky.gov/More/Documents/CedarCreekLakeWMA_ALL.pdf">Official Map (official)</a><br><a href="https://app.fw.ky.gov/Public_Lands_Search/detail.aspx?Kdfwr_id=9004">Website</a><br>Use the official map first. Verify current rules, access and boundaries before activating.]]></description><Point><coordinates>-84.558,37.475,0</coordinates></Point></Placemark>
<Placemark><name>US-10124 Clay Wildlife Management Area</name><styleUrl>#sff4f6a2d</styleUrl><description><![CDATA[Clay Wildlife Management Area<br>Bath County • WMA<br><a href="https://next.pota.app/park/US-10124">POTA</a><br><a href="https://fw.ky.gov/More/Documents/ClayWMA_ALL.pdf">Official Map (official)</a><br><a href="https://app.fw.ky.gov/Public_Lands_Search/detail.aspx?Kdfwr_id=155">Website</a><br>Use the official map first. Verify current rules, access and boundaries before activating.]]></description><Point><coordinates>-83.9192,38.3414,0</coordinates></Point></Placemark>
<Placemark><name>US-12974 Clear Creek Wildlife Management Area</name><styleUrl>#sff4f6a2d</styleUrl><description><![CDATA[Clear Creek Wildlife Management Area<br>Muhlenberg County • WMA<br><a href="https://next.pota.app/park/US-12974">POTA</a><br><a href="https://fw.ky.gov/More/Documents/ClearCreekWMA_All.pdf">Official Map (official)</a><br><a href="https://app.fw.ky.gov/public_lands_search/detail.aspx?Kdfwr_id=9006">Website</a><br>Use the official map first. Verify current rules, access and boundaries before activating.]]></description><Point><coordinates>-87.6782,37.3156,0</coordinates></Point></Placemark>
<Placemark><name>US-3803 Coil Estate Wildlife Management Area</name><styleUrl>#sff4f6a2d</styleUrl><description><![CDATA[Coil Estate Wildlife Management Area<br>County: see official site • WMA<br><a href="https://next.pota.app/park/US-3803">POTA</a><br><a href="https://fw.ky.gov/More/Documents/CoilEstateWMA_ALL.pdf">Official Map (official)</a><br><a href="https://fw.ky.gov/More/Documents/CoilEstateWMA_ALL.pdf">Website</a><br>Use the official map first. Verify current rules, access and boundaries before activating.]]></description><Point><coordinates>-89.0253,36.9117,0</coordinates></Point></Placemark>
<Placemark><name>US-3804 Cranks Creek Wildlife Management Area</name><styleUrl>#sff4f6a2d</styleUrl><description><![CDATA[Cranks Creek Wildlife Management Area<br>County: see official site • WMA<br><a href="https://next.pota.app/park/US-3804">POTA</a><br><a href="https://fw.ky.gov/More/Documents/CranksCreekWMA_ALL.pdf">Official Map (official)</a><br><a href="https://fw.ky.gov/More/Documents/CranksCreekWMA_ALL.pdf">Website</a><br>Use the official map first. Verify current rules, access and boundaries before activating.]]></description><Point><coordinates>-83.1966,36.7556,0</coordinates></Point></Placemark>
<Placemark><name>US-3805 Curtis Gates Lloyd Wildlife Management Area</name><styleUrl>#sff4f6a2d</styleUrl><description><![CDATA[Curtis Gates Lloyd Wildlife Management Area<br>Owen County • WMA<br><a href="https://next.pota.app/park/US-3805">POTA</a><br><a href="https://fw.ky.gov/More/Documents/CurtisGatesLloydWMA_ALL.pdf">Official Map (official)</a><br><a href="https://app.fw.ky.gov/public_lands_search/detail.aspx?Kdfwr_id=153">Website</a><br>Use the official map first. Verify current rules, access and boundaries before activating.]]></description><Point><coordinates>-84.5987,38.7635,0</coordinates></Point></Placemark>
<Placemark><name>US-9756 Decker Wildlife Management Area</name><styleUrl>#sff4f6a2d</styleUrl><description><![CDATA[Decker Wildlife Management Area<br>Boone County • WMA<br><a href="https://next.pota.app/park/US-9756">POTA</a><br><a href="https://fw.ky.gov/More/Documents/DeckerWMAmap_ALL.pdf">Official Map (official)</a><br><a href="https://app.fw.ky.gov/Public_Lands_Search/detail.aspx?Kdfwr_id=9717">Website</a><br>Use the official map first. Verify current rules, access and boundaries before activating.]]></description><Point><coordinates>-84.7615,38.9894,0</coordinates></Point></Placemark>
<Placemark><name>US-3806 Dennis-Gray Wildlife Management Area</name><styleUrl>#sff4f6a2d</styleUrl><description><![CDATA[Dennis-Gray Wildlife Management Area<br>County: see official site • WMA<br><a href="https://next.pota.app/park/US-3806">POTA</a><br><a href="https://fw.ky.gov/More/Documents/Dennis-GrayWMA_ALL.pdf">Official Map (official)</a><br><a href="https://app.fw.ky.gov/Public_Lands_Search/detail.aspx?Kdfwr_id=148">Website</a><br>Use the official map first. Verify current rules, access and boundaries before activating.]]></description><Point><coordinates>-85.1488,37.2656,0</coordinates></Point></Placemark>
<Placemark><name>US-4687 Dewey Lake Wildlife Management Area</name><styleUrl>#sff4f6a2d</styleUrl><description><![CDATA[Dewey Lake Wildlife Management Area<br>Floyd County • WMA<br><a href="https://next.pota.app/park/US-4687">POTA</a><br><a href="https://fw.ky.gov/More/Documents/DeweyLakeWMA-ALL.pdf">Official Map (official)</a><br><a href="https://fw.ky.gov/More/Documents/DeweyLakeWMA-ALL.pdf">Website</a><br>Use the official map first. Verify current rules, access and boundaries before activating.]]></description><Point><coordinates>-82.729,37.7362,0</coordinates></Point></Placemark>
<Placemark><name>US-3807 Dix River Wildlife Management Area</name><styleUrl>#sff4f6a2d</styleUrl><description><![CDATA[Dix River Wildlife Management Area<br>County: see official site • WMA<br><a href="https://next.pota.app/park/US-3807">POTA</a><br><a href="https://fw.ky.gov/More/Documents/DixRiverWMA_ALL.pdf">Official Map (official)</a><br><a href="https://app.fw.ky.gov/Public_Lands_Search/detail.aspx?Kdfwr_id=9032">Website</a><br>Use the official map first. Verify current rules, access and boundaries before activating.]]></description><Point><coordinates>-84.5011,37.492,0</coordinates></Point></Placemark>
<Placemark><name>US-3808 Doug Travis Wildlife Management Area</name><styleUrl>#sff4f6a2d</styleUrl><description><![CDATA[Doug Travis Wildlife Management Area<br>County: see official site • WMA<br><a href="https://next.pota.app/park/US-3808">POTA</a><br><a href="https://fw.ky.gov/More/Documents/DougTravisWMA_ALL.pdf">Official Map (official)</a><br><a href="https://app.fw.ky.gov/Public_Lands_Search/detail.aspx?Kdfwr_id=40">Website</a><br>Use the official map first. Verify current rules, access and boundaries before activating.]]></description><Point><coordinates>-89.0987,36.8076,0</coordinates></Point></Placemark>
<Placemark><name>US-3809 Dr. James R. Rich Wildlife Management Area</name><styleUrl>#sff4f6a2d</styleUrl><description><![CDATA[Dr. James R. Rich Wildlife Management Area<br>Scott County • WMA<br><a href="https://next.pota.app/park/US-3809">POTA</a><br><a href="https://fw.ky.gov/More/Documents/Dr.JamesR.RichWMA_ALL.pdf">Official Map (official)</a><br><a href="https://app.fw.ky.gov/Public_Lands_Search/detail.aspx?Kdfwr_id=34">Website</a><br>Use the official map first. Verify current rules, access and boundaries before activating.]]></description><Point><coordinates>-84.7287,38.3945,0</coordinates></Point></Placemark>
<Placemark><name>US-3810 Dr. Norman And Martha Adair Wildlife Management Area</name><styleUrl>#sff4f6a2d</styleUrl><description><![CDATA[Dr. Norman And Martha Adair Wildlife Management Area<br>Boone County • WMA<br><a href="https://next.pota.app/park/US-3810">POTA</a><br><a href="https://fw.ky.gov/More/Documents/Dr.NormanandMarthaAdairWMA_all.pdf">Official Map (official)</a><br><a href="https://pota.app/#/map?entityName=United+States+of+America&amp;lat=38.921&amp;lng=-84.7468&amp;locationDesc=US-KY&amp;name=Dr.+Norman+And+Martha+Adair+Wildlife+Management+Area&amp;reference=US-3810&amp;zoom=12">POTA map</a><br>Use the official map first. Verify current rules, access and boundaries before activating.]]></description><Point><coordinates>-84.7468,38.921,0</coordinates></Point></Placemark>
<Placemark><name>US-3811 Ed Mabry-Laurel Gorge Wildlife Management Area</name><styleUrl>#sff4f6a2d</styleUrl><description><![CDATA[Ed Mabry-Laurel Gorge Wildlife Management Area<br>County: see official site • WMA<br><a href="https://next.pota.app/park/US-3811">POTA</a><br><a href="https://fw.ky.gov/More/Documents/EdMabry-LaurelGorgeWMA_ALL.pdf">Official Map (official)</a><br><a href="https://fw.ky.gov/More/Documents/EdMabry-LaurelGorgeWMA_ALL.pdf">Website</a><br>Use the official map first. Verify current rules, access and boundaries before activating.]]></description><Point><coordinates>-83.1883,38.1268,0</coordinates></Point></Placemark>
<Placemark><name>US-10128 Ferguson Creek Wildlife Management Area</name><styleUrl>#sff4f6a2d</styleUrl><description><![CDATA[Ferguson Creek Wildlife Management Area<br>McCracken County • WMA<br><a href="https://next.pota.app/park/US-10128">POTA</a><br><a href="https://fw.ky.gov/More/Documents/FergusonCreekWMA_All.pdf">Official Map (official)</a><br><a href="https://app.fw.ky.gov/Public_Lands_Search/detail.aspx?Kdfwr_id=9715">Website</a><br>Use the official map first. Verify current rules, access and boundaries before activating.]]></description><Point><coordinates>-88.348,37.149,0</coordinates></Point></Placemark>
<Placemark><name>US-1255 Fishtrap Lake Wildlife Management Area</name><styleUrl>#sff4f6a2d</styleUrl><description><![CDATA[Fishtrap Lake Wildlife Management Area<br>Pike County • WMA<br><a href="https://next.pota.app/park/US-1255">POTA</a><br><a href="https://fw.ky.gov/More/Documents/FishtrapLakeWMA_All.pdf">Official Map (official)</a><br><a href="https://app.fw.ky.gov/Public_Lands_Search/detail.aspx?Kdfwr_id=25">Website</a><br>Notes: Former Kentucky State Park; transferred to U.S. Army Corps of Engineers in 2016 and retained in POTA.<br>Use the official map first. Verify current rules, access and boundaries before activating.]]></description><Point><coordinates>-82.3508,37.4348,0</coordinates></Point></Placemark>
<Placemark><name>US-3812 Fleming Wildlife Management Area</name><styleUrl>#sff4f6a2d</styleUrl><description><![CDATA[Fleming Wildlife Management Area<br>County: see official site • WMA<br><a href="https://next.pota.app/park/US-3812">POTA</a><br><a href="https://fw.ky.gov/More/Documents/FlemingWMA_ALL.pdf">Official Map (official)</a><br><a href="https://app.fw.ky.gov/Public_Lands_Search/detail.aspx?Kdfwr_id=154">Website</a><br>Use the official map first. Verify current rules, access and boundaries before activating.]]></description><Point><coordinates>-83.6329,38.4331,0</coordinates></Point></Placemark>
<Placemark><name>US-10131 Gabbard Branch Wildlife Management Area</name><styleUrl>#sff4f6a2d</styleUrl><description><![CDATA[Gabbard Branch Wildlife Management Area<br>Hart County • WMA<br><a href="https://next.pota.app/park/US-10131">POTA</a><br><a href="https://fw.ky.gov/More/Documents/GabbardBranchWMA_All.pdf">Official Map (official)</a><br><a href="https://app.fw.ky.gov/Public_Lands_Search/detail.aspx?Kdfwr_id=9713">Website</a><br>Use the official map first. Verify current rules, access and boundaries before activating.]]></description><Point><coordinates>-86.5288,37.2184,0</coordinates></Point></Placemark>
<Placemark><name>US-3813 Griffith Woods Wildlife Management Area</name><styleUrl>#sff4f6a2d</styleUrl><description><![CDATA[Griffith Woods Wildlife Management Area<br>Scott County • WMA<br><a href="https://next.pota.app/park/US-3813">POTA</a><br><a href="https://fw.ky.gov/More/Documents/GriffithWoodsWMA_ALL.pdf">Official Map (official)</a><br><a href="https://pota.app/#/map?entityName=United+States+of+America&amp;lat=38.332&amp;lng=-84.356&amp;locationDesc=US-KY&amp;name=Griffith+Woods+Wildlife+Management+Area&amp;reference=US-3813&amp;zoom=12">POTA map</a><br>Use the official map first. Verify current rules, access and boundaries before activating.]]></description><Point><coordinates>-84.356,38.332,0</coordinates></Point></Placemark>
<Placemark><name>US-10137 Harris-Dickerson Wildlife Management Area</name><styleUrl>#sff4f6a2d</styleUrl><description><![CDATA[Harris-Dickerson Wildlife Management Area<br>Hopkins County • WMA<br><a href="https://next.pota.app/park/US-10137">POTA</a><br><a href="https://fw.ky.gov/More/Documents/Harris-Dickerson_All.pdf">Official Map (official)</a><br><a href="https://app.fw.ky.gov/Public_Lands_Search/detail.aspx?Kdfwr_id=9709">Website</a><br>Use the official map first. Verify current rules, access and boundaries before activating.]]></description><Point><coordinates>-87.3613,37.3188,0</coordinates></Point></Placemark>
<Placemark><name>US-3814 Hensley-Pine Mountain Wildlife Management Area</name><styleUrl>#sff4f6a2d</styleUrl><description><![CDATA[Hensley-Pine Mountain Wildlife Management Area<br>County: see official site • WMA<br><a href="https://next.pota.app/park/US-3814">POTA</a><br><a href="https://fw.ky.gov/More/Documents/Hensley-PineMountainWMA_ALL.pdf">Official Map (official)</a><br><a href="https://fw.ky.gov/More/Documents/Hensley-PineMountainWMA_ALL.pdf">Website</a><br>Use the official map first. Verify current rules, access and boundaries before activating.]]></description><Point><coordinates>-82.9139,37.0251,0</coordinates></Point></Placemark>
<Placemark><name>US-3815 Higginson-Henry Wildlife Management Area</name><styleUrl>#sff4f6a2d</styleUrl><description><![CDATA[Higginson-Henry Wildlife Management Area<br>Henderson County • WMA<br><a href="https://next.pota.app/park/US-3815">POTA</a><br><a href="https://fw.ky.gov/More/Documents/Higginson-HenryWMA_ALL.pdf">Official Map (official)</a><br><a href="https://app.fw.ky.gov/public_lands_search/detail.aspx?Kdfwr_id=132">Website</a><br>Use the official map first. Verify current rules, access and boundaries before activating.]]></description><Point><coordinates>-87.8549,37.6191,0</coordinates></Point></Placemark>
<Placemark><name>US-11274 Horse Mill Branch Wildlife Management Area</name><styleUrl>#sff4f6a2d</styleUrl><description><![CDATA[Horse Mill Branch Wildlife Management Area<br>Fleming County • WMA<br><a href="https://next.pota.app/park/US-11274">POTA</a><br><a href="https://fw.ky.gov/More/Documents/Horse_Mill_branch_WMAmap_ALL.pdf">Official Map (official)</a><br><a href="https://app.fw.ky.gov/Public_Lands_Search/detail.aspx?Kdfwr_id=9721">Website</a><br>Use the official map first. Verify current rules, access and boundaries before activating.]]></description><Point><coordinates>-83.1012,37.9437,0</coordinates></Point></Placemark>
<Placemark><name>US-10138 Hoskins Wildlife Management Area</name><styleUrl>#sff4f6a2d</styleUrl><description><![CDATA[Hoskins Wildlife Management Area<br>Harlan / Leslie Counties • WMA<br><a href="https://next.pota.app/park/US-10138">POTA</a><br><a href="https://fw.ky.gov/More/Documents/Hoskins_WMA_All.pdf">Official Map (official)</a><br><a href="https://app.fw.ky.gov/Public_Lands_Search/detail.aspx?Kdfwr_id=9711">Website</a><br>Use the official map first. Verify current rules, access and boundaries before activating.]]></description><Point><coordinates>-83.3679,37.105,0</coordinates></Point></Placemark>
<Placemark><name>US-10139 Jefferson National Forest Wildlife Management Area</name><styleUrl>#sff4f6a2d</styleUrl><description><![CDATA[Jefferson National Forest Wildlife Management Area<br>Harlan County • WMA<br><a href="https://next.pota.app/park/US-10139">POTA</a><br><a href="https://app.fw.ky.gov/Public_Lands_Search/detail.aspx?Kdfwr_id=9078">Website</a><br>Use the official map first. Verify current rules, access and boundaries before activating.]]></description><Point><coordinates>-82.7332,37.0868,0</coordinates></Point></Placemark>
<Placemark><name>US-3816 John A. Kleber Wildlife Management Area</name><styleUrl>#sff4f6a2d</styleUrl><description><![CDATA[John A. Kleber Wildlife Management Area<br>Owen County • WMA<br><a href="https://next.pota.app/park/US-3816">POTA</a><br><a href="https://fw.ky.gov/More/Documents/John_A_Kleber_WMA_ALL.pdf">Official Map (official)</a><br><a href="https://app.fw.ky.gov/public_lands_search/detail.aspx?Kdfwr_id=14">Website</a><br>Use the official map first. Verify current rules, access and boundaries before activating.]]></description><Point><coordinates>-84.7847,38.358,0</coordinates></Point></Placemark>
<Placemark><name>US-3817 John C. Williams Wildlife Management Area</name><styleUrl>#sff4f6a2d</styleUrl><description><![CDATA[John C. Williams Wildlife Management Area<br>Nelson County • WMA<br><a href="https://next.pota.app/park/US-3817">POTA</a><br><a href="https://fw.ky.gov/More/Documents/JohnCWilliamsWMA_ALL.pdf">Official Map (official)</a><br><a href="https://app.fw.ky.gov/public_lands_search/detail.aspx?Kdfwr_id=238">Website</a><br>Use the official map first. Verify current rules, access and boundaries before activating.]]></description><Point><coordinates>-85.6841,37.7756,0</coordinates></Point></Placemark>
<Placemark><name>US-3818 Jones-Keeney Wildlife Management Area</name><styleUrl>#sff4f6a2d</styleUrl><description><![CDATA[Jones-Keeney Wildlife Management Area<br>County: see official site • WMA<br><a href="https://next.pota.app/park/US-3818">POTA</a><br><a href="https://fw.ky.gov/More/Documents/Jones-KeeneyWMA_All.pdf">Official Map (official)</a><br><a href="https://fw.ky.gov/More/Documents/Jones-KeeneyWMA_All.pdf">Website</a><br>Use the official map first. Verify current rules, access and boundaries before activating.]]></description><Point><coordinates>-87.7598,37.1502,0</coordinates></Point></Placemark>
<Placemark><name>US-3819 Kaler Bottoms Wildlife Management Area</name><styleUrl>#sff4f6a2d</styleUrl><description><![CDATA[Kaler Bottoms Wildlife Management Area<br>Graves County • WMA<br><a href="https://next.pota.app/park/US-3819">POTA</a><br><a href="https://fw.ky.gov/More/Documents/KalerBottomsWMA_All.pdf">Official Map (official)</a><br><a href="https://app.fw.ky.gov/public_lands_search/detail.aspx?Kdfwr_id=21">Website</a><br>Use the official map first. Verify current rules, access and boundaries before activating.]]></description><Point><coordinates>-88.5297,36.841,0</coordinates></Point></Placemark>
<Placemark><name>US-10140 Kentucky Lake Wildlife Management Area</name><styleUrl>#sff4f6a2d</styleUrl><description><![CDATA[Kentucky Lake Wildlife Management Area<br>Marshall / Calloway Counties • WMA<br><a href="https://next.pota.app/park/US-10140">POTA</a><br><a href="https://fw.ky.gov/More/Documents/KentuckyLakeWMA_ALL.pdf">Official Map (official)</a><br><a href="https://app.fw.ky.gov/Public_Lands_Search/detail.aspx?Kdfwr_id=227">Website</a><br>Use the official map first. Verify current rules, access and boundaries before activating.]]></description><Point><coordinates>-88.1577,36.5633,0</coordinates></Point></Placemark>
<Placemark><name>US-10141 Kentucky Ridge Wildlife Management Area</name><styleUrl>#sff4f6a2d</styleUrl><description><![CDATA[Kentucky Ridge Wildlife Management Area<br>Bell County • WMA<br><a href="https://next.pota.app/park/US-10141">POTA</a><br><a href="https://fw.ky.gov/More/Documents/KentuckyRidgeForestWMA_ALL.pdf">Official Map (official)</a><br><a href="https://app.fw.ky.gov/Public_Lands_Search/detail.aspx?Kdfwr_id=186">Website</a><br>Use the official map first. Verify current rules, access and boundaries before activating.]]></description><Point><coordinates>-83.7708,36.7728,0</coordinates></Point></Placemark>
<Placemark><name>US-3820 Kentucky River Wildlife Management Area</name><styleUrl>#sff4f6a2d</styleUrl><description><![CDATA[Kentucky River Wildlife Management Area<br>Woodford / Franklin Counties • WMA<br><a href="https://next.pota.app/park/US-3820">POTA</a><br><a href="https://fw.ky.gov/More/Documents/KentuckyRiverWMA_All.pdf">Official Map (official)</a><br><a href="https://app.fw.ky.gov/Public_Lands_Search/detail.aspx?Kdfwr_id=169">Website</a><br>Use the official map first. Verify current rules, access and boundaries before activating.]]></description><Point><coordinates>-84.9166,38.4261,0</coordinates></Point></Placemark>
<Placemark><name>US-3821 L. B. Davison Wildlife Management Area</name><styleUrl>#sff4f6a2d</styleUrl><description><![CDATA[L. B. Davison Wildlife Management Area<br>Breckinridge County • WMA<br><a href="https://next.pota.app/park/US-3821">POTA</a><br><a href="https://fw.ky.gov/More/Documents/L.B.DavisonWMA_ALL.pdf">Official Map (official)</a><br><a href="https://fw.ky.gov/More/Documents/L.B.DavisonWMA_ALL.pdf">Website</a><br>Use the official map first. Verify current rules, access and boundaries before activating.]]></description><Point><coordinates>-86.7124,37.5503,0</coordinates></Point></Placemark>
<Placemark><name>US-3822 Lee K. Nelson Wildlife Management Area</name><styleUrl>#sff4f6a2d</styleUrl><description><![CDATA[Lee K. Nelson Wildlife Management Area<br>Muhlenberg County • WMA<br><a href="https://next.pota.app/park/US-3822">POTA</a><br><a href="https://fw.ky.gov/More/Documents/LeeKNelsonWMA_ALL.pdf">Official Map (official)</a><br><a href="https://app.fw.ky.gov/public_lands_search/detail.aspx?Kdfwr_id=9011">Website</a><br>Use the official map first. Verify current rules, access and boundaries before activating.]]></description><Point><coordinates>-87.6864,37.5013,0</coordinates></Point></Placemark>
<Placemark><name>US-12079 Little Sextons Creek Wildlife Management Area</name><styleUrl>#sff4f6a2d</styleUrl><description><![CDATA[Little Sextons Creek Wildlife Management Area<br>Leslie County • WMA<br><a href="https://next.pota.app/park/US-12079">POTA</a><br><a href="https://fw.ky.gov/More/Documents/LittleSextonsCreekWMAALL.pdf">Official Map (official)</a><br><a href="https://fw.ky.gov/more/documents/LittleSextonsCreekWMAALL.pdf">Website</a><br>Notes: Access involves a small creek ford; low-clearance vehicles not recommended.<br>Use the official map first. Verify current rules, access and boundaries before activating.]]></description><Point><coordinates>-83.7951,37.3343,0</coordinates></Point></Placemark>
<Placemark><name>US-3823 Livingston County Wildlife Management Area</name><styleUrl>#sff4f6a2d</styleUrl><description><![CDATA[Livingston County Wildlife Management Area<br>Livingston County • WMA<br><a href="https://next.pota.app/park/US-3823">POTA</a><br><a href="https://fw.ky.gov/More/Documents/LivingstonCountyWMAandStateNaturalArea_All.pdf">Official Map (official)</a><br><a href="https://app.fw.ky.gov/Public_Lands_Search/detail.aspx?Kdfwr_id=9117">Website</a><br>Use the official map first. Verify current rules, access and boundaries before activating.]]></description><Point><coordinates>-88.4189,37.3147,0</coordinates></Point></Placemark>
<Placemark><name>US-3824 Marion County Wildlife Management Area</name><styleUrl>#sff4f6a2d</styleUrl><description><![CDATA[Marion County Wildlife Management Area<br>Marion County • WMA<br><a href="https://next.pota.app/park/US-3824">POTA</a><br><a href="https://fw.ky.gov/More/Documents/MarionCountyWMAandSF_ALL.pdf">Official Map (official)</a><br><a href="https://fw.ky.gov/More/Documents/MarionCountyWMAandSF_ALL.pdf">Website</a><br>Use the official map first. Verify current rules, access and boundaries before activating.]]></description><Point><coordinates>-85.1248,37.5359,0</coordinates></Point></Placemark>
<Placemark><name>US-10145 Meadow Creek Wildlife Management Area</name><styleUrl>#sff4f6a2d</styleUrl><description><![CDATA[Meadow Creek Wildlife Management Area<br>Wayne County • WMA<br><a href="https://next.pota.app/park/US-10145">POTA</a><br><a href="https://fw.ky.gov/More/Documents/MeadowCreekWMA_all.pdf">Official Map (official)</a><br><a href="https://app.fw.ky.gov/Public_Lands_Search/detail.aspx?Kdfwr_id=9224">Website</a><br>Use the official map first. Verify current rules, access and boundaries before activating.]]></description><Point><coordinates>-84.7197,36.9268,0</coordinates></Point></Placemark>
<Placemark><name>US-10146 Mill Creek Wildlife Management Area</name><styleUrl>#sff4f6a2d</styleUrl><description><![CDATA[Mill Creek Wildlife Management Area<br>Rockcastle County • WMA<br><a href="https://next.pota.app/park/US-10146">POTA</a><br><a href="https://fw.ky.gov/More/Documents/MillCreekWMA_ALL.pdf">Official Map (official)</a><br><a href="https://app.fw.ky.gov/Public_Lands_Search/detail.aspx?Kdfwr_id=37">Website</a><br>Possible 2-fer (per agency sources, confirm first): US-4484<br>Use the official map first. Verify current rules, access and boundaries before activating.]]></description><Point><coordinates>-84.0638,37.424,0</coordinates></Point></Placemark>
<Placemark><name>US-3825 Miller Welch Wildlife Management Area</name><styleUrl>#sff4f6a2d</styleUrl><description><![CDATA[Miller Welch Wildlife Management Area<br>Fayette County • WMA<br><a href="https://next.pota.app/park/US-3825">POTA</a><br><a href="https://fw.ky.gov/More/Documents/MillerWelch-CentralKentuckyWMA_ALL.pdf">Official Map (official)</a><br><a href="https://app.fw.ky.gov/public_lands_search/detail.aspx?Kdfwr_id=15">Website</a><br>Use the official map first. Verify current rules, access and boundaries before activating.]]></description><Point><coordinates>-84.2004,37.635,0</coordinates></Point></Placemark>
<Placemark><name>US-10148 Mud Camp Creek Wildlife Management Area</name><styleUrl>#sff4f6a2d</styleUrl><description><![CDATA[Mud Camp Creek Wildlife Management Area<br>Cumberland County • WMA<br><a href="https://next.pota.app/park/US-10148">POTA</a><br><a href="https://fw.ky.gov/More/Documents/MudCreekCampWMA_All.pdf">Official Map (official)</a><br><a href="https://app.fw.ky.gov/Public_Lands_Search/detail.aspx?Kdfwr_id=146">Website</a><br>Use the official map first. Verify current rules, access and boundaries before activating.]]></description><Point><coordinates>-85.5227,36.7639,0</coordinates></Point></Placemark>
<Placemark><name>US-3826 Mullins Wildlife Management Area</name><styleUrl>#sff4f6a2d</styleUrl><description><![CDATA[Mullins Wildlife Management Area<br>Carroll County • WMA<br><a href="https://next.pota.app/park/US-3826">POTA</a><br><a href="https://fw.ky.gov/More/Documents/MullinsWMA_ALL.pdf">Official Map (official)</a><br><a href="https://fw.ky.gov/More/Documents/MullinsWMA_ALL.pdf">Website</a><br>Use the official map first. Verify current rules, access and boundaries before activating.]]></description><Point><coordinates>-84.6078,38.8037,0</coordinates></Point></Placemark>
<Placemark><name>US-3827 Obion Creek Wildlife Management Area</name><styleUrl>#sff4f6a2d</styleUrl><description><![CDATA[Obion Creek Wildlife Management Area<br>Ballard County • WMA<br><a href="https://next.pota.app/park/US-3827">POTA</a><br><a href="https://fw.ky.gov/More/Documents/ObionCreekWMA_ALL.pdf">Official Map (official)</a><br><a href="https://app.fw.ky.gov/Public_Lands_Search/detail.aspx?Kdfwr_id=176">Website</a><br>Use the official map first. Verify current rules, access and boundaries before activating.]]></description><Point><coordinates>-89.1255,36.6321,0</coordinates></Point></Placemark>
<Placemark><name>US-10153 Old Trace Creek Wildlife Management Area</name><styleUrl>#sff4f6a2d</styleUrl><description><![CDATA[Old Trace Creek Wildlife Management Area<br>Fleming County • WMA<br><a href="https://next.pota.app/park/US-10153">POTA</a><br><a href="https://fw.ky.gov/More/Documents/Old_Trace_Creek_WMA_all.pdf">Official Map (official)</a><br><a href="https://app.fw.ky.gov/Public_Lands_Search/detail.aspx?Kdfwr_id=9609">Website</a><br>Use the official map first. Verify current rules, access and boundaries before activating.]]></description><Point><coordinates>-83.277,38.3802,0</coordinates></Point></Placemark>
<Placemark><name>US-10155 Paul Van Booven Wildlife Management Area</name><styleUrl>#sff4f6a2d</styleUrl><description><![CDATA[Paul Van Booven Wildlife Management Area<br>Breathitt County • WMA<br><a href="https://next.pota.app/park/US-10155">POTA</a><br><a href="https://fw.ky.gov/More/Documents/PaulVanBoovenWMA_All.pdf">Official Map (official)</a><br><a href="https://app.fw.ky.gov/Public_Lands_Search/detail.aspx?Kdfwr_id=9105">Website</a><br>Use the official map first. Verify current rules, access and boundaries before activating.]]></description><Point><coordinates>-83.2038,37.4471,0</coordinates></Point></Placemark>
<Placemark><name>US-3828 Peabody Wildlife Management Area</name><styleUrl>#sff4f6a2d</styleUrl><description><![CDATA[Peabody Wildlife Management Area<br>Muhlenberg County • WMA<br><a href="https://next.pota.app/park/US-3828">POTA</a><br><a href="https://fw.ky.gov/More/Documents/PeabodyAll.pdf">Official Map (official)</a><br><a href="https://app.fw.ky.gov/public_lands_search/detail.aspx?Kdfwr_id=229">Website</a><br>Notes: Check website for permit requirements; interactive boundary map supplied by user.<br>Use the official map first. Verify current rules, access and boundaries before activating.]]></description><Point><coordinates>-86.8951,37.2879,0</coordinates></Point></Placemark>
<Placemark><name>US-10157 Ping-Sinking Valley Wildlife Management Area</name><styleUrl>#sff4f6a2d</styleUrl><description><![CDATA[Ping-Sinking Valley Wildlife Management Area<br>Pulaski County • WMA<br><a href="https://next.pota.app/park/US-10157">POTA</a><br><a href="https://fw.ky.gov/More/Documents/Ping-SinkingValleyWMA_All.pdf">Official Map (official)</a><br><a href="https://app.fw.ky.gov/Public_Lands_Search/detail.aspx?Kdfwr_id=9208">Website</a><br>Use the official map first. Verify current rules, access and boundaries before activating.]]></description><Point><coordinates>-84.4038,37.1835,0</coordinates></Point></Placemark>
<Placemark><name>US-10158 Pioneer Weapons Wildlife Management Area</name><styleUrl>#sff4f6a2d</styleUrl><description><![CDATA[Pioneer Weapons Wildlife Management Area<br>Bath County • WMA<br><a href="https://next.pota.app/park/US-10158">POTA</a><br><a href="https://fw.ky.gov/More/Documents/PioneerWeaponsWMA_ALL.pdf">Official Map (official)</a><br><a href="https://app.fw.ky.gov/Public_Lands_Search/detail.aspx?Kdfwr_id=36">Website</a><br>Notes: Pioneer Weapons WMA boundaries must be checked; Zilpo is separate.<br>Possible 2-fer (per agency sources, confirm first): US-4484<br>Use the official map first. Verify current rules, access and boundaries before activating.]]></description><Point><coordinates>-83.572,38.0438,0</coordinates></Point></Placemark>
<Placemark><name>US-3829 R. F. Tarter Wildlife Management Area</name><styleUrl>#sff4f6a2d</styleUrl><description><![CDATA[R. F. Tarter Wildlife Management Area<br>Adair County • WMA<br><a href="https://next.pota.app/park/US-3829">POTA</a><br><a href="https://fw.ky.gov/More/Documents/RFTarterWMA_ALL.pdf">Official Map (official)</a><br><a href="https://app.fw.ky.gov/Public_Lands_Search/detail.aspx?Kdfwr_id=171">Website</a><br>Use the official map first. Verify current rules, access and boundaries before activating.]]></description><Point><coordinates>-85.0712,37.1643,0</coordinates></Point></Placemark>
<Placemark><name>US-10159 Redbird Wildlife Management Area</name><styleUrl>#sff4f6a2d</styleUrl><description><![CDATA[Redbird Wildlife Management Area<br>Clay County • WMA<br><a href="https://next.pota.app/park/US-10159">POTA</a><br><a href="https://fw.ky.gov/More/Documents/RedbirdWMA_ALL.pdf">Official Map (official)</a><br><a href="https://app.fw.ky.gov/Public_Lands_Search/detail.aspx?Kdfwr_id=35">Website</a><br>Possible 2-fer (per agency sources, confirm first): US-4484<br>Use the official map first. Verify current rules, access and boundaries before activating.]]></description><Point><coordinates>-83.5341,37.1031,0</coordinates></Point></Placemark>
<Placemark><name>US-10160 Rockcastle River Wildlife Management Area</name><styleUrl>#sff4f6a2d</styleUrl><description><![CDATA[Rockcastle River Wildlife Management Area<br>Rockcastle County • WMA<br><a href="https://next.pota.app/park/US-10160">POTA</a><br><a href="https://fw.ky.gov/More/Documents/RockcastleRiverWMA_ALL.pdf">Official Map (official)</a><br><a href="https://app.fw.ky.gov/Public_Lands_Search/detail.aspx?Kdfwr_id=9217">Website</a><br>Use the official map first. Verify current rules, access and boundaries before activating.]]></description><Point><coordinates>-84.3509,37.1154,0</coordinates></Point></Placemark>
<Placemark><name>US-10161 Rolling Fork Wildlife Management Area</name><styleUrl>#sff4f6a2d</styleUrl><description><![CDATA[Rolling Fork Wildlife Management Area<br>LaRue County • WMA<br><a href="https://next.pota.app/park/US-10161">POTA</a><br><a href="https://fw.ky.gov/More/Documents/RollingForkWMA_all.pdf">Official Map (official)</a><br><a href="https://app.fw.ky.gov/Public_Lands_Search/detail.aspx?Kdfwr_id=9219">Website</a><br>Use the official map first. Verify current rules, access and boundaries before activating.]]></description><Point><coordinates>-85.5559,37.5365,0</coordinates></Point></Placemark>
<Placemark><name>US-10162 Ross Creek Wildlife Management Area</name><styleUrl>#sff4f6a2d</styleUrl><description><![CDATA[Ross Creek Wildlife Management Area<br>Wolfe County • WMA<br><a href="https://next.pota.app/park/US-10162">POTA</a><br><a href="https://fw.ky.gov/More/Documents/RossCreekWMAall.pdf">Official Map (official)</a><br><a href="https://app.fw.ky.gov/Public_Lands_Search/detail.aspx?Kdfwr_id=9705">Website</a><br>Use the official map first. Verify current rules, access and boundaries before activating.]]></description><Point><coordinates>-83.8571,37.604,0</coordinates></Point></Placemark>
<Placemark><name>US-10164 Shillalah Creek Wildlife Management Area</name><styleUrl>#sff4f6a2d</styleUrl><description><![CDATA[Shillalah Creek Wildlife Management Area<br>Harlan County • WMA<br><a href="https://next.pota.app/park/US-10164">POTA</a><br><a href="https://fw.ky.gov/More/Documents/ShilalahCreekWMA_ALL.pdf">Official Map (official)</a><br><a href="https://app.fw.ky.gov/Public_Lands_Search/detail.aspx?Kdfwr_id=170">Website</a><br>Use the official map first. Verify current rules, access and boundaries before activating.]]></description><Point><coordinates>-83.447,36.6981,0</coordinates></Point></Placemark>
<Placemark><name>US-10167 Simon Kenton Wildlife Management Area</name><styleUrl>#sff4f6a2d</styleUrl><description><![CDATA[Simon Kenton Wildlife Management Area<br>Bracken County • WMA<br><a href="https://next.pota.app/park/US-10167">POTA</a><br><a href="https://fw.ky.gov/More/Documents/SimonKentonWMA_all.pdf">Official Map (official)</a><br><a href="https://app.fw.ky.gov/Public_Lands_Search/detail.aspx?Kdfwr_id=9613">Website</a><br>Use the official map first. Verify current rules, access and boundaries before activating.]]></description><Point><coordinates>-83.742,38.6091,0</coordinates></Point></Placemark>
<Placemark><name>US-3830 Sloughs Wildlife Management Area</name><styleUrl>#sff4f6a2d</styleUrl><description><![CDATA[Sloughs Wildlife Management Area<br>Henderson County • WMA<br><a href="https://next.pota.app/park/US-3830">POTA</a><br><a href="https://fw.ky.gov/More/Documents/Sloughs_WMA_All.pdf">Official Map (official)</a><br><a href="https://app.fw.ky.gov/Public_Lands_Search/detail.aspx?Kdfwr_id=230">Website</a><br>Use the official map first. Verify current rules, access and boundaries before activating.]]></description><Point><coordinates>-87.7832,37.868,0</coordinates></Point></Placemark>
<Placemark><name>US-3831 South Shore Wildlife Management Area</name><styleUrl>#sff4f6a2d</styleUrl><description><![CDATA[South Shore Wildlife Management Area<br>Greenup County • WMA<br><a href="https://next.pota.app/park/US-3831">POTA</a><br><a href="https://fw.ky.gov/More/Documents/SouthShoreWMA_ALL.pdf">Official Map (official)</a><br><a href="https://fw.ky.gov/More/Documents/SouthShoreWMA_ALL.pdf">Website</a><br>Notes: WMA access is via Sparks Street/ST-1000; do not use Markwest Drive.<br>Use the official map first. Verify current rules, access and boundaries before activating.]]></description><Point><coordinates>-82.936,38.7342,0</coordinates></Point></Placemark>
<Placemark><name>US-10166 Stephens Creek Wildlife Management Area</name><styleUrl>#sff4f6a2d</styleUrl><description><![CDATA[Stephens Creek Wildlife Management Area<br>Owen County • WMA<br><a href="https://next.pota.app/park/US-10166">POTA</a><br><a href="https://fw.ky.gov/More/Documents/StephensCreekWMA_All.pdf">Official Map (official)</a><br><a href="https://app.fw.ky.gov/Public_Lands_Search/detail.aspx?Kdfwr_id=9232">Website</a><br>Use the official map first. Verify current rules, access and boundaries before activating.]]></description><Point><coordinates>-84.9704,38.7483,0</coordinates></Point></Placemark>
<Placemark><name>US-3832 Stone Mountain Wildlife Management Area</name><styleUrl>#sff4f6a2d</styleUrl><description><![CDATA[Stone Mountain Wildlife Management Area<br>Bell County • WMA<br><a href="https://next.pota.app/park/US-3832">POTA</a><br><a href="https://fw.ky.gov/More/Documents/StoneMountainWMAandStateNaturalArea_ALL.pdf">Official Map (official)</a><br><a href="https://fw.ky.gov/More/Documents/StoneMountainWMAandStateNaturalArea_ALL.pdf">Website</a><br>Use the official map first. Verify current rules, access and boundaries before activating.]]></description><Point><coordinates>-83.1445,36.7568,0</coordinates></Point></Placemark>
<Placemark><name>US-10168 Sunny Brook Wildlife Management Area</name><styleUrl>#sff4f6a2d</styleUrl><description><![CDATA[Sunny Brook Wildlife Management Area<br>Rowan County • WMA<br><a href="https://next.pota.app/park/US-10168">POTA</a><br><a href="https://fw.ky.gov/More/Documents/SunnybrookWMAall.pdf">Official Map (official)</a><br><a href="https://app.fw.ky.gov/Public_Lands_Search/detail.aspx?Kdfwr_id=9707">Website</a><br>Use the official map first. Verify current rules, access and boundaries before activating.]]></description><Point><coordinates>-83.3837,38.224,0</coordinates></Point></Placemark>
<Placemark><name>US-3833 T. N. Sullivan Wildlife Management Area</name><styleUrl>#sff4f6a2d</styleUrl><description><![CDATA[T. N. Sullivan Wildlife Management Area<br>Scott County • WMA<br><a href="https://next.pota.app/park/US-3833">POTA</a><br><a href="https://fw.ky.gov/More/Documents/TN_SullivanWMA_All.pdf">Official Map (official)</a><br><a href="https://fw.ky.gov/More/Documents/TN_SullivanWMA_All.pdf">Website</a><br>Use the official map first. Verify current rules, access and boundaries before activating.]]></description><Point><coordinates>-84.8243,38.279,0</coordinates></Point></Placemark>
<Placemark><name>US-3834 Tradewater Wildlife Management Area</name><styleUrl>#sff4f6a2d</styleUrl><description><![CDATA[Tradewater Wildlife Management Area<br>Hopkins / Webster Counties • WMA<br><a href="https://next.pota.app/park/US-3834">POTA</a><br><a href="https://fw.ky.gov/More/Documents/PennyrileStateForestandTradewaterWMA_ALL.pdf">Official Map (official)</a><br><a href="https://app.fw.ky.gov/Public_Lands_Search/detail.aspx?Kdfwr_id=128">Website</a><br>Use the official map first. Verify current rules, access and boundaries before activating.]]></description><Point><coordinates>-87.67,37.1514,0</coordinates></Point></Placemark>
<Placemark><name>US-3835 Twin Eagle Wildlife Management Area</name><styleUrl>#sff4f6a2d</styleUrl><description><![CDATA[Twin Eagle Wildlife Management Area<br>Henry County • WMA<br><a href="https://next.pota.app/park/US-3835">POTA</a><br><a href="https://fw.ky.gov/More/Documents/TwinEagleWMA_ALL.pdf">Official Map (official)</a><br><a href="https://fw.ky.gov/More/Documents/TwinEagleWMA_ALL.pdf">Website</a><br>Use the official map first. Verify current rules, access and boundaries before activating.]]></description><Point><coordinates>-85.0319,38.5747,0</coordinates></Point></Placemark>
<Placemark><name>US-10170 Twin Knobs Campground Wildlife Management Area</name><styleUrl>#sff4f6a2d</styleUrl><description><![CDATA[Twin Knobs Campground Wildlife Management Area<br>Rowan County • WMA<br><a href="https://next.pota.app/park/US-10170">POTA</a><br><a href="https://usfs-public.app.box.com/s/mkk3sln2dj49cc207476rpru4ahck6vp">Official Map (official)</a><br><a href="https://app.fw.ky.gov/Public_Lands_Search/detail.aspx?Kdfwr_id=9116">Website</a><br><a href="https://app.fw.ky.gov/Public_Lands_Search/detail.aspx?Kdfwr_id=9116">Camping</a><br>Notes: Check boundaries; campground closed in winter, other areas may be available.<br>Possible 2-fer (per agency sources, confirm first): US-4484<br>Use the official map first. Verify current rules, access and boundaries before activating.]]></description><Point><coordinates>-83.4912,38.0959,0</coordinates></Point></Placemark>
<Placemark><name>US-12083 University of the Cumberlands Wildlife Management Area</name><styleUrl>#sff4f6a2d</styleUrl><description><![CDATA[University of the Cumberlands Wildlife Management Area<br>Whitley / McCreary Counties • WMA<br><a href="https://next.pota.app/park/US-12083">POTA</a><br><a href="https://fw.ky.gov/More/Documents/University of the Cumberlands WMAAll.pdf">Official Map (official)</a><br><a href="https://app.fw.ky.gov/Public_Lands_Search/detail.aspx?Kdfwr_id=9727">Website</a><br>Notes: Multiple tracts; no internal public roads; travel within area is by foot.<br>Use the official map first. Verify current rules, access and boundaries before activating.]]></description><Point><coordinates>-84.1999,36.7034,0</coordinates></Point></Placemark>
<Placemark><name>US-3836 Veterans Memorial Wildlife Management Area</name><styleUrl>#sff4f6a2d</styleUrl><description><![CDATA[Veterans Memorial Wildlife Management Area<br>Scott County • WMA<br><a href="https://next.pota.app/park/US-3836">POTA</a><br><a href="https://fw.ky.gov/More/Documents/Veterans_Memorial_WMA_all.pdf">Official Map (official)</a><br><a href="https://app.fw.ky.gov/Public_Lands_Search/detail.aspx?Kdfwr_id=9202">Website</a><br>Use the official map first. Verify current rules, access and boundaries before activating.]]></description><Point><coordinates>-84.5571,38.3038,0</coordinates></Point></Placemark>
<Placemark><name>US-3837 West Kentucky Wildlife Management Area</name><styleUrl>#sff4f6a2d</styleUrl><description><![CDATA[West Kentucky Wildlife Management Area<br>McCracken / Ballard Counties • WMA<br><a href="https://next.pota.app/park/US-3837">POTA</a><br><a href="https://fw.ky.gov/More/Documents/West_Kentucky_WMA.pdf">Official Map (official)</a><br><a href="https://app.fw.ky.gov/public_lands_search/detail.aspx?Kdfwr_id=137">Website</a><br>Notes: User noted possibility that part of original park area changed WMA status after Dec. 2025; check updated map.<br>Use the official map first. Verify current rules, access and boundaries before activating.]]></description><Point><coordinates>-88.7978,37.1405,0</coordinates></Point></Placemark>
<Placemark><name>US-3838 Winford Wildlife Management Area</name><styleUrl>#sff4f6a2d</styleUrl><description><![CDATA[Winford Wildlife Management Area<br>Fulton County • WMA<br><a href="https://next.pota.app/park/US-3838">POTA</a><br><a href="https://fw.ky.gov/More/Documents/WinfordWMA_ALL.pdf">Official Map (official)</a><br><a href="https://fw.ky.gov/More/Documents/WinfordWMA_ALL.pdf">Website</a><br>Use the official map first. Verify current rules, access and boundaries before activating.]]></description><Point><coordinates>-89.0601,36.9273,0</coordinates></Point></Placemark>
<Placemark><name>US-3839 Yatesville Lake Wildlife Management Area</name><styleUrl>#sff4f6a2d</styleUrl><description><![CDATA[Yatesville Lake Wildlife Management Area<br>Lawrence County • WMA<br><a href="https://next.pota.app/park/US-3839">POTA</a><br><a href="https://fw.ky.gov/More/Documents/YatesvilleLakeWMA_ALL.pdf">Official Map (official)</a><br><a href="https://app.fw.ky.gov/Public_Lands_Search/detail.aspx?Kdfwr_id=23">Website</a><br>Use the official map first. Verify current rules, access and boundaries before activating.]]></description><Point><coordinates>-82.7641,38.0859,0</coordinates></Point></Placemark>
<Placemark><name>US-3840 Yellowbank Wildlife Management Area</name><styleUrl>#sff4f6a2d</styleUrl><description><![CDATA[Yellowbank Wildlife Management Area<br>Breckinridge County • WMA<br><a href="https://next.pota.app/park/US-3840">POTA</a><br><a href="https://fw.ky.gov/More/Documents/YellowbankWMA_ALL.pdf">Official Map (official)</a><br><a href="https://app.fw.ky.gov/public_lands_search/detail.aspx?Kdfwr_id=192">Website</a><br><a href="https://app.fw.ky.gov/public_lands_search/detail.aspx?Kdfwr_id=192">Camping</a><br>Use the official map first. Verify current rules, access and boundaries before activating.]]></description><Point><coordinates>-86.5133,38.0066,0</coordinates></Point></Placemark>
<Placemark><name>US-10171 Zilpo Campground Wildlife Management Area</name><styleUrl>#sff4f6a2d</styleUrl><description><![CDATA[Zilpo Campground Wildlife Management Area<br>Rowan County • WMA<br><a href="https://next.pota.app/park/US-10171">POTA</a><br><a href="https://usfs-public.app.box.com/s/q18extxpqb7ota6w4c6vpl65317w2iv0">Official Map (official)</a><br><a href="https://app.fw.ky.gov/Public_Lands_Search/detail.aspx?Kdfwr_id=9094">Website</a><br><a href="https://app.fw.ky.gov/Public_Lands_Search/detail.aspx?Kdfwr_id=9094">Camping</a><br>Notes: Closed during winter; camping may be required to visit campground. Check management.<br>Possible 2-fer (per agency sources, confirm first): US-4484<br>Use the official map first. Verify current rules, access and boundaries before activating.]]></description><Point><coordinates>-83.4972,38.0748,0</coordinates></Point></Placemark>
</Folder>
<Style id="acc_off"><IconStyle><color>ff1b4332</color><scale>0.8</scale><Icon><href>http://maps.google.com/mapfiles/kml/shapes/parking_lot.png</href></Icon></IconStyle></Style><Style id="acc_near"><IconStyle><color>ff9a9a9a</color><scale>0.7</scale><Icon><href>http://maps.google.com/mapfiles/kml/shapes/parking_lot.png</href></Icon></IconStyle></Style><Folder><name>Nearby access (check ownership) — KDFWR entrance</name><Placemark><name>US-1273 · KDFWR entrance: Barren River Lake WMA</name><styleUrl>#acc_near</styleUrl><description><![CDATA[For US-1273 Barren River Lake State Park<br>Official entrance of a different neighboring area (not this park)<br>1.5 mi from the park GPS point<br>Source: Kentucky Dept. of Fish &amp; Wildlife Resources (kygisserver.ky.gov)<br>Nearby point (within 5 mi of the park GPS). It may be outside the park — for example on Corps of Engineers or other land. Check the official map.<br><a href="https://www.google.com/maps/search/?api=1&amp;query=36.87774671,-86.05559207">Open in Google Maps</a>]]></description><Point><coordinates>-86.05559207,36.87774671,0</coordinates></Point></Placemark><Placemark><name>US-7965 · KDFWR entrance: Barren River Lake WMA</name><styleUrl>#acc_near</styleUrl><description><![CDATA[For US-7965 Brigadoon State Nature Preserve<br>Official entrance of a different neighboring area (not this park)<br>4.3 mi from the park GPS point<br>Source: Kentucky Dept. of Fish &amp; Wildlife Resources (kygisserver.ky.gov)<br>Nearby point (within 5 mi of the park GPS). It may be outside the park — for example on Corps of Engineers or other land. Check the official map.<br><a href="https://www.google.com/maps/search/?api=1&amp;query=36.87774671,-86.05559207">Open in Google Maps</a>]]></description><Point><coordinates>-86.05559207,36.87774671,0</coordinates></Point></Placemark><Placemark><name>US-1275 · KDFWR entrance: Buckhorn Lake WMA</name><styleUrl>#acc_near</styleUrl><description><![CDATA[For US-1275 Buckhorn Lake State Park<br>Official entrance of a different neighboring area (not this park)<br>2.8 mi from the park GPS point<br>Source: Kentucky Dept. of Fish &amp; Wildlife Resources (kygisserver.ky.gov)<br>Nearby point (within 5 mi of the park GPS). It may be outside the park — for example on Corps of Engineers or other land. Check the official map.<br><a href="https://www.google.com/maps/search/?api=1&amp;query=37.34131271,-83.46991215">Open in Google Maps</a>]]></description><Point><coordinates>-83.46991215,37.34131271,0</coordinates></Point></Placemark><Placemark><name>US-1251 · KDFWR entrance: Wells Hunting Access Area</name><styleUrl>#acc_near</styleUrl><description><![CDATA[For US-1251 Carr Creek State Park<br>Official entrance of a different neighboring area (not this park)<br>2.9 mi from the park GPS point<br>Source: Kentucky Dept. of Fish &amp; Wildlife Resources (kygisserver.ky.gov)<br>Nearby point (within 5 mi of the park GPS). It may be outside the park — for example on Corps of Engineers or other land. Check the official map.<br><a href="https://www.google.com/maps/search/?api=1&amp;query=37.20601363,-83.04215566">Open in Google Maps</a>]]></description><Point><coordinates>-83.04215566,37.20601363,0</coordinates></Point></Placemark><Placemark><name>US-1251 · KDFWR entrance: Carr Creek Lake WMA</name><styleUrl>#acc_near</styleUrl><description><![CDATA[For US-1251 Carr Creek State Park<br>Official entrance of a different neighboring area (not this park)<br>3.1 mi from the park GPS point<br>Source: Kentucky Dept. of Fish &amp; Wildlife Resources (kygisserver.ky.gov)<br>Nearby point (within 5 mi of the park GPS). It may be outside the park — for example on Corps of Engineers or other land. Check the official map.<br><a href="https://www.google.com/maps/search/?api=1&amp;query=37.24304806,-82.94668437">Open in Google Maps</a>]]></description><Point><coordinates>-82.94668437,37.24304806,0</coordinates></Point></Placemark><Placemark><name>US-3804 · KDFWR entrance: Martins Fork Lake WMA</name><styleUrl>#acc_near</styleUrl><description><![CDATA[For US-3804 Cranks Creek Wildlife Management Area<br>Official entrance of a different neighboring area (not this park)<br>3.7 mi from the park GPS point<br>Source: Kentucky Dept. of Fish &amp; Wildlife Resources (kygisserver.ky.gov)<br>Nearby point (within 5 mi of the park GPS). It may be outside the park — for example on Corps of Engineers or other land. Check the official map.<br><a href="https://www.google.com/maps/search/?api=1&amp;query=36.73632081,-83.25882423">Open in Google Maps</a>]]></description><Point><coordinates>-83.25882423,36.73632081,0</coordinates></Point></Placemark><Placemark><name>US-1278 · KDFWR entrance: Dale Hollow Lake WMA</name><styleUrl>#acc_near</styleUrl><description><![CDATA[For US-1278 Dale Hollow State Park<br>Official entrance of a different neighboring area (not this park)<br>3.4 mi from the park GPS point<br>Source: Kentucky Dept. of Fish &amp; Wildlife Resources (kygisserver.ky.gov)<br>Nearby point (within 5 mi of the park GPS). It may be outside the park — for example on Corps of Engineers or other land. Check the official map.<br><a href="https://www.google.com/maps/search/?api=1&amp;query=36.674476,-85.33936885">Open in Google Maps</a>]]></description><Point><coordinates>-85.33936885,36.674476,0</coordinates></Point></Placemark><Placemark><name>US-4687 · KDFWR entrance: Czar Hunting Access Area</name><styleUrl>#acc_near</styleUrl><description><![CDATA[For US-4687 Dewey Lake Wildlife Management Area<br>Official entrance of a different neighboring area (not this park)<br>2.7 mi from the park GPS point<br>Source: Kentucky Dept. of Fish &amp; Wildlife Resources (kygisserver.ky.gov)<br>Nearby point (within 5 mi of the park GPS). It may be outside the park — for example on Corps of Engineers or other land. Check the official map.<br><a href="https://www.google.com/maps/search/?api=1&amp;query=37.75870892,-82.68898077">Open in Google Maps</a>]]></description><Point><coordinates>-82.68898077,37.75870892,0</coordinates></Point></Placemark><Placemark><name>US-1255 · KDFWR entrance: RH Group Hunting Access Area</name><styleUrl>#acc_near</styleUrl><description><![CDATA[For US-1255 Fishtrap Lake Wildlife Management Area<br>Official entrance of a different neighboring area (not this park)<br>4.9 mi from the park GPS point<br>Source: Kentucky Dept. of Fish &amp; Wildlife Resources (kygisserver.ky.gov)<br>Nearby point (within 5 mi of the park GPS). It may be outside the park — for example on Corps of Engineers or other land. Check the official map.<br><a href="https://www.google.com/maps/search/?api=1&amp;query=37.50480878,-82.35817419">Open in Google Maps</a>]]></description><Point><coordinates>-82.35817419,37.50480878,0</coordinates></Point></Placemark><Placemark><name>US-1258 · KDFWR entrance: Grayson Lake WMA</name><styleUrl>#acc_near</styleUrl><description><![CDATA[For US-1258 Grayson Lake State Park<br>Official entrance of a different neighboring area (not this park)<br>3.8 mi from the park GPS point<br>Source: Kentucky Dept. of Fish &amp; Wildlife Resources (kygisserver.ky.gov)<br>Nearby point (within 5 mi of the park GPS). It may be outside the park — for example on Corps of Engineers or other land. Check the official map.<br><a href="https://www.google.com/maps/search/?api=1&amp;query=38.24213641,-82.98176806">Open in Google Maps</a>]]></description><Point><coordinates>-82.98176806,38.24213641,0</coordinates></Point></Placemark><Placemark><name>US-1259 · KDFWR entrance: Green River Lake WMA</name><styleUrl>#acc_near</styleUrl><description><![CDATA[For US-1259 Green River Lake State Park<br>Official entrance of a different neighboring area (not this park)<br>1.8 mi from the park GPS point<br>Source: Kentucky Dept. of Fish &amp; Wildlife Resources (kygisserver.ky.gov)<br>Nearby point (within 5 mi of the park GPS). It may be outside the park — for example on Corps of Engineers or other land. Check the official map.<br><a href="https://www.google.com/maps/search/?api=1&amp;query=37.29254188,-85.29981478">Open in Google Maps</a>]]></description><Point><coordinates>-85.29981478,37.29254188,0</coordinates></Point></Placemark><Placemark><name>US-1281 · KDFWR entrance: Czar Hunting Access Area</name><styleUrl>#acc_near</styleUrl><description><![CDATA[For US-1281 Jenny Wiley State Park<br>Official entrance of a different neighboring area (not this park)<br>4.8 mi from the park GPS point<br>Source: Kentucky Dept. of Fish &amp; Wildlife Resources (kygisserver.ky.gov)<br>Nearby point (within 5 mi of the park GPS). It may be outside the park — for example on Corps of Engineers or other land. Check the official map.<br><a href="https://www.google.com/maps/search/?api=1&amp;query=37.75870892,-82.68898077">Open in Google Maps</a>]]></description><Point><coordinates>-82.68898077,37.75870892,0</coordinates></Point></Placemark><Placemark><name>US-4689 · KDFWR entrance: Cumberland Forest WMA</name><styleUrl>#acc_near</styleUrl><description><![CDATA[For US-4689 Kentucky Ridge State Forest<br>Official entrance of a different neighboring area (not this park)<br>4.1 mi from the park GPS point<br>Source: Kentucky Dept. of Fish &amp; Wildlife Resources (kygisserver.ky.gov)<br>Nearby point (within 5 mi of the park GPS). It may be outside the park — for example on Corps of Engineers or other land. Check the official map.<br><a href="https://www.google.com/maps/search/?api=1&amp;query=36.63016906,-83.85767472">Open in Google Maps</a>]]></description><Point><coordinates>-83.85767472,36.63016906,0</coordinates></Point></Placemark><Placemark><name>US-3825 · KDFWR entrance: Blue Grass Army Depot</name><styleUrl>#acc_near</styleUrl><description><![CDATA[For US-3825 Miller Welch Wildlife Management Area<br>Official entrance of a different neighboring area (not this park)<br>4.3 mi from the park GPS point<br>Source: Kentucky Dept. of Fish &amp; Wildlife Resources (kygisserver.ky.gov)<br>Nearby point (within 5 mi of the park GPS). It may be outside the park — for example on Corps of Engineers or other land. Check the official map.<br><a href="https://www.google.com/maps/search/?api=1&amp;query=37.69498867,-84.18103199">Open in Google Maps</a>]]></description><Point><coordinates>-84.18103199,37.69498867,0</coordinates></Point></Placemark><Placemark><name>US-10155 · KDFWR entrance: Robinson Forest WMA</name><styleUrl>#acc_near</styleUrl><description><![CDATA[For US-10155 Paul Van Booven Wildlife Management Area<br>Official entrance of a different neighboring area (not this park)<br>0.5 mi from the park GPS point<br>Source: Kentucky Dept. of Fish &amp; Wildlife Resources (kygisserver.ky.gov)<br>Nearby point (within 5 mi of the park GPS). It may be outside the park — for example on Corps of Engineers or other land. Check the official map.<br><a href="https://www.google.com/maps/search/?api=1&amp;query=37.4502397,-83.1954113">Open in Google Maps</a>]]></description><Point><coordinates>-83.1954113,37.4502397,0</coordinates></Point></Placemark><Placemark><name>US-7963 · KDFWR entrance: Hidden Valley Training Area</name><styleUrl>#acc_near</styleUrl><description><![CDATA[For US-7963 Pilot Knob State Nature Preserve<br>Official entrance of a different neighboring area (not this park)<br>2.2 mi from the park GPS point<br>Source: Kentucky Dept. of Fish &amp; Wildlife Resources (kygisserver.ky.gov)<br>Nearby point (within 5 mi of the park GPS). It may be outside the park — for example on Corps of Engineers or other land. Check the official map.<br><a href="https://www.google.com/maps/search/?api=1&amp;query=37.89385442,-83.97777602">Open in Google Maps</a>]]></description><Point><coordinates>-83.97777602,37.89385442,0</coordinates></Point></Placemark><Placemark><name>US-1288 · KDFWR entrance: Fortner-Davis WMA</name><styleUrl>#acc_near</styleUrl><description><![CDATA[For US-1288 Pine Mountain State Park<br>Official entrance of a different neighboring area (not this park)<br>3.5 mi from the park GPS point<br>Source: Kentucky Dept. of Fish &amp; Wildlife Resources (kygisserver.ky.gov)<br>Nearby point (within 5 mi of the park GPS). It may be outside the park — for example on Corps of Engineers or other land. Check the official map.<br><a href="https://www.google.com/maps/search/?api=1&amp;query=36.69697,-83.70039924">Open in Google Maps</a>]]></description><Point><coordinates>-83.70039924,36.69697,0</coordinates></Point></Placemark><Placemark><name>US-1289 · KDFWR entrance: Rough River Lake WMA</name><styleUrl>#acc_near</styleUrl><description><![CDATA[For US-1289 Rough River Dam State Park<br>Official entrance of a different neighboring area (not this park)<br>4.2 mi from the park GPS point<br>Source: Kentucky Dept. of Fish &amp; Wildlife Resources (kygisserver.ky.gov)<br>Nearby point (within 5 mi of the park GPS). It may be outside the park — for example on Corps of Engineers or other land. Check the official map.<br><a href="https://www.google.com/maps/search/?api=1&amp;query=37.63605514,-86.43623604">Open in Google Maps</a>]]></description><Point><coordinates>-86.43623604,37.63605514,0</coordinates></Point></Placemark><Placemark><name>US-10164 · KDFWR entrance: Martins Fork WMA and State Natural Area</name><styleUrl>#acc_near</styleUrl><description><![CDATA[For US-10164 Shillalah Creek Wildlife Management Area<br>Official entrance of a different neighboring area (not this park)<br>2.5 mi from the park GPS point<br>Source: Kentucky Dept. of Fish &amp; Wildlife Resources (kygisserver.ky.gov)<br>Nearby point (within 5 mi of the park GPS). It may be outside the park — for example on Corps of Engineers or other land. Check the official map.<br><a href="https://www.google.com/maps/search/?api=1&amp;query=36.70042915,-83.40130407">Open in Google Maps</a>]]></description><Point><coordinates>-83.40130407,36.70042915,0</coordinates></Point></Placemark><Placemark><name>US-1271 · KDFWR entrance: Taylorsville Lake WMA</name><styleUrl>#acc_near</styleUrl><description><![CDATA[For US-1271 Taylorsville Lake State Park<br>Official entrance of a different neighboring area (not this park)<br>1.6 mi from the park GPS point<br>Source: Kentucky Dept. of Fish &amp; Wildlife Resources (kygisserver.ky.gov)<br>Nearby point (within 5 mi of the park GPS). It may be outside the park — for example on Corps of Engineers or other land. Check the official map.<br><a href="https://www.google.com/maps/search/?api=1&amp;query=38.01552717,-85.22572573">Open in Google Maps</a>]]></description><Point><coordinates>-85.22572573,38.01552717,0</coordinates></Point></Placemark><Placemark><name>US-10099 · KDFWR entrance: Lake Cumberland WMA</name><styleUrl>#acc_near</styleUrl><description><![CDATA[For US-10099 Wolf Creek National Fish Hatchery<br>Official entrance of a different neighboring area (not this park)<br>3.8 mi from the park GPS point<br>Source: Kentucky Dept. of Fish &amp; Wildlife Resources (kygisserver.ky.gov)<br>Nearby point (within 5 mi of the park GPS). It may be outside the park — for example on Corps of Engineers or other land. Check the official map.<br><a href="https://www.google.com/maps/search/?api=1&amp;query=36.86047605,-85.07927759">Open in Google Maps</a>]]></description><Point><coordinates>-85.07927759,36.86047605,0</coordinates></Point></Placemark></Folder><Folder><name>Nearby access (check ownership) — KDFWR fishing access</name><Placemark><name>US-3793 · KDFWR fishing access: Ballard WMA Pond</name><styleUrl>#acc_near</styleUrl><description><![CDATA[For US-3793 Ballard Wildlife Management Area<br>Ballard WMA • Bank Access • unpaved parking<br>4.8 mi from the park GPS point<br>Source: Kentucky Dept. of Fish &amp; Wildlife Resources (kygisserver.ky.gov)<br>Nearby point (within 5 mi of the park GPS). It may be outside the park — for example on Corps of Engineers or other land. Check the official map.<br><a href="https://www.google.com/maps/search/?api=1&amp;query=37.11329,-89.04555">Open in Google Maps</a>]]></description><Point><coordinates>-89.04555,37.11329,0</coordinates></Point></Placemark><Placemark><name>US-7956 · KDFWR fishing access: Cherokee Park</name><styleUrl>#acc_near</styleUrl><description><![CDATA[For US-7956 Beargrass Creek State Nature Preserve<br>Cherokee Park • Bank Access • paved parking<br>2.4 mi from the park GPS point<br>Source: Kentucky Dept. of Fish &amp; Wildlife Resources (kygisserver.ky.gov)<br>Nearby point (within 5 mi of the park GPS). It may be outside the park — for example on Corps of Engineers or other land. Check the official map.<br><a href="https://www.google.com/maps/search/?api=1&amp;query=38.24483,-85.70052">Open in Google Maps</a>]]></description><Point><coordinates>-85.70052,38.24483,0</coordinates></Point></Placemark><Placemark><name>US-7956 · KDFWR fishing access: Bandman Park</name><styleUrl>#acc_near</styleUrl><description><![CDATA[For US-7956 Beargrass Creek State Nature Preserve<br>Ohio River - Louisville • Bank Access • paved parking<br>3.9 mi from the park GPS point<br>Source: Kentucky Dept. of Fish &amp; Wildlife Resources (kygisserver.ky.gov)<br>Nearby point (within 5 mi of the park GPS). It may be outside the park — for example on Corps of Engineers or other land. Check the official map.<br><a href="https://www.google.com/maps/search/?api=1&amp;query=38.26656,-85.7224">Open in Google Maps</a>]]></description><Point><coordinates>-85.7224,38.26656,0</coordinates></Point></Placemark><Placemark><name>US-3779 · KDFWR fishing access: Big Bone State Park</name><styleUrl>#acc_near</styleUrl><description><![CDATA[For US-3779 Big Bone Lick State Historic Site<br>Big Bone State Park Lake • Bank Access • unpaved parking<br>0.3 mi from the park GPS point<br>Source: Kentucky Dept. of Fish &amp; Wildlife Resources (kygisserver.ky.gov)<br>Nearby point (within 5 mi of the park GPS). It may be outside the park — for example on Corps of Engineers or other land. Check the official map.<br><a href="https://www.google.com/maps/search/?api=1&amp;query=38.88409,-84.74368">Open in Google Maps</a>]]></description><Point><coordinates>-84.74368,38.88409,0</coordinates></Point></Placemark><Placemark><name>US-7954 · KDFWR fishing access: Fisherman's Park Lakes</name><styleUrl>#acc_near</styleUrl><description><![CDATA[For US-7954 Blackacre State Nature Preserve<br>Fisherman's Park • Bank Access • paved parking<br>1.9 mi from the park GPS point<br>Source: Kentucky Dept. of Fish &amp; Wildlife Resources (kygisserver.ky.gov)<br>Nearby point (within 5 mi of the park GPS). It may be outside the park — for example on Corps of Engineers or other land. Check the official map.<br><a href="https://www.google.com/maps/search/?api=1&amp;query=38.16718,-85.51142">Open in Google Maps</a>]]></description><Point><coordinates>-85.51142,38.16718,0</coordinates></Point></Placemark><Placemark><name>US-7954 · KDFWR fishing access: Chenoweth Park</name><styleUrl>#acc_near</styleUrl><description><![CDATA[For US-7954 Blackacre State Nature Preserve<br>Charlie Vettiner Park Lake • Bank Access • paved parking<br>2.5 mi from the park GPS point<br>Source: Kentucky Dept. of Fish &amp; Wildlife Resources (kygisserver.ky.gov)<br>Nearby point (within 5 mi of the park GPS). It may be outside the park — for example on Corps of Engineers or other land. Check the official map.<br><a href="https://www.google.com/maps/search/?api=1&amp;query=38.17261,-85.56243">Open in Google Maps</a>]]></description><Point><coordinates>-85.56243,38.17261,0</coordinates></Point></Placemark><Placemark><name>US-7954 · KDFWR fishing access: William F. Miles Wood Duck Lake</name><styleUrl>#acc_near</styleUrl><description><![CDATA[For US-7954 Blackacre State Nature Preserve<br>William F. Miles Park • Bank Access • paved parking<br>4.0 mi from the park GPS point<br>Source: Kentucky Dept. of Fish &amp; Wildlife Resources (kygisserver.ky.gov)<br>Nearby point (within 5 mi of the park GPS). It may be outside the park — for example on Corps of Engineers or other land. Check the official map.<br><a href="https://www.google.com/maps/search/?api=1&amp;query=38.22941,-85.46697">Open in Google Maps</a>]]></description><Point><coordinates>-85.46697,38.22941,0</coordinates></Point></Placemark><Placemark><name>US-7954 · KDFWR fishing access: William F. Miles Angler Lake</name><styleUrl>#acc_near</styleUrl><description><![CDATA[For US-7954 Blackacre State Nature Preserve<br>William F. Miles Park • Bank Access • paved parking<br>4.1 mi from the park GPS point<br>Source: Kentucky Dept. of Fish &amp; Wildlife Resources (kygisserver.ky.gov)<br>Nearby point (within 5 mi of the park GPS). It may be outside the park — for example on Corps of Engineers or other land. Check the official map.<br><a href="https://www.google.com/maps/search/?api=1&amp;query=38.230952,-85.466914">Open in Google Maps</a>]]></description><Point><coordinates>-85.466914,38.230952,0</coordinates></Point></Placemark><Placemark><name>US-7954 · KDFWR fishing access: William F. Miles Green Heron Lake</name><styleUrl>#acc_near</styleUrl><description><![CDATA[For US-7954 Blackacre State Nature Preserve<br>William F. Miles Park • Bank Access • paved parking<br>4.1 mi from the park GPS point<br>Source: Kentucky Dept. of Fish &amp; Wildlife Resources (kygisserver.ky.gov)<br>Nearby point (within 5 mi of the park GPS). It may be outside the park — for example on Corps of Engineers or other land. Check the official map.<br><a href="https://www.google.com/maps/search/?api=1&amp;query=38.231812,-85.46669">Open in Google Maps</a>]]></description><Point><coordinates>-85.46669,38.231812,0</coordinates></Point></Placemark><Placemark><name>US-7954 · KDFWR fishing access: William F. Miles Green Heron Lake Fishing Pier</name><styleUrl>#acc_near</styleUrl><description><![CDATA[For US-7954 Blackacre State Nature Preserve<br>William F. Miles Park • Fishing Pier • paved parking<br>4.1 mi from the park GPS point<br>Source: Kentucky Dept. of Fish &amp; Wildlife Resources (kygisserver.ky.gov)<br>Nearby point (within 5 mi of the park GPS). It may be outside the park — for example on Corps of Engineers or other land. Check the official map.<br><a href="https://www.google.com/maps/search/?api=1&amp;query=38.231849,-85.466639">Open in Google Maps</a>]]></description><Point><coordinates>-85.466639,38.231849,0</coordinates></Point></Placemark><Placemark><name>US-7954 · KDFWR fishing access: William F. Miles Snapping Turtle Lake</name><styleUrl>#acc_near</styleUrl><description><![CDATA[For US-7954 Blackacre State Nature Preserve<br>William F. Miles Park • Bank Access • paved parking<br>4.2 mi from the park GPS point<br>Source: Kentucky Dept. of Fish &amp; Wildlife Resources (kygisserver.ky.gov)<br>Nearby point (within 5 mi of the park GPS). It may be outside the park — for example on Corps of Engineers or other land. Check the official map.<br><a href="https://www.google.com/maps/search/?api=1&amp;query=38.231979,-85.465539">Open in Google Maps</a>]]></description><Point><coordinates>-85.465539,38.231979,0</coordinates></Point></Placemark><Placemark><name>US-7954 · KDFWR fishing access: William F. Miles Dragonfly Lake</name><styleUrl>#acc_near</styleUrl><description><![CDATA[For US-7954 Blackacre State Nature Preserve<br>William F. Miles Park • Bank Access • paved parking<br>4.3 mi from the park GPS point<br>Source: Kentucky Dept. of Fish &amp; Wildlife Resources (kygisserver.ky.gov)<br>Nearby point (within 5 mi of the park GPS). It may be outside the park — for example on Corps of Engineers or other land. Check the official map.<br><a href="https://www.google.com/maps/search/?api=1&amp;query=38.235186,-85.466375">Open in Google Maps</a>]]></description><Point><coordinates>-85.466375,38.235186,0</coordinates></Point></Placemark><Placemark><name>US-7954 · KDFWR fishing access: Boulder Pond</name><styleUrl>#acc_near</styleUrl><description><![CDATA[For US-7954 Blackacre State Nature Preserve<br>Floyd's Fork • Bank Access • paved parking<br>4.6 mi from the park GPS point<br>Source: Kentucky Dept. of Fish &amp; Wildlife Resources (kygisserver.ky.gov)<br>Nearby point (within 5 mi of the park GPS). It may be outside the park — for example on Corps of Engineers or other land. Check the official map.<br><a href="https://www.google.com/maps/search/?api=1&amp;query=38.126339,-85.530909">Open in Google Maps</a>]]></description><Point><coordinates>-85.530909,38.126339,0</coordinates></Point></Placemark><Placemark><name>US-3797 · KDFWR fishing access: Ballard WMA Pond</name><styleUrl>#acc_near</styleUrl><description><![CDATA[For US-3797 Boatwright Wildlife Management Area<br>Ballard WMA • Bank Access • unpaved parking<br>2.9 mi from the park GPS point<br>Source: Kentucky Dept. of Fish &amp; Wildlife Resources (kygisserver.ky.gov)<br>Nearby point (within 5 mi of the park GPS). It may be outside the park — for example on Corps of Engineers or other land. Check the official map.<br><a href="https://www.google.com/maps/search/?api=1&amp;query=37.11329,-89.04555">Open in Google Maps</a>]]></description><Point><coordinates>-89.04555,37.11329,0</coordinates></Point></Placemark><Placemark><name>US-3781 · KDFWR fishing access: Elkhorn City Park</name><styleUrl>#acc_near</styleUrl><description><![CDATA[For US-3781 Breaks Interstate State Park<br>Russell Fork • Bank Access • unpaved parking<br>2.2 mi from the park GPS point<br>Source: Kentucky Dept. of Fish &amp; Wildlife Resources (kygisserver.ky.gov)<br>Nearby point (within 5 mi of the park GPS). It may be outside the park — for example on Corps of Engineers or other land. Check the official map.<br><a href="https://www.google.com/maps/search/?api=1&amp;query=37.30422,-82.3517">Open in Google Maps</a>]]></description><Point><coordinates>-82.3517,37.30422,0</coordinates></Point></Placemark><Placemark><name>US-1275 · KDFWR fishing access: Buckhorn Tailwater</name><styleUrl>#acc_near</styleUrl><description><![CDATA[For US-1275 Buckhorn Lake State Park<br>Buckhorn Lake • Bank Access • paved parking<br>3.1 mi from the park GPS point<br>Source: Kentucky Dept. of Fish &amp; Wildlife Resources (kygisserver.ky.gov)<br>Nearby point (within 5 mi of the park GPS). It may be outside the park — for example on Corps of Engineers or other land. Check the official map.<br><a href="https://www.google.com/maps/search/?api=1&amp;query=37.34633,-83.46959">Open in Google Maps</a>]]></description><Point><coordinates>-83.46959,37.34633,0</coordinates></Point></Placemark><Placemark><name>US-10121 · KDFWR fishing access: LRL Tailwater</name><styleUrl>#acc_near</styleUrl><description><![CDATA[For US-10121 Cane Creek Wildlife Management Area<br>Laurel River Lake • Bank Access • paved parking<br>2.5 mi from the park GPS point<br>Source: Kentucky Dept. of Fish &amp; Wildlife Resources (kygisserver.ky.gov)<br>Nearby point (within 5 mi of the park GPS). It may be outside the park — for example on Corps of Engineers or other land. Check the official map.<br><a href="https://www.google.com/maps/search/?api=1&amp;query=36.96269,-84.27242">Open in Google Maps</a>]]></description><Point><coordinates>-84.27242,36.96269,0</coordinates></Point></Placemark><Placemark><name>US-1251 · KDFWR fishing access: Carr Creek Tailwater</name><styleUrl>#acc_near</styleUrl><description><![CDATA[For US-1251 Carr Creek State Park<br>Carr Creek Lake • Bank Access • paved parking<br>1.8 mi from the park GPS point<br>Source: Kentucky Dept. of Fish &amp; Wildlife Resources (kygisserver.ky.gov)<br>Nearby point (within 5 mi of the park GPS). It may be outside the park — for example on Corps of Engineers or other land. Check the official map.<br><a href="https://www.google.com/maps/search/?api=1&amp;query=37.23202,-83.0332">Open in Google Maps</a>]]></description><Point><coordinates>-83.0332,37.23202,0</coordinates></Point></Placemark><Placemark><name>US-3800 · KDFWR fishing access: Cedar Creek Bank Fishing Area</name><styleUrl>#acc_near</styleUrl><description><![CDATA[For US-3800 Cedar Creek Lake Wildlife Management Area<br>Cedar Creek Lake • Bank Access • unpaved parking<br>1.1 mi from the park GPS point<br>Source: Kentucky Dept. of Fish &amp; Wildlife Resources (kygisserver.ky.gov)<br>Nearby point (within 5 mi of the park GPS). It may be outside the park — for example on Corps of Engineers or other land. Check the official map.<br><a href="https://www.google.com/maps/search/?api=1&amp;query=37.488309,-84.54566">Open in Google Maps</a>]]></description><Point><coordinates>-84.54566,37.488309,0</coordinates></Point></Placemark><Placemark><name>US-3800 · KDFWR fishing access: Cedar Creek Lake Fishing Pier</name><styleUrl>#acc_near</styleUrl><description><![CDATA[For US-3800 Cedar Creek Lake Wildlife Management Area<br>Cedar Creek Lake • Fishing Pier • paved parking<br>1.4 mi from the park GPS point<br>Source: Kentucky Dept. of Fish &amp; Wildlife Resources (kygisserver.ky.gov)<br>Nearby point (within 5 mi of the park GPS). It may be outside the park — for example on Corps of Engineers or other land. Check the official map.<br><a href="https://www.google.com/maps/search/?api=1&amp;query=37.456087,-84.549482">Open in Google Maps</a>]]></description><Point><coordinates>-84.549482,37.456087,0</coordinates></Point></Placemark><Placemark><name>US-10124 · KDFWR fishing access: Clay North Pond</name><styleUrl>#acc_near</styleUrl><description><![CDATA[For US-10124 Clay Wildlife Management Area<br>Clay WMA Ponds • Bank Access • unpaved parking<br>0.9 mi from the park GPS point<br>Source: Kentucky Dept. of Fish &amp; Wildlife Resources (kygisserver.ky.gov)<br>Nearby point (within 5 mi of the park GPS). It may be outside the park — for example on Corps of Engineers or other land. Check the official map.<br><a href="https://www.google.com/maps/search/?api=1&amp;query=38.34983,-83.907">Open in Google Maps</a>]]></description><Point><coordinates>-83.907,38.34983,0</coordinates></Point></Placemark><Placemark><name>US-10124 · KDFWR fishing access: Clay South Pond</name><styleUrl>#acc_near</styleUrl><description><![CDATA[For US-10124 Clay Wildlife Management Area<br>Clay WMA Ponds • Bank Access • unpaved parking<br>2.2 mi from the park GPS point<br>Source: Kentucky Dept. of Fish &amp; Wildlife Resources (kygisserver.ky.gov)<br>Nearby point (within 5 mi of the park GPS). It may be outside the park — for example on Corps of Engineers or other land. Check the official map.<br><a href="https://www.google.com/maps/search/?api=1&amp;query=38.32112,-83.88774">Open in Google Maps</a>]]></description><Point><coordinates>-83.88774,38.32112,0</coordinates></Point></Placemark><Placemark><name>US-3801 · KDFWR fishing access: 715 Bridge Fishing Access</name><styleUrl>#acc_near</styleUrl><description><![CDATA[For US-3801 Clifty Wilderness Area<br>Red River • Bank Access • unpaved parking<br>0.5 mi from the park GPS point<br>Source: Kentucky Dept. of Fish &amp; Wildlife Resources (kygisserver.ky.gov)<br>Nearby point (within 5 mi of the park GPS). It may be outside the park — for example on Corps of Engineers or other land. Check the official map.<br><a href="https://www.google.com/maps/search/?api=1&amp;query=37.81951,-83.57471">Open in Google Maps</a>]]></description><Point><coordinates>-83.57471,37.81951,0</coordinates></Point></Placemark><Placemark><name>US-3801 · KDFWR fishing access: Swift Camp Creek Fishing Access</name><styleUrl>#acc_near</styleUrl><description><![CDATA[For US-3801 Clifty Wilderness Area<br>Swift Camp Creek • Bank Access • unpaved parking<br>1.1 mi from the park GPS point<br>Source: Kentucky Dept. of Fish &amp; Wildlife Resources (kygisserver.ky.gov)<br>Nearby point (within 5 mi of the park GPS). It may be outside the park — for example on Corps of Engineers or other land. Check the official map.<br><a href="https://www.google.com/maps/search/?api=1&amp;query=37.813351,-83.582722">Open in Google Maps</a>]]></description><Point><coordinates>-83.582722,37.813351,0</coordinates></Point></Placemark><Placemark><name>US-3802 · KDFWR fishing access: Lower Sportsman's Lake</name><styleUrl>#acc_near</styleUrl><description><![CDATA[For US-3802 Clyde E Buckley Sanctuary<br>Sportsman's Lakes • Bank Access • paved parking<br>4.5 mi from the park GPS point<br>Source: Kentucky Dept. of Fish &amp; Wildlife Resources (kygisserver.ky.gov)<br>Nearby point (within 5 mi of the park GPS). It may be outside the park — for example on Corps of Engineers or other land. Check the official map.<br><a href="https://www.google.com/maps/search/?api=1&amp;query=38.173207,-84.923255">Open in Google Maps</a>]]></description><Point><coordinates>-84.923255,38.173207,0</coordinates></Point></Placemark><Placemark><name>US-3802 · KDFWR fishing access: Upper Sportman's Lake</name><styleUrl>#acc_near</styleUrl><description><![CDATA[For US-3802 Clyde E Buckley Sanctuary<br>Sportsman's Lakes • Fishing Pier • paved parking<br>4.6 mi from the park GPS point<br>Source: Kentucky Dept. of Fish &amp; Wildlife Resources (kygisserver.ky.gov)<br>Nearby point (within 5 mi of the park GPS). It may be outside the park — for example on Corps of Engineers or other land. Check the official map.<br><a href="https://www.google.com/maps/search/?api=1&amp;query=38.173989,-84.922899">Open in Google Maps</a>]]></description><Point><coordinates>-84.922899,38.173989,0</coordinates></Point></Placemark><Placemark><name>US-3804 · KDFWR fishing access: MFL Tailwater</name><styleUrl>#acc_near</styleUrl><description><![CDATA[For US-3804 Cranks Creek Wildlife Management Area<br>Martins Fork Lake • Bank Access • paved parking<br>3.4 mi from the park GPS point<br>Source: Kentucky Dept. of Fish &amp; Wildlife Resources (kygisserver.ky.gov)<br>Nearby point (within 5 mi of the park GPS). It may be outside the park — for example on Corps of Engineers or other land. Check the official map.<br><a href="https://www.google.com/maps/search/?api=1&amp;query=36.7511865,-83.2570512">Open in Google Maps</a>]]></description><Point><coordinates>-83.2570512,36.7511865,0</coordinates></Point></Placemark><Placemark><name>US-3804 · KDFWR fishing access: Martins Fork Lake Fishing Pier</name><styleUrl>#acc_near</styleUrl><description><![CDATA[For US-3804 Cranks Creek Wildlife Management Area<br>Martins Fork Lake • Fishing Pier • paved parking<br>3.6 mi from the park GPS point<br>Source: Kentucky Dept. of Fish &amp; Wildlife Resources (kygisserver.ky.gov)<br>Nearby point (within 5 mi of the park GPS). It may be outside the park — for example on Corps of Engineers or other land. Check the official map.<br><a href="https://www.google.com/maps/search/?api=1&amp;query=36.736719,-83.256779">Open in Google Maps</a>]]></description><Point><coordinates>-83.256779,36.736719,0</coordinates></Point></Placemark><Placemark><name>US-3805 · KDFWR fishing access: Leary Lake Fishing Pier</name><styleUrl>#acc_near</styleUrl><description><![CDATA[For US-3805 Curtis Gates Lloyd Wildlife Management Area<br>Leary Lake • Fishing Pier • unpaved parking<br>0.5 mi from the park GPS point<br>Source: Kentucky Dept. of Fish &amp; Wildlife Resources (kygisserver.ky.gov)<br>Nearby point (within 5 mi of the park GPS). It may be outside the park — for example on Corps of Engineers or other land. Check the official map.<br><a href="https://www.google.com/maps/search/?api=1&amp;query=38.770286,-84.597259">Open in Google Maps</a>]]></description><Point><coordinates>-84.597259,38.770286,0</coordinates></Point></Placemark><Placemark><name>US-3805 · KDFWR fishing access: Leary Lake</name><styleUrl>#acc_near</styleUrl><description><![CDATA[For US-3805 Curtis Gates Lloyd Wildlife Management Area<br>Leary Lake • Bank Access • unpaved parking<br>0.5 mi from the park GPS point<br>Source: Kentucky Dept. of Fish &amp; Wildlife Resources (kygisserver.ky.gov)<br>Nearby point (within 5 mi of the park GPS). It may be outside the park — for example on Corps of Engineers or other land. Check the official map.<br><a href="https://www.google.com/maps/search/?api=1&amp;query=38.77038,-84.59727">Open in Google Maps</a>]]></description><Point><coordinates>-84.59727,38.77038,0</coordinates></Point></Placemark><Placemark><name>US-9756 · KDFWR fishing access: Gunpowder Creek Fishing Access</name><styleUrl>#acc_near</styleUrl><description><![CDATA[For US-9756 Decker Wildlife Management Area<br>Gunpowder Creek • Bank Access • paved parking<br>2.2 mi from the park GPS point<br>Source: Kentucky Dept. of Fish &amp; Wildlife Resources (kygisserver.ky.gov)<br>Nearby point (within 5 mi of the park GPS). It may be outside the park — for example on Corps of Engineers or other land. Check the official map.<br><a href="https://www.google.com/maps/search/?api=1&amp;query=39.007299,-84.727303">Open in Google Maps</a>]]></description><Point><coordinates>-84.727303,39.007299,0</coordinates></Point></Placemark><Placemark><name>US-9756 · KDFWR fishing access: Camp Ernst Lake Fishing Pier</name><styleUrl>#acc_near</styleUrl><description><![CDATA[For US-9756 Decker Wildlife Management Area<br>Camp Ernst Lake • Fishing Pier • unpaved parking<br>2.7 mi from the park GPS point<br>Source: Kentucky Dept. of Fish &amp; Wildlife Resources (kygisserver.ky.gov)<br>Nearby point (within 5 mi of the park GPS). It may be outside the park — for example on Corps of Engineers or other land. Check the official map.<br><a href="https://www.google.com/maps/search/?api=1&amp;query=38.9958549,-84.7118071">Open in Google Maps</a>]]></description><Point><coordinates>-84.7118071,38.9958549,0</coordinates></Point></Placemark><Placemark><name>US-9756 · KDFWR fishing access: Inglewood-Idlewidle Park Lakes</name><styleUrl>#acc_near</styleUrl><description><![CDATA[For US-9756 Decker Wildlife Management Area<br>Inglewood Park Lake • Bank Access • unpaved parking<br>3.7 mi from the park GPS point<br>Source: Kentucky Dept. of Fish &amp; Wildlife Resources (kygisserver.ky.gov)<br>Nearby point (within 5 mi of the park GPS). It may be outside the park — for example on Corps of Engineers or other land. Check the official map.<br><a href="https://www.google.com/maps/search/?api=1&amp;query=39.03741,-84.7309">Open in Google Maps</a>]]></description><Point><coordinates>-84.7309,39.03741,0</coordinates></Point></Placemark><Placemark><name>US-4687 · KDFWR fishing access: Dewey Lake Tailwater</name><styleUrl>#acc_near</styleUrl><description><![CDATA[For US-4687 Dewey Lake Wildlife Management Area<br>Dewey Lake • Bank Access • paved parking<br>0.2 mi from the park GPS point<br>Source: Kentucky Dept. of Fish &amp; Wildlife Resources (kygisserver.ky.gov)<br>Nearby point (within 5 mi of the park GPS). It may be outside the park — for example on Corps of Engineers or other land. Check the official map.<br><a href="https://www.google.com/maps/search/?api=1&amp;query=37.7375,-82.73144">Open in Google Maps</a>]]></description><Point><coordinates>-82.73144,37.7375,0</coordinates></Point></Placemark><Placemark><name>US-3807 · KDFWR fishing access: Cedar Creek Bank Fishing Area</name><styleUrl>#acc_near</styleUrl><description><![CDATA[For US-3807 Dix River Wildlife Management Area<br>Cedar Creek Lake • Bank Access • unpaved parking<br>2.5 mi from the park GPS point<br>Source: Kentucky Dept. of Fish &amp; Wildlife Resources (kygisserver.ky.gov)<br>Nearby point (within 5 mi of the park GPS). It may be outside the park — for example on Corps of Engineers or other land. Check the official map.<br><a href="https://www.google.com/maps/search/?api=1&amp;query=37.488309,-84.54566">Open in Google Maps</a>]]></description><Point><coordinates>-84.54566,37.488309,0</coordinates></Point></Placemark><Placemark><name>US-3807 · KDFWR fishing access: Cedar Creek Lake Fishing Pier</name><styleUrl>#acc_near</styleUrl><description><![CDATA[For US-3807 Dix River Wildlife Management Area<br>Cedar Creek Lake • Fishing Pier • paved parking<br>3.6 mi from the park GPS point<br>Source: Kentucky Dept. of Fish &amp; Wildlife Resources (kygisserver.ky.gov)<br>Nearby point (within 5 mi of the park GPS). It may be outside the park — for example on Corps of Engineers or other land. Check the official map.<br><a href="https://www.google.com/maps/search/?api=1&amp;query=37.456087,-84.549482">Open in Google Maps</a>]]></description><Point><coordinates>-84.549482,37.456087,0</coordinates></Point></Placemark><Placemark><name>US-3810 · KDFWR fishing access: Big Bone State Park</name><styleUrl>#acc_near</styleUrl><description><![CDATA[For US-3810 Dr. Norman And Martha Adair Wildlife Management Area<br>Big Bone State Park Lake • Bank Access • unpaved parking<br>2.6 mi from the park GPS point<br>Source: Kentucky Dept. of Fish &amp; Wildlife Resources (kygisserver.ky.gov)<br>Nearby point (within 5 mi of the park GPS). It may be outside the park — for example on Corps of Engineers or other land. Check the official map.<br><a href="https://www.google.com/maps/search/?api=1&amp;query=38.88409,-84.74368">Open in Google Maps</a>]]></description><Point><coordinates>-84.74368,38.88409,0</coordinates></Point></Placemark><Placemark><name>US-3782 · KDFWR fishing access: Brickyard Pond</name><styleUrl>#acc_near</styleUrl><description><![CDATA[For US-3782 Dr. Thomas Walker State Historic Site<br>Brickyard Pond • Bank Access • paved parking<br>3.1 mi from the park GPS point<br>Source: Kentucky Dept. of Fish &amp; Wildlife Resources (kygisserver.ky.gov)<br>Nearby point (within 5 mi of the park GPS). It may be outside the park — for example on Corps of Engineers or other land. Check the official map.<br><a href="https://www.google.com/maps/search/?api=1&amp;query=36.87529,-83.88388">Open in Google Maps</a>]]></description><Point><coordinates>-83.88388,36.87529,0</coordinates></Point></Placemark><Placemark><name>US-3782 · KDFWR fishing access: Brickyard Pond Fishing Pier</name><styleUrl>#acc_near</styleUrl><description><![CDATA[For US-3782 Dr. Thomas Walker State Historic Site<br>Brickyard Pond • Fishing Pier • paved parking<br>3.2 mi from the park GPS point<br>Source: Kentucky Dept. of Fish &amp; Wildlife Resources (kygisserver.ky.gov)<br>Nearby point (within 5 mi of the park GPS). It may be outside the park — for example on Corps of Engineers or other land. Check the official map.<br><a href="https://www.google.com/maps/search/?api=1&amp;query=36.877249,-83.884883">Open in Google Maps</a>]]></description><Point><coordinates>-83.884883,36.877249,0</coordinates></Point></Placemark><Placemark><name>US-7968 · KDFWR fishing access: Highsplint Lake Bank Access</name><styleUrl>#acc_near</styleUrl><description><![CDATA[For US-7968 E. Lucy Braun State Nature Preserve<br>Highsplint Lake • Bank Access • unpaved parking<br>4.0 mi from the park GPS point<br>Source: Kentucky Dept. of Fish &amp; Wildlife Resources (kygisserver.ky.gov)<br>Nearby point (within 5 mi of the park GPS). It may be outside the park — for example on Corps of Engineers or other land. Check the official map.<br><a href="https://www.google.com/maps/search/?api=1&amp;query=36.907058,-83.112939">Open in Google Maps</a>]]></description><Point><coordinates>-83.112939,36.907058,0</coordinates></Point></Placemark><Placemark><name>US-3811 · KDFWR fishing access: Ed Mabry-Laurel Gorge WMA</name><styleUrl>#acc_near</styleUrl><description><![CDATA[For US-3811 Ed Mabry-Laurel Gorge Wildlife Management Area<br>Laurel Creek • Bank Access • unpaved parking<br>0.2 mi from the park GPS point<br>Source: Kentucky Dept. of Fish &amp; Wildlife Resources (kygisserver.ky.gov)<br>Nearby point (within 5 mi of the park GPS). It may be outside the park — for example on Corps of Engineers or other land. Check the official map.<br><a href="https://www.google.com/maps/search/?api=1&amp;query=38.129136,-83.189707">Open in Google Maps</a>]]></description><Point><coordinates>-83.189707,38.129136,0</coordinates></Point></Placemark><Placemark><name>US-1255 · KDFWR fishing access: Fishtrap Tailwater</name><styleUrl>#acc_near</styleUrl><description><![CDATA[For US-1255 Fishtrap Lake Wildlife Management Area<br>Fishtrap Lake • Bank Access • paved parking<br>3.6 mi from the park GPS point<br>Source: Kentucky Dept. of Fish &amp; Wildlife Resources (kygisserver.ky.gov)<br>Nearby point (within 5 mi of the park GPS). It may be outside the park — for example on Corps of Engineers or other land. Check the official map.<br><a href="https://www.google.com/maps/search/?api=1&amp;query=37.42929,-82.41519">Open in Google Maps</a>]]></description><Point><coordinates>-82.41519,37.42929,0</coordinates></Point></Placemark><Placemark><name>US-1279 · KDFWR fishing access: General Butler State Park</name><styleUrl>#acc_near</styleUrl><description><![CDATA[For US-1279 General Butler State Park<br>General Butler State Park Lake • Bank Access • paved parking<br>0.1 mi from the park GPS point<br>Source: Kentucky Dept. of Fish &amp; Wildlife Resources (kygisserver.ky.gov)<br>Nearby point (within 5 mi of the park GPS). It may be outside the park — for example on Corps of Engineers or other land. Check the official map.<br><a href="https://www.google.com/maps/search/?api=1&amp;query=38.66713,-85.14735">Open in Google Maps</a>]]></description><Point><coordinates>-85.14735,38.66713,0</coordinates></Point></Placemark><Placemark><name>US-1279 · KDFWR fishing access: General Butler Handicapped Fishing Pier</name><styleUrl>#acc_near</styleUrl><description><![CDATA[For US-1279 General Butler State Park<br>General Butler State Park Lake • Fishing Pier • paved parking<br>0.1 mi from the park GPS point<br>Source: Kentucky Dept. of Fish &amp; Wildlife Resources (kygisserver.ky.gov)<br>Nearby point (within 5 mi of the park GPS). It may be outside the park — for example on Corps of Engineers or other land. Check the official map.<br><a href="https://www.google.com/maps/search/?api=1&amp;query=38.66755,-85.1473">Open in Google Maps</a>]]></description><Point><coordinates>-85.1473,38.66755,0</coordinates></Point></Placemark><Placemark><name>US-1258 · KDFWR fishing access: Grayson Fishing Pier</name><styleUrl>#acc_near</styleUrl><description><![CDATA[For US-1258 Grayson Lake State Park<br>Grayson Lake • Fishing Pier • paved parking<br>4.2 mi from the park GPS point<br>Source: Kentucky Dept. of Fish &amp; Wildlife Resources (kygisserver.ky.gov)<br>Nearby point (within 5 mi of the park GPS). It may be outside the park — for example on Corps of Engineers or other land. Check the official map.<br><a href="https://www.google.com/maps/search/?api=1&amp;query=38.25055,-82.98579">Open in Google Maps</a>]]></description><Point><coordinates>-82.98579,38.25055,0</coordinates></Point></Placemark><Placemark><name>US-1258 · KDFWR fishing access: Grayson Lake Tailwater</name><styleUrl>#acc_near</styleUrl><description><![CDATA[For US-1258 Grayson Lake State Park<br>Grayson Lake • Bank Access • unpaved parking<br>4.3 mi from the park GPS point<br>Source: Kentucky Dept. of Fish &amp; Wildlife Resources (kygisserver.ky.gov)<br>Nearby point (within 5 mi of the park GPS). It may be outside the park — for example on Corps of Engineers or other land. Check the official map.<br><a href="https://www.google.com/maps/search/?api=1&amp;query=38.25473,-82.99001">Open in Google Maps</a>]]></description><Point><coordinates>-82.99001,38.25473,0</coordinates></Point></Placemark><Placemark><name>US-1259 · KDFWR fishing access: Corps Office</name><styleUrl>#acc_near</styleUrl><description><![CDATA[For US-1259 Green River Lake State Park<br>Green River Lake • Bank Access • paved parking<br>2.1 mi from the park GPS point<br>Source: Kentucky Dept. of Fish &amp; Wildlife Resources (kygisserver.ky.gov)<br>Nearby point (within 5 mi of the park GPS). It may be outside the park — for example on Corps of Engineers or other land. Check the official map.<br><a href="https://www.google.com/maps/search/?api=1&amp;query=37.24415,-85.33664">Open in Google Maps</a>]]></description><Point><coordinates>-85.33664,37.24415,0</coordinates></Point></Placemark><Placemark><name>US-1259 · KDFWR fishing access: Green River Lake Fishing Pier 1</name><styleUrl>#acc_near</styleUrl><description><![CDATA[For US-1259 Green River Lake State Park<br>Green River Lake • Fishing Pier • paved parking<br>2.9 mi from the park GPS point<br>Source: Kentucky Dept. of Fish &amp; Wildlife Resources (kygisserver.ky.gov)<br>Nearby point (within 5 mi of the park GPS). It may be outside the park — for example on Corps of Engineers or other land. Check the official map.<br><a href="https://www.google.com/maps/search/?api=1&amp;query=37.231991,-85.337206">Open in Google Maps</a>]]></description><Point><coordinates>-85.337206,37.231991,0</coordinates></Point></Placemark><Placemark><name>US-1259 · KDFWR fishing access: Green River Lake Fishing Pier 2</name><styleUrl>#acc_near</styleUrl><description><![CDATA[For US-1259 Green River Lake State Park<br>Green River Lake • Fishing Pier • paved parking<br>4.4 mi from the park GPS point<br>Source: Kentucky Dept. of Fish &amp; Wildlife Resources (kygisserver.ky.gov)<br>Nearby point (within 5 mi of the park GPS). It may be outside the park — for example on Corps of Engineers or other land. Check the official map.<br><a href="https://www.google.com/maps/search/?api=1&amp;query=37.220572,-85.268632">Open in Google Maps</a>]]></description><Point><coordinates>-85.268632,37.220572,0</coordinates></Point></Placemark><Placemark><name>US-1280 · KDFWR fishing access: Dam area - Greenbo Lake State Park</name><styleUrl>#acc_near</styleUrl><description><![CDATA[For US-1280 Greenbo Lake State Park<br>Greenbo Lake • Bank Access • unpaved parking<br>0.9 mi from the park GPS point<br>Source: Kentucky Dept. of Fish &amp; Wildlife Resources (kygisserver.ky.gov)<br>Nearby point (within 5 mi of the park GPS). It may be outside the park — for example on Corps of Engineers or other land. Check the official map.<br><a href="https://www.google.com/maps/search/?api=1&amp;query=38.49137,-82.86529">Open in Google Maps</a>]]></description><Point><coordinates>-82.86529,38.49137,0</coordinates></Point></Placemark><Placemark><name>US-3815 · KDFWR fishing access: Mauzy Lake Access Pier</name><styleUrl>#acc_near</styleUrl><description><![CDATA[For US-3815 Higginson-Henry Wildlife Management Area<br>Higginson-Henry WMA • Fishing Pier • unpaved parking<br>0.1 mi from the park GPS point<br>Source: Kentucky Dept. of Fish &amp; Wildlife Resources (kygisserver.ky.gov)<br>Nearby point (within 5 mi of the park GPS). It may be outside the park — for example on Corps of Engineers or other land. Check the official map.<br><a href="https://www.google.com/maps/search/?api=1&amp;query=37.617507,-87.855379">Open in Google Maps</a>]]></description><Point><coordinates>-87.855379,37.617507,0</coordinates></Point></Placemark><Placemark><name>US-1281 · KDFWR fishing access: Dewey Lake Tailwater</name><styleUrl>#acc_near</styleUrl><description><![CDATA[For US-1281 Jenny Wiley State Park<br>Dewey Lake • Bank Access • paved parking<br>2.9 mi from the park GPS point<br>Source: Kentucky Dept. of Fish &amp; Wildlife Resources (kygisserver.ky.gov)<br>Nearby point (within 5 mi of the park GPS). It may be outside the park — for example on Corps of Engineers or other land. Check the official map.<br><a href="https://www.google.com/maps/search/?api=1&amp;query=37.7375,-82.73144">Open in Google Maps</a>]]></description><Point><coordinates>-82.73144,37.7375,0</coordinates></Point></Placemark><Placemark><name>US-7961 · KDFWR fishing access: Dam area - Greenbo Lake State Park</name><styleUrl>#acc_near</styleUrl><description><![CDATA[For US-7961 Jesse Stuart State Nature Preserve<br>Greenbo Lake • Bank Access • unpaved parking<br>4.1 mi from the park GPS point<br>Source: Kentucky Dept. of Fish &amp; Wildlife Resources (kygisserver.ky.gov)<br>Nearby point (within 5 mi of the park GPS). It may be outside the park — for example on Corps of Engineers or other land. Check the official map.<br><a href="https://www.google.com/maps/search/?api=1&amp;query=38.49137,-82.86529">Open in Google Maps</a>]]></description><Point><coordinates>-82.86529,38.49137,0</coordinates></Point></Placemark><Placemark><name>US-3816 · KDFWR fishing access: Kleber WMA</name><styleUrl>#acc_near</styleUrl><description><![CDATA[For US-3816 John A. Kleber Wildlife Management Area<br>Kleber WMA Pond • Bank Access • unpaved parking<br>2.0 mi from the park GPS point<br>Source: Kentucky Dept. of Fish &amp; Wildlife Resources (kygisserver.ky.gov)<br>Nearby point (within 5 mi of the park GPS). It may be outside the park — for example on Corps of Engineers or other land. Check the official map.<br><a href="https://www.google.com/maps/search/?api=1&amp;query=38.32958,-84.78243">Open in Google Maps</a>]]></description><Point><coordinates>-84.78243,38.32958,0</coordinates></Point></Placemark><Placemark><name>US-10173 · KDFWR fishing access: Kentucky Horse Park Man O' War Moat</name><styleUrl>#acc_near</styleUrl><description><![CDATA[For US-10173 Kentucky Horse Park<br>Kentucky Horse Park • Bank Access • paved parking<br>0.1 mi from the park GPS point<br>Source: Kentucky Dept. of Fish &amp; Wildlife Resources (kygisserver.ky.gov)<br>Nearby point (within 5 mi of the park GPS). It may be outside the park — for example on Corps of Engineers or other land. Check the official map.<br><a href="https://www.google.com/maps/search/?api=1&amp;query=38.148579,-84.520465">Open in Google Maps</a>]]></description><Point><coordinates>-84.520465,38.148579,0</coordinates></Point></Placemark><Placemark><name>US-10173 · KDFWR fishing access: Kentucky Horse Park-Rolex Lake</name><styleUrl>#acc_near</styleUrl><description><![CDATA[For US-10173 Kentucky Horse Park<br>Kentucky Horse Park • Bank Access • paved parking<br>0.3 mi from the park GPS point<br>Source: Kentucky Dept. of Fish &amp; Wildlife Resources (kygisserver.ky.gov)<br>Nearby point (within 5 mi of the park GPS). It may be outside the park — for example on Corps of Engineers or other land. Check the official map.<br><a href="https://www.google.com/maps/search/?api=1&amp;query=38.150468,-84.514501">Open in Google Maps</a>]]></description><Point><coordinates>-84.514501,38.150468,0</coordinates></Point></Placemark><Placemark><name>US-10173 · KDFWR fishing access: Kentucky Horse Park Alltech Pond</name><styleUrl>#acc_near</styleUrl><description><![CDATA[For US-10173 Kentucky Horse Park<br>Kentucky Horse Park • Bank Access • paved parking<br>0.5 mi from the park GPS point<br>Source: Kentucky Dept. of Fish &amp; Wildlife Resources (kygisserver.ky.gov)<br>Nearby point (within 5 mi of the park GPS). It may be outside the park — for example on Corps of Engineers or other land. Check the official map.<br><a href="https://www.google.com/maps/search/?api=1&amp;query=38.157034,-84.523787">Open in Google Maps</a>]]></description><Point><coordinates>-84.523787,38.157034,0</coordinates></Point></Placemark><Placemark><name>US-1261 · KDFWR fishing access: Pendleton Co. Athletic Park</name><styleUrl>#acc_near</styleUrl><description><![CDATA[For US-1261 Kincaid Lake State Park<br>South Fork Licking River • Bank Access • paved parking<br>4.8 mi from the park GPS point<br>Source: Kentucky Dept. of Fish &amp; Wildlife Resources (kygisserver.ky.gov)<br>Nearby point (within 5 mi of the park GPS). It may be outside the park — for example on Corps of Engineers or other land. Check the official map.<br><a href="https://www.google.com/maps/search/?api=1&amp;query=38.677022,-84.345989">Open in Google Maps</a>]]></description><Point><coordinates>-84.345989,38.677022,0</coordinates></Point></Placemark><Placemark><name>US-4690 · KDFWR fishing access: Bernheim Forest</name><styleUrl>#acc_near</styleUrl><description><![CDATA[For US-4690 Knobs State Forest<br>Lake Nevin • Bank Access • unpaved parking<br>3.7 mi from the park GPS point<br>Source: Kentucky Dept. of Fish &amp; Wildlife Resources (kygisserver.ky.gov)<br>Nearby point (within 5 mi of the park GPS). It may be outside the park — for example on Corps of Engineers or other land. Check the official map.<br><a href="https://www.google.com/maps/search/?api=1&amp;query=37.91895,-85.66953">Open in Google Maps</a>]]></description><Point><coordinates>-85.66953,37.91895,0</coordinates></Point></Placemark><Placemark><name>US-7953 · KDFWR fishing access: West KY WMA Fishing Pier</name><styleUrl>#acc_near</styleUrl><description><![CDATA[For US-7953 Metropolis Lake State Nature Preserve<br>West KY Wildlife Management Area • Fishing Pier • paved parking<br>4.3 mi from the park GPS point<br>Source: Kentucky Dept. of Fish &amp; Wildlife Resources (kygisserver.ky.gov)<br>Nearby point (within 5 mi of the park GPS). It may be outside the park — for example on Corps of Engineers or other land. Check the official map.<br><a href="https://www.google.com/maps/search/?api=1&amp;query=37.1160946,-88.83386307">Open in Google Maps</a>]]></description><Point><coordinates>-88.83386307,37.1160946,0</coordinates></Point></Placemark><Placemark><name>US-3825 · KDFWR fishing access: Central KY WMA Fishing Access</name><styleUrl>#acc_near</styleUrl><description><![CDATA[For US-3825 Miller Welch Wildlife Management Area<br>Central KY WMA • Bank Access • unpaved parking<br>0.4 mi from the park GPS point<br>Source: Kentucky Dept. of Fish &amp; Wildlife Resources (kygisserver.ky.gov)<br>Nearby point (within 5 mi of the park GPS). It may be outside the park — for example on Corps of Engineers or other land. Check the official map.<br><a href="https://www.google.com/maps/search/?api=1&amp;query=37.639696,-84.2049999">Open in Google Maps</a>]]></description><Point><coordinates>-84.2049999,37.639696,0</coordinates></Point></Placemark><Placemark><name>US-10148 · KDFWR fishing access: Mud Camp Creek WMA Bank Access</name><styleUrl>#acc_near</styleUrl><description><![CDATA[For US-10148 Mud Camp Creek Wildlife Management Area<br>Lake Cumberland Tailwater • Bank Access • parking not listed parking<br>0.6 mi from the park GPS point<br>Source: Kentucky Dept. of Fish &amp; Wildlife Resources (kygisserver.ky.gov)<br>Nearby point (within 5 mi of the park GPS). It may be outside the park — for example on Corps of Engineers or other land. Check the official map.<br><a href="https://www.google.com/maps/search/?api=1&amp;query=36.764376,-85.51222">Open in Google Maps</a>]]></description><Point><coordinates>-85.51222,36.764376,0</coordinates></Point></Placemark><Placemark><name>US-3826 · KDFWR fishing access: Leary Lake</name><styleUrl>#acc_near</styleUrl><description><![CDATA[For US-3826 Mullins Wildlife Management Area<br>Leary Lake • Bank Access • unpaved parking<br>2.4 mi from the park GPS point<br>Source: Kentucky Dept. of Fish &amp; Wildlife Resources (kygisserver.ky.gov)<br>Nearby point (within 5 mi of the park GPS). It may be outside the park — for example on Corps of Engineers or other land. Check the official map.<br><a href="https://www.google.com/maps/search/?api=1&amp;query=38.77038,-84.59727">Open in Google Maps</a>]]></description><Point><coordinates>-84.59727,38.77038,0</coordinates></Point></Placemark><Placemark><name>US-3826 · KDFWR fishing access: Leary Lake Fishing Pier</name><styleUrl>#acc_near</styleUrl><description><![CDATA[For US-3826 Mullins Wildlife Management Area<br>Leary Lake • Fishing Pier • unpaved parking<br>2.4 mi from the park GPS point<br>Source: Kentucky Dept. of Fish &amp; Wildlife Resources (kygisserver.ky.gov)<br>Nearby point (within 5 mi of the park GPS). It may be outside the park — for example on Corps of Engineers or other land. Check the official map.<br><a href="https://www.google.com/maps/search/?api=1&amp;query=38.770286,-84.597259">Open in Google Maps</a>]]></description><Point><coordinates>-84.597259,38.770286,0</coordinates></Point></Placemark><Placemark><name>US-1286 · KDFWR fishing access: Middle Fork Red River Access</name><styleUrl>#acc_near</styleUrl><description><![CDATA[For US-1286 Natural Bridge State Park<br>Natural Bridge State Park • Bank Access • unpaved parking<br>0.6 mi from the park GPS point<br>Source: Kentucky Dept. of Fish &amp; Wildlife Resources (kygisserver.ky.gov)<br>Nearby point (within 5 mi of the park GPS). It may be outside the park — for example on Corps of Engineers or other land. Check the official map.<br><a href="https://www.google.com/maps/search/?api=1&amp;query=37.77444,-83.677121">Open in Google Maps</a>]]></description><Point><coordinates>-83.677121,37.77444,0</coordinates></Point></Placemark><Placemark><name>US-8144 · KDFWR fishing access: Blue Hole Picnic Area on Otter Creek</name><styleUrl>#acc_near</styleUrl><description><![CDATA[For US-8144 Otter Creek State Recreation Area<br>Otter Creek Outdoor Recreation Area • Bank Access • paved parking<br>1.6 mi from the park GPS point<br>Source: Kentucky Dept. of Fish &amp; Wildlife Resources (kygisserver.ky.gov)<br>Nearby point (within 5 mi of the park GPS). It may be outside the park — for example on Corps of Engineers or other land. Check the official map.<br><a href="https://www.google.com/maps/search/?api=1&amp;query=37.943862,-86.0296825">Open in Google Maps</a>]]></description><Point><coordinates>-86.0296825,37.943862,0</coordinates></Point></Placemark><Placemark><name>US-8144 · KDFWR fishing access: Garnettsville Picnic Area on Otter Creek</name><styleUrl>#acc_near</styleUrl><description><![CDATA[For US-8144 Otter Creek State Recreation Area<br>Otter Creek Outdoor Recreation Area • Bank Access • paved parking<br>2.6 mi from the park GPS point<br>Source: Kentucky Dept. of Fish &amp; Wildlife Resources (kygisserver.ky.gov)<br>Nearby point (within 5 mi of the park GPS). It may be outside the park — for example on Corps of Engineers or other land. Check the official map.<br><a href="https://www.google.com/maps/search/?api=1&amp;query=37.924115,-86.030918">Open in Google Maps</a>]]></description><Point><coordinates>-86.030918,37.924115,0</coordinates></Point></Placemark><Placemark><name>US-8144 · KDFWR fishing access: Carlson Lake</name><styleUrl>#acc_near</styleUrl><description><![CDATA[For US-8144 Otter Creek State Recreation Area<br>Carlson Lake • Bank Access • paved parking<br>3.8 mi from the park GPS point<br>Source: Kentucky Dept. of Fish &amp; Wildlife Resources (kygisserver.ky.gov)<br>Nearby point (within 5 mi of the park GPS). It may be outside the park — for example on Corps of Engineers or other land. Check the official map.<br><a href="https://www.google.com/maps/search/?api=1&amp;query=37.907295,-86.025322">Open in Google Maps</a>]]></description><Point><coordinates>-86.025322,37.907295,0</coordinates></Point></Placemark><Placemark><name>US-1270 · KDFWR fishing access: Paintsville Lake WMA</name><styleUrl>#acc_near</styleUrl><description><![CDATA[For US-1270 Paintsville Lake State Park<br>Paintsville Lake • Bank Access • unpaved parking<br>3.2 mi from the park GPS point<br>Source: Kentucky Dept. of Fish &amp; Wildlife Resources (kygisserver.ky.gov)<br>Nearby point (within 5 mi of the park GPS). It may be outside the park — for example on Corps of Engineers or other land. Check the official map.<br><a href="https://www.google.com/maps/search/?api=1&amp;query=37.87983,-82.91456">Open in Google Maps</a>]]></description><Point><coordinates>-82.91456,37.87983,0</coordinates></Point></Placemark><Placemark><name>US-3828 · KDFWR fishing access: Nameless Lake #11 Bank Access</name><styleUrl>#acc_near</styleUrl><description><![CDATA[For US-3828 Peabody Wildlife Management Area<br>Peabody WMA • Bank Access • unpaved parking<br>3.9 mi from the park GPS point<br>Source: Kentucky Dept. of Fish &amp; Wildlife Resources (kygisserver.ky.gov)<br>Nearby point (within 5 mi of the park GPS). It may be outside the park — for example on Corps of Engineers or other land. Check the official map.<br><a href="https://www.google.com/maps/search/?api=1&amp;query=37.302088,-86.964209">Open in Google Maps</a>]]></description><Point><coordinates>-86.964209,37.302088,0</coordinates></Point></Placemark><Placemark><name>US-3828 · KDFWR fishing access: Shady Lake Bank Access #1</name><styleUrl>#acc_near</styleUrl><description><![CDATA[For US-3828 Peabody Wildlife Management Area<br>Peabody WMA • Bank Access • unpaved parking<br>4.0 mi from the park GPS point<br>Source: Kentucky Dept. of Fish &amp; Wildlife Resources (kygisserver.ky.gov)<br>Nearby point (within 5 mi of the park GPS). It may be outside the park — for example on Corps of Engineers or other land. Check the official map.<br><a href="https://www.google.com/maps/search/?api=1&amp;query=37.302578,-86.965438">Open in Google Maps</a>]]></description><Point><coordinates>-86.965438,37.302578,0</coordinates></Point></Placemark><Placemark><name>US-3828 · KDFWR fishing access: Turkey Foot Bank Access #1</name><styleUrl>#acc_near</styleUrl><description><![CDATA[For US-3828 Peabody Wildlife Management Area<br>Peabody WMA • Bank Access • unpaved parking<br>4.2 mi from the park GPS point<br>Source: Kentucky Dept. of Fish &amp; Wildlife Resources (kygisserver.ky.gov)<br>Nearby point (within 5 mi of the park GPS). It may be outside the park — for example on Corps of Engineers or other land. Check the official map.<br><a href="https://www.google.com/maps/search/?api=1&amp;query=37.298754,-86.970665">Open in Google Maps</a>]]></description><Point><coordinates>-86.970665,37.298754,0</coordinates></Point></Placemark><Placemark><name>US-3828 · KDFWR fishing access: Ken Lake Fishing Jetty #1</name><styleUrl>#acc_near</styleUrl><description><![CDATA[For US-3828 Peabody Wildlife Management Area<br>Peabody WMA • Fishing Pier • unpaved parking<br>4.4 mi from the park GPS point<br>Source: Kentucky Dept. of Fish &amp; Wildlife Resources (kygisserver.ky.gov)<br>Nearby point (within 5 mi of the park GPS). It may be outside the park — for example on Corps of Engineers or other land. Check the official map.<br><a href="https://www.google.com/maps/search/?api=1&amp;query=37.296599,-86.973633">Open in Google Maps</a>]]></description><Point><coordinates>-86.973633,37.296599,0</coordinates></Point></Placemark><Placemark><name>US-3828 · KDFWR fishing access: Beaver Lake Bank Access #1</name><styleUrl>#acc_near</styleUrl><description><![CDATA[For US-3828 Peabody Wildlife Management Area<br>Peabody WMA • Bank Access • unpaved parking<br>4.4 mi from the park GPS point<br>Source: Kentucky Dept. of Fish &amp; Wildlife Resources (kygisserver.ky.gov)<br>Nearby point (within 5 mi of the park GPS). It may be outside the park — for example on Corps of Engineers or other land. Check the official map.<br><a href="https://www.google.com/maps/search/?api=1&amp;query=37.293447,-86.975685">Open in Google Maps</a>]]></description><Point><coordinates>-86.975685,37.293447,0</coordinates></Point></Placemark><Placemark><name>US-3828 · KDFWR fishing access: Ken Lake Bank Access #1</name><styleUrl>#acc_near</styleUrl><description><![CDATA[For US-3828 Peabody Wildlife Management Area<br>Peabody WMA • Bank Access • unpaved parking<br>4.7 mi from the park GPS point<br>Source: Kentucky Dept. of Fish &amp; Wildlife Resources (kygisserver.ky.gov)<br>Nearby point (within 5 mi of the park GPS). It may be outside the park — for example on Corps of Engineers or other land. Check the official map.<br><a href="https://www.google.com/maps/search/?api=1&amp;query=37.295679,-86.98067">Open in Google Maps</a>]]></description><Point><coordinates>-86.98067,37.295679,0</coordinates></Point></Placemark><Placemark><name>US-3828 · KDFWR fishing access: Ken Lake Fishing Jetty #2</name><styleUrl>#acc_near</styleUrl><description><![CDATA[For US-3828 Peabody Wildlife Management Area<br>Peabody WMA • Fishing Pier • unpaved parking<br>4.8 mi from the park GPS point<br>Source: Kentucky Dept. of Fish &amp; Wildlife Resources (kygisserver.ky.gov)<br>Nearby point (within 5 mi of the park GPS). It may be outside the park — for example on Corps of Engineers or other land. Check the official map.<br><a href="https://www.google.com/maps/search/?api=1&amp;query=37.297043,-86.981348">Open in Google Maps</a>]]></description><Point><coordinates>-86.981348,37.297043,0</coordinates></Point></Placemark><Placemark><name>US-1287 · KDFWR fishing access: Pennyrile Forest State Park</name><styleUrl>#acc_near</styleUrl><description><![CDATA[For US-1287 Pennyrile Forest State Park<br>Pennyrile Lake • Bank Access • paved parking<br>0.2 mi from the park GPS point<br>Source: Kentucky Dept. of Fish &amp; Wildlife Resources (kygisserver.ky.gov)<br>Nearby point (within 5 mi of the park GPS). It may be outside the park — for example on Corps of Engineers or other land. Check the official map.<br><a href="https://www.google.com/maps/search/?api=1&amp;query=37.06986,-87.66138">Open in Google Maps</a>]]></description><Point><coordinates>-87.66138,37.06986,0</coordinates></Point></Placemark><Placemark><name>US-4692 · KDFWR fishing access: Pennyrile Forest State Park</name><styleUrl>#acc_near</styleUrl><description><![CDATA[For US-4692 Pennyrile State Forest<br>Pennyrile Lake • Bank Access • paved parking<br>0.5 mi from the park GPS point<br>Source: Kentucky Dept. of Fish &amp; Wildlife Resources (kygisserver.ky.gov)<br>Nearby point (within 5 mi of the park GPS). It may be outside the park — for example on Corps of Engineers or other land. Check the official map.<br><a href="https://www.google.com/maps/search/?api=1&amp;query=37.06986,-87.66138">Open in Google Maps</a>]]></description><Point><coordinates>-87.66138,37.06986,0</coordinates></Point></Placemark><Placemark><name>US-10104 · KDFWR fishing access: 715 Bridge Fishing Access</name><styleUrl>#acc_near</styleUrl><description><![CDATA[For US-10104 Red River National Wild and Scenic River<br>Red River • Bank Access • unpaved parking<br>0.0 mi from the park GPS point<br>Source: Kentucky Dept. of Fish &amp; Wildlife Resources (kygisserver.ky.gov)<br>Nearby point (within 5 mi of the park GPS). It may be outside the park — for example on Corps of Engineers or other land. Check the official map.<br><a href="https://www.google.com/maps/search/?api=1&amp;query=37.81951,-83.57471">Open in Google Maps</a>]]></description><Point><coordinates>-83.57471,37.81951,0</coordinates></Point></Placemark><Placemark><name>US-10104 · KDFWR fishing access: Swift Camp Creek Fishing Access</name><styleUrl>#acc_near</styleUrl><description><![CDATA[For US-10104 Red River National Wild and Scenic River<br>Swift Camp Creek • Bank Access • unpaved parking<br>0.6 mi from the park GPS point<br>Source: Kentucky Dept. of Fish &amp; Wildlife Resources (kygisserver.ky.gov)<br>Nearby point (within 5 mi of the park GPS). It may be outside the park — for example on Corps of Engineers or other land. Check the official map.<br><a href="https://www.google.com/maps/search/?api=1&amp;query=37.813351,-83.582722">Open in Google Maps</a>]]></description><Point><coordinates>-83.582722,37.813351,0</coordinates></Point></Placemark><Placemark><name>US-1289 · KDFWR fishing access: RRL Tailwater</name><styleUrl>#acc_near</styleUrl><description><![CDATA[For US-1289 Rough River Dam State Park<br>Rough River Lake • Bank Access • paved parking<br>0.8 mi from the park GPS point<br>Source: Kentucky Dept. of Fish &amp; Wildlife Resources (kygisserver.ky.gov)<br>Nearby point (within 5 mi of the park GPS). It may be outside the park — for example on Corps of Engineers or other land. Check the official map.<br><a href="https://www.google.com/maps/search/?api=1&amp;query=37.62099,-86.50178">Open in Google Maps</a>]]></description><Point><coordinates>-86.50178,37.62099,0</coordinates></Point></Placemark><Placemark><name>US-10172 · KDFWR fishing access: Upper Sportman's Lake</name><styleUrl>#acc_near</styleUrl><description><![CDATA[For US-10172 Salato Wildlife Refuge<br>Sportsman's Lakes • Fishing Pier • paved parking<br>0.3 mi from the park GPS point<br>Source: Kentucky Dept. of Fish &amp; Wildlife Resources (kygisserver.ky.gov)<br>Nearby point (within 5 mi of the park GPS). It may be outside the park — for example on Corps of Engineers or other land. Check the official map.<br><a href="https://www.google.com/maps/search/?api=1&amp;query=38.173989,-84.922899">Open in Google Maps</a>]]></description><Point><coordinates>-84.922899,38.173989,0</coordinates></Point></Placemark><Placemark><name>US-10172 · KDFWR fishing access: Lower Sportsman's Lake</name><styleUrl>#acc_near</styleUrl><description><![CDATA[For US-10172 Salato Wildlife Refuge<br>Sportsman's Lakes • Bank Access • paved parking<br>0.3 mi from the park GPS point<br>Source: Kentucky Dept. of Fish &amp; Wildlife Resources (kygisserver.ky.gov)<br>Nearby point (within 5 mi of the park GPS). It may be outside the park — for example on Corps of Engineers or other land. Check the official map.<br><a href="https://www.google.com/maps/search/?api=1&amp;query=38.173207,-84.923255">Open in Google Maps</a>]]></description><Point><coordinates>-84.923255,38.173207,0</coordinates></Point></Placemark><Placemark><name>US-10167 · KDFWR fishing access: Maysville Fishing Pier</name><styleUrl>#acc_near</styleUrl><description><![CDATA[For US-10167 Simon Kenton Wildlife Management Area<br>Ohio River - Above Cincinnati • Fishing Pier • paved parking<br>2.9 mi from the park GPS point<br>Source: Kentucky Dept. of Fish &amp; Wildlife Resources (kygisserver.ky.gov)<br>Nearby point (within 5 mi of the park GPS). It may be outside the park — for example on Corps of Engineers or other land. Check the official map.<br><a href="https://www.google.com/maps/search/?api=1&amp;query=38.6482,-83.76221">Open in Google Maps</a>]]></description><Point><coordinates>-83.76221,38.6482,0</coordinates></Point></Placemark><Placemark><name>US-10167 · KDFWR fishing access: Maysville-Mason County Rec. Lake</name><styleUrl>#acc_near</styleUrl><description><![CDATA[For US-10167 Simon Kenton Wildlife Management Area<br>Maysville-Mason County Rec. Lake • Bank Access • unpaved parking<br>3.6 mi from the park GPS point<br>Source: Kentucky Dept. of Fish &amp; Wildlife Resources (kygisserver.ky.gov)<br>Nearby point (within 5 mi of the park GPS). It may be outside the park — for example on Corps of Engineers or other land. Check the official map.<br><a href="https://www.google.com/maps/search/?api=1&amp;query=38.60145,-83.80703">Open in Google Maps</a>]]></description><Point><coordinates>-83.80703,38.60145,0</coordinates></Point></Placemark><Placemark><name>US-7955 · KDFWR fishing access: Bandman Park</name><styleUrl>#acc_near</styleUrl><description><![CDATA[For US-7955 Six Mile Island State Nature Preserve<br>Ohio River - Louisville • Bank Access • paved parking<br>4.3 mi from the park GPS point<br>Source: Kentucky Dept. of Fish &amp; Wildlife Resources (kygisserver.ky.gov)<br>Nearby point (within 5 mi of the park GPS). It may be outside the park — for example on Corps of Engineers or other land. Check the official map.<br><a href="https://www.google.com/maps/search/?api=1&amp;query=38.26656,-85.7224">Open in Google Maps</a>]]></description><Point><coordinates>-85.7224,38.26656,0</coordinates></Point></Placemark><Placemark><name>US-7955 · KDFWR fishing access: Cherokee Park</name><styleUrl>#acc_near</styleUrl><description><![CDATA[For US-7955 Six Mile Island State Nature Preserve<br>Cherokee Park • Bank Access • paved parking<br>4.9 mi from the park GPS point<br>Source: Kentucky Dept. of Fish &amp; Wildlife Resources (kygisserver.ky.gov)<br>Nearby point (within 5 mi of the park GPS). It may be outside the park — for example on Corps of Engineers or other land. Check the official map.<br><a href="https://www.google.com/maps/search/?api=1&amp;query=38.24483,-85.70052">Open in Google Maps</a>]]></description><Point><coordinates>-85.70052,38.24483,0</coordinates></Point></Placemark><Placemark><name>US-10168 · KDFWR fishing access: Morehead State University</name><styleUrl>#acc_near</styleUrl><description><![CDATA[For US-10168 Sunny Brook Wildlife Management Area<br>Eagle Lake • Bank Access • paved parking<br>3.5 mi from the park GPS point<br>Source: Kentucky Dept. of Fish &amp; Wildlife Resources (kygisserver.ky.gov)<br>Nearby point (within 5 mi of the park GPS). It may be outside the park — for example on Corps of Engineers or other land. Check the official map.<br><a href="https://www.google.com/maps/search/?api=1&amp;query=38.1924,-83.43473">Open in Google Maps</a>]]></description><Point><coordinates>-83.43473,38.1924,0</coordinates></Point></Placemark><Placemark><name>US-10168 · KDFWR fishing access: Triplett Creek Access</name><styleUrl>#acc_near</styleUrl><description><![CDATA[For US-10168 Sunny Brook Wildlife Management Area<br>Triplett Creek • Bank Access • paved parking<br>3.7 mi from the park GPS point<br>Source: Kentucky Dept. of Fish &amp; Wildlife Resources (kygisserver.ky.gov)<br>Nearby point (within 5 mi of the park GPS). It may be outside the park — for example on Corps of Engineers or other land. Check the official map.<br><a href="https://www.google.com/maps/search/?api=1&amp;query=38.183905,-83.429168">Open in Google Maps</a>]]></description><Point><coordinates>-83.429168,38.183905,0</coordinates></Point></Placemark><Placemark><name>US-3833 · KDFWR fishing access: Kleber WMA</name><styleUrl>#acc_near</styleUrl><description><![CDATA[For US-3833 T. N. Sullivan Wildlife Management Area<br>Kleber WMA Pond • Bank Access • unpaved parking<br>4.2 mi from the park GPS point<br>Source: Kentucky Dept. of Fish &amp; Wildlife Resources (kygisserver.ky.gov)<br>Nearby point (within 5 mi of the park GPS). It may be outside the park — for example on Corps of Engineers or other land. Check the official map.<br><a href="https://www.google.com/maps/search/?api=1&amp;query=38.32958,-84.78243">Open in Google Maps</a>]]></description><Point><coordinates>-84.78243,38.32958,0</coordinates></Point></Placemark><Placemark><name>US-1271 · KDFWR fishing access: Taylorsville Tailwater</name><styleUrl>#acc_near</styleUrl><description><![CDATA[For US-1271 Taylorsville Lake State Park<br>Taylorsville Lake • Bank Access • paved parking<br>3.6 mi from the park GPS point<br>Source: Kentucky Dept. of Fish &amp; Wildlife Resources (kygisserver.ky.gov)<br>Nearby point (within 5 mi of the park GPS). It may be outside the park — for example on Corps of Engineers or other land. Check the official map.<br><a href="https://www.google.com/maps/search/?api=1&amp;query=38.0077,-85.30958">Open in Google Maps</a>]]></description><Point><coordinates>-85.30958,38.0077,0</coordinates></Point></Placemark><Placemark><name>US-3835 · KDFWR fishing access: Twin Eagle WMA Fishing Access</name><styleUrl>#acc_near</styleUrl><description><![CDATA[For US-3835 Twin Eagle Wildlife Management Area<br>Twin Eagle WMA • Bank Access • unpaved parking<br>0.1 mi from the park GPS point<br>Source: Kentucky Dept. of Fish &amp; Wildlife Resources (kygisserver.ky.gov)<br>Nearby point (within 5 mi of the park GPS). It may be outside the park — for example on Corps of Engineers or other land. Check the official map.<br><a href="https://www.google.com/maps/search/?api=1&amp;query=38.5738,-85.031404">Open in Google Maps</a>]]></description><Point><coordinates>-85.031404,38.5738,0</coordinates></Point></Placemark><Placemark><name>US-10170 · KDFWR fishing access: Shallow Flats</name><styleUrl>#acc_near</styleUrl><description><![CDATA[For US-10170 Twin Knobs Campground Wildlife Management Area<br>Cave Run Lake • Bank Access • paved parking<br>0.1 mi from the park GPS point<br>Source: Kentucky Dept. of Fish &amp; Wildlife Resources (kygisserver.ky.gov)<br>Nearby point (within 5 mi of the park GPS). It may be outside the park — for example on Corps of Engineers or other land. Check the official map.<br><a href="https://www.google.com/maps/search/?api=1&amp;query=38.09777,-83.49194">Open in Google Maps</a>]]></description><Point><coordinates>-83.49194,38.09777,0</coordinates></Point></Placemark><Placemark><name>US-10170 · KDFWR fishing access: Musky Bend</name><styleUrl>#acc_near</styleUrl><description><![CDATA[For US-10170 Twin Knobs Campground Wildlife Management Area<br>Cave Run Lake • Bank Access • paved parking<br>0.5 mi from the park GPS point<br>Source: Kentucky Dept. of Fish &amp; Wildlife Resources (kygisserver.ky.gov)<br>Nearby point (within 5 mi of the park GPS). It may be outside the park — for example on Corps of Engineers or other land. Check the official map.<br><a href="https://www.google.com/maps/search/?api=1&amp;query=38.08925,-83.48942">Open in Google Maps</a>]]></description><Point><coordinates>-83.48942,38.08925,0</coordinates></Point></Placemark><Placemark><name>US-10170 · KDFWR fishing access: Boat Gunnel</name><styleUrl>#acc_near</styleUrl><description><![CDATA[For US-10170 Twin Knobs Campground Wildlife Management Area<br>Cave Run Lake • Bank Access • paved parking<br>0.6 mi from the park GPS point<br>Source: Kentucky Dept. of Fish &amp; Wildlife Resources (kygisserver.ky.gov)<br>Nearby point (within 5 mi of the park GPS). It may be outside the park — for example on Corps of Engineers or other land. Check the official map.<br><a href="https://www.google.com/maps/search/?api=1&amp;query=38.099578,-83.501061">Open in Google Maps</a>]]></description><Point><coordinates>-83.501061,38.099578,0</coordinates></Point></Placemark><Placemark><name>US-10170 · KDFWR fishing access: Lake View</name><styleUrl>#acc_near</styleUrl><description><![CDATA[For US-10170 Twin Knobs Campground Wildlife Management Area<br>Cave Run Lake • Bank Access • paved parking<br>0.7 mi from the park GPS point<br>Source: Kentucky Dept. of Fish &amp; Wildlife Resources (kygisserver.ky.gov)<br>Nearby point (within 5 mi of the park GPS). It may be outside the park — for example on Corps of Engineers or other land. Check the official map.<br><a href="https://www.google.com/maps/search/?api=1&amp;query=38.08788,-83.48238">Open in Google Maps</a>]]></description><Point><coordinates>-83.48238,38.08788,0</coordinates></Point></Placemark><Placemark><name>US-10170 · KDFWR fishing access: High Bank</name><styleUrl>#acc_near</styleUrl><description><![CDATA[For US-10170 Twin Knobs Campground Wildlife Management Area<br>Cave Run Lake • Bank Access • paved parking<br>2.6 mi from the park GPS point<br>Source: Kentucky Dept. of Fish &amp; Wildlife Resources (kygisserver.ky.gov)<br>Nearby point (within 5 mi of the park GPS). It may be outside the park — for example on Corps of Engineers or other land. Check the official map.<br><a href="https://www.google.com/maps/search/?api=1&amp;query=38.1224,-83.52488">Open in Google Maps</a>]]></description><Point><coordinates>-83.52488,38.1224,0</coordinates></Point></Placemark><Placemark><name>US-3836 · KDFWR fishing access: Veterans Memorial WMA Pond</name><styleUrl>#acc_near</styleUrl><description><![CDATA[For US-3836 Veterans Memorial Wildlife Management Area<br>Veterans Memorial WMA • Bank Access • unpaved parking<br>1.4 mi from the park GPS point<br>Source: Kentucky Dept. of Fish &amp; Wildlife Resources (kygisserver.ky.gov)<br>Nearby point (within 5 mi of the park GPS). It may be outside the park — for example on Corps of Engineers or other land. Check the official map.<br><a href="https://www.google.com/maps/search/?api=1&amp;query=38.32226,-84.548436">Open in Google Maps</a>]]></description><Point><coordinates>-84.548436,38.32226,0</coordinates></Point></Placemark><Placemark><name>US-3836 · KDFWR fishing access: Scott County Park Lake Fishing Pier</name><styleUrl>#acc_near</styleUrl><description><![CDATA[For US-3836 Veterans Memorial Wildlife Management Area<br>Scott County Park • Fishing Pier • paved parking<br>4.4 mi from the park GPS point<br>Source: Kentucky Dept. of Fish &amp; Wildlife Resources (kygisserver.ky.gov)<br>Nearby point (within 5 mi of the park GPS). It may be outside the park — for example on Corps of Engineers or other land. Check the official map.<br><a href="https://www.google.com/maps/search/?api=1&amp;query=38.241075,-84.572284">Open in Google Maps</a>]]></description><Point><coordinates>-84.572284,38.241075,0</coordinates></Point></Placemark><Placemark><name>US-3836 · KDFWR fishing access: Scott County Park Lake</name><styleUrl>#acc_near</styleUrl><description><![CDATA[For US-3836 Veterans Memorial Wildlife Management Area<br>Scott County Park • Bank Access • paved parking<br>4.5 mi from the park GPS point<br>Source: Kentucky Dept. of Fish &amp; Wildlife Resources (kygisserver.ky.gov)<br>Nearby point (within 5 mi of the park GPS). It may be outside the park — for example on Corps of Engineers or other land. Check the official map.<br><a href="https://www.google.com/maps/search/?api=1&amp;query=38.240347,-84.573029">Open in Google Maps</a>]]></description><Point><coordinates>-84.573029,38.240347,0</coordinates></Point></Placemark><Placemark><name>US-3836 · KDFWR fishing access: Lusby Lake</name><styleUrl>#acc_near</styleUrl><description><![CDATA[For US-3836 Veterans Memorial Wildlife Management Area<br>Lusby Lake • Bank Access • paved parking<br>4.7 mi from the park GPS point<br>Source: Kentucky Dept. of Fish &amp; Wildlife Resources (kygisserver.ky.gov)<br>Nearby point (within 5 mi of the park GPS). It may be outside the park — for example on Corps of Engineers or other land. Check the official map.<br><a href="https://www.google.com/maps/search/?api=1&amp;query=38.235713,-84.568586">Open in Google Maps</a>]]></description><Point><coordinates>-84.568586,38.235713,0</coordinates></Point></Placemark><Placemark><name>US-3786 · KDFWR fishing access: Southland Church Lake Fishing Access</name><styleUrl>#acc_near</styleUrl><description><![CDATA[For US-3786 Waveland State Historic Site<br>Southland Church Lake • Bank Access • paved parking<br>3.0 mi from the park GPS point<br>Source: Kentucky Dept. of Fish &amp; Wildlife Resources (kygisserver.ky.gov)<br>Nearby point (within 5 mi of the park GPS). It may be outside the park — for example on Corps of Engineers or other land. Check the official map.<br><a href="https://www.google.com/maps/search/?api=1&amp;query=37.967244,-84.5915133">Open in Google Maps</a>]]></description><Point><coordinates>-84.5915133,37.967244,0</coordinates></Point></Placemark><Placemark><name>US-3837 · KDFWR fishing access: West KY WMA Fishing Pier</name><styleUrl>#acc_near</styleUrl><description><![CDATA[For US-3837 West Kentucky Wildlife Management Area<br>West KY Wildlife Management Area • Fishing Pier • paved parking<br>2.6 mi from the park GPS point<br>Source: Kentucky Dept. of Fish &amp; Wildlife Resources (kygisserver.ky.gov)<br>Nearby point (within 5 mi of the park GPS). It may be outside the park — for example on Corps of Engineers or other land. Check the official map.<br><a href="https://www.google.com/maps/search/?api=1&amp;query=37.1160946,-88.83386307">Open in Google Maps</a>]]></description><Point><coordinates>-88.83386307,37.1160946,0</coordinates></Point></Placemark><Placemark><name>US-3787 · KDFWR fishing access: Whitehall Park Lake</name><styleUrl>#acc_near</styleUrl><description><![CDATA[For US-3787 White Hall State Historic Site<br>Whitehall Park Lake • Bank Access • paved parking<br>0.2 mi from the park GPS point<br>Source: Kentucky Dept. of Fish &amp; Wildlife Resources (kygisserver.ky.gov)<br>Nearby point (within 5 mi of the park GPS). It may be outside the park — for example on Corps of Engineers or other land. Check the official map.<br><a href="https://www.google.com/maps/search/?api=1&amp;query=37.830651,-84.349776">Open in Google Maps</a>]]></description><Point><coordinates>-84.349776,37.830651,0</coordinates></Point></Placemark><Placemark><name>US-3789 · KDFWR fishing access: Cedar Creek Lake Fishing Pier</name><styleUrl>#acc_near</styleUrl><description><![CDATA[For US-3789 William Whitley House State Historic Site<br>Cedar Creek Lake • Fishing Pier • paved parking<br>0.8 mi from the park GPS point<br>Source: Kentucky Dept. of Fish &amp; Wildlife Resources (kygisserver.ky.gov)<br>Nearby point (within 5 mi of the park GPS). It may be outside the park — for example on Corps of Engineers or other land. Check the official map.<br><a href="https://www.google.com/maps/search/?api=1&amp;query=37.456087,-84.549482">Open in Google Maps</a>]]></description><Point><coordinates>-84.549482,37.456087,0</coordinates></Point></Placemark><Placemark><name>US-3789 · KDFWR fishing access: Cedar Creek Bank Fishing Area</name><styleUrl>#acc_near</styleUrl><description><![CDATA[For US-3789 William Whitley House State Historic Site<br>Cedar Creek Lake • Bank Access • unpaved parking<br>1.4 mi from the park GPS point<br>Source: Kentucky Dept. of Fish &amp; Wildlife Resources (kygisserver.ky.gov)<br>Nearby point (within 5 mi of the park GPS). It may be outside the park — for example on Corps of Engineers or other land. Check the official map.<br><a href="https://www.google.com/maps/search/?api=1&amp;query=37.488309,-84.54566">Open in Google Maps</a>]]></description><Point><coordinates>-84.54566,37.488309,0</coordinates></Point></Placemark><Placemark><name>US-10099 · KDFWR fishing access: Hatchery Creek Fishing Access</name><styleUrl>#acc_near</styleUrl><description><![CDATA[For US-10099 Wolf Creek National Fish Hatchery<br>Hatchery Creek • Bank Access • paved parking<br>0.2 mi from the park GPS point<br>Source: Kentucky Dept. of Fish &amp; Wildlife Resources (kygisserver.ky.gov)<br>Nearby point (within 5 mi of the park GPS). It may be outside the park — for example on Corps of Engineers or other land. Check the official map.<br><a href="https://www.google.com/maps/search/?api=1&amp;query=36.875404,-85.146567">Open in Google Maps</a>]]></description><Point><coordinates>-85.146567,36.875404,0</coordinates></Point></Placemark><Placemark><name>US-10099 · KDFWR fishing access: Rainbow Run</name><styleUrl>#acc_near</styleUrl><description><![CDATA[For US-10099 Wolf Creek National Fish Hatchery<br>Lake Cumberland Tailwater • Bank Access • parking not listed parking<br>4.3 mi from the park GPS point<br>Source: Kentucky Dept. of Fish &amp; Wildlife Resources (kygisserver.ky.gov)<br>Nearby point (within 5 mi of the park GPS). It may be outside the park — for example on Corps of Engineers or other land. Check the official map.<br><a href="https://www.google.com/maps/search/?api=1&amp;query=36.871961,-85.223011">Open in Google Maps</a>]]></description><Point><coordinates>-85.223011,36.871961,0</coordinates></Point></Placemark><Placemark><name>US-10099 · KDFWR fishing access: Long Bar Fishing Access</name><styleUrl>#acc_near</styleUrl><description><![CDATA[For US-10099 Wolf Creek National Fish Hatchery<br>Lake Cumberland Tailwater • Bank Access • unpaved parking<br>4.4 mi from the park GPS point<br>Source: Kentucky Dept. of Fish &amp; Wildlife Resources (kygisserver.ky.gov)<br>Nearby point (within 5 mi of the park GPS). It may be outside the park — for example on Corps of Engineers or other land. Check the official map.<br><a href="https://www.google.com/maps/search/?api=1&amp;query=36.88458889,-85.22320833">Open in Google Maps</a>]]></description><Point><coordinates>-85.22320833,36.88458889,0</coordinates></Point></Placemark><Placemark><name>US-1272 · KDFWR fishing access: Yatesville Tailwater</name><styleUrl>#acc_near</styleUrl><description><![CDATA[For US-1272 Yatesville Lake State Park<br>Yatesville Lake • Bank Access • paved parking<br>2.3 mi from the park GPS point<br>Source: Kentucky Dept. of Fish &amp; Wildlife Resources (kygisserver.ky.gov)<br>Nearby point (within 5 mi of the park GPS). It may be outside the park — for example on Corps of Engineers or other land. Check the official map.<br><a href="https://www.google.com/maps/search/?api=1&amp;query=38.12848,-82.69628">Open in Google Maps</a>]]></description><Point><coordinates>-82.69628,38.12848,0</coordinates></Point></Placemark><Placemark><name>US-3839 · KDFWR fishing access: Yatesville Tailwater</name><styleUrl>#acc_near</styleUrl><description><![CDATA[For US-3839 Yatesville Lake Wildlife Management Area<br>Yatesville Lake • Bank Access • paved parking<br>4.7 mi from the park GPS point<br>Source: Kentucky Dept. of Fish &amp; Wildlife Resources (kygisserver.ky.gov)<br>Nearby point (within 5 mi of the park GPS). It may be outside the park — for example on Corps of Engineers or other land. Check the official map.<br><a href="https://www.google.com/maps/search/?api=1&amp;query=38.12848,-82.69628">Open in Google Maps</a>]]></description><Point><coordinates>-82.69628,38.12848,0</coordinates></Point></Placemark><Placemark><name>US-10171 · KDFWR fishing access: Musky Bend</name><styleUrl>#acc_near</styleUrl><description><![CDATA[For US-10171 Zilpo Campground Wildlife Management Area<br>Cave Run Lake • Bank Access • paved parking<br>1.1 mi from the park GPS point<br>Source: Kentucky Dept. of Fish &amp; Wildlife Resources (kygisserver.ky.gov)<br>Nearby point (within 5 mi of the park GPS). It may be outside the park — for example on Corps of Engineers or other land. Check the official map.<br><a href="https://www.google.com/maps/search/?api=1&amp;query=38.08925,-83.48942">Open in Google Maps</a>]]></description><Point><coordinates>-83.48942,38.08925,0</coordinates></Point></Placemark><Placemark><name>US-10171 · KDFWR fishing access: Lake View</name><styleUrl>#acc_near</styleUrl><description><![CDATA[For US-10171 Zilpo Campground Wildlife Management Area<br>Cave Run Lake • Bank Access • paved parking<br>1.2 mi from the park GPS point<br>Source: Kentucky Dept. of Fish &amp; Wildlife Resources (kygisserver.ky.gov)<br>Nearby point (within 5 mi of the park GPS). It may be outside the park — for example on Corps of Engineers or other land. Check the official map.<br><a href="https://www.google.com/maps/search/?api=1&amp;query=38.08788,-83.48238">Open in Google Maps</a>]]></description><Point><coordinates>-83.48238,38.08788,0</coordinates></Point></Placemark><Placemark><name>US-10171 · KDFWR fishing access: Shallow Flats</name><styleUrl>#acc_near</styleUrl><description><![CDATA[For US-10171 Zilpo Campground Wildlife Management Area<br>Cave Run Lake • Bank Access • paved parking<br>1.6 mi from the park GPS point<br>Source: Kentucky Dept. of Fish &amp; Wildlife Resources (kygisserver.ky.gov)<br>Nearby point (within 5 mi of the park GPS). It may be outside the park — for example on Corps of Engineers or other land. Check the official map.<br><a href="https://www.google.com/maps/search/?api=1&amp;query=38.09777,-83.49194">Open in Google Maps</a>]]></description><Point><coordinates>-83.49194,38.09777,0</coordinates></Point></Placemark><Placemark><name>US-10171 · KDFWR fishing access: Boat Gunnel</name><styleUrl>#acc_near</styleUrl><description><![CDATA[For US-10171 Zilpo Campground Wildlife Management Area<br>Cave Run Lake • Bank Access • paved parking<br>1.7 mi from the park GPS point<br>Source: Kentucky Dept. of Fish &amp; Wildlife Resources (kygisserver.ky.gov)<br>Nearby point (within 5 mi of the park GPS). It may be outside the park — for example on Corps of Engineers or other land. Check the official map.<br><a href="https://www.google.com/maps/search/?api=1&amp;query=38.099578,-83.501061">Open in Google Maps</a>]]></description><Point><coordinates>-83.501061,38.099578,0</coordinates></Point></Placemark><Placemark><name>US-10171 · KDFWR fishing access: High Bank</name><styleUrl>#acc_near</styleUrl><description><![CDATA[For US-10171 Zilpo Campground Wildlife Management Area<br>Cave Run Lake • Bank Access • paved parking<br>3.6 mi from the park GPS point<br>Source: Kentucky Dept. of Fish &amp; Wildlife Resources (kygisserver.ky.gov)<br>Nearby point (within 5 mi of the park GPS). It may be outside the park — for example on Corps of Engineers or other land. Check the official map.<br><a href="https://www.google.com/maps/search/?api=1&amp;query=38.1224,-83.52488">Open in Google Maps</a>]]></description><Point><coordinates>-83.52488,38.1224,0</coordinates></Point></Placemark></Folder><Folder><name>Nearby access (check ownership) — State Parks trailhead</name><Placemark><name>US-1273 · State Parks trailhead: Tbd</name><styleUrl>#acc_near</styleUrl><description><![CDATA[For US-1273 Barren River Lake State Park<br>parking: no<br>0.5 mi from the park GPS point<br>Source: Kentucky State Parks (kygisserver.ky.gov)<br>Nearby point (within 5 mi of the park GPS). It may be outside the park — for example on Corps of Engineers or other land. Check the official map.<br><a href="https://www.google.com/maps/search/?api=1&amp;query=36.857864,-86.064421">Open in Google Maps</a>]]></description><Point><coordinates>-86.064421,36.857864,0</coordinates></Point></Placemark><Placemark><name>US-1273 · State Parks trailhead: Connell</name><styleUrl>#acc_near</styleUrl><description><![CDATA[For US-1273 Barren River Lake State Park<br>parking: yes<br>0.8 mi from the park GPS point<br>Source: Kentucky State Parks (kygisserver.ky.gov)<br>Nearby point (within 5 mi of the park GPS). It may be outside the park — for example on Corps of Engineers or other land. Check the official map.<br><a href="https://www.google.com/maps/search/?api=1&amp;query=36.862531,-86.067631">Open in Google Maps</a>]]></description><Point><coordinates>-86.067631,36.862531,0</coordinates></Point></Placemark><Placemark><name>US-1273 · State Parks trailhead: Bicycle</name><styleUrl>#acc_near</styleUrl><description><![CDATA[For US-1273 Barren River Lake State Park<br>parking: no<br>0.8 mi from the park GPS point<br>Source: Kentucky State Parks (kygisserver.ky.gov)<br>Nearby point (within 5 mi of the park GPS). It may be outside the park — for example on Corps of Engineers or other land. Check the official map.<br><a href="https://www.google.com/maps/search/?api=1&amp;query=36.863048,-86.067642">Open in Google Maps</a>]]></description><Point><coordinates>-86.067642,36.863048,0</coordinates></Point></Placemark><Placemark><name>US-3779 · State Parks trailhead: Museum</name><styleUrl>#acc_near</styleUrl><description><![CDATA[For US-3779 Big Bone Lick State Historic Site<br>Trail: Big Bone Creek; parking: yes<br>0.3 mi from the park GPS point<br>Source: Kentucky State Parks (kygisserver.ky.gov)<br>Nearby point (within 5 mi of the park GPS). It may be outside the park — for example on Corps of Engineers or other land. Check the official map.<br><a href="https://www.google.com/maps/search/?api=1&amp;query=38.884476,-84.752765">Open in Google Maps</a>]]></description><Point><coordinates>-84.752765,38.884476,0</coordinates></Point></Placemark><Placemark><name>US-3779 · State Parks trailhead: Museum Parking Lot</name><styleUrl>#acc_near</styleUrl><description><![CDATA[For US-3779 Big Bone Lick State Historic Site<br>Trail: Gobblers Trace / Bison Trace; parking: yes<br>0.4 mi from the park GPS point<br>Source: Kentucky State Parks (kygisserver.ky.gov)<br>Nearby point (within 5 mi of the park GPS). It may be outside the park — for example on Corps of Engineers or other land. Check the official map.<br><a href="https://www.google.com/maps/search/?api=1&amp;query=38.883753,-84.752903">Open in Google Maps</a>]]></description><Point><coordinates>-84.752903,38.883753,0</coordinates></Point></Placemark><Placemark><name>US-3779 · State Parks trailhead: Campground</name><styleUrl>#acc_near</styleUrl><description><![CDATA[For US-3779 Big Bone Lick State Historic Site<br>Trail: Gobblers Trace; parking: no<br>0.5 mi from the park GPS point<br>Source: Kentucky State Parks (kygisserver.ky.gov)<br>Nearby point (within 5 mi of the park GPS). It may be outside the park — for example on Corps of Engineers or other land. Check the official map.<br><a href="https://www.google.com/maps/search/?api=1&amp;query=38.880209,-84.745433">Open in Google Maps</a>]]></description><Point><coordinates>-84.745433,38.880209,0</coordinates></Point></Placemark><Placemark><name>US-1274 · State Parks trailhead: Buffalo Trace To Nature Center</name><styleUrl>#acc_near</styleUrl><description><![CDATA[For US-1274 Blue Licks Battlefield State Park<br>Trail: Buffalo Trace; parking: yes<br>0.0 mi from the park GPS point<br>Source: Kentucky State Parks (kygisserver.ky.gov)<br>Nearby point (within 5 mi of the park GPS). It may be outside the park — for example on Corps of Engineers or other land. Check the official map.<br><a href="https://www.google.com/maps/search/?api=1&amp;query=38.429434,-83.992402">Open in Google Maps</a>]]></description><Point><coordinates>-83.992402,38.429434,0</coordinates></Point></Placemark><Placemark><name>US-1274 · State Parks trailhead: Savannah And Licking River</name><styleUrl>#acc_near</styleUrl><description><![CDATA[For US-1274 Blue Licks Battlefield State Park<br>Trail: Savannah; parking: yes<br>0.1 mi from the park GPS point<br>Source: Kentucky State Parks (kygisserver.ky.gov)<br>Nearby point (within 5 mi of the park GPS). It may be outside the park — for example on Corps of Engineers or other land. Check the official map.<br><a href="https://www.google.com/maps/search/?api=1&amp;query=38.428681,-83.993147">Open in Google Maps</a>]]></description><Point><coordinates>-83.993147,38.428681,0</coordinates></Point></Placemark><Placemark><name>US-1274 · State Parks trailhead: Buffalo Trace</name><styleUrl>#acc_near</styleUrl><description><![CDATA[For US-1274 Blue Licks Battlefield State Park<br>parking: yes<br>0.2 mi from the park GPS point<br>Source: Kentucky State Parks (kygisserver.ky.gov)<br>Nearby point (within 5 mi of the park GPS). It may be outside the park — for example on Corps of Engineers or other land. Check the official map.<br><a href="https://www.google.com/maps/search/?api=1&amp;query=38.431711,-83.992981">Open in Google Maps</a>]]></description><Point><coordinates>-83.992981,38.431711,0</coordinates></Point></Placemark><Placemark><name>US-1274 · State Parks trailhead: Licking River Trail</name><styleUrl>#acc_near</styleUrl><description><![CDATA[For US-1274 Blue Licks Battlefield State Park<br>Trail: Licking River; parking: yes<br>0.2 mi from the park GPS point<br>Source: Kentucky State Parks (kygisserver.ky.gov)<br>Nearby point (within 5 mi of the park GPS). It may be outside the park — for example on Corps of Engineers or other land. Check the official map.<br><a href="https://www.google.com/maps/search/?api=1&amp;query=38.431685,-83.994153">Open in Google Maps</a>]]></description><Point><coordinates>-83.994153,38.431685,0</coordinates></Point></Placemark><Placemark><name>US-1274 · State Parks trailhead: Behind Campsite 23</name><styleUrl>#acc_near</styleUrl><description><![CDATA[For US-1274 Blue Licks Battlefield State Park<br>Trail: Heritage; parking: no<br>0.2 mi from the park GPS point<br>Source: Kentucky State Parks (kygisserver.ky.gov)<br>Nearby point (within 5 mi of the park GPS). It may be outside the park — for example on Corps of Engineers or other land. Check the official map.<br><a href="https://www.google.com/maps/search/?api=1&amp;query=38.426706,-83.994495">Open in Google Maps</a>]]></description><Point><coordinates>-83.994495,38.426706,0</coordinates></Point></Placemark><Placemark><name>US-1274 · State Parks trailhead: Heritage</name><styleUrl>#acc_near</styleUrl><description><![CDATA[For US-1274 Blue Licks Battlefield State Park<br>parking: yes<br>0.2 mi from the park GPS point<br>Source: Kentucky State Parks (kygisserver.ky.gov)<br>Nearby point (within 5 mi of the park GPS). It may be outside the park — for example on Corps of Engineers or other land. Check the official map.<br><a href="https://www.google.com/maps/search/?api=1&amp;query=38.425735,-83.992419">Open in Google Maps</a>]]></description><Point><coordinates>-83.992419,38.425735,0</coordinates></Point></Placemark><Placemark><name>US-1274 · State Parks trailhead: Boat Ramp</name><styleUrl>#acc_near</styleUrl><description><![CDATA[For US-1274 Blue Licks Battlefield State Park<br>Trail: Licking River; parking: yes<br>0.3 mi from the park GPS point<br>Source: Kentucky State Parks (kygisserver.ky.gov)<br>Nearby point (within 5 mi of the park GPS). It may be outside the park — for example on Corps of Engineers or other land. Check the official map.<br><a href="https://www.google.com/maps/search/?api=1&amp;query=38.427488,-83.997078">Open in Google Maps</a>]]></description><Point><coordinates>-83.997078,38.427488,0</coordinates></Point></Placemark><Placemark><name>US-1274 · State Parks trailhead: Indian Run Trail</name><styleUrl>#acc_near</styleUrl><description><![CDATA[For US-1274 Blue Licks Battlefield State Park<br>Trail: Indian Run; parking: no<br>0.4 mi from the park GPS point<br>Source: Kentucky State Parks (kygisserver.ky.gov)<br>Nearby point (within 5 mi of the park GPS). It may be outside the park — for example on Corps of Engineers or other land. Check the official map.<br><a href="https://www.google.com/maps/search/?api=1&amp;query=38.434472,-83.996694">Open in Google Maps</a>]]></description><Point><coordinates>-83.996694,38.434472,0</coordinates></Point></Placemark><Placemark><name>US-1274 · State Parks trailhead: Tanner'S Station</name><styleUrl>#acc_near</styleUrl><description><![CDATA[For US-1274 Blue Licks Battlefield State Park<br>Trail: Heritage; parking: yes<br>0.6 mi from the park GPS point<br>Source: Kentucky State Parks (kygisserver.ky.gov)<br>Nearby point (within 5 mi of the park GPS). It may be outside the park — for example on Corps of Engineers or other land. Check the official map.<br><a href="https://www.google.com/maps/search/?api=1&amp;query=38.420743,-83.993561">Open in Google Maps</a>]]></description><Point><coordinates>-83.993561,38.420743,0</coordinates></Point></Placemark><Placemark><name>US-3781 · State Parks trailhead: Geological &amp; Ridge</name><styleUrl>#acc_near</styleUrl><description><![CDATA[For US-3781 Breaks Interstate State Park<br>parking: yes<br>0.7 mi from the park GPS point<br>Source: Kentucky State Parks (kygisserver.ky.gov)<br>Nearby point (within 5 mi of the park GPS). It may be outside the park — for example on Corps of Engineers or other land. Check the official map.<br><a href="https://www.google.com/maps/search/?api=1&amp;query=37.29317,-82.30816">Open in Google Maps</a>]]></description><Point><coordinates>-82.30816,37.29317,0</coordinates></Point></Placemark><Placemark><name>US-3781 · State Parks trailhead: Overlook Trail</name><styleUrl>#acc_near</styleUrl><description><![CDATA[For US-3781 Breaks Interstate State Park<br>Trail: Overlook; parking: yes<br>0.7 mi from the park GPS point<br>Source: Kentucky State Parks (kygisserver.ky.gov)<br>Nearby point (within 5 mi of the park GPS). It may be outside the park — for example on Corps of Engineers or other land. Check the official map.<br><a href="https://www.google.com/maps/search/?api=1&amp;query=37.292726,-82.308052">Open in Google Maps</a>]]></description><Point><coordinates>-82.308052,37.292726,0</coordinates></Point></Placemark><Placemark><name>US-3781 · State Parks trailhead: Ridge</name><styleUrl>#acc_near</styleUrl><description><![CDATA[For US-3781 Breaks Interstate State Park<br>parking: yes<br>0.7 mi from the park GPS point<br>Source: Kentucky State Parks (kygisserver.ky.gov)<br>Nearby point (within 5 mi of the park GPS). It may be outside the park — for example on Corps of Engineers or other land. Check the official map.<br><a href="https://www.google.com/maps/search/?api=1&amp;query=37.292556,-82.307784">Open in Google Maps</a>]]></description><Point><coordinates>-82.307784,37.292556,0</coordinates></Point></Placemark><Placemark><name>US-3781 · State Parks trailhead: Grassy Overlook Trail</name><styleUrl>#acc_near</styleUrl><description><![CDATA[For US-3781 Breaks Interstate State Park<br>Trail: Grassy Overlook; parking: yes<br>0.7 mi from the park GPS point<br>Source: Kentucky State Parks (kygisserver.ky.gov)<br>Nearby point (within 5 mi of the park GPS). It may be outside the park — for example on Corps of Engineers or other land. Check the official map.<br><a href="https://www.google.com/maps/search/?api=1&amp;query=37.295778,-82.301851">Open in Google Maps</a>]]></description><Point><coordinates>-82.301851,37.295778,0</coordinates></Point></Placemark><Placemark><name>US-3781 · State Parks trailhead: Overlook Trail</name><styleUrl>#acc_near</styleUrl><description><![CDATA[For US-3781 Breaks Interstate State Park<br>Trail: Overlook; parking: yes<br>1.1 mi from the park GPS point<br>Source: Kentucky State Parks (kygisserver.ky.gov)<br>Nearby point (within 5 mi of the park GPS). It may be outside the park — for example on Corps of Engineers or other land. Check the official map.<br><a href="https://www.google.com/maps/search/?api=1&amp;query=37.287477,-82.305473">Open in Google Maps</a>]]></description><Point><coordinates>-82.305473,37.287477,0</coordinates></Point></Placemark><Placemark><name>US-3781 · State Parks trailhead: Main</name><styleUrl>#acc_near</styleUrl><description><![CDATA[For US-3781 Breaks Interstate State Park<br>parking: no<br>1.1 mi from the park GPS point<br>Source: Kentucky State Parks (kygisserver.ky.gov)<br>Nearby point (within 5 mi of the park GPS). It may be outside the park — for example on Corps of Engineers or other land. Check the official map.<br><a href="https://www.google.com/maps/search/?api=1&amp;query=37.294873,-82.293666">Open in Google Maps</a>]]></description><Point><coordinates>-82.293666,37.294873,0</coordinates></Point></Placemark><Placemark><name>US-3781 · State Parks trailhead: Deer</name><styleUrl>#acc_near</styleUrl><description><![CDATA[For US-3781 Breaks Interstate State Park<br>parking: yes<br>1.1 mi from the park GPS point<br>Source: Kentucky State Parks (kygisserver.ky.gov)<br>Nearby point (within 5 mi of the park GPS). It may be outside the park — for example on Corps of Engineers or other land. Check the official map.<br><a href="https://www.google.com/maps/search/?api=1&amp;query=37.293285,-82.294838">Open in Google Maps</a>]]></description><Point><coordinates>-82.294838,37.293285,0</coordinates></Point></Placemark><Placemark><name>US-3781 · State Parks trailhead: Main</name><styleUrl>#acc_near</styleUrl><description><![CDATA[For US-3781 Breaks Interstate State Park<br>parking: yes<br>1.2 mi from the park GPS point<br>Source: Kentucky State Parks (kygisserver.ky.gov)<br>Nearby point (within 5 mi of the park GPS). It may be outside the park — for example on Corps of Engineers or other land. Check the official map.<br><a href="https://www.google.com/maps/search/?api=1&amp;query=37.293071,-82.294721">Open in Google Maps</a>]]></description><Point><coordinates>-82.294721,37.293071,0</coordinates></Point></Placemark><Placemark><name>US-3781 · State Parks trailhead: Overlook Trail</name><styleUrl>#acc_near</styleUrl><description><![CDATA[For US-3781 Breaks Interstate State Park<br>Trail: Overlook; parking: yes<br>1.2 mi from the park GPS point<br>Source: Kentucky State Parks (kygisserver.ky.gov)<br>Nearby point (within 5 mi of the park GPS). It may be outside the park — for example on Corps of Engineers or other land. Check the official map.<br><a href="https://www.google.com/maps/search/?api=1&amp;query=37.286631,-82.304768">Open in Google Maps</a>]]></description><Point><coordinates>-82.304768,37.286631,0</coordinates></Point></Placemark><Placemark><name>US-3781 · State Parks trailhead: Tower Tunnel</name><styleUrl>#acc_near</styleUrl><description><![CDATA[For US-3781 Breaks Interstate State Park<br>parking: yes<br>1.2 mi from the park GPS point<br>Source: Kentucky State Parks (kygisserver.ky.gov)<br>Nearby point (within 5 mi of the park GPS). It may be outside the park — for example on Corps of Engineers or other land. Check the official map.<br><a href="https://www.google.com/maps/search/?api=1&amp;query=37.286188,-82.303416">Open in Google Maps</a>]]></description><Point><coordinates>-82.303416,37.286188,0</coordinates></Point></Placemark><Placemark><name>US-3781 · State Parks trailhead: Cold Spring Trail</name><styleUrl>#acc_near</styleUrl><description><![CDATA[For US-3781 Breaks Interstate State Park<br>Trail: Cold Spring; parking: yes<br>1.2 mi from the park GPS point<br>Source: Kentucky State Parks (kygisserver.ky.gov)<br>Nearby point (within 5 mi of the park GPS). It may be outside the park — for example on Corps of Engineers or other land. Check the official map.<br><a href="https://www.google.com/maps/search/?api=1&amp;query=37.286993,-82.301108">Open in Google Maps</a>]]></description><Point><coordinates>-82.301108,37.286993,0</coordinates></Point></Placemark><Placemark><name>US-3781 · State Parks trailhead: Loop</name><styleUrl>#acc_near</styleUrl><description><![CDATA[For US-3781 Breaks Interstate State Park<br>parking: yes<br>1.4 mi from the park GPS point<br>Source: Kentucky State Parks (kygisserver.ky.gov)<br>Nearby point (within 5 mi of the park GPS). It may be outside the park — for example on Corps of Engineers or other land. Check the official map.<br><a href="https://www.google.com/maps/search/?api=1&amp;query=37.285297,-82.299726">Open in Google Maps</a>]]></description><Point><coordinates>-82.299726,37.285297,0</coordinates></Point></Placemark><Placemark><name>US-3781 · State Parks trailhead: Lake Trail</name><styleUrl>#acc_near</styleUrl><description><![CDATA[For US-3781 Breaks Interstate State Park<br>Trail: Lake; parking: no<br>1.4 mi from the park GPS point<br>Source: Kentucky State Parks (kygisserver.ky.gov)<br>Nearby point (within 5 mi of the park GPS). It may be outside the park — for example on Corps of Engineers or other land. Check the official map.<br><a href="https://www.google.com/maps/search/?api=1&amp;query=37.28815,-82.294403">Open in Google Maps</a>]]></description><Point><coordinates>-82.294403,37.28815,0</coordinates></Point></Placemark><Placemark><name>US-3781 · State Parks trailhead: Russell Fork</name><styleUrl>#acc_near</styleUrl><description><![CDATA[For US-3781 Breaks Interstate State Park<br>Trail: Pine Mountain State Scenic Trail; parking: yes<br>1.5 mi from the park GPS point<br>Source: Kentucky State Parks (kygisserver.ky.gov)<br>Nearby point (within 5 mi of the park GPS). It may be outside the park — for example on Corps of Engineers or other land. Check the official map.<br><a href="https://www.google.com/maps/search/?api=1&amp;query=37.29528,-82.3378">Open in Google Maps</a>]]></description><Point><coordinates>-82.3378,37.29528,0</coordinates></Point></Placemark><Placemark><name>US-3781 · State Parks trailhead: Towers Overlook</name><styleUrl>#acc_near</styleUrl><description><![CDATA[For US-3781 Breaks Interstate State Park<br>Trail: Towers; parking: yes<br>1.7 mi from the park GPS point<br>Source: Kentucky State Parks (kygisserver.ky.gov)<br>Nearby point (within 5 mi of the park GPS). It may be outside the park — for example on Corps of Engineers or other land. Check the official map.<br><a href="https://www.google.com/maps/search/?api=1&amp;query=37.285444,-82.291093">Open in Google Maps</a>]]></description><Point><coordinates>-82.291093,37.285444,0</coordinates></Point></Placemark><Placemark><name>US-3781 · State Parks trailhead: Campbranch</name><styleUrl>#acc_near</styleUrl><description><![CDATA[For US-3781 Breaks Interstate State Park<br>parking: yes<br>2.4 mi from the park GPS point<br>Source: Kentucky State Parks (kygisserver.ky.gov)<br>Nearby point (within 5 mi of the park GPS). It may be outside the park — for example on Corps of Engineers or other land. Check the official map.<br><a href="https://www.google.com/maps/search/?api=1&amp;query=37.271463,-82.294882">Open in Google Maps</a>]]></description><Point><coordinates>-82.294882,37.271463,0</coordinates></Point></Placemark><Placemark><name>US-1275 · State Parks trailhead: Moonshiner'S Hollow And Leatherwood</name><styleUrl>#acc_near</styleUrl><description><![CDATA[For US-1275 Buckhorn Lake State Park<br>parking: yes<br>0.1 mi from the park GPS point<br>Source: Kentucky State Parks (kygisserver.ky.gov)<br>Nearby point (within 5 mi of the park GPS). It may be outside the park — for example on Corps of Engineers or other land. Check the official map.<br><a href="https://www.google.com/maps/search/?api=1&amp;query=37.306433,-83.444787">Open in Google Maps</a>]]></description><Point><coordinates>-83.444787,37.306433,0</coordinates></Point></Placemark><Placemark><name>US-1275 · State Parks trailhead: Autumn Loop</name><styleUrl>#acc_near</styleUrl><description><![CDATA[For US-1275 Buckhorn Lake State Park<br>parking: yes<br>0.3 mi from the park GPS point<br>Source: Kentucky State Parks (kygisserver.ky.gov)<br>Nearby point (within 5 mi of the park GPS). It may be outside the park — for example on Corps of Engineers or other land. Check the official map.<br><a href="https://www.google.com/maps/search/?api=1&amp;query=37.304059,-83.442134">Open in Google Maps</a>]]></description><Point><coordinates>-83.442134,37.304059,0</coordinates></Point></Placemark><Placemark><name>US-1275 · State Parks trailhead: Moonshiner'S Hollow</name><styleUrl>#acc_near</styleUrl><description><![CDATA[For US-1275 Buckhorn Lake State Park<br>parking: yes<br>0.3 mi from the park GPS point<br>Source: Kentucky State Parks (kygisserver.ky.gov)<br>Nearby point (within 5 mi of the park GPS). It may be outside the park — for example on Corps of Engineers or other land. Check the official map.<br><a href="https://www.google.com/maps/search/?api=1&amp;query=37.306519,-83.440061">Open in Google Maps</a>]]></description><Point><coordinates>-83.440061,37.306519,0</coordinates></Point></Placemark><Placemark><name>US-1276 · State Parks trailhead: Mini Golf</name><styleUrl>#acc_near</styleUrl><description><![CDATA[For US-1276 Carter Caves State Park<br>Trail: Three Bridges; parking: yes<br>0.2 mi from the park GPS point<br>Source: Kentucky State Parks (kygisserver.ky.gov)<br>Nearby point (within 5 mi of the park GPS). It may be outside the park — for example on Corps of Engineers or other land. Check the official map.<br><a href="https://www.google.com/maps/search/?api=1&amp;query=38.375211,-83.125818">Open in Google Maps</a>]]></description><Point><coordinates>-83.125818,38.375211,0</coordinates></Point></Placemark><Placemark><name>US-1276 · State Parks trailhead: Lodge Upper</name><styleUrl>#acc_near</styleUrl><description><![CDATA[For US-1276 Carter Caves State Park<br>Trail: Three Bridges; parking: yes<br>0.3 mi from the park GPS point<br>Source: Kentucky State Parks (kygisserver.ky.gov)<br>Nearby point (within 5 mi of the park GPS). It may be outside the park — for example on Corps of Engineers or other land. Check the official map.<br><a href="https://www.google.com/maps/search/?api=1&amp;query=38.369907,-83.123975">Open in Google Maps</a>]]></description><Point><coordinates>-83.123975,38.369907,0</coordinates></Point></Placemark><Placemark><name>US-1276 · State Parks trailhead: Mulligan</name><styleUrl>#acc_near</styleUrl><description><![CDATA[For US-1276 Carter Caves State Park<br>parking: yes<br>0.3 mi from the park GPS point<br>Source: Kentucky State Parks (kygisserver.ky.gov)<br>Nearby point (within 5 mi of the park GPS). It may be outside the park — for example on Corps of Engineers or other land. Check the official map.<br><a href="https://www.google.com/maps/search/?api=1&amp;query=38.369769,-83.123235">Open in Google Maps</a>]]></description><Point><coordinates>-83.123235,38.369769,0</coordinates></Point></Placemark><Placemark><name>US-1276 · State Parks trailhead: Swimming Pool</name><styleUrl>#acc_near</styleUrl><description><![CDATA[For US-1276 Carter Caves State Park<br>Trail: Three Bridges; parking: yes<br>0.3 mi from the park GPS point<br>Source: Kentucky State Parks (kygisserver.ky.gov)<br>Nearby point (within 5 mi of the park GPS). It may be outside the park — for example on Corps of Engineers or other land. Check the official map.<br><a href="https://www.google.com/maps/search/?api=1&amp;query=38.368289,-83.126073">Open in Google Maps</a>]]></description><Point><coordinates>-83.126073,38.368289,0</coordinates></Point></Placemark><Placemark><name>US-1276 · State Parks trailhead: Saltpeter Cave</name><styleUrl>#acc_near</styleUrl><description><![CDATA[For US-1276 Carter Caves State Park<br>Trail: Three Bridges; parking: yes<br>0.3 mi from the park GPS point<br>Source: Kentucky State Parks (kygisserver.ky.gov)<br>Nearby point (within 5 mi of the park GPS). It may be outside the park — for example on Corps of Engineers or other land. Check the official map.<br><a href="https://www.google.com/maps/search/?api=1&amp;query=38.376978,-83.12349">Open in Google Maps</a>]]></description><Point><coordinates>-83.12349,38.376978,0</coordinates></Point></Placemark><Placemark><name>US-1276 · State Parks trailhead: Lodge Lower</name><styleUrl>#acc_near</styleUrl><description><![CDATA[For US-1276 Carter Caves State Park<br>Trail: Raven Bridge / Three Bridges; parking: yes<br>0.4 mi from the park GPS point<br>Source: Kentucky State Parks (kygisserver.ky.gov)<br>Nearby point (within 5 mi of the park GPS). It may be outside the park — for example on Corps of Engineers or other land. Check the official map.<br><a href="https://www.google.com/maps/search/?api=1&amp;query=38.36901,-83.122809">Open in Google Maps</a>]]></description><Point><coordinates>-83.122809,38.36901,0</coordinates></Point></Placemark><Placemark><name>US-1276 · State Parks trailhead: Welcome Center</name><styleUrl>#acc_near</styleUrl><description><![CDATA[For US-1276 Carter Caves State Park<br>Trail: Natural Bridge; parking: yes<br>0.4 mi from the park GPS point<br>Source: Kentucky State Parks (kygisserver.ky.gov)<br>Nearby point (within 5 mi of the park GPS). It may be outside the park — for example on Corps of Engineers or other land. Check the official map.<br><a href="https://www.google.com/maps/search/?api=1&amp;query=38.377406,-83.123379">Open in Google Maps</a>]]></description><Point><coordinates>-83.123379,38.377406,0</coordinates></Point></Placemark><Placemark><name>US-1276 · State Parks trailhead: X Cave</name><styleUrl>#acc_near</styleUrl><description><![CDATA[For US-1276 Carter Caves State Park<br>Trail: 4C'S / Horn Hollow; parking: yes<br>0.4 mi from the park GPS point<br>Source: Kentucky State Parks (kygisserver.ky.gov)<br>Nearby point (within 5 mi of the park GPS). It may be outside the park — for example on Corps of Engineers or other land. Check the official map.<br><a href="https://www.google.com/maps/search/?api=1&amp;query=38.377536,-83.122535">Open in Google Maps</a>]]></description><Point><coordinates>-83.122535,38.377536,0</coordinates></Point></Placemark><Placemark><name>US-1276 · State Parks trailhead: Horse Campground</name><styleUrl>#acc_near</styleUrl><description><![CDATA[For US-1276 Carter Caves State Park<br>Trail: Kiser Hollow; parking: yes<br>0.4 mi from the park GPS point<br>Source: Kentucky State Parks (kygisserver.ky.gov)<br>Nearby point (within 5 mi of the park GPS). It may be outside the park — for example on Corps of Engineers or other land. Check the official map.<br><a href="https://www.google.com/maps/search/?api=1&amp;query=38.377105,-83.133823">Open in Google Maps</a>]]></description><Point><coordinates>-83.133823,38.377105,0</coordinates></Point></Placemark><Placemark><name>US-1276 · State Parks trailhead: Boat Ramp</name><styleUrl>#acc_near</styleUrl><description><![CDATA[For US-1276 Carter Caves State Park<br>Trail: 4C'S; parking: yes<br>0.5 mi from the park GPS point<br>Source: Kentucky State Parks (kygisserver.ky.gov)<br>Nearby point (within 5 mi of the park GPS). It may be outside the park — for example on Corps of Engineers or other land. Check the official map.<br><a href="https://www.google.com/maps/search/?api=1&amp;query=38.366783,-83.130318">Open in Google Maps</a>]]></description><Point><coordinates>-83.130318,38.366783,0</coordinates></Point></Placemark><Placemark><name>US-1276 · State Parks trailhead: Cottages</name><styleUrl>#acc_near</styleUrl><description><![CDATA[For US-1276 Carter Caves State Park<br>Trail: Three Bridges; parking: no<br>0.6 mi from the park GPS point<br>Source: Kentucky State Parks (kygisserver.ky.gov)<br>Nearby point (within 5 mi of the park GPS). It may be outside the park — for example on Corps of Engineers or other land. Check the official map.<br><a href="https://www.google.com/maps/search/?api=1&amp;query=38.372064,-83.115523">Open in Google Maps</a>]]></description><Point><coordinates>-83.115523,38.372064,0</coordinates></Point></Placemark><Placemark><name>US-1276 · State Parks trailhead: Laurel Cave</name><styleUrl>#acc_near</styleUrl><description><![CDATA[For US-1276 Carter Caves State Park<br>parking: yes<br>0.7 mi from the park GPS point<br>Source: Kentucky State Parks (kygisserver.ky.gov)<br>Nearby point (within 5 mi of the park GPS). It may be outside the park — for example on Corps of Engineers or other land. Check the official map.<br><a href="https://www.google.com/maps/search/?api=1&amp;query=38.374883,-83.115265">Open in Google Maps</a>]]></description><Point><coordinates>-83.115265,38.374883,0</coordinates></Point></Placemark><Placemark><name>US-1276 · State Parks trailhead: Cascade Cave</name><styleUrl>#acc_near</styleUrl><description><![CDATA[For US-1276 Carter Caves State Park<br>Trail: Box Canyon; parking: yes<br>1.5 mi from the park GPS point<br>Source: Kentucky State Parks (kygisserver.ky.gov)<br>Nearby point (within 5 mi of the park GPS). It may be outside the park — for example on Corps of Engineers or other land. Check the official map.<br><a href="https://www.google.com/maps/search/?api=1&amp;query=38.355514,-83.111767">Open in Google Maps</a>]]></description><Point><coordinates>-83.111767,38.355514,0</coordinates></Point></Placemark><Placemark><name>US-1252 · State Parks trailhead: Columbus-Belmont</name><styleUrl>#acc_near</styleUrl><description><![CDATA[For US-1252 Columbus Belmont State Park<br>Trail: Nature Trail; parking: yes<br>0.0 mi from the park GPS point<br>Source: Kentucky State Parks (kygisserver.ky.gov)<br>Nearby point (within 5 mi of the park GPS). It may be outside the park — for example on Corps of Engineers or other land. Check the official map.<br><a href="https://www.google.com/maps/search/?api=1&amp;query=36.766116,-89.110173">Open in Google Maps</a>]]></description><Point><coordinates>-89.110173,36.766116,0</coordinates></Point></Placemark><Placemark><name>US-1252 · State Parks trailhead: Confederate Trenches</name><styleUrl>#acc_near</styleUrl><description><![CDATA[For US-1252 Columbus Belmont State Park<br>Trail: Trench Trail; parking: yes<br>0.1 mi from the park GPS point<br>Source: Kentucky State Parks (kygisserver.ky.gov)<br>Nearby point (within 5 mi of the park GPS). It may be outside the park — for example on Corps of Engineers or other land. Check the official map.<br><a href="https://www.google.com/maps/search/?api=1&amp;query=36.766578,-89.110946">Open in Google Maps</a>]]></description><Point><coordinates>-89.110946,36.766578,0</coordinates></Point></Placemark><Placemark><name>US-1277 · State Parks trailhead: Clifty Campground</name><styleUrl>#acc_near</styleUrl><description><![CDATA[For US-1277 Cumberland Falls State Park<br>Trail: Wildflower Loop Trail 12; parking: no<br>0.1 mi from the park GPS point<br>Source: Kentucky State Parks (kygisserver.ky.gov)<br>Nearby point (within 5 mi of the park GPS). It may be outside the park — for example on Corps of Engineers or other land. Check the official map.<br><a href="https://www.google.com/maps/search/?api=1&amp;query=36.841264,-84.339292">Open in Google Maps</a>]]></description><Point><coordinates>-84.339292,36.841264,0</coordinates></Point></Placemark><Placemark><name>US-1277 · State Parks trailhead: Lodge Front Trail 6</name><styleUrl>#acc_near</styleUrl><description><![CDATA[For US-1277 Cumberland Falls State Park<br>Trail: Cumberland Falls Trail 6; parking: yes<br>0.1 mi from the park GPS point<br>Source: Kentucky State Parks (kygisserver.ky.gov)<br>Nearby point (within 5 mi of the park GPS). It may be outside the park — for example on Corps of Engineers or other land. Check the official map.<br><a href="https://www.google.com/maps/search/?api=1&amp;query=36.838954,-84.338999">Open in Google Maps</a>]]></description><Point><coordinates>-84.338999,36.838954,0</coordinates></Point></Placemark><Placemark><name>US-1277 · State Parks trailhead: Lodge Front Trail 4</name><styleUrl>#acc_near</styleUrl><description><![CDATA[For US-1277 Cumberland Falls State Park<br>Trail: Civilian Conservation Corps Memorial Trail 4; parking: yes<br>0.1 mi from the park GPS point<br>Source: Kentucky State Parks (kygisserver.ky.gov)<br>Nearby point (within 5 mi of the park GPS). It may be outside the park — for example on Corps of Engineers or other land. Check the official map.<br><a href="https://www.google.com/maps/search/?api=1&amp;query=36.838858,-84.338413">Open in Google Maps</a>]]></description><Point><coordinates>-84.338413,36.838858,0</coordinates></Point></Placemark><Placemark><name>US-1277 · State Parks trailhead: Lodge Back Trail 4</name><styleUrl>#acc_near</styleUrl><description><![CDATA[For US-1277 Cumberland Falls State Park<br>Trail: Civilian Conservation Corps Memorial Trail 4; parking: yes<br>0.2 mi from the park GPS point<br>Source: Kentucky State Parks (kygisserver.ky.gov)<br>Nearby point (within 5 mi of the park GPS). It may be outside the park — for example on Corps of Engineers or other land. Check the official map.<br><a href="https://www.google.com/maps/search/?api=1&amp;query=36.838144,-84.338614">Open in Google Maps</a>]]></description><Point><coordinates>-84.338614,36.838144,0</coordinates></Point></Placemark><Placemark><name>US-1277 · State Parks trailhead: Cabins</name><styleUrl>#acc_near</styleUrl><description><![CDATA[For US-1277 Cumberland Falls State Park<br>Trail: Laurel Trail 3; parking: yes<br>0.2 mi from the park GPS point<br>Source: Kentucky State Parks (kygisserver.ky.gov)<br>Nearby point (within 5 mi of the park GPS). It may be outside the park — for example on Corps of Engineers or other land. Check the official map.<br><a href="https://www.google.com/maps/search/?api=1&amp;query=36.838041,-84.340803">Open in Google Maps</a>]]></description><Point><coordinates>-84.340803,36.838041,0</coordinates></Point></Placemark><Placemark><name>US-1277 · State Parks trailhead: Dance Pavillion</name><styleUrl>#acc_near</styleUrl><description><![CDATA[For US-1277 Cumberland Falls State Park<br>Trail: Wildflower Loop Trail 12; parking: yes<br>0.2 mi from the park GPS point<br>Source: Kentucky State Parks (kygisserver.ky.gov)<br>Nearby point (within 5 mi of the park GPS). It may be outside the park — for example on Corps of Engineers or other land. Check the official map.<br><a href="https://www.google.com/maps/search/?api=1&amp;query=36.843019,-84.338904">Open in Google Maps</a>]]></description><Point><coordinates>-84.338904,36.843019,0</coordinates></Point></Placemark><Placemark><name>US-1277 · State Parks trailhead: Moonbow</name><styleUrl>#acc_near</styleUrl><description><![CDATA[For US-1277 Cumberland Falls State Park<br>Trail: Moonbow Trail 1; parking: no<br>0.2 mi from the park GPS point<br>Source: Kentucky State Parks (kygisserver.ky.gov)<br>Nearby point (within 5 mi of the park GPS). It may be outside the park — for example on Corps of Engineers or other land. Check the official map.<br><a href="https://www.google.com/maps/search/?api=1&amp;query=36.839717,-84.343408">Open in Google Maps</a>]]></description><Point><coordinates>-84.343408,36.839717,0</coordinates></Point></Placemark><Placemark><name>US-1277 · State Parks trailhead: Falls Picnic Area</name><styleUrl>#acc_near</styleUrl><description><![CDATA[For US-1277 Cumberland Falls State Park<br>Trail: Cumberland River Trail 2; parking: yes<br>0.2 mi from the park GPS point<br>Source: Kentucky State Parks (kygisserver.ky.gov)<br>Nearby point (within 5 mi of the park GPS). It may be outside the park — for example on Corps of Engineers or other land. Check the official map.<br><a href="https://www.google.com/maps/search/?api=1&amp;query=36.838549,-84.336453">Open in Google Maps</a>]]></description><Point><coordinates>-84.336453,36.838549,0</coordinates></Point></Placemark><Placemark><name>US-1277 · State Parks trailhead: Falls Parking Lot</name><styleUrl>#acc_near</styleUrl><description><![CDATA[For US-1277 Cumberland Falls State Park<br>Trail: Sheltowee Trace; parking: yes<br>0.3 mi from the park GPS point<br>Source: Kentucky State Parks (kygisserver.ky.gov)<br>Nearby point (within 5 mi of the park GPS). It may be outside the park — for example on Corps of Engineers or other land. Check the official map.<br><a href="https://www.google.com/maps/search/?api=1&amp;query=36.836653,-84.340766">Open in Google Maps</a>]]></description><Point><coordinates>-84.340766,36.836653,0</coordinates></Point></Placemark><Placemark><name>US-1277 · State Parks trailhead: Hilltop Spur</name><styleUrl>#acc_near</styleUrl><description><![CDATA[For US-1277 Cumberland Falls State Park<br>Trail: Hilltop Spur Trail 8; parking: no<br>0.3 mi from the park GPS point<br>Source: Kentucky State Parks (kygisserver.ky.gov)<br>Nearby point (within 5 mi of the park GPS). It may be outside the park — for example on Corps of Engineers or other land. Check the official map.<br><a href="https://www.google.com/maps/search/?api=1&amp;query=36.841792,-84.334391">Open in Google Maps</a>]]></description><Point><coordinates>-84.334391,36.841792,0</coordinates></Point></Placemark><Placemark><name>US-1277 · State Parks trailhead: Cumberland River Bridge</name><styleUrl>#acc_near</styleUrl><description><![CDATA[For US-1277 Cumberland Falls State Park<br>Trail: Blue Bend Loop Trail 10; parking: no<br>0.4 mi from the park GPS point<br>Source: Kentucky State Parks (kygisserver.ky.gov)<br>Nearby point (within 5 mi of the park GPS). It may be outside the park — for example on Corps of Engineers or other land. Check the official map.<br><a href="https://www.google.com/maps/search/?api=1&amp;query=36.835122,-84.340003">Open in Google Maps</a>]]></description><Point><coordinates>-84.340003,36.835122,0</coordinates></Point></Placemark><Placemark><name>US-1277 · State Parks trailhead: Eagle Falls</name><styleUrl>#acc_near</styleUrl><description><![CDATA[For US-1277 Cumberland Falls State Park<br>Trail: Eagle Falls Trail 9; parking: yes<br>0.4 mi from the park GPS point<br>Source: Kentucky State Parks (kygisserver.ky.gov)<br>Nearby point (within 5 mi of the park GPS). It may be outside the park — for example on Corps of Engineers or other land. Check the official map.<br><a href="https://www.google.com/maps/search/?api=1&amp;query=36.836834,-84.345587">Open in Google Maps</a>]]></description><Point><coordinates>-84.345587,36.836834,0</coordinates></Point></Placemark><Placemark><name>US-1277 · State Parks trailhead: Blue Bend Loop</name><styleUrl>#acc_near</styleUrl><description><![CDATA[For US-1277 Cumberland Falls State Park<br>Trail: Blue Bend Loop Trail 10; parking: yes<br>0.4 mi from the park GPS point<br>Source: Kentucky State Parks (kygisserver.ky.gov)<br>Nearby point (within 5 mi of the park GPS). It may be outside the park — for example on Corps of Engineers or other land. Check the official map.<br><a href="https://www.google.com/maps/search/?api=1&amp;query=36.836493,-84.345281">Open in Google Maps</a>]]></description><Point><coordinates>-84.345281,36.836493,0</coordinates></Point></Placemark><Placemark><name>US-1277 · State Parks trailhead: Ccc Gazebo</name><styleUrl>#acc_near</styleUrl><description><![CDATA[For US-1277 Cumberland Falls State Park<br>Trail: Anvil Branch Trail 11; parking: no<br>0.5 mi from the park GPS point<br>Source: Kentucky State Parks (kygisserver.ky.gov)<br>Nearby point (within 5 mi of the park GPS). It may be outside the park — for example on Corps of Engineers or other land. Check the official map.<br><a href="https://www.google.com/maps/search/?api=1&amp;query=36.843464,-84.330818">Open in Google Maps</a>]]></description><Point><coordinates>-84.330818,36.843464,0</coordinates></Point></Placemark><Placemark><name>US-1277 · State Parks trailhead: Ridgeline Campground</name><styleUrl>#acc_near</styleUrl><description><![CDATA[For US-1277 Cumberland Falls State Park<br>Trail: Camper'S Path Trail 5; parking: yes<br>0.6 mi from the park GPS point<br>Source: Kentucky State Parks (kygisserver.ky.gov)<br>Nearby point (within 5 mi of the park GPS). It may be outside the park — for example on Corps of Engineers or other land. Check the official map.<br><a href="https://www.google.com/maps/search/?api=1&amp;query=36.841061,-84.328512">Open in Google Maps</a>]]></description><Point><coordinates>-84.328512,36.841061,0</coordinates></Point></Placemark><Placemark><name>US-1277 · State Parks trailhead: Pinnacle Knob Fire Tower</name><styleUrl>#acc_near</styleUrl><description><![CDATA[For US-1277 Cumberland Falls State Park<br>Trail: Cumberland River Trail 2; parking: no<br>1.3 mi from the park GPS point<br>Source: Kentucky State Parks (kygisserver.ky.gov)<br>Nearby point (within 5 mi of the park GPS). It may be outside the park — for example on Corps of Engineers or other land. Check the official map.<br><a href="https://www.google.com/maps/search/?api=1&amp;query=36.844706,-84.317572">Open in Google Maps</a>]]></description><Point><coordinates>-84.317572,36.844706,0</coordinates></Point></Placemark><Placemark><name>US-1277 · State Parks trailhead: Cumberland River</name><styleUrl>#acc_near</styleUrl><description><![CDATA[For US-1277 Cumberland Falls State Park<br>Trail: Cumberland River Trail 2; parking: no<br>1.3 mi from the park GPS point<br>Source: Kentucky State Parks (kygisserver.ky.gov)<br>Nearby point (within 5 mi of the park GPS). It may be outside the park — for example on Corps of Engineers or other land. Check the official map.<br><a href="https://www.google.com/maps/search/?api=1&amp;query=36.844015,-84.316423">Open in Google Maps</a>]]></description><Point><coordinates>-84.316423,36.844015,0</coordinates></Point></Placemark><Placemark><name>US-1278 · State Parks trailhead: Eagle Point</name><styleUrl>#acc_near</styleUrl><description><![CDATA[For US-1278 Dale Hollow State Park<br>parking: no<br>0.1 mi from the park GPS point<br>Source: Kentucky State Parks (kygisserver.ky.gov)<br>Nearby point (within 5 mi of the park GPS). It may be outside the park — for example on Corps of Engineers or other land. Check the official map.<br><a href="https://www.google.com/maps/search/?api=1&amp;query=36.64426,-85.289153">Open in Google Maps</a>]]></description><Point><coordinates>-85.289153,36.64426,0</coordinates></Point></Placemark><Placemark><name>US-1278 · State Parks trailhead: Eagle Point And Boom Ridge Connector</name><styleUrl>#acc_near</styleUrl><description><![CDATA[For US-1278 Dale Hollow State Park<br>parking: no<br>0.3 mi from the park GPS point<br>Source: Kentucky State Parks (kygisserver.ky.gov)<br>Nearby point (within 5 mi of the park GPS). It may be outside the park — for example on Corps of Engineers or other land. Check the official map.<br><a href="https://www.google.com/maps/search/?api=1&amp;query=36.646179,-85.294801">Open in Google Maps</a>]]></description><Point><coordinates>-85.294801,36.646179,0</coordinates></Point></Placemark><Placemark><name>US-1278 · State Parks trailhead: Boom Ridge</name><styleUrl>#acc_near</styleUrl><description><![CDATA[For US-1278 Dale Hollow State Park<br>parking: no<br>0.4 mi from the park GPS point<br>Source: Kentucky State Parks (kygisserver.ky.gov)<br>Nearby point (within 5 mi of the park GPS). It may be outside the park — for example on Corps of Engineers or other land. Check the official map.<br><a href="https://www.google.com/maps/search/?api=1&amp;query=36.649215,-85.293719">Open in Google Maps</a>]]></description><Point><coordinates>-85.293719,36.649215,0</coordinates></Point></Placemark><Placemark><name>US-1278 · State Parks trailhead: Trailhead</name><styleUrl>#acc_near</styleUrl><description><![CDATA[For US-1278 Dale Hollow State Park<br>parking: yes<br>0.6 mi from the park GPS point<br>Source: Kentucky State Parks (kygisserver.ky.gov)<br>Nearby point (within 5 mi of the park GPS). It may be outside the park — for example on Corps of Engineers or other land. Check the official map.<br><a href="https://www.google.com/maps/search/?api=1&amp;query=36.639244,-85.29954">Open in Google Maps</a>]]></description><Point><coordinates>-85.29954,36.639244,0</coordinates></Point></Placemark><Placemark><name>US-1278 · State Parks trailhead: Campers Path</name><styleUrl>#acc_near</styleUrl><description><![CDATA[For US-1278 Dale Hollow State Park<br>parking: no<br>0.8 mi from the park GPS point<br>Source: Kentucky State Parks (kygisserver.ky.gov)<br>Nearby point (within 5 mi of the park GPS). It may be outside the park — for example on Corps of Engineers or other land. Check the official map.<br><a href="https://www.google.com/maps/search/?api=1&amp;query=36.654922,-85.285798">Open in Google Maps</a>]]></description><Point><coordinates>-85.285798,36.654922,0</coordinates></Point></Placemark><Placemark><name>US-1278 · State Parks trailhead: Grocery</name><styleUrl>#acc_near</styleUrl><description><![CDATA[For US-1278 Dale Hollow State Park<br>Trail: Eagle Point; parking: no<br>0.9 mi from the park GPS point<br>Source: Kentucky State Parks (kygisserver.ky.gov)<br>Nearby point (within 5 mi of the park GPS). It may be outside the park — for example on Corps of Engineers or other land. Check the official map.<br><a href="https://www.google.com/maps/search/?api=1&amp;query=36.656235,-85.284721">Open in Google Maps</a>]]></description><Point><coordinates>-85.284721,36.656235,0</coordinates></Point></Placemark><Placemark><name>US-1278 · State Parks trailhead: Ranger Loop</name><styleUrl>#acc_near</styleUrl><description><![CDATA[For US-1278 Dale Hollow State Park<br>parking: no<br>1.0 mi from the park GPS point<br>Source: Kentucky State Parks (kygisserver.ky.gov)<br>Nearby point (within 5 mi of the park GPS). It may be outside the park — for example on Corps of Engineers or other land. Check the official map.<br><a href="https://www.google.com/maps/search/?api=1&amp;query=36.656263,-85.28182">Open in Google Maps</a>]]></description><Point><coordinates>-85.28182,36.656263,0</coordinates></Point></Placemark><Placemark><name>US-1254 · State Parks trailhead: Fitness</name><styleUrl>#acc_near</styleUrl><description><![CDATA[For US-1254 E.P. 'Tom' Sawyer State Park<br>parking: yes<br>0.1 mi from the park GPS point<br>Source: Kentucky State Parks (kygisserver.ky.gov)<br>Nearby point (within 5 mi of the park GPS). It may be outside the park — for example on Corps of Engineers or other land. Check the official map.<br><a href="https://www.google.com/maps/search/?api=1&amp;query=38.285483,-85.557075">Open in Google Maps</a>]]></description><Point><coordinates>-85.557075,38.285483,0</coordinates></Point></Placemark><Placemark><name>US-1254 · State Parks trailhead: Goose Creek Trail</name><styleUrl>#acc_near</styleUrl><description><![CDATA[For US-1254 E.P. 'Tom' Sawyer State Park<br>parking: no<br>0.2 mi from the park GPS point<br>Source: Kentucky State Parks (kygisserver.ky.gov)<br>Nearby point (within 5 mi of the park GPS). It may be outside the park — for example on Corps of Engineers or other land. Check the official map.<br><a href="https://www.google.com/maps/search/?api=1&amp;query=38.283587,-85.560387">Open in Google Maps</a>]]></description><Point><coordinates>-85.560387,38.283587,0</coordinates></Point></Placemark><Placemark><name>US-1254 · State Parks trailhead: None</name><styleUrl>#acc_near</styleUrl><description><![CDATA[For US-1254 E.P. 'Tom' Sawyer State Park<br>Trail: Fitness Trail; parking: yes<br>0.3 mi from the park GPS point<br>Source: Kentucky State Parks (kygisserver.ky.gov)<br>Nearby point (within 5 mi of the park GPS). It may be outside the park — for example on Corps of Engineers or other land. Check the official map.<br><a href="https://www.google.com/maps/search/?api=1&amp;query=38.281919,-85.555675">Open in Google Maps</a>]]></description><Point><coordinates>-85.555675,38.281919,0</coordinates></Point></Placemark><Placemark><name>US-1254 · State Parks trailhead: Goose Creek Trail (Hurstbourne Side)</name><styleUrl>#acc_near</styleUrl><description><![CDATA[For US-1254 E.P. 'Tom' Sawyer State Park<br>Trail: Goose Creek Trail; parking: yes<br>0.6 mi from the park GPS point<br>Source: Kentucky State Parks (kygisserver.ky.gov)<br>Nearby point (within 5 mi of the park GPS). It may be outside the park — for example on Corps of Engineers or other land. Check the official map.<br><a href="https://www.google.com/maps/search/?api=1&amp;query=38.279915,-85.565093">Open in Google Maps</a>]]></description><Point><coordinates>-85.565093,38.279915,0</coordinates></Point></Placemark><Placemark><name>US-1254 · State Parks trailhead: Vernal Pond</name><styleUrl>#acc_near</styleUrl><description><![CDATA[For US-1254 E.P. 'Tom' Sawyer State Park<br>parking: yes<br>0.6 mi from the park GPS point<br>Source: Kentucky State Parks (kygisserver.ky.gov)<br>Nearby point (within 5 mi of the park GPS). It may be outside the park — for example on Corps of Engineers or other land. Check the official map.<br><a href="https://www.google.com/maps/search/?api=1&amp;query=38.278482,-85.553372">Open in Google Maps</a>]]></description><Point><coordinates>-85.553372,38.278482,0</coordinates></Point></Placemark><Placemark><name>US-1254 · State Parks trailhead: Biking</name><styleUrl>#acc_near</styleUrl><description><![CDATA[For US-1254 E.P. 'Tom' Sawyer State Park<br>parking: no<br>0.7 mi from the park GPS point<br>Source: Kentucky State Parks (kygisserver.ky.gov)<br>Nearby point (within 5 mi of the park GPS). It may be outside the park — for example on Corps of Engineers or other land. Check the official map.<br><a href="https://www.google.com/maps/search/?api=1&amp;query=38.277158,-85.554243">Open in Google Maps</a>]]></description><Point><coordinates>-85.554243,38.277158,0</coordinates></Point></Placemark><Placemark><name>US-1256 · State Parks trailhead: Fort Parking Lot</name><styleUrl>#acc_near</styleUrl><description><![CDATA[For US-1256 Fort Boonesborough State Park<br>Trail: Fort; parking: yes<br>0.1 mi from the park GPS point<br>Source: Kentucky State Parks (kygisserver.ky.gov)<br>Nearby point (within 5 mi of the park GPS). It may be outside the park — for example on Corps of Engineers or other land. Check the official map.<br><a href="https://www.google.com/maps/search/?api=1&amp;query=37.893949,-84.271633">Open in Google Maps</a>]]></description><Point><coordinates>-84.271633,37.893949,0</coordinates></Point></Placemark><Placemark><name>US-1256 · State Parks trailhead: Shelter 4</name><styleUrl>#acc_near</styleUrl><description><![CDATA[For US-1256 Fort Boonesborough State Park<br>Trail: Fort; parking: yes<br>0.3 mi from the park GPS point<br>Source: Kentucky State Parks (kygisserver.ky.gov)<br>Nearby point (within 5 mi of the park GPS). It may be outside the park — for example on Corps of Engineers or other land. Check the official map.<br><a href="https://www.google.com/maps/search/?api=1&amp;query=37.895546,-84.267674">Open in Google Maps</a>]]></description><Point><coordinates>-84.267674,37.895546,0</coordinates></Point></Placemark><Placemark><name>US-1256 · State Parks trailhead: Shelter 4 Parking Lot</name><styleUrl>#acc_near</styleUrl><description><![CDATA[For US-1256 Fort Boonesborough State Park<br>Trail: Halley Home Site; parking: yes<br>0.3 mi from the park GPS point<br>Source: Kentucky State Parks (kygisserver.ky.gov)<br>Nearby point (within 5 mi of the park GPS). It may be outside the park — for example on Corps of Engineers or other land. Check the official map.<br><a href="https://www.google.com/maps/search/?api=1&amp;query=37.896301,-84.268014">Open in Google Maps</a>]]></description><Point><coordinates>-84.268014,37.896301,0</coordinates></Point></Placemark><Placemark><name>US-1256 · State Parks trailhead: Campground</name><styleUrl>#acc_near</styleUrl><description><![CDATA[For US-1256 Fort Boonesborough State Park<br>Trail: Pioneer Forage; parking: no<br>0.4 mi from the park GPS point<br>Source: Kentucky State Parks (kygisserver.ky.gov)<br>Nearby point (within 5 mi of the park GPS). It may be outside the park — for example on Corps of Engineers or other land. Check the official map.<br><a href="https://www.google.com/maps/search/?api=1&amp;query=37.897531,-84.268308">Open in Google Maps</a>]]></description><Point><coordinates>-84.268308,37.897531,0</coordinates></Point></Placemark><Placemark><name>US-1257 · State Parks trailhead: Shelter 1</name><styleUrl>#acc_near</styleUrl><description><![CDATA[For US-1257 General Burnside State Park<br>Trail: Point Isabel; parking: no<br>0.0 mi from the park GPS point<br>Source: Kentucky State Parks (kygisserver.ky.gov)<br>Nearby point (within 5 mi of the park GPS). It may be outside the park — for example on Corps of Engineers or other land. Check the official map.<br><a href="https://www.google.com/maps/search/?api=1&amp;query=36.973578,-84.598549">Open in Google Maps</a>]]></description><Point><coordinates>-84.598549,36.973578,0</coordinates></Point></Placemark><Placemark><name>US-1257 · State Parks trailhead: Shelter 2</name><styleUrl>#acc_near</styleUrl><description><![CDATA[For US-1257 General Burnside State Park<br>Trail: Point Isabel; parking: yes<br>0.5 mi from the park GPS point<br>Source: Kentucky State Parks (kygisserver.ky.gov)<br>Nearby point (within 5 mi of the park GPS). It may be outside the park — for example on Corps of Engineers or other land. Check the official map.<br><a href="https://www.google.com/maps/search/?api=1&amp;query=36.980041,-84.600508">Open in Google Maps</a>]]></description><Point><coordinates>-84.600508,36.980041,0</coordinates></Point></Placemark><Placemark><name>US-1257 · State Parks trailhead: Campground</name><styleUrl>#acc_near</styleUrl><description><![CDATA[For US-1257 General Burnside State Park<br>Trail: Point Isabel; parking: yes<br>0.7 mi from the park GPS point<br>Source: Kentucky State Parks (kygisserver.ky.gov)<br>Nearby point (within 5 mi of the park GPS). It may be outside the park — for example on Corps of Engineers or other land. Check the official map.<br><a href="https://www.google.com/maps/search/?api=1&amp;query=36.982423,-84.604199">Open in Google Maps</a>]]></description><Point><coordinates>-84.604199,36.982423,0</coordinates></Point></Placemark><Placemark><name>US-1279 · State Parks trailhead: Gb15</name><styleUrl>#acc_near</styleUrl><description><![CDATA[For US-1279 General Butler State Park<br>parking: not listed<br>0.0 mi from the park GPS point<br>Source: Kentucky State Parks (kygisserver.ky.gov)<br>Nearby point (within 5 mi of the park GPS). It may be outside the park — for example on Corps of Engineers or other land. Check the official map.<br><a href="https://www.google.com/maps/search/?api=1&amp;query=38.666195,-85.145883">Open in Google Maps</a>]]></description><Point><coordinates>-85.145883,38.666195,0</coordinates></Point></Placemark><Placemark><name>US-1279 · State Parks trailhead: Gb11</name><styleUrl>#acc_near</styleUrl><description><![CDATA[For US-1279 General Butler State Park<br>parking: not listed<br>0.1 mi from the park GPS point<br>Source: Kentucky State Parks (kygisserver.ky.gov)<br>Nearby point (within 5 mi of the park GPS). It may be outside the park — for example on Corps of Engineers or other land. Check the official map.<br><a href="https://www.google.com/maps/search/?api=1&amp;query=38.666446,-85.147021">Open in Google Maps</a>]]></description><Point><coordinates>-85.147021,38.666446,0</coordinates></Point></Placemark><Placemark><name>US-1279 · State Parks trailhead: Gb14</name><styleUrl>#acc_near</styleUrl><description><![CDATA[For US-1279 General Butler State Park<br>parking: not listed<br>0.1 mi from the park GPS point<br>Source: Kentucky State Parks (kygisserver.ky.gov)<br>Nearby point (within 5 mi of the park GPS). It may be outside the park — for example on Corps of Engineers or other land. Check the official map.<br><a href="https://www.google.com/maps/search/?api=1&amp;query=38.664994,-85.147442">Open in Google Maps</a>]]></description><Point><coordinates>-85.147442,38.664994,0</coordinates></Point></Placemark><Placemark><name>US-1279 · State Parks trailhead: Gb13</name><styleUrl>#acc_near</styleUrl><description><![CDATA[For US-1279 General Butler State Park<br>parking: not listed<br>0.2 mi from the park GPS point<br>Source: Kentucky State Parks (kygisserver.ky.gov)<br>Nearby point (within 5 mi of the park GPS). It may be outside the park — for example on Corps of Engineers or other land. Check the official map.<br><a href="https://www.google.com/maps/search/?api=1&amp;query=38.668628,-85.148603">Open in Google Maps</a>]]></description><Point><coordinates>-85.148603,38.668628,0</coordinates></Point></Placemark><Placemark><name>US-1279 · State Parks trailhead: Gb12</name><styleUrl>#acc_near</styleUrl><description><![CDATA[For US-1279 General Butler State Park<br>parking: not listed<br>0.2 mi from the park GPS point<br>Source: Kentucky State Parks (kygisserver.ky.gov)<br>Nearby point (within 5 mi of the park GPS). It may be outside the park — for example on Corps of Engineers or other land. Check the official map.<br><a href="https://www.google.com/maps/search/?api=1&amp;query=38.669793,-85.146282">Open in Google Maps</a>]]></description><Point><coordinates>-85.146282,38.669793,0</coordinates></Point></Placemark><Placemark><name>US-1279 · State Parks trailhead: Gb10</name><styleUrl>#acc_near</styleUrl><description><![CDATA[For US-1279 General Butler State Park<br>parking: not listed<br>0.3 mi from the park GPS point<br>Source: Kentucky State Parks (kygisserver.ky.gov)<br>Nearby point (within 5 mi of the park GPS). It may be outside the park — for example on Corps of Engineers or other land. Check the official map.<br><a href="https://www.google.com/maps/search/?api=1&amp;query=38.664786,-85.149765">Open in Google Maps</a>]]></description><Point><coordinates>-85.149765,38.664786,0</coordinates></Point></Placemark><Placemark><name>US-1279 · State Parks trailhead: Gb9</name><styleUrl>#acc_near</styleUrl><description><![CDATA[For US-1279 General Butler State Park<br>parking: not listed<br>0.3 mi from the park GPS point<br>Source: Kentucky State Parks (kygisserver.ky.gov)<br>Nearby point (within 5 mi of the park GPS). It may be outside the park — for example on Corps of Engineers or other land. Check the official map.<br><a href="https://www.google.com/maps/search/?api=1&amp;query=38.663947,-85.150321">Open in Google Maps</a>]]></description><Point><coordinates>-85.150321,38.663947,0</coordinates></Point></Placemark><Placemark><name>US-1279 · State Parks trailhead: Gb5</name><styleUrl>#acc_near</styleUrl><description><![CDATA[For US-1279 General Butler State Park<br>Trail: Woodland; parking: yes<br>0.4 mi from the park GPS point<br>Source: Kentucky State Parks (kygisserver.ky.gov)<br>Nearby point (within 5 mi of the park GPS). It may be outside the park — for example on Corps of Engineers or other land. Check the official map.<br><a href="https://www.google.com/maps/search/?api=1&amp;query=38.670548,-85.151475">Open in Google Maps</a>]]></description><Point><coordinates>-85.151475,38.670548,0</coordinates></Point></Placemark><Placemark><name>US-1279 · State Parks trailhead: Gb8</name><styleUrl>#acc_near</styleUrl><description><![CDATA[For US-1279 General Butler State Park<br>parking: not listed<br>0.4 mi from the park GPS point<br>Source: Kentucky State Parks (kygisserver.ky.gov)<br>Nearby point (within 5 mi of the park GPS). It may be outside the park — for example on Corps of Engineers or other land. Check the official map.<br><a href="https://www.google.com/maps/search/?api=1&amp;query=38.672332,-85.14837">Open in Google Maps</a>]]></description><Point><coordinates>-85.14837,38.672332,0</coordinates></Point></Placemark><Placemark><name>US-1279 · State Parks trailhead: Gb6</name><styleUrl>#acc_near</styleUrl><description><![CDATA[For US-1279 General Butler State Park<br>Trail: Woodland; parking: yes<br>0.5 mi from the park GPS point<br>Source: Kentucky State Parks (kygisserver.ky.gov)<br>Nearby point (within 5 mi of the park GPS). It may be outside the park — for example on Corps of Engineers or other land. Check the official map.<br><a href="https://www.google.com/maps/search/?api=1&amp;query=38.66973,-85.153306">Open in Google Maps</a>]]></description><Point><coordinates>-85.153306,38.66973,0</coordinates></Point></Placemark><Placemark><name>US-1279 · State Parks trailhead: Gb4</name><styleUrl>#acc_near</styleUrl><description><![CDATA[For US-1279 General Butler State Park<br>Trail: Woodland; parking: yes<br>0.7 mi from the park GPS point<br>Source: Kentucky State Parks (kygisserver.ky.gov)<br>Nearby point (within 5 mi of the park GPS). It may be outside the park — for example on Corps of Engineers or other land. Check the official map.<br><a href="https://www.google.com/maps/search/?api=1&amp;query=38.673182,-85.154145">Open in Google Maps</a>]]></description><Point><coordinates>-85.154145,38.673182,0</coordinates></Point></Placemark><Placemark><name>US-1279 · State Parks trailhead: Gb3</name><styleUrl>#acc_near</styleUrl><description><![CDATA[For US-1279 General Butler State Park<br>Trail: Fossil; parking: yes<br>0.7 mi from the park GPS point<br>Source: Kentucky State Parks (kygisserver.ky.gov)<br>Nearby point (within 5 mi of the park GPS). It may be outside the park — for example on Corps of Engineers or other land. Check the official map.<br><a href="https://www.google.com/maps/search/?api=1&amp;query=38.673567,-85.155507">Open in Google Maps</a>]]></description><Point><coordinates>-85.155507,38.673567,0</coordinates></Point></Placemark><Placemark><name>US-1279 · State Parks trailhead: Gb2</name><styleUrl>#acc_near</styleUrl><description><![CDATA[For US-1279 General Butler State Park<br>Trail: Fossil; parking: yes<br>0.9 mi from the park GPS point<br>Source: Kentucky State Parks (kygisserver.ky.gov)<br>Nearby point (within 5 mi of the park GPS). It may be outside the park — for example on Corps of Engineers or other land. Check the official map.<br><a href="https://www.google.com/maps/search/?api=1&amp;query=38.670156,-85.161645">Open in Google Maps</a>]]></description><Point><coordinates>-85.161645,38.670156,0</coordinates></Point></Placemark><Placemark><name>US-1279 · State Parks trailhead: Gb1</name><styleUrl>#acc_near</styleUrl><description><![CDATA[For US-1279 General Butler State Park<br>Trail: Boy Scout / Cemetery Path; parking: yes<br>1.1 mi from the park GPS point<br>Source: Kentucky State Parks (kygisserver.ky.gov)<br>Nearby point (within 5 mi of the park GPS). It may be outside the park — for example on Corps of Engineers or other land. Check the official map.<br><a href="https://www.google.com/maps/search/?api=1&amp;query=38.669265,-85.164965">Open in Google Maps</a>]]></description><Point><coordinates>-85.164965,38.669265,0</coordinates></Point></Placemark><Placemark><name>US-1279 · State Parks trailhead: Gb7</name><styleUrl>#acc_near</styleUrl><description><![CDATA[For US-1279 General Butler State Park<br>Trail: Fossil; parking: no<br>1.1 mi from the park GPS point<br>Source: Kentucky State Parks (kygisserver.ky.gov)<br>Nearby point (within 5 mi of the park GPS). It may be outside the park — for example on Corps of Engineers or other land. Check the official map.<br><a href="https://www.google.com/maps/search/?api=1&amp;query=38.675471,-85.161996">Open in Google Maps</a>]]></description><Point><coordinates>-85.161996,38.675471,0</coordinates></Point></Placemark><Placemark><name>US-1258 · State Parks trailhead: Beech Hemlock</name><styleUrl>#acc_near</styleUrl><description><![CDATA[For US-1258 Grayson Lake State Park<br>parking: no<br>0.1 mi from the park GPS point<br>Source: Kentucky State Parks (kygisserver.ky.gov)<br>Nearby point (within 5 mi of the park GPS). It may be outside the park — for example on Corps of Engineers or other land. Check the official map.<br><a href="https://www.google.com/maps/search/?api=1&amp;query=38.199185,-83.024129">Open in Google Maps</a>]]></description><Point><coordinates>-83.024129,38.199185,0</coordinates></Point></Placemark><Placemark><name>US-1258 · State Parks trailhead: Lick Falls Loop</name><styleUrl>#acc_near</styleUrl><description><![CDATA[For US-1258 Grayson Lake State Park<br>parking: yes<br>0.2 mi from the park GPS point<br>Source: Kentucky State Parks (kygisserver.ky.gov)<br>Nearby point (within 5 mi of the park GPS). It may be outside the park — for example on Corps of Engineers or other land. Check the official map.<br><a href="https://www.google.com/maps/search/?api=1&amp;query=38.201392,-83.029549">Open in Google Maps</a>]]></description><Point><coordinates>-83.029549,38.201392,0</coordinates></Point></Placemark><Placemark><name>US-1259 · State Parks trailhead: Marina/Main</name><styleUrl>#acc_near</styleUrl><description><![CDATA[For US-1259 Green River Lake State Park<br>Trail: Main; parking: yes<br>0.1 mi from the park GPS point<br>Source: Kentucky State Parks (kygisserver.ky.gov)<br>Nearby point (within 5 mi of the park GPS). It may be outside the park — for example on Corps of Engineers or other land. Check the official map.<br><a href="https://www.google.com/maps/search/?api=1&amp;query=37.2706,-85.31551">Open in Google Maps</a>]]></description><Point><coordinates>-85.31551,37.2706,0</coordinates></Point></Placemark><Placemark><name>US-1259 · State Parks trailhead: Windy Ridge</name><styleUrl>#acc_near</styleUrl><description><![CDATA[For US-1259 Green River Lake State Park<br>parking: yes<br>0.2 mi from the park GPS point<br>Source: Kentucky State Parks (kygisserver.ky.gov)<br>Nearby point (within 5 mi of the park GPS). It may be outside the park — for example on Corps of Engineers or other land. Check the official map.<br><a href="https://www.google.com/maps/search/?api=1&amp;query=37.274396,-85.318036">Open in Google Maps</a>]]></description><Point><coordinates>-85.318036,37.274396,0</coordinates></Point></Placemark><Placemark><name>US-1259 · State Parks trailhead: Windy Ridge</name><styleUrl>#acc_near</styleUrl><description><![CDATA[For US-1259 Green River Lake State Park<br>parking: yes<br>0.5 mi from the park GPS point<br>Source: Kentucky State Parks (kygisserver.ky.gov)<br>Nearby point (within 5 mi of the park GPS). It may be outside the park — for example on Corps of Engineers or other land. Check the official map.<br><a href="https://www.google.com/maps/search/?api=1&amp;query=37.277505,-85.321347">Open in Google Maps</a>]]></description><Point><coordinates>-85.321347,37.277505,0</coordinates></Point></Placemark><Placemark><name>US-1259 · State Parks trailhead: Bike</name><styleUrl>#acc_near</styleUrl><description><![CDATA[For US-1259 Green River Lake State Park<br>Trail: Lakeshore; parking: yes<br>0.7 mi from the park GPS point<br>Source: Kentucky State Parks (kygisserver.ky.gov)<br>Nearby point (within 5 mi of the park GPS). It may be outside the park — for example on Corps of Engineers or other land. Check the official map.<br><a href="https://www.google.com/maps/search/?api=1&amp;query=37.276728,-85.328053">Open in Google Maps</a>]]></description><Point><coordinates>-85.328053,37.276728,0</coordinates></Point></Placemark><Placemark><name>US-1259 · State Parks trailhead: Horse</name><styleUrl>#acc_near</styleUrl><description><![CDATA[For US-1259 Green River Lake State Park<br>Trail: Wildcat; parking: yes<br>1.7 mi from the park GPS point<br>Source: Kentucky State Parks (kygisserver.ky.gov)<br>Nearby point (within 5 mi of the park GPS). It may be outside the park — for example on Corps of Engineers or other land. Check the official map.<br><a href="https://www.google.com/maps/search/?api=1&amp;query=37.28265,-85.34617">Open in Google Maps</a>]]></description><Point><coordinates>-85.34617,37.28265,0</coordinates></Point></Placemark><Placemark><name>US-1280 · State Parks trailhead: Fern Valley - Lodge Service Area</name><styleUrl>#acc_near</styleUrl><description><![CDATA[For US-1280 Greenbo Lake State Park<br>Trail: Fern Valley; parking: yes<br>0.0 mi from the park GPS point<br>Source: Kentucky State Parks (kygisserver.ky.gov)<br>Nearby point (within 5 mi of the park GPS). It may be outside the park — for example on Corps of Engineers or other land. Check the official map.<br><a href="https://www.google.com/maps/search/?api=1&amp;query=38.480658,-82.872318">Open in Google Maps</a>]]></description><Point><coordinates>-82.872318,38.480658,0</coordinates></Point></Placemark><Placemark><name>US-1280 · State Parks trailhead: Fern Valley - Lodge Parking</name><styleUrl>#acc_near</styleUrl><description><![CDATA[For US-1280 Greenbo Lake State Park<br>Trail: Fern Valley; parking: yes<br>0.1 mi from the park GPS point<br>Source: Kentucky State Parks (kygisserver.ky.gov)<br>Nearby point (within 5 mi of the park GPS). It may be outside the park — for example on Corps of Engineers or other land. Check the official map.<br><a href="https://www.google.com/maps/search/?api=1&amp;query=38.480936,-82.872071">Open in Google Maps</a>]]></description><Point><coordinates>-82.872071,38.480936,0</coordinates></Point></Placemark><Placemark><name>US-1280 · State Parks trailhead: Michael Tygart - Marina</name><styleUrl>#acc_near</styleUrl><description><![CDATA[For US-1280 Greenbo Lake State Park<br>Trail: Michael Tygart; parking: yes<br>0.7 mi from the park GPS point<br>Source: Kentucky State Parks (kygisserver.ky.gov)<br>Nearby point (within 5 mi of the park GPS). It may be outside the park — for example on Corps of Engineers or other land. Check the official map.<br><a href="https://www.google.com/maps/search/?api=1&amp;query=38.48514,-82.884227">Open in Google Maps</a>]]></description><Point><coordinates>-82.884227,38.48514,0</coordinates></Point></Placemark><Placemark><name>US-1280 · State Parks trailhead: Michael Tygart - Main Rd East</name><styleUrl>#acc_near</styleUrl><description><![CDATA[For US-1280 Greenbo Lake State Park<br>Trail: Michael Tygart; parking: no<br>0.7 mi from the park GPS point<br>Source: Kentucky State Parks (kygisserver.ky.gov)<br>Nearby point (within 5 mi of the park GPS). It may be outside the park — for example on Corps of Engineers or other land. Check the official map.<br><a href="https://www.google.com/maps/search/?api=1&amp;query=38.482579,-82.886563">Open in Google Maps</a>]]></description><Point><coordinates>-82.886563,38.482579,0</coordinates></Point></Placemark><Placemark><name>US-1280 · State Parks trailhead: Michael Tygart - Main Rd West</name><styleUrl>#acc_near</styleUrl><description><![CDATA[For US-1280 Greenbo Lake State Park<br>Trail: Michael Tygart; parking: no<br>0.8 mi from the park GPS point<br>Source: Kentucky State Parks (kygisserver.ky.gov)<br>Nearby point (within 5 mi of the park GPS). It may be outside the park — for example on Corps of Engineers or other land. Check the official map.<br><a href="https://www.google.com/maps/search/?api=1&amp;query=38.48255,-82.886922">Open in Google Maps</a>]]></description><Point><coordinates>-82.886922,38.48255,0</coordinates></Point></Placemark><Placemark><name>US-1280 · State Parks trailhead: Michael Tygart - Bays Ridge East</name><styleUrl>#acc_near</styleUrl><description><![CDATA[For US-1280 Greenbo Lake State Park<br>Trail: Michael Tygart; parking: no<br>2.7 mi from the park GPS point<br>Source: Kentucky State Parks (kygisserver.ky.gov)<br>Nearby point (within 5 mi of the park GPS). It may be outside the park — for example on Corps of Engineers or other land. Check the official map.<br><a href="https://www.google.com/maps/search/?api=1&amp;query=38.500155,-82.915953">Open in Google Maps</a>]]></description><Point><coordinates>-82.915953,38.500155,0</coordinates></Point></Placemark><Placemark><name>US-1280 · State Parks trailhead: Michael Tygart - Bays Ridge West</name><styleUrl>#acc_near</styleUrl><description><![CDATA[For US-1280 Greenbo Lake State Park<br>Trail: Michael Tygart; parking: no<br>2.9 mi from the park GPS point<br>Source: Kentucky State Parks (kygisserver.ky.gov)<br>Nearby point (within 5 mi of the park GPS). It may be outside the park — for example on Corps of Engineers or other land. Check the official map.<br><a href="https://www.google.com/maps/search/?api=1&amp;query=38.49711,-82.922112">Open in Google Maps</a>]]></description><Point><coordinates>-82.922112,38.49711,0</coordinates></Point></Placemark><Placemark><name>US-1281 · State Parks trailhead: Moss Ridge</name><styleUrl>#acc_near</styleUrl><description><![CDATA[For US-1281 Jenny Wiley State Park<br>parking: yes<br>0.1 mi from the park GPS point<br>Source: Kentucky State Parks (kygisserver.ky.gov)<br>Nearby point (within 5 mi of the park GPS). It may be outside the park — for example on Corps of Engineers or other land. Check the official map.<br><a href="https://www.google.com/maps/search/?api=1&amp;query=37.696675,-82.724476">Open in Google Maps</a>]]></description><Point><coordinates>-82.724476,37.696675,0</coordinates></Point></Placemark><Placemark><name>US-1281 · State Parks trailhead: Moss Ridge</name><styleUrl>#acc_near</styleUrl><description><![CDATA[For US-1281 Jenny Wiley State Park<br>parking: no<br>0.2 mi from the park GPS point<br>Source: Kentucky State Parks (kygisserver.ky.gov)<br>Nearby point (within 5 mi of the park GPS). It may be outside the park — for example on Corps of Engineers or other land. Check the official map.<br><a href="https://www.google.com/maps/search/?api=1&amp;query=37.692816,-82.724418">Open in Google Maps</a>]]></description><Point><coordinates>-82.724418,37.692816,0</coordinates></Point></Placemark><Placemark><name>US-1281 · State Parks trailhead: Lakeshore</name><styleUrl>#acc_near</styleUrl><description><![CDATA[For US-1281 Jenny Wiley State Park<br>parking: yes<br>0.7 mi from the park GPS point<br>Source: Kentucky State Parks (kygisserver.ky.gov)<br>Nearby point (within 5 mi of the park GPS). It may be outside the park — for example on Corps of Engineers or other land. Check the official map.<br><a href="https://www.google.com/maps/search/?api=1&amp;query=37.692316,-82.713271">Open in Google Maps</a>]]></description><Point><coordinates>-82.713271,37.692316,0</coordinates></Point></Placemark><Placemark><name>US-1281 · State Parks trailhead: Steve Brackett</name><styleUrl>#acc_near</styleUrl><description><![CDATA[For US-1281 Jenny Wiley State Park<br>parking: yes<br>0.7 mi from the park GPS point<br>Source: Kentucky State Parks (kygisserver.ky.gov)<br>Nearby point (within 5 mi of the park GPS). It may be outside the park — for example on Corps of Engineers or other land. Check the official map.<br><a href="https://www.google.com/maps/search/?api=1&amp;query=37.692141,-82.713016">Open in Google Maps</a>]]></description><Point><coordinates>-82.713016,37.692141,0</coordinates></Point></Placemark><Placemark><name>US-1281 · State Parks trailhead: Mountain Bike</name><styleUrl>#acc_near</styleUrl><description><![CDATA[For US-1281 Jenny Wiley State Park<br>Trail: Switchback/Shortloop/Beginners; parking: yes<br>1.4 mi from the park GPS point<br>Source: Kentucky State Parks (kygisserver.ky.gov)<br>Nearby point (within 5 mi of the park GPS). It may be outside the park — for example on Corps of Engineers or other land. Check the official map.<br><a href="https://www.google.com/maps/search/?api=1&amp;query=37.71632,-82.7289">Open in Google Maps</a>]]></description><Point><coordinates>-82.7289,37.71632,0</coordinates></Point></Placemark><Placemark><name>US-1281 · State Parks trailhead: Jenny Wiley Camp</name><styleUrl>#acc_near</styleUrl><description><![CDATA[For US-1281 Jenny Wiley State Park<br>Trail: Jenny Wiley; parking: yes<br>1.5 mi from the park GPS point<br>Source: Kentucky State Parks (kygisserver.ky.gov)<br>Nearby point (within 5 mi of the park GPS). It may be outside the park — for example on Corps of Engineers or other land. Check the official map.<br><a href="https://www.google.com/maps/search/?api=1&amp;query=37.712603,-82.741962">Open in Google Maps</a>]]></description><Point><coordinates>-82.741962,37.712603,0</coordinates></Point></Placemark><Placemark><name>US-1281 · State Parks trailhead: Jenny Wiley Camp 2</name><styleUrl>#acc_near</styleUrl><description><![CDATA[For US-1281 Jenny Wiley State Park<br>Trail: Jenny Wiley; parking: yes<br>1.5 mi from the park GPS point<br>Source: Kentucky State Parks (kygisserver.ky.gov)<br>Nearby point (within 5 mi of the park GPS). It may be outside the park — for example on Corps of Engineers or other land. Check the official map.<br><a href="https://www.google.com/maps/search/?api=1&amp;query=37.712884,-82.742319">Open in Google Maps</a>]]></description><Point><coordinates>-82.742319,37.712884,0</coordinates></Point></Placemark><Placemark><name>US-1281 · State Parks trailhead: Sassafras</name><styleUrl>#acc_near</styleUrl><description><![CDATA[For US-1281 Jenny Wiley State Park<br>parking: yes<br>1.5 mi from the park GPS point<br>Source: Kentucky State Parks (kygisserver.ky.gov)<br>Nearby point (within 5 mi of the park GPS). It may be outside the park — for example on Corps of Engineers or other land. Check the official map.<br><a href="https://www.google.com/maps/search/?api=1&amp;query=37.714703,-82.739148">Open in Google Maps</a>]]></description><Point><coordinates>-82.739148,37.714703,0</coordinates></Point></Placemark><Placemark><name>US-1281 · State Parks trailhead: Sassafras Spur</name><styleUrl>#acc_near</styleUrl><description><![CDATA[For US-1281 Jenny Wiley State Park<br>Trail: Sassafras; parking: yes<br>1.5 mi from the park GPS point<br>Source: Kentucky State Parks (kygisserver.ky.gov)<br>Nearby point (within 5 mi of the park GPS). It may be outside the park — for example on Corps of Engineers or other land. Check the official map.<br><a href="https://www.google.com/maps/search/?api=1&amp;query=37.714829,-82.739721">Open in Google Maps</a>]]></description><Point><coordinates>-82.739721,37.714829,0</coordinates></Point></Placemark><Placemark><name>US-1281 · State Parks trailhead: Jenny Wiley And Road</name><styleUrl>#acc_near</styleUrl><description><![CDATA[For US-1281 Jenny Wiley State Park<br>Trail: Jenny Wiley; parking: yes<br>2.3 mi from the park GPS point<br>Source: Kentucky State Parks (kygisserver.ky.gov)<br>Nearby point (within 5 mi of the park GPS). It may be outside the park — for example on Corps of Engineers or other land. Check the official map.<br><a href="https://www.google.com/maps/search/?api=1&amp;query=37.726031,-82.742775">Open in Google Maps</a>]]></description><Point><coordinates>-82.742775,37.726031,0</coordinates></Point></Placemark><Placemark><name>US-1260 · State Parks trailhead: Eagle Glen Pet</name><styleUrl>#acc_near</styleUrl><description><![CDATA[For US-1260 John James Audubon State Park<br>parking: no<br>0.1 mi from the park GPS point<br>Source: Kentucky State Parks (kygisserver.ky.gov)<br>Nearby point (within 5 mi of the park GPS). It may be outside the park — for example on Corps of Engineers or other land. Check the official map.<br><a href="https://www.google.com/maps/search/?api=1&amp;query=37.881445,-87.561469">Open in Google Maps</a>]]></description><Point><coordinates>-87.561469,37.881445,0</coordinates></Point></Placemark><Placemark><name>US-1260 · State Parks trailhead: King Benson</name><styleUrl>#acc_near</styleUrl><description><![CDATA[For US-1260 John James Audubon State Park<br>parking: yes<br>0.2 mi from the park GPS point<br>Source: Kentucky State Parks (kygisserver.ky.gov)<br>Nearby point (within 5 mi of the park GPS). It may be outside the park — for example on Corps of Engineers or other land. Check the official map.<br><a href="https://www.google.com/maps/search/?api=1&amp;query=37.882292,-87.557287">Open in Google Maps</a>]]></description><Point><coordinates>-87.557287,37.882292,0</coordinates></Point></Placemark><Placemark><name>US-1260 · State Parks trailhead: Eagle Glen Pet</name><styleUrl>#acc_near</styleUrl><description><![CDATA[For US-1260 John James Audubon State Park<br>parking: yes<br>0.2 mi from the park GPS point<br>Source: Kentucky State Parks (kygisserver.ky.gov)<br>Nearby point (within 5 mi of the park GPS). It may be outside the park — for example on Corps of Engineers or other land. Check the official map.<br><a href="https://www.google.com/maps/search/?api=1&amp;query=37.883733,-87.558525">Open in Google Maps</a>]]></description><Point><coordinates>-87.558525,37.883733,0</coordinates></Point></Placemark><Placemark><name>US-1260 · State Parks trailhead: Kentucky Coffee Tree</name><styleUrl>#acc_near</styleUrl><description><![CDATA[For US-1260 John James Audubon State Park<br>parking: no<br>0.2 mi from the park GPS point<br>Source: Kentucky State Parks (kygisserver.ky.gov)<br>Nearby point (within 5 mi of the park GPS). It may be outside the park — for example on Corps of Engineers or other land. Check the official map.<br><a href="https://www.google.com/maps/search/?api=1&amp;query=37.88243,-87.556149">Open in Google Maps</a>]]></description><Point><coordinates>-87.556149,37.88243,0</coordinates></Point></Placemark><Placemark><name>US-1260 · State Parks trailhead: Museum</name><styleUrl>#acc_near</styleUrl><description><![CDATA[For US-1260 John James Audubon State Park<br>parking: yes<br>0.2 mi from the park GPS point<br>Source: Kentucky State Parks (kygisserver.ky.gov)<br>Nearby point (within 5 mi of the park GPS). It may be outside the park — for example on Corps of Engineers or other land. Check the official map.<br><a href="https://www.google.com/maps/search/?api=1&amp;query=37.88325,-87.556739">Open in Google Maps</a>]]></description><Point><coordinates>-87.556739,37.88325,0</coordinates></Point></Placemark><Placemark><name>US-1260 · State Parks trailhead: Wilderness Lake</name><styleUrl>#acc_near</styleUrl><description><![CDATA[For US-1260 John James Audubon State Park<br>parking: yes<br>0.4 mi from the park GPS point<br>Source: Kentucky State Parks (kygisserver.ky.gov)<br>Nearby point (within 5 mi of the park GPS). It may be outside the park — for example on Corps of Engineers or other land. Check the official map.<br><a href="https://www.google.com/maps/search/?api=1&amp;query=37.881604,-87.552831">Open in Google Maps</a>]]></description><Point><coordinates>-87.552831,37.881604,0</coordinates></Point></Placemark><Placemark><name>US-1260 · State Parks trailhead: Wilderness Lake</name><styleUrl>#acc_near</styleUrl><description><![CDATA[For US-1260 John James Audubon State Park<br>parking: no<br>0.6 mi from the park GPS point<br>Source: Kentucky State Parks (kygisserver.ky.gov)<br>Nearby point (within 5 mi of the park GPS). It may be outside the park — for example on Corps of Engineers or other land. Check the official map.<br><a href="https://www.google.com/maps/search/?api=1&amp;query=37.883519,-87.54849">Open in Google Maps</a>]]></description><Point><coordinates>-87.54849,37.883519,0</coordinates></Point></Placemark><Placemark><name>US-1260 · State Parks trailhead: Backcountry</name><styleUrl>#acc_near</styleUrl><description><![CDATA[For US-1260 John James Audubon State Park<br>parking: yes<br>0.7 mi from the park GPS point<br>Source: Kentucky State Parks (kygisserver.ky.gov)<br>Nearby point (within 5 mi of the park GPS). It may be outside the park — for example on Corps of Engineers or other land. Check the official map.<br><a href="https://www.google.com/maps/search/?api=1&amp;query=37.882273,-87.547337">Open in Google Maps</a>]]></description><Point><coordinates>-87.547337,37.882273,0</coordinates></Point></Placemark><Placemark><name>US-1260 · State Parks trailhead: Wetlands</name><styleUrl>#acc_near</styleUrl><description><![CDATA[For US-1260 John James Audubon State Park<br>parking: yes<br>1.2 mi from the park GPS point<br>Source: Kentucky State Parks (kygisserver.ky.gov)<br>Nearby point (within 5 mi of the park GPS). It may be outside the park — for example on Corps of Engineers or other land. Check the official map.<br><a href="https://www.google.com/maps/search/?api=1&amp;query=37.889907,-87.539844">Open in Google Maps</a>]]></description><Point><coordinates>-87.539844,37.889907,0</coordinates></Point></Placemark><Placemark><name>US-1282 · State Parks trailhead: Cherokee</name><styleUrl>#acc_near</styleUrl><description><![CDATA[For US-1282 Kenlake State Park<br>parking: yes<br>0.1 mi from the park GPS point<br>Source: Kentucky State Parks (kygisserver.ky.gov)<br>Nearby point (within 5 mi of the park GPS). It may be outside the park — for example on Corps of Engineers or other land. Check the official map.<br><a href="https://www.google.com/maps/search/?api=1&amp;query=36.760341,-88.139738">Open in Google Maps</a>]]></description><Point><coordinates>-88.139738,36.760341,0</coordinates></Point></Placemark><Placemark><name>US-1282 · State Parks trailhead: Chickasaw</name><styleUrl>#acc_near</styleUrl><description><![CDATA[For US-1282 Kenlake State Park<br>parking: yes<br>0.3 mi from the park GPS point<br>Source: Kentucky State Parks (kygisserver.ky.gov)<br>Nearby point (within 5 mi of the park GPS). It may be outside the park — for example on Corps of Engineers or other land. Check the official map.<br><a href="https://www.google.com/maps/search/?api=1&amp;query=36.763687,-88.141541">Open in Google Maps</a>]]></description><Point><coordinates>-88.141541,36.763687,0</coordinates></Point></Placemark><Placemark><name>US-1282 · State Parks trailhead: Cherokee</name><styleUrl>#acc_near</styleUrl><description><![CDATA[For US-1282 Kenlake State Park<br>parking: no<br>0.3 mi from the park GPS point<br>Source: Kentucky State Parks (kygisserver.ky.gov)<br>Nearby point (within 5 mi of the park GPS). It may be outside the park — for example on Corps of Engineers or other land. Check the official map.<br><a href="https://www.google.com/maps/search/?api=1&amp;query=36.763637,-88.14211">Open in Google Maps</a>]]></description><Point><coordinates>-88.14211,36.763637,0</coordinates></Point></Placemark><Placemark><name>US-1282 · State Parks trailhead: Chickasaw</name><styleUrl>#acc_near</styleUrl><description><![CDATA[For US-1282 Kenlake State Park<br>parking: yes<br>0.6 mi from the park GPS point<br>Source: Kentucky State Parks (kygisserver.ky.gov)<br>Nearby point (within 5 mi of the park GPS). It may be outside the park — for example on Corps of Engineers or other land. Check the official map.<br><a href="https://www.google.com/maps/search/?api=1&amp;query=36.768108,-88.139547">Open in Google Maps</a>]]></description><Point><coordinates>-88.139547,36.768108,0</coordinates></Point></Placemark><Placemark><name>US-1282 · State Parks trailhead: Coach Lester Mimms Campground</name><styleUrl>#acc_near</styleUrl><description><![CDATA[For US-1282 Kenlake State Park<br>Trail: Coach Lester Mimms; parking: no<br>0.9 mi from the park GPS point<br>Source: Kentucky State Parks (kygisserver.ky.gov)<br>Nearby point (within 5 mi of the park GPS). It may be outside the park — for example on Corps of Engineers or other land. Check the official map.<br><a href="https://www.google.com/maps/search/?api=1&amp;query=36.772,-88.137789">Open in Google Maps</a>]]></description><Point><coordinates>-88.137789,36.772,0</coordinates></Point></Placemark><Placemark><name>US-1282 · State Parks trailhead: Coach Lester Mimms Cherokee</name><styleUrl>#acc_near</styleUrl><description><![CDATA[For US-1282 Kenlake State Park<br>Trail: Coach Lester Mimms; parking: yes<br>1.9 mi from the park GPS point<br>Source: Kentucky State Parks (kygisserver.ky.gov)<br>Nearby point (within 5 mi of the park GPS). It may be outside the park — for example on Corps of Engineers or other land. Check the official map.<br><a href="https://www.google.com/maps/search/?api=1&amp;query=36.787535,-88.143211">Open in Google Maps</a>]]></description><Point><coordinates>-88.143211,36.787535,0</coordinates></Point></Placemark><Placemark><name>US-1283 · State Parks trailhead: Calvert City Greenway</name><styleUrl>#acc_near</styleUrl><description><![CDATA[For US-1283 Kentucky Dam Village State Park<br>parking: yes<br>0.1 mi from the park GPS point<br>Source: Kentucky State Parks (kygisserver.ky.gov)<br>Nearby point (within 5 mi of the park GPS). It may be outside the park — for example on Corps of Engineers or other land. Check the official map.<br><a href="https://www.google.com/maps/search/?api=1&amp;query=36.99969,-88.289124">Open in Google Maps</a>]]></description><Point><coordinates>-88.289124,36.99969,0</coordinates></Point></Placemark><Placemark><name>US-1283 · State Parks trailhead: Sail</name><styleUrl>#acc_near</styleUrl><description><![CDATA[For US-1283 Kentucky Dam Village State Park<br>parking: no<br>0.3 mi from the park GPS point<br>Source: Kentucky State Parks (kygisserver.ky.gov)<br>Nearby point (within 5 mi of the park GPS). It may be outside the park — for example on Corps of Engineers or other land. Check the official map.<br><a href="https://www.google.com/maps/search/?api=1&amp;query=36.994125,-88.290439">Open in Google Maps</a>]]></description><Point><coordinates>-88.290439,36.994125,0</coordinates></Point></Placemark><Placemark><name>US-1283 · State Parks trailhead: Sail</name><styleUrl>#acc_near</styleUrl><description><![CDATA[For US-1283 Kentucky Dam Village State Park<br>parking: no<br>0.6 mi from the park GPS point<br>Source: Kentucky State Parks (kygisserver.ky.gov)<br>Nearby point (within 5 mi of the park GPS). It may be outside the park — for example on Corps of Engineers or other land. Check the official map.<br><a href="https://www.google.com/maps/search/?api=1&amp;query=36.990203,-88.292704">Open in Google Maps</a>]]></description><Point><coordinates>-88.292704,36.990203,0</coordinates></Point></Placemark><Placemark><name>US-1283 · State Parks trailhead: Lakeshore</name><styleUrl>#acc_near</styleUrl><description><![CDATA[For US-1283 Kentucky Dam Village State Park<br>parking: no<br>0.6 mi from the park GPS point<br>Source: Kentucky State Parks (kygisserver.ky.gov)<br>Nearby point (within 5 mi of the park GPS). It may be outside the park — for example on Corps of Engineers or other land. Check the official map.<br><a href="https://www.google.com/maps/search/?api=1&amp;query=36.989896,-88.292773">Open in Google Maps</a>]]></description><Point><coordinates>-88.292773,36.989896,0</coordinates></Point></Placemark><Placemark><name>US-1283 · State Parks trailhead: Lakeshore</name><styleUrl>#acc_near</styleUrl><description><![CDATA[For US-1283 Kentucky Dam Village State Park<br>parking: no<br>1.0 mi from the park GPS point<br>Source: Kentucky State Parks (kygisserver.ky.gov)<br>Nearby point (within 5 mi of the park GPS). It may be outside the park — for example on Corps of Engineers or other land. Check the official map.<br><a href="https://www.google.com/maps/search/?api=1&amp;query=36.984812,-88.294187">Open in Google Maps</a>]]></description><Point><coordinates>-88.294187,36.984812,0</coordinates></Point></Placemark><Placemark><name>US-1283 · State Parks trailhead: Bo Beckett Memorial</name><styleUrl>#acc_near</styleUrl><description><![CDATA[For US-1283 Kentucky Dam Village State Park<br>parking: yes<br>1.0 mi from the park GPS point<br>Source: Kentucky State Parks (kygisserver.ky.gov)<br>Nearby point (within 5 mi of the park GPS). It may be outside the park — for example on Corps of Engineers or other land. Check the official map.<br><a href="https://www.google.com/maps/search/?api=1&amp;query=36.983914,-88.29412">Open in Google Maps</a>]]></description><Point><coordinates>-88.29412,36.983914,0</coordinates></Point></Placemark><Placemark><name>US-1261 · State Parks trailhead: Recreation</name><styleUrl>#acc_near</styleUrl><description><![CDATA[For US-1261 Kincaid Lake State Park<br>Trail: Iron Wood &amp; Spice Bush; parking: yes<br>0.2 mi from the park GPS point<br>Source: Kentucky State Parks (kygisserver.ky.gov)<br>Nearby point (within 5 mi of the park GPS). It may be outside the park — for example on Corps of Engineers or other land. Check the official map.<br><a href="https://www.google.com/maps/search/?api=1&amp;query=38.724225,-84.283587">Open in Google Maps</a>]]></description><Point><coordinates>-84.283587,38.724225,0</coordinates></Point></Placemark><Placemark><name>US-1261 · State Parks trailhead: Campground</name><styleUrl>#acc_near</styleUrl><description><![CDATA[For US-1261 Kincaid Lake State Park<br>Trail: Iron Wood &amp; Spice Bush; parking: no<br>0.2 mi from the park GPS point<br>Source: Kentucky State Parks (kygisserver.ky.gov)<br>Nearby point (within 5 mi of the park GPS). It may be outside the park — for example on Corps of Engineers or other land. Check the official map.<br><a href="https://www.google.com/maps/search/?api=1&amp;query=38.723577,-84.281664">Open in Google Maps</a>]]></description><Point><coordinates>-84.281664,38.723577,0</coordinates></Point></Placemark><Placemark><name>US-1262 · State Parks trailhead: Log Rock</name><styleUrl>#acc_near</styleUrl><description><![CDATA[For US-1262 Kingdom Come State Park<br>parking: yes<br>0.0 mi from the park GPS point<br>Source: Kentucky State Parks (kygisserver.ky.gov)<br>Nearby point (within 5 mi of the park GPS). It may be outside the park — for example on Corps of Engineers or other land. Check the official map.<br><a href="https://www.google.com/maps/search/?api=1&amp;query=36.991783,-82.979169">Open in Google Maps</a>]]></description><Point><coordinates>-82.979169,36.991783,0</coordinates></Point></Placemark><Placemark><name>US-1262 · State Parks trailhead: Horseshoe</name><styleUrl>#acc_near</styleUrl><description><![CDATA[For US-1262 Kingdom Come State Park<br>parking: yes<br>0.1 mi from the park GPS point<br>Source: Kentucky State Parks (kygisserver.ky.gov)<br>Nearby point (within 5 mi of the park GPS). It may be outside the park — for example on Corps of Engineers or other land. Check the official map.<br><a href="https://www.google.com/maps/search/?api=1&amp;query=36.993035,-82.979221">Open in Google Maps</a>]]></description><Point><coordinates>-82.979221,36.993035,0</coordinates></Point></Placemark><Placemark><name>US-1262 · State Parks trailhead: Pine</name><styleUrl>#acc_near</styleUrl><description><![CDATA[For US-1262 Kingdom Come State Park<br>parking: yes<br>0.2 mi from the park GPS point<br>Source: Kentucky State Parks (kygisserver.ky.gov)<br>Nearby point (within 5 mi of the park GPS). It may be outside the park — for example on Corps of Engineers or other land. Check the official map.<br><a href="https://www.google.com/maps/search/?api=1&amp;query=36.994483,-82.979267">Open in Google Maps</a>]]></description><Point><coordinates>-82.979267,36.994483,0</coordinates></Point></Placemark><Placemark><name>US-1262 · State Parks trailhead: Groundhog</name><styleUrl>#acc_near</styleUrl><description><![CDATA[For US-1262 Kingdom Come State Park<br>parking: no<br>0.2 mi from the park GPS point<br>Source: Kentucky State Parks (kygisserver.ky.gov)<br>Nearby point (within 5 mi of the park GPS). It may be outside the park — for example on Corps of Engineers or other land. Check the official map.<br><a href="https://www.google.com/maps/search/?api=1&amp;query=36.995276,-82.978899">Open in Google Maps</a>]]></description><Point><coordinates>-82.978899,36.995276,0</coordinates></Point></Placemark><Placemark><name>US-1262 · State Parks trailhead: Laurel</name><styleUrl>#acc_near</styleUrl><description><![CDATA[For US-1262 Kingdom Come State Park<br>parking: no<br>0.3 mi from the park GPS point<br>Source: Kentucky State Parks (kygisserver.ky.gov)<br>Nearby point (within 5 mi of the park GPS). It may be outside the park — for example on Corps of Engineers or other land. Check the official map.<br><a href="https://www.google.com/maps/search/?api=1&amp;query=36.990634,-82.984789">Open in Google Maps</a>]]></description><Point><coordinates>-82.984789,36.990634,0</coordinates></Point></Placemark><Placemark><name>US-1262 · State Parks trailhead: Log Rock</name><styleUrl>#acc_near</styleUrl><description><![CDATA[For US-1262 Kingdom Come State Park<br>parking: yes<br>0.3 mi from the park GPS point<br>Source: Kentucky State Parks (kygisserver.ky.gov)<br>Nearby point (within 5 mi of the park GPS). It may be outside the park — for example on Corps of Engineers or other land. Check the official map.<br><a href="https://www.google.com/maps/search/?api=1&amp;query=36.989094,-82.983957">Open in Google Maps</a>]]></description><Point><coordinates>-82.983957,36.989094,0</coordinates></Point></Placemark><Placemark><name>US-1262 · State Parks trailhead: Turkey</name><styleUrl>#acc_near</styleUrl><description><![CDATA[For US-1262 Kingdom Come State Park<br>parking: no<br>0.4 mi from the park GPS point<br>Source: Kentucky State Parks (kygisserver.ky.gov)<br>Nearby point (within 5 mi of the park GPS). It may be outside the park — for example on Corps of Engineers or other land. Check the official map.<br><a href="https://www.google.com/maps/search/?api=1&amp;query=36.997218,-82.982309">Open in Google Maps</a>]]></description><Point><coordinates>-82.982309,36.997218,0</coordinates></Point></Placemark><Placemark><name>US-1262 · State Parks trailhead: Saltess</name><styleUrl>#acc_near</styleUrl><description><![CDATA[For US-1262 Kingdom Come State Park<br>Trail: Saltess / Pine Mountain State Scenic Trail; parking: yes<br>0.4 mi from the park GPS point<br>Source: Kentucky State Parks (kygisserver.ky.gov)<br>Nearby point (within 5 mi of the park GPS). It may be outside the park — for example on Corps of Engineers or other land. Check the official map.<br><a href="https://www.google.com/maps/search/?api=1&amp;query=36.997696,-82.981499">Open in Google Maps</a>]]></description><Point><coordinates>-82.981499,36.997696,0</coordinates></Point></Placemark><Placemark><name>US-1262 · State Parks trailhead: 12 O'Clock</name><styleUrl>#acc_near</styleUrl><description><![CDATA[For US-1262 Kingdom Come State Park<br>Trail: 12 O'Clock / Pine Mountain State Scenic Trail; parking: no<br>0.4 mi from the park GPS point<br>Source: Kentucky State Parks (kygisserver.ky.gov)<br>Nearby point (within 5 mi of the park GPS). It may be outside the park — for example on Corps of Engineers or other land. Check the official map.<br><a href="https://www.google.com/maps/search/?api=1&amp;query=36.997721,-82.982923">Open in Google Maps</a>]]></description><Point><coordinates>-82.982923,36.997721,0</coordinates></Point></Placemark><Placemark><name>US-1262 · State Parks trailhead: Possum</name><styleUrl>#acc_near</styleUrl><description><![CDATA[For US-1262 Kingdom Come State Park<br>parking: yes<br>0.5 mi from the park GPS point<br>Source: Kentucky State Parks (kygisserver.ky.gov)<br>Nearby point (within 5 mi of the park GPS). It may be outside the park — for example on Corps of Engineers or other land. Check the official map.<br><a href="https://www.google.com/maps/search/?api=1&amp;query=36.997609,-82.985162">Open in Google Maps</a>]]></description><Point><coordinates>-82.985162,36.997609,0</coordinates></Point></Placemark><Placemark><name>US-1262 · State Parks trailhead: Nature Haven</name><styleUrl>#acc_near</styleUrl><description><![CDATA[For US-1262 Kingdom Come State Park<br>parking: no<br>0.6 mi from the park GPS point<br>Source: Kentucky State Parks (kygisserver.ky.gov)<br>Nearby point (within 5 mi of the park GPS). It may be outside the park — for example on Corps of Engineers or other land. Check the official map.<br><a href="https://www.google.com/maps/search/?api=1&amp;query=36.99709,-82.98959">Open in Google Maps</a>]]></description><Point><coordinates>-82.98959,36.99709,0</coordinates></Point></Placemark><Placemark><name>US-1284 · State Parks trailhead: Fitness Center</name><styleUrl>#acc_near</styleUrl><description><![CDATA[For US-1284 Lake Barkley State Park<br>parking: yes<br>0.1 mi from the park GPS point<br>Source: Kentucky State Parks (kygisserver.ky.gov)<br>Nearby point (within 5 mi of the park GPS). It may be outside the park — for example on Corps of Engineers or other land. Check the official map.<br><a href="https://www.google.com/maps/search/?api=1&amp;query=36.848954,-87.932879">Open in Google Maps</a>]]></description><Point><coordinates>-87.932879,36.848954,0</coordinates></Point></Placemark><Placemark><name>US-1284 · State Parks trailhead: Lena Madesin/Wilderness/Cedar Grove</name><styleUrl>#acc_near</styleUrl><description><![CDATA[For US-1284 Lake Barkley State Park<br>Trail: Lena Madesin; parking: yes<br>0.1 mi from the park GPS point<br>Source: Kentucky State Parks (kygisserver.ky.gov)<br>Nearby point (within 5 mi of the park GPS). It may be outside the park — for example on Corps of Engineers or other land. Check the official map.<br><a href="https://www.google.com/maps/search/?api=1&amp;query=36.849271,-87.930539">Open in Google Maps</a>]]></description><Point><coordinates>-87.930539,36.849271,0</coordinates></Point></Placemark><Placemark><name>US-1284 · State Parks trailhead: Fitness Center</name><styleUrl>#acc_near</styleUrl><description><![CDATA[For US-1284 Lake Barkley State Park<br>parking: yes<br>0.1 mi from the park GPS point<br>Source: Kentucky State Parks (kygisserver.ky.gov)<br>Nearby point (within 5 mi of the park GPS). It may be outside the park — for example on Corps of Engineers or other land. Check the official map.<br><a href="https://www.google.com/maps/search/?api=1&amp;query=36.848934,-87.934112">Open in Google Maps</a>]]></description><Point><coordinates>-87.934112,36.848934,0</coordinates></Point></Placemark><Placemark><name>US-1284 · State Parks trailhead: Blue Springs</name><styleUrl>#acc_near</styleUrl><description><![CDATA[For US-1284 Lake Barkley State Park<br>parking: no<br>0.1 mi from the park GPS point<br>Source: Kentucky State Parks (kygisserver.ky.gov)<br>Nearby point (within 5 mi of the park GPS). It may be outside the park — for example on Corps of Engineers or other land. Check the official map.<br><a href="https://www.google.com/maps/search/?api=1&amp;query=36.847788,-87.933218">Open in Google Maps</a>]]></description><Point><coordinates>-87.933218,36.847788,0</coordinates></Point></Placemark><Placemark><name>US-1284 · State Parks trailhead: Blue Springs</name><styleUrl>#acc_near</styleUrl><description><![CDATA[For US-1284 Lake Barkley State Park<br>parking: yes<br>0.2 mi from the park GPS point<br>Source: Kentucky State Parks (kygisserver.ky.gov)<br>Nearby point (within 5 mi of the park GPS). It may be outside the park — for example on Corps of Engineers or other land. Check the official map.<br><a href="https://www.google.com/maps/search/?api=1&amp;query=36.846877,-87.933837">Open in Google Maps</a>]]></description><Point><coordinates>-87.933837,36.846877,0</coordinates></Point></Placemark><Placemark><name>US-1284 · State Parks trailhead: Cedar Grove</name><styleUrl>#acc_near</styleUrl><description><![CDATA[For US-1284 Lake Barkley State Park<br>parking: yes<br>0.6 mi from the park GPS point<br>Source: Kentucky State Parks (kygisserver.ky.gov)<br>Nearby point (within 5 mi of the park GPS). It may be outside the park — for example on Corps of Engineers or other land. Check the official map.<br><a href="https://www.google.com/maps/search/?api=1&amp;query=36.855261,-87.925008">Open in Google Maps</a>]]></description><Point><coordinates>-87.925008,36.855261,0</coordinates></Point></Placemark><Placemark><name>US-1284 · State Parks trailhead: Wagon Wheel</name><styleUrl>#acc_near</styleUrl><description><![CDATA[For US-1284 Lake Barkley State Park<br>parking: yes<br>0.7 mi from the park GPS point<br>Source: Kentucky State Parks (kygisserver.ky.gov)<br>Nearby point (within 5 mi of the park GPS). It may be outside the park — for example on Corps of Engineers or other land. Check the official map.<br><a href="https://www.google.com/maps/search/?api=1&amp;query=36.856947,-87.923046">Open in Google Maps</a>]]></description><Point><coordinates>-87.923046,36.856947,0</coordinates></Point></Placemark><Placemark><name>US-1284 · State Parks trailhead: Wagon Wheel</name><styleUrl>#acc_near</styleUrl><description><![CDATA[For US-1284 Lake Barkley State Park<br>parking: yes<br>0.8 mi from the park GPS point<br>Source: Kentucky State Parks (kygisserver.ky.gov)<br>Nearby point (within 5 mi of the park GPS). It may be outside the park — for example on Corps of Engineers or other land. Check the official map.<br><a href="https://www.google.com/maps/search/?api=1&amp;query=36.855509,-87.919027">Open in Google Maps</a>]]></description><Point><coordinates>-87.919027,36.855509,0</coordinates></Point></Placemark><Placemark><name>US-1284 · State Parks trailhead: Wilderness</name><styleUrl>#acc_near</styleUrl><description><![CDATA[For US-1284 Lake Barkley State Park<br>parking: yes<br>0.8 mi from the park GPS point<br>Source: Kentucky State Parks (kygisserver.ky.gov)<br>Nearby point (within 5 mi of the park GPS). It may be outside the park — for example on Corps of Engineers or other land. Check the official map.<br><a href="https://www.google.com/maps/search/?api=1&amp;query=36.855654,-87.919078">Open in Google Maps</a>]]></description><Point><coordinates>-87.919078,36.855654,0</coordinates></Point></Placemark><Placemark><name>US-1284 · State Parks trailhead: Wilderness</name><styleUrl>#acc_near</styleUrl><description><![CDATA[For US-1284 Lake Barkley State Park<br>parking: no<br>1.1 mi from the park GPS point<br>Source: Kentucky State Parks (kygisserver.ky.gov)<br>Nearby point (within 5 mi of the park GPS). It may be outside the park — for example on Corps of Engineers or other land. Check the official map.<br><a href="https://www.google.com/maps/search/?api=1&amp;query=36.844271,-87.913593">Open in Google Maps</a>]]></description><Point><coordinates>-87.913593,36.844271,0</coordinates></Point></Placemark><Placemark><name>US-1284 · State Parks trailhead: Stable</name><styleUrl>#acc_near</styleUrl><description><![CDATA[For US-1284 Lake Barkley State Park<br>parking: yes<br>1.1 mi from the park GPS point<br>Source: Kentucky State Parks (kygisserver.ky.gov)<br>Nearby point (within 5 mi of the park GPS). It may be outside the park — for example on Corps of Engineers or other land. Check the official map.<br><a href="https://www.google.com/maps/search/?api=1&amp;query=36.844114,-87.91364">Open in Google Maps</a>]]></description><Point><coordinates>-87.91364,36.844114,0</coordinates></Point></Placemark><Placemark><name>US-1284 · State Parks trailhead: Wilderness</name><styleUrl>#acc_near</styleUrl><description><![CDATA[For US-1284 Lake Barkley State Park<br>parking: no<br>1.1 mi from the park GPS point<br>Source: Kentucky State Parks (kygisserver.ky.gov)<br>Nearby point (within 5 mi of the park GPS). It may be outside the park — for example on Corps of Engineers or other land. Check the official map.<br><a href="https://www.google.com/maps/search/?api=1&amp;query=36.845554,-87.912498">Open in Google Maps</a>]]></description><Point><coordinates>-87.912498,36.845554,0</coordinates></Point></Placemark><Placemark><name>US-1285 · State Parks trailhead: Overlook</name><styleUrl>#acc_near</styleUrl><description><![CDATA[For US-1285 Lake Cumberland State Park<br>Trail: Lake Bluff; parking: yes<br>0.0 mi from the park GPS point<br>Source: Kentucky State Parks (kygisserver.ky.gov)<br>Nearby point (within 5 mi of the park GPS). It may be outside the park — for example on Corps of Engineers or other land. Check the official map.<br><a href="https://www.google.com/maps/search/?api=1&amp;query=36.931131,-85.042713">Open in Google Maps</a>]]></description><Point><coordinates>-85.042713,36.931131,0</coordinates></Point></Placemark><Placemark><name>US-1285 · State Parks trailhead: Conference Center</name><styleUrl>#acc_near</styleUrl><description><![CDATA[For US-1285 Lake Cumberland State Park<br>Trail: Lake Bluff; parking: yes<br>0.1 mi from the park GPS point<br>Source: Kentucky State Parks (kygisserver.ky.gov)<br>Nearby point (within 5 mi of the park GPS). It may be outside the park — for example on Corps of Engineers or other land. Check the official map.<br><a href="https://www.google.com/maps/search/?api=1&amp;query=36.92935,-85.040894">Open in Google Maps</a>]]></description><Point><coordinates>-85.040894,36.92935,0</coordinates></Point></Placemark><Placemark><name>US-1285 · State Parks trailhead: Pumpkin Creek Lodge</name><styleUrl>#acc_near</styleUrl><description><![CDATA[For US-1285 Lake Cumberland State Park<br>Trail: Lake Bluff; parking: yes<br>0.4 mi from the park GPS point<br>Source: Kentucky State Parks (kygisserver.ky.gov)<br>Nearby point (within 5 mi of the park GPS). It may be outside the park — for example on Corps of Engineers or other land. Check the official map.<br><a href="https://www.google.com/maps/search/?api=1&amp;query=36.926616,-85.046952">Open in Google Maps</a>]]></description><Point><coordinates>-85.046952,36.926616,0</coordinates></Point></Placemark><Placemark><name>US-1285 · State Parks trailhead: Perch</name><styleUrl>#acc_near</styleUrl><description><![CDATA[For US-1285 Lake Cumberland State Park<br>parking: yes<br>0.6 mi from the park GPS point<br>Source: Kentucky State Parks (kygisserver.ky.gov)<br>Nearby point (within 5 mi of the park GPS). It may be outside the park — for example on Corps of Engineers or other land. Check the official map.<br><a href="https://www.google.com/maps/search/?api=1&amp;query=36.921898,-85.042068">Open in Google Maps</a>]]></description><Point><coordinates>-85.042068,36.921898,0</coordinates></Point></Placemark><Placemark><name>US-1285 · State Parks trailhead: Baugh Branch</name><styleUrl>#acc_near</styleUrl><description><![CDATA[For US-1285 Lake Cumberland State Park<br>parking: yes<br>2.7 mi from the park GPS point<br>Source: Kentucky State Parks (kygisserver.ky.gov)<br>Nearby point (within 5 mi of the park GPS). It may be outside the park — for example on Corps of Engineers or other land. Check the official map.<br><a href="https://www.google.com/maps/search/?api=1&amp;query=36.901532,-85.074761">Open in Google Maps</a>]]></description><Point><coordinates>-85.074761,36.901532,0</coordinates></Point></Placemark><Placemark><name>US-1263 · State Parks trailhead: Laurel</name><styleUrl>#acc_near</styleUrl><description><![CDATA[For US-1263 Lake Malone State Park<br>parking: yes<br>0.8 mi from the park GPS point<br>Source: Kentucky State Parks (kygisserver.ky.gov)<br>Nearby point (within 5 mi of the park GPS). It may be outside the park — for example on Corps of Engineers or other land. Check the official map.<br><a href="https://www.google.com/maps/search/?api=1&amp;query=37.074942,-87.040851">Open in Google Maps</a>]]></description><Point><coordinates>-87.040851,37.074942,0</coordinates></Point></Placemark><Placemark><name>US-1263 · State Parks trailhead: Laurel</name><styleUrl>#acc_near</styleUrl><description><![CDATA[For US-1263 Lake Malone State Park<br>parking: yes<br>1.0 mi from the park GPS point<br>Source: Kentucky State Parks (kygisserver.ky.gov)<br>Nearby point (within 5 mi of the park GPS). It may be outside the park — for example on Corps of Engineers or other land. Check the official map.<br><a href="https://www.google.com/maps/search/?api=1&amp;query=37.073926,-87.038023">Open in Google Maps</a>]]></description><Point><coordinates>-87.038023,37.073926,0</coordinates></Point></Placemark><Placemark><name>US-1263 · State Parks trailhead: Wildflower</name><styleUrl>#acc_near</styleUrl><description><![CDATA[For US-1263 Lake Malone State Park<br>parking: yes<br>1.0 mi from the park GPS point<br>Source: Kentucky State Parks (kygisserver.ky.gov)<br>Nearby point (within 5 mi of the park GPS). It may be outside the park — for example on Corps of Engineers or other land. Check the official map.<br><a href="https://www.google.com/maps/search/?api=1&amp;query=37.074532,-87.03777">Open in Google Maps</a>]]></description><Point><coordinates>-87.03777,37.074532,0</coordinates></Point></Placemark><Placemark><name>US-1263 · State Parks trailhead: Wildflower</name><styleUrl>#acc_near</styleUrl><description><![CDATA[For US-1263 Lake Malone State Park<br>parking: no<br>1.0 mi from the park GPS point<br>Source: Kentucky State Parks (kygisserver.ky.gov)<br>Nearby point (within 5 mi of the park GPS). It may be outside the park — for example on Corps of Engineers or other land. Check the official map.<br><a href="https://www.google.com/maps/search/?api=1&amp;query=37.076365,-87.037944">Open in Google Maps</a>]]></description><Point><coordinates>-87.037944,37.076365,0</coordinates></Point></Placemark><Placemark><name>US-1286 · State Parks trailhead: Hood'S Branch</name><styleUrl>#acc_near</styleUrl><description><![CDATA[For US-1286 Natural Bridge State Park<br>parking: yes<br>0.4 mi from the park GPS point<br>Source: Kentucky State Parks (kygisserver.ky.gov)<br>Nearby point (within 5 mi of the park GPS). It may be outside the park — for example on Corps of Engineers or other land. Check the official map.<br><a href="https://www.google.com/maps/search/?api=1&amp;query=37.781544,-83.691154">Open in Google Maps</a>]]></description><Point><coordinates>-83.691154,37.781544,0</coordinates></Point></Placemark><Placemark><name>US-1286 · State Parks trailhead: Low Gap</name><styleUrl>#acc_near</styleUrl><description><![CDATA[For US-1286 Natural Bridge State Park<br>parking: yes<br>0.4 mi from the park GPS point<br>Source: Kentucky State Parks (kygisserver.ky.gov)<br>Nearby point (within 5 mi of the park GPS). It may be outside the park — for example on Corps of Engineers or other land. Check the official map.<br><a href="https://www.google.com/maps/search/?api=1&amp;query=37.782127,-83.689375">Open in Google Maps</a>]]></description><Point><coordinates>-83.689375,37.782127,0</coordinates></Point></Placemark><Placemark><name>US-1286 · State Parks trailhead: Hemlock Lodge Access To Original</name><styleUrl>#acc_near</styleUrl><description><![CDATA[For US-1286 Natural Bridge State Park<br>parking: yes<br>0.4 mi from the park GPS point<br>Source: Kentucky State Parks (kygisserver.ky.gov)<br>Nearby point (within 5 mi of the park GPS). It may be outside the park — for example on Corps of Engineers or other land. Check the official map.<br><a href="https://www.google.com/maps/search/?api=1&amp;query=37.776453,-83.680986">Open in Google Maps</a>]]></description><Point><coordinates>-83.680986,37.776453,0</coordinates></Point></Placemark><Placemark><name>US-1286 · State Parks trailhead: The Original</name><styleUrl>#acc_near</styleUrl><description><![CDATA[For US-1286 Natural Bridge State Park<br>parking: yes<br>0.6 mi from the park GPS point<br>Source: Kentucky State Parks (kygisserver.ky.gov)<br>Nearby point (within 5 mi of the park GPS). It may be outside the park — for example on Corps of Engineers or other land. Check the official map.<br><a href="https://www.google.com/maps/search/?api=1&amp;query=37.77552,-83.678219">Open in Google Maps</a>]]></description><Point><coordinates>-83.678219,37.77552,0</coordinates></Point></Placemark><Placemark><name>US-1286 · State Parks trailhead: Lakeside</name><styleUrl>#acc_near</styleUrl><description><![CDATA[For US-1286 Natural Bridge State Park<br>parking: yes<br>0.6 mi from the park GPS point<br>Source: Kentucky State Parks (kygisserver.ky.gov)<br>Nearby point (within 5 mi of the park GPS). It may be outside the park — for example on Corps of Engineers or other land. Check the official map.<br><a href="https://www.google.com/maps/search/?api=1&amp;query=37.777401,-83.677035">Open in Google Maps</a>]]></description><Point><coordinates>-83.677035,37.777401,0</coordinates></Point></Placemark><Placemark><name>US-1286 · State Parks trailhead: Henson'S Arch</name><styleUrl>#acc_near</styleUrl><description><![CDATA[For US-1286 Natural Bridge State Park<br>parking: yes<br>0.8 mi from the park GPS point<br>Source: Kentucky State Parks (kygisserver.ky.gov)<br>Nearby point (within 5 mi of the park GPS). It may be outside the park — for example on Corps of Engineers or other land. Check the official map.<br><a href="https://www.google.com/maps/search/?api=1&amp;query=37.779851,-83.673686">Open in Google Maps</a>]]></description><Point><coordinates>-83.673686,37.779851,0</coordinates></Point></Placemark><Placemark><name>US-1286 · State Parks trailhead: Whittleton</name><styleUrl>#acc_near</styleUrl><description><![CDATA[For US-1286 Natural Bridge State Park<br>parking: no<br>0.9 mi from the park GPS point<br>Source: Kentucky State Parks (kygisserver.ky.gov)<br>Nearby point (within 5 mi of the park GPS). It may be outside the park — for example on Corps of Engineers or other land. Check the official map.<br><a href="https://www.google.com/maps/search/?api=1&amp;query=37.782714,-83.672955">Open in Google Maps</a>]]></description><Point><coordinates>-83.672955,37.782714,0</coordinates></Point></Placemark><Placemark><name>US-1268 · State Parks trailhead: Waterfall Hiking Trail</name><styleUrl>#acc_near</styleUrl><description><![CDATA[For US-1268 Nolin Lake State Park<br>parking: yes<br>0.1 mi from the park GPS point<br>Source: Kentucky State Parks (kygisserver.ky.gov)<br>Nearby point (within 5 mi of the park GPS). It may be outside the park — for example on Corps of Engineers or other land. Check the official map.<br><a href="https://www.google.com/maps/search/?api=1&amp;query=37.298028,-86.213282">Open in Google Maps</a>]]></description><Point><coordinates>-86.213282,37.298028,0</coordinates></Point></Placemark><Placemark><name>US-3784 · State Parks trailhead: Jackson Cemetery</name><styleUrl>#acc_near</styleUrl><description><![CDATA[For US-3784 Old Mulkey Meetinghouse State Historic Site<br>Trail: Stonewall Jackson; parking: no<br>0.1 mi from the park GPS point<br>Source: Kentucky State Parks (kygisserver.ky.gov)<br>Nearby point (within 5 mi of the park GPS). It may be outside the park — for example on Corps of Engineers or other land. Check the official map.<br><a href="https://www.google.com/maps/search/?api=1&amp;query=36.6774,-85.707769">Open in Google Maps</a>]]></description><Point><coordinates>-85.707769,36.6774,0</coordinates></Point></Placemark><Placemark><name>US-3784 · State Parks trailhead: Jackson Cemetery</name><styleUrl>#acc_near</styleUrl><description><![CDATA[For US-3784 Old Mulkey Meetinghouse State Historic Site<br>Trail: Stonewall Jackson; parking: yes<br>0.1 mi from the park GPS point<br>Source: Kentucky State Parks (kygisserver.ky.gov)<br>Nearby point (within 5 mi of the park GPS). It may be outside the park — for example on Corps of Engineers or other land. Check the official map.<br><a href="https://www.google.com/maps/search/?api=1&amp;query=36.678175,-85.708034">Open in Google Maps</a>]]></description><Point><coordinates>-85.708034,36.678175,0</coordinates></Point></Placemark><Placemark><name>US-3784 · State Parks trailhead: Jackson Cemetery</name><styleUrl>#acc_near</styleUrl><description><![CDATA[For US-3784 Old Mulkey Meetinghouse State Historic Site<br>Trail: Stonewall Jackson; parking: no<br>0.1 mi from the park GPS point<br>Source: Kentucky State Parks (kygisserver.ky.gov)<br>Nearby point (within 5 mi of the park GPS). It may be outside the park — for example on Corps of Engineers or other land. Check the official map.<br><a href="https://www.google.com/maps/search/?api=1&amp;query=36.676816,-85.707909">Open in Google Maps</a>]]></description><Point><coordinates>-85.707909,36.676816,0</coordinates></Point></Placemark><Placemark><name>US-1287 · State Parks trailhead: Lodge</name><styleUrl>#acc_near</styleUrl><description><![CDATA[For US-1287 Pennyrile Forest State Park<br>Trail: Lake; parking: yes<br>0.0 mi from the park GPS point<br>Source: Kentucky State Parks (kygisserver.ky.gov)<br>Nearby point (within 5 mi of the park GPS). It may be outside the park — for example on Corps of Engineers or other land. Check the official map.<br><a href="https://www.google.com/maps/search/?api=1&amp;query=37.072505,-87.662714">Open in Google Maps</a>]]></description><Point><coordinates>-87.662714,37.072505,0</coordinates></Point></Placemark><Placemark><name>US-1287 · State Parks trailhead: Indian Bluff/Pennyrile Nature Trail</name><styleUrl>#acc_near</styleUrl><description><![CDATA[For US-1287 Pennyrile Forest State Park<br>Trail: Indian Bluff; parking: no<br>0.1 mi from the park GPS point<br>Source: Kentucky State Parks (kygisserver.ky.gov)<br>Nearby point (within 5 mi of the park GPS). It may be outside the park — for example on Corps of Engineers or other land. Check the official map.<br><a href="https://www.google.com/maps/search/?api=1&amp;query=37.073787,-87.663509">Open in Google Maps</a>]]></description><Point><coordinates>-87.663509,37.073787,0</coordinates></Point></Placemark><Placemark><name>US-1287 · State Parks trailhead: Clifty Creek</name><styleUrl>#acc_near</styleUrl><description><![CDATA[For US-1287 Pennyrile Forest State Park<br>parking: yes<br>0.2 mi from the park GPS point<br>Source: Kentucky State Parks (kygisserver.ky.gov)<br>Nearby point (within 5 mi of the park GPS). It may be outside the park — for example on Corps of Engineers or other land. Check the official map.<br><a href="https://www.google.com/maps/search/?api=1&amp;query=37.074225,-87.665354">Open in Google Maps</a>]]></description><Point><coordinates>-87.665354,37.074225,0</coordinates></Point></Placemark><Placemark><name>US-1287 · State Parks trailhead: Thompsons Hollow</name><styleUrl>#acc_near</styleUrl><description><![CDATA[For US-1287 Pennyrile Forest State Park<br>parking: yes<br>0.2 mi from the park GPS point<br>Source: Kentucky State Parks (kygisserver.ky.gov)<br>Nearby point (within 5 mi of the park GPS). It may be outside the park — for example on Corps of Engineers or other land. Check the official map.<br><a href="https://www.google.com/maps/search/?api=1&amp;query=37.070711,-87.660614">Open in Google Maps</a>]]></description><Point><coordinates>-87.660614,37.070711,0</coordinates></Point></Placemark><Placemark><name>US-1287 · State Parks trailhead: Thompsons Hollow</name><styleUrl>#acc_near</styleUrl><description><![CDATA[For US-1287 Pennyrile Forest State Park<br>parking: yes<br>0.2 mi from the park GPS point<br>Source: Kentucky State Parks (kygisserver.ky.gov)<br>Nearby point (within 5 mi of the park GPS). It may be outside the park — for example on Corps of Engineers or other land. Check the official map.<br><a href="https://www.google.com/maps/search/?api=1&amp;query=37.071235,-87.659709">Open in Google Maps</a>]]></description><Point><coordinates>-87.659709,37.071235,0</coordinates></Point></Placemark><Placemark><name>US-1287 · State Parks trailhead: Beach</name><styleUrl>#acc_near</styleUrl><description><![CDATA[For US-1287 Pennyrile Forest State Park<br>Trail: Lake; parking: yes<br>0.2 mi from the park GPS point<br>Source: Kentucky State Parks (kygisserver.ky.gov)<br>Nearby point (within 5 mi of the park GPS). It may be outside the park — for example on Corps of Engineers or other land. Check the official map.<br><a href="https://www.google.com/maps/search/?api=1&amp;query=37.070111,-87.660651">Open in Google Maps</a>]]></description><Point><coordinates>-87.660651,37.070111,0</coordinates></Point></Placemark><Placemark><name>US-1287 · State Parks trailhead: Cane</name><styleUrl>#acc_near</styleUrl><description><![CDATA[For US-1287 Pennyrile Forest State Park<br>parking: yes<br>0.2 mi from the park GPS point<br>Source: Kentucky State Parks (kygisserver.ky.gov)<br>Nearby point (within 5 mi of the park GPS). It may be outside the park — for example on Corps of Engineers or other land. Check the official map.<br><a href="https://www.google.com/maps/search/?api=1&amp;query=37.069995,-87.665363">Open in Google Maps</a>]]></description><Point><coordinates>-87.665363,37.069995,0</coordinates></Point></Placemark><Placemark><name>US-1287 · State Parks trailhead: Lake</name><styleUrl>#acc_near</styleUrl><description><![CDATA[For US-1287 Pennyrile Forest State Park<br>parking: yes<br>0.2 mi from the park GPS point<br>Source: Kentucky State Parks (kygisserver.ky.gov)<br>Nearby point (within 5 mi of the park GPS). It may be outside the park — for example on Corps of Engineers or other land. Check the official map.<br><a href="https://www.google.com/maps/search/?api=1&amp;query=37.069962,-87.665321">Open in Google Maps</a>]]></description><Point><coordinates>-87.665321,37.069962,0</coordinates></Point></Placemark><Placemark><name>US-1287 · State Parks trailhead: Pennyroyal</name><styleUrl>#acc_near</styleUrl><description><![CDATA[For US-1287 Pennyrile Forest State Park<br>parking: yes<br>0.3 mi from the park GPS point<br>Source: Kentucky State Parks (kygisserver.ky.gov)<br>Nearby point (within 5 mi of the park GPS). It may be outside the park — for example on Corps of Engineers or other land. Check the official map.<br><a href="https://www.google.com/maps/search/?api=1&amp;query=37.069222,-87.658546">Open in Google Maps</a>]]></description><Point><coordinates>-87.658546,37.069222,0</coordinates></Point></Placemark><Placemark><name>US-1287 · State Parks trailhead: Campers Trace</name><styleUrl>#acc_near</styleUrl><description><![CDATA[For US-1287 Pennyrile Forest State Park<br>parking: yes<br>0.4 mi from the park GPS point<br>Source: Kentucky State Parks (kygisserver.ky.gov)<br>Nearby point (within 5 mi of the park GPS). It may be outside the park — for example on Corps of Engineers or other land. Check the official map.<br><a href="https://www.google.com/maps/search/?api=1&amp;query=37.072731,-87.655818">Open in Google Maps</a>]]></description><Point><coordinates>-87.655818,37.072731,0</coordinates></Point></Placemark><Placemark><name>US-1287 · State Parks trailhead: Campers Trace</name><styleUrl>#acc_near</styleUrl><description><![CDATA[For US-1287 Pennyrile Forest State Park<br>parking: no<br>0.5 mi from the park GPS point<br>Source: Kentucky State Parks (kygisserver.ky.gov)<br>Nearby point (within 5 mi of the park GPS). It may be outside the park — for example on Corps of Engineers or other land. Check the official map.<br><a href="https://www.google.com/maps/search/?api=1&amp;query=37.075051,-87.655306">Open in Google Maps</a>]]></description><Point><coordinates>-87.655306,37.075051,0</coordinates></Point></Placemark><Placemark><name>US-4692 · State Parks trailhead: Indian Bluff</name><styleUrl>#acc_near</styleUrl><description><![CDATA[For US-4692 Pennyrile State Forest<br>parking: yes<br>0.3 mi from the park GPS point<br>Source: Kentucky State Parks (kygisserver.ky.gov)<br>Nearby point (within 5 mi of the park GPS). It may be outside the park — for example on Corps of Engineers or other land. Check the official map.<br><a href="https://www.google.com/maps/search/?api=1&amp;query=37.075119,-87.667002">Open in Google Maps</a>]]></description><Point><coordinates>-87.667002,37.075119,0</coordinates></Point></Placemark><Placemark><name>US-4692 · State Parks trailhead: Clifty Creek</name><styleUrl>#acc_near</styleUrl><description><![CDATA[For US-4692 Pennyrile State Forest<br>parking: yes<br>0.3 mi from the park GPS point<br>Source: Kentucky State Parks (kygisserver.ky.gov)<br>Nearby point (within 5 mi of the park GPS). It may be outside the park — for example on Corps of Engineers or other land. Check the official map.<br><a href="https://www.google.com/maps/search/?api=1&amp;query=37.075009,-87.666761">Open in Google Maps</a>]]></description><Point><coordinates>-87.666761,37.075009,0</coordinates></Point></Placemark><Placemark><name>US-3785 · State Parks trailhead: 1</name><styleUrl>#acc_near</styleUrl><description><![CDATA[For US-3785 Perryville Battlefield State Historic Site<br>Trail: Confederate Right; parking: yes<br>0.1 mi from the park GPS point<br>Source: Kentucky State Parks (kygisserver.ky.gov)<br>Nearby point (within 5 mi of the park GPS). It may be outside the park — for example on Corps of Engineers or other land. Check the official map.<br><a href="https://www.google.com/maps/search/?api=1&amp;query=37.673859,-84.969362">Open in Google Maps</a>]]></description><Point><coordinates>-84.969362,37.673859,0</coordinates></Point></Placemark><Placemark><name>US-3785 · State Parks trailhead: 6</name><styleUrl>#acc_near</styleUrl><description><![CDATA[For US-3785 Perryville Battlefield State Historic Site<br>Trail: Final Line; parking: yes<br>0.3 mi from the park GPS point<br>Source: Kentucky State Parks (kygisserver.ky.gov)<br>Nearby point (within 5 mi of the park GPS). It may be outside the park — for example on Corps of Engineers or other land. Check the official map.<br><a href="https://www.google.com/maps/search/?api=1&amp;query=37.677493,-84.97534">Open in Google Maps</a>]]></description><Point><coordinates>-84.97534,37.677493,0</coordinates></Point></Placemark><Placemark><name>US-3785 · State Parks trailhead: 11</name><styleUrl>#acc_near</styleUrl><description><![CDATA[For US-3785 Perryville Battlefield State Historic Site<br>Trail: Highwater Mark; parking: yes<br>0.4 mi from the park GPS point<br>Source: Kentucky State Parks (kygisserver.ky.gov)<br>Nearby point (within 5 mi of the park GPS). It may be outside the park — for example on Corps of Engineers or other land. Check the official map.<br><a href="https://www.google.com/maps/search/?api=1&amp;query=37.672796,-84.977051">Open in Google Maps</a>]]></description><Point><coordinates>-84.977051,37.672796,0</coordinates></Point></Placemark><Placemark><name>US-3785 · State Parks trailhead: 2</name><styleUrl>#acc_near</styleUrl><description><![CDATA[For US-3785 Perryville Battlefield State Historic Site<br>Trail: Jones; parking: yes<br>0.5 mi from the park GPS point<br>Source: Kentucky State Parks (kygisserver.ky.gov)<br>Nearby point (within 5 mi of the park GPS). It may be outside the park — for example on Corps of Engineers or other land. Check the official map.<br><a href="https://www.google.com/maps/search/?api=1&amp;query=37.668226,-84.972225">Open in Google Maps</a>]]></description><Point><coordinates>-84.972225,37.668226,0</coordinates></Point></Placemark><Placemark><name>US-3785 · State Parks trailhead: 7</name><styleUrl>#acc_near</styleUrl><description><![CDATA[For US-3785 Perryville Battlefield State Historic Site<br>Trail: Confederate Artillery &amp; Hicklen Nature; parking: yes<br>0.6 mi from the park GPS point<br>Source: Kentucky State Parks (kygisserver.ky.gov)<br>Nearby point (within 5 mi of the park GPS). It may be outside the park — for example on Corps of Engineers or other land. Check the official map.<br><a href="https://www.google.com/maps/search/?api=1&amp;query=37.671383,-84.960718">Open in Google Maps</a>]]></description><Point><coordinates>-84.960718,37.671383,0</coordinates></Point></Placemark><Placemark><name>US-3785 · State Parks trailhead: 3</name><styleUrl>#acc_near</styleUrl><description><![CDATA[For US-3785 Perryville Battlefield State Historic Site<br>Trail: Slaughter Pen; parking: yes<br>0.6 mi from the park GPS point<br>Source: Kentucky State Parks (kygisserver.ky.gov)<br>Nearby point (within 5 mi of the park GPS). It may be outside the park — for example on Corps of Engineers or other land. Check the official map.<br><a href="https://www.google.com/maps/search/?api=1&amp;query=37.66675,-84.97188">Open in Google Maps</a>]]></description><Point><coordinates>-84.97188,37.66675,0</coordinates></Point></Placemark><Placemark><name>US-3785 · State Parks trailhead: 13</name><styleUrl>#acc_near</styleUrl><description><![CDATA[For US-3785 Perryville Battlefield State Historic Site<br>Trail: Doctor'S Creek #2; parking: yes<br>0.7 mi from the park GPS point<br>Source: Kentucky State Parks (kygisserver.ky.gov)<br>Nearby point (within 5 mi of the park GPS). It may be outside the park — for example on Corps of Engineers or other land. Check the official map.<br><a href="https://www.google.com/maps/search/?api=1&amp;query=37.665636,-84.9703">Open in Google Maps</a>]]></description><Point><coordinates>-84.9703,37.665636,0</coordinates></Point></Placemark><Placemark><name>US-3785 · State Parks trailhead: 5</name><styleUrl>#acc_near</styleUrl><description><![CDATA[For US-3785 Perryville Battlefield State Historic Site<br>Trail: Russel House; parking: yes<br>0.7 mi from the park GPS point<br>Source: Kentucky State Parks (kygisserver.ky.gov)<br>Nearby point (within 5 mi of the park GPS). It may be outside the park — for example on Corps of Engineers or other land. Check the official map.<br><a href="https://www.google.com/maps/search/?api=1&amp;query=37.6663,-84.975307">Open in Google Maps</a>]]></description><Point><coordinates>-84.975307,37.6663,0</coordinates></Point></Placemark><Placemark><name>US-3785 · State Parks trailhead: 12</name><styleUrl>#acc_near</styleUrl><description><![CDATA[For US-3785 Perryville Battlefield State Historic Site<br>Trail: Sleetown-Buckner'S Adv; parking: yes<br>0.7 mi from the park GPS point<br>Source: Kentucky State Parks (kygisserver.ky.gov)<br>Nearby point (within 5 mi of the park GPS). It may be outside the park — for example on Corps of Engineers or other land. Check the official map.<br><a href="https://www.google.com/maps/search/?api=1&amp;query=37.665125,-84.968971">Open in Google Maps</a>]]></description><Point><coordinates>-84.968971,37.665125,0</coordinates></Point></Placemark><Placemark><name>US-3785 · State Parks trailhead: 8</name><styleUrl>#acc_near</styleUrl><description><![CDATA[For US-3785 Perryville Battlefield State Historic Site<br>Trail: Dye House; parking: yes<br>1.1 mi from the park GPS point<br>Source: Kentucky State Parks (kygisserver.ky.gov)<br>Nearby point (within 5 mi of the park GPS). It may be outside the park — for example on Corps of Engineers or other land. Check the official map.<br><a href="https://www.google.com/maps/search/?api=1&amp;query=37.663763,-84.956598">Open in Google Maps</a>]]></description><Point><coordinates>-84.956598,37.663763,0</coordinates></Point></Placemark><Placemark><name>US-3785 · State Parks trailhead: Old Mackville Road</name><styleUrl>#acc_near</styleUrl><description><![CDATA[For US-3785 Perryville Battlefield State Historic Site<br>parking: yes<br>1.4 mi from the park GPS point<br>Source: Kentucky State Parks (kygisserver.ky.gov)<br>Nearby point (within 5 mi of the park GPS). It may be outside the park — for example on Corps of Engineers or other land. Check the official map.<br><a href="https://www.google.com/maps/search/?api=1&amp;query=37.656896,-84.961117">Open in Google Maps</a>]]></description><Point><coordinates>-84.961117,37.656896,0</coordinates></Point></Placemark><Placemark><name>US-1288 · State Parks trailhead: Rock Hotel</name><styleUrl>#acc_near</styleUrl><description><![CDATA[For US-1288 Pine Mountain State Park<br>parking: no<br>0.0 mi from the park GPS point<br>Source: Kentucky State Parks (kygisserver.ky.gov)<br>Nearby point (within 5 mi of the park GPS). It may be outside the park — for example on Corps of Engineers or other land. Check the official map.<br><a href="https://www.google.com/maps/search/?api=1&amp;query=36.747713,-83.7119">Open in Google Maps</a>]]></description><Point><coordinates>-83.7119,36.747713,0</coordinates></Point></Placemark><Placemark><name>US-1288 · State Parks trailhead: Longhunter</name><styleUrl>#acc_near</styleUrl><description><![CDATA[For US-1288 Pine Mountain State Park<br>parking: yes<br>0.2 mi from the park GPS point<br>Source: Kentucky State Parks (kygisserver.ky.gov)<br>Nearby point (within 5 mi of the park GPS). It may be outside the park — for example on Corps of Engineers or other land. Check the official map.<br><a href="https://www.google.com/maps/search/?api=1&amp;query=36.744708,-83.710697">Open in Google Maps</a>]]></description><Point><coordinates>-83.710697,36.744708,0</coordinates></Point></Placemark><Placemark><name>US-1288 · State Parks trailhead: Laurel Cove</name><styleUrl>#acc_near</styleUrl><description><![CDATA[For US-1288 Pine Mountain State Park<br>parking: yes<br>0.4 mi from the park GPS point<br>Source: Kentucky State Parks (kygisserver.ky.gov)<br>Nearby point (within 5 mi of the park GPS). It may be outside the park — for example on Corps of Engineers or other land. Check the official map.<br><a href="https://www.google.com/maps/search/?api=1&amp;query=36.743494,-83.705817">Open in Google Maps</a>]]></description><Point><coordinates>-83.705817,36.743494,0</coordinates></Point></Placemark><Placemark><name>US-1288 · State Parks trailhead: Azalea</name><styleUrl>#acc_near</styleUrl><description><![CDATA[For US-1288 Pine Mountain State Park<br>parking: yes<br>0.6 mi from the park GPS point<br>Source: Kentucky State Parks (kygisserver.ky.gov)<br>Nearby point (within 5 mi of the park GPS). It may be outside the park — for example on Corps of Engineers or other land. Check the official map.<br><a href="https://www.google.com/maps/search/?api=1&amp;query=36.743466,-83.703512">Open in Google Maps</a>]]></description><Point><coordinates>-83.703512,36.743466,0</coordinates></Point></Placemark><Placemark><name>US-1288 · State Parks trailhead: Chained Rock</name><styleUrl>#acc_near</styleUrl><description><![CDATA[For US-1288 Pine Mountain State Park<br>parking: yes<br>0.7 mi from the park GPS point<br>Source: Kentucky State Parks (kygisserver.ky.gov)<br>Nearby point (within 5 mi of the park GPS). It may be outside the park — for example on Corps of Engineers or other land. Check the official map.<br><a href="https://www.google.com/maps/search/?api=1&amp;query=36.7544,-83.703643">Open in Google Maps</a>]]></description><Point><coordinates>-83.703643,36.7544,0</coordinates></Point></Placemark><Placemark><name>US-1288 · State Parks trailhead: Narrows Overlook</name><styleUrl>#acc_near</styleUrl><description><![CDATA[For US-1288 Pine Mountain State Park<br>parking: yes<br>1.2 mi from the park GPS point<br>Source: Kentucky State Parks (kygisserver.ky.gov)<br>Nearby point (within 5 mi of the park GPS). It may be outside the park — for example on Corps of Engineers or other land. Check the official map.<br><a href="https://www.google.com/maps/search/?api=1&amp;query=36.743463,-83.691352">Open in Google Maps</a>]]></description><Point><coordinates>-83.691352,36.743463,0</coordinates></Point></Placemark><Placemark><name>US-1288 · State Parks trailhead: Ridgerunner</name><styleUrl>#acc_near</styleUrl><description><![CDATA[For US-1288 Pine Mountain State Park<br>parking: no<br>1.4 mi from the park GPS point<br>Source: Kentucky State Parks (kygisserver.ky.gov)<br>Nearby point (within 5 mi of the park GPS). It may be outside the park — for example on Corps of Engineers or other land. Check the official map.<br><a href="https://www.google.com/maps/search/?api=1&amp;query=36.744155,-83.738233">Open in Google Maps</a>]]></description><Point><coordinates>-83.738233,36.744155,0</coordinates></Point></Placemark><Placemark><name>US-1288 · State Parks trailhead: Lost</name><styleUrl>#acc_near</styleUrl><description><![CDATA[For US-1288 Pine Mountain State Park<br>parking: no<br>1.5 mi from the park GPS point<br>Source: Kentucky State Parks (kygisserver.ky.gov)<br>Nearby point (within 5 mi of the park GPS). It may be outside the park — for example on Corps of Engineers or other land. Check the official map.<br><a href="https://www.google.com/maps/search/?api=1&amp;query=36.736753,-83.736053">Open in Google Maps</a>]]></description><Point><coordinates>-83.736053,36.736753,0</coordinates></Point></Placemark><Placemark><name>US-1288 · State Parks trailhead: Living Stairway/Fern Garden</name><styleUrl>#acc_near</styleUrl><description><![CDATA[For US-1288 Pine Mountain State Park<br>Trail: Living Stairway; parking: yes<br>1.5 mi from the park GPS point<br>Source: Kentucky State Parks (kygisserver.ky.gov)<br>Nearby point (within 5 mi of the park GPS). It may be outside the park — for example on Corps of Engineers or other land. Check the official map.<br><a href="https://www.google.com/maps/search/?api=1&amp;query=36.739019,-83.737442">Open in Google Maps</a>]]></description><Point><coordinates>-83.737442,36.739019,0</coordinates></Point></Placemark><Placemark><name>US-1288 · State Parks trailhead: Fern Garden/Living Stairway</name><styleUrl>#acc_near</styleUrl><description><![CDATA[For US-1288 Pine Mountain State Park<br>Trail: Lost; parking: no<br>1.5 mi from the park GPS point<br>Source: Kentucky State Parks (kygisserver.ky.gov)<br>Nearby point (within 5 mi of the park GPS). It may be outside the park — for example on Corps of Engineers or other land. Check the official map.<br><a href="https://www.google.com/maps/search/?api=1&amp;query=36.737138,-83.73697">Open in Google Maps</a>]]></description><Point><coordinates>-83.73697,36.737138,0</coordinates></Point></Placemark><Placemark><name>US-1288 · State Parks trailhead: Honeymoon Falls</name><styleUrl>#acc_near</styleUrl><description><![CDATA[For US-1288 Pine Mountain State Park<br>parking: yes<br>1.6 mi from the park GPS point<br>Source: Kentucky State Parks (kygisserver.ky.gov)<br>Nearby point (within 5 mi of the park GPS). It may be outside the park — for example on Corps of Engineers or other land. Check the official map.<br><a href="https://www.google.com/maps/search/?api=1&amp;query=36.736705,-83.737228">Open in Google Maps</a>]]></description><Point><coordinates>-83.737228,36.736705,0</coordinates></Point></Placemark><Placemark><name>US-1288 · State Parks trailhead: Clear Creek Hollow</name><styleUrl>#acc_near</styleUrl><description><![CDATA[For US-1288 Pine Mountain State Park<br>parking: yes<br>1.6 mi from the park GPS point<br>Source: Kentucky State Parks (kygisserver.ky.gov)<br>Nearby point (within 5 mi of the park GPS). It may be outside the park — for example on Corps of Engineers or other land. Check the official map.<br><a href="https://www.google.com/maps/search/?api=1&amp;query=36.728242,-83.727544">Open in Google Maps</a>]]></description><Point><coordinates>-83.727544,36.728242,0</coordinates></Point></Placemark><Placemark><name>US-1288 · State Parks trailhead: Honeymoon Falls</name><styleUrl>#acc_near</styleUrl><description><![CDATA[For US-1288 Pine Mountain State Park<br>parking: yes<br>1.6 mi from the park GPS point<br>Source: Kentucky State Parks (kygisserver.ky.gov)<br>Nearby point (within 5 mi of the park GPS). It may be outside the park — for example on Corps of Engineers or other land. Check the official map.<br><a href="https://www.google.com/maps/search/?api=1&amp;query=36.738565,-83.738468">Open in Google Maps</a>]]></description><Point><coordinates>-83.738468,36.738565,0</coordinates></Point></Placemark><Placemark><name>US-1288 · State Parks trailhead: Clear Creek Hollow</name><styleUrl>#acc_near</styleUrl><description><![CDATA[For US-1288 Pine Mountain State Park<br>parking: yes<br>1.6 mi from the park GPS point<br>Source: Kentucky State Parks (kygisserver.ky.gov)<br>Nearby point (within 5 mi of the park GPS). It may be outside the park — for example on Corps of Engineers or other land. Check the official map.<br><a href="https://www.google.com/maps/search/?api=1&amp;query=36.728165,-83.727672">Open in Google Maps</a>]]></description><Point><coordinates>-83.727672,36.728165,0</coordinates></Point></Placemark><Placemark><name>US-1288 · State Parks trailhead: Hemlock Garden</name><styleUrl>#acc_near</styleUrl><description><![CDATA[For US-1288 Pine Mountain State Park<br>parking: yes<br>1.6 mi from the park GPS point<br>Source: Kentucky State Parks (kygisserver.ky.gov)<br>Nearby point (within 5 mi of the park GPS). It may be outside the park — for example on Corps of Engineers or other land. Check the official map.<br><a href="https://www.google.com/maps/search/?api=1&amp;query=36.736528,-83.7379">Open in Google Maps</a>]]></description><Point><coordinates>-83.7379,36.736528,0</coordinates></Point></Placemark><Placemark><name>US-1288 · State Parks trailhead: Honeymoon Falls</name><styleUrl>#acc_near</styleUrl><description><![CDATA[For US-1288 Pine Mountain State Park<br>parking: yes<br>1.7 mi from the park GPS point<br>Source: Kentucky State Parks (kygisserver.ky.gov)<br>Nearby point (within 5 mi of the park GPS). It may be outside the park — for example on Corps of Engineers or other land. Check the official map.<br><a href="https://www.google.com/maps/search/?api=1&amp;query=36.737895,-83.740652">Open in Google Maps</a>]]></description><Point><coordinates>-83.740652,36.737895,0</coordinates></Point></Placemark><Placemark><name>US-1288 · State Parks trailhead: Hemlock Garden</name><styleUrl>#acc_near</styleUrl><description><![CDATA[For US-1288 Pine Mountain State Park<br>parking: yes<br>1.7 mi from the park GPS point<br>Source: Kentucky State Parks (kygisserver.ky.gov)<br>Nearby point (within 5 mi of the park GPS). It may be outside the park — for example on Corps of Engineers or other land. Check the official map.<br><a href="https://www.google.com/maps/search/?api=1&amp;query=36.734249,-83.738732">Open in Google Maps</a>]]></description><Point><coordinates>-83.738732,36.734249,0</coordinates></Point></Placemark><Placemark><name>US-1288 · State Parks trailhead: Ridgerunner</name><styleUrl>#acc_near</styleUrl><description><![CDATA[For US-1288 Pine Mountain State Park<br>parking: yes<br>1.9 mi from the park GPS point<br>Source: Kentucky State Parks (kygisserver.ky.gov)<br>Nearby point (within 5 mi of the park GPS). It may be outside the park — for example on Corps of Engineers or other land. Check the official map.<br><a href="https://www.google.com/maps/search/?api=1&amp;query=36.742233,-83.745811">Open in Google Maps</a>]]></description><Point><coordinates>-83.745811,36.742233,0</coordinates></Point></Placemark><Placemark><name>US-1289 · State Parks trailhead: Lodge</name><styleUrl>#acc_near</styleUrl><description><![CDATA[For US-1289 Rough River Dam State Park<br>Trail: Marina; parking: yes<br>0.1 mi from the park GPS point<br>Source: Kentucky State Parks (kygisserver.ky.gov)<br>Nearby point (within 5 mi of the park GPS). It may be outside the park — for example on Corps of Engineers or other land. Check the official map.<br><a href="https://www.google.com/maps/search/?api=1&amp;query=37.611744,-86.503225">Open in Google Maps</a>]]></description><Point><coordinates>-86.503225,37.611744,0</coordinates></Point></Placemark><Placemark><name>US-1289 · State Parks trailhead: Mini Golf</name><styleUrl>#acc_near</styleUrl><description><![CDATA[For US-1289 Rough River Dam State Park<br>Trail: Walking; parking: no<br>0.2 mi from the park GPS point<br>Source: Kentucky State Parks (kygisserver.ky.gov)<br>Nearby point (within 5 mi of the park GPS). It may be outside the park — for example on Corps of Engineers or other land. Check the official map.<br><a href="https://www.google.com/maps/search/?api=1&amp;query=37.612477,-86.50255">Open in Google Maps</a>]]></description><Point><coordinates>-86.50255,37.612477,0</coordinates></Point></Placemark><Placemark><name>US-1289 · State Parks trailhead: Cottages</name><styleUrl>#acc_near</styleUrl><description><![CDATA[For US-1289 Rough River Dam State Park<br>Trail: Marina; parking: no<br>0.5 mi from the park GPS point<br>Source: Kentucky State Parks (kygisserver.ky.gov)<br>Nearby point (within 5 mi of the park GPS). It may be outside the park — for example on Corps of Engineers or other land. Check the official map.<br><a href="https://www.google.com/maps/search/?api=1&amp;query=37.602712,-86.507441">Open in Google Maps</a>]]></description><Point><coordinates>-86.507441,37.602712,0</coordinates></Point></Placemark><Placemark><name>US-1271 · State Parks trailhead: Wildlife Viewing Loop</name><styleUrl>#acc_near</styleUrl><description><![CDATA[For US-1271 Taylorsville Lake State Park<br>parking: yes<br>0.1 mi from the park GPS point<br>Source: Kentucky State Parks (kygisserver.ky.gov)<br>Nearby point (within 5 mi of the park GPS). It may be outside the park — for example on Corps of Engineers or other land. Check the official map.<br><a href="https://www.google.com/maps/search/?api=1&amp;query=38.029858,-85.24836">Open in Google Maps</a>]]></description><Point><coordinates>-85.24836,38.029858,0</coordinates></Point></Placemark><Placemark><name>US-1271 · State Parks trailhead: Day Use Area</name><styleUrl>#acc_near</styleUrl><description><![CDATA[For US-1271 Taylorsville Lake State Park<br>Trail: Possum Ridge Loop/Snyder Hollow; parking: yes<br>0.3 mi from the park GPS point<br>Source: Kentucky State Parks (kygisserver.ky.gov)<br>Nearby point (within 5 mi of the park GPS). It may be outside the park — for example on Corps of Engineers or other land. Check the official map.<br><a href="https://www.google.com/maps/search/?api=1&amp;query=38.031265,-85.245282">Open in Google Maps</a>]]></description><Point><coordinates>-85.245282,38.031265,0</coordinates></Point></Placemark><Placemark><name>US-1271 · State Parks trailhead: Little Beech</name><styleUrl>#acc_near</styleUrl><description><![CDATA[For US-1271 Taylorsville Lake State Park<br>parking: no<br>0.3 mi from the park GPS point<br>Source: Kentucky State Parks (kygisserver.ky.gov)<br>Nearby point (within 5 mi of the park GPS). It may be outside the park — for example on Corps of Engineers or other land. Check the official map.<br><a href="https://www.google.com/maps/search/?api=1&amp;query=38.028494,-85.255647">Open in Google Maps</a>]]></description><Point><coordinates>-85.255647,38.028494,0</coordinates></Point></Placemark><Placemark><name>US-1271 · State Parks trailhead: Snyder Hollow</name><styleUrl>#acc_near</styleUrl><description><![CDATA[For US-1271 Taylorsville Lake State Park<br>parking: yes<br>0.4 mi from the park GPS point<br>Source: Kentucky State Parks (kygisserver.ky.gov)<br>Nearby point (within 5 mi of the park GPS). It may be outside the park — for example on Corps of Engineers or other land. Check the official map.<br><a href="https://www.google.com/maps/search/?api=1&amp;query=38.032057,-85.24315">Open in Google Maps</a>]]></description><Point><coordinates>-85.24315,38.032057,0</coordinates></Point></Placemark><Placemark><name>US-1271 · State Parks trailhead: Primitive Camp Access</name><styleUrl>#acc_near</styleUrl><description><![CDATA[For US-1271 Taylorsville Lake State Park<br>Trail: Primitive Access; parking: no<br>0.4 mi from the park GPS point<br>Source: Kentucky State Parks (kygisserver.ky.gov)<br>Nearby point (within 5 mi of the park GPS). It may be outside the park — for example on Corps of Engineers or other land. Check the official map.<br><a href="https://www.google.com/maps/search/?api=1&amp;query=38.033407,-85.255926">Open in Google Maps</a>]]></description><Point><coordinates>-85.255926,38.033407,0</coordinates></Point></Placemark><Placemark><name>US-1271 · State Parks trailhead: Horse Camp Trail Access 2</name><styleUrl>#acc_near</styleUrl><description><![CDATA[For US-1271 Taylorsville Lake State Park<br>parking: no<br>0.5 mi from the park GPS point<br>Source: Kentucky State Parks (kygisserver.ky.gov)<br>Nearby point (within 5 mi of the park GPS). It may be outside the park — for example on Corps of Engineers or other land. Check the official map.<br><a href="https://www.google.com/maps/search/?api=1&amp;query=38.031832,-85.257743">Open in Google Maps</a>]]></description><Point><coordinates>-85.257743,38.031832,0</coordinates></Point></Placemark><Placemark><name>US-1271 · State Parks trailhead: Horse Camp Trail Access 1</name><styleUrl>#acc_near</styleUrl><description><![CDATA[For US-1271 Taylorsville Lake State Park<br>parking: no<br>0.5 mi from the park GPS point<br>Source: Kentucky State Parks (kygisserver.ky.gov)<br>Nearby point (within 5 mi of the park GPS). It may be outside the park — for example on Corps of Engineers or other land. Check the official map.<br><a href="https://www.google.com/maps/search/?api=1&amp;query=38.033909,-85.257949">Open in Google Maps</a>]]></description><Point><coordinates>-85.257949,38.033909,0</coordinates></Point></Placemark><Placemark><name>US-1271 · State Parks trailhead: Gazebo</name><styleUrl>#acc_near</styleUrl><description><![CDATA[For US-1271 Taylorsville Lake State Park<br>parking: no<br>0.7 mi from the park GPS point<br>Source: Kentucky State Parks (kygisserver.ky.gov)<br>Nearby point (within 5 mi of the park GPS). It may be outside the park — for example on Corps of Engineers or other land. Check the official map.<br><a href="https://www.google.com/maps/search/?api=1&amp;query=38.031269,-85.262396">Open in Google Maps</a>]]></description><Point><coordinates>-85.262396,38.031269,0</coordinates></Point></Placemark><Placemark><name>US-1271 · State Parks trailhead: Old Hill Climb</name><styleUrl>#acc_near</styleUrl><description><![CDATA[For US-1271 Taylorsville Lake State Park<br>parking: yes<br>0.8 mi from the park GPS point<br>Source: Kentucky State Parks (kygisserver.ky.gov)<br>Nearby point (within 5 mi of the park GPS). It may be outside the park — for example on Corps of Engineers or other land. Check the official map.<br><a href="https://www.google.com/maps/search/?api=1&amp;query=38.024739,-85.263458">Open in Google Maps</a>]]></description><Point><coordinates>-85.263458,38.024739,0</coordinates></Point></Placemark><Placemark><name>US-1271 · State Parks trailhead: Big Beech</name><styleUrl>#acc_near</styleUrl><description><![CDATA[For US-1271 Taylorsville Lake State Park<br>parking: no<br>0.9 mi from the park GPS point<br>Source: Kentucky State Parks (kygisserver.ky.gov)<br>Nearby point (within 5 mi of the park GPS). It may be outside the park — for example on Corps of Engineers or other land. Check the official map.<br><a href="https://www.google.com/maps/search/?api=1&amp;query=38.025206,-85.265129">Open in Google Maps</a>]]></description><Point><coordinates>-85.265129,38.025206,0</coordinates></Point></Placemark><Placemark><name>US-3786 · State Parks trailhead: Waveland Loop</name><styleUrl>#acc_near</styleUrl><description><![CDATA[For US-3786 Waveland State Historic Site<br>parking: no<br>0.0 mi from the park GPS point<br>Source: Kentucky State Parks (kygisserver.ky.gov)<br>Nearby point (within 5 mi of the park GPS). It may be outside the park — for example on Corps of Engineers or other land. Check the official map.<br><a href="https://www.google.com/maps/search/?api=1&amp;query=37.97203,-84.537668">Open in Google Maps</a>]]></description><Point><coordinates>-84.537668,37.97203,0</coordinates></Point></Placemark><Placemark><name>US-3786 · State Parks trailhead: Waveland Loop</name><styleUrl>#acc_near</styleUrl><description><![CDATA[For US-3786 Waveland State Historic Site<br>parking: no<br>0.1 mi from the park GPS point<br>Source: Kentucky State Parks (kygisserver.ky.gov)<br>Nearby point (within 5 mi of the park GPS). It may be outside the park — for example on Corps of Engineers or other land. Check the official map.<br><a href="https://www.google.com/maps/search/?api=1&amp;query=37.971717,-84.539264">Open in Google Maps</a>]]></description><Point><coordinates>-84.539264,37.971717,0</coordinates></Point></Placemark><Placemark><name>US-3788 · State Parks trailhead: Wood'S Walk</name><styleUrl>#acc_near</styleUrl><description><![CDATA[For US-3788 Wickliffe Mounds State Historic Site<br>parking: no<br>0.1 mi from the park GPS point<br>Source: Kentucky State Parks (kygisserver.ky.gov)<br>Nearby point (within 5 mi of the park GPS). It may be outside the park — for example on Corps of Engineers or other land. Check the official map.<br><a href="https://www.google.com/maps/search/?api=1&amp;query=36.971549,-89.091804">Open in Google Maps</a>]]></description><Point><coordinates>-89.091804,36.971549,0</coordinates></Point></Placemark><Placemark><name>US-1272 · State Parks trailhead: R &amp; R Trail</name><styleUrl>#acc_near</styleUrl><description><![CDATA[For US-1272 Yatesville Lake State Park<br>Trail: R &amp; R; parking: yes<br>0.1 mi from the park GPS point<br>Source: Kentucky State Parks (kygisserver.ky.gov)<br>Nearby point (within 5 mi of the park GPS). It may be outside the park — for example on Corps of Engineers or other land. Check the official map.<br><a href="https://www.google.com/maps/search/?api=1&amp;query=38.097164,-82.683605">Open in Google Maps</a>]]></description><Point><coordinates>-82.683605,38.097164,0</coordinates></Point></Placemark><Placemark><name>US-1272 · State Parks trailhead: R &amp; R Trail</name><styleUrl>#acc_near</styleUrl><description><![CDATA[For US-1272 Yatesville Lake State Park<br>Trail: R &amp; R; parking: yes<br>0.2 mi from the park GPS point<br>Source: Kentucky State Parks (kygisserver.ky.gov)<br>Nearby point (within 5 mi of the park GPS). It may be outside the park — for example on Corps of Engineers or other land. Check the official map.<br><a href="https://www.google.com/maps/search/?api=1&amp;query=38.098717,-82.683696">Open in Google Maps</a>]]></description><Point><coordinates>-82.683696,38.098717,0</coordinates></Point></Placemark><Placemark><name>US-1272 · State Parks trailhead: Wildcat Ridge Trail</name><styleUrl>#acc_near</styleUrl><description><![CDATA[For US-1272 Yatesville Lake State Park<br>Trail: Wildcat Ridge; parking: yes<br>0.2 mi from the park GPS point<br>Source: Kentucky State Parks (kygisserver.ky.gov)<br>Nearby point (within 5 mi of the park GPS). It may be outside the park — for example on Corps of Engineers or other land. Check the official map.<br><a href="https://www.google.com/maps/search/?api=1&amp;query=38.096405,-82.685782">Open in Google Maps</a>]]></description><Point><coordinates>-82.685782,38.096405,0</coordinates></Point></Placemark><Placemark><name>US-1272 · State Parks trailhead: Hike-In Sites Trail</name><styleUrl>#acc_near</styleUrl><description><![CDATA[For US-1272 Yatesville Lake State Park<br>Trail: Hike-In Sites; parking: yes<br>0.2 mi from the park GPS point<br>Source: Kentucky State Parks (kygisserver.ky.gov)<br>Nearby point (within 5 mi of the park GPS). It may be outside the park — for example on Corps of Engineers or other land. Check the official map.<br><a href="https://www.google.com/maps/search/?api=1&amp;query=38.09657,-82.685861">Open in Google Maps</a>]]></description><Point><coordinates>-82.685861,38.09657,0</coordinates></Point></Placemark><Placemark><name>US-1272 · State Parks trailhead: Haunted Trail</name><styleUrl>#acc_near</styleUrl><description><![CDATA[For US-1272 Yatesville Lake State Park<br>Trail: Haunted; parking: yes<br>0.2 mi from the park GPS point<br>Source: Kentucky State Parks (kygisserver.ky.gov)<br>Nearby point (within 5 mi of the park GPS). It may be outside the park — for example on Corps of Engineers or other land. Check the official map.<br><a href="https://www.google.com/maps/search/?api=1&amp;query=38.09938,-82.683825">Open in Google Maps</a>]]></description><Point><coordinates>-82.683825,38.09938,0</coordinates></Point></Placemark><Placemark><name>US-1272 · State Parks trailhead: Haunted Trail</name><styleUrl>#acc_near</styleUrl><description><![CDATA[For US-1272 Yatesville Lake State Park<br>Trail: Haunted; parking: yes<br>0.2 mi from the park GPS point<br>Source: Kentucky State Parks (kygisserver.ky.gov)<br>Nearby point (within 5 mi of the park GPS). It may be outside the park — for example on Corps of Engineers or other land. Check the official map.<br><a href="https://www.google.com/maps/search/?api=1&amp;query=38.099766,-82.683601">Open in Google Maps</a>]]></description><Point><coordinates>-82.683601,38.099766,0</coordinates></Point></Placemark><Placemark><name>US-1272 · State Parks trailhead: R &amp; R Trail</name><styleUrl>#acc_near</styleUrl><description><![CDATA[For US-1272 Yatesville Lake State Park<br>Trail: R &amp; R; parking: no<br>0.2 mi from the park GPS point<br>Source: Kentucky State Parks (kygisserver.ky.gov)<br>Nearby point (within 5 mi of the park GPS). It may be outside the park — for example on Corps of Engineers or other land. Check the official map.<br><a href="https://www.google.com/maps/search/?api=1&amp;query=38.097718,-82.686465">Open in Google Maps</a>]]></description><Point><coordinates>-82.686465,38.097718,0</coordinates></Point></Placemark><Placemark><name>US-1272 · State Parks trailhead: Wildcat Ridge Trail</name><styleUrl>#acc_near</styleUrl><description><![CDATA[For US-1272 Yatesville Lake State Park<br>Trail: Wildcat Ridge; parking: no<br>0.3 mi from the park GPS point<br>Source: Kentucky State Parks (kygisserver.ky.gov)<br>Nearby point (within 5 mi of the park GPS). It may be outside the park — for example on Corps of Engineers or other land. Check the official map.<br><a href="https://www.google.com/maps/search/?api=1&amp;query=38.09526,-82.686816">Open in Google Maps</a>]]></description><Point><coordinates>-82.686816,38.09526,0</coordinates></Point></Placemark><Placemark><name>US-1272 · State Parks trailhead: Haunted Trail</name><styleUrl>#acc_near</styleUrl><description><![CDATA[For US-1272 Yatesville Lake State Park<br>Trail: Haunted; parking: yes<br>0.3 mi from the park GPS point<br>Source: Kentucky State Parks (kygisserver.ky.gov)<br>Nearby point (within 5 mi of the park GPS). It may be outside the park — for example on Corps of Engineers or other land. Check the official map.<br><a href="https://www.google.com/maps/search/?api=1&amp;query=38.09828,-82.687785">Open in Google Maps</a>]]></description><Point><coordinates>-82.687785,38.09828,0</coordinates></Point></Placemark><Placemark><name>US-1272 · State Parks trailhead: Short Timer Trail</name><styleUrl>#acc_near</styleUrl><description><![CDATA[For US-1272 Yatesville Lake State Park<br>Trail: Short Timer; parking: no<br>0.3 mi from the park GPS point<br>Source: Kentucky State Parks (kygisserver.ky.gov)<br>Nearby point (within 5 mi of the park GPS). It may be outside the park — for example on Corps of Engineers or other land. Check the official map.<br><a href="https://www.google.com/maps/search/?api=1&amp;query=38.096469,-82.688394">Open in Google Maps</a>]]></description><Point><coordinates>-82.688394,38.096469,0</coordinates></Point></Placemark><Placemark><name>US-1272 · State Parks trailhead: Short Timer Trail</name><styleUrl>#acc_near</styleUrl><description><![CDATA[For US-1272 Yatesville Lake State Park<br>Trail: Short Timer; parking: no<br>0.4 mi from the park GPS point<br>Source: Kentucky State Parks (kygisserver.ky.gov)<br>Nearby point (within 5 mi of the park GPS). It may be outside the park — for example on Corps of Engineers or other land. Check the official map.<br><a href="https://www.google.com/maps/search/?api=1&amp;query=38.096222,-82.689411">Open in Google Maps</a>]]></description><Point><coordinates>-82.689411,38.096222,0</coordinates></Point></Placemark><Placemark><name>US-1272 · State Parks trailhead: Blue</name><styleUrl>#acc_near</styleUrl><description><![CDATA[For US-1272 Yatesville Lake State Park<br>parking: no<br>0.4 mi from the park GPS point<br>Source: Kentucky State Parks (kygisserver.ky.gov)<br>Nearby point (within 5 mi of the park GPS). It may be outside the park — for example on Corps of Engineers or other land. Check the official map.<br><a href="https://www.google.com/maps/search/?api=1&amp;query=38.094778,-82.689937">Open in Google Maps</a>]]></description><Point><coordinates>-82.689937,38.094778,0</coordinates></Point></Placemark><Placemark><name>US-1272 · State Parks trailhead: Haunted Trail</name><styleUrl>#acc_near</styleUrl><description><![CDATA[For US-1272 Yatesville Lake State Park<br>Trail: Haunted; parking: yes<br>0.5 mi from the park GPS point<br>Source: Kentucky State Parks (kygisserver.ky.gov)<br>Nearby point (within 5 mi of the park GPS). It may be outside the park — for example on Corps of Engineers or other land. Check the official map.<br><a href="https://www.google.com/maps/search/?api=1&amp;query=38.099206,-82.690038">Open in Google Maps</a>]]></description><Point><coordinates>-82.690038,38.099206,0</coordinates></Point></Placemark><Placemark><name>US-1272 · State Parks trailhead: Mary Ingles Trail System</name><styleUrl>#acc_near</styleUrl><description><![CDATA[For US-1272 Yatesville Lake State Park<br>parking: yes<br>1.6 mi from the park GPS point<br>Source: Kentucky State Parks (kygisserver.ky.gov)<br>Nearby point (within 5 mi of the park GPS). It may be outside the park — for example on Corps of Engineers or other land. Check the official map.<br><a href="https://www.google.com/maps/search/?api=1&amp;query=38.117262,-82.694358">Open in Google Maps</a>]]></description><Point><coordinates>-82.694358,38.117262,0</coordinates></Point></Placemark><Placemark><name>US-1272 · State Parks trailhead: Lakeside Loop</name><styleUrl>#acc_near</styleUrl><description><![CDATA[For US-1272 Yatesville Lake State Park<br>parking: yes<br>1.6 mi from the park GPS point<br>Source: Kentucky State Parks (kygisserver.ky.gov)<br>Nearby point (within 5 mi of the park GPS). It may be outside the park — for example on Corps of Engineers or other land. Check the official map.<br><a href="https://www.google.com/maps/search/?api=1&amp;query=38.117112,-82.694884">Open in Google Maps</a>]]></description><Point><coordinates>-82.694884,38.117112,0</coordinates></Point></Placemark><Placemark><name>US-1272 · State Parks trailhead: Ada Trail</name><styleUrl>#acc_near</styleUrl><description><![CDATA[For US-1272 Yatesville Lake State Park<br>Trail: Ada; parking: yes<br>1.7 mi from the park GPS point<br>Source: Kentucky State Parks (kygisserver.ky.gov)<br>Nearby point (within 5 mi of the park GPS). It may be outside the park — for example on Corps of Engineers or other land. Check the official map.<br><a href="https://www.google.com/maps/search/?api=1&amp;query=38.120281,-82.689227">Open in Google Maps</a>]]></description><Point><coordinates>-82.689227,38.120281,0</coordinates></Point></Placemark></Folder><Folder><name>Nearby access (check ownership) — USFS site</name><Placemark><name>US-3794 · USFS site: Three Forks Of Beaver</name><styleUrl>#acc_near</styleUrl><description><![CDATA[For US-3794 Beaver Creek Wildlife Management Area<br>Trailhead, capacity 25<br>0.9 mi from the park GPS point<br>Source: U.S. Forest Service (kygisserver.ky.gov)<br>Nearby point (within 5 mi of the park GPS). It may be outside the park — for example on Corps of Engineers or other land. Check the official map.<br><a href="https://www.google.com/maps/search/?api=1&amp;query=36.907071,-84.448427">Open in Google Maps</a>]]></description><Point><coordinates>-84.448427,36.907071,0</coordinates></Point></Placemark><Placemark><name>US-3794 · USFS site: Swain Ridge</name><styleUrl>#acc_near</styleUrl><description><![CDATA[For US-3794 Beaver Creek Wildlife Management Area<br>Trailhead, capacity 35<br>1.3 mi from the park GPS point<br>Source: U.S. Forest Service (kygisserver.ky.gov)<br>Nearby point (within 5 mi of the park GPS). It may be outside the park — for example on Corps of Engineers or other land. Check the official map.<br><a href="https://www.google.com/maps/search/?api=1&amp;query=36.90890848,-84.42302504">Open in Google Maps</a>]]></description><Point><coordinates>-84.42302504,36.90890848,0</coordinates></Point></Placemark><Placemark><name>US-3794 · USFS site: Bowman'S Ridge Trailhead</name><styleUrl>#acc_near</styleUrl><description><![CDATA[For US-3794 Beaver Creek Wildlife Management Area<br>Trailhead, capacity 18<br>1.8 mi from the park GPS point<br>Source: U.S. Forest Service (kygisserver.ky.gov)<br>Nearby point (within 5 mi of the park GPS). It may be outside the park — for example on Corps of Engineers or other land. Check the official map.<br><a href="https://www.google.com/maps/search/?api=1&amp;query=36.92165165,-84.42911344">Open in Google Maps</a>]]></description><Point><coordinates>-84.42911344,36.92165165,0</coordinates></Point></Placemark><Placemark><name>US-3794 · USFS site: Middle Fork</name><styleUrl>#acc_near</styleUrl><description><![CDATA[For US-3794 Beaver Creek Wildlife Management Area<br>Trailhead, capacity 20<br>2.9 mi from the park GPS point<br>Source: U.S. Forest Service (kygisserver.ky.gov)<br>Nearby point (within 5 mi of the park GPS). It may be outside the park — for example on Corps of Engineers or other land. Check the official map.<br><a href="https://www.google.com/maps/search/?api=1&amp;query=36.86467777,-84.47439516">Open in Google Maps</a>]]></description><Point><coordinates>-84.47439516,36.86467777,0</coordinates></Point></Placemark><Placemark><name>US-10107 · USFS site: Hwy 27 Sheltowee Trace</name><styleUrl>#acc_near</styleUrl><description><![CDATA[For US-10107 Big South Fork National Wild and Scenic River<br>Trailhead, capacity 25<br>2.5 mi from the park GPS point<br>Source: U.S. Forest Service (kygisserver.ky.gov)<br>Nearby point (within 5 mi of the park GPS). It may be outside the park — for example on Corps of Engineers or other land. Check the official map.<br><a href="https://www.google.com/maps/search/?api=1&amp;query=36.784947,-84.481972">Open in Google Maps</a>]]></description><Point><coordinates>-84.481972,36.784947,0</coordinates></Point></Placemark><Placemark><name>US-10107 · USFS site: Sellers Ridge Ohv Trailhead</name><styleUrl>#acc_near</styleUrl><description><![CDATA[For US-10107 Big South Fork National Wild and Scenic River<br>Trailhead, capacity 11<br>2.6 mi from the park GPS point<br>Source: U.S. Forest Service (kygisserver.ky.gov)<br>Nearby point (within 5 mi of the park GPS). It may be outside the park — for example on Corps of Engineers or other land. Check the official map.<br><a href="https://www.google.com/maps/search/?api=1&amp;query=36.75852718,-84.5031252">Open in Google Maps</a>]]></description><Point><coordinates>-84.5031252,36.75852718,0</coordinates></Point></Placemark><Placemark><name>US-10107 · USFS site: Barren Fork Heritage Trail Trailhead</name><styleUrl>#acc_near</styleUrl><description><![CDATA[For US-10107 Big South Fork National Wild and Scenic River<br>Trailhead, capacity 64<br>3.4 mi from the park GPS point<br>Source: U.S. Forest Service (kygisserver.ky.gov)<br>Nearby point (within 5 mi of the park GPS). It may be outside the park — for example on Corps of Engineers or other land. Check the official map.<br><a href="https://www.google.com/maps/search/?api=1&amp;query=36.77717,-84.46841">Open in Google Maps</a>]]></description><Point><coordinates>-84.46841,36.77717,0</coordinates></Point></Placemark><Placemark><name>US-10107 · USFS site: Panoramic Trailhead</name><styleUrl>#acc_near</styleUrl><description><![CDATA[For US-10107 Big South Fork National Wild and Scenic River<br>Trailhead, capacity 25<br>3.4 mi from the park GPS point<br>Source: U.S. Forest Service (kygisserver.ky.gov)<br>Nearby point (within 5 mi of the park GPS). It may be outside the park — for example on Corps of Engineers or other land. Check the official map.<br><a href="https://www.google.com/maps/search/?api=1&amp;query=36.840356,-84.530831">Open in Google Maps</a>]]></description><Point><coordinates>-84.530831,36.840356,0</coordinates></Point></Placemark><Placemark><name>US-10121 · USFS site: Sheltowee Trace Nrt Trailhead, 192  1193</name><styleUrl>#acc_near</styleUrl><description><![CDATA[For US-10121 Cane Creek Wildlife Management Area<br>Trailhead, capacity 25<br>0.1 mi from the park GPS point<br>Source: U.S. Forest Service (kygisserver.ky.gov)<br>Nearby point (within 5 mi of the park GPS). It may be outside the park — for example on Corps of Engineers or other land. Check the official map.<br><a href="https://www.google.com/maps/search/?api=1&amp;query=36.99738457,-84.28446083">Open in Google Maps</a>]]></description><Point><coordinates>-84.28446083,36.99738457,0</coordinates></Point></Placemark><Placemark><name>US-10121 · USFS site: Scuttlehole Trailhead</name><styleUrl>#acc_near</styleUrl><description><![CDATA[For US-10121 Cane Creek Wildlife Management Area<br>Trailhead, capacity 15<br>4.3 mi from the park GPS point<br>Source: U.S. Forest Service (kygisserver.ky.gov)<br>Nearby point (within 5 mi of the park GPS). It may be outside the park — for example on Corps of Engineers or other land. Check the official map.<br><a href="https://www.google.com/maps/search/?api=1&amp;query=36.95840348,-84.34562448">Open in Google Maps</a>]]></description><Point><coordinates>-84.34562448,36.95840348,0</coordinates></Point></Placemark><Placemark><name>US-3801 · USFS site: Osborne Bend Trailhead</name><styleUrl>#acc_near</styleUrl><description><![CDATA[For US-3801 Clifty Wilderness Area<br>Trailhead, capacity 42<br>0.5 mi from the park GPS point<br>Source: U.S. Forest Service (kygisserver.ky.gov)<br>Nearby point (within 5 mi of the park GPS). It may be outside the park — for example on Corps of Engineers or other land. Check the official map.<br><a href="https://www.google.com/maps/search/?api=1&amp;query=37.81998736,-83.575258">Open in Google Maps</a>]]></description><Point><coordinates>-83.575258,37.81998736,0</coordinates></Point></Placemark><Placemark><name>US-3801 · USFS site: Whistling Arch Parking Lot</name><styleUrl>#acc_near</styleUrl><description><![CDATA[For US-3801 Clifty Wilderness Area<br>Trailhead, capacity 25<br>1.8 mi from the park GPS point<br>Source: U.S. Forest Service (kygisserver.ky.gov)<br>Nearby point (within 5 mi of the park GPS). It may be outside the park — for example on Corps of Engineers or other land. Check the official map.<br><a href="https://www.google.com/maps/search/?api=1&amp;query=37.80692906,-83.59069927">Open in Google Maps</a>]]></description><Point><coordinates>-83.59069927,37.80692906,0</coordinates></Point></Placemark><Placemark><name>US-3801 · USFS site: Swift Camp/Rough Trail Parking Lot</name><styleUrl>#acc_near</styleUrl><description><![CDATA[For US-3801 Clifty Wilderness Area<br>Trailhead, capacity 60<br>2.0 mi from the park GPS point<br>Source: U.S. Forest Service (kygisserver.ky.gov)<br>Nearby point (within 5 mi of the park GPS). It may be outside the park — for example on Corps of Engineers or other land. Check the official map.<br><a href="https://www.google.com/maps/search/?api=1&amp;query=37.80090403,-83.58987312">Open in Google Maps</a>]]></description><Point><coordinates>-83.58987312,37.80090403,0</coordinates></Point></Placemark><Placemark><name>US-3801 · USFS site: Angel Windows Parking Lot</name><styleUrl>#acc_near</styleUrl><description><![CDATA[For US-3801 Clifty Wilderness Area<br>Trailhead, capacity 35<br>2.2 mi from the park GPS point<br>Source: U.S. Forest Service (kygisserver.ky.gov)<br>Nearby point (within 5 mi of the park GPS). It may be outside the park — for example on Corps of Engineers or other land. Check the official map.<br><a href="https://www.google.com/maps/search/?api=1&amp;query=37.798931,-83.59138607">Open in Google Maps</a>]]></description><Point><coordinates>-83.59138607,37.798931,0</coordinates></Point></Placemark><Placemark><name>US-3801 · USFS site: Bison Way Parking Lot</name><styleUrl>#acc_near</styleUrl><description><![CDATA[For US-3801 Clifty Wilderness Area<br>Trailhead, capacity 25<br>2.5 mi from the park GPS point<br>Source: U.S. Forest Service (kygisserver.ky.gov)<br>Nearby point (within 5 mi of the park GPS). It may be outside the park — for example on Corps of Engineers or other land. Check the official map.<br><a href="https://www.google.com/maps/search/?api=1&amp;query=37.83683117,-83.60973282">Open in Google Maps</a>]]></description><Point><coordinates>-83.60973282,37.83683117,0</coordinates></Point></Placemark><Placemark><name>US-3801 · USFS site: Wildcat Parking Lot</name><styleUrl>#acc_near</styleUrl><description><![CDATA[For US-3801 Clifty Wilderness Area<br>Trailhead, capacity 25<br>2.7 mi from the park GPS point<br>Source: U.S. Forest Service (kygisserver.ky.gov)<br>Nearby point (within 5 mi of the park GPS). It may be outside the park — for example on Corps of Engineers or other land. Check the official map.<br><a href="https://www.google.com/maps/search/?api=1&amp;query=37.79020955,-83.59287041">Open in Google Maps</a>]]></description><Point><coordinates>-83.59287041,37.79020955,0</coordinates></Point></Placemark><Placemark><name>US-3801 · USFS site: Rough Trail Parking Lot</name><styleUrl>#acc_near</styleUrl><description><![CDATA[For US-3801 Clifty Wilderness Area<br>Trailhead, capacity 60<br>2.8 mi from the park GPS point<br>Source: U.S. Forest Service (kygisserver.ky.gov)<br>Nearby point (within 5 mi of the park GPS). It may be outside the park — for example on Corps of Engineers or other land. Check the official map.<br><a href="https://www.google.com/maps/search/?api=1&amp;query=37.80343181,-83.61093962">Open in Google Maps</a>]]></description><Point><coordinates>-83.61093962,37.80343181,0</coordinates></Point></Placemark><Placemark><name>US-3801 · USFS site: Stanton Sheltowee Parking Lot</name><styleUrl>#acc_near</styleUrl><description><![CDATA[For US-3801 Clifty Wilderness Area<br>Trailhead, capacity 50<br>3.4 mi from the park GPS point<br>Source: U.S. Forest Service (kygisserver.ky.gov)<br>Nearby point (within 5 mi of the park GPS). It may be outside the park — for example on Corps of Engineers or other land. Check the official map.<br><a href="https://www.google.com/maps/search/?api=1&amp;query=37.82304754,-83.62814938">Open in Google Maps</a>]]></description><Point><coordinates>-83.62814938,37.82304754,0</coordinates></Point></Placemark><Placemark><name>US-3801 · USFS site: Rock Bridge Rec. Area</name><styleUrl>#acc_near</styleUrl><description><![CDATA[For US-3801 Clifty Wilderness Area<br>Trailhead, capacity 45<br>3.6 mi from the park GPS point<br>Source: U.S. Forest Service (kygisserver.ky.gov)<br>Nearby point (within 5 mi of the park GPS). It may be outside the park — for example on Corps of Engineers or other land. Check the official map.<br><a href="https://www.google.com/maps/search/?api=1&amp;query=37.77089711,-83.56678467">Open in Google Maps</a>]]></description><Point><coordinates>-83.56678467,37.77089711,0</coordinates></Point></Placemark><Placemark><name>US-3801 · USFS site: Corner Ridge Trailhead</name><styleUrl>#acc_near</styleUrl><description><![CDATA[For US-3801 Clifty Wilderness Area<br>Trailhead, capacity 15<br>4.6 mi from the park GPS point<br>Source: U.S. Forest Service (kygisserver.ky.gov)<br>Nearby point (within 5 mi of the park GPS). It may be outside the park — for example on Corps of Engineers or other land. Check the official map.<br><a href="https://www.google.com/maps/search/?api=1&amp;query=37.88649253,-83.59333158">Open in Google Maps</a>]]></description><Point><coordinates>-83.59333158,37.88649253,0</coordinates></Point></Placemark><Placemark><name>US-10146 · USFS site: S-Tree Road Sheltowee Trace</name><styleUrl>#acc_near</styleUrl><description><![CDATA[For US-10146 Mill Creek Wildlife Management Area<br>Trailhead, capacity 9<br>2.4 mi from the park GPS point<br>Source: U.S. Forest Service (kygisserver.ky.gov)<br>Nearby point (within 5 mi of the park GPS). It may be outside the park — for example on Corps of Engineers or other land. Check the official map.<br><a href="https://www.google.com/maps/search/?api=1&amp;query=37.39013405,-84.07271426">Open in Google Maps</a>]]></description><Point><coordinates>-84.07271426,37.39013405,0</coordinates></Point></Placemark><Placemark><name>US-1286 · USFS site: Pinch-Em-Tight Parking Lot</name><styleUrl>#acc_near</styleUrl><description><![CDATA[For US-1286 Natural Bridge State Park<br>Trailhead, capacity 30<br>2.7 mi from the park GPS point<br>Source: U.S. Forest Service (kygisserver.ky.gov)<br>Nearby point (within 5 mi of the park GPS). It may be outside the park — for example on Corps of Engineers or other land. Check the official map.<br><a href="https://www.google.com/maps/search/?api=1&amp;query=37.80529033,-83.65508786">Open in Google Maps</a>]]></description><Point><coordinates>-83.65508786,37.80529033,0</coordinates></Point></Placemark><Placemark><name>US-1286 · USFS site: Auxier Ridge Trailhead</name><styleUrl>#acc_near</styleUrl><description><![CDATA[For US-1286 Natural Bridge State Park<br>Trailhead, capacity 50<br>3.0 mi from the park GPS point<br>Source: U.S. Forest Service (kygisserver.ky.gov)<br>Nearby point (within 5 mi of the park GPS). It may be outside the park — for example on Corps of Engineers or other land. Check the official map.<br><a href="https://www.google.com/maps/search/?api=1&amp;query=37.81987565,-83.68086648">Open in Google Maps</a>]]></description><Point><coordinates>-83.68086648,37.81987565,0</coordinates></Point></Placemark><Placemark><name>US-1286 · USFS site: Martins Fork Parking Lot</name><styleUrl>#acc_near</styleUrl><description><![CDATA[For US-1286 Natural Bridge State Park<br>Trailhead, capacity 20<br>3.2 mi from the park GPS point<br>Source: U.S. Forest Service (kygisserver.ky.gov)<br>Nearby point (within 5 mi of the park GPS). It may be outside the park — for example on Corps of Engineers or other land. Check the official map.<br><a href="https://www.google.com/maps/search/?api=1&amp;query=37.82000624,-83.66715662">Open in Google Maps</a>]]></description><Point><coordinates>-83.66715662,37.82000624,0</coordinates></Point></Placemark><Placemark><name>US-1286 · USFS site: Stanton Sheltowee Parking Lot</name><styleUrl>#acc_near</styleUrl><description><![CDATA[For US-1286 Natural Bridge State Park<br>Trailhead, capacity 50<br>4.6 mi from the park GPS point<br>Source: U.S. Forest Service (kygisserver.ky.gov)<br>Nearby point (within 5 mi of the park GPS). It may be outside the park — for example on Corps of Engineers or other land. Check the official map.<br><a href="https://www.google.com/maps/search/?api=1&amp;query=37.82304754,-83.62814938">Open in Google Maps</a>]]></description><Point><coordinates>-83.62814938,37.82304754,0</coordinates></Point></Placemark><Placemark><name>US-1286 · USFS site: Rough Trail Parking Lot</name><styleUrl>#acc_near</styleUrl><description><![CDATA[For US-1286 Natural Bridge State Park<br>Trailhead, capacity 60<br>4.6 mi from the park GPS point<br>Source: U.S. Forest Service (kygisserver.ky.gov)<br>Nearby point (within 5 mi of the park GPS). It may be outside the park — for example on Corps of Engineers or other land. Check the official map.<br><a href="https://www.google.com/maps/search/?api=1&amp;query=37.80343181,-83.61093962">Open in Google Maps</a>]]></description><Point><coordinates>-83.61093962,37.80343181,0</coordinates></Point></Placemark><Placemark><name>US-10158 · USFS site: Glady Trailhead</name><styleUrl>#acc_near</styleUrl><description><![CDATA[For US-10158 Pioneer Weapons Wildlife Management Area<br>Trailhead, capacity 20<br>1.5 mi from the park GPS point<br>Source: U.S. Forest Service (kygisserver.ky.gov)<br>Nearby point (within 5 mi of the park GPS). It may be outside the park — for example on Corps of Engineers or other land. Check the official map.<br><a href="https://www.google.com/maps/search/?api=1&amp;query=38.03035838,-83.54936019">Open in Google Maps</a>]]></description><Point><coordinates>-83.54936019,38.03035838,0</coordinates></Point></Placemark><Placemark><name>US-10158 · USFS site: White Sulphur Ohv Trailhead</name><styleUrl>#acc_near</styleUrl><description><![CDATA[For US-10158 Pioneer Weapons Wildlife Management Area<br>Trailhead, capacity 40<br>3.4 mi from the park GPS point<br>Source: U.S. Forest Service (kygisserver.ky.gov)<br>Nearby point (within 5 mi of the park GPS). It may be outside the park — for example on Corps of Engineers or other land. Check the official map.<br><a href="https://www.google.com/maps/search/?api=1&amp;query=38.09301978,-83.58178841">Open in Google Maps</a>]]></description><Point><coordinates>-83.58178841,38.09301978,0</coordinates></Point></Placemark><Placemark><name>US-10104 · USFS site: Osborne Bend Trailhead</name><styleUrl>#acc_near</styleUrl><description><![CDATA[For US-10104 Red River National Wild and Scenic River<br>Trailhead, capacity 42<br>0.0 mi from the park GPS point<br>Source: U.S. Forest Service (kygisserver.ky.gov)<br>Nearby point (within 5 mi of the park GPS). It may be outside the park — for example on Corps of Engineers or other land. Check the official map.<br><a href="https://www.google.com/maps/search/?api=1&amp;query=37.81998736,-83.575258">Open in Google Maps</a>]]></description><Point><coordinates>-83.575258,37.81998736,0</coordinates></Point></Placemark><Placemark><name>US-10104 · USFS site: Whistling Arch Parking Lot</name><styleUrl>#acc_near</styleUrl><description><![CDATA[For US-10104 Red River National Wild and Scenic River<br>Trailhead, capacity 25<br>1.2 mi from the park GPS point<br>Source: U.S. Forest Service (kygisserver.ky.gov)<br>Nearby point (within 5 mi of the park GPS). It may be outside the park — for example on Corps of Engineers or other land. Check the official map.<br><a href="https://www.google.com/maps/search/?api=1&amp;query=37.80692906,-83.59069927">Open in Google Maps</a>]]></description><Point><coordinates>-83.59069927,37.80692906,0</coordinates></Point></Placemark><Placemark><name>US-10104 · USFS site: Swift Camp/Rough Trail Parking Lot</name><styleUrl>#acc_near</styleUrl><description><![CDATA[For US-10104 Red River National Wild and Scenic River<br>Trailhead, capacity 60<br>1.5 mi from the park GPS point<br>Source: U.S. Forest Service (kygisserver.ky.gov)<br>Nearby point (within 5 mi of the park GPS). It may be outside the park — for example on Corps of Engineers or other land. Check the official map.<br><a href="https://www.google.com/maps/search/?api=1&amp;query=37.80090403,-83.58987312">Open in Google Maps</a>]]></description><Point><coordinates>-83.58987312,37.80090403,0</coordinates></Point></Placemark><Placemark><name>US-10104 · USFS site: Angel Windows Parking Lot</name><styleUrl>#acc_near</styleUrl><description><![CDATA[For US-10104 Red River National Wild and Scenic River<br>Trailhead, capacity 35<br>1.7 mi from the park GPS point<br>Source: U.S. Forest Service (kygisserver.ky.gov)<br>Nearby point (within 5 mi of the park GPS). It may be outside the park — for example on Corps of Engineers or other land. Check the official map.<br><a href="https://www.google.com/maps/search/?api=1&amp;query=37.798931,-83.59138607">Open in Google Maps</a>]]></description><Point><coordinates>-83.59138607,37.798931,0</coordinates></Point></Placemark><Placemark><name>US-10104 · USFS site: Wildcat Parking Lot</name><styleUrl>#acc_near</styleUrl><description><![CDATA[For US-10104 Red River National Wild and Scenic River<br>Trailhead, capacity 25<br>2.3 mi from the park GPS point<br>Source: U.S. Forest Service (kygisserver.ky.gov)<br>Nearby point (within 5 mi of the park GPS). It may be outside the park — for example on Corps of Engineers or other land. Check the official map.<br><a href="https://www.google.com/maps/search/?api=1&amp;query=37.79020955,-83.59287041">Open in Google Maps</a>]]></description><Point><coordinates>-83.59287041,37.79020955,0</coordinates></Point></Placemark><Placemark><name>US-10104 · USFS site: Bison Way Parking Lot</name><styleUrl>#acc_near</styleUrl><description><![CDATA[For US-10104 Red River National Wild and Scenic River<br>Trailhead, capacity 25<br>2.3 mi from the park GPS point<br>Source: U.S. Forest Service (kygisserver.ky.gov)<br>Nearby point (within 5 mi of the park GPS). It may be outside the park — for example on Corps of Engineers or other land. Check the official map.<br><a href="https://www.google.com/maps/search/?api=1&amp;query=37.83683117,-83.60973282">Open in Google Maps</a>]]></description><Point><coordinates>-83.60973282,37.83683117,0</coordinates></Point></Placemark><Placemark><name>US-10104 · USFS site: Rough Trail Parking Lot</name><styleUrl>#acc_near</styleUrl><description><![CDATA[For US-10104 Red River National Wild and Scenic River<br>Trailhead, capacity 60<br>2.3 mi from the park GPS point<br>Source: U.S. Forest Service (kygisserver.ky.gov)<br>Nearby point (within 5 mi of the park GPS). It may be outside the park — for example on Corps of Engineers or other land. Check the official map.<br><a href="https://www.google.com/maps/search/?api=1&amp;query=37.80343181,-83.61093962">Open in Google Maps</a>]]></description><Point><coordinates>-83.61093962,37.80343181,0</coordinates></Point></Placemark><Placemark><name>US-10104 · USFS site: Stanton Sheltowee Parking Lot</name><styleUrl>#acc_near</styleUrl><description><![CDATA[For US-10104 Red River National Wild and Scenic River<br>Trailhead, capacity 50<br>2.9 mi from the park GPS point<br>Source: U.S. Forest Service (kygisserver.ky.gov)<br>Nearby point (within 5 mi of the park GPS). It may be outside the park — for example on Corps of Engineers or other land. Check the official map.<br><a href="https://www.google.com/maps/search/?api=1&amp;query=37.82304754,-83.62814938">Open in Google Maps</a>]]></description><Point><coordinates>-83.62814938,37.82304754,0</coordinates></Point></Placemark><Placemark><name>US-10104 · USFS site: Rock Bridge Rec. Area</name><styleUrl>#acc_near</styleUrl><description><![CDATA[For US-10104 Red River National Wild and Scenic River<br>Trailhead, capacity 45<br>3.4 mi from the park GPS point<br>Source: U.S. Forest Service (kygisserver.ky.gov)<br>Nearby point (within 5 mi of the park GPS). It may be outside the park — for example on Corps of Engineers or other land. Check the official map.<br><a href="https://www.google.com/maps/search/?api=1&amp;query=37.77089711,-83.56678467">Open in Google Maps</a>]]></description><Point><coordinates>-83.56678467,37.77089711,0</coordinates></Point></Placemark><Placemark><name>US-10104 · USFS site: Pinch-Em-Tight Parking Lot</name><styleUrl>#acc_near</styleUrl><description><![CDATA[For US-10104 Red River National Wild and Scenic River<br>Trailhead, capacity 30<br>4.5 mi from the park GPS point<br>Source: U.S. Forest Service (kygisserver.ky.gov)<br>Nearby point (within 5 mi of the park GPS). It may be outside the park — for example on Corps of Engineers or other land. Check the official map.<br><a href="https://www.google.com/maps/search/?api=1&amp;query=37.80529033,-83.65508786">Open in Google Maps</a>]]></description><Point><coordinates>-83.65508786,37.80529033,0</coordinates></Point></Placemark><Placemark><name>US-10104 · USFS site: Corner Ridge Trailhead</name><styleUrl>#acc_near</styleUrl><description><![CDATA[For US-10104 Red River National Wild and Scenic River<br>Trailhead, capacity 15<br>4.7 mi from the park GPS point<br>Source: U.S. Forest Service (kygisserver.ky.gov)<br>Nearby point (within 5 mi of the park GPS). It may be outside the park — for example on Corps of Engineers or other land. Check the official map.<br><a href="https://www.google.com/maps/search/?api=1&amp;query=37.88649253,-83.59333158">Open in Google Maps</a>]]></description><Point><coordinates>-83.59333158,37.88649253,0</coordinates></Point></Placemark><Placemark><name>US-10159 · USFS site: Sugar Creek Ohv Trailhead</name><styleUrl>#acc_near</styleUrl><description><![CDATA[For US-10159 Redbird Wildlife Management Area<br>Trailhead, capacity 28<br>3.2 mi from the park GPS point<br>Source: U.S. Forest Service (kygisserver.ky.gov)<br>Nearby point (within 5 mi of the park GPS). It may be outside the park — for example on Corps of Engineers or other land. Check the official map.<br><a href="https://www.google.com/maps/search/?api=1&amp;query=37.12639657,-83.48399937">Open in Google Maps</a>]]></description><Point><coordinates>-83.48399937,37.12639657,0</coordinates></Point></Placemark><Placemark><name>US-10159 · USFS site: Peabody Ohv Trailhead</name><styleUrl>#acc_near</styleUrl><description><![CDATA[For US-10159 Redbird Wildlife Management Area<br>Trailhead, capacity 196<br>3.8 mi from the park GPS point<br>Source: U.S. Forest Service (kygisserver.ky.gov)<br>Nearby point (within 5 mi of the park GPS). It may be outside the park — for example on Corps of Engineers or other land. Check the official map.<br><a href="https://www.google.com/maps/search/?api=1&amp;query=37.14360869,-83.58006022">Open in Google Maps</a>]]></description><Point><coordinates>-83.58006022,37.14360869,0</coordinates></Point></Placemark><Placemark><name>US-10106 · USFS site: Sheltowee Trace Nrt Trailhead, 192  1193</name><styleUrl>#acc_near</styleUrl><description><![CDATA[For US-10106 The Rockcastle National Wild and Scenic River<br>Trailhead, capacity 25<br>3.2 mi from the park GPS point<br>Source: U.S. Forest Service (kygisserver.ky.gov)<br>Nearby point (within 5 mi of the park GPS). It may be outside the park — for example on Corps of Engineers or other land. Check the official map.<br><a href="https://www.google.com/maps/search/?api=1&amp;query=36.99738457,-84.28446083">Open in Google Maps</a>]]></description><Point><coordinates>-84.28446083,36.99738457,0</coordinates></Point></Placemark><Placemark><name>US-10106 · USFS site: Scuttlehole Trailhead</name><styleUrl>#acc_near</styleUrl><description><![CDATA[For US-10106 The Rockcastle National Wild and Scenic River<br>Trailhead, capacity 15<br>4.9 mi from the park GPS point<br>Source: U.S. Forest Service (kygisserver.ky.gov)<br>Nearby point (within 5 mi of the park GPS). It may be outside the park — for example on Corps of Engineers or other land. Check the official map.<br><a href="https://www.google.com/maps/search/?api=1&amp;query=36.95840348,-84.34562448">Open in Google Maps</a>]]></description><Point><coordinates>-84.34562448,36.95840348,0</coordinates></Point></Placemark><Placemark><name>US-10170 · USFS site: White Sulphur Ohv Trailhead</name><styleUrl>#acc_near</styleUrl><description><![CDATA[For US-10170 Twin Knobs Campground Wildlife Management Area<br>Trailhead, capacity 40<br>4.9 mi from the park GPS point<br>Source: U.S. Forest Service (kygisserver.ky.gov)<br>Nearby point (within 5 mi of the park GPS). It may be outside the park — for example on Corps of Engineers or other land. Check the official map.<br><a href="https://www.google.com/maps/search/?api=1&amp;query=38.09301978,-83.58178841">Open in Google Maps</a>]]></description><Point><coordinates>-83.58178841,38.09301978,0</coordinates></Point></Placemark><Placemark><name>US-7964 · USFS site: Sheltowee Trace Nrt Trailhead, 192  1193</name><styleUrl>#acc_near</styleUrl><description><![CDATA[For US-7964 William H. Martin State Natural Area<br>Trailhead, capacity 25<br>3.8 mi from the park GPS point<br>Source: U.S. Forest Service (kygisserver.ky.gov)<br>Nearby point (within 5 mi of the park GPS). It may be outside the park — for example on Corps of Engineers or other land. Check the official map.<br><a href="https://www.google.com/maps/search/?api=1&amp;query=36.99738457,-84.28446083">Open in Google Maps</a>]]></description><Point><coordinates>-84.28446083,36.99738457,0</coordinates></Point></Placemark><Placemark><name>US-10171 · USFS site: Glady Trailhead</name><styleUrl>#acc_near</styleUrl><description><![CDATA[For US-10171 Zilpo Campground Wildlife Management Area<br>Trailhead, capacity 20<br>4.2 mi from the park GPS point<br>Source: U.S. Forest Service (kygisserver.ky.gov)<br>Nearby point (within 5 mi of the park GPS). It may be outside the park — for example on Corps of Engineers or other land. Check the official map.<br><a href="https://www.google.com/maps/search/?api=1&amp;query=38.03035838,-83.54936019">Open in Google Maps</a>]]></description><Point><coordinates>-83.54936019,38.03035838,0</coordinates></Point></Placemark><Placemark><name>US-10171 · USFS site: White Sulphur Ohv Trailhead</name><styleUrl>#acc_near</styleUrl><description><![CDATA[For US-10171 Zilpo Campground Wildlife Management Area<br>Trailhead, capacity 40<br>4.8 mi from the park GPS point<br>Source: U.S. Forest Service (kygisserver.ky.gov)<br>Nearby point (within 5 mi of the park GPS). It may be outside the park — for example on Corps of Engineers or other land. Check the official map.<br><a href="https://www.google.com/maps/search/?api=1&amp;query=38.09301978,-83.58178841">Open in Google Maps</a>]]></description><Point><coordinates>-83.58178841,38.09301978,0</coordinates></Point></Placemark></Folder><Folder><name>Official access — KDFWR entrance</name><Placemark><name>US-3793 · KDFWR entrance: Ballard WMA</name><styleUrl>#acc_off</styleUrl><description><![CDATA[For US-3793 Ballard Wildlife Management Area<br>Official entrance<br>0.5 mi from the park GPS point<br>Source: Kentucky Dept. of Fish &amp; Wildlife Resources (kygisserver.ky.gov)<br><a href="https://www.google.com/maps/search/?api=1&amp;query=37.18212633,-89.02707594">Open in Google Maps</a>]]></description><Point><coordinates>-89.02707594,37.18212633,0</coordinates></Point></Placemark><Placemark><name>US-3794 · KDFWR entrance: Beaver Creek WMA</name><styleUrl>#acc_off</styleUrl><description><![CDATA[For US-3794 Beaver Creek Wildlife Management Area<br>Official entrance<br>3.0 mi from the park GPS point<br>Source: Kentucky Dept. of Fish &amp; Wildlife Resources (kygisserver.ky.gov)<br><a href="https://www.google.com/maps/search/?api=1&amp;query=36.88889808,-84.49403162">Open in Google Maps</a>]]></description><Point><coordinates>-84.49403162,36.88889808,0</coordinates></Point></Placemark><Placemark><name>US-3795 · KDFWR entrance: Beechy Creek WMA</name><styleUrl>#acc_off</styleUrl><description><![CDATA[For US-3795 Beechy Creek Wildlife Management Area<br>Official entrance<br>0.2 mi from the park GPS point<br>Source: Kentucky Dept. of Fish &amp; Wildlife Resources (kygisserver.ky.gov)<br><a href="https://www.google.com/maps/search/?api=1&amp;query=36.55772885,-88.13260745">Open in Google Maps</a>]]></description><Point><coordinates>-88.13260745,36.55772885,0</coordinates></Point></Placemark><Placemark><name>US-3796 · KDFWR entrance: Big Rivers WMA and State Forest</name><styleUrl>#acc_off</styleUrl><description><![CDATA[For US-3796 Big Rivers Wildlife Management Area<br>Official entrance<br>3.0 mi from the park GPS point<br>Source: Kentucky Dept. of Fish &amp; Wildlife Resources (kygisserver.ky.gov)<br><a href="https://www.google.com/maps/search/?api=1&amp;query=37.54543957,-88.02865374">Open in Google Maps</a>]]></description><Point><coordinates>-88.02865374,37.54543957,0</coordinates></Point></Placemark><Placemark><name>US-0686 · KDFWR entrance: Big South Fork National River and Recreation Area</name><styleUrl>#acc_off</styleUrl><description><![CDATA[For US-0686 Big South Fork National Recreation Area<br>Official entrance<br>18.8 mi from the park GPS point<br>Source: Kentucky Dept. of Fish &amp; Wildlife Resources (kygisserver.ky.gov)<br><a href="https://www.google.com/maps/search/?api=1&amp;query=36.69702699,-84.48004076">Open in Google Maps</a>]]></description><Point><coordinates>-84.48004076,36.69702699,0</coordinates></Point></Placemark><Placemark><name>US-3797 · KDFWR entrance: Boatwright WMA</name><styleUrl>#acc_off</styleUrl><description><![CDATA[For US-3797 Boatwright Wildlife Management Area<br>Official entrance<br>6.7 mi from the park GPS point<br>Source: Kentucky Dept. of Fish &amp; Wildlife Resources (kygisserver.ky.gov)<br><a href="https://www.google.com/maps/search/?api=1&amp;query=37.00954718,-89.12183655">Open in Google Maps</a>]]></description><Point><coordinates>-89.12183655,37.00954718,0</coordinates></Point></Placemark><Placemark><name>US-3798 · KDFWR entrance: Buck Creek WMA</name><styleUrl>#acc_off</styleUrl><description><![CDATA[For US-3798 Buck Creek Wildlife Management Area<br>Official entrance<br>0.0 mi from the park GPS point<br>Source: Kentucky Dept. of Fish &amp; Wildlife Resources (kygisserver.ky.gov)<br><a href="https://www.google.com/maps/search/?api=1&amp;query=37.10693713,-84.40972204">Open in Google Maps</a>]]></description><Point><coordinates>-84.40972204,37.10693713,0</coordinates></Point></Placemark><Placemark><name>US-3799 · KDFWR entrance: Burchell-Beech Creek WMA</name><styleUrl>#acc_off</styleUrl><description><![CDATA[For US-3799 Burchell-Beech Wildlife Management Area<br>Official entrance<br>0.0 mi from the park GPS point<br>Source: Kentucky Dept. of Fish &amp; Wildlife Resources (kygisserver.ky.gov)<br><a href="https://www.google.com/maps/search/?api=1&amp;query=37.16866757,-83.70812125">Open in Google Maps</a>]]></description><Point><coordinates>-83.70812125,37.16866757,0</coordinates></Point></Placemark><Placemark><name>US-10121 · KDFWR entrance: Cane Creek WMA</name><styleUrl>#acc_off</styleUrl><description><![CDATA[For US-10121 Cane Creek Wildlife Management Area<br>Official entrance<br>0.0 mi from the park GPS point<br>Source: Kentucky Dept. of Fish &amp; Wildlife Resources (kygisserver.ky.gov)<br><a href="https://www.google.com/maps/search/?api=1&amp;query=36.99752256,-84.28476177">Open in Google Maps</a>]]></description><Point><coordinates>-84.28476177,36.99752256,0</coordinates></Point></Placemark><Placemark><name>US-3800 · KDFWR entrance: Cedar Creek Lake WMA</name><styleUrl>#acc_off</styleUrl><description><![CDATA[For US-3800 Cedar Creek Lake Wildlife Management Area<br>Official entrance<br>1.4 mi from the park GPS point<br>Source: Kentucky Dept. of Fish &amp; Wildlife Resources (kygisserver.ky.gov)<br><a href="https://www.google.com/maps/search/?api=1&amp;query=37.45636404,-84.54990923">Open in Google Maps</a>]]></description><Point><coordinates>-84.54990923,37.45636404,0</coordinates></Point></Placemark><Placemark><name>US-0295 · KDFWR entrance: Clarks River National Wildlife Refuge</name><styleUrl>#acc_off</styleUrl><description><![CDATA[For US-0295 Clarks River National Wildlife Refuge<br>Official entrance<br>13.6 mi from the park GPS point<br>Source: Kentucky Dept. of Fish &amp; Wildlife Resources (kygisserver.ky.gov)<br><a href="https://www.google.com/maps/search/?api=1&amp;query=36.87952691,-88.34440353">Open in Google Maps</a>]]></description><Point><coordinates>-88.34440353,36.87952691,0</coordinates></Point></Placemark><Placemark><name>US-10124 · KDFWR entrance: Clay WMA</name><styleUrl>#acc_off</styleUrl><description><![CDATA[For US-10124 Clay Wildlife Management Area<br>Official entrance<br>0.0 mi from the park GPS point<br>Source: Kentucky Dept. of Fish &amp; Wildlife Resources (kygisserver.ky.gov)<br><a href="https://www.google.com/maps/search/?api=1&amp;query=38.34108629,-83.91953835">Open in Google Maps</a>]]></description><Point><coordinates>-83.91953835,38.34108629,0</coordinates></Point></Placemark><Placemark><name>US-12974 · KDFWR entrance: Clear Creek WMA</name><styleUrl>#acc_off</styleUrl><description><![CDATA[For US-12974 Clear Creek Wildlife Management Area<br>Official entrance<br>0.0 mi from the park GPS point<br>Source: Kentucky Dept. of Fish &amp; Wildlife Resources (kygisserver.ky.gov)<br><a href="https://www.google.com/maps/search/?api=1&amp;query=37.31543182,-87.67835537">Open in Google Maps</a>]]></description><Point><coordinates>-87.67835537,37.31543182,0</coordinates></Point></Placemark><Placemark><name>US-3803 · KDFWR entrance: Coil Estate WMA</name><styleUrl>#acc_off</styleUrl><description><![CDATA[For US-3803 Coil Estate Wildlife Management Area<br>Official entrance<br>0.1 mi from the park GPS point<br>Source: Kentucky Dept. of Fish &amp; Wildlife Resources (kygisserver.ky.gov)<br><a href="https://www.google.com/maps/search/?api=1&amp;query=36.911281,-89.02354545">Open in Google Maps</a>]]></description><Point><coordinates>-89.02354545,36.911281,0</coordinates></Point></Placemark><Placemark><name>US-3804 · KDFWR entrance: Cranks Creek WMA</name><styleUrl>#acc_off</styleUrl><description><![CDATA[For US-3804 Cranks Creek Wildlife Management Area<br>Official entrance<br>0.1 mi from the park GPS point<br>Source: Kentucky Dept. of Fish &amp; Wildlife Resources (kygisserver.ky.gov)<br><a href="https://www.google.com/maps/search/?api=1&amp;query=36.7562941,-83.19716913">Open in Google Maps</a>]]></description><Point><coordinates>-83.19716913,36.7562941,0</coordinates></Point></Placemark><Placemark><name>US-3805 · KDFWR entrance: Curtis Gates Lloyd WMA</name><styleUrl>#acc_off</styleUrl><description><![CDATA[For US-3805 Curtis Gates Lloyd Wildlife Management Area<br>Official entrance<br>0.7 mi from the park GPS point<br>Source: Kentucky Dept. of Fish &amp; Wildlife Resources (kygisserver.ky.gov)<br><a href="https://www.google.com/maps/search/?api=1&amp;query=38.77310131,-84.60130602">Open in Google Maps</a>]]></description><Point><coordinates>-84.60130602,38.77310131,0</coordinates></Point></Placemark><Placemark><name>US-1278 · KDFWR entrance: Dale Hollow Lake State Resort Park </name><styleUrl>#acc_off</styleUrl><description><![CDATA[For US-1278 Dale Hollow State Park<br>Official entrance<br>1.6 mi from the park GPS point<br>Source: Kentucky Dept. of Fish &amp; Wildlife Resources (kygisserver.ky.gov)<br><a href="https://www.google.com/maps/search/?api=1&amp;query=36.66647903,-85.30034027">Open in Google Maps</a>]]></description><Point><coordinates>-85.30034027,36.66647903,0</coordinates></Point></Placemark><Placemark><name>US-4484 · KDFWR entrance: Daniel Boone National Forest</name><styleUrl>#acc_off</styleUrl><description><![CDATA[For US-4484 Daniel Boone National Forest<br>Official entrance<br>41.5 mi from the park GPS point<br>Source: Kentucky Dept. of Fish &amp; Wildlife Resources (kygisserver.ky.gov)<br><a href="https://www.google.com/maps/search/?api=1&amp;query=37.99381741,-84.21368651">Open in Google Maps</a>]]></description><Point><coordinates>-84.21368651,37.99381741,0</coordinates></Point></Placemark><Placemark><name>US-9756 · KDFWR entrance: Decker WMA</name><styleUrl>#acc_off</styleUrl><description><![CDATA[For US-9756 Decker Wildlife Management Area<br>Official entrance<br>0.3 mi from the park GPS point<br>Source: Kentucky Dept. of Fish &amp; Wildlife Resources (kygisserver.ky.gov)<br><a href="https://www.google.com/maps/search/?api=1&amp;query=38.9873802,-84.7671569">Open in Google Maps</a>]]></description><Point><coordinates>-84.7671569,38.9873802,0</coordinates></Point></Placemark><Placemark><name>US-3806 · KDFWR entrance: Dennis-Gray WMA</name><styleUrl>#acc_off</styleUrl><description><![CDATA[For US-3806 Dennis-Gray Wildlife Management Area<br>Official entrance<br>0.1 mi from the park GPS point<br>Source: Kentucky Dept. of Fish &amp; Wildlife Resources (kygisserver.ky.gov)<br><a href="https://www.google.com/maps/search/?api=1&amp;query=37.26586513,-85.15066734">Open in Google Maps</a>]]></description><Point><coordinates>-85.15066734,37.26586513,0</coordinates></Point></Placemark><Placemark><name>US-4687 · KDFWR entrance: Dewey Lake WMA</name><styleUrl>#acc_off</styleUrl><description><![CDATA[For US-4687 Dewey Lake Wildlife Management Area<br>Official entrance<br>5.1 mi from the park GPS point<br>Source: Kentucky Dept. of Fish &amp; Wildlife Resources (kygisserver.ky.gov)<br><a href="https://www.google.com/maps/search/?api=1&amp;query=37.70153132,-82.64570093">Open in Google Maps</a>]]></description><Point><coordinates>-82.64570093,37.70153132,0</coordinates></Point></Placemark><Placemark><name>US-3807 · KDFWR entrance: Dix River WMA</name><styleUrl>#acc_off</styleUrl><description><![CDATA[For US-3807 Dix River Wildlife Management Area<br>Official entrance<br>0.0 mi from the park GPS point<br>Source: Kentucky Dept. of Fish &amp; Wildlife Resources (kygisserver.ky.gov)<br><a href="https://www.google.com/maps/search/?api=1&amp;query=37.4922702,-84.50100346">Open in Google Maps</a>]]></description><Point><coordinates>-84.50100346,37.4922702,0</coordinates></Point></Placemark><Placemark><name>US-3808 · KDFWR entrance: Doug Travis WMA</name><styleUrl>#acc_off</styleUrl><description><![CDATA[For US-3808 Doug Travis Wildlife Management Area<br>Official entrance<br>0.5 mi from the park GPS point<br>Source: Kentucky Dept. of Fish &amp; Wildlife Resources (kygisserver.ky.gov)<br><a href="https://www.google.com/maps/search/?api=1&amp;query=36.80145786,-89.09329074">Open in Google Maps</a>]]></description><Point><coordinates>-89.09329074,36.80145786,0</coordinates></Point></Placemark><Placemark><name>US-3809 · KDFWR entrance: Dr. James R. Rich WMA</name><styleUrl>#acc_off</styleUrl><description><![CDATA[For US-3809 Dr. James R. Rich Wildlife Management Area<br>Official entrance<br>0.0 mi from the park GPS point<br>Source: Kentucky Dept. of Fish &amp; Wildlife Resources (kygisserver.ky.gov)<br><a href="https://www.google.com/maps/search/?api=1&amp;query=38.39446977,-84.72841218">Open in Google Maps</a>]]></description><Point><coordinates>-84.72841218,38.39446977,0</coordinates></Point></Placemark><Placemark><name>US-3810 · KDFWR entrance: Dr. Norman and Martha Adair WMA</name><styleUrl>#acc_off</styleUrl><description><![CDATA[For US-3810 Dr. Norman And Martha Adair Wildlife Management Area<br>Official entrance<br>0.0 mi from the park GPS point<br>Source: Kentucky Dept. of Fish &amp; Wildlife Resources (kygisserver.ky.gov)<br><a href="https://www.google.com/maps/search/?api=1&amp;query=38.92097747,-84.74680464">Open in Google Maps</a>]]></description><Point><coordinates>-84.74680464,38.92097747,0</coordinates></Point></Placemark><Placemark><name>US-3811 · KDFWR entrance: Ed Mabry - Laurel Gorge WMA</name><styleUrl>#acc_off</styleUrl><description><![CDATA[For US-3811 Ed Mabry-Laurel Gorge Wildlife Management Area<br>Official entrance<br>0.2 mi from the park GPS point<br>Source: Kentucky Dept. of Fish &amp; Wildlife Resources (kygisserver.ky.gov)<br><a href="https://www.google.com/maps/search/?api=1&amp;query=38.12901138,-83.18958512">Open in Google Maps</a>]]></description><Point><coordinates>-83.18958512,38.12901138,0</coordinates></Point></Placemark><Placemark><name>US-10128 · KDFWR entrance: Ferguson Creek WMA</name><styleUrl>#acc_off</styleUrl><description><![CDATA[For US-10128 Ferguson Creek Wildlife Management Area<br>Official entrance<br>1.4 mi from the park GPS point<br>Source: Kentucky Dept. of Fish &amp; Wildlife Resources (kygisserver.ky.gov)<br><a href="https://www.google.com/maps/search/?api=1&amp;query=37.14008467,-88.37013035">Open in Google Maps</a>]]></description><Point><coordinates>-88.37013035,37.14008467,0</coordinates></Point></Placemark><Placemark><name>US-1255 · KDFWR entrance: Fishtrap Lake WMA</name><styleUrl>#acc_off</styleUrl><description><![CDATA[For US-1255 Fishtrap Lake Wildlife Management Area<br>Official entrance<br>3.5 mi from the park GPS point<br>Source: Kentucky Dept. of Fish &amp; Wildlife Resources (kygisserver.ky.gov)<br><a href="https://www.google.com/maps/search/?api=1&amp;query=37.4258129,-82.41323959">Open in Google Maps</a>]]></description><Point><coordinates>-82.41323959,37.4258129,0</coordinates></Point></Placemark><Placemark><name>US-3812 · KDFWR entrance: Fleming WMA</name><styleUrl>#acc_off</styleUrl><description><![CDATA[For US-3812 Fleming Wildlife Management Area<br>Official entrance<br>0.1 mi from the park GPS point<br>Source: Kentucky Dept. of Fish &amp; Wildlife Resources (kygisserver.ky.gov)<br><a href="https://www.google.com/maps/search/?api=1&amp;query=38.43382742,-83.63287427">Open in Google Maps</a>]]></description><Point><coordinates>-83.63287427,38.43382742,0</coordinates></Point></Placemark><Placemark><name>US-10131 · KDFWR entrance: Gabbard Branch WMA</name><styleUrl>#acc_off</styleUrl><description><![CDATA[For US-10131 Gabbard Branch Wildlife Management Area<br>Official entrance<br>0.0 mi from the park GPS point<br>Source: Kentucky Dept. of Fish &amp; Wildlife Resources (kygisserver.ky.gov)<br><a href="https://www.google.com/maps/search/?api=1&amp;query=37.21861192,-86.52843789">Open in Google Maps</a>]]></description><Point><coordinates>-86.52843789,37.21861192,0</coordinates></Point></Placemark><Placemark><name>US-1259 · KDFWR entrance: Green River Lake State Park</name><styleUrl>#acc_off</styleUrl><description><![CDATA[For US-1259 Green River Lake State Park<br>Official entrance<br>1.2 mi from the park GPS point<br>Source: Kentucky Dept. of Fish &amp; Wildlife Resources (kygisserver.ky.gov)<br><a href="https://www.google.com/maps/search/?api=1&amp;query=37.27642002,-85.33878869">Open in Google Maps</a>]]></description><Point><coordinates>-85.33878869,37.27642002,0</coordinates></Point></Placemark><Placemark><name>US-7951 · KDFWR entrance: Green River State Forest</name><styleUrl>#acc_off</styleUrl><description><![CDATA[For US-7951 Green River State Forest<br>Official entrance<br>0.0 mi from the park GPS point<br>Source: Kentucky Dept. of Fish &amp; Wildlife Resources (kygisserver.ky.gov)<br><a href="https://www.google.com/maps/search/?api=1&amp;query=37.87609115,-87.47666171">Open in Google Maps</a>]]></description><Point><coordinates>-87.47666171,37.87609115,0</coordinates></Point></Placemark><Placemark><name>US-1280 · KDFWR entrance: Greenbo Lake State Resort Park</name><styleUrl>#acc_off</styleUrl><description><![CDATA[For US-1280 Greenbo Lake State Park<br>Official entrance<br>0.1 mi from the park GPS point<br>Source: Kentucky Dept. of Fish &amp; Wildlife Resources (kygisserver.ky.gov)<br><a href="https://www.google.com/maps/search/?api=1&amp;query=38.48109887,-82.87405405">Open in Google Maps</a>]]></description><Point><coordinates>-82.87405405,38.48109887,0</coordinates></Point></Placemark><Placemark><name>US-3813 · KDFWR entrance: Griffith Woods WMA</name><styleUrl>#acc_off</styleUrl><description><![CDATA[For US-3813 Griffith Woods Wildlife Management Area<br>Official entrance<br>0.2 mi from the park GPS point<br>Source: Kentucky Dept. of Fish &amp; Wildlife Resources (kygisserver.ky.gov)<br><a href="https://www.google.com/maps/search/?api=1&amp;query=38.3345736,-84.35480303">Open in Google Maps</a>]]></description><Point><coordinates>-84.35480303,38.3345736,0</coordinates></Point></Placemark><Placemark><name>US-10137 · KDFWR entrance: Harris-Dickerson WMA</name><styleUrl>#acc_off</styleUrl><description><![CDATA[For US-10137 Harris-Dickerson Wildlife Management Area<br>Official entrance<br>0.5 mi from the park GPS point<br>Source: Kentucky Dept. of Fish &amp; Wildlife Resources (kygisserver.ky.gov)<br><a href="https://www.google.com/maps/search/?api=1&amp;query=37.31829523,-87.36964354">Open in Google Maps</a>]]></description><Point><coordinates>-87.36964354,37.31829523,0</coordinates></Point></Placemark><Placemark><name>US-3814 · KDFWR entrance: Hensley-Pine Mountain WMA</name><styleUrl>#acc_off</styleUrl><description><![CDATA[For US-3814 Hensley-Pine Mountain Wildlife Management Area<br>Official entrance<br>1.4 mi from the park GPS point<br>Source: Kentucky Dept. of Fish &amp; Wildlife Resources (kygisserver.ky.gov)<br><a href="https://www.google.com/maps/search/?api=1&amp;query=37.01654413,-82.937318">Open in Google Maps</a>]]></description><Point><coordinates>-82.937318,37.01654413,0</coordinates></Point></Placemark><Placemark><name>US-3815 · KDFWR entrance: Higginson-Henry WMA</name><styleUrl>#acc_off</styleUrl><description><![CDATA[For US-3815 Higginson-Henry Wildlife Management Area<br>Official entrance<br>1.6 mi from the park GPS point<br>Source: Kentucky Dept. of Fish &amp; Wildlife Resources (kygisserver.ky.gov)<br><a href="https://www.google.com/maps/search/?api=1&amp;query=37.6279793,-87.82861655">Open in Google Maps</a>]]></description><Point><coordinates>-87.82861655,37.6279793,0</coordinates></Point></Placemark><Placemark><name>US-10139 · KDFWR entrance: Jefferson National Forest</name><styleUrl>#acc_off</styleUrl><description><![CDATA[For US-10139 Jefferson National Forest Wildlife Management Area<br>Official entrance<br>0.0 mi from the park GPS point<br>Source: Kentucky Dept. of Fish &amp; Wildlife Resources (kygisserver.ky.gov)<br><a href="https://www.google.com/maps/search/?api=1&amp;query=37.08680871,-82.73319901">Open in Google Maps</a>]]></description><Point><coordinates>-82.73319901,37.08680871,0</coordinates></Point></Placemark><Placemark><name>US-1281 · KDFWR entrance: Jenny Wiley State Resort Park</name><styleUrl>#acc_off</styleUrl><description><![CDATA[For US-1281 Jenny Wiley State Park<br>Official entrance<br>0.6 mi from the park GPS point<br>Source: Kentucky Dept. of Fish &amp; Wildlife Resources (kygisserver.ky.gov)<br><a href="https://www.google.com/maps/search/?api=1&amp;query=37.70099907,-82.73481714">Open in Google Maps</a>]]></description><Point><coordinates>-82.73481714,37.70099907,0</coordinates></Point></Placemark><Placemark><name>US-3816 · KDFWR entrance: John A. Kleber WMA</name><styleUrl>#acc_off</styleUrl><description><![CDATA[For US-3816 John A. Kleber Wildlife Management Area<br>Official entrance<br>0.0 mi from the park GPS point<br>Source: Kentucky Dept. of Fish &amp; Wildlife Resources (kygisserver.ky.gov)<br><a href="https://www.google.com/maps/search/?api=1&amp;query=38.35829136,-84.78463261">Open in Google Maps</a>]]></description><Point><coordinates>-84.78463261,38.35829136,0</coordinates></Point></Placemark><Placemark><name>US-3817 · KDFWR entrance: John C. Williams WMA</name><styleUrl>#acc_off</styleUrl><description><![CDATA[For US-3817 John C. Williams Wildlife Management Area<br>Official entrance<br>0.0 mi from the park GPS point<br>Source: Kentucky Dept. of Fish &amp; Wildlife Resources (kygisserver.ky.gov)<br><a href="https://www.google.com/maps/search/?api=1&amp;query=37.77575625,-85.68425173">Open in Google Maps</a>]]></description><Point><coordinates>-85.68425173,37.77575625,0</coordinates></Point></Placemark><Placemark><name>US-3818 · KDFWR entrance: Jones-Keeney WMA</name><styleUrl>#acc_off</styleUrl><description><![CDATA[For US-3818 Jones-Keeney Wildlife Management Area<br>Official entrance<br>0.0 mi from the park GPS point<br>Source: Kentucky Dept. of Fish &amp; Wildlife Resources (kygisserver.ky.gov)<br><a href="https://www.google.com/maps/search/?api=1&amp;query=37.14970799,-87.75992238">Open in Google Maps</a>]]></description><Point><coordinates>-87.75992238,37.14970799,0</coordinates></Point></Placemark><Placemark><name>US-3819 · KDFWR entrance: Kaler Bottoms WMA</name><styleUrl>#acc_off</styleUrl><description><![CDATA[For US-3819 Kaler Bottoms Wildlife Management Area<br>Official entrance<br>0.2 mi from the park GPS point<br>Source: Kentucky Dept. of Fish &amp; Wildlife Resources (kygisserver.ky.gov)<br><a href="https://www.google.com/maps/search/?api=1&amp;query=36.83822339,-88.52705908">Open in Google Maps</a>]]></description><Point><coordinates>-88.52705908,36.83822339,0</coordinates></Point></Placemark><Placemark><name>US-1282 · KDFWR entrance: Kenlake State Resort Park</name><styleUrl>#acc_off</styleUrl><description><![CDATA[For US-1282 Kenlake State Park<br>Official entrance<br>0.7 mi from the park GPS point<br>Source: Kentucky Dept. of Fish &amp; Wildlife Resources (kygisserver.ky.gov)<br><a href="https://www.google.com/maps/search/?api=1&amp;query=36.7702539,-88.13678168">Open in Google Maps</a>]]></description><Point><coordinates>-88.13678168,36.7702539,0</coordinates></Point></Placemark><Placemark><name>US-4688 · KDFWR entrance: Kentenia State Forest</name><styleUrl>#acc_off</styleUrl><description><![CDATA[For US-4688 Kentenia State Forest<br>Official entrance<br>0.6 mi from the park GPS point<br>Source: Kentucky Dept. of Fish &amp; Wildlife Resources (kygisserver.ky.gov)<br><a href="https://www.google.com/maps/search/?api=1&amp;query=36.92444114,-83.22687745">Open in Google Maps</a>]]></description><Point><coordinates>-83.22687745,36.92444114,0</coordinates></Point></Placemark><Placemark><name>US-10140 · KDFWR entrance: Kentucky Lake WMA</name><styleUrl>#acc_off</styleUrl><description><![CDATA[For US-10140 Kentucky Lake Wildlife Management Area<br>Official entrance<br>0.0 mi from the park GPS point<br>Source: Kentucky Dept. of Fish &amp; Wildlife Resources (kygisserver.ky.gov)<br><a href="https://www.google.com/maps/search/?api=1&amp;query=36.56329939,-88.1576531">Open in Google Maps</a>]]></description><Point><coordinates>-88.1576531,36.56329939,0</coordinates></Point></Placemark><Placemark><name>US-4689 · KDFWR entrance: Kentucky Ridge State Forest</name><styleUrl>#acc_off</styleUrl><description><![CDATA[For US-4689 Kentucky Ridge State Forest<br>Official entrance<br>1.8 mi from the park GPS point<br>Source: Kentucky Dept. of Fish &amp; Wildlife Resources (kygisserver.ky.gov)<br><a href="https://www.google.com/maps/search/?api=1&amp;query=36.67648717,-83.85264222">Open in Google Maps</a>]]></description><Point><coordinates>-83.85264222,36.67648717,0</coordinates></Point></Placemark><Placemark><name>US-10141 · KDFWR entrance: Kentucky Ridge Forest WMA</name><styleUrl>#acc_off</styleUrl><description><![CDATA[For US-10141 Kentucky Ridge Wildlife Management Area<br>Official entrance<br>0.0 mi from the park GPS point<br>Source: Kentucky Dept. of Fish &amp; Wildlife Resources (kygisserver.ky.gov)<br><a href="https://www.google.com/maps/search/?api=1&amp;query=36.77243809,-83.7707801">Open in Google Maps</a>]]></description><Point><coordinates>-83.7707801,36.77243809,0</coordinates></Point></Placemark><Placemark><name>US-3820 · KDFWR entrance: Kentucky River WMA</name><styleUrl>#acc_off</styleUrl><description><![CDATA[For US-3820 Kentucky River Wildlife Management Area<br>Official entrance<br>1.7 mi from the park GPS point<br>Source: Kentucky Dept. of Fish &amp; Wildlife Resources (kygisserver.ky.gov)<br><a href="https://www.google.com/maps/search/?api=1&amp;query=38.40913815,-84.89513644">Open in Google Maps</a>]]></description><Point><coordinates>-84.89513644,38.40913815,0</coordinates></Point></Placemark><Placemark><name>US-1261 · KDFWR entrance: Kincaid Lake State Park</name><styleUrl>#acc_off</styleUrl><description><![CDATA[For US-1261 Kincaid Lake State Park<br>Official entrance<br>1.1 mi from the park GPS point<br>Source: Kentucky Dept. of Fish &amp; Wildlife Resources (kygisserver.ky.gov)<br><a href="https://www.google.com/maps/search/?api=1&amp;query=38.71967809,-84.30045047">Open in Google Maps</a>]]></description><Point><coordinates>-84.30045047,38.71967809,0</coordinates></Point></Placemark><Placemark><name>US-4690 · KDFWR entrance: Knobs State Forest and WMA</name><styleUrl>#acc_off</styleUrl><description><![CDATA[For US-4690 Knobs State Forest<br>Official entrance<br>1.4 mi from the park GPS point<br>Source: Kentucky Dept. of Fish &amp; Wildlife Resources (kygisserver.ky.gov)<br><a href="https://www.google.com/maps/search/?api=1&amp;query=37.89027854,-85.69610133">Open in Google Maps</a>]]></description><Point><coordinates>-85.69610133,37.89027854,0</coordinates></Point></Placemark><Placemark><name>US-3821 · KDFWR entrance: L. B. Davison WMA</name><styleUrl>#acc_off</styleUrl><description><![CDATA[For US-3821 L. B. Davison Wildlife Management Area<br>Official entrance<br>0.0 mi from the park GPS point<br>Source: Kentucky Dept. of Fish &amp; Wildlife Resources (kygisserver.ky.gov)<br><a href="https://www.google.com/maps/search/?api=1&amp;query=37.55028501,-86.7126055">Open in Google Maps</a>]]></description><Point><coordinates>-86.7126055,37.55028501,0</coordinates></Point></Placemark><Placemark><name>US-3792 · KDFWR entrance: Land Between the Lakes National Recreation Area</name><styleUrl>#acc_off</styleUrl><description><![CDATA[For US-3792 Land Between the Lakes National Recreation Area<br>Official entrance<br>7.6 mi from the park GPS point<br>Source: Kentucky Dept. of Fish &amp; Wildlife Resources (kygisserver.ky.gov)<br><a href="https://www.google.com/maps/search/?api=1&amp;query=36.88675726,-88.08749684">Open in Google Maps</a>]]></description><Point><coordinates>-88.08749684,36.88675726,0</coordinates></Point></Placemark><Placemark><name>US-3822 · KDFWR entrance: Lee K. Nelson WMA</name><styleUrl>#acc_off</styleUrl><description><![CDATA[For US-3822 Lee K. Nelson Wildlife Management Area<br>Official entrance<br>0.0 mi from the park GPS point<br>Source: Kentucky Dept. of Fish &amp; Wildlife Resources (kygisserver.ky.gov)<br><a href="https://www.google.com/maps/search/?api=1&amp;query=37.50150406,-87.68641339">Open in Google Maps</a>]]></description><Point><coordinates>-87.68641339,37.50150406,0</coordinates></Point></Placemark><Placemark><name>US-3823 · KDFWR entrance: Livingston County WMA and State Natural Area</name><styleUrl>#acc_off</styleUrl><description><![CDATA[For US-3823 Livingston County Wildlife Management Area<br>Official entrance<br>1.5 mi from the park GPS point<br>Source: Kentucky Dept. of Fish &amp; Wildlife Resources (kygisserver.ky.gov)<br><a href="https://www.google.com/maps/search/?api=1&amp;query=37.33616699,-88.41726558">Open in Google Maps</a>]]></description><Point><coordinates>-88.41726558,37.33616699,0</coordinates></Point></Placemark><Placemark><name>US-3824 · KDFWR entrance: Marion County WMA and State Forest</name><styleUrl>#acc_off</styleUrl><description><![CDATA[For US-3824 Marion County Wildlife Management Area<br>Official entrance<br>0.9 mi from the park GPS point<br>Source: Kentucky Dept. of Fish &amp; Wildlife Resources (kygisserver.ky.gov)<br><a href="https://www.google.com/maps/search/?api=1&amp;query=37.54809744,-85.1209389">Open in Google Maps</a>]]></description><Point><coordinates>-85.1209389,37.54809744,0</coordinates></Point></Placemark><Placemark><name>US-7952 · KDFWR entrance: Marrowbone State Forest and WMA</name><styleUrl>#acc_off</styleUrl><description><![CDATA[For US-7952 Marrowbone State Forest<br>Official entrance<br>1.3 mi from the park GPS point<br>Source: Kentucky Dept. of Fish &amp; Wildlife Resources (kygisserver.ky.gov)<br><a href="https://www.google.com/maps/search/?api=1&amp;query=36.84787132,-85.607904">Open in Google Maps</a>]]></description><Point><coordinates>-85.607904,36.84787132,0</coordinates></Point></Placemark><Placemark><name>US-10145 · KDFWR entrance: Meadow Creek WMA</name><styleUrl>#acc_off</styleUrl><description><![CDATA[For US-10145 Meadow Creek Wildlife Management Area<br>Official entrance<br>0.0 mi from the park GPS point<br>Source: Kentucky Dept. of Fish &amp; Wildlife Resources (kygisserver.ky.gov)<br><a href="https://www.google.com/maps/search/?api=1&amp;query=36.92644888,-84.71967099">Open in Google Maps</a>]]></description><Point><coordinates>-84.71967099,36.92644888,0</coordinates></Point></Placemark><Placemark><name>US-10146 · KDFWR entrance: Mill Creek WMA</name><styleUrl>#acc_off</styleUrl><description><![CDATA[For US-10146 Mill Creek Wildlife Management Area<br>Official entrance<br>0.2 mi from the park GPS point<br>Source: Kentucky Dept. of Fish &amp; Wildlife Resources (kygisserver.ky.gov)<br><a href="https://www.google.com/maps/search/?api=1&amp;query=37.42262902,-84.06142528">Open in Google Maps</a>]]></description><Point><coordinates>-84.06142528,37.42262902,0</coordinates></Point></Placemark><Placemark><name>US-3825 · KDFWR entrance: Miller Welch-Central Kentucky WMA</name><styleUrl>#acc_off</styleUrl><description><![CDATA[For US-3825 Miller Welch Wildlife Management Area<br>Official entrance<br>0.0 mi from the park GPS point<br>Source: Kentucky Dept. of Fish &amp; Wildlife Resources (kygisserver.ky.gov)<br><a href="https://www.google.com/maps/search/?api=1&amp;query=37.63449174,-84.20066658">Open in Google Maps</a>]]></description><Point><coordinates>-84.20066658,37.63449174,0</coordinates></Point></Placemark><Placemark><name>US-10148 · KDFWR entrance: Mud Camp Creek WMA</name><styleUrl>#acc_off</styleUrl><description><![CDATA[For US-10148 Mud Camp Creek Wildlife Management Area<br>Official entrance<br>0.8 mi from the park GPS point<br>Source: Kentucky Dept. of Fish &amp; Wildlife Resources (kygisserver.ky.gov)<br><a href="https://www.google.com/maps/search/?api=1&amp;query=36.77103193,-85.51231301">Open in Google Maps</a>]]></description><Point><coordinates>-85.51231301,36.77103193,0</coordinates></Point></Placemark><Placemark><name>US-3826 · KDFWR entrance: Mullins WMA</name><styleUrl>#acc_off</styleUrl><description><![CDATA[For US-3826 Mullins Wildlife Management Area<br>Official entrance<br>0.7 mi from the park GPS point<br>Source: Kentucky Dept. of Fish &amp; Wildlife Resources (kygisserver.ky.gov)<br><a href="https://www.google.com/maps/search/?api=1&amp;query=38.81360865,-84.60821099">Open in Google Maps</a>]]></description><Point><coordinates>-84.60821099,38.81360865,0</coordinates></Point></Placemark><Placemark><name>US-3827 · KDFWR entrance: Obion Creek WMA</name><styleUrl>#acc_off</styleUrl><description><![CDATA[For US-3827 Obion Creek Wildlife Management Area<br>Official entrance<br>0.1 mi from the park GPS point<br>Source: Kentucky Dept. of Fish &amp; Wildlife Resources (kygisserver.ky.gov)<br><a href="https://www.google.com/maps/search/?api=1&amp;query=36.63167682,-89.12648173">Open in Google Maps</a>]]></description><Point><coordinates>-89.12648173,36.63167682,0</coordinates></Point></Placemark><Placemark><name>US-10153 · KDFWR entrance: Old Trace Creek WMA</name><styleUrl>#acc_off</styleUrl><description><![CDATA[For US-10153 Old Trace Creek Wildlife Management Area<br>Official entrance<br>0.0 mi from the park GPS point<br>Source: Kentucky Dept. of Fish &amp; Wildlife Resources (kygisserver.ky.gov)<br><a href="https://www.google.com/maps/search/?api=1&amp;query=38.3800799,-83.27716785">Open in Google Maps</a>]]></description><Point><coordinates>-83.27716785,38.3800799,0</coordinates></Point></Placemark><Placemark><name>US-8144 · KDFWR entrance: Otter Creek Outdoor Recreation Area</name><styleUrl>#acc_off</styleUrl><description><![CDATA[For US-8144 Otter Creek State Recreation Area<br>Official entrance<br>2.5 mi from the park GPS point<br>Source: Kentucky Dept. of Fish &amp; Wildlife Resources (kygisserver.ky.gov)<br><a href="https://www.google.com/maps/search/?api=1&amp;query=37.92468774,-86.03811451">Open in Google Maps</a>]]></description><Point><coordinates>-86.03811451,37.92468774,0</coordinates></Point></Placemark><Placemark><name>US-10155 · KDFWR entrance: Paul Van Booven WMA</name><styleUrl>#acc_off</styleUrl><description><![CDATA[For US-10155 Paul Van Booven Wildlife Management Area<br>Official entrance<br>0.0 mi from the park GPS point<br>Source: Kentucky Dept. of Fish &amp; Wildlife Resources (kygisserver.ky.gov)<br><a href="https://www.google.com/maps/search/?api=1&amp;query=37.44711725,-83.20383408">Open in Google Maps</a>]]></description><Point><coordinates>-83.20383408,37.44711725,0</coordinates></Point></Placemark><Placemark><name>US-3828 · KDFWR entrance: Peabody WMA</name><styleUrl>#acc_off</styleUrl><description><![CDATA[For US-3828 Peabody Wildlife Management Area<br>Official entrance<br>0.7 mi from the park GPS point<br>Source: Kentucky Dept. of Fish &amp; Wildlife Resources (kygisserver.ky.gov)<br><a href="https://www.google.com/maps/search/?api=1&amp;query=37.2799571,-86.90344385">Open in Google Maps</a>]]></description><Point><coordinates>-86.90344385,37.2799571,0</coordinates></Point></Placemark><Placemark><name>US-4692 · KDFWR entrance: Pennyrile State Forest</name><styleUrl>#acc_off</styleUrl><description><![CDATA[For US-4692 Pennyrile State Forest<br>Official entrance<br>1.3 mi from the park GPS point<br>Source: Kentucky Dept. of Fish &amp; Wildlife Resources (kygisserver.ky.gov)<br><a href="https://www.google.com/maps/search/?api=1&amp;query=37.05784782,-87.65369034">Open in Google Maps</a>]]></description><Point><coordinates>-87.65369034,37.05784782,0</coordinates></Point></Placemark><Placemark><name>US-10157 · KDFWR entrance: Ping-Sinking Valley WMA</name><styleUrl>#acc_off</styleUrl><description><![CDATA[For US-10157 Ping-Sinking Valley Wildlife Management Area<br>Official entrance<br>1.2 mi from the park GPS point<br>Source: Kentucky Dept. of Fish &amp; Wildlife Resources (kygisserver.ky.gov)<br><a href="https://www.google.com/maps/search/?api=1&amp;query=37.19588855,-84.38857704">Open in Google Maps</a>]]></description><Point><coordinates>-84.38857704,37.19588855,0</coordinates></Point></Placemark><Placemark><name>US-10158 · KDFWR entrance: Pioneer Weapons WMA</name><styleUrl>#acc_off</styleUrl><description><![CDATA[For US-10158 Pioneer Weapons Wildlife Management Area<br>Official entrance<br>0.0 mi from the park GPS point<br>Source: Kentucky Dept. of Fish &amp; Wildlife Resources (kygisserver.ky.gov)<br><a href="https://www.google.com/maps/search/?api=1&amp;query=38.04382793,-83.57195874">Open in Google Maps</a>]]></description><Point><coordinates>-83.57195874,38.04382793,0</coordinates></Point></Placemark><Placemark><name>US-3829 · KDFWR entrance: R. F. Tarter WMA</name><styleUrl>#acc_off</styleUrl><description><![CDATA[For US-3829 R. F. Tarter Wildlife Management Area<br>Official entrance<br>0.0 mi from the park GPS point<br>Source: Kentucky Dept. of Fish &amp; Wildlife Resources (kygisserver.ky.gov)<br><a href="https://www.google.com/maps/search/?api=1&amp;query=37.16426701,-85.07133521">Open in Google Maps</a>]]></description><Point><coordinates>-85.07133521,37.16426701,0</coordinates></Point></Placemark><Placemark><name>US-10159 · KDFWR entrance: Redbird WMA</name><styleUrl>#acc_off</styleUrl><description><![CDATA[For US-10159 Redbird Wildlife Management Area<br>Official entrance<br>0.0 mi from the park GPS point<br>Source: Kentucky Dept. of Fish &amp; Wildlife Resources (kygisserver.ky.gov)<br><a href="https://www.google.com/maps/search/?api=1&amp;query=37.10309493,-83.53406801">Open in Google Maps</a>]]></description><Point><coordinates>-83.53406801,37.10309493,0</coordinates></Point></Placemark><Placemark><name>US-0538 · KDFWR entrance: Reelfoot National Wildlife Refuge</name><styleUrl>#acc_off</styleUrl><description><![CDATA[For US-0538 Reelfoot National Wildlife Refuge<br>Official entrance<br>6.0 mi from the park GPS point<br>Source: Kentucky Dept. of Fish &amp; Wildlife Resources (kygisserver.ky.gov)<br><a href="https://www.google.com/maps/search/?api=1&amp;query=36.52283977,-89.32040578">Open in Google Maps</a>]]></description><Point><coordinates>-89.32040578,36.52283977,0</coordinates></Point></Placemark><Placemark><name>US-10160 · KDFWR entrance: Rockcastle River WMA</name><styleUrl>#acc_off</styleUrl><description><![CDATA[For US-10160 Rockcastle River Wildlife Management Area<br>Official entrance<br>0.0 mi from the park GPS point<br>Source: Kentucky Dept. of Fish &amp; Wildlife Resources (kygisserver.ky.gov)<br><a href="https://www.google.com/maps/search/?api=1&amp;query=37.11543833,-84.3509891">Open in Google Maps</a>]]></description><Point><coordinates>-84.3509891,37.11543833,0</coordinates></Point></Placemark><Placemark><name>US-10161 · KDFWR entrance: Rolling Fork WMA</name><styleUrl>#acc_off</styleUrl><description><![CDATA[For US-10161 Rolling Fork Wildlife Management Area<br>Official entrance<br>0.2 mi from the park GPS point<br>Source: Kentucky Dept. of Fish &amp; Wildlife Resources (kygisserver.ky.gov)<br><a href="https://www.google.com/maps/search/?api=1&amp;query=37.53411216,-85.55900578">Open in Google Maps</a>]]></description><Point><coordinates>-85.55900578,37.53411216,0</coordinates></Point></Placemark><Placemark><name>US-10162 · KDFWR entrance: Ross Creek WMA</name><styleUrl>#acc_off</styleUrl><description><![CDATA[For US-10162 Ross Creek Wildlife Management Area<br>Official entrance<br>0.0 mi from the park GPS point<br>Source: Kentucky Dept. of Fish &amp; Wildlife Resources (kygisserver.ky.gov)<br><a href="https://www.google.com/maps/search/?api=1&amp;query=37.60394725,-83.85710928">Open in Google Maps</a>]]></description><Point><coordinates>-83.85710928,37.60394725,0</coordinates></Point></Placemark><Placemark><name>US-10164 · KDFWR entrance: Shillalah Creek WMA</name><styleUrl>#acc_off</styleUrl><description><![CDATA[For US-10164 Shillalah Creek Wildlife Management Area<br>Official entrance<br>0.0 mi from the park GPS point<br>Source: Kentucky Dept. of Fish &amp; Wildlife Resources (kygisserver.ky.gov)<br><a href="https://www.google.com/maps/search/?api=1&amp;query=36.69806749,-83.4469672">Open in Google Maps</a>]]></description><Point><coordinates>-83.4469672,36.69806749,0</coordinates></Point></Placemark><Placemark><name>US-10167 · KDFWR entrance: Simon Kenton WMA</name><styleUrl>#acc_off</styleUrl><description><![CDATA[For US-10167 Simon Kenton Wildlife Management Area<br>Official entrance<br>0.6 mi from the park GPS point<br>Source: Kentucky Dept. of Fish &amp; Wildlife Resources (kygisserver.ky.gov)<br><a href="https://www.google.com/maps/search/?api=1&amp;query=38.61715245,-83.74246082">Open in Google Maps</a>]]></description><Point><coordinates>-83.74246082,38.61715245,0</coordinates></Point></Placemark><Placemark><name>US-3830 · KDFWR entrance: Sloughs WMA</name><styleUrl>#acc_off</styleUrl><description><![CDATA[For US-3830 Sloughs Wildlife Management Area<br>Official entrance<br>0.5 mi from the park GPS point<br>Source: Kentucky Dept. of Fish &amp; Wildlife Resources (kygisserver.ky.gov)<br><a href="https://www.google.com/maps/search/?api=1&amp;query=37.86088652,-87.77931044">Open in Google Maps</a>]]></description><Point><coordinates>-87.77931044,37.86088652,0</coordinates></Point></Placemark><Placemark><name>US-3831 · KDFWR entrance: South Shore WMA</name><styleUrl>#acc_off</styleUrl><description><![CDATA[For US-3831 South Shore Wildlife Management Area<br>Official entrance<br>0.0 mi from the park GPS point<br>Source: Kentucky Dept. of Fish &amp; Wildlife Resources (kygisserver.ky.gov)<br><a href="https://www.google.com/maps/search/?api=1&amp;query=38.73418657,-82.93599492">Open in Google Maps</a>]]></description><Point><coordinates>-82.93599492,38.73418657,0</coordinates></Point></Placemark><Placemark><name>US-10166 · KDFWR entrance: Stephens Creek WMA</name><styleUrl>#acc_off</styleUrl><description><![CDATA[For US-10166 Stephens Creek Wildlife Management Area<br>Official entrance<br>0.0 mi from the park GPS point<br>Source: Kentucky Dept. of Fish &amp; Wildlife Resources (kygisserver.ky.gov)<br><a href="https://www.google.com/maps/search/?api=1&amp;query=38.74830706,-84.97042262">Open in Google Maps</a>]]></description><Point><coordinates>-84.97042262,38.74830706,0</coordinates></Point></Placemark><Placemark><name>US-3832 · KDFWR entrance: Stone Mountain WMA and State Natural Area</name><styleUrl>#acc_off</styleUrl><description><![CDATA[For US-3832 Stone Mountain Wildlife Management Area<br>Official entrance<br>0.5 mi from the park GPS point<br>Source: Kentucky Dept. of Fish &amp; Wildlife Resources (kygisserver.ky.gov)<br><a href="https://www.google.com/maps/search/?api=1&amp;query=36.76138048,-83.13831403">Open in Google Maps</a>]]></description><Point><coordinates>-83.13831403,36.76138048,0</coordinates></Point></Placemark><Placemark><name>US-10168 · KDFWR entrance: Sunnybrook WMA</name><styleUrl>#acc_off</styleUrl><description><![CDATA[For US-10168 Sunny Brook Wildlife Management Area<br>Official entrance<br>0.1 mi from the park GPS point<br>Source: Kentucky Dept. of Fish &amp; Wildlife Resources (kygisserver.ky.gov)<br><a href="https://www.google.com/maps/search/?api=1&amp;query=38.22310184,-83.38143474">Open in Google Maps</a>]]></description><Point><coordinates>-83.38143474,38.22310184,0</coordinates></Point></Placemark><Placemark><name>US-3833 · KDFWR entrance: T. N. Sullivan WMA</name><styleUrl>#acc_off</styleUrl><description><![CDATA[For US-3833 T. N. Sullivan Wildlife Management Area<br>Official entrance<br>0.4 mi from the park GPS point<br>Source: Kentucky Dept. of Fish &amp; Wildlife Resources (kygisserver.ky.gov)<br><a href="https://www.google.com/maps/search/?api=1&amp;query=38.28016664,-84.83078346">Open in Google Maps</a>]]></description><Point><coordinates>-84.83078346,38.28016664,0</coordinates></Point></Placemark><Placemark><name>US-3834 · KDFWR entrance: Tradewater WMA</name><styleUrl>#acc_off</styleUrl><description><![CDATA[For US-3834 Tradewater Wildlife Management Area<br>Official entrance<br>0.3 mi from the park GPS point<br>Source: Kentucky Dept. of Fish &amp; Wildlife Resources (kygisserver.ky.gov)<br><a href="https://www.google.com/maps/search/?api=1&amp;query=37.14695719,-87.67137692">Open in Google Maps</a>]]></description><Point><coordinates>-87.67137692,37.14695719,0</coordinates></Point></Placemark><Placemark><name>US-3835 · KDFWR entrance: Twin Eagle WMA</name><styleUrl>#acc_off</styleUrl><description><![CDATA[For US-3835 Twin Eagle Wildlife Management Area<br>Official entrance<br>0.1 mi from the park GPS point<br>Source: Kentucky Dept. of Fish &amp; Wildlife Resources (kygisserver.ky.gov)<br><a href="https://www.google.com/maps/search/?api=1&amp;query=38.57483739,-85.0328347">Open in Google Maps</a>]]></description><Point><coordinates>-85.0328347,38.57483739,0</coordinates></Point></Placemark><Placemark><name>US-10170 · KDFWR entrance: Twin Knobs Campground</name><styleUrl>#acc_off</styleUrl><description><![CDATA[For US-10170 Twin Knobs Campground Wildlife Management Area<br>Official entrance<br>0.0 mi from the park GPS point<br>Source: Kentucky Dept. of Fish &amp; Wildlife Resources (kygisserver.ky.gov)<br><a href="https://www.google.com/maps/search/?api=1&amp;query=38.09590921,-83.49118242">Open in Google Maps</a>]]></description><Point><coordinates>-83.49118242,38.09590921,0</coordinates></Point></Placemark><Placemark><name>US-4693 · KDFWR entrance: Tygarts State Forest</name><styleUrl>#acc_off</styleUrl><description><![CDATA[For US-4693 Tygarts State Forest<br>Official entrance<br>0.4 mi from the park GPS point<br>Source: Kentucky Dept. of Fish &amp; Wildlife Resources (kygisserver.ky.gov)<br><a href="https://www.google.com/maps/search/?api=1&amp;query=38.38607856,-83.15651656">Open in Google Maps</a>]]></description><Point><coordinates>-83.15651656,38.38607856,0</coordinates></Point></Placemark><Placemark><name>US-3836 · KDFWR entrance: Veterans Memorial WMA</name><styleUrl>#acc_off</styleUrl><description><![CDATA[For US-3836 Veterans Memorial Wildlife Management Area<br>Official entrance<br>0.0 mi from the park GPS point<br>Source: Kentucky Dept. of Fish &amp; Wildlife Resources (kygisserver.ky.gov)<br><a href="https://www.google.com/maps/search/?api=1&amp;query=38.30380822,-84.55695833">Open in Google Maps</a>]]></description><Point><coordinates>-84.55695833,38.30380822,0</coordinates></Point></Placemark><Placemark><name>US-3837 · KDFWR entrance: West Kentucky WMA</name><styleUrl>#acc_off</styleUrl><description><![CDATA[For US-3837 West Kentucky Wildlife Management Area<br>Official entrance<br>1.0 mi from the park GPS point<br>Source: Kentucky Dept. of Fish &amp; Wildlife Resources (kygisserver.ky.gov)<br><a href="https://www.google.com/maps/search/?api=1&amp;query=37.13324435,-88.81393813">Open in Google Maps</a>]]></description><Point><coordinates>-88.81393813,37.13324435,0</coordinates></Point></Placemark><Placemark><name>US-3838 · KDFWR entrance: Winford WMA</name><styleUrl>#acc_off</styleUrl><description><![CDATA[For US-3838 Winford Wildlife Management Area<br>Official entrance<br>0.0 mi from the park GPS point<br>Source: Kentucky Dept. of Fish &amp; Wildlife Resources (kygisserver.ky.gov)<br><a href="https://www.google.com/maps/search/?api=1&amp;query=36.92722468,-89.06009492">Open in Google Maps</a>]]></description><Point><coordinates>-89.06009492,36.92722468,0</coordinates></Point></Placemark><Placemark><name>US-1272 · KDFWR entrance: Yatesville Lake State Park and Lawrence County Recreation Area</name><styleUrl>#acc_off</styleUrl><description><![CDATA[For US-1272 Yatesville Lake State Park<br>Official entrance<br>0.0 mi from the park GPS point<br>Source: Kentucky Dept. of Fish &amp; Wildlife Resources (kygisserver.ky.gov)<br><a href="https://www.google.com/maps/search/?api=1&amp;query=38.09639108,-82.68224061">Open in Google Maps</a>]]></description><Point><coordinates>-82.68224061,38.09639108,0</coordinates></Point></Placemark><Placemark><name>US-3839 · KDFWR entrance: Yatesville Lake WMA</name><styleUrl>#acc_off</styleUrl><description><![CDATA[For US-3839 Yatesville Lake Wildlife Management Area<br>Official entrance<br>1.8 mi from the park GPS point<br>Source: Kentucky Dept. of Fish &amp; Wildlife Resources (kygisserver.ky.gov)<br><a href="https://www.google.com/maps/search/?api=1&amp;query=38.1080632,-82.74611739">Open in Google Maps</a>]]></description><Point><coordinates>-82.74611739,38.1080632,0</coordinates></Point></Placemark><Placemark><name>US-10171 · KDFWR entrance: Zilpo Campground</name><styleUrl>#acc_off</styleUrl><description><![CDATA[For US-10171 Zilpo Campground Wildlife Management Area<br>Official entrance<br>0.0 mi from the park GPS point<br>Source: Kentucky Dept. of Fish &amp; Wildlife Resources (kygisserver.ky.gov)<br><a href="https://www.google.com/maps/search/?api=1&amp;query=38.07480701,-83.49721345">Open in Google Maps</a>]]></description><Point><coordinates>-83.49721345,38.07480701,0</coordinates></Point></Placemark></Folder><Folder><name>Official access — NPS parking lot</name><Placemark><name>US-0724 · NPS parking lot: NPS parking lot</name><styleUrl>#acc_off</styleUrl><description><![CDATA[For US-0724 Abraham Lincoln Birthplace National Historic Site<br>ABLI official lot<br>0.0 mi from the park GPS point<br>Source: National Park Service public parking lots<br><a href="https://www.google.com/maps/search/?api=1&amp;query=37.61125670611904,-85.63780883611072">Open in Google Maps</a>]]></description><Point><coordinates>-85.63780883611072,37.61125670611904,0</coordinates></Point></Placemark><Placemark><name>US-0724 · NPS parking lot: NPS parking lot</name><styleUrl>#acc_off</styleUrl><description><![CDATA[For US-0724 Abraham Lincoln Birthplace National Historic Site<br>ABLI official lot<br>7.5 mi from the park GPS point<br>Source: National Park Service public parking lots<br><a href="https://www.google.com/maps/search/?api=1&amp;query=37.5331344475321,-85.73187554561999">Open in Google Maps</a>]]></description><Point><coordinates>-85.73187554561999,37.5331344475321,0</coordinates></Point></Placemark><Placemark><name>US-0724 · NPS parking lot: NPS parking lot</name><styleUrl>#acc_off</styleUrl><description><![CDATA[For US-0724 Abraham Lincoln Birthplace National Historic Site<br>ABLI official lot<br>7.7 mi from the park GPS point<br>Source: National Park Service public parking lots<br><a href="https://www.google.com/maps/search/?api=1&amp;query=37.5303235788329,-85.73462140878097">Open in Google Maps</a>]]></description><Point><coordinates>-85.73462140878097,37.5303235788329,0</coordinates></Point></Placemark><Placemark><name>US-0724 · NPS parking lot: NPS parking lot</name><styleUrl>#acc_off</styleUrl><description><![CDATA[For US-0724 Abraham Lincoln Birthplace National Historic Site<br>ABLI official lot<br>7.7 mi from the park GPS point<br>Source: National Park Service public parking lots<br><a href="https://www.google.com/maps/search/?api=1&amp;query=37.530353494148734,-85.73468110043264">Open in Google Maps</a>]]></description><Point><coordinates>-85.73468110043264,37.530353494148734,0</coordinates></Point></Placemark><Placemark><name>US-0724 · NPS parking lot: NPS parking lot</name><styleUrl>#acc_off</styleUrl><description><![CDATA[For US-0724 Abraham Lincoln Birthplace National Historic Site<br>ABLI official lot<br>7.8 mi from the park GPS point<br>Source: National Park Service public parking lots<br><a href="https://www.google.com/maps/search/?api=1&amp;query=37.53063650110916,-85.73557540688829">Open in Google Maps</a>]]></description><Point><coordinates>-85.73557540688829,37.53063650110916,0</coordinates></Point></Placemark><Placemark><name>US-0724 · NPS parking lot: NPS parking lot</name><styleUrl>#acc_off</styleUrl><description><![CDATA[For US-0724 Abraham Lincoln Birthplace National Historic Site<br>ABLI official lot<br>7.8 mi from the park GPS point<br>Source: National Park Service public parking lots<br><a href="https://www.google.com/maps/search/?api=1&amp;query=37.530459623207136,-85.7359650240526">Open in Google Maps</a>]]></description><Point><coordinates>-85.7359650240526,37.530459623207136,0</coordinates></Point></Placemark><Placemark><name>US-0686 · NPS parking lot: NPS parking lot</name><styleUrl>#acc_off</styleUrl><description><![CDATA[For US-0686 Big South Fork National Recreation Area<br>BISO official lot<br>0.0 mi from the park GPS point<br>Source: National Park Service public parking lots<br><a href="https://www.google.com/maps/search/?api=1&amp;query=36.48792681515097,-84.69697354728204">Open in Google Maps</a>]]></description><Point><coordinates>-84.69697354728204,36.48792681515097,0</coordinates></Point></Placemark><Placemark><name>US-0686 · NPS parking lot: NPS parking lot</name><styleUrl>#acc_off</styleUrl><description><![CDATA[For US-0686 Big South Fork National Recreation Area<br>BISO official lot<br>0.0 mi from the park GPS point<br>Source: National Park Service public parking lots<br><a href="https://www.google.com/maps/search/?api=1&amp;query=36.48903603419125,-84.69730078721577">Open in Google Maps</a>]]></description><Point><coordinates>-84.69730078721577,36.48903603419125,0</coordinates></Point></Placemark><Placemark><name>US-0686 · NPS parking lot: NPS parking lot</name><styleUrl>#acc_off</styleUrl><description><![CDATA[For US-0686 Big South Fork National Recreation Area<br>BISO official lot<br>0.1 mi from the park GPS point<br>Source: National Park Service public parking lots<br><a href="https://www.google.com/maps/search/?api=1&amp;query=36.4878319119095,-84.6979179666412">Open in Google Maps</a>]]></description><Point><coordinates>-84.6979179666412,36.4878319119095,0</coordinates></Point></Placemark><Placemark><name>US-0686 · NPS parking lot: NPS parking lot</name><styleUrl>#acc_off</styleUrl><description><![CDATA[For US-0686 Big South Fork National Recreation Area<br>BISO official lot<br>0.1 mi from the park GPS point<br>Source: National Park Service public parking lots<br><a href="https://www.google.com/maps/search/?api=1&amp;query=36.489272289679114,-84.69756150181423">Open in Google Maps</a>]]></description><Point><coordinates>-84.69756150181423,36.489272289679114,0</coordinates></Point></Placemark><Placemark><name>US-0686 · NPS parking lot: NPS parking lot</name><styleUrl>#acc_off</styleUrl><description><![CDATA[For US-0686 Big South Fork National Recreation Area<br>BISO official lot<br>0.1 mi from the park GPS point<br>Source: National Park Service public parking lots<br><a href="https://www.google.com/maps/search/?api=1&amp;query=36.48748103623265,-84.69829292998159">Open in Google Maps</a>]]></description><Point><coordinates>-84.69829292998159,36.48748103623265,0</coordinates></Point></Placemark><Placemark><name>US-0686 · NPS parking lot: NPS parking lot</name><styleUrl>#acc_off</styleUrl><description><![CDATA[For US-0686 Big South Fork National Recreation Area<br>BISO official lot<br>0.1 mi from the park GPS point<br>Source: National Park Service public parking lots<br><a href="https://www.google.com/maps/search/?api=1&amp;query=36.48770652955109,-84.69562102033734">Open in Google Maps</a>]]></description><Point><coordinates>-84.69562102033734,36.48770652955109,0</coordinates></Point></Placemark><Placemark><name>US-0686 · NPS parking lot: NPS parking lot</name><styleUrl>#acc_off</styleUrl><description><![CDATA[For US-0686 Big South Fork National Recreation Area<br>BISO official lot<br>0.1 mi from the park GPS point<br>Source: National Park Service public parking lots<br><a href="https://www.google.com/maps/search/?api=1&amp;query=36.487791777471315,-84.69863881586737">Open in Google Maps</a>]]></description><Point><coordinates>-84.69863881586737,36.487791777471315,0</coordinates></Point></Placemark><Placemark><name>US-0686 · NPS parking lot: NPS parking lot</name><styleUrl>#acc_off</styleUrl><description><![CDATA[For US-0686 Big South Fork National Recreation Area<br>BISO official lot<br>0.1 mi from the park GPS point<br>Source: National Park Service public parking lots<br><a href="https://www.google.com/maps/search/?api=1&amp;query=36.48705256191637,-84.69831625526955">Open in Google Maps</a>]]></description><Point><coordinates>-84.69831625526955,36.48705256191637,0</coordinates></Point></Placemark><Placemark><name>US-0686 · NPS parking lot: NPS parking lot</name><styleUrl>#acc_off</styleUrl><description><![CDATA[For US-0686 Big South Fork National Recreation Area<br>BISO official lot<br>0.1 mi from the park GPS point<br>Source: National Park Service public parking lots<br><a href="https://www.google.com/maps/search/?api=1&amp;query=36.4889580884678,-84.69510132039031">Open in Google Maps</a>]]></description><Point><coordinates>-84.69510132039031,36.4889580884678,0</coordinates></Point></Placemark><Placemark><name>US-0686 · NPS parking lot: NPS parking lot</name><styleUrl>#acc_off</styleUrl><description><![CDATA[For US-0686 Big South Fork National Recreation Area<br>BISO official lot<br>0.1 mi from the park GPS point<br>Source: National Park Service public parking lots<br><a href="https://www.google.com/maps/search/?api=1&amp;query=36.48999114344602,-84.69807692463878">Open in Google Maps</a>]]></description><Point><coordinates>-84.69807692463878,36.48999114344602,0</coordinates></Point></Placemark><Placemark><name>US-0686 · NPS parking lot: NPS parking lot</name><styleUrl>#acc_off</styleUrl><description><![CDATA[For US-0686 Big South Fork National Recreation Area<br>BISO official lot<br>0.1 mi from the park GPS point<br>Source: National Park Service public parking lots<br><a href="https://www.google.com/maps/search/?api=1&amp;query=36.4868298532294,-84.69820650648487">Open in Google Maps</a>]]></description><Point><coordinates>-84.69820650648487,36.4868298532294,0</coordinates></Point></Placemark><Placemark><name>US-0686 · NPS parking lot: NPS parking lot</name><styleUrl>#acc_off</styleUrl><description><![CDATA[For US-0686 Big South Fork National Recreation Area<br>BISO official lot<br>0.1 mi from the park GPS point<br>Source: National Park Service public parking lots<br><a href="https://www.google.com/maps/search/?api=1&amp;query=36.49006712597889,-84.69601976875097">Open in Google Maps</a>]]></description><Point><coordinates>-84.69601976875097,36.49006712597889,0</coordinates></Point></Placemark><Placemark><name>US-0686 · NPS parking lot: NPS parking lot</name><styleUrl>#acc_off</styleUrl><description><![CDATA[For US-0686 Big South Fork National Recreation Area<br>BISO official lot<br>0.2 mi from the park GPS point<br>Source: National Park Service public parking lots<br><a href="https://www.google.com/maps/search/?api=1&amp;query=36.487082417126786,-84.69401636030985">Open in Google Maps</a>]]></description><Point><coordinates>-84.69401636030985,36.487082417126786,0</coordinates></Point></Placemark><Placemark><name>US-0686 · NPS parking lot: NPS parking lot</name><styleUrl>#acc_off</styleUrl><description><![CDATA[For US-0686 Big South Fork National Recreation Area<br>BISO official lot<br>0.2 mi from the park GPS point<br>Source: National Park Service public parking lots<br><a href="https://www.google.com/maps/search/?api=1&amp;query=36.487265554279226,-84.69386755019794">Open in Google Maps</a>]]></description><Point><coordinates>-84.69386755019794,36.487265554279226,0</coordinates></Point></Placemark><Placemark><name>US-0686 · NPS parking lot: NPS parking lot</name><styleUrl>#acc_off</styleUrl><description><![CDATA[For US-0686 Big South Fork National Recreation Area<br>BISO official lot<br>0.2 mi from the park GPS point<br>Source: National Park Service public parking lots<br><a href="https://www.google.com/maps/search/?api=1&amp;query=36.48960529254693,-84.69381676392483">Open in Google Maps</a>]]></description><Point><coordinates>-84.69381676392483,36.48960529254693,0</coordinates></Point></Placemark><Placemark><name>US-0686 · NPS parking lot: NPS parking lot</name><styleUrl>#acc_off</styleUrl><description><![CDATA[For US-0686 Big South Fork National Recreation Area<br>BISO official lot<br>0.2 mi from the park GPS point<br>Source: National Park Service public parking lots<br><a href="https://www.google.com/maps/search/?api=1&amp;query=36.48969526593768,-84.69360929029777">Open in Google Maps</a>]]></description><Point><coordinates>-84.69360929029777,36.48969526593768,0</coordinates></Point></Placemark><Placemark><name>US-0686 · NPS parking lot: NPS parking lot</name><styleUrl>#acc_off</styleUrl><description><![CDATA[For US-0686 Big South Fork National Recreation Area<br>BISO official lot<br>0.2 mi from the park GPS point<br>Source: National Park Service public parking lots<br><a href="https://www.google.com/maps/search/?api=1&amp;query=36.48972339126077,-84.70066972296019">Open in Google Maps</a>]]></description><Point><coordinates>-84.70066972296019,36.48972339126077,0</coordinates></Point></Placemark><Placemark><name>US-0686 · NPS parking lot: NPS parking lot</name><styleUrl>#acc_off</styleUrl><description><![CDATA[For US-0686 Big South Fork National Recreation Area<br>BISO official lot<br>0.2 mi from the park GPS point<br>Source: National Park Service public parking lots<br><a href="https://www.google.com/maps/search/?api=1&amp;query=36.490954131771645,-84.6997926920077">Open in Google Maps</a>]]></description><Point><coordinates>-84.6997926920077,36.490954131771645,0</coordinates></Point></Placemark><Placemark><name>US-0686 · NPS parking lot: NPS parking lot</name><styleUrl>#acc_off</styleUrl><description><![CDATA[For US-0686 Big South Fork National Recreation Area<br>BISO official lot<br>0.3 mi from the park GPS point<br>Source: National Park Service public parking lots<br><a href="https://www.google.com/maps/search/?api=1&amp;query=36.489126713100575,-84.7018120231955">Open in Google Maps</a>]]></description><Point><coordinates>-84.7018120231955,36.489126713100575,0</coordinates></Point></Placemark><Placemark><name>US-0686 · NPS parking lot: NPS parking lot</name><styleUrl>#acc_off</styleUrl><description><![CDATA[For US-0686 Big South Fork National Recreation Area<br>BISO official lot<br>0.3 mi from the park GPS point<br>Source: National Park Service public parking lots<br><a href="https://www.google.com/maps/search/?api=1&amp;query=36.49016599253328,-84.70156431165219">Open in Google Maps</a>]]></description><Point><coordinates>-84.70156431165219,36.49016599253328,0</coordinates></Point></Placemark><Placemark><name>US-0686 · NPS parking lot: NPS parking lot</name><styleUrl>#acc_off</styleUrl><description><![CDATA[For US-0686 Big South Fork National Recreation Area<br>BISO official lot<br>0.4 mi from the park GPS point<br>Source: National Park Service public parking lots<br><a href="https://www.google.com/maps/search/?api=1&amp;query=36.49344955252354,-84.699752977747">Open in Google Maps</a>]]></description><Point><coordinates>-84.699752977747,36.49344955252354,0</coordinates></Point></Placemark><Placemark><name>US-0686 · NPS parking lot: NPS parking lot</name><styleUrl>#acc_off</styleUrl><description><![CDATA[For US-0686 Big South Fork National Recreation Area<br>BISO official lot<br>0.4 mi from the park GPS point<br>Source: National Park Service public parking lots<br><a href="https://www.google.com/maps/search/?api=1&amp;query=36.49362585268642,-84.70006291630561">Open in Google Maps</a>]]></description><Point><coordinates>-84.70006291630561,36.49362585268642,0</coordinates></Point></Placemark><Placemark><name>US-0686 · NPS parking lot: NPS parking lot</name><styleUrl>#acc_off</styleUrl><description><![CDATA[For US-0686 Big South Fork National Recreation Area<br>BISO official lot<br>1.8 mi from the park GPS point<br>Source: National Park Service public parking lots<br><a href="https://www.google.com/maps/search/?api=1&amp;query=36.47744410120798,-84.66747409972412">Open in Google Maps</a>]]></description><Point><coordinates>-84.66747409972412,36.47744410120798,0</coordinates></Point></Placemark><Placemark><name>US-0686 · NPS parking lot: NPS parking lot</name><styleUrl>#acc_off</styleUrl><description><![CDATA[For US-0686 Big South Fork National Recreation Area<br>BISO official lot<br>2.4 mi from the park GPS point<br>Source: National Park Service public parking lots<br><a href="https://www.google.com/maps/search/?api=1&amp;query=36.469324381934,-84.66198747811637">Open in Google Maps</a>]]></description><Point><coordinates>-84.66198747811637,36.469324381934,0</coordinates></Point></Placemark><Placemark><name>US-0686 · NPS parking lot: NPS parking lot</name><styleUrl>#acc_off</styleUrl><description><![CDATA[For US-0686 Big South Fork National Recreation Area<br>BISO official lot<br>2.5 mi from the park GPS point<br>Source: National Park Service public parking lots<br><a href="https://www.google.com/maps/search/?api=1&amp;query=36.47260867436195,-84.65668580542267">Open in Google Maps</a>]]></description><Point><coordinates>-84.65668580542267,36.47260867436195,0</coordinates></Point></Placemark><Placemark><name>US-0686 · NPS parking lot: NPS parking lot</name><styleUrl>#acc_off</styleUrl><description><![CDATA[For US-0686 Big South Fork National Recreation Area<br>BISO official lot<br>2.7 mi from the park GPS point<br>Source: National Park Service public parking lots<br><a href="https://www.google.com/maps/search/?api=1&amp;query=36.48188812550406,-84.74447362431955">Open in Google Maps</a>]]></description><Point><coordinates>-84.74447362431955,36.48188812550406,0</coordinates></Point></Placemark><Placemark><name>US-0686 · NPS parking lot: NPS parking lot</name><styleUrl>#acc_off</styleUrl><description><![CDATA[For US-0686 Big South Fork National Recreation Area<br>BISO official lot<br>2.7 mi from the park GPS point<br>Source: National Park Service public parking lots<br><a href="https://www.google.com/maps/search/?api=1&amp;query=36.472608601349826,-84.65239945667686">Open in Google Maps</a>]]></description><Point><coordinates>-84.65239945667686,36.472608601349826,0</coordinates></Point></Placemark><Placemark><name>US-0686 · NPS parking lot: NPS parking lot</name><styleUrl>#acc_off</styleUrl><description><![CDATA[For US-0686 Big South Fork National Recreation Area<br>BISO official lot<br>2.8 mi from the park GPS point<br>Source: National Park Service public parking lots<br><a href="https://www.google.com/maps/search/?api=1&amp;query=36.47066896220296,-84.65123909246526">Open in Google Maps</a>]]></description><Point><coordinates>-84.65123909246526,36.47066896220296,0</coordinates></Point></Placemark><Placemark><name>US-0686 · NPS parking lot: NPS parking lot</name><styleUrl>#acc_off</styleUrl><description><![CDATA[For US-0686 Big South Fork National Recreation Area<br>BISO official lot<br>4.8 mi from the park GPS point<br>Source: National Park Service public parking lots<br><a href="https://www.google.com/maps/search/?api=1&amp;query=36.43091844601047,-84.64800039136698">Open in Google Maps</a>]]></description><Point><coordinates>-84.64800039136698,36.43091844601047,0</coordinates></Point></Placemark><Placemark><name>US-0686 · NPS parking lot: NPS parking lot</name><styleUrl>#acc_off</styleUrl><description><![CDATA[For US-0686 Big South Fork National Recreation Area<br>BISO official lot<br>9.6 mi from the park GPS point<br>Source: National Park Service public parking lots<br><a href="https://www.google.com/maps/search/?api=1&amp;query=36.351322120428165,-84.7301099839261">Open in Google Maps</a>]]></description><Point><coordinates>-84.7301099839261,36.351322120428165,0</coordinates></Point></Placemark><Placemark><name>US-0686 · NPS parking lot: NPS parking lot</name><styleUrl>#acc_off</styleUrl><description><![CDATA[For US-0686 Big South Fork National Recreation Area<br>BISO official lot<br>15.0 mi from the park GPS point<br>Source: National Park Service public parking lots<br><a href="https://www.google.com/maps/search/?api=1&amp;query=36.6693635211593,-84.54772669850595">Open in Google Maps</a>]]></description><Point><coordinates>-84.54772669850595,36.6693635211593,0</coordinates></Point></Placemark><Placemark><name>US-0686 · NPS parking lot: NPS parking lot</name><styleUrl>#acc_off</styleUrl><description><![CDATA[For US-0686 Big South Fork National Recreation Area<br>BISO official lot<br>15.1 mi from the park GPS point<br>Source: National Park Service public parking lots<br><a href="https://www.google.com/maps/search/?api=1&amp;query=36.67120540421799,-84.54803384823425">Open in Google Maps</a>]]></description><Point><coordinates>-84.54803384823425,36.67120540421799,0</coordinates></Point></Placemark><Placemark><name>US-0686 · NPS parking lot: NPS parking lot</name><styleUrl>#acc_off</styleUrl><description><![CDATA[For US-0686 Big South Fork National Recreation Area<br>BISO official lot<br>15.4 mi from the park GPS point<br>Source: National Park Service public parking lots<br><a href="https://www.google.com/maps/search/?api=1&amp;query=36.67551203638352,-84.54653720368846">Open in Google Maps</a>]]></description><Point><coordinates>-84.54653720368846,36.67551203638352,0</coordinates></Point></Placemark><Placemark><name>US-0686 · NPS parking lot: NPS parking lot</name><styleUrl>#acc_off</styleUrl><description><![CDATA[For US-0686 Big South Fork National Recreation Area<br>BISO official lot<br>15.5 mi from the park GPS point<br>Source: National Park Service public parking lots<br><a href="https://www.google.com/maps/search/?api=1&amp;query=36.67668856195977,-84.54570389361193">Open in Google Maps</a>]]></description><Point><coordinates>-84.54570389361193,36.67668856195977,0</coordinates></Point></Placemark><Placemark><name>US-0686 · NPS parking lot: NPS parking lot</name><styleUrl>#acc_off</styleUrl><description><![CDATA[For US-0686 Big South Fork National Recreation Area<br>BISO official lot<br>15.5 mi from the park GPS point<br>Source: National Park Service public parking lots<br><a href="https://www.google.com/maps/search/?api=1&amp;query=36.67508051547745,-84.54168297556647">Open in Google Maps</a>]]></description><Point><coordinates>-84.54168297556647,36.67508051547745,0</coordinates></Point></Placemark><Placemark><name>US-0686 · NPS parking lot: NPS parking lot</name><styleUrl>#acc_off</styleUrl><description><![CDATA[For US-0686 Big South Fork National Recreation Area<br>BISO official lot<br>15.6 mi from the park GPS point<br>Source: National Park Service public parking lots<br><a href="https://www.google.com/maps/search/?api=1&amp;query=36.674365466022344,-84.53789607997848">Open in Google Maps</a>]]></description><Point><coordinates>-84.53789607997848,36.674365466022344,0</coordinates></Point></Placemark><Placemark><name>US-0686 · NPS parking lot: NPS parking lot</name><styleUrl>#acc_off</styleUrl><description><![CDATA[For US-0686 Big South Fork National Recreation Area<br>BISO official lot<br>15.7 mi from the park GPS point<br>Source: National Park Service public parking lots<br><a href="https://www.google.com/maps/search/?api=1&amp;query=36.67862647755697,-84.54320668229033">Open in Google Maps</a>]]></description><Point><coordinates>-84.54320668229033,36.67862647755697,0</coordinates></Point></Placemark><Placemark><name>US-0686 · NPS parking lot: NPS parking lot</name><styleUrl>#acc_off</styleUrl><description><![CDATA[For US-0686 Big South Fork National Recreation Area<br>BISO official lot<br>15.7 mi from the park GPS point<br>Source: National Park Service public parking lots<br><a href="https://www.google.com/maps/search/?api=1&amp;query=36.67752167738957,-84.53865851053344">Open in Google Maps</a>]]></description><Point><coordinates>-84.53865851053344,36.67752167738957,0</coordinates></Point></Placemark><Placemark><name>US-0686 · NPS parking lot: NPS parking lot</name><styleUrl>#acc_off</styleUrl><description><![CDATA[For US-0686 Big South Fork National Recreation Area<br>BISO official lot<br>15.8 mi from the park GPS point<br>Source: National Park Service public parking lots<br><a href="https://www.google.com/maps/search/?api=1&amp;query=36.67936542775151,-84.54176621081199">Open in Google Maps</a>]]></description><Point><coordinates>-84.54176621081199,36.67936542775151,0</coordinates></Point></Placemark><Placemark><name>US-0686 · NPS parking lot: NPS parking lot</name><styleUrl>#acc_off</styleUrl><description><![CDATA[For US-0686 Big South Fork National Recreation Area<br>BISO official lot<br>15.8 mi from the park GPS point<br>Source: National Park Service public parking lots<br><a href="https://www.google.com/maps/search/?api=1&amp;query=36.67745415582166,-84.53535436855543">Open in Google Maps</a>]]></description><Point><coordinates>-84.53535436855543,36.67745415582166,0</coordinates></Point></Placemark><Placemark><name>US-0686 · NPS parking lot: NPS parking lot</name><styleUrl>#acc_off</styleUrl><description><![CDATA[For US-0686 Big South Fork National Recreation Area<br>BISO official lot<br>16.0 mi from the park GPS point<br>Source: National Park Service public parking lots<br><a href="https://www.google.com/maps/search/?api=1&amp;query=36.6767242023026,-84.53065392458213">Open in Google Maps</a>]]></description><Point><coordinates>-84.53065392458213,36.6767242023026,0</coordinates></Point></Placemark><Placemark><name>US-0686 · NPS parking lot: NPS parking lot</name><styleUrl>#acc_off</styleUrl><description><![CDATA[For US-0686 Big South Fork National Recreation Area<br>BISO official lot<br>16.1 mi from the park GPS point<br>Source: National Park Service public parking lots<br><a href="https://www.google.com/maps/search/?api=1&amp;query=36.67270127682683,-84.5210146673593">Open in Google Maps</a>]]></description><Point><coordinates>-84.5210146673593,36.67270127682683,0</coordinates></Point></Placemark><Placemark><name>US-0686 · NPS parking lot: NPS parking lot</name><styleUrl>#acc_off</styleUrl><description><![CDATA[For US-0686 Big South Fork National Recreation Area<br>BISO official lot<br>16.4 mi from the park GPS point<br>Source: National Park Service public parking lots<br><a href="https://www.google.com/maps/search/?api=1&amp;query=36.67759973698593,-84.51887923915929">Open in Google Maps</a>]]></description><Point><coordinates>-84.51887923915929,36.67759973698593,0</coordinates></Point></Placemark><Placemark><name>US-0686 · NPS parking lot: NPS parking lot</name><styleUrl>#acc_off</styleUrl><description><![CDATA[For US-0686 Big South Fork National Recreation Area<br>BISO official lot<br>16.4 mi from the park GPS point<br>Source: National Park Service public parking lots<br><a href="https://www.google.com/maps/search/?api=1&amp;query=36.67861179567071,-84.5188687800942">Open in Google Maps</a>]]></description><Point><coordinates>-84.5188687800942,36.67861179567071,0</coordinates></Point></Placemark><Placemark><name>US-0686 · NPS parking lot: NPS parking lot</name><styleUrl>#acc_off</styleUrl><description><![CDATA[For US-0686 Big South Fork National Recreation Area<br>BISO official lot<br>19.7 mi from the park GPS point<br>Source: National Park Service public parking lots<br><a href="https://www.google.com/maps/search/?api=1&amp;query=36.70399511767586,-84.46591425347589">Open in Google Maps</a>]]></description><Point><coordinates>-84.46591425347589,36.70399511767586,0</coordinates></Point></Placemark><Placemark><name>US-7950 · NPS parking lot: NPS parking lot</name><styleUrl>#acc_off</styleUrl><description><![CDATA[For US-7950 Camp Nelson National Monument<br>CANE official lot<br>0.0 mi from the park GPS point<br>Source: National Park Service public parking lots<br><a href="https://www.google.com/maps/search/?api=1&amp;query=37.797179632582804,-84.60126964193239">Open in Google Maps</a>]]></description><Point><coordinates>-84.60126964193239,37.797179632582804,0</coordinates></Point></Placemark><Placemark><name>US-7950 · NPS parking lot: NPS parking lot</name><styleUrl>#acc_off</styleUrl><description><![CDATA[For US-7950 Camp Nelson National Monument<br>CANE official lot<br>0.0 mi from the park GPS point<br>Source: National Park Service public parking lots<br><a href="https://www.google.com/maps/search/?api=1&amp;query=37.797589986405974,-84.60122079608139">Open in Google Maps</a>]]></description><Point><coordinates>-84.60122079608139,37.797589986405974,0</coordinates></Point></Placemark><Placemark><name>US-0019 · NPS parking lot: NPS parking lot</name><styleUrl>#acc_off</styleUrl><description><![CDATA[For US-0019 Cumberland Gap National Historical Park<br>CUGA official lot<br>0.3 mi from the park GPS point<br>Source: National Park Service public parking lots<br><a href="https://www.google.com/maps/search/?api=1&amp;query=36.60795216611614,-83.67475066159535">Open in Google Maps</a>]]></description><Point><coordinates>-83.67475066159535,36.60795216611614,0</coordinates></Point></Placemark><Placemark><name>US-0019 · NPS parking lot: NPS parking lot</name><styleUrl>#acc_off</styleUrl><description><![CDATA[For US-0019 Cumberland Gap National Historical Park<br>CUGA official lot<br>0.3 mi from the park GPS point<br>Source: National Park Service public parking lots<br><a href="https://www.google.com/maps/search/?api=1&amp;query=36.60844467367917,-83.67417143738788">Open in Google Maps</a>]]></description><Point><coordinates>-83.67417143738788,36.60844467367917,0</coordinates></Point></Placemark><Placemark><name>US-0019 · NPS parking lot: NPS parking lot</name><styleUrl>#acc_off</styleUrl><description><![CDATA[For US-0019 Cumberland Gap National Historical Park<br>CUGA official lot<br>0.3 mi from the park GPS point<br>Source: National Park Service public parking lots<br><a href="https://www.google.com/maps/search/?api=1&amp;query=36.60097780341602,-83.66939998932533">Open in Google Maps</a>]]></description><Point><coordinates>-83.66939998932533,36.60097780341602,0</coordinates></Point></Placemark><Placemark><name>US-0019 · NPS parking lot: NPS parking lot</name><styleUrl>#acc_off</styleUrl><description><![CDATA[For US-0019 Cumberland Gap National Historical Park<br>CUGA official lot<br>0.4 mi from the park GPS point<br>Source: National Park Service public parking lots<br><a href="https://www.google.com/maps/search/?api=1&amp;query=36.60656009524093,-83.66714869431911">Open in Google Maps</a>]]></description><Point><coordinates>-83.66714869431911,36.60656009524093,0</coordinates></Point></Placemark><Placemark><name>US-0019 · NPS parking lot: NPS parking lot</name><styleUrl>#acc_off</styleUrl><description><![CDATA[For US-0019 Cumberland Gap National Historical Park<br>CUGA official lot<br>0.4 mi from the park GPS point<br>Source: National Park Service public parking lots<br><a href="https://www.google.com/maps/search/?api=1&amp;query=36.609649078709516,-83.67141241366245">Open in Google Maps</a>]]></description><Point><coordinates>-83.67141241366245,36.609649078709516,0</coordinates></Point></Placemark><Placemark><name>US-0019 · NPS parking lot: NPS parking lot</name><styleUrl>#acc_off</styleUrl><description><![CDATA[For US-0019 Cumberland Gap National Historical Park<br>CUGA official lot<br>0.4 mi from the park GPS point<br>Source: National Park Service public parking lots<br><a href="https://www.google.com/maps/search/?api=1&amp;query=36.609420574617324,-83.67784443332165">Open in Google Maps</a>]]></description><Point><coordinates>-83.67784443332165,36.609420574617324,0</coordinates></Point></Placemark><Placemark><name>US-0019 · NPS parking lot: NPS parking lot</name><styleUrl>#acc_off</styleUrl><description><![CDATA[For US-0019 Cumberland Gap National Historical Park<br>CUGA official lot<br>0.8 mi from the park GPS point<br>Source: National Park Service public parking lots<br><a href="https://www.google.com/maps/search/?api=1&amp;query=36.601418395513484,-83.66013701804447">Open in Google Maps</a>]]></description><Point><coordinates>-83.66013701804447,36.601418395513484,0</coordinates></Point></Placemark><Placemark><name>US-0019 · NPS parking lot: NPS parking lot</name><styleUrl>#acc_off</styleUrl><description><![CDATA[For US-0019 Cumberland Gap National Historical Park<br>CUGA official lot<br>1.1 mi from the park GPS point<br>Source: National Park Service public parking lots<br><a href="https://www.google.com/maps/search/?api=1&amp;query=36.59995324006572,-83.69336516562328">Open in Google Maps</a>]]></description><Point><coordinates>-83.69336516562328,36.59995324006572,0</coordinates></Point></Placemark><Placemark><name>US-0019 · NPS parking lot: NPS parking lot</name><styleUrl>#acc_off</styleUrl><description><![CDATA[For US-0019 Cumberland Gap National Historical Park<br>CUGA official lot<br>1.1 mi from the park GPS point<br>Source: National Park Service public parking lots<br><a href="https://www.google.com/maps/search/?api=1&amp;query=36.60010100737056,-83.69388245150687">Open in Google Maps</a>]]></description><Point><coordinates>-83.69388245150687,36.60010100737056,0</coordinates></Point></Placemark><Placemark><name>US-0019 · NPS parking lot: NPS parking lot</name><styleUrl>#acc_off</styleUrl><description><![CDATA[For US-0019 Cumberland Gap National Historical Park<br>CUGA official lot<br>1.1 mi from the park GPS point<br>Source: National Park Service public parking lots<br><a href="https://www.google.com/maps/search/?api=1&amp;query=36.60031547754322,-83.69414451098997">Open in Google Maps</a>]]></description><Point><coordinates>-83.69414451098997,36.60031547754322,0</coordinates></Point></Placemark><Placemark><name>US-0019 · NPS parking lot: NPS parking lot</name><styleUrl>#acc_off</styleUrl><description><![CDATA[For US-0019 Cumberland Gap National Historical Park<br>CUGA official lot<br>1.2 mi from the park GPS point<br>Source: National Park Service public parking lots<br><a href="https://www.google.com/maps/search/?api=1&amp;query=36.5996521524921,-83.69456993783584">Open in Google Maps</a>]]></description><Point><coordinates>-83.69456993783584,36.5996521524921,0</coordinates></Point></Placemark><Placemark><name>US-0019 · NPS parking lot: NPS parking lot</name><styleUrl>#acc_off</styleUrl><description><![CDATA[For US-0019 Cumberland Gap National Historical Park<br>CUGA official lot<br>1.2 mi from the park GPS point<br>Source: National Park Service public parking lots<br><a href="https://www.google.com/maps/search/?api=1&amp;query=36.59867386094348,-83.6947238529662">Open in Google Maps</a>]]></description><Point><coordinates>-83.6947238529662,36.59867386094348,0</coordinates></Point></Placemark><Placemark><name>US-0019 · NPS parking lot: NPS parking lot</name><styleUrl>#acc_off</styleUrl><description><![CDATA[For US-0019 Cumberland Gap National Historical Park<br>CUGA official lot<br>1.2 mi from the park GPS point<br>Source: National Park Service public parking lots<br><a href="https://www.google.com/maps/search/?api=1&amp;query=36.59848385232005,-83.69481871695945">Open in Google Maps</a>]]></description><Point><coordinates>-83.69481871695945,36.59848385232005,0</coordinates></Point></Placemark><Placemark><name>US-0019 · NPS parking lot: NPS parking lot</name><styleUrl>#acc_off</styleUrl><description><![CDATA[For US-0019 Cumberland Gap National Historical Park<br>CUGA official lot<br>1.2 mi from the park GPS point<br>Source: National Park Service public parking lots<br><a href="https://www.google.com/maps/search/?api=1&amp;query=36.60321785767834,-83.69615500502036">Open in Google Maps</a>]]></description><Point><coordinates>-83.69615500502036,36.60321785767834,0</coordinates></Point></Placemark><Placemark><name>US-0019 · NPS parking lot: NPS parking lot</name><styleUrl>#acc_off</styleUrl><description><![CDATA[For US-0019 Cumberland Gap National Historical Park<br>CUGA official lot<br>2.0 mi from the park GPS point<br>Source: National Park Service public parking lots<br><a href="https://www.google.com/maps/search/?api=1&amp;query=36.60915309621308,-83.63823427856427">Open in Google Maps</a>]]></description><Point><coordinates>-83.63823427856427,36.60915309621308,0</coordinates></Point></Placemark><Placemark><name>US-0019 · NPS parking lot: NPS parking lot</name><styleUrl>#acc_off</styleUrl><description><![CDATA[For US-0019 Cumberland Gap National Historical Park<br>CUGA official lot<br>2.0 mi from the park GPS point<br>Source: National Park Service public parking lots<br><a href="https://www.google.com/maps/search/?api=1&amp;query=36.60956001047479,-83.63816963454269">Open in Google Maps</a>]]></description><Point><coordinates>-83.63816963454269,36.60956001047479,0</coordinates></Point></Placemark><Placemark><name>US-0019 · NPS parking lot: NPS parking lot</name><styleUrl>#acc_off</styleUrl><description><![CDATA[For US-0019 Cumberland Gap National Historical Park<br>CUGA official lot<br>2.1 mi from the park GPS point<br>Source: National Park Service public parking lots<br><a href="https://www.google.com/maps/search/?api=1&amp;query=36.60925180235271,-83.63758472019106">Open in Google Maps</a>]]></description><Point><coordinates>-83.63758472019106,36.60925180235271,0</coordinates></Point></Placemark><Placemark><name>US-0019 · NPS parking lot: NPS parking lot</name><styleUrl>#acc_off</styleUrl><description><![CDATA[For US-0019 Cumberland Gap National Historical Park<br>CUGA official lot<br>2.1 mi from the park GPS point<br>Source: National Park Service public parking lots<br><a href="https://www.google.com/maps/search/?api=1&amp;query=36.609781952227635,-83.63767871650715">Open in Google Maps</a>]]></description><Point><coordinates>-83.63767871650715,36.609781952227635,0</coordinates></Point></Placemark><Placemark><name>US-0019 · NPS parking lot: NPS parking lot</name><styleUrl>#acc_off</styleUrl><description><![CDATA[For US-0019 Cumberland Gap National Historical Park<br>CUGA official lot<br>2.1 mi from the park GPS point<br>Source: National Park Service public parking lots<br><a href="https://www.google.com/maps/search/?api=1&amp;query=36.63412121542807,-83.67383038029313">Open in Google Maps</a>]]></description><Point><coordinates>-83.67383038029313,36.63412121542807,0</coordinates></Point></Placemark><Placemark><name>US-0019 · NPS parking lot: NPS parking lot</name><styleUrl>#acc_off</styleUrl><description><![CDATA[For US-0019 Cumberland Gap National Historical Park<br>CUGA official lot<br>2.1 mi from the park GPS point<br>Source: National Park Service public parking lots<br><a href="https://www.google.com/maps/search/?api=1&amp;query=36.60950507523432,-83.63644836235945">Open in Google Maps</a>]]></description><Point><coordinates>-83.63644836235945,36.60950507523432,0</coordinates></Point></Placemark><Placemark><name>US-0019 · NPS parking lot: NPS parking lot</name><styleUrl>#acc_off</styleUrl><description><![CDATA[For US-0019 Cumberland Gap National Historical Park<br>CUGA official lot<br>2.1 mi from the park GPS point<br>Source: National Park Service public parking lots<br><a href="https://www.google.com/maps/search/?api=1&amp;query=36.60294623339389,-83.6355950925453">Open in Google Maps</a>]]></description><Point><coordinates>-83.6355950925453,36.60294623339389,0</coordinates></Point></Placemark><Placemark><name>US-0019 · NPS parking lot: NPS parking lot</name><styleUrl>#acc_off</styleUrl><description><![CDATA[For US-0019 Cumberland Gap National Historical Park<br>CUGA official lot<br>2.3 mi from the park GPS point<br>Source: National Park Service public parking lots<br><a href="https://www.google.com/maps/search/?api=1&amp;query=36.6363140069723,-83.6685974875079">Open in Google Maps</a>]]></description><Point><coordinates>-83.6685974875079,36.6363140069723,0</coordinates></Point></Placemark><Placemark><name>US-0019 · NPS parking lot: NPS parking lot</name><styleUrl>#acc_off</styleUrl><description><![CDATA[For US-0019 Cumberland Gap National Historical Park<br>CUGA official lot<br>2.3 mi from the park GPS point<br>Source: National Park Service public parking lots<br><a href="https://www.google.com/maps/search/?api=1&amp;query=36.60350733605542,-83.63286835857288">Open in Google Maps</a>]]></description><Point><coordinates>-83.63286835857288,36.60350733605542,0</coordinates></Point></Placemark><Placemark><name>US-0019 · NPS parking lot: NPS parking lot</name><styleUrl>#acc_off</styleUrl><description><![CDATA[For US-0019 Cumberland Gap National Historical Park<br>CUGA official lot<br>2.3 mi from the park GPS point<br>Source: National Park Service public parking lots<br><a href="https://www.google.com/maps/search/?api=1&amp;query=36.636858138649686,-83.66923831343244">Open in Google Maps</a>]]></description><Point><coordinates>-83.66923831343244,36.636858138649686,0</coordinates></Point></Placemark><Placemark><name>US-0019 · NPS parking lot: NPS parking lot</name><styleUrl>#acc_off</styleUrl><description><![CDATA[For US-0019 Cumberland Gap National Historical Park<br>CUGA official lot<br>2.3 mi from the park GPS point<br>Source: National Park Service public parking lots<br><a href="https://www.google.com/maps/search/?api=1&amp;query=36.604255030065204,-83.6324801474284">Open in Google Maps</a>]]></description><Point><coordinates>-83.6324801474284,36.604255030065204,0</coordinates></Point></Placemark><Placemark><name>US-0019 · NPS parking lot: NPS parking lot</name><styleUrl>#acc_off</styleUrl><description><![CDATA[For US-0019 Cumberland Gap National Historical Park<br>CUGA official lot<br>2.4 mi from the park GPS point<br>Source: National Park Service public parking lots<br><a href="https://www.google.com/maps/search/?api=1&amp;query=36.603477782235366,-83.63062808142176">Open in Google Maps</a>]]></description><Point><coordinates>-83.63062808142176,36.603477782235366,0</coordinates></Point></Placemark><Placemark><name>US-0019 · NPS parking lot: NPS parking lot</name><styleUrl>#acc_off</styleUrl><description><![CDATA[For US-0019 Cumberland Gap National Historical Park<br>CUGA official lot<br>2.5 mi from the park GPS point<br>Source: National Park Service public parking lots<br><a href="https://www.google.com/maps/search/?api=1&amp;query=36.60092467403515,-83.62860521818519">Open in Google Maps</a>]]></description><Point><coordinates>-83.62860521818519,36.60092467403515,0</coordinates></Point></Placemark><Placemark><name>US-0703 · NPS parking lot: NPS parking lot</name><styleUrl>#acc_off</styleUrl><description><![CDATA[For US-0703 Fort Donelson National Battlefield<br>FODO official lot<br>0.2 mi from the park GPS point<br>Source: National Park Service public parking lots<br><a href="https://www.google.com/maps/search/?api=1&amp;query=36.48915000179838,-87.84855192497231">Open in Google Maps</a>]]></description><Point><coordinates>-87.84855192497231,36.48915000179838,0</coordinates></Point></Placemark><Placemark><name>US-0703 · NPS parking lot: NPS parking lot</name><styleUrl>#acc_off</styleUrl><description><![CDATA[For US-0703 Fort Donelson National Battlefield<br>FODO official lot<br>0.3 mi from the park GPS point<br>Source: National Park Service public parking lots<br><a href="https://www.google.com/maps/search/?api=1&amp;query=36.487592718512744,-87.84694800048983">Open in Google Maps</a>]]></description><Point><coordinates>-87.84694800048983,36.487592718512744,0</coordinates></Point></Placemark><Placemark><name>US-0703 · NPS parking lot: NPS parking lot</name><styleUrl>#acc_off</styleUrl><description><![CDATA[For US-0703 Fort Donelson National Battlefield<br>FODO official lot<br>0.3 mi from the park GPS point<br>Source: National Park Service public parking lots<br><a href="https://www.google.com/maps/search/?api=1&amp;query=36.49308616813979,-87.85345915187563">Open in Google Maps</a>]]></description><Point><coordinates>-87.85345915187563,36.49308616813979,0</coordinates></Point></Placemark><Placemark><name>US-0703 · NPS parking lot: NPS parking lot</name><styleUrl>#acc_off</styleUrl><description><![CDATA[For US-0703 Fort Donelson National Battlefield<br>FODO official lot<br>0.4 mi from the park GPS point<br>Source: National Park Service public parking lots<br><a href="https://www.google.com/maps/search/?api=1&amp;query=36.49308018771622,-87.85659301283242">Open in Google Maps</a>]]></description><Point><coordinates>-87.85659301283242,36.49308018771622,0</coordinates></Point></Placemark><Placemark><name>US-0703 · NPS parking lot: NPS parking lot</name><styleUrl>#acc_off</styleUrl><description><![CDATA[For US-0703 Fort Donelson National Battlefield<br>FODO official lot<br>0.4 mi from the park GPS point<br>Source: National Park Service public parking lots<br><a href="https://www.google.com/maps/search/?api=1&amp;query=36.493201059667626,-87.8565573124996">Open in Google Maps</a>]]></description><Point><coordinates>-87.8565573124996,36.493201059667626,0</coordinates></Point></Placemark><Placemark><name>US-0703 · NPS parking lot: NPS parking lot</name><styleUrl>#acc_off</styleUrl><description><![CDATA[For US-0703 Fort Donelson National Battlefield<br>FODO official lot<br>0.5 mi from the park GPS point<br>Source: National Park Service public parking lots<br><a href="https://www.google.com/maps/search/?api=1&amp;query=36.48681106748033,-87.86056923964557">Open in Google Maps</a>]]></description><Point><coordinates>-87.86056923964557,36.48681106748033,0</coordinates></Point></Placemark><Placemark><name>US-0703 · NPS parking lot: NPS parking lot</name><styleUrl>#acc_off</styleUrl><description><![CDATA[For US-0703 Fort Donelson National Battlefield<br>FODO official lot<br>0.5 mi from the park GPS point<br>Source: National Park Service public parking lots<br><a href="https://www.google.com/maps/search/?api=1&amp;query=36.48138803493228,-87.85395165085549">Open in Google Maps</a>]]></description><Point><coordinates>-87.85395165085549,36.48138803493228,0</coordinates></Point></Placemark><Placemark><name>US-0703 · NPS parking lot: NPS parking lot</name><styleUrl>#acc_off</styleUrl><description><![CDATA[For US-0703 Fort Donelson National Battlefield<br>FODO official lot<br>0.6 mi from the park GPS point<br>Source: National Park Service public parking lots<br><a href="https://www.google.com/maps/search/?api=1&amp;query=36.48153192790103,-87.85750657213909">Open in Google Maps</a>]]></description><Point><coordinates>-87.85750657213909,36.48153192790103,0</coordinates></Point></Placemark><Placemark><name>US-0703 · NPS parking lot: NPS parking lot</name><styleUrl>#acc_off</styleUrl><description><![CDATA[For US-0703 Fort Donelson National Battlefield<br>FODO official lot<br>0.6 mi from the park GPS point<br>Source: National Park Service public parking lots<br><a href="https://www.google.com/maps/search/?api=1&amp;query=36.48484960530476,-87.86248009191712">Open in Google Maps</a>]]></description><Point><coordinates>-87.86248009191712,36.48484960530476,0</coordinates></Point></Placemark><Placemark><name>US-0703 · NPS parking lot: NPS parking lot</name><styleUrl>#acc_off</styleUrl><description><![CDATA[For US-0703 Fort Donelson National Battlefield<br>FODO official lot<br>0.7 mi from the park GPS point<br>Source: National Park Service public parking lots<br><a href="https://www.google.com/maps/search/?api=1&amp;query=36.48265986998515,-87.86286947433312">Open in Google Maps</a>]]></description><Point><coordinates>-87.86286947433312,36.48265986998515,0</coordinates></Point></Placemark><Placemark><name>US-0703 · NPS parking lot: NPS parking lot</name><styleUrl>#acc_off</styleUrl><description><![CDATA[For US-0703 Fort Donelson National Battlefield<br>FODO official lot<br>0.7 mi from the park GPS point<br>Source: National Park Service public parking lots<br><a href="https://www.google.com/maps/search/?api=1&amp;query=36.48032296635381,-87.84346423087263">Open in Google Maps</a>]]></description><Point><coordinates>-87.84346423087263,36.48032296635381,0</coordinates></Point></Placemark><Placemark><name>US-0703 · NPS parking lot: NPS parking lot</name><styleUrl>#acc_off</styleUrl><description><![CDATA[For US-0703 Fort Donelson National Battlefield<br>FODO official lot<br>0.9 mi from the park GPS point<br>Source: National Park Service public parking lots<br><a href="https://www.google.com/maps/search/?api=1&amp;query=36.4886905700347,-87.83688504313947">Open in Google Maps</a>]]></description><Point><coordinates>-87.83688504313947,36.4886905700347,0</coordinates></Point></Placemark><Placemark><name>US-0703 · NPS parking lot: NPS parking lot</name><styleUrl>#acc_off</styleUrl><description><![CDATA[For US-0703 Fort Donelson National Battlefield<br>FODO official lot<br>0.9 mi from the park GPS point<br>Source: National Park Service public parking lots<br><a href="https://www.google.com/maps/search/?api=1&amp;query=36.480633741937005,-87.8399317155519">Open in Google Maps</a>]]></description><Point><coordinates>-87.8399317155519,36.480633741937005,0</coordinates></Point></Placemark><Placemark><name>US-0050 · NPS parking lot: NPS parking lot</name><styleUrl>#acc_off</styleUrl><description><![CDATA[For US-0050 Mammoth Cave National Park<br>MACA official lot<br>0.0 mi from the park GPS point<br>Source: National Park Service public parking lots<br><a href="https://www.google.com/maps/search/?api=1&amp;query=37.18790621663175,-86.10089997954553">Open in Google Maps</a>]]></description><Point><coordinates>-86.10089997954553,37.18790621663175,0</coordinates></Point></Placemark><Placemark><name>US-0050 · NPS parking lot: NPS parking lot</name><styleUrl>#acc_off</styleUrl><description><![CDATA[For US-0050 Mammoth Cave National Park<br>MACA official lot<br>0.1 mi from the park GPS point<br>Source: National Park Service public parking lots<br><a href="https://www.google.com/maps/search/?api=1&amp;query=37.189023336907674,-86.10198501471751">Open in Google Maps</a>]]></description><Point><coordinates>-86.10198501471751,37.189023336907674,0</coordinates></Point></Placemark><Placemark><name>US-0050 · NPS parking lot: NPS parking lot</name><styleUrl>#acc_off</styleUrl><description><![CDATA[For US-0050 Mammoth Cave National Park<br>MACA official lot<br>0.1 mi from the park GPS point<br>Source: National Park Service public parking lots<br><a href="https://www.google.com/maps/search/?api=1&amp;query=37.18882382500187,-86.10000684519744">Open in Google Maps</a>]]></description><Point><coordinates>-86.10000684519744,37.18882382500187,0</coordinates></Point></Placemark><Placemark><name>US-0050 · NPS parking lot: NPS parking lot</name><styleUrl>#acc_off</styleUrl><description><![CDATA[For US-0050 Mammoth Cave National Park<br>MACA official lot<br>0.1 mi from the park GPS point<br>Source: National Park Service public parking lots<br><a href="https://www.google.com/maps/search/?api=1&amp;query=37.189137229849365,-86.10196290232058">Open in Google Maps</a>]]></description><Point><coordinates>-86.10196290232058,37.189137229849365,0</coordinates></Point></Placemark><Placemark><name>US-0050 · NPS parking lot: NPS parking lot</name><styleUrl>#acc_off</styleUrl><description><![CDATA[For US-0050 Mammoth Cave National Park<br>MACA official lot<br>0.1 mi from the park GPS point<br>Source: National Park Service public parking lots<br><a href="https://www.google.com/maps/search/?api=1&amp;query=37.18612470416409,-86.1006161357402">Open in Google Maps</a>]]></description><Point><coordinates>-86.1006161357402,37.18612470416409,0</coordinates></Point></Placemark><Placemark><name>US-0050 · NPS parking lot: NPS parking lot</name><styleUrl>#acc_off</styleUrl><description><![CDATA[For US-0050 Mammoth Cave National Park<br>MACA official lot<br>0.2 mi from the park GPS point<br>Source: National Park Service public parking lots<br><a href="https://www.google.com/maps/search/?api=1&amp;query=37.18556062021339,-86.10187578387065">Open in Google Maps</a>]]></description><Point><coordinates>-86.10187578387065,37.18556062021339,0</coordinates></Point></Placemark><Placemark><name>US-0050 · NPS parking lot: NPS parking lot</name><styleUrl>#acc_off</styleUrl><description><![CDATA[For US-0050 Mammoth Cave National Park<br>MACA official lot<br>0.2 mi from the park GPS point<br>Source: National Park Service public parking lots<br><a href="https://www.google.com/maps/search/?api=1&amp;query=37.1899438429372,-86.10174233081823">Open in Google Maps</a>]]></description><Point><coordinates>-86.10174233081823,37.1899438429372,0</coordinates></Point></Placemark><Placemark><name>US-0050 · NPS parking lot: NPS parking lot</name><styleUrl>#acc_off</styleUrl><description><![CDATA[For US-0050 Mammoth Cave National Park<br>MACA official lot<br>0.2 mi from the park GPS point<br>Source: National Park Service public parking lots<br><a href="https://www.google.com/maps/search/?api=1&amp;query=37.190154355828035,-86.1017853378774">Open in Google Maps</a>]]></description><Point><coordinates>-86.1017853378774,37.190154355828035,0</coordinates></Point></Placemark><Placemark><name>US-0050 · NPS parking lot: NPS parking lot</name><styleUrl>#acc_off</styleUrl><description><![CDATA[For US-0050 Mammoth Cave National Park<br>MACA official lot<br>0.2 mi from the park GPS point<br>Source: National Park Service public parking lots<br><a href="https://www.google.com/maps/search/?api=1&amp;query=37.18987284664928,-86.10305868857262">Open in Google Maps</a>]]></description><Point><coordinates>-86.10305868857262,37.18987284664928,0</coordinates></Point></Placemark><Placemark><name>US-0050 · NPS parking lot: NPS parking lot</name><styleUrl>#acc_off</styleUrl><description><![CDATA[For US-0050 Mammoth Cave National Park<br>MACA official lot<br>0.2 mi from the park GPS point<br>Source: National Park Service public parking lots<br><a href="https://www.google.com/maps/search/?api=1&amp;query=37.18556596028884,-86.10350032454552">Open in Google Maps</a>]]></description><Point><coordinates>-86.10350032454552,37.18556596028884,0</coordinates></Point></Placemark><Placemark><name>US-0050 · NPS parking lot: NPS parking lot</name><styleUrl>#acc_off</styleUrl><description><![CDATA[For US-0050 Mammoth Cave National Park<br>MACA official lot<br>0.2 mi from the park GPS point<br>Source: National Park Service public parking lots<br><a href="https://www.google.com/maps/search/?api=1&amp;query=37.18615269902922,-86.10425359269405">Open in Google Maps</a>]]></description><Point><coordinates>-86.10425359269405,37.18615269902922,0</coordinates></Point></Placemark><Placemark><name>US-0050 · NPS parking lot: NPS parking lot</name><styleUrl>#acc_off</styleUrl><description><![CDATA[For US-0050 Mammoth Cave National Park<br>MACA official lot<br>0.2 mi from the park GPS point<br>Source: National Park Service public parking lots<br><a href="https://www.google.com/maps/search/?api=1&amp;query=37.18602201051936,-86.10427397945489">Open in Google Maps</a>]]></description><Point><coordinates>-86.10427397945489,37.18602201051936,0</coordinates></Point></Placemark><Placemark><name>US-0050 · NPS parking lot: NPS parking lot</name><styleUrl>#acc_off</styleUrl><description><![CDATA[For US-0050 Mammoth Cave National Park<br>MACA official lot<br>0.2 mi from the park GPS point<br>Source: National Park Service public parking lots<br><a href="https://www.google.com/maps/search/?api=1&amp;query=37.190559038085276,-86.10292046699605">Open in Google Maps</a>]]></description><Point><coordinates>-86.10292046699605,37.190559038085276,0</coordinates></Point></Placemark><Placemark><name>US-0050 · NPS parking lot: NPS parking lot</name><styleUrl>#acc_off</styleUrl><description><![CDATA[For US-0050 Mammoth Cave National Park<br>MACA official lot<br>0.2 mi from the park GPS point<br>Source: National Park Service public parking lots<br><a href="https://www.google.com/maps/search/?api=1&amp;query=37.190674135161444,-86.10316806253572">Open in Google Maps</a>]]></description><Point><coordinates>-86.10316806253572,37.190674135161444,0</coordinates></Point></Placemark><Placemark><name>US-0050 · NPS parking lot: NPS parking lot</name><styleUrl>#acc_off</styleUrl><description><![CDATA[For US-0050 Mammoth Cave National Park<br>MACA official lot<br>0.2 mi from the park GPS point<br>Source: National Park Service public parking lots<br><a href="https://www.google.com/maps/search/?api=1&amp;query=37.19108024528743,-86.10227580760352">Open in Google Maps</a>]]></description><Point><coordinates>-86.10227580760352,37.19108024528743,0</coordinates></Point></Placemark><Placemark><name>US-0050 · NPS parking lot: NPS parking lot</name><styleUrl>#acc_off</styleUrl><description><![CDATA[For US-0050 Mammoth Cave National Park<br>MACA official lot<br>0.3 mi from the park GPS point<br>Source: National Park Service public parking lots<br><a href="https://www.google.com/maps/search/?api=1&amp;query=37.191240590834106,-86.10243746985267">Open in Google Maps</a>]]></description><Point><coordinates>-86.10243746985267,37.191240590834106,0</coordinates></Point></Placemark><Placemark><name>US-0050 · NPS parking lot: NPS parking lot</name><styleUrl>#acc_off</styleUrl><description><![CDATA[For US-0050 Mammoth Cave National Park<br>MACA official lot<br>0.8 mi from the park GPS point<br>Source: National Park Service public parking lots<br><a href="https://www.google.com/maps/search/?api=1&amp;query=37.17967433421957,-86.1115676994064">Open in Google Maps</a>]]></description><Point><coordinates>-86.1115676994064,37.17967433421957,0</coordinates></Point></Placemark><Placemark><name>US-0050 · NPS parking lot: NPS parking lot</name><styleUrl>#acc_off</styleUrl><description><![CDATA[For US-0050 Mammoth Cave National Park<br>MACA official lot<br>0.8 mi from the park GPS point<br>Source: National Park Service public parking lots<br><a href="https://www.google.com/maps/search/?api=1&amp;query=37.1826378023577,-86.08778972914929">Open in Google Maps</a>]]></description><Point><coordinates>-86.08778972914929,37.1826378023577,0</coordinates></Point></Placemark><Placemark><name>US-0050 · NPS parking lot: NPS parking lot</name><styleUrl>#acc_off</styleUrl><description><![CDATA[For US-0050 Mammoth Cave National Park<br>MACA official lot<br>0.9 mi from the park GPS point<br>Source: National Park Service public parking lots<br><a href="https://www.google.com/maps/search/?api=1&amp;query=37.18111056694216,-86.08642438974681">Open in Google Maps</a>]]></description><Point><coordinates>-86.08642438974681,37.18111056694216,0</coordinates></Point></Placemark><Placemark><name>US-0050 · NPS parking lot: NPS parking lot</name><styleUrl>#acc_off</styleUrl><description><![CDATA[For US-0050 Mammoth Cave National Park<br>MACA official lot<br>1.0 mi from the park GPS point<br>Source: National Park Service public parking lots<br><a href="https://www.google.com/maps/search/?api=1&amp;query=37.18109027336885,-86.08580129724308">Open in Google Maps</a>]]></description><Point><coordinates>-86.08580129724308,37.18109027336885,0</coordinates></Point></Placemark><Placemark><name>US-0050 · NPS parking lot: NPS parking lot</name><styleUrl>#acc_off</styleUrl><description><![CDATA[For US-0050 Mammoth Cave National Park<br>MACA official lot<br>1.0 mi from the park GPS point<br>Source: National Park Service public parking lots<br><a href="https://www.google.com/maps/search/?api=1&amp;query=37.180680662918725,-86.08588680376793">Open in Google Maps</a>]]></description><Point><coordinates>-86.08588680376793,37.180680662918725,0</coordinates></Point></Placemark><Placemark><name>US-0050 · NPS parking lot: NPS parking lot</name><styleUrl>#acc_off</styleUrl><description><![CDATA[For US-0050 Mammoth Cave National Park<br>MACA official lot<br>1.0 mi from the park GPS point<br>Source: National Park Service public parking lots<br><a href="https://www.google.com/maps/search/?api=1&amp;query=37.18061410289911,-86.08474452746563">Open in Google Maps</a>]]></description><Point><coordinates>-86.08474452746563,37.18061410289911,0</coordinates></Point></Placemark><Placemark><name>US-0050 · NPS parking lot: NPS parking lot</name><styleUrl>#acc_off</styleUrl><description><![CDATA[For US-0050 Mammoth Cave National Park<br>MACA official lot<br>1.0 mi from the park GPS point<br>Source: National Park Service public parking lots<br><a href="https://www.google.com/maps/search/?api=1&amp;query=37.179892979679096,-86.0850911303224">Open in Google Maps</a>]]></description><Point><coordinates>-86.0850911303224,37.179892979679096,0</coordinates></Point></Placemark><Placemark><name>US-0050 · NPS parking lot: NPS parking lot</name><styleUrl>#acc_off</styleUrl><description><![CDATA[For US-0050 Mammoth Cave National Park<br>MACA official lot<br>1.0 mi from the park GPS point<br>Source: National Park Service public parking lots<br><a href="https://www.google.com/maps/search/?api=1&amp;query=37.18008936547692,-86.08490974854409">Open in Google Maps</a>]]></description><Point><coordinates>-86.08490974854409,37.18008936547692,0</coordinates></Point></Placemark><Placemark><name>US-0050 · NPS parking lot: NPS parking lot</name><styleUrl>#acc_off</styleUrl><description><![CDATA[For US-0050 Mammoth Cave National Park<br>MACA official lot<br>1.7 mi from the park GPS point<br>Source: National Park Service public parking lots<br><a href="https://www.google.com/maps/search/?api=1&amp;query=37.16362194451926,-86.09302150288325">Open in Google Maps</a>]]></description><Point><coordinates>-86.09302150288325,37.16362194451926,0</coordinates></Point></Placemark><Placemark><name>US-0050 · NPS parking lot: NPS parking lot</name><styleUrl>#acc_off</styleUrl><description><![CDATA[For US-0050 Mammoth Cave National Park<br>MACA official lot<br>1.8 mi from the park GPS point<br>Source: National Park Service public parking lots<br><a href="https://www.google.com/maps/search/?api=1&amp;query=37.16830805468714,-86.0792381234019">Open in Google Maps</a>]]></description><Point><coordinates>-86.0792381234019,37.16830805468714,0</coordinates></Point></Placemark><Placemark><name>US-0050 · NPS parking lot: NPS parking lot</name><styleUrl>#acc_off</styleUrl><description><![CDATA[For US-0050 Mammoth Cave National Park<br>MACA official lot<br>2.4 mi from the park GPS point<br>Source: National Park Service public parking lots<br><a href="https://www.google.com/maps/search/?api=1&amp;query=37.205692215521694,-86.13896902578017">Open in Google Maps</a>]]></description><Point><coordinates>-86.13896902578017,37.205692215521694,0</coordinates></Point></Placemark><Placemark><name>US-0050 · NPS parking lot: NPS parking lot</name><styleUrl>#acc_off</styleUrl><description><![CDATA[For US-0050 Mammoth Cave National Park<br>MACA official lot<br>2.5 mi from the park GPS point<br>Source: National Park Service public parking lots<br><a href="https://www.google.com/maps/search/?api=1&amp;query=37.15116503924589,-86.09807700269435">Open in Google Maps</a>]]></description><Point><coordinates>-86.09807700269435,37.15116503924589,0</coordinates></Point></Placemark><Placemark><name>US-0050 · NPS parking lot: NPS parking lot</name><styleUrl>#acc_off</styleUrl><description><![CDATA[For US-0050 Mammoth Cave National Park<br>MACA official lot<br>3.6 mi from the park GPS point<br>Source: National Park Service public parking lots<br><a href="https://www.google.com/maps/search/?api=1&amp;query=37.16233322290146,-86.1586676755375">Open in Google Maps</a>]]></description><Point><coordinates>-86.1586676755375,37.16233322290146,0</coordinates></Point></Placemark><Placemark><name>US-0050 · NPS parking lot: NPS parking lot</name><styleUrl>#acc_off</styleUrl><description><![CDATA[For US-0050 Mammoth Cave National Park<br>MACA official lot<br>3.8 mi from the park GPS point<br>Source: National Park Service public parking lots<br><a href="https://www.google.com/maps/search/?api=1&amp;query=37.15262336046478,-86.04763663628049">Open in Google Maps</a>]]></description><Point><coordinates>-86.04763663628049,37.15262336046478,0</coordinates></Point></Placemark><Placemark><name>US-0050 · NPS parking lot: NPS parking lot</name><styleUrl>#acc_off</styleUrl><description><![CDATA[For US-0050 Mammoth Cave National Park<br>MACA official lot<br>3.9 mi from the park GPS point<br>Source: National Park Service public parking lots<br><a href="https://www.google.com/maps/search/?api=1&amp;query=37.155687644536535,-86.16038631367486">Open in Google Maps</a>]]></description><Point><coordinates>-86.16038631367486,37.155687644536535,0</coordinates></Point></Placemark><Placemark><name>US-0050 · NPS parking lot: NPS parking lot</name><styleUrl>#acc_off</styleUrl><description><![CDATA[For US-0050 Mammoth Cave National Park<br>MACA official lot<br>4.0 mi from the park GPS point<br>Source: National Park Service public parking lots<br><a href="https://www.google.com/maps/search/?api=1&amp;query=37.13501122013065,-86.07055259028087">Open in Google Maps</a>]]></description><Point><coordinates>-86.07055259028087,37.13501122013065,0</coordinates></Point></Placemark><Placemark><name>US-0050 · NPS parking lot: NPS parking lot</name><styleUrl>#acc_off</styleUrl><description><![CDATA[For US-0050 Mammoth Cave National Park<br>MACA official lot<br>6.2 mi from the park GPS point<br>Source: National Park Service public parking lots<br><a href="https://www.google.com/maps/search/?api=1&amp;query=37.10415934343544,-86.05825023711957">Open in Google Maps</a>]]></description><Point><coordinates>-86.05825023711957,37.10415934343544,0</coordinates></Point></Placemark><Placemark><name>US-0050 · NPS parking lot: NPS parking lot</name><styleUrl>#acc_off</styleUrl><description><![CDATA[For US-0050 Mammoth Cave National Park<br>MACA official lot<br>6.5 mi from the park GPS point<br>Source: National Park Service public parking lots<br><a href="https://www.google.com/maps/search/?api=1&amp;query=37.247115116251614,-86.19264823818655">Open in Google Maps</a>]]></description><Point><coordinates>-86.19264823818655,37.247115116251614,0</coordinates></Point></Placemark><Placemark><name>US-0050 · NPS parking lot: NPS parking lot</name><styleUrl>#acc_off</styleUrl><description><![CDATA[For US-0050 Mammoth Cave National Park<br>MACA official lot<br>7.5 mi from the park GPS point<br>Source: National Park Service public parking lots<br><a href="https://www.google.com/maps/search/?api=1&amp;query=37.20190927071665,-86.23700828402364">Open in Google Maps</a>]]></description><Point><coordinates>-86.23700828402364,37.20190927071665,0</coordinates></Point></Placemark><Placemark><name>US-0050 · NPS parking lot: NPS parking lot</name><styleUrl>#acc_off</styleUrl><description><![CDATA[For US-0050 Mammoth Cave National Park<br>MACA official lot<br>7.5 mi from the park GPS point<br>Source: National Park Service public parking lots<br><a href="https://www.google.com/maps/search/?api=1&amp;query=37.20178876794095,-86.23711294392723">Open in Google Maps</a>]]></description><Point><coordinates>-86.23711294392723,37.20178876794095,0</coordinates></Point></Placemark><Placemark><name>US-7708 · NPS parking lot: NPS parking lot</name><styleUrl>#acc_off</styleUrl><description><![CDATA[For US-7708 Mill Springs Battlefield National Monument<br>MISP official lot<br>0.0 mi from the park GPS point<br>Source: National Park Service public parking lots<br><a href="https://www.google.com/maps/search/?api=1&amp;query=37.069109289496524,-84.73568919661338">Open in Google Maps</a>]]></description><Point><coordinates>-84.73568919661338,37.069109289496524,0</coordinates></Point></Placemark><Placemark><name>US-7708 · NPS parking lot: NPS parking lot</name><styleUrl>#acc_off</styleUrl><description><![CDATA[For US-7708 Mill Springs Battlefield National Monument<br>MISP official lot<br>9.7 mi from the park GPS point<br>Source: National Park Service public parking lots<br><a href="https://www.google.com/maps/search/?api=1&amp;query=36.93341343525374,-84.77923813087538">Open in Google Maps</a>]]></description><Point><coordinates>-84.77923813087538,36.93341343525374,0</coordinates></Point></Placemark></Folder><Folder><name>Official access — Preserve page location</name><Placemark><name>US-10112 · Preserve page location: Bad Branch</name><styleUrl>#acc_off</styleUrl><description><![CDATA[For US-10112 Bad Branch National Wild and Scenic River<br>Location listed on the official preserve page — Gravel parking area on left side of KY 932. There is parking for 10 vehilces or one bus available.<br>0.1 mi from the park GPS point<br>Source: Office of Kentucky Nature Preserves page<br><a href="https://www.google.com/maps/search/?api=1&amp;query=37.0676,-82.7719">Open in Google Maps</a>]]></description><Point><coordinates>-82.7719,37.0676,0</coordinates></Point></Placemark><Placemark><name>US-7966 · Preserve page location: Bad Branch</name><styleUrl>#acc_off</styleUrl><description><![CDATA[For US-7966 Bad Branch State Nature Preserve<br>Location listed on the official preserve page — Gravel parking area on left side of KY 932. There is parking for 10 vehilces or one bus available.<br>0.0 mi from the park GPS point<br>Source: Office of Kentucky Nature Preserves page<br><a href="https://www.google.com/maps/search/?api=1&amp;query=37.0676,-82.7719">Open in Google Maps</a>]]></description><Point><coordinates>-82.7719,37.0676,0</coordinates></Point></Placemark><Placemark><name>US-7956 · Preserve page location: Beargrass Creek</name><styleUrl>#acc_off</styleUrl><description><![CDATA[For US-7956 Beargrass Creek State Nature Preserve<br>Location listed on the official preserve page — Parking - abundant; LNC parking lot on your right on Illinois Avenue<br>0.1 mi from the park GPS point<br>Source: Office of Kentucky Nature Preserves page<br><a href="https://www.google.com/maps/search/?api=1&amp;query=38.209225,-85.710854">Open in Google Maps</a>]]></description><Point><coordinates>-85.710854,38.209225,0</coordinates></Point></Placemark><Placemark><name>US-7954 · Preserve page location: Blackacre</name><styleUrl>#acc_off</styleUrl><description><![CDATA[For US-7954 Blackacre State Nature Preserve<br>Location listed on the official preserve page<br>0.4 mi from the park GPS point<br>Source: Office of Kentucky Nature Preserves page<br><a href="https://www.google.com/maps/search/?api=1&amp;query=38.193247,-85.532358">Open in Google Maps</a>]]></description><Point><coordinates>-85.532358,38.193247,0</coordinates></Point></Placemark><Placemark><name>US-7967 · Preserve page location: Blanton Forest</name><styleUrl>#acc_off</styleUrl><description><![CDATA[For US-7967 Blanton Forest State Nature Preserve<br>Location listed on the official preserve page — Parking - lot adjacent to Camp Blanton.<br>0.0 mi from the park GPS point<br>Source: Office of Kentucky Nature Preserves page<br><a href="https://www.google.com/maps/search/?api=1&amp;query=36.85917,-83.382129">Open in Google Maps</a>]]></description><Point><coordinates>-83.382129,36.85917,0</coordinates></Point></Placemark><Placemark><name>US-7965 · Preserve page location: Brigadoon</name><styleUrl>#acc_off</styleUrl><description><![CDATA[For US-7965 Brigadoon State Nature Preserve<br>Location listed on the official preserve page — Parking - 10 cars<br>0.0 mi from the park GPS point<br>Source: Office of Kentucky Nature Preserves page<br><a href="https://www.google.com/maps/search/?api=1&amp;query=36.8978271,-85.981118">Open in Google Maps</a>]]></description><Point><coordinates>-85.981118,36.8978271,0</coordinates></Point></Placemark><Placemark><name>US-1276 · Preserve page location: Carter Caves (Bat Cave / Cascade Caverns)</name><styleUrl>#acc_off</styleUrl><description><![CDATA[For US-1276 Carter Caves State Park<br>Location listed on the official preserve page — Parking - abundant<br>0.4 mi from the park GPS point<br>Source: Office of Kentucky Nature Preserves page<br><a href="https://www.google.com/maps/search/?api=1&amp;query=38.377363,-83.122781">Open in Google Maps</a>]]></description><Point><coordinates>-83.122781,38.377363,0</coordinates></Point></Placemark><Placemark><name>US-7960 · Preserve page location: Crooked Creek</name><styleUrl>#acc_off</styleUrl><description><![CDATA[For US-7960 Crooked Creek State Nature Preserve<br>Location listed on the official preserve page<br>0.1 mi from the park GPS point<br>Source: Office of Kentucky Nature Preserves page<br><a href="https://www.google.com/maps/search/?api=1&amp;query=38.6411,-83.5701">Open in Google Maps</a>]]></description><Point><coordinates>-83.5701,38.6411,0</coordinates></Point></Placemark><Placemark><name>US-7968 · Preserve page location: E. Lucy Braun</name><styleUrl>#acc_off</styleUrl><description><![CDATA[For US-7968 E. Lucy Braun State Nature Preserve<br>Location listed on the official preserve page<br>0.0 mi from the park GPS point<br>Source: Office of Kentucky Nature Preserves page<br><a href="https://www.google.com/maps/search/?api=1&amp;query=36.9648889,-83.109444">Open in Google Maps</a>]]></description><Point><coordinates>-83.109444,36.9648889,0</coordinates></Point></Placemark><Placemark><name>US-12752 · Preserve page location: Green River SNA (Boiling Springs unit)</name><styleUrl>#acc_off</styleUrl><description><![CDATA[For US-12752 Green River State Natural Area<br>Location listed on the official preserve page<br>11.0 mi from the park GPS point<br>Source: Office of Kentucky Nature Preserves page<br><a href="https://www.google.com/maps/search/?api=1&amp;query=37.30642,-85.719109">Open in Google Maps</a>]]></description><Point><coordinates>-85.719109,37.30642,0</coordinates></Point></Placemark><Placemark><name>US-7957 · Preserve page location: Hall Hill/Vernon-Douglas</name><styleUrl>#acc_off</styleUrl><description><![CDATA[For US-7957 Hall-Hill/Vernon-Douglas State Nature Preserve<br>Location listed on the official preserve page — Drive 0.5 mile to the preserve and park in parking lot on left.<br>0.0 mi from the park GPS point<br>Source: Office of Kentucky Nature Preserves page<br><a href="https://www.google.com/maps/search/?api=1&amp;query=37.733243,-85.707621">Open in Google Maps</a>]]></description><Point><coordinates>-85.707621,37.733243,0</coordinates></Point></Placemark><Placemark><name>US-7961 · Preserve page location: Jesse Stuart</name><styleUrl>#acc_off</styleUrl><description><![CDATA[For US-7961 Jesse Stuart State Nature Preserve<br>Location listed on the official preserve page — Parking - six cars; one bus<br>0.0 mi from the park GPS point<br>Source: Office of Kentucky Nature Preserves page<br><a href="https://www.google.com/maps/search/?api=1&amp;query=38.54704,-82.841535">Open in Google Maps</a>]]></description><Point><coordinates>-82.841535,38.54704,0</coordinates></Point></Placemark><Placemark><name>US-7958 · Preserve page location: Kentucky River Palisades/Tom Dorman</name><styleUrl>#acc_off</styleUrl><description><![CDATA[For US-7958 Kentucky River Palisades/Tom Dorman State Nature Preserve<br>Location listed on the official preserve page — Parking - eight cars<br>0.0 mi from the park GPS point<br>Source: Office of Kentucky Nature Preserves page<br><a href="https://www.google.com/maps/search/?api=1&amp;query=37.762458,-84.617161">Open in Google Maps</a>]]></description><Point><coordinates>-84.617161,37.762458,0</coordinates></Point></Placemark><Placemark><name>US-7962 · Preserve page location: Little South Fork SNA (Burnett Branch)</name><styleUrl>#acc_off</styleUrl><description><![CDATA[For US-7962 Little South Fork State Natural Area<br>Location listed on the official preserve page<br>0.0 mi from the park GPS point<br>Source: Office of Kentucky Nature Preserves page<br><a href="https://www.google.com/maps/search/?api=1&amp;query=36.69812,-84.714932">Open in Google Maps</a>]]></description><Point><coordinates>-84.714932,36.69812,0</coordinates></Point></Placemark><Placemark><name>US-7962 · Preserve page location: Little South Fork SNA (Steele Hollow)</name><styleUrl>#acc_off</styleUrl><description><![CDATA[For US-7962 Little South Fork State Natural Area<br>Location listed on the official preserve page — parking is just up the hill (after metal bridge over Little South Fork)<br>0.1 mi from the park GPS point<br>Source: Office of Kentucky Nature Preserves page<br><a href="https://www.google.com/maps/search/?api=1&amp;query=36.697308,-84.712721">Open in Google Maps</a>]]></description><Point><coordinates>-84.712721,36.697308,0</coordinates></Point></Placemark><Placemark><name>US-3823 · Preserve page location: Livingston County (Bissell Bluff)</name><styleUrl>#acc_off</styleUrl><description><![CDATA[For US-3823 Livingston County Wildlife Management Area<br>Location listed on the official preserve page — Parking areas are located off KY Highway 1436 and Good Hope Cemetery road off of KY highway 1433.<br>1.5 mi from the park GPS point<br>Source: Office of Kentucky Nature Preserves page<br><a href="https://www.google.com/maps/search/?api=1&amp;query=37.335783,-88.4194387">Open in Google Maps</a>]]></description><Point><coordinates>-88.4194387,37.335783,0</coordinates></Point></Placemark><Placemark><name>US-7953 · Preserve page location: Metropolis Lake</name><styleUrl>#acc_off</styleUrl><description><![CDATA[For US-7953 Metropolis Lake State Nature Preserve<br>Location listed on the official preserve page — 20 cars; two to three buses.<br>0.0 mi from the park GPS point<br>Source: Office of Kentucky Nature Preserves page<br><a href="https://www.google.com/maps/search/?api=1&amp;query=37.146359,-88.765456">Open in Google Maps</a>]]></description><Point><coordinates>-88.765456,37.146359,0</coordinates></Point></Placemark><Placemark><name>US-7963 · Preserve page location: Pilot Knob</name><styleUrl>#acc_off</styleUrl><description><![CDATA[For US-7963 Pilot Knob State Nature Preserve<br>Location listed on the official preserve page — Parking - seven or eight cars; one or two buses<br>0.0 mi from the park GPS point<br>Source: Office of Kentucky Nature Preserves page<br><a href="https://www.google.com/maps/search/?api=1&amp;query=37.912063,-83.94496">Open in Google Maps</a>]]></description><Point><coordinates>-83.94496,37.912063,0</coordinates></Point></Placemark><Placemark><name>US-7959 · Preserve page location: Quiet Trails</name><styleUrl>#acc_off</styleUrl><description><![CDATA[For US-7959 Quiet Trails State Nature Preserve<br>Location listed on the official preserve page — Parking - four cars<br>0.0 mi from the park GPS point<br>Source: Office of Kentucky Nature Preserves page<br><a href="https://www.google.com/maps/search/?api=1&amp;query=38.557087,-84.227263">Open in Google Maps</a>]]></description><Point><coordinates>-84.227263,38.557087,0</coordinates></Point></Placemark><Placemark><name>US-7970 · Preserve page location: Sinking Creek SNA</name><styleUrl>#acc_off</styleUrl><description><![CDATA[For US-7970 Sinking Creek State Natural Area<br>Location listed on the official preserve page — Open to the public via the Sheltowee Trace trail.<br>0.2 mi from the park GPS point<br>Source: Office of Kentucky Nature Preserves page<br><a href="https://www.google.com/maps/search/?api=1&amp;query=37.1071,-84.2369">Open in Google Maps</a>]]></description><Point><coordinates>-84.2369,37.1071,0</coordinates></Point></Placemark><Placemark><name>US-7955 · Preserve page location: Six Mile Island</name><styleUrl>#acc_off</styleUrl><description><![CDATA[For US-7955 Six Mile Island State Nature Preserve<br>Location listed on the official preserve page — Accessed by boat; Cox Park boat ramp<br>2.0 mi from the park GPS point<br>Source: Office of Kentucky Nature Preserves page<br><a href="https://www.google.com/maps/search/?api=1&amp;query=38.287118,-85.687591">Open in Google Maps</a>]]></description><Point><coordinates>-85.687591,38.287118,0</coordinates></Point></Placemark><Placemark><name>US-7964 · Preserve page location: William H. Martin SNA</name><styleUrl>#acc_off</styleUrl><description><![CDATA[For US-7964 William H. Martin State Natural Area<br>Location listed on the official preserve page<br>0.0 mi from the park GPS point<br>Source: Office of Kentucky Nature Preserves page<br><a href="https://www.google.com/maps/search/?api=1&amp;query=37.03524,-84.334924">Open in Google Maps</a>]]></description><Point><coordinates>-84.334924,37.03524,0</coordinates></Point></Placemark></Folder><Folder><name>Official access — State Parks trailhead</name><Placemark><name>US-1253 · State Parks trailhead: Jenny's Creek Trailhead</name><styleUrl>#acc_off</styleUrl><description><![CDATA[For US-1253 Dawkins Line Rail Trail State Park<br>Dawkins Line Rail Trail trailhead parking (Kentucky State Parks); check current trail alerts<br>0.0 mi from the park GPS point<br>Source: Kentucky State Parks (kygisserver.ky.gov)<br><a href="https://www.google.com/maps/search/?api=1&amp;query=37.7849,-82.83633">Open in Google Maps</a>]]></description><Point><coordinates>-82.83633,37.7849,0</coordinates></Point></Placemark><Placemark><name>US-1253 · State Parks trailhead: Swamp Branch Trailhead</name><styleUrl>#acc_off</styleUrl><description><![CDATA[For US-1253 Dawkins Line Rail Trail State Park<br>Dawkins Line Rail Trail trailhead parking (Kentucky State Parks); check current trail alerts<br>0.0 mi from the park GPS point<br>Source: Kentucky State Parks (kygisserver.ky.gov)<br><a href="https://www.google.com/maps/search/?api=1&amp;query=37.73781,-82.9066">Open in Google Maps</a>]]></description><Point><coordinates>-82.9066,37.73781,0</coordinates></Point></Placemark><Placemark><name>US-1253 · State Parks trailhead: Royalton Trailhead</name><styleUrl>#acc_off</styleUrl><description><![CDATA[For US-1253 Dawkins Line Rail Trail State Park<br>Dawkins Line Rail Trail trailhead parking (Kentucky State Parks); check current trail alerts<br>0.0 mi from the park GPS point<br>Source: Kentucky State Parks (kygisserver.ky.gov)<br><a href="https://www.google.com/maps/search/?api=1&amp;query=37.6762,-83.02173">Open in Google Maps</a>]]></description><Point><coordinates>-83.02173,37.6762,0</coordinates></Point></Placemark><Placemark><name>US-1253 · State Parks trailhead: Jane Beshear Trailhead</name><styleUrl>#acc_off</styleUrl><description><![CDATA[For US-1253 Dawkins Line Rail Trail State Park<br>Dawkins Line Rail Trail trailhead parking (Kentucky State Parks); check current trail alerts<br>0.0 mi from the park GPS point<br>Source: Kentucky State Parks (kygisserver.ky.gov)<br><a href="https://www.google.com/maps/search/?api=1&amp;query=37.68063,-83.03163">Open in Google Maps</a>]]></description><Point><coordinates>-83.03163,37.68063,0</coordinates></Point></Placemark></Folder><Folder><name>Official access — USFS site</name><Placemark><name>US-4484 · USFS site: S-Tree Road Sheltowee Trace</name><styleUrl>#acc_off</styleUrl><description><![CDATA[For US-4484 Daniel Boone National Forest<br>Trailhead, capacity 9<br>4.4 mi from the park GPS point<br>Source: U.S. Forest Service (kygisserver.ky.gov)<br><a href="https://www.google.com/maps/search/?api=1&amp;query=37.39013405,-84.07271426">Open in Google Maps</a>]]></description><Point><coordinates>-84.07271426,37.39013405,0</coordinates></Point></Placemark><Placemark><name>US-4484 · USFS site: Peabody Ohv Trailhead</name><styleUrl>#acc_off</styleUrl><description><![CDATA[For US-4484 Daniel Boone National Forest<br>Trailhead, capacity 196<br>29.8 mi from the park GPS point<br>Source: U.S. Forest Service (kygisserver.ky.gov)<br><a href="https://www.google.com/maps/search/?api=1&amp;query=37.14360869,-83.58006022">Open in Google Maps</a>]]></description><Point><coordinates>-83.58006022,37.14360869,0</coordinates></Point></Placemark><Placemark><name>US-4484 · USFS site: Pinch-Em-Tight Parking Lot</name><styleUrl>#acc_off</styleUrl><description><![CDATA[For US-4484 Daniel Boone National Forest<br>Trailhead, capacity 30<br>32.8 mi from the park GPS point<br>Source: U.S. Forest Service (kygisserver.ky.gov)<br><a href="https://www.google.com/maps/search/?api=1&amp;query=37.80529033,-83.65508786">Open in Google Maps</a>]]></description><Point><coordinates>-83.65508786,37.80529033,0</coordinates></Point></Placemark><Placemark><name>US-4484 · USFS site: Auxier Ridge Trailhead</name><styleUrl>#acc_off</styleUrl><description><![CDATA[For US-4484 Daniel Boone National Forest<br>Trailhead, capacity 50<br>32.9 mi from the park GPS point<br>Source: U.S. Forest Service (kygisserver.ky.gov)<br><a href="https://www.google.com/maps/search/?api=1&amp;query=37.81987565,-83.68086648">Open in Google Maps</a>]]></description><Point><coordinates>-83.68086648,37.81987565,0</coordinates></Point></Placemark><Placemark><name>US-4484 · USFS site: Sheltowee Trace Nrt Trailhead, 192  1193</name><styleUrl>#acc_off</styleUrl><description><![CDATA[For US-4484 Daniel Boone National Forest<br>Trailhead, capacity 25<br>32.9 mi from the park GPS point<br>Source: U.S. Forest Service (kygisserver.ky.gov)<br><a href="https://www.google.com/maps/search/?api=1&amp;query=36.99738457,-84.28446083">Open in Google Maps</a>]]></description><Point><coordinates>-84.28446083,36.99738457,0</coordinates></Point></Placemark><Placemark><name>US-4484 · USFS site: Martins Fork Parking Lot</name><styleUrl>#acc_off</styleUrl><description><![CDATA[For US-4484 Daniel Boone National Forest<br>Trailhead, capacity 20<br>33.3 mi from the park GPS point<br>Source: U.S. Forest Service (kygisserver.ky.gov)<br><a href="https://www.google.com/maps/search/?api=1&amp;query=37.82000624,-83.66715662">Open in Google Maps</a>]]></description><Point><coordinates>-83.66715662,37.82000624,0</coordinates></Point></Placemark><Placemark><name>US-4484 · USFS site: Rock Bridge Rec. Area</name><styleUrl>#acc_off</styleUrl><description><![CDATA[For US-4484 Daniel Boone National Forest<br>Trailhead, capacity 45<br>34.1 mi from the park GPS point<br>Source: U.S. Forest Service (kygisserver.ky.gov)<br><a href="https://www.google.com/maps/search/?api=1&amp;query=37.77089711,-83.56678467">Open in Google Maps</a>]]></description><Point><coordinates>-83.56678467,37.77089711,0</coordinates></Point></Placemark><Placemark><name>US-4484 · USFS site: Wildcat Parking Lot</name><styleUrl>#acc_off</styleUrl><description><![CDATA[For US-4484 Daniel Boone National Forest<br>Trailhead, capacity 25<br>34.1 mi from the park GPS point<br>Source: U.S. Forest Service (kygisserver.ky.gov)<br><a href="https://www.google.com/maps/search/?api=1&amp;query=37.79020955,-83.59287041">Open in Google Maps</a>]]></description><Point><coordinates>-83.59287041,37.79020955,0</coordinates></Point></Placemark><Placemark><name>US-4484 · USFS site: Rough Trail Parking Lot</name><styleUrl>#acc_off</styleUrl><description><![CDATA[For US-4484 Daniel Boone National Forest<br>Trailhead, capacity 60<br>34.2 mi from the park GPS point<br>Source: U.S. Forest Service (kygisserver.ky.gov)<br><a href="https://www.google.com/maps/search/?api=1&amp;query=37.80343181,-83.61093962">Open in Google Maps</a>]]></description><Point><coordinates>-83.61093962,37.80343181,0</coordinates></Point></Placemark><Placemark><name>US-4484 · USFS site: Angel Windows Parking Lot</name><styleUrl>#acc_off</styleUrl><description><![CDATA[For US-4484 Daniel Boone National Forest<br>Trailhead, capacity 35<br>34.6 mi from the park GPS point<br>Source: U.S. Forest Service (kygisserver.ky.gov)<br><a href="https://www.google.com/maps/search/?api=1&amp;query=37.798931,-83.59138607">Open in Google Maps</a>]]></description><Point><coordinates>-83.59138607,37.798931,0</coordinates></Point></Placemark><Placemark><name>US-4484 · USFS site: Stanton Sheltowee Parking Lot</name><styleUrl>#acc_off</styleUrl><description><![CDATA[For US-4484 Daniel Boone National Forest<br>Trailhead, capacity 50<br>34.7 mi from the park GPS point<br>Source: U.S. Forest Service (kygisserver.ky.gov)<br><a href="https://www.google.com/maps/search/?api=1&amp;query=37.82304754,-83.62814938">Open in Google Maps</a>]]></description><Point><coordinates>-83.62814938,37.82304754,0</coordinates></Point></Placemark><Placemark><name>US-4484 · USFS site: Sugar Creek Ohv Trailhead</name><styleUrl>#acc_off</styleUrl><description><![CDATA[For US-4484 Daniel Boone National Forest<br>Trailhead, capacity 28<br>34.8 mi from the park GPS point<br>Source: U.S. Forest Service (kygisserver.ky.gov)<br><a href="https://www.google.com/maps/search/?api=1&amp;query=37.12639657,-83.48399937">Open in Google Maps</a>]]></description><Point><coordinates>-83.48399937,37.12639657,0</coordinates></Point></Placemark><Placemark><name>US-4484 · USFS site: Swift Camp/Rough Trail Parking Lot</name><styleUrl>#acc_off</styleUrl><description><![CDATA[For US-4484 Daniel Boone National Forest<br>Trailhead, capacity 60<br>34.8 mi from the park GPS point<br>Source: U.S. Forest Service (kygisserver.ky.gov)<br><a href="https://www.google.com/maps/search/?api=1&amp;query=37.80090403,-83.58987312">Open in Google Maps</a>]]></description><Point><coordinates>-83.58987312,37.80090403,0</coordinates></Point></Placemark><Placemark><name>US-4484 · USFS site: Whistling Arch Parking Lot</name><styleUrl>#acc_off</styleUrl><description><![CDATA[For US-4484 Daniel Boone National Forest<br>Trailhead, capacity 25<br>35.1 mi from the park GPS point<br>Source: U.S. Forest Service (kygisserver.ky.gov)<br><a href="https://www.google.com/maps/search/?api=1&amp;query=37.80692906,-83.59069927">Open in Google Maps</a>]]></description><Point><coordinates>-83.59069927,37.80692906,0</coordinates></Point></Placemark><Placemark><name>US-4484 · USFS site: Indian Creek</name><styleUrl>#acc_off</styleUrl><description><![CDATA[For US-4484 Daniel Boone National Forest<br>Trailhead, capacity 100<br>35.5 mi from the park GPS point<br>Source: U.S. Forest Service (kygisserver.ky.gov)<br><a href="https://www.google.com/maps/search/?api=1&amp;query=37.86061,-83.67429">Open in Google Maps</a>]]></description><Point><coordinates>-83.67429,37.86061,0</coordinates></Point></Placemark><Placemark><name>US-4484 · USFS site: Bison Way Parking Lot</name><styleUrl>#acc_off</styleUrl><description><![CDATA[For US-4484 Daniel Boone National Forest<br>Trailhead, capacity 25<br>36.0 mi from the park GPS point<br>Source: U.S. Forest Service (kygisserver.ky.gov)<br><a href="https://www.google.com/maps/search/?api=1&amp;query=37.83683117,-83.60973282">Open in Google Maps</a>]]></description><Point><coordinates>-83.60973282,37.83683117,0</coordinates></Point></Placemark><Placemark><name>US-4484 · USFS site: Osborne Bend Trailhead</name><styleUrl>#acc_off</styleUrl><description><![CDATA[For US-4484 Daniel Boone National Forest<br>Trailhead, capacity 42<br>36.3 mi from the park GPS point<br>Source: U.S. Forest Service (kygisserver.ky.gov)<br><a href="https://www.google.com/maps/search/?api=1&amp;query=37.81998736,-83.575258">Open in Google Maps</a>]]></description><Point><coordinates>-83.575258,37.81998736,0</coordinates></Point></Placemark><Placemark><name>US-4484 · USFS site: Scuttlehole Trailhead</name><styleUrl>#acc_off</styleUrl><description><![CDATA[For US-4484 Daniel Boone National Forest<br>Trailhead, capacity 15<br>36.9 mi from the park GPS point<br>Source: U.S. Forest Service (kygisserver.ky.gov)<br><a href="https://www.google.com/maps/search/?api=1&amp;query=36.95840348,-84.34562448">Open in Google Maps</a>]]></description><Point><coordinates>-84.34562448,36.95840348,0</coordinates></Point></Placemark><Placemark><name>US-4484 · USFS site: Bear Creek Ohv Trailhead</name><styleUrl>#acc_off</styleUrl><description><![CDATA[For US-4484 Daniel Boone National Forest<br>Trailhead, capacity 35<br>37.4 mi from the park GPS point<br>Source: U.S. Forest Service (kygisserver.ky.gov)<br><a href="https://www.google.com/maps/search/?api=1&amp;query=37.02263601,-83.53310095">Open in Google Maps</a>]]></description><Point><coordinates>-83.53310095,37.02263601,0</coordinates></Point></Placemark><Placemark><name>US-4484 · USFS site: Corner Ridge Trailhead</name><styleUrl>#acc_off</styleUrl><description><![CDATA[For US-4484 Daniel Boone National Forest<br>Trailhead, capacity 15<br>39.4 mi from the park GPS point<br>Source: U.S. Forest Service (kygisserver.ky.gov)<br><a href="https://www.google.com/maps/search/?api=1&amp;query=37.88649253,-83.59333158">Open in Google Maps</a>]]></description><Point><coordinates>-83.59333158,37.88649253,0</coordinates></Point></Placemark><Placemark><name>US-4484 · USFS site: Bowman'S Ridge Trailhead</name><styleUrl>#acc_off</styleUrl><description><![CDATA[For US-4484 Daniel Boone National Forest<br>Trailhead, capacity 18<br>41.6 mi from the park GPS point<br>Source: U.S. Forest Service (kygisserver.ky.gov)<br><a href="https://www.google.com/maps/search/?api=1&amp;query=36.92165165,-84.42911344">Open in Google Maps</a>]]></description><Point><coordinates>-84.42911344,36.92165165,0</coordinates></Point></Placemark><Placemark><name>US-4484 · USFS site: Swain Ridge</name><styleUrl>#acc_off</styleUrl><description><![CDATA[For US-4484 Daniel Boone National Forest<br>Trailhead, capacity 35<br>42.1 mi from the park GPS point<br>Source: U.S. Forest Service (kygisserver.ky.gov)<br><a href="https://www.google.com/maps/search/?api=1&amp;query=36.90890848,-84.42302504">Open in Google Maps</a>]]></description><Point><coordinates>-84.42302504,36.90890848,0</coordinates></Point></Placemark><Placemark><name>US-4484 · USFS site: Three Forks Of Beaver</name><styleUrl>#acc_off</styleUrl><description><![CDATA[For US-4484 Daniel Boone National Forest<br>Trailhead, capacity 25<br>43.0 mi from the park GPS point<br>Source: U.S. Forest Service (kygisserver.ky.gov)<br><a href="https://www.google.com/maps/search/?api=1&amp;query=36.907071,-84.448427">Open in Google Maps</a>]]></description><Point><coordinates>-84.448427,36.907071,0</coordinates></Point></Placemark><Placemark><name>US-4484 · USFS site: Middle Fork</name><styleUrl>#acc_off</styleUrl><description><![CDATA[For US-4484 Daniel Boone National Forest<br>Trailhead, capacity 20<br>46.2 mi from the park GPS point<br>Source: U.S. Forest Service (kygisserver.ky.gov)<br><a href="https://www.google.com/maps/search/?api=1&amp;query=36.86467777,-84.47439516">Open in Google Maps</a>]]></description><Point><coordinates>-84.47439516,36.86467777,0</coordinates></Point></Placemark><Placemark><name>US-4484 · USFS site: Glady Trailhead</name><styleUrl>#acc_off</styleUrl><description><![CDATA[For US-4484 Daniel Boone National Forest<br>Trailhead, capacity 20<br>49.0 mi from the park GPS point<br>Source: U.S. Forest Service (kygisserver.ky.gov)<br><a href="https://www.google.com/maps/search/?api=1&amp;query=38.03035838,-83.54936019">Open in Google Maps</a>]]></description><Point><coordinates>-83.54936019,38.03035838,0</coordinates></Point></Placemark><Placemark><name>US-4484 · USFS site: Panoramic Trailhead</name><styleUrl>#acc_off</styleUrl><description><![CDATA[For US-4484 Daniel Boone National Forest<br>Trailhead, capacity 25<br>49.4 mi from the park GPS point<br>Source: U.S. Forest Service (kygisserver.ky.gov)<br><a href="https://www.google.com/maps/search/?api=1&amp;query=36.840356,-84.530831">Open in Google Maps</a>]]></description><Point><coordinates>-84.530831,36.840356,0</coordinates></Point></Placemark><Placemark><name>US-4484 · USFS site: Hwy 27 Sheltowee Trace</name><styleUrl>#acc_off</styleUrl><description><![CDATA[For US-4484 Daniel Boone National Forest<br>Trailhead, capacity 25<br>51.1 mi from the park GPS point<br>Source: U.S. Forest Service (kygisserver.ky.gov)<br><a href="https://www.google.com/maps/search/?api=1&amp;query=36.784947,-84.481972">Open in Google Maps</a>]]></description><Point><coordinates>-84.481972,36.784947,0</coordinates></Point></Placemark><Placemark><name>US-4484 · USFS site: Barren Fork Heritage Trail Trailhead</name><styleUrl>#acc_off</styleUrl><description><![CDATA[For US-4484 Daniel Boone National Forest<br>Trailhead, capacity 64<br>51.2 mi from the park GPS point<br>Source: U.S. Forest Service (kygisserver.ky.gov)<br><a href="https://www.google.com/maps/search/?api=1&amp;query=36.77717,-84.46841">Open in Google Maps</a>]]></description><Point><coordinates>-84.46841,36.77717,0</coordinates></Point></Placemark><Placemark><name>US-4484 · USFS site: White Sulphur Ohv Trailhead</name><styleUrl>#acc_off</styleUrl><description><![CDATA[For US-4484 Daniel Boone National Forest<br>Trailhead, capacity 40<br>52.0 mi from the park GPS point<br>Source: U.S. Forest Service (kygisserver.ky.gov)<br><a href="https://www.google.com/maps/search/?api=1&amp;query=38.09301978,-83.58178841">Open in Google Maps</a>]]></description><Point><coordinates>-83.58178841,38.09301978,0</coordinates></Point></Placemark><Placemark><name>US-4484 · USFS site: Laurel Creek</name><styleUrl>#acc_off</styleUrl><description><![CDATA[For US-4484 Daniel Boone National Forest<br>Trailhead, capacity 10<br>52.5 mi from the park GPS point<br>Source: U.S. Forest Service (kygisserver.ky.gov)<br><a href="https://www.google.com/maps/search/?api=1&amp;query=36.72809628,-84.40372817">Open in Google Maps</a>]]></description><Point><coordinates>-84.40372817,36.72809628,0</coordinates></Point></Placemark><Placemark><name>US-4484 · USFS site: Sellers Ridge Ohv Trailhead</name><styleUrl>#acc_off</styleUrl><description><![CDATA[For US-4484 Daniel Boone National Forest<br>Trailhead, capacity 11<br>53.3 mi from the park GPS point<br>Source: U.S. Forest Service (kygisserver.ky.gov)<br><a href="https://www.google.com/maps/search/?api=1&amp;query=36.75852718,-84.5031252">Open in Google Maps</a>]]></description><Point><coordinates>-84.5031252,36.75852718,0</coordinates></Point></Placemark><Placemark><name>US-4484 · USFS site: Lick Creek</name><styleUrl>#acc_off</styleUrl><description><![CDATA[For US-4484 Daniel Boone National Forest<br>Trailhead, capacity 11<br>55.3 mi from the park GPS point<br>Source: U.S. Forest Service (kygisserver.ky.gov)<br><a href="https://www.google.com/maps/search/?api=1&amp;query=36.71518621,-84.48148773">Open in Google Maps</a>]]></description><Point><coordinates>-84.48148773,36.71518621,0</coordinates></Point></Placemark><Placemark><name>US-4484 · USFS site: Sheltowee Trace North Terminus</name><styleUrl>#acc_off</styleUrl><description><![CDATA[For US-4484 Daniel Boone National Forest<br>Trailhead, capacity 15<br>74.1 mi from the park GPS point<br>Source: U.S. Forest Service (kygisserver.ky.gov)<br><a href="https://www.google.com/maps/search/?api=1&amp;query=38.38523916,-83.41632573">Open in Google Maps</a>]]></description><Point><coordinates>-83.41632573,38.38523916,0</coordinates></Point></Placemark></Folder></Document></kml>