<?xml version="1.0" encoding="UTF-8"?>
<gpx version="1.1" creator="Kentucky Portable Club" xmlns="http://www.topografix.com/GPX/1/1">
<metadata><name>KPC Kentucky WWFF (KFF) References</name></metadata>
<wpt lat="36.60383" lon="-83.67406"><name>KFF-0019 Cumberland Gap (KY)</name><desc>Cumberland Gap (KY)
WWFF Logsearch: https://logsearch.wwff.co/directory/KFF-0019
Matching POTA park: US-0019 Cumberland Gap National Historical Park — https://next.pota.app/park/US-0019
Official map: https://www.nps.gov/cuga/planyourvisit/upload/CUGAmap1-3.pdf
Website: https://www.nps.gov/cuga/index.htm
Verify WWFF rules and boundaries before activating.</desc><link href="https://logsearch.wwff.co/directory/KFF-0019"><text>WWFF Logsearch</text></link><type>WWFF reference</type></wpt>
<wpt lat="37.18771" lon="-86.09425"><name>KFF-0050 Mammoth Cave</name><desc>Mammoth Cave
WWFF Logsearch: https://logsearch.wwff.co/directory/KFF-0050
Matching POTA park: US-0050 Mammoth Cave National Park — https://next.pota.app/park/US-0050
Official map: https://www.nps.gov/maca/planyourvisit/maps.htm
Website: https://www.nps.gov/maca/index.htm
Verify WWFF rules and boundaries before activating.</desc><link href="https://logsearch.wwff.co/directory/KFF-0050"><text>WWFF Logsearch</text></link><type>WWFF reference</type></wpt>
<wpt lat="36.87994" lon="-88.34536"><name>KFF-0295 Clarks River</name><desc>Clarks River
WWFF Logsearch: https://logsearch.wwff.co/directory/KFF-0295
Matching POTA park: US-0295 Clarks River National Wildlife Refuge — https://next.pota.app/park/US-0295
Official map: https://www.fws.gov/sites/default/files/documents/2024-08/public-map-july-2024.pdf
Website: https://www.fws.gov/refuge/clarks-river
Verify WWFF rules and boundaries before activating.</desc><link href="https://logsearch.wwff.co/directory/KFF-0295"><text>WWFF Logsearch</text></link><type>WWFF reference</type></wpt>
<wpt lat="37.61146" lon="-85.63711"><name>KFF-0724 Abraham Lincoln Birthplace</name><desc>Abraham Lincoln Birthplace
WWFF Logsearch: https://logsearch.wwff.co/directory/KFF-0724
Matching POTA park: US-0724 Abraham Lincoln Birthplace National Historic Site — https://next.pota.app/park/US-0724
Official map: https://www.nps.gov/abli/planyourvisit/maps.htm
Website: https://www.nps.gov/abli/index.htm
Verify WWFF rules and boundaries before activating.</desc><link href="https://logsearch.wwff.co/directory/KFF-0724"><text>WWFF Logsearch</text></link><type>WWFF reference</type></wpt>
<wpt lat="37.23085" lon="-83.00133"><name>KFF-1251 Carr Creek</name><desc>Carr Creek
WWFF Logsearch: https://logsearch.wwff.co/directory/KFF-1251
Matching POTA park: US-1251 Carr Creek State Park — https://next.pota.app/park/US-1251
Official map: https://fw.ky.gov/More/Documents/carrcreeklakewma_all.pdf
Verify WWFF rules and boundaries before activating.</desc><link href="https://logsearch.wwff.co/directory/KFF-1251"><text>WWFF Logsearch</text></link><type>WWFF reference</type></wpt>
<wpt lat="36.76289" lon="-89.10957"><name>KFF-1252 Columbus Belmont</name><desc>Columbus Belmont
WWFF Logsearch: https://logsearch.wwff.co/directory/KFF-1252
Matching POTA park: US-1252 Columbus Belmont State Park — https://next.pota.app/park/US-1252
Website: https://parks.ky.gov/columbus/parks/historic/columbus-belmont-state-park
Verify WWFF rules and boundaries before activating.</desc><link href="https://logsearch.wwff.co/directory/KFF-1252"><text>WWFF Logsearch</text></link><type>WWFF reference</type></wpt>
<wpt lat="37.73721" lon="-82.89674"><name>KFF-1253 Dawkins Line Rail Trail</name><desc>Dawkins Line Rail Trail
WWFF Logsearch: https://logsearch.wwff.co/directory/KFF-1253
Matching POTA park: US-1253 Dawkins Line Rail Trail State Park — https://next.pota.app/park/US-1253
Official map: https://parks.ky.gov/explore/dawkins-line-rail-trail-7831
Website: https://parks.ky.gov/swamp-branch/parks/recreation/dawkins-line-rail-trail
Verify WWFF rules and boundaries before activating.</desc><link href="https://logsearch.wwff.co/directory/KFF-1253"><text>WWFF Logsearch</text></link><type>WWFF reference</type></wpt>
<wpt lat="38.28627" lon="-85.55821"><name>KFF-1254 E.P. "Tom" Sawyer</name><desc>E.P. "Tom" Sawyer
WWFF Logsearch: https://logsearch.wwff.co/directory/KFF-1254
Matching POTA park: US-1254 E.P. 'Tom' Sawyer State Park — https://next.pota.app/park/US-1254
Website: https://parks.ky.gov/louisville/parks/recreation/ep-tom-sawyer-state-park
Verify WWFF rules and boundaries before activating.</desc><link href="https://logsearch.wwff.co/directory/KFF-1254"><text>WWFF Logsearch</text></link><type>WWFF reference</type></wpt>
<wpt lat="37.43954" lon="-82.41975"><name>KFF-1255 Fishtrap Lake</name><desc>Fishtrap Lake
WWFF Logsearch: https://logsearch.wwff.co/directory/KFF-1255
Matching POTA park: US-1255 Fishtrap Lake Wildlife Management Area — https://next.pota.app/park/US-1255
Official map: https://fw.ky.gov/More/Documents/FishtrapLakeWMA_All.pdf
Website: https://app.fw.ky.gov/Public_Lands_Search/detail.aspx?Kdfwr_id=25
Verify WWFF rules and boundaries before activating.</desc><link href="https://logsearch.wwff.co/directory/KFF-1255"><text>WWFF Logsearch</text></link><type>WWFF reference</type></wpt>
<wpt lat="37.89400" lon="-84.27297"><name>KFF-1256 Fort Boonesborough</name><desc>Fort Boonesborough
WWFF Logsearch: https://logsearch.wwff.co/directory/KFF-1256
Matching POTA park: US-1256 Fort Boonesborough State Park — https://next.pota.app/park/US-1256
Website: https://parks.ky.gov/richmond/parks/historic/fort-boonesborough-state-park
Verify WWFF rules and boundaries before activating.</desc><link href="https://logsearch.wwff.co/directory/KFF-1256"><text>WWFF Logsearch</text></link><type>WWFF reference</type></wpt>
<wpt lat="36.97399" lon="-84.60343"><name>KFF-1257 General Burnside</name><desc>General Burnside
WWFF Logsearch: https://logsearch.wwff.co/directory/KFF-1257
Matching POTA park: US-1257 General Burnside State Park — https://next.pota.app/park/US-1257
Official map: https://fw.ky.gov/More/Documents/LakeCumberlandWMA_ALL.pdf
Website: https://parks.ky.gov/burnside/parks/recreation/general-burnside-island-state-park
Verify WWFF rules and boundaries before activating.</desc><link href="https://logsearch.wwff.co/directory/KFF-1257"><text>WWFF Logsearch</text></link><type>WWFF reference</type></wpt>
<wpt lat="38.19971" lon="-83.02662"><name>KFF-1258 Grayson Lake</name><desc>Grayson Lake
WWFF Logsearch: https://logsearch.wwff.co/directory/KFF-1258
Matching POTA park: US-1258 Grayson Lake State Park — https://next.pota.app/park/US-1258
Website: https://parks.ky.gov/olive-hill/parks/recreation/grayson-lake-state-park
Verify WWFF rules and boundaries before activating.</desc><link href="https://logsearch.wwff.co/directory/KFF-1258"><text>WWFF Logsearch</text></link><type>WWFF reference</type></wpt>
<wpt lat="37.27746" lon="-85.33870"><name>KFF-1259 Green River Lake</name><desc>Green River Lake
WWFF Logsearch: https://logsearch.wwff.co/directory/KFF-1259
Matching POTA park: US-1259 Green River Lake State Park — https://next.pota.app/park/US-1259
Official map: https://fw.ky.gov/More/Documents/GreenRiverLakeWMA_ALL.pdf
Website: https://parks.ky.gov/campbellsville/parks/recreation/green-river-lake-state-park
Verify WWFF rules and boundaries before activating.</desc><link href="https://logsearch.wwff.co/directory/KFF-1259"><text>WWFF Logsearch</text></link><type>WWFF reference</type></wpt>
<wpt lat="37.88028" lon="-87.55994"><name>KFF-1260 John James Audubon</name><desc>John James Audubon
WWFF Logsearch: https://logsearch.wwff.co/directory/KFF-1260
Matching POTA park: US-1260 John James Audubon State Park — https://next.pota.app/park/US-1260
Website: https://parks.ky.gov/henderson/parks/historic/john-james-audubon-state-park
Verify WWFF rules and boundaries before activating.</desc><link href="https://logsearch.wwff.co/directory/KFF-1260"><text>WWFF Logsearch</text></link><type>WWFF reference</type></wpt>
<wpt lat="38.72247" lon="-84.28788"><name>KFF-1261 Kincaid Lake</name><desc>Kincaid Lake
WWFF Logsearch: https://logsearch.wwff.co/directory/KFF-1261
Matching POTA park: US-1261 Kincaid Lake State Park — https://next.pota.app/park/US-1261
Website: https://parks.ky.gov/falmouth/parks/recreation/kincaid-lake-state-park
Verify WWFF rules and boundaries before activating.</desc><link href="https://logsearch.wwff.co/directory/KFF-1261"><text>WWFF Logsearch</text></link><type>WWFF reference</type></wpt>
<wpt lat="36.99214" lon="-82.97974"><name>KFF-1262 Kingdom Come</name><desc>Kingdom Come
WWFF Logsearch: https://logsearch.wwff.co/directory/KFF-1262
Matching POTA park: US-1262 Kingdom Come State Park — https://next.pota.app/park/US-1262
Website: https://parks.ky.gov/cumberland/parks/recreation/kingdom-come-state-park
Verify WWFF rules and boundaries before activating.</desc><link href="https://logsearch.wwff.co/directory/KFF-1262"><text>WWFF Logsearch</text></link><type>WWFF reference</type></wpt>
<wpt lat="37.07105" lon="-87.05545"><name>KFF-1263 Lake Malone</name><desc>Lake Malone
WWFF Logsearch: https://logsearch.wwff.co/directory/KFF-1263
Matching POTA park: US-1263 Lake Malone State Park — https://next.pota.app/park/US-1263
Website: https://parks.ky.gov/dunmor/parks/recreation/lake-malone-state-park
Verify WWFF rules and boundaries before activating.</desc><link href="https://logsearch.wwff.co/directory/KFF-1263"><text>WWFF Logsearch</text></link><type>WWFF reference</type></wpt>
<wpt lat="37.08384" lon="-84.05489"><name>KFF-1264 Levi Jackson Wilderness Road</name><desc>Levi Jackson Wilderness Road
WWFF Logsearch: https://logsearch.wwff.co/directory/KFF-1264
Matching POTA park: US-1264 Levi Jackson Wilderness Road State Park — https://next.pota.app/park/US-1264
Official map: https://levijacksonpark.com/wp-content/uploads/2023/06/levi-jackson-park-map-2023.pdf
Website: https://levijacksonpark.com/
Verify WWFF rules and boundaries before activating.</desc><link href="https://logsearch.wwff.co/directory/KFF-1264"><text>WWFF Logsearch</text></link><type>WWFF reference</type></wpt>
<wpt lat="37.76072" lon="-85.21402"><name>KFF-1265 Lincoln Homestead</name><desc>Lincoln Homestead
WWFF Logsearch: https://logsearch.wwff.co/directory/KFF-1265
Matching POTA park: US-1265 Lincoln Homestead State Park — https://next.pota.app/park/US-1265
Website: https://parks.ky.gov/springfield/parks/historic/lincoln-homestead-state-park
Verify WWFF rules and boundaries before activating.</desc><link href="https://logsearch.wwff.co/directory/KFF-1265"><text>WWFF Logsearch</text></link><type>WWFF reference</type></wpt>
<wpt lat="37.06032" lon="-88.08636"><name>KFF-1266 Mineral Mounds</name><desc>Mineral Mounds
WWFF Logsearch: https://logsearch.wwff.co/directory/KFF-1266
Matching POTA park: US-1266 Mineral Mounds State Park — https://next.pota.app/park/US-1266
Website: https://parks.ky.gov/eddyville/parks/recreation/mineral-mound-state-park
Verify WWFF rules and boundaries before activating.</desc><link href="https://logsearch.wwff.co/directory/KFF-1266"><text>WWFF Logsearch</text></link><type>WWFF reference</type></wpt>
<wpt lat="37.80709" lon="-85.45592"><name>KFF-1267 My Old Kentucky Home</name><desc>My Old Kentucky Home
WWFF Logsearch: https://logsearch.wwff.co/directory/KFF-1267
Matching POTA park: US-1267 My Old Kentucky Home State Park — https://next.pota.app/park/US-1267
Website: https://parks.ky.gov/bardstown/parks/historic/my-old-kentucky-home-state-park
Verify WWFF rules and boundaries before activating.</desc><link href="https://logsearch.wwff.co/directory/KFF-1267"><text>WWFF Logsearch</text></link><type>WWFF reference</type></wpt>
<wpt lat="37.29686" lon="-86.21173"><name>KFF-1268 Nolin Lake</name><desc>Nolin Lake
WWFF Logsearch: https://logsearch.wwff.co/directory/KFF-1268
Matching POTA park: US-1268 Nolin Lake State Park — https://next.pota.app/park/US-1268
Website: https://parks.ky.gov/mammoth-cave/parks/recreation/nolin-lake-state-park
Verify WWFF rules and boundaries before activating.</desc><link href="https://logsearch.wwff.co/directory/KFF-1268"><text>WWFF Logsearch</text></link><type>WWFF reference</type></wpt>
<wpt lat="37.76178" lon="-84.84572"><name>KFF-1269 Old Fort Harrod</name><desc>Old Fort Harrod
WWFF Logsearch: https://logsearch.wwff.co/directory/KFF-1269
Matching POTA park: US-1269 Old Fort Harrod State Park — https://next.pota.app/park/US-1269
Website: https://parks.ky.gov/harrodsburg/parks/historic/old-fort-harrod-state-park
Verify WWFF rules and boundaries before activating.</desc><link href="https://logsearch.wwff.co/directory/KFF-1269"><text>WWFF Logsearch</text></link><type>WWFF reference</type></wpt>
<wpt lat="37.84369" lon="-82.87348"><name>KFF-1270 Paintsville Lake</name><desc>Paintsville Lake
WWFF Logsearch: https://logsearch.wwff.co/directory/KFF-1270
Matching POTA park: US-1270 Paintsville Lake State Park — https://next.pota.app/park/US-1270
Website: https://parks.ky.gov/staffordsville/parks/recreation/paintsville-lake-state-park
Verify WWFF rules and boundaries before activating.</desc><link href="https://logsearch.wwff.co/directory/KFF-1270"><text>WWFF Logsearch</text></link><type>WWFF reference</type></wpt>
<wpt lat="38.02983" lon="-85.24966"><name>KFF-1271 Taylorsville Lake</name><desc>Taylorsville Lake
WWFF Logsearch: https://logsearch.wwff.co/directory/KFF-1271
Matching POTA park: US-1271 Taylorsville Lake State Park — https://next.pota.app/park/US-1271
Website: https://parks.ky.gov/mount-eden/parks/recreation/taylorsville-lake-state-park
Verify WWFF rules and boundaries before activating.</desc><link href="https://logsearch.wwff.co/directory/KFF-1271"><text>WWFF Logsearch</text></link><type>WWFF reference</type></wpt>
<wpt lat="38.09653" lon="-82.68243"><name>KFF-1272 Yatesville Lake</name><desc>Yatesville Lake
WWFF Logsearch: https://logsearch.wwff.co/directory/KFF-1272
Matching POTA park: US-1272 Yatesville Lake State Park — https://next.pota.app/park/US-1272
Website: https://parks.ky.gov/louisa/parks/recreation/yatesville-lake-state-park
Verify WWFF rules and boundaries before activating.</desc><link href="https://logsearch.wwff.co/directory/KFF-1272"><text>WWFF Logsearch</text></link><type>WWFF reference</type></wpt>
<wpt lat="36.86064" lon="-86.05991"><name>KFF-1273 Barren River Lake</name><desc>Barren River Lake
WWFF Logsearch: https://logsearch.wwff.co/directory/KFF-1273
Matching POTA park: US-1273 Barren River Lake State Park — https://next.pota.app/park/US-1273
Official map: https://fw.ky.gov/More/Documents/barren_river_lake_all.pdf
Website: https://parks.ky.gov/lucas/parks/resort/barren-river-lake-state-resort-park
Verify WWFF rules and boundaries before activating.</desc><link href="https://logsearch.wwff.co/directory/KFF-1273"><text>WWFF Logsearch</text></link><type>WWFF reference</type></wpt>
<wpt lat="38.42923" lon="-83.99198"><name>KFF-1274 Blue Licks Battlefield</name><desc>Blue Licks Battlefield
WWFF Logsearch: https://logsearch.wwff.co/directory/KFF-1274
Matching POTA park: US-1274 Blue Licks Battlefield State Park — https://next.pota.app/park/US-1274
Website: https://parks.ky.gov/carlisle/parks/historic/blue-licks-battlefield-state-resort-park
Verify WWFF rules and boundaries before activating.</desc><link href="https://logsearch.wwff.co/directory/KFF-1274"><text>WWFF Logsearch</text></link><type>WWFF reference</type></wpt>
<wpt lat="37.30618" lon="-83.44608"><name>KFF-1275 Buckhorn Lake</name><desc>Buckhorn Lake
WWFF Logsearch: https://logsearch.wwff.co/directory/KFF-1275
Matching POTA park: US-1275 Buckhorn Lake State Park — https://next.pota.app/park/US-1275
Official map: https://fw.ky.gov/More/Documents/BuckhornLakeWMA_ALL.pdf
Verify WWFF rules and boundaries before activating.</desc><link href="https://logsearch.wwff.co/directory/KFF-1275"><text>WWFF Logsearch</text></link><type>WWFF reference</type></wpt>
<wpt lat="38.37304" lon="-83.12737"><name>KFF-1276 Carter Caves</name><desc>Carter Caves
WWFF Logsearch: https://logsearch.wwff.co/directory/KFF-1276
Matching POTA park: US-1276 Carter Caves State Park — https://next.pota.app/park/US-1276
Official map: https://Eec.ky.gov/Natural-Resources/Forestry/Documents/TygartsStateForest_ALL.pdf
Website: https://parks.ky.gov/olive-hill/parks/resort/carter-caves-state-resort-park
Verify WWFF rules and boundaries before activating.</desc><link href="https://logsearch.wwff.co/directory/KFF-1276"><text>WWFF Logsearch</text></link><type>WWFF reference</type></wpt>
<wpt lat="36.84039" lon="-84.33981"><name>KFF-1277 Cumberland Falls</name><desc>Cumberland Falls
WWFF Logsearch: https://logsearch.wwff.co/directory/KFF-1277
Matching POTA park: US-1277 Cumberland Falls State Park — https://next.pota.app/park/US-1277
Official map: https://parks.ky.gov/parks/find-a-park/cumberland-falls-state-resort-park-7786
Website: https://parks.ky.gov/corbin/parks/resort/cumberland-falls-state-resort-park
Verify WWFF rules and boundaries before activating.</desc><link href="https://logsearch.wwff.co/directory/KFF-1277"><text>WWFF Logsearch</text></link><type>WWFF reference</type></wpt>
<wpt lat="36.65169" lon="-85.29811"><name>KFF-1278 Dale Hollow</name><desc>Dale Hollow
WWFF Logsearch: https://logsearch.wwff.co/directory/KFF-1278
Matching POTA park: US-1278 Dale Hollow State Park — https://next.pota.app/park/US-1278
Website: https://parks.ky.gov/burkesville/parks/resort/dale-hollow-lake-state-resort-park
Verify WWFF rules and boundaries before activating.</desc><link href="https://logsearch.wwff.co/directory/KFF-1278"><text>WWFF Logsearch</text></link><type>WWFF reference</type></wpt>
<wpt lat="38.67028" lon="-85.15317"><name>KFF-1279 General Butler</name><desc>General Butler
WWFF Logsearch: https://logsearch.wwff.co/directory/KFF-1279
Matching POTA park: US-1279 General Butler State Park — https://next.pota.app/park/US-1279
Website: https://parks.ky.gov/carrollton/parks/historic/general-butler-state-resort-park
Verify WWFF rules and boundaries before activating.</desc><link href="https://logsearch.wwff.co/directory/KFF-1279"><text>WWFF Logsearch</text></link><type>WWFF reference</type></wpt>
<wpt lat="38.48071" lon="-82.87319"><name>KFF-1280 Greenbo Lake</name><desc>Greenbo Lake
WWFF Logsearch: https://logsearch.wwff.co/directory/KFF-1280
Matching POTA park: US-1280 Greenbo Lake State Park — https://next.pota.app/park/US-1280
Website: https://parks.ky.gov/ashland/parks/historic/greenbo-lake-state-resort-park
Verify WWFF rules and boundaries before activating.</desc><link href="https://logsearch.wwff.co/directory/KFF-1280"><text>WWFF Logsearch</text></link><type>WWFF reference</type></wpt>
<wpt lat="37.69293" lon="-82.72530"><name>KFF-1281 Jenny Wiley</name><desc>Jenny Wiley
WWFF Logsearch: https://logsearch.wwff.co/directory/KFF-1281
Matching POTA park: US-1281 Jenny Wiley State Park — https://next.pota.app/park/US-1281
Website: https://parks.ky.gov/prestonsburg/parks/resort/jenny-wiley-state-resort-park
Verify WWFF rules and boundaries before activating.</desc><link href="https://logsearch.wwff.co/directory/KFF-1281"><text>WWFF Logsearch</text></link><type>WWFF reference</type></wpt>
<wpt lat="36.75973" lon="-88.13841"><name>KFF-1282 Kenlake</name><desc>Kenlake
WWFF Logsearch: https://logsearch.wwff.co/directory/KFF-1282
Matching POTA park: US-1282 Kenlake State Park — https://next.pota.app/park/US-1282
Website: https://parks.ky.gov/hardin/parks/resort/kenlake-state-resort-park
Verify WWFF rules and boundaries before activating.</desc><link href="https://logsearch.wwff.co/directory/KFF-1282"><text>WWFF Logsearch</text></link><type>WWFF reference</type></wpt>
<wpt lat="36.99825" lon="-88.28876"><name>KFF-1283 Kentucky Dam Village</name><desc>Kentucky Dam Village
WWFF Logsearch: https://logsearch.wwff.co/directory/KFF-1283
Matching POTA park: US-1283 Kentucky Dam Village State Park — https://next.pota.app/park/US-1283
Website: https://parks.ky.gov/gilbertsville/parks/resort/kentucky-dam-village-state-resort-park
Verify WWFF rules and boundaries before activating.</desc><link href="https://logsearch.wwff.co/directory/KFF-1283"><text>WWFF Logsearch</text></link><type>WWFF reference</type></wpt>
<wpt lat="36.84946" lon="-87.93195"><name>KFF-1284 Lake Barkley</name><desc>Lake Barkley
WWFF Logsearch: https://logsearch.wwff.co/directory/KFF-1284
Matching POTA park: US-1284 Lake Barkley State Park — https://next.pota.app/park/US-1284
Website: https://parks.ky.gov/cadiz/parks/resort/lake-barkley-state-resort-park
Verify WWFF rules and boundaries before activating.</desc><link href="https://logsearch.wwff.co/directory/KFF-1284"><text>WWFF Logsearch</text></link><type>WWFF reference</type></wpt>
<wpt lat="36.90833" lon="-85.05764"><name>KFF-1285 Lake Cumberland</name><desc>Lake Cumberland
WWFF Logsearch: https://logsearch.wwff.co/directory/KFF-1285
Matching POTA park: US-1285 Lake Cumberland State Park — https://next.pota.app/park/US-1285
Website: https://parks.ky.gov/jamestown/parks/resort/lake-cumberland-state-resort-park
Verify WWFF rules and boundaries before activating.</desc><link href="https://logsearch.wwff.co/directory/KFF-1285"><text>WWFF Logsearch</text></link><type>WWFF reference</type></wpt>
<wpt lat="37.77692" lon="-83.68837"><name>KFF-1286 Natural Bridge</name><desc>Natural Bridge
WWFF Logsearch: https://logsearch.wwff.co/directory/KFF-1286
Matching POTA park: US-1286 Natural Bridge State Park — https://next.pota.app/park/US-1286
Official map: https://parks.ky.gov/explore/natural-bridge-state-resort-park-7796
Website: https://parks.ky.gov/slade/parks/resort/natural-bridge-state-resort-park
Verify WWFF rules and boundaries before activating.</desc><link href="https://logsearch.wwff.co/directory/KFF-1286"><text>WWFF Logsearch</text></link><type>WWFF reference</type></wpt>
<wpt lat="37.07247" lon="-87.66307"><name>KFF-1287 Pennyrile Forest</name><desc>Pennyrile Forest
WWFF Logsearch: https://logsearch.wwff.co/directory/KFF-1287
Matching POTA park: US-1287 Pennyrile Forest State Park — https://next.pota.app/park/US-1287
Official map: https://www.kentuckytourism.com/media/docs/default-source/listing-documents/park-map08cc7e0a-9307-47b3-85e9-29db02ce7648.pdf?sfvrsn=145d90d5_2
Website: https://parks.ky.gov/dawson-springs/parks/resort/pennyrile-forest-state-resort-park
Verify WWFF rules and boundaries before activating.</desc><link href="https://logsearch.wwff.co/directory/KFF-1287"><text>WWFF Logsearch</text></link><type>WWFF reference</type></wpt>
<wpt lat="36.74721" lon="-83.71239"><name>KFF-1288 Pine Mountain</name><desc>Pine Mountain
WWFF Logsearch: https://logsearch.wwff.co/directory/KFF-1288
Matching POTA park: US-1288 Pine Mountain State Park — https://next.pota.app/park/US-1288
Website: https://parks.ky.gov/pineville/parks/resort/pine-mountain-state-resort-park
Verify WWFF rules and boundaries before activating.</desc><link href="https://logsearch.wwff.co/directory/KFF-1288"><text>WWFF Logsearch</text></link><type>WWFF reference</type></wpt>
<wpt lat="37.61037" lon="-86.50534"><name>KFF-1289 Rough River Dam</name><desc>Rough River Dam
WWFF Logsearch: https://logsearch.wwff.co/directory/KFF-1289
Matching POTA park: US-1289 Rough River Dam State Park — https://next.pota.app/park/US-1289
Website: https://parks.ky.gov/falls-rough/parks/resort/rough-river-dam-state-resort-park
Verify WWFF rules and boundaries before activating.</desc><link href="https://logsearch.wwff.co/directory/KFF-1289"><text>WWFF Logsearch</text></link><type>WWFF reference</type></wpt>
<wpt lat="38.88694" lon="-84.74778"><name>KFF-3779 Big Bone Lick</name><desc>Big Bone Lick
WWFF Logsearch: https://logsearch.wwff.co/directory/KFF-3779
Matching POTA park: US-3779 Big Bone Lick State Historic Site — https://next.pota.app/park/US-3779
Website: https://parks.ky.gov/union/parks/historic/big-bone-lick-state-historic-site
Verify WWFF rules and boundaries before activating.</desc><link href="https://logsearch.wwff.co/directory/KFF-3779"><text>WWFF Logsearch</text></link><type>WWFF reference</type></wpt>
<wpt lat="37.30260" lon="-82.31215"><name>KFF-3781 Breaks Interstate Park</name><desc>Breaks Interstate Park
WWFF Logsearch: https://logsearch.wwff.co/directory/KFF-3781
Matching POTA park: US-3781 Breaks Interstate State Park — https://next.pota.app/park/US-3781
Official map: https://www.breakspark.com/parkmap
Website: https://www.breakspark.com/
Verify WWFF rules and boundaries before activating.</desc><link href="https://logsearch.wwff.co/directory/KFF-3781"><text>WWFF Logsearch</text></link><type>WWFF reference</type></wpt>
<wpt lat="36.83974" lon="-83.91893"><name>KFF-3782 Dr. Thomas Walker</name><desc>Dr. Thomas Walker
WWFF Logsearch: https://logsearch.wwff.co/directory/KFF-3782
Matching POTA park: US-3782 Dr. Thomas Walker State Historic Site — https://next.pota.app/park/US-3782
Website: https://parks.ky.gov/barbourville/parks/historic/dr-thomas-walker-state-historic-site
Verify WWFF rules and boundaries before activating.</desc><link href="https://logsearch.wwff.co/directory/KFF-3782"><text>WWFF Logsearch</text></link><type>WWFF reference</type></wpt>
<wpt lat="36.84183" lon="-87.30012"><name>KFF-3783 Jefferson Davis</name><desc>Jefferson Davis
WWFF Logsearch: https://logsearch.wwff.co/directory/KFF-3783
Matching POTA park: US-3783 Jefferson Davis State Historic Site — https://next.pota.app/park/US-3783
Website: https://parks.ky.gov/fairview/parks/historic/jefferson-davis-state-historic-site
Verify WWFF rules and boundaries before activating.</desc><link href="https://logsearch.wwff.co/directory/KFF-3783"><text>WWFF Logsearch</text></link><type>WWFF reference</type></wpt>
<wpt lat="36.67650" lon="-85.70640"><name>KFF-3784 Old Mulkey Meetinghouse</name><desc>Old Mulkey Meetinghouse
WWFF Logsearch: https://logsearch.wwff.co/directory/KFF-3784
Matching POTA park: US-3784 Old Mulkey Meetinghouse State Historic Site — https://next.pota.app/park/US-3784
Website: https://parks.ky.gov/tompkinsville/parks/historic/old-mulkey-meetinghouse-state-historic-site
Verify WWFF rules and boundaries before activating.</desc><link href="https://logsearch.wwff.co/directory/KFF-3784"><text>WWFF Logsearch</text></link><type>WWFF reference</type></wpt>
<wpt lat="37.97155" lon="-84.53729"><name>KFF-3786 Waveland</name><desc>Waveland
WWFF Logsearch: https://logsearch.wwff.co/directory/KFF-3786
Matching POTA park: US-3786 Waveland State Historic Site — https://next.pota.app/park/US-3786
Website: https://parks.ky.gov/lexington/parks/historic/waveland-state-historic-site
Verify WWFF rules and boundaries before activating.</desc><link href="https://logsearch.wwff.co/directory/KFF-3786"><text>WWFF Logsearch</text></link><type>WWFF reference</type></wpt>
<wpt lat="36.50452" lon="-88.06050"><name>KFF-3790 Fort Heiman</name><desc>Fort Heiman
WWFF Logsearch: https://logsearch.wwff.co/directory/KFF-3790
Matching POTA park: US-3790 Fort Heiman National Battlefield — https://next.pota.app/park/US-3790
Official map: https://www.nps.gov/fodo/planyourvisit/maps.htm
Website: https://www.nps.gov/fodo/planyourvisit/maps.htm
Verify WWFF rules and boundaries before activating.</desc><link href="https://logsearch.wwff.co/directory/KFF-3790"><text>WWFF Logsearch</text></link><type>WWFF reference</type></wpt>
<wpt lat="36.77781" lon="-88.06315"><name>KFF-3792 Land Between the Lakes</name><desc>Land Between the Lakes
WWFF Logsearch: https://logsearch.wwff.co/directory/KFF-3792
Matching POTA park: US-3792 Land Between the Lakes National Recreation Area — https://next.pota.app/park/US-3792
Official map: https://www.landbetweenthelakes.us/help-center/lbl-maps/
Website: https://landbetweenthelakes.us/
Verify WWFF rules and boundaries before activating.</desc><link href="https://logsearch.wwff.co/directory/KFF-3792"><text>WWFF Logsearch</text></link><type>WWFF reference</type></wpt>
<wpt lat="37.15956" lon="-89.06136"><name>KFF-3793 Ballard</name><desc>Ballard
WWFF Logsearch: https://logsearch.wwff.co/directory/KFF-3793
Matching POTA park: US-3793 Ballard Wildlife Management Area — https://next.pota.app/park/US-3793
Official map: https://fw.ky.gov/More/Documents/BallardWMA_All.pdf
Website: https://app.fw.ky.gov/public_lands_search/detail.aspx?Kdfwr_id=224
Verify WWFF rules and boundaries before activating.</desc><link href="https://logsearch.wwff.co/directory/KFF-3793"><text>WWFF Logsearch</text></link><type>WWFF reference</type></wpt>
<wpt lat="36.89665" lon="-84.44023"><name>KFF-3794 Beaver Creek</name><desc>Beaver Creek
WWFF Logsearch: https://logsearch.wwff.co/directory/KFF-3794
Matching POTA park: US-3794 Beaver Creek Wildlife Management Area — https://next.pota.app/park/US-3794
Official map: https://fw.ky.gov/More/Documents/BeaverCreekWMA_ALL.pdf
Website: https://app.fw.ky.gov/Public_Lands_Search/detail.aspx?Kdfwr_id=39
Verify WWFF rules and boundaries before activating.</desc><link href="https://logsearch.wwff.co/directory/KFF-3794"><text>WWFF Logsearch</text></link><type>WWFF reference</type></wpt>
<wpt lat="36.55871" lon="-88.13278"><name>KFF-3795 Beechy Creek</name><desc>Beechy Creek
WWFF Logsearch: https://logsearch.wwff.co/directory/KFF-3795
Matching POTA park: US-3795 Beechy Creek Wildlife Management Area — https://next.pota.app/park/US-3795
Official map: https://fw.ky.gov/More/Documents/BeechyCreekWMA-ALL.pdf
Website: https://fw.ky.gov/More/Documents/BeechyCreekWMA-ALL.pdf
Verify WWFF rules and boundaries before activating.</desc><link href="https://logsearch.wwff.co/directory/KFF-3795"><text>WWFF Logsearch</text></link><type>WWFF reference</type></wpt>
<wpt lat="37.52021" lon="-88.03207"><name>KFF-3796 Big Rivers</name><desc>Big Rivers
WWFF Logsearch: https://logsearch.wwff.co/directory/KFF-3796
Matching POTA park: US-3796 Big Rivers Wildlife Management Area — https://next.pota.app/park/US-3796
Official map: https://fw.ky.gov/More/Documents/BigRiversWMA_and_StateForest_all.pdf
Website: https://app.fw.ky.gov/Public_Lands_Search/detail.aspx?Kdfwr_id=9203
Verify WWFF rules and boundaries before activating.</desc><link href="https://logsearch.wwff.co/directory/KFF-3796"><text>WWFF Logsearch</text></link><type>WWFF reference</type></wpt>
<wpt lat="37.05045" lon="-89.10556"><name>KFF-3797 Boatwright</name><desc>Boatwright
WWFF Logsearch: https://logsearch.wwff.co/directory/KFF-3797
Matching POTA park: US-3797 Boatwright Wildlife Management Area — https://next.pota.app/park/US-3797
Official map: https://fw.ky.gov/More/Documents/BoatwrightWMA_All.pdf
Website: https://app.fw.ky.gov/Public_Lands_Search/detail.aspx?Kdfwr_id=222
Verify WWFF rules and boundaries before activating.</desc><link href="https://logsearch.wwff.co/directory/KFF-3797"><text>WWFF Logsearch</text></link><type>WWFF reference</type></wpt>
<wpt lat="37.10713" lon="-84.40964"><name>KFF-3798 Buck Creek</name><desc>Buck Creek
WWFF Logsearch: https://logsearch.wwff.co/directory/KFF-3798
Matching POTA park: US-3798 Buck Creek Wildlife Management Area — https://next.pota.app/park/US-3798
Official map: https://fw.ky.gov/More/Documents/BuckCreekWMA_All.pdf
Website: https://fw.ky.gov/More/Documents/BuckCreekWMA_All.pdf
Verify WWFF rules and boundaries before activating.</desc><link href="https://logsearch.wwff.co/directory/KFF-3798"><text>WWFF Logsearch</text></link><type>WWFF reference</type></wpt>
<wpt lat="37.16810" lon="-83.70774"><name>KFF-3799 Burchell-Beech</name><desc>Burchell-Beech
WWFF Logsearch: https://logsearch.wwff.co/directory/KFF-3799
Matching POTA park: US-3799 Burchell-Beech Wildlife Management Area — https://next.pota.app/park/US-3799
Official map: https://fw.ky.gov/More/Documents/Burchell-BeechCreekWMA_ALL.pdf
Verify WWFF rules and boundaries before activating.</desc><link href="https://logsearch.wwff.co/directory/KFF-3799"><text>WWFF Logsearch</text></link><type>WWFF reference</type></wpt>
<wpt lat="37.47499" lon="-84.55799"><name>KFF-3800 Cedar Creek Lake</name><desc>Cedar Creek Lake
WWFF Logsearch: https://logsearch.wwff.co/directory/KFF-3800
Matching POTA park: US-3800 Cedar Creek Lake Wildlife Management Area — https://next.pota.app/park/US-3800
Official map: https://fw.ky.gov/More/Documents/CedarCreekLakeWMA_ALL.pdf
Website: https://app.fw.ky.gov/Public_Lands_Search/detail.aspx?Kdfwr_id=9004
Verify WWFF rules and boundaries before activating.</desc><link href="https://logsearch.wwff.co/directory/KFF-3800"><text>WWFF Logsearch</text></link><type>WWFF reference</type></wpt>
<wpt lat="37.82348" lon="-83.56630"><name>KFF-3801 Clifty</name><desc>Clifty
WWFF Logsearch: https://logsearch.wwff.co/directory/KFF-3801
Matching POTA park: US-3801 Clifty Wilderness Area — https://next.pota.app/park/US-3801
Official map: https://www.fs.usda.gov/r08/danielboone/maps-guides
Website: https://www.fs.usda.gov/recarea/dbnf/recarea/?recid=39460
Verify WWFF rules and boundaries before activating.</desc><link href="https://logsearch.wwff.co/directory/KFF-3801"><text>WWFF Logsearch</text></link><type>WWFF reference</type></wpt>
<wpt lat="38.13550" lon="-84.85488"><name>KFF-3802 Clyde E. Buckley Wildlife Sanctuary and Audubon Center</name><desc>Clyde E. Buckley Wildlife Sanctuary and Audubon Center
WWFF Logsearch: https://logsearch.wwff.co/directory/KFF-3802
Matching POTA park: US-3802 Clyde E Buckley Sanctuary — https://next.pota.app/park/US-3802
Official map: https://bggreensource.org/wp-content/uploads/2025/01/1_Full_Sanctuary_All_Trails_50_foot_Contours.pdf-compressed_1.pdf
Website: https://bggreensource.org/buckley/
Verify WWFF rules and boundaries before activating.</desc><link href="https://logsearch.wwff.co/directory/KFF-3802"><text>WWFF Logsearch</text></link><type>WWFF reference</type></wpt>
<wpt lat="36.91833" lon="-89.02762"><name>KFF-3803 Coil Estate</name><desc>Coil Estate
WWFF Logsearch: https://logsearch.wwff.co/directory/KFF-3803
Matching POTA park: US-3803 Coil Estate Wildlife Management Area — https://next.pota.app/park/US-3803
Official map: https://fw.ky.gov/More/Documents/CoilEstateWMA_ALL.pdf
Website: https://fw.ky.gov/More/Documents/CoilEstateWMA_ALL.pdf
Verify WWFF rules and boundaries before activating.</desc><link href="https://logsearch.wwff.co/directory/KFF-3803"><text>WWFF Logsearch</text></link><type>WWFF reference</type></wpt>
<wpt lat="36.75560" lon="-83.19665"><name>KFF-3804 Cranks Creek</name><desc>Cranks Creek
WWFF Logsearch: https://logsearch.wwff.co/directory/KFF-3804
Matching POTA park: US-3804 Cranks Creek Wildlife Management Area — https://next.pota.app/park/US-3804
Official map: https://fw.ky.gov/More/Documents/CranksCreekWMA_ALL.pdf
Website: https://fw.ky.gov/More/Documents/CranksCreekWMA_ALL.pdf
Verify WWFF rules and boundaries before activating.</desc><link href="https://logsearch.wwff.co/directory/KFF-3804"><text>WWFF Logsearch</text></link><type>WWFF reference</type></wpt>
<wpt lat="38.76350" lon="-84.59865"><name>KFF-3805 Curtis Gates Lloyd</name><desc>Curtis Gates Lloyd
WWFF Logsearch: https://logsearch.wwff.co/directory/KFF-3805
Matching POTA park: US-3805 Curtis Gates Lloyd Wildlife Management Area — https://next.pota.app/park/US-3805
Official map: https://fw.ky.gov/More/Documents/CurtisGatesLloydWMA_ALL.pdf
Website: https://app.fw.ky.gov/public_lands_search/detail.aspx?Kdfwr_id=153
Verify WWFF rules and boundaries before activating.</desc><link href="https://logsearch.wwff.co/directory/KFF-3805"><text>WWFF Logsearch</text></link><type>WWFF reference</type></wpt>
<wpt lat="37.26565" lon="-85.14895"><name>KFF-3806 Dennis-Gray</name><desc>Dennis-Gray
WWFF Logsearch: https://logsearch.wwff.co/directory/KFF-3806
Matching POTA park: US-3806 Dennis-Gray Wildlife Management Area — https://next.pota.app/park/US-3806
Official map: https://fw.ky.gov/More/Documents/Dennis-GrayWMA_ALL.pdf
Website: https://app.fw.ky.gov/Public_Lands_Search/detail.aspx?Kdfwr_id=148
Verify WWFF rules and boundaries before activating.</desc><link href="https://logsearch.wwff.co/directory/KFF-3806"><text>WWFF Logsearch</text></link><type>WWFF reference</type></wpt>
<wpt lat="37.49205" lon="-84.50113"><name>KFF-3807 Dix River</name><desc>Dix River
WWFF Logsearch: https://logsearch.wwff.co/directory/KFF-3807
Matching POTA park: US-3807 Dix River Wildlife Management Area — https://next.pota.app/park/US-3807
Official map: https://fw.ky.gov/More/Documents/DixRiverWMA_ALL.pdf
Website: https://app.fw.ky.gov/Public_Lands_Search/detail.aspx?Kdfwr_id=9032
Verify WWFF rules and boundaries before activating.</desc><link href="https://logsearch.wwff.co/directory/KFF-3807"><text>WWFF Logsearch</text></link><type>WWFF reference</type></wpt>
<wpt lat="36.81162" lon="-89.11526"><name>KFF-3808 Doug Travis</name><desc>Doug Travis
WWFF Logsearch: https://logsearch.wwff.co/directory/KFF-3808
Matching POTA park: US-3808 Doug Travis Wildlife Management Area — https://next.pota.app/park/US-3808
Official map: https://fw.ky.gov/More/Documents/DougTravisWMA_ALL.pdf
Website: https://app.fw.ky.gov/Public_Lands_Search/detail.aspx?Kdfwr_id=40
Verify WWFF rules and boundaries before activating.</desc><link href="https://logsearch.wwff.co/directory/KFF-3808"><text>WWFF Logsearch</text></link><type>WWFF reference</type></wpt>
<wpt lat="38.39458" lon="-84.72873"><name>KFF-3809 Dr. James R. Rich</name><desc>Dr. James R. Rich
WWFF Logsearch: https://logsearch.wwff.co/directory/KFF-3809
Matching POTA park: US-3809 Dr. James R. Rich Wildlife Management Area — https://next.pota.app/park/US-3809
Official map: https://fw.ky.gov/More/Documents/Dr.JamesR.RichWMA_ALL.pdf
Website: https://app.fw.ky.gov/Public_Lands_Search/detail.aspx?Kdfwr_id=34
Verify WWFF rules and boundaries before activating.</desc><link href="https://logsearch.wwff.co/directory/KFF-3809"><text>WWFF Logsearch</text></link><type>WWFF reference</type></wpt>
<wpt lat="38.92098" lon="-84.74679"><name>KFF-3810 Dr. Norman And Martha Adair</name><desc>Dr. Norman And Martha Adair
WWFF Logsearch: https://logsearch.wwff.co/directory/KFF-3810
Matching POTA park: US-3810 Dr. Norman And Martha Adair Wildlife Management Area — https://next.pota.app/park/US-3810
Official map: https://fw.ky.gov/More/Documents/Dr.NormanandMarthaAdairWMA_all.pdf
Verify WWFF rules and boundaries before activating.</desc><link href="https://logsearch.wwff.co/directory/KFF-3810"><text>WWFF Logsearch</text></link><type>WWFF reference</type></wpt>
<wpt lat="38.12682" lon="-83.18827"><name>KFF-3811 Ed Mabry-Laurel Gorge</name><desc>Ed Mabry-Laurel Gorge
WWFF Logsearch: https://logsearch.wwff.co/directory/KFF-3811
Matching POTA park: US-3811 Ed Mabry-Laurel Gorge Wildlife Management Area — https://next.pota.app/park/US-3811
Official map: https://fw.ky.gov/More/Documents/EdMabry-LaurelGorgeWMA_ALL.pdf
Website: https://fw.ky.gov/More/Documents/EdMabry-LaurelGorgeWMA_ALL.pdf
Verify WWFF rules and boundaries before activating.</desc><link href="https://logsearch.wwff.co/directory/KFF-3811"><text>WWFF Logsearch</text></link><type>WWFF reference</type></wpt>
<wpt lat="38.43307" lon="-83.63288"><name>KFF-3812 Fleming</name><desc>Fleming
WWFF Logsearch: https://logsearch.wwff.co/directory/KFF-3812
Matching POTA park: US-3812 Fleming Wildlife Management Area — https://next.pota.app/park/US-3812
Official map: https://fw.ky.gov/More/Documents/FlemingWMA_ALL.pdf
Website: https://app.fw.ky.gov/Public_Lands_Search/detail.aspx?Kdfwr_id=154
Verify WWFF rules and boundaries before activating.</desc><link href="https://logsearch.wwff.co/directory/KFF-3812"><text>WWFF Logsearch</text></link><type>WWFF reference</type></wpt>
<wpt lat="38.33202" lon="-84.35598"><name>KFF-3813 Griffith Woods</name><desc>Griffith Woods
WWFF Logsearch: https://logsearch.wwff.co/directory/KFF-3813
Matching POTA park: US-3813 Griffith Woods Wildlife Management Area — https://next.pota.app/park/US-3813
Official map: https://fw.ky.gov/More/Documents/GriffithWoodsWMA_ALL.pdf
Verify WWFF rules and boundaries before activating.</desc><link href="https://logsearch.wwff.co/directory/KFF-3813"><text>WWFF Logsearch</text></link><type>WWFF reference</type></wpt>
<wpt lat="37.02505" lon="-82.91394"><name>KFF-3814 Hensley-Pine Mountain</name><desc>Hensley-Pine Mountain
WWFF Logsearch: https://logsearch.wwff.co/directory/KFF-3814
Matching POTA park: US-3814 Hensley-Pine Mountain Wildlife Management Area — https://next.pota.app/park/US-3814
Official map: https://fw.ky.gov/More/Documents/Hensley-PineMountainWMA_ALL.pdf
Website: https://fw.ky.gov/More/Documents/Hensley-PineMountainWMA_ALL.pdf
Verify WWFF rules and boundaries before activating.</desc><link href="https://logsearch.wwff.co/directory/KFF-3814"><text>WWFF Logsearch</text></link><type>WWFF reference</type></wpt>
<wpt lat="37.63571" lon="-87.87955"><name>KFF-3815 Higginson-Henry</name><desc>Higginson-Henry
WWFF Logsearch: https://logsearch.wwff.co/directory/KFF-3815
Matching POTA park: US-3815 Higginson-Henry Wildlife Management Area — https://next.pota.app/park/US-3815
Official map: https://fw.ky.gov/More/Documents/Higginson-HenryWMA_ALL.pdf
Website: https://app.fw.ky.gov/public_lands_search/detail.aspx?Kdfwr_id=132
Verify WWFF rules and boundaries before activating.</desc><link href="https://logsearch.wwff.co/directory/KFF-3815"><text>WWFF Logsearch</text></link><type>WWFF reference</type></wpt>
<wpt lat="38.35804" lon="-84.78471"><name>KFF-3816 John A. Kleber</name><desc>John A. Kleber
WWFF Logsearch: https://logsearch.wwff.co/directory/KFF-3816
Matching POTA park: US-3816 John A. Kleber Wildlife Management Area — https://next.pota.app/park/US-3816
Official map: https://fw.ky.gov/More/Documents/John_A_Kleber_WMA_ALL.pdf
Website: https://app.fw.ky.gov/public_lands_search/detail.aspx?Kdfwr_id=14
Verify WWFF rules and boundaries before activating.</desc><link href="https://logsearch.wwff.co/directory/KFF-3816"><text>WWFF Logsearch</text></link><type>WWFF reference</type></wpt>
<wpt lat="37.77559" lon="-85.68407"><name>KFF-3817 John C. Williams</name><desc>John C. Williams
WWFF Logsearch: https://logsearch.wwff.co/directory/KFF-3817
Matching POTA park: US-3817 John C. Williams Wildlife Management Area — https://next.pota.app/park/US-3817
Official map: https://fw.ky.gov/More/Documents/JohnCWilliamsWMA_ALL.pdf
Website: https://app.fw.ky.gov/public_lands_search/detail.aspx?Kdfwr_id=238
Verify WWFF rules and boundaries before activating.</desc><link href="https://logsearch.wwff.co/directory/KFF-3817"><text>WWFF Logsearch</text></link><type>WWFF reference</type></wpt>
<wpt lat="37.12871" lon="-87.76411"><name>KFF-3818 Jones-Keeney</name><desc>Jones-Keeney
WWFF Logsearch: https://logsearch.wwff.co/directory/KFF-3818
Matching POTA park: US-3818 Jones-Keeney Wildlife Management Area — https://next.pota.app/park/US-3818
Official map: https://fw.ky.gov/More/Documents/Jones-KeeneyWMA_All.pdf
Website: https://fw.ky.gov/More/Documents/Jones-KeeneyWMA_All.pdf
Verify WWFF rules and boundaries before activating.</desc><link href="https://logsearch.wwff.co/directory/KFF-3818"><text>WWFF Logsearch</text></link><type>WWFF reference</type></wpt>
<wpt lat="36.84104" lon="-88.52971"><name>KFF-3819 Kaler Bottoms</name><desc>Kaler Bottoms
WWFF Logsearch: https://logsearch.wwff.co/directory/KFF-3819
Matching POTA park: US-3819 Kaler Bottoms Wildlife Management Area — https://next.pota.app/park/US-3819
Official map: https://fw.ky.gov/More/Documents/KalerBottomsWMA_All.pdf
Website: https://app.fw.ky.gov/public_lands_search/detail.aspx?Kdfwr_id=21
Verify WWFF rules and boundaries before activating.</desc><link href="https://logsearch.wwff.co/directory/KFF-3819"><text>WWFF Logsearch</text></link><type>WWFF reference</type></wpt>
<wpt lat="38.42609" lon="-84.91662"><name>KFF-3820 Kentucky River</name><desc>Kentucky River
WWFF Logsearch: https://logsearch.wwff.co/directory/KFF-3820
Matching POTA park: US-3820 Kentucky River Wildlife Management Area — https://next.pota.app/park/US-3820
Official map: https://fw.ky.gov/More/Documents/KentuckyRiverWMA_All.pdf
Website: https://app.fw.ky.gov/Public_Lands_Search/detail.aspx?Kdfwr_id=169
Verify WWFF rules and boundaries before activating.</desc><link href="https://logsearch.wwff.co/directory/KFF-3820"><text>WWFF Logsearch</text></link><type>WWFF reference</type></wpt>
<wpt lat="37.55026" lon="-86.71243"><name>KFF-3821 L. B. Davison</name><desc>L. B. Davison
WWFF Logsearch: https://logsearch.wwff.co/directory/KFF-3821
Matching POTA park: US-3821 L. B. Davison Wildlife Management Area — https://next.pota.app/park/US-3821
Official map: https://fw.ky.gov/More/Documents/L.B.DavisonWMA_ALL.pdf
Website: https://fw.ky.gov/More/Documents/L.B.DavisonWMA_ALL.pdf
Verify WWFF rules and boundaries before activating.</desc><link href="https://logsearch.wwff.co/directory/KFF-3821"><text>WWFF Logsearch</text></link><type>WWFF reference</type></wpt>
<wpt lat="37.50132" lon="-87.68641"><name>KFF-3822 Lee K. Nelson</name><desc>Lee K. Nelson
WWFF Logsearch: https://logsearch.wwff.co/directory/KFF-3822
Matching POTA park: US-3822 Lee K. Nelson Wildlife Management Area — https://next.pota.app/park/US-3822
Official map: https://fw.ky.gov/More/Documents/LeeKNelsonWMA_ALL.pdf
Website: https://app.fw.ky.gov/public_lands_search/detail.aspx?Kdfwr_id=9011
Verify WWFF rules and boundaries before activating.</desc><link href="https://logsearch.wwff.co/directory/KFF-3822"><text>WWFF Logsearch</text></link><type>WWFF reference</type></wpt>
<wpt lat="37.33641" lon="-88.41707"><name>KFF-3823 Livingston County</name><desc>Livingston County
WWFF Logsearch: https://logsearch.wwff.co/directory/KFF-3823
Matching POTA park: US-3823 Livingston County Wildlife Management Area — https://next.pota.app/park/US-3823
Official map: https://fw.ky.gov/More/Documents/LivingstonCountyWMAandStateNaturalArea_All.pdf
Website: https://app.fw.ky.gov/Public_Lands_Search/detail.aspx?Kdfwr_id=9117
Verify WWFF rules and boundaries before activating.</desc><link href="https://logsearch.wwff.co/directory/KFF-3823"><text>WWFF Logsearch</text></link><type>WWFF reference</type></wpt>
<wpt lat="37.53587" lon="-85.12482"><name>KFF-3824 Marion County</name><desc>Marion County
WWFF Logsearch: https://logsearch.wwff.co/directory/KFF-3824
Matching POTA park: US-3824 Marion County Wildlife Management Area — https://next.pota.app/park/US-3824
Official map: https://fw.ky.gov/More/Documents/MarionCountyWMAandSF_ALL.pdf
Website: https://fw.ky.gov/More/Documents/MarionCountyWMAandSF_ALL.pdf
Verify WWFF rules and boundaries before activating.</desc><link href="https://logsearch.wwff.co/directory/KFF-3824"><text>WWFF Logsearch</text></link><type>WWFF reference</type></wpt>
<wpt lat="37.63504" lon="-84.20040"><name>KFF-3825 Miller Welch</name><desc>Miller Welch
WWFF Logsearch: https://logsearch.wwff.co/directory/KFF-3825
Matching POTA park: US-3825 Miller Welch Wildlife Management Area — https://next.pota.app/park/US-3825
Official map: https://fw.ky.gov/More/Documents/MillerWelch-CentralKentuckyWMA_ALL.pdf
Website: https://app.fw.ky.gov/public_lands_search/detail.aspx?Kdfwr_id=15
Verify WWFF rules and boundaries before activating.</desc><link href="https://logsearch.wwff.co/directory/KFF-3825"><text>WWFF Logsearch</text></link><type>WWFF reference</type></wpt>
<wpt lat="38.80373" lon="-84.60777"><name>KFF-3826 Mullins</name><desc>Mullins
WWFF Logsearch: https://logsearch.wwff.co/directory/KFF-3826
Matching POTA park: US-3826 Mullins Wildlife Management Area — https://next.pota.app/park/US-3826
Official map: https://fw.ky.gov/More/Documents/MullinsWMA_ALL.pdf
Website: https://fw.ky.gov/More/Documents/MullinsWMA_ALL.pdf
Verify WWFF rules and boundaries before activating.</desc><link href="https://logsearch.wwff.co/directory/KFF-3826"><text>WWFF Logsearch</text></link><type>WWFF reference</type></wpt>
<wpt lat="36.63206" lon="-89.12552"><name>KFF-3827 Obion Creek</name><desc>Obion Creek
WWFF Logsearch: https://logsearch.wwff.co/directory/KFF-3827
Matching POTA park: US-3827 Obion Creek Wildlife Management Area — https://next.pota.app/park/US-3827
Official map: https://fw.ky.gov/More/Documents/ObionCreekWMA_ALL.pdf
Website: https://app.fw.ky.gov/Public_Lands_Search/detail.aspx?Kdfwr_id=176
Verify WWFF rules and boundaries before activating.</desc><link href="https://logsearch.wwff.co/directory/KFF-3827"><text>WWFF Logsearch</text></link><type>WWFF reference</type></wpt>
<wpt lat="37.25051" lon="-87.18441"><name>KFF-3828 Peabody</name><desc>Peabody
WWFF Logsearch: https://logsearch.wwff.co/directory/KFF-3828
Matching POTA park: US-3828 Peabody Wildlife Management Area — https://next.pota.app/park/US-3828
Official map: https://fw.ky.gov/More/Documents/PeabodyAll.pdf
Website: https://app.fw.ky.gov/public_lands_search/detail.aspx?Kdfwr_id=229
Verify WWFF rules and boundaries before activating.</desc><link href="https://logsearch.wwff.co/directory/KFF-3828"><text>WWFF Logsearch</text></link><type>WWFF reference</type></wpt>
<wpt lat="37.16373" lon="-85.07198"><name>KFF-3829 R. F. Tarter</name><desc>R. F. Tarter
WWFF Logsearch: https://logsearch.wwff.co/directory/KFF-3829
Matching POTA park: US-3829 R. F. Tarter Wildlife Management Area — https://next.pota.app/park/US-3829
Official map: https://fw.ky.gov/More/Documents/RFTarterWMA_ALL.pdf
Website: https://app.fw.ky.gov/Public_Lands_Search/detail.aspx?Kdfwr_id=171
Verify WWFF rules and boundaries before activating.</desc><link href="https://logsearch.wwff.co/directory/KFF-3829"><text>WWFF Logsearch</text></link><type>WWFF reference</type></wpt>
<wpt lat="37.85936" lon="-87.78016"><name>KFF-3830 Sloughs</name><desc>Sloughs
WWFF Logsearch: https://logsearch.wwff.co/directory/KFF-3830
Matching POTA park: US-3830 Sloughs Wildlife Management Area — https://next.pota.app/park/US-3830
Official map: https://fw.ky.gov/More/Documents/Sloughs_WMA_All.pdf
Website: https://app.fw.ky.gov/Public_Lands_Search/detail.aspx?Kdfwr_id=230
Verify WWFF rules and boundaries before activating.</desc><link href="https://logsearch.wwff.co/directory/KFF-3830"><text>WWFF Logsearch</text></link><type>WWFF reference</type></wpt>
<wpt lat="38.73422" lon="-82.93597"><name>KFF-3831 South Shore</name><desc>South Shore
WWFF Logsearch: https://logsearch.wwff.co/directory/KFF-3831
Matching POTA park: US-3831 South Shore Wildlife Management Area — https://next.pota.app/park/US-3831
Official map: https://fw.ky.gov/More/Documents/SouthShoreWMA_ALL.pdf
Website: https://fw.ky.gov/More/Documents/SouthShoreWMA_ALL.pdf
Verify WWFF rules and boundaries before activating.</desc><link href="https://logsearch.wwff.co/directory/KFF-3831"><text>WWFF Logsearch</text></link><type>WWFF reference</type></wpt>
<wpt lat="36.75677" lon="-83.14449"><name>KFF-3832 Stone Mountain</name><desc>Stone Mountain
WWFF Logsearch: https://logsearch.wwff.co/directory/KFF-3832
Matching POTA park: US-3832 Stone Mountain Wildlife Management Area — https://next.pota.app/park/US-3832
Official map: https://fw.ky.gov/More/Documents/StoneMountainWMAandStateNaturalArea_ALL.pdf
Website: https://fw.ky.gov/More/Documents/StoneMountainWMAandStateNaturalArea_ALL.pdf
Verify WWFF rules and boundaries before activating.</desc><link href="https://logsearch.wwff.co/directory/KFF-3832"><text>WWFF Logsearch</text></link><type>WWFF reference</type></wpt>
<wpt lat="38.27899" lon="-84.82428"><name>KFF-3833 T. N. Sullivan</name><desc>T. N. Sullivan
WWFF Logsearch: https://logsearch.wwff.co/directory/KFF-3833
Matching POTA park: US-3833 T. N. Sullivan Wildlife Management Area — https://next.pota.app/park/US-3833
Official map: https://fw.ky.gov/More/Documents/TN_SullivanWMA_All.pdf
Website: https://fw.ky.gov/More/Documents/TN_SullivanWMA_All.pdf
Verify WWFF rules and boundaries before activating.</desc><link href="https://logsearch.wwff.co/directory/KFF-3833"><text>WWFF Logsearch</text></link><type>WWFF reference</type></wpt>
<wpt lat="37.15136" lon="-87.67004"><name>KFF-3834 Tradewater</name><desc>Tradewater
WWFF Logsearch: https://logsearch.wwff.co/directory/KFF-3834
Matching POTA park: US-3834 Tradewater Wildlife Management Area — https://next.pota.app/park/US-3834
Official map: https://fw.ky.gov/More/Documents/PennyrileStateForestandTradewaterWMA_ALL.pdf
Website: https://app.fw.ky.gov/Public_Lands_Search/detail.aspx?Kdfwr_id=128
Verify WWFF rules and boundaries before activating.</desc><link href="https://logsearch.wwff.co/directory/KFF-3834"><text>WWFF Logsearch</text></link><type>WWFF reference</type></wpt>
<wpt lat="38.57473" lon="-85.03194"><name>KFF-3835 Twin Eagle</name><desc>Twin Eagle
WWFF Logsearch: https://logsearch.wwff.co/directory/KFF-3835
Matching POTA park: US-3835 Twin Eagle Wildlife Management Area — https://next.pota.app/park/US-3835
Official map: https://fw.ky.gov/More/Documents/TwinEagleWMA_ALL.pdf
Website: https://fw.ky.gov/More/Documents/TwinEagleWMA_ALL.pdf
Verify WWFF rules and boundaries before activating.</desc><link href="https://logsearch.wwff.co/directory/KFF-3835"><text>WWFF Logsearch</text></link><type>WWFF reference</type></wpt>
<wpt lat="38.32112" lon="-84.54838"><name>KFF-3836 Veterans Memorial</name><desc>Veterans Memorial
WWFF Logsearch: https://logsearch.wwff.co/directory/KFF-3836
Matching POTA park: US-3836 Veterans Memorial Wildlife Management Area — https://next.pota.app/park/US-3836
Official map: https://fw.ky.gov/More/Documents/Veterans_Memorial_WMA_all.pdf
Website: https://app.fw.ky.gov/Public_Lands_Search/detail.aspx?Kdfwr_id=9202
Verify WWFF rules and boundaries before activating.</desc><link href="https://logsearch.wwff.co/directory/KFF-3836"><text>WWFF Logsearch</text></link><type>WWFF reference</type></wpt>
<wpt lat="37.11454" lon="-88.82137"><name>KFF-3837 West Kentucky</name><desc>West Kentucky
WWFF Logsearch: https://logsearch.wwff.co/directory/KFF-3837
Matching POTA park: US-3837 West Kentucky Wildlife Management Area — https://next.pota.app/park/US-3837
Official map: https://fw.ky.gov/More/Documents/West_Kentucky_WMA.pdf
Website: https://app.fw.ky.gov/public_lands_search/detail.aspx?Kdfwr_id=137
Verify WWFF rules and boundaries before activating.</desc><link href="https://logsearch.wwff.co/directory/KFF-3837"><text>WWFF Logsearch</text></link><type>WWFF reference</type></wpt>
<wpt lat="36.92229" lon="-89.05777"><name>KFF-3838 Winford</name><desc>Winford
WWFF Logsearch: https://logsearch.wwff.co/directory/KFF-3838
Matching POTA park: US-3838 Winford Wildlife Management Area — https://next.pota.app/park/US-3838
Official map: https://fw.ky.gov/More/Documents/WinfordWMA_ALL.pdf
Website: https://fw.ky.gov/More/Documents/WinfordWMA_ALL.pdf
Verify WWFF rules and boundaries before activating.</desc><link href="https://logsearch.wwff.co/directory/KFF-3838"><text>WWFF Logsearch</text></link><type>WWFF reference</type></wpt>
<wpt lat="38.08593" lon="-82.76413"><name>KFF-3839 Yatesville Lake</name><desc>Yatesville Lake
WWFF Logsearch: https://logsearch.wwff.co/directory/KFF-3839
Matching POTA park: US-3839 Yatesville Lake Wildlife Management Area — https://next.pota.app/park/US-3839
Official map: https://fw.ky.gov/More/Documents/YatesvilleLakeWMA_ALL.pdf
Website: https://app.fw.ky.gov/Public_Lands_Search/detail.aspx?Kdfwr_id=23
Verify WWFF rules and boundaries before activating.</desc><link href="https://logsearch.wwff.co/directory/KFF-3839"><text>WWFF Logsearch</text></link><type>WWFF reference</type></wpt>
<wpt lat="38.01740" lon="-86.51085"><name>KFF-3840 Yellowbank</name><desc>Yellowbank
WWFF Logsearch: https://logsearch.wwff.co/directory/KFF-3840
Matching POTA park: US-3840 Yellowbank Wildlife Management Area — https://next.pota.app/park/US-3840
Official map: https://fw.ky.gov/More/Documents/YellowbankWMA_ALL.pdf
Website: https://app.fw.ky.gov/public_lands_search/detail.aspx?Kdfwr_id=192
Verify WWFF rules and boundaries before activating.</desc><link href="https://logsearch.wwff.co/directory/KFF-3840"><text>WWFF Logsearch</text></link><type>WWFF reference</type></wpt>
<wpt lat="37.40292" lon="-84.15371"><name>KFF-4511 Daniel Boone</name><desc>Daniel Boone
WWFF Logsearch: https://logsearch.wwff.co/directory/KFF-4511
Matching POTA park: US-4484 Daniel Boone National Forest — https://next.pota.app/park/US-4484
Official map: https://www.fs.usda.gov/r08/danielboone/maps-guides
Website: https://www.fs.usda.gov/dbnf/
Verify WWFF rules and boundaries before activating.</desc><link href="https://logsearch.wwff.co/directory/KFF-4511"><text>WWFF Logsearch</text></link><type>WWFF reference</type></wpt>
<wpt lat="37.79514" lon="-84.59427"><name>KFF-4708 Camp Nelson</name><desc>Camp Nelson
WWFF Logsearch: https://logsearch.wwff.co/directory/KFF-4708
Matching POTA park: US-7950 Camp Nelson National Monument — https://next.pota.app/park/US-7950
Official map: https://www.nps.gov/cane/planyourvisit/maps.htm
Website: https://www.nps.gov/cane/index.htm
Verify WWFF rules and boundaries before activating.</desc><link href="https://logsearch.wwff.co/directory/KFF-4708"><text>WWFF Logsearch</text></link><type>WWFF reference</type></wpt>
<wpt lat="37.08680" lon="-82.73320"><name>KFF-6295 Jefferson (KY)</name><desc>Jefferson (KY)
WWFF Logsearch: https://logsearch.wwff.co/directory/KFF-6295
Matching POTA park: US-4526 George Washington &amp; Jefferson National Forest — https://next.pota.app/park/US-4526
Website: https://www.fs.usda.gov/gwj
Verify WWFF rules and boundaries before activating.</desc><link href="https://logsearch.wwff.co/directory/KFF-6295"><text>WWFF Logsearch</text></link><type>WWFF reference</type></wpt>
<wpt lat="37.89980" lon="-87.52820"><name>KFF-6607 Green River</name><desc>Green River
WWFF Logsearch: https://logsearch.wwff.co/directory/KFF-6607
Matching POTA park: US-10098 Green River National Wildlife Refuge — https://next.pota.app/park/US-10098
Official map: https://www.fws.gov/sites/default/files/documents/2024-12/2024-hunt-map-508.pdf
Website: https://www.fws.gov/refuge/green-river/visit-us/locations/green-river-national-wildlife-refuge
Verify WWFF rules and boundaries before activating.</desc><link href="https://logsearch.wwff.co/directory/KFF-6607"><text>WWFF Logsearch</text></link><type>WWFF reference</type></wpt>
<wpt lat="38.68680" lon="-83.58500"><name>KFF-6608 Ohio River Islands (KY)</name><desc>Ohio River Islands (KY)
WWFF Logsearch: https://logsearch.wwff.co/directory/KFF-6608
Matching POTA park: US-10150 Ohio River Islands (KY) (POTA) — https://next.pota.app/park/US-10150
Verify WWFF rules and boundaries before activating.</desc><link href="https://logsearch.wwff.co/directory/KFF-6608"><text>WWFF Logsearch</text></link><type>WWFF reference</type></wpt>
<wpt lat="37.77680" lon="-83.68330"><name>KFF-6863 Natural Bridge</name><desc>Natural Bridge
WWFF Logsearch: https://logsearch.wwff.co/directory/KFF-6863
Website: https://parks.ky.gov/slade/parks/resort/natural-bridge-state-resort-park
Note: Not an official KFF-POTA match. Related nearby POTA park: US-1286 Natural Bridge State Park — its links and access points are shown for convenience; check boundaries.
Verify WWFF rules and boundaries before activating.</desc><link href="https://logsearch.wwff.co/directory/KFF-6863"><text>WWFF Logsearch</text></link><type>WWFF reference</type></wpt>
<wpt lat="37.88590" lon="-87.48220"><name>KFF-6864 Green River</name><desc>Green River
WWFF Logsearch: https://logsearch.wwff.co/directory/KFF-6864
Matching POTA park: US-7951 Green River State Forest — https://next.pota.app/park/US-7951
Website: https://eec.ky.gov/Natural-Resources/Forestry/ky-state-forests/Pages/Green-River-State-Forest.aspx
Verify WWFF rules and boundaries before activating.</desc><link href="https://logsearch.wwff.co/directory/KFF-6864"><text>WWFF Logsearch</text></link><type>WWFF reference</type></wpt>
<wpt lat="36.91810" lon="-83.22250"><name>KFF-6865 Kentenia</name><desc>Kentenia
WWFF Logsearch: https://logsearch.wwff.co/directory/KFF-6865
Matching POTA park: US-4688 Kentenia State Forest — https://next.pota.app/park/US-4688
Official map: https://eec.ky.gov/Natural-Resources/Forestry/Documents/KenteniaStateForest_ALL.pdf
Website: https://eec.ky.gov/Natural-Resources/Forestry/ky-state-forests/Pages/Kentenia-State-Forest.aspx
Verify WWFF rules and boundaries before activating.</desc><link href="https://logsearch.wwff.co/directory/KFF-6865"><text>WWFF Logsearch</text></link><type>WWFF reference</type></wpt>
<wpt lat="36.68410" lon="-83.80690"><name>KFF-6866 Kentucky Ridge</name><desc>Kentucky Ridge
WWFF Logsearch: https://logsearch.wwff.co/directory/KFF-6866
Matching POTA park: US-4689 Kentucky Ridge State Forest — https://next.pota.app/park/US-4689
Official map: https://eec.ky.gov/Natural-Resources/Forestry/Documents/KentuckyRidgeStateForest_ALL.pdf
Website: https://eec.ky.gov/Natural-Resources/Forestry/ky-state-forests/Pages/Kentucky-Ridge-State-Forest.aspx
Verify WWFF rules and boundaries before activating.</desc><link href="https://logsearch.wwff.co/directory/KFF-6866"><text>WWFF Logsearch</text></link><type>WWFF reference</type></wpt>
<wpt lat="37.07230" lon="-87.67000"><name>KFF-6867 Pennyrile</name><desc>Pennyrile
WWFF Logsearch: https://logsearch.wwff.co/directory/KFF-6867
Matching POTA park: US-4692 Pennyrile State Forest — https://next.pota.app/park/US-4692
Official map: https://eec.ky.gov/Natural-Resources/Forestry/Documents/PennyrileStateForestandTradewaterWMA_ALL.pdf
Website: https://parks.ky.gov/dawson-springs/parks/resort/pennyrile-forest-state-resort-park
Verify WWFF rules and boundaries before activating.</desc><link href="https://logsearch.wwff.co/directory/KFF-6867"><text>WWFF Logsearch</text></link><type>WWFF reference</type></wpt>
<wpt lat="38.19160" lon="-85.46350"><name>KFF-6868 Rolleigh Peterson</name><desc>Rolleigh Peterson
WWFF Logsearch: https://logsearch.wwff.co/directory/KFF-6868
Verify WWFF rules and boundaries before activating.</desc><link href="https://logsearch.wwff.co/directory/KFF-6868"><text>WWFF Logsearch</text></link><type>WWFF reference</type></wpt>
<wpt lat="38.38480" lon="-83.14880"><name>KFF-6869 Tygarts</name><desc>Tygarts
WWFF Logsearch: https://logsearch.wwff.co/directory/KFF-6869
Matching POTA park: US-4693 Tygarts State Forest — https://next.pota.app/park/US-4693
Official map: https://eec.ky.gov/Natural-Resources/Forestry/Documents/TygartsStateForest_ALL.pdf
Website: https://eec.ky.gov/Natural-Resources/Forestry/ky-state-forests/Pages/Tygarts-State-Forest.aspx
Verify WWFF rules and boundaries before activating.</desc><link href="https://logsearch.wwff.co/directory/KFF-6869"><text>WWFF Logsearch</text></link><type>WWFF reference</type></wpt>
<wpt lat="36.69810" lon="-84.71490"><name>KFF-6870 Little South Fork</name><desc>Little South Fork
WWFF Logsearch: https://logsearch.wwff.co/directory/KFF-6870
Matching POTA park: US-7962 Little South Fork State Natural Area — https://next.pota.app/park/US-7962
Website: https://eec.ky.gov/Nature-Preserves/Locations/Pages/Burnett-WWCA.aspx
Verify WWFF rules and boundaries before activating.</desc><link href="https://logsearch.wwff.co/directory/KFF-6870"><text>WWFF Logsearch</text></link><type>WWFF reference</type></wpt>
<wpt lat="36.73660" lon="-83.25840"><name>KFF-6871 Martin's Fork</name><desc>Martin's Fork
WWFF Logsearch: https://logsearch.wwff.co/directory/KFF-6871
Matching POTA park: US-7969 Martin's Fork (POTA) — https://next.pota.app/park/US-7969
Verify WWFF rules and boundaries before activating.</desc><link href="https://logsearch.wwff.co/directory/KFF-6871"><text>WWFF Logsearch</text></link><type>WWFF reference</type></wpt>
<wpt lat="37.10520" lon="-84.23390"><name>KFF-6872 Sinking Creek</name><desc>Sinking Creek
WWFF Logsearch: https://logsearch.wwff.co/directory/KFF-6872
Matching POTA park: US-7970 Sinking Creek State Natural Area — https://next.pota.app/park/US-7970
Website: https://eec.ky.gov/Nature-Preserves/Locations/Pages/Sinking-Creek.aspx
Verify WWFF rules and boundaries before activating.</desc><link href="https://logsearch.wwff.co/directory/KFF-6872"><text>WWFF Logsearch</text></link><type>WWFF reference</type></wpt>
<wpt lat="37.03520" lon="-84.33490"><name>KFF-6873 William H. Martin</name><desc>William H. Martin
WWFF Logsearch: https://logsearch.wwff.co/directory/KFF-6873
Matching POTA park: US-7964 William H. Martin State Natural Area — https://next.pota.app/park/US-7964
Website: https://eec.ky.gov/Nature-Preserves/Locations/Pages/Dr.-William-H.-Martin-WWCA.aspx
Verify WWFF rules and boundaries before activating.</desc><link href="https://logsearch.wwff.co/directory/KFF-6873"><text>WWFF Logsearch</text></link><type>WWFF reference</type></wpt>
<wpt lat="37.08250" lon="-89.08195"><name>KFF-6874 Axe Lake</name><desc>Axe Lake
WWFF Logsearch: https://logsearch.wwff.co/directory/KFF-6874
Verify WWFF rules and boundaries before activating.</desc><link href="https://logsearch.wwff.co/directory/KFF-6874"><text>WWFF Logsearch</text></link><type>WWFF reference</type></wpt>
<wpt lat="37.06760" lon="-82.77190"><name>KFF-6875 Bad Branch</name><desc>Bad Branch
WWFF Logsearch: https://logsearch.wwff.co/directory/KFF-6875
Matching POTA park: US-7966 Bad Branch State Nature Preserve — https://next.pota.app/park/US-7966
Official map: https://eec.ky.gov/Nature-Preserves/Brochures/BadBranchbrochure_bw.pdf
Website: https://eec.ky.gov/Nature-Preserves/Locations/Pages/Bad-Branch.aspx
Verify WWFF rules and boundaries before activating.</desc><link href="https://logsearch.wwff.co/directory/KFF-6875"><text>WWFF Logsearch</text></link><type>WWFF reference</type></wpt>
<wpt lat="36.85920" lon="-83.38210"><name>KFF-6876 Blanton Forest</name><desc>Blanton Forest
WWFF Logsearch: https://logsearch.wwff.co/directory/KFF-6876
Matching POTA park: US-7967 Blanton Forest State Nature Preserve — https://next.pota.app/park/US-7967
Official map: https://eec.ky.gov/Nature-Preserves/Brochures/BlantonForestbrochure_color.pdf
Website: https://eec.ky.gov/Nature-Preserves/Locations/Pages/Blanton-Forest.aspx
Verify WWFF rules and boundaries before activating.</desc><link href="https://logsearch.wwff.co/directory/KFF-6876"><text>WWFF Logsearch</text></link><type>WWFF reference</type></wpt>
<wpt lat="38.43180" lon="-83.99540"><name>KFF-6877 Blue Licks</name><desc>Blue Licks
WWFF Logsearch: https://logsearch.wwff.co/directory/KFF-6877
Website: https://parks.ky.gov/carlisle/parks/historic/blue-licks-battlefield-state-resort-park
Note: Not an official KFF-POTA match. Related nearby POTA park: US-1274 Blue Licks Battlefield State Park — its links and access points are shown for convenience; check boundaries.
Verify WWFF rules and boundaries before activating.</desc><link href="https://logsearch.wwff.co/directory/KFF-6877"><text>WWFF Logsearch</text></link><type>WWFF reference</type></wpt>
<wpt lat="36.89780" lon="-85.98110"><name>KFF-6878 Brigadoon</name><desc>Brigadoon
WWFF Logsearch: https://logsearch.wwff.co/directory/KFF-6878
Matching POTA park: US-7965 Brigadoon State Nature Preserve — https://next.pota.app/park/US-7965
Official map: https://eec.ky.gov/Nature-Preserves/Brochures/BrigadoonBrochure_bw.pdf
Website: https://eec.ky.gov/Nature-Preserves/Locations/Pages/Brigadoon.aspx
Verify WWFF rules and boundaries before activating.</desc><link href="https://logsearch.wwff.co/directory/KFF-6878"><text>WWFF Logsearch</text></link><type>WWFF reference</type></wpt>
<wpt lat="36.96490" lon="-83.10940"><name>KFF-6879 E. Lucy Braun</name><desc>E. Lucy Braun
WWFF Logsearch: https://logsearch.wwff.co/directory/KFF-6879
Matching POTA park: US-7968 E. Lucy Braun State Nature Preserve — https://next.pota.app/park/US-7968
Website: https://eec.ky.gov/Nature-Preserves/Locations/Pages/E.-Lucy-Braun.aspx
Verify WWFF rules and boundaries before activating.</desc><link href="https://logsearch.wwff.co/directory/KFF-6879"><text>WWFF Logsearch</text></link><type>WWFF reference</type></wpt>
<wpt lat="37.90270" lon="-84.35970"><name>KFF-6880 Frances Johnson Palk</name><desc>Frances Johnson Palk
WWFF Logsearch: https://logsearch.wwff.co/directory/KFF-6880
Verify WWFF rules and boundaries before activating.</desc><link href="https://logsearch.wwff.co/directory/KFF-6880"><text>WWFF Logsearch</text></link><type>WWFF reference</type></wpt>
<wpt lat="37.2603" lon="-85.9104"><name>KFF-6881 Green River</name><desc>Green River
WWFF Logsearch: https://logsearch.wwff.co/directory/KFF-6881
Website: https://eec.ky.gov/Nature-Preserves/Locations/Pages/Rush-Island-Bottoms.aspx
Note: Same official website as POTA US-12752 (Rush Island Bottoms, Green River State Natural Area). The WWFF directory lists coordinates in North Carolina (35.16420, -82.58400), which are wrong, so the GPS here uses the POTA park location — confirm before you travel. Not an official KFF-POTA match. Related nearby POTA park: US-12752 Green River State Natural Area — its links and access points are shown for convenience; check boundaries.
Verify WWFF rules and boundaries before activating.</desc><link href="https://logsearch.wwff.co/directory/KFF-6881"><text>WWFF Logsearch</text></link><type>WWFF reference</type></wpt>
<wpt lat="37.73330" lon="-85.70770"><name>KFF-6882 Hall Hill/Vernon-Douglas</name><desc>Hall Hill/Vernon-Douglas
WWFF Logsearch: https://logsearch.wwff.co/directory/KFF-6882
Matching POTA park: US-7957 Hall-Hill/Vernon-Douglas State Nature Preserve — https://next.pota.app/park/US-7957
Official map: https://eec.ky.gov/Nature-Preserves/Brochures/VernonDouglasBrochure_bw.pdf
Website: https://eec.ky.gov/Nature-Preserves/Locations/Pages/Vernon-Douglas.aspx
Verify WWFF rules and boundaries before activating.</desc><link href="https://logsearch.wwff.co/directory/KFF-6882"><text>WWFF Logsearch</text></link><type>WWFF reference</type></wpt>
<wpt lat="36.94800" lon="-83.18240"><name>KFF-6883 James E Bickford</name><desc>James E Bickford
WWFF Logsearch: https://logsearch.wwff.co/directory/KFF-6883
Verify WWFF rules and boundaries before activating.</desc><link href="https://logsearch.wwff.co/directory/KFF-6883"><text>WWFF Logsearch</text></link><type>WWFF reference</type></wpt>
<wpt lat="38.54710" lon="-82.84150"><name>KFF-6884 Jesse Stuart</name><desc>Jesse Stuart
WWFF Logsearch: https://logsearch.wwff.co/directory/KFF-6884
Matching POTA park: US-7961 Jesse Stuart State Nature Preserve — https://next.pota.app/park/US-7961
Website: https://eec.ky.gov/Nature-Preserves/Locations/Pages/Jesse-Stuart.aspx
Verify WWFF rules and boundaries before activating.</desc><link href="https://logsearch.wwff.co/directory/KFF-6884"><text>WWFF Logsearch</text></link><type>WWFF reference</type></wpt>
<wpt lat="37.76250" lon="-84.61720"><name>KFF-6885 Kentucky River Palisades/Tom Dorman</name><desc>Kentucky River Palisades/Tom Dorman
WWFF Logsearch: https://logsearch.wwff.co/directory/KFF-6885
Matching POTA park: US-7958 Kentucky River Palisades/Tom Dorman State Nature Preserve — https://next.pota.app/park/US-7958
Official map: https://eec.ky.gov/Nature-Preserves/Brochures/TomDormanBrochure_bw.pdf
Website: https://eec.ky.gov/Nature-Preserves/Locations/Pages/Tom-Dorman.aspx
Verify WWFF rules and boundaries before activating.</desc><link href="https://logsearch.wwff.co/directory/KFF-6885"><text>WWFF Logsearch</text></link><type>WWFF reference</type></wpt>
<wpt lat="37.91210" lon="-83.94500"><name>KFF-6886 Pilot Knob</name><desc>Pilot Knob
WWFF Logsearch: https://logsearch.wwff.co/directory/KFF-6886
Matching POTA park: US-7963 Pilot Knob State Nature Preserve — https://next.pota.app/park/US-7963
Official map: https://eec.ky.gov/Nature-Preserves/Brochures/PilotKnobBrochure_bw.pdf
Website: https://eec.ky.gov/Nature-Preserves/Locations/Pages/Pilot-Knob.aspx
Verify WWFF rules and boundaries before activating.</desc><link href="https://logsearch.wwff.co/directory/KFF-6886"><text>WWFF Logsearch</text></link><type>WWFF reference</type></wpt>
<wpt lat="37.88130" lon="-85.67630"><name>KFF-6889 Knobs</name><desc>Knobs
WWFF Logsearch: https://logsearch.wwff.co/directory/KFF-6889
Official map: https://fw.ky.gov/More/Documents/KnobsStateForestandWMA_All.pdf
Website: https://eec.ky.gov/Natural-Resources/Forestry/ky-state-forests/Pages/Knobs-State-Forest-and-Wildlife-Management-Area.aspx
Note: Not an official KFF-POTA match. Related nearby POTA park: US-4690 Knobs State Forest — its links and access points are shown for convenience; check boundaries.
Verify WWFF rules and boundaries before activating.</desc><link href="https://logsearch.wwff.co/directory/KFF-6889"><text>WWFF Logsearch</text></link><type>WWFF reference</type></wpt>
<wpt lat="37.53500" lon="-85.13820"><name>KFF-6891 Marrow</name><desc>Marrow
WWFF Logsearch: https://logsearch.wwff.co/directory/KFF-6891
Verify WWFF rules and boundaries before activating.</desc><link href="https://logsearch.wwff.co/directory/KFF-6891"><text>WWFF Logsearch</text></link><type>WWFF reference</type></wpt>
<wpt lat="37.81990" lon="-83.57510"><name>KFF-7268 Red River</name><desc>Red River
WWFF Logsearch: https://logsearch.wwff.co/directory/KFF-7268
Matching POTA park: US-10104 Red River National Wild and Scenic River — https://next.pota.app/park/US-10104
Official map: https://usfs-public.app.box.com/s/hl7pijwfnyefzcuebgl6yialfsxae9km
Website: https://www.fs.usda.gov/recarea/dbnf/recreation/recarea/?recid=39548
Note: POTA match by name/location (not yet in the official KFF-POTA cross reference) — confirm.
Verify WWFF rules and boundaries before activating.</desc><link href="https://logsearch.wwff.co/directory/KFF-7268"><text>WWFF Logsearch</text></link><type>WWFF reference</type></wpt>
<wpt lat="36.99790" lon="-84.28530"><name>KFF-7270 Cane Creek</name><desc>Cane Creek
WWFF Logsearch: https://logsearch.wwff.co/directory/KFF-7270
Matching POTA park: US-10121 Cane Creek Wildlife Management Area — https://next.pota.app/park/US-10121
Official map: https://fw.ky.gov/More/Documents/CaneCreekWMA_ALL.pdf
Website: https://app.fw.ky.gov/Public_Lands_Search/detail.aspx?Kdfwr_id=38
Note: POTA match by name/location (not yet in the official KFF-POTA cross reference) — confirm.
Verify WWFF rules and boundaries before activating.</desc><link href="https://logsearch.wwff.co/directory/KFF-7270"><text>WWFF Logsearch</text></link><type>WWFF reference</type></wpt>
<wpt lat="38.64120" lon="-83.57220"><name>KFF-7271 Crooked Creek</name><desc>Crooked Creek
WWFF Logsearch: https://logsearch.wwff.co/directory/KFF-7271
Matching POTA park: US-7960 Crooked Creek State Nature Preserve — https://next.pota.app/park/US-7960
Website: https://eec.ky.gov/Nature-Preserves/Locations/Pages/Crooked-Creek.aspx
Note: POTA match by name/location (not yet in the official KFF-POTA cross reference) — confirm.
Verify WWFF rules and boundaries before activating.</desc><link href="https://logsearch.wwff.co/directory/KFF-7271"><text>WWFF Logsearch</text></link><type>WWFF reference</type></wpt>
<wpt lat="37.73630" lon="-82.72890"><name>KFF-7272 Dewey Lake</name><desc>Dewey Lake
WWFF Logsearch: https://logsearch.wwff.co/directory/KFF-7272
Matching POTA park: US-4687 Dewey Lake Wildlife Management Area — https://next.pota.app/park/US-4687
Official map: https://fw.ky.gov/More/Documents/DeweyLakeWMA-ALL.pdf
Website: https://fw.ky.gov/More/Documents/DeweyLakeWMA-ALL.pdf
Note: POTA match by name/location (not yet in the official KFF-POTA cross reference) — confirm.
Verify WWFF rules and boundaries before activating.</desc><link href="https://logsearch.wwff.co/directory/KFF-7272"><text>WWFF Logsearch</text></link><type>WWFF reference</type></wpt>
<wpt lat="37.14890" lon="-88.34820"><name>KFF-7366 Ferguson Creek</name><desc>Ferguson Creek
WWFF Logsearch: https://logsearch.wwff.co/directory/KFF-7366
Matching POTA park: US-10128 Ferguson Creek Wildlife Management Area — https://next.pota.app/park/US-10128
Official map: https://fw.ky.gov/More/Documents/FergusonCreekWMA_All.pdf
Website: https://app.fw.ky.gov/Public_Lands_Search/detail.aspx?Kdfwr_id=9715
Note: POTA match by name/location (not yet in the official KFF-POTA cross reference) — confirm.
Verify WWFF rules and boundaries before activating.</desc><link href="https://logsearch.wwff.co/directory/KFF-7366"><text>WWFF Logsearch</text></link><type>WWFF reference</type></wpt>
<wpt lat="37.21860" lon="-86.52880"><name>KFF-7367 Gabbard Branch</name><desc>Gabbard Branch
WWFF Logsearch: https://logsearch.wwff.co/directory/KFF-7367
Matching POTA park: US-10131 Gabbard Branch Wildlife Management Area — https://next.pota.app/park/US-10131
Official map: https://fw.ky.gov/More/Documents/GabbardBranchWMA_All.pdf
Website: https://app.fw.ky.gov/Public_Lands_Search/detail.aspx?Kdfwr_id=9713
Note: POTA match by name/location (not yet in the official KFF-POTA cross reference) — confirm.
Verify WWFF rules and boundaries before activating.</desc><link href="https://logsearch.wwff.co/directory/KFF-7367"><text>WWFF Logsearch</text></link><type>WWFF reference</type></wpt>
<wpt lat="37.31880" lon="-87.36140"><name>KFF-7368 Harris-Dickerson</name><desc>Harris-Dickerson
WWFF Logsearch: https://logsearch.wwff.co/directory/KFF-7368
Matching POTA park: US-10137 Harris-Dickerson Wildlife Management Area — https://next.pota.app/park/US-10137
Official map: https://fw.ky.gov/More/Documents/Harris-Dickerson_All.pdf
Website: https://app.fw.ky.gov/Public_Lands_Search/detail.aspx?Kdfwr_id=9709
Note: POTA match by name/location (not yet in the official KFF-POTA cross reference) — confirm.
Verify WWFF rules and boundaries before activating.</desc><link href="https://logsearch.wwff.co/directory/KFF-7368"><text>WWFF Logsearch</text></link><type>WWFF reference</type></wpt>
<wpt lat="37.10520" lon="-83.36780"><name>KFF-7369 Hoskins</name><desc>Hoskins
WWFF Logsearch: https://logsearch.wwff.co/directory/KFF-7369
Matching POTA park: US-10138 Hoskins Wildlife Management Area — https://next.pota.app/park/US-10138
Official map: https://fw.ky.gov/More/Documents/Hoskins_WMA_All.pdf
Website: https://app.fw.ky.gov/Public_Lands_Search/detail.aspx?Kdfwr_id=9711
Note: POTA match by name/location (not yet in the official KFF-POTA cross reference) — confirm.
Verify WWFF rules and boundaries before activating.</desc><link href="https://logsearch.wwff.co/directory/KFF-7369"><text>WWFF Logsearch</text></link><type>WWFF reference</type></wpt>
<wpt lat="36.77290" lon="-83.77990"><name>KFF-7370 Kentucky Ridge</name><desc>Kentucky Ridge
WWFF Logsearch: https://logsearch.wwff.co/directory/KFF-7370
Matching POTA park: US-10141 Kentucky Ridge Wildlife Management Area — https://next.pota.app/park/US-10141
Official map: https://fw.ky.gov/More/Documents/KentuckyRidgeForestWMA_ALL.pdf
Website: https://app.fw.ky.gov/Public_Lands_Search/detail.aspx?Kdfwr_id=186
Note: POTA match by name/location (not yet in the official KFF-POTA cross reference) — confirm.
Verify WWFF rules and boundaries before activating.</desc><link href="https://logsearch.wwff.co/directory/KFF-7370"><text>WWFF Logsearch</text></link><type>WWFF reference</type></wpt>
<wpt lat="36.86430" lon="-85.62120"><name>KFF-7371 Marrowbone</name><desc>Marrowbone
WWFF Logsearch: https://logsearch.wwff.co/directory/KFF-7371
Matching POTA park: US-7952 Marrowbone State Forest — https://next.pota.app/park/US-7952
Official map: https://fw.ky.gov/More/Documents/MarrowboneStateForestandWMA_ALL.pdf
Website: https://fw.ky.gov/More/Documents/MarrowboneStateForestandWMA_ALL.pdf
Note: POTA match by name/location (not yet in the official KFF-POTA cross reference) — confirm.
Verify WWFF rules and boundaries before activating.</desc><link href="https://logsearch.wwff.co/directory/KFF-7371"><text>WWFF Logsearch</text></link><type>WWFF reference</type></wpt>
<wpt lat="37.20601363" lon="-83.04215566"><name>KFF-1251 · KDFWR entrance: Wells Hunting Access Area</name><desc>Official entrance of a different neighboring area (not this park)
2.9 mi from the matching POTA park GPS point
Nearby point (within 5 mi). It may be outside the area — e.g. Corps of Engineers or other land. Check the official map.</desc><sym>Parking Area</sym><type>KDFWR entrance</type></wpt>
<wpt lat="37.24304806" lon="-82.94668437"><name>KFF-1251 · KDFWR entrance: Carr Creek Lake WMA</name><desc>Official entrance of a different neighboring area (not this park)
3.1 mi from the matching POTA park GPS point
Nearby point (within 5 mi). It may be outside the area — e.g. Corps of Engineers or other land. Check the official map.</desc><sym>Parking Area</sym><type>KDFWR entrance</type></wpt>
<wpt lat="37.50480878" lon="-82.35817419"><name>KFF-1255 · KDFWR entrance: RH Group Hunting Access Area</name><desc>Official entrance of a different neighboring area (not this park)
4.9 mi from the matching POTA park GPS point
Nearby point (within 5 mi). It may be outside the area — e.g. Corps of Engineers or other land. Check the official map.</desc><sym>Parking Area</sym><type>KDFWR entrance</type></wpt>
<wpt lat="38.24213641" lon="-82.98176806"><name>KFF-1258 · KDFWR entrance: Grayson Lake WMA</name><desc>Official entrance of a different neighboring area (not this park)
3.8 mi from the matching POTA park GPS point
Nearby point (within 5 mi). It may be outside the area — e.g. Corps of Engineers or other land. Check the official map.</desc><sym>Parking Area</sym><type>KDFWR entrance</type></wpt>
<wpt lat="37.29254188" lon="-85.29981478"><name>KFF-1259 · KDFWR entrance: Green River Lake WMA</name><desc>Official entrance of a different neighboring area (not this park)
1.8 mi from the matching POTA park GPS point
Nearby point (within 5 mi). It may be outside the area — e.g. Corps of Engineers or other land. Check the official map.</desc><sym>Parking Area</sym><type>KDFWR entrance</type></wpt>
<wpt lat="38.01552717" lon="-85.22572573"><name>KFF-1271 · KDFWR entrance: Taylorsville Lake WMA</name><desc>Official entrance of a different neighboring area (not this park)
1.6 mi from the matching POTA park GPS point
Nearby point (within 5 mi). It may be outside the area — e.g. Corps of Engineers or other land. Check the official map.</desc><sym>Parking Area</sym><type>KDFWR entrance</type></wpt>
<wpt lat="36.87774671" lon="-86.05559207"><name>KFF-1273 · KDFWR entrance: Barren River Lake WMA</name><desc>Official entrance of a different neighboring area (not this park)
1.5 mi from the matching POTA park GPS point
Nearby point (within 5 mi). It may be outside the area — e.g. Corps of Engineers or other land. Check the official map.</desc><sym>Parking Area</sym><type>KDFWR entrance</type></wpt>
<wpt lat="37.34131271" lon="-83.46991215"><name>KFF-1275 · KDFWR entrance: Buckhorn Lake WMA</name><desc>Official entrance of a different neighboring area (not this park)
2.8 mi from the matching POTA park GPS point
Nearby point (within 5 mi). It may be outside the area — e.g. Corps of Engineers or other land. Check the official map.</desc><sym>Parking Area</sym><type>KDFWR entrance</type></wpt>
<wpt lat="36.674476" lon="-85.33936885"><name>KFF-1278 · KDFWR entrance: Dale Hollow Lake WMA</name><desc>Official entrance of a different neighboring area (not this park)
3.4 mi from the matching POTA park GPS point
Nearby point (within 5 mi). It may be outside the area — e.g. Corps of Engineers or other land. Check the official map.</desc><sym>Parking Area</sym><type>KDFWR entrance</type></wpt>
<wpt lat="37.75870892" lon="-82.68898077"><name>KFF-1281 · KDFWR entrance: Czar Hunting Access Area</name><desc>Official entrance of a different neighboring area (not this park)
4.8 mi from the matching POTA park GPS point
Nearby point (within 5 mi). It may be outside the area — e.g. Corps of Engineers or other land. Check the official map.</desc><sym>Parking Area</sym><type>KDFWR entrance</type></wpt>
<wpt lat="36.69697" lon="-83.70039924"><name>KFF-1288 · KDFWR entrance: Fortner-Davis WMA</name><desc>Official entrance of a different neighboring area (not this park)
3.5 mi from the matching POTA park GPS point
Nearby point (within 5 mi). It may be outside the area — e.g. Corps of Engineers or other land. Check the official map.</desc><sym>Parking Area</sym><type>KDFWR entrance</type></wpt>
<wpt lat="37.63605514" lon="-86.43623604"><name>KFF-1289 · KDFWR entrance: Rough River Lake WMA</name><desc>Official entrance of a different neighboring area (not this park)
4.2 mi from the matching POTA park GPS point
Nearby point (within 5 mi). It may be outside the area — e.g. Corps of Engineers or other land. Check the official map.</desc><sym>Parking Area</sym><type>KDFWR entrance</type></wpt>
<wpt lat="36.73632081" lon="-83.25882423"><name>KFF-3804 · KDFWR entrance: Martins Fork Lake WMA</name><desc>Official entrance of a different neighboring area (not this park)
3.7 mi from the matching POTA park GPS point
Nearby point (within 5 mi). It may be outside the area — e.g. Corps of Engineers or other land. Check the official map.</desc><sym>Parking Area</sym><type>KDFWR entrance</type></wpt>
<wpt lat="37.69498867" lon="-84.18103199"><name>KFF-3825 · KDFWR entrance: Blue Grass Army Depot</name><desc>Official entrance of a different neighboring area (not this park)
4.3 mi from the matching POTA park GPS point
Nearby point (within 5 mi). It may be outside the area — e.g. Corps of Engineers or other land. Check the official map.</desc><sym>Parking Area</sym><type>KDFWR entrance</type></wpt>
<wpt lat="36.63016906" lon="-83.85767472"><name>KFF-6866 · KDFWR entrance: Cumberland Forest WMA</name><desc>Official entrance of a different neighboring area (not this park)
4.1 mi from the matching POTA park GPS point
Nearby point (within 5 mi). It may be outside the area — e.g. Corps of Engineers or other land. Check the official map.</desc><sym>Parking Area</sym><type>KDFWR entrance</type></wpt>
<wpt lat="36.87774671" lon="-86.05559207"><name>KFF-6878 · KDFWR entrance: Barren River Lake WMA</name><desc>Official entrance of a different neighboring area (not this park)
4.3 mi from the matching POTA park GPS point
Nearby point (within 5 mi). It may be outside the area — e.g. Corps of Engineers or other land. Check the official map.</desc><sym>Parking Area</sym><type>KDFWR entrance</type></wpt>
<wpt lat="37.89385442" lon="-83.97777602"><name>KFF-6886 · KDFWR entrance: Hidden Valley Training Area</name><desc>Official entrance of a different neighboring area (not this park)
2.2 mi from the matching POTA park GPS point
Nearby point (within 5 mi). It may be outside the area — e.g. Corps of Engineers or other land. Check the official map.</desc><sym>Parking Area</sym><type>KDFWR entrance</type></wpt>
<wpt lat="37.75870892" lon="-82.68898077"><name>KFF-7272 · KDFWR entrance: Czar Hunting Access Area</name><desc>Official entrance of a different neighboring area (not this park)
2.7 mi from the matching POTA park GPS point
Nearby point (within 5 mi). It may be outside the area — e.g. Corps of Engineers or other land. Check the official map.</desc><sym>Parking Area</sym><type>KDFWR entrance</type></wpt>
<wpt lat="37.23202" lon="-83.0332"><name>KFF-1251 · KDFWR fishing access: Carr Creek Tailwater</name><desc>Carr Creek Lake • Bank Access • paved parking
1.8 mi from the matching POTA park GPS point
Nearby point (within 5 mi). It may be outside the area — e.g. Corps of Engineers or other land. Check the official map.</desc><sym>Parking Area</sym><type>KDFWR fishing access</type></wpt>
<wpt lat="37.42929" lon="-82.41519"><name>KFF-1255 · KDFWR fishing access: Fishtrap Tailwater</name><desc>Fishtrap Lake • Bank Access • paved parking
3.6 mi from the matching POTA park GPS point
Nearby point (within 5 mi). It may be outside the area — e.g. Corps of Engineers or other land. Check the official map.</desc><sym>Parking Area</sym><type>KDFWR fishing access</type></wpt>
<wpt lat="38.25055" lon="-82.98579"><name>KFF-1258 · KDFWR fishing access: Grayson Fishing Pier</name><desc>Grayson Lake • Fishing Pier • paved parking
4.2 mi from the matching POTA park GPS point
Nearby point (within 5 mi). It may be outside the area — e.g. Corps of Engineers or other land. Check the official map.</desc><sym>Parking Area</sym><type>KDFWR fishing access</type></wpt>
<wpt lat="38.25473" lon="-82.99001"><name>KFF-1258 · KDFWR fishing access: Grayson Lake Tailwater</name><desc>Grayson Lake • Bank Access • unpaved parking
4.3 mi from the matching POTA park GPS point
Nearby point (within 5 mi). It may be outside the area — e.g. Corps of Engineers or other land. Check the official map.</desc><sym>Parking Area</sym><type>KDFWR fishing access</type></wpt>
<wpt lat="37.24415" lon="-85.33664"><name>KFF-1259 · KDFWR fishing access: Corps Office</name><desc>Green River Lake • Bank Access • paved parking
2.1 mi from the matching POTA park GPS point
Nearby point (within 5 mi). It may be outside the area — e.g. Corps of Engineers or other land. Check the official map.</desc><sym>Parking Area</sym><type>KDFWR fishing access</type></wpt>
<wpt lat="37.231991" lon="-85.337206"><name>KFF-1259 · KDFWR fishing access: Green River Lake Fishing Pier 1</name><desc>Green River Lake • Fishing Pier • paved parking
2.9 mi from the matching POTA park GPS point
Nearby point (within 5 mi). It may be outside the area — e.g. Corps of Engineers or other land. Check the official map.</desc><sym>Parking Area</sym><type>KDFWR fishing access</type></wpt>
<wpt lat="37.220572" lon="-85.268632"><name>KFF-1259 · KDFWR fishing access: Green River Lake Fishing Pier 2</name><desc>Green River Lake • Fishing Pier • paved parking
4.4 mi from the matching POTA park GPS point
Nearby point (within 5 mi). It may be outside the area — e.g. Corps of Engineers or other land. Check the official map.</desc><sym>Parking Area</sym><type>KDFWR fishing access</type></wpt>
<wpt lat="38.677022" lon="-84.345989"><name>KFF-1261 · KDFWR fishing access: Pendleton Co. Athletic Park</name><desc>South Fork Licking River • Bank Access • paved parking
4.8 mi from the matching POTA park GPS point
Nearby point (within 5 mi). It may be outside the area — e.g. Corps of Engineers or other land. Check the official map.</desc><sym>Parking Area</sym><type>KDFWR fishing access</type></wpt>
<wpt lat="37.87983" lon="-82.91456"><name>KFF-1270 · KDFWR fishing access: Paintsville Lake WMA</name><desc>Paintsville Lake • Bank Access • unpaved parking
3.2 mi from the matching POTA park GPS point
Nearby point (within 5 mi). It may be outside the area — e.g. Corps of Engineers or other land. Check the official map.</desc><sym>Parking Area</sym><type>KDFWR fishing access</type></wpt>
<wpt lat="38.0077" lon="-85.30958"><name>KFF-1271 · KDFWR fishing access: Taylorsville Tailwater</name><desc>Taylorsville Lake • Bank Access • paved parking
3.6 mi from the matching POTA park GPS point
Nearby point (within 5 mi). It may be outside the area — e.g. Corps of Engineers or other land. Check the official map.</desc><sym>Parking Area</sym><type>KDFWR fishing access</type></wpt>
<wpt lat="38.12848" lon="-82.69628"><name>KFF-1272 · KDFWR fishing access: Yatesville Tailwater</name><desc>Yatesville Lake • Bank Access • paved parking
2.3 mi from the matching POTA park GPS point
Nearby point (within 5 mi). It may be outside the area — e.g. Corps of Engineers or other land. Check the official map.</desc><sym>Parking Area</sym><type>KDFWR fishing access</type></wpt>
<wpt lat="37.34633" lon="-83.46959"><name>KFF-1275 · KDFWR fishing access: Buckhorn Tailwater</name><desc>Buckhorn Lake • Bank Access • paved parking
3.1 mi from the matching POTA park GPS point
Nearby point (within 5 mi). It may be outside the area — e.g. Corps of Engineers or other land. Check the official map.</desc><sym>Parking Area</sym><type>KDFWR fishing access</type></wpt>
<wpt lat="38.66713" lon="-85.14735"><name>KFF-1279 · KDFWR fishing access: General Butler State Park</name><desc>General Butler State Park Lake • Bank Access • paved parking
0.1 mi from the matching POTA park GPS point
Nearby point (within 5 mi). It may be outside the area — e.g. Corps of Engineers or other land. Check the official map.</desc><sym>Parking Area</sym><type>KDFWR fishing access</type></wpt>
<wpt lat="38.66755" lon="-85.1473"><name>KFF-1279 · KDFWR fishing access: General Butler Handicapped Fishing Pier</name><desc>General Butler State Park Lake • Fishing Pier • paved parking
0.1 mi from the matching POTA park GPS point
Nearby point (within 5 mi). It may be outside the area — e.g. Corps of Engineers or other land. Check the official map.</desc><sym>Parking Area</sym><type>KDFWR fishing access</type></wpt>
<wpt lat="38.49137" lon="-82.86529"><name>KFF-1280 · KDFWR fishing access: Dam area - Greenbo Lake State Park</name><desc>Greenbo Lake • Bank Access • unpaved parking
0.9 mi from the matching POTA park GPS point
Nearby point (within 5 mi). It may be outside the area — e.g. Corps of Engineers or other land. Check the official map.</desc><sym>Parking Area</sym><type>KDFWR fishing access</type></wpt>
<wpt lat="37.7375" lon="-82.73144"><name>KFF-1281 · KDFWR fishing access: Dewey Lake Tailwater</name><desc>Dewey Lake • Bank Access • paved parking
2.9 mi from the matching POTA park GPS point
Nearby point (within 5 mi). It may be outside the area — e.g. Corps of Engineers or other land. Check the official map.</desc><sym>Parking Area</sym><type>KDFWR fishing access</type></wpt>
<wpt lat="37.77444" lon="-83.677121"><name>KFF-1286 · KDFWR fishing access: Middle Fork Red River Access</name><desc>Natural Bridge State Park • Bank Access • unpaved parking
0.6 mi from the matching POTA park GPS point
Nearby point (within 5 mi). It may be outside the area — e.g. Corps of Engineers or other land. Check the official map.</desc><sym>Parking Area</sym><type>KDFWR fishing access</type></wpt>
<wpt lat="37.06986" lon="-87.66138"><name>KFF-1287 · KDFWR fishing access: Pennyrile Forest State Park</name><desc>Pennyrile Lake • Bank Access • paved parking
0.2 mi from the matching POTA park GPS point
Nearby point (within 5 mi). It may be outside the area — e.g. Corps of Engineers or other land. Check the official map.</desc><sym>Parking Area</sym><type>KDFWR fishing access</type></wpt>
<wpt lat="37.62099" lon="-86.50178"><name>KFF-1289 · KDFWR fishing access: RRL Tailwater</name><desc>Rough River Lake • Bank Access • paved parking
0.8 mi from the matching POTA park GPS point
Nearby point (within 5 mi). It may be outside the area — e.g. Corps of Engineers or other land. Check the official map.</desc><sym>Parking Area</sym><type>KDFWR fishing access</type></wpt>
<wpt lat="38.88409" lon="-84.74368"><name>KFF-3779 · KDFWR fishing access: Big Bone State Park</name><desc>Big Bone State Park Lake • Bank Access • unpaved parking
0.3 mi from the matching POTA park GPS point
Nearby point (within 5 mi). It may be outside the area — e.g. Corps of Engineers or other land. Check the official map.</desc><sym>Parking Area</sym><type>KDFWR fishing access</type></wpt>
<wpt lat="37.30422" lon="-82.3517"><name>KFF-3781 · KDFWR fishing access: Elkhorn City Park</name><desc>Russell Fork • Bank Access • unpaved parking
2.2 mi from the matching POTA park GPS point
Nearby point (within 5 mi). It may be outside the area — e.g. Corps of Engineers or other land. Check the official map.</desc><sym>Parking Area</sym><type>KDFWR fishing access</type></wpt>
<wpt lat="36.87529" lon="-83.88388"><name>KFF-3782 · KDFWR fishing access: Brickyard Pond</name><desc>Brickyard Pond • Bank Access • paved parking
3.1 mi from the matching POTA park GPS point
Nearby point (within 5 mi). It may be outside the area — e.g. Corps of Engineers or other land. Check the official map.</desc><sym>Parking Area</sym><type>KDFWR fishing access</type></wpt>
<wpt lat="36.877249" lon="-83.884883"><name>KFF-3782 · KDFWR fishing access: Brickyard Pond Fishing Pier</name><desc>Brickyard Pond • Fishing Pier • paved parking
3.2 mi from the matching POTA park GPS point
Nearby point (within 5 mi). It may be outside the area — e.g. Corps of Engineers or other land. Check the official map.</desc><sym>Parking Area</sym><type>KDFWR fishing access</type></wpt>
<wpt lat="37.967244" lon="-84.5915133"><name>KFF-3786 · KDFWR fishing access: Southland Church Lake Fishing Access</name><desc>Southland Church Lake • Bank Access • paved parking
3.0 mi from the matching POTA park GPS point
Nearby point (within 5 mi). It may be outside the area — e.g. Corps of Engineers or other land. Check the official map.</desc><sym>Parking Area</sym><type>KDFWR fishing access</type></wpt>
<wpt lat="37.11329" lon="-89.04555"><name>KFF-3793 · KDFWR fishing access: Ballard WMA Pond</name><desc>Ballard WMA • Bank Access • unpaved parking
4.8 mi from the matching POTA park GPS point
Nearby point (within 5 mi). It may be outside the area — e.g. Corps of Engineers or other land. Check the official map.</desc><sym>Parking Area</sym><type>KDFWR fishing access</type></wpt>
<wpt lat="37.11329" lon="-89.04555"><name>KFF-3797 · KDFWR fishing access: Ballard WMA Pond</name><desc>Ballard WMA • Bank Access • unpaved parking
2.9 mi from the matching POTA park GPS point
Nearby point (within 5 mi). It may be outside the area — e.g. Corps of Engineers or other land. Check the official map.</desc><sym>Parking Area</sym><type>KDFWR fishing access</type></wpt>
<wpt lat="37.488309" lon="-84.54566"><name>KFF-3800 · KDFWR fishing access: Cedar Creek Bank Fishing Area</name><desc>Cedar Creek Lake • Bank Access • unpaved parking
1.1 mi from the matching POTA park GPS point
Nearby point (within 5 mi). It may be outside the area — e.g. Corps of Engineers or other land. Check the official map.</desc><sym>Parking Area</sym><type>KDFWR fishing access</type></wpt>
<wpt lat="37.456087" lon="-84.549482"><name>KFF-3800 · KDFWR fishing access: Cedar Creek Lake Fishing Pier</name><desc>Cedar Creek Lake • Fishing Pier • paved parking
1.4 mi from the matching POTA park GPS point
Nearby point (within 5 mi). It may be outside the area — e.g. Corps of Engineers or other land. Check the official map.</desc><sym>Parking Area</sym><type>KDFWR fishing access</type></wpt>
<wpt lat="37.81951" lon="-83.57471"><name>KFF-3801 · KDFWR fishing access: 715 Bridge Fishing Access</name><desc>Red River • Bank Access • unpaved parking
0.5 mi from the matching POTA park GPS point
Nearby point (within 5 mi). It may be outside the area — e.g. Corps of Engineers or other land. Check the official map.</desc><sym>Parking Area</sym><type>KDFWR fishing access</type></wpt>
<wpt lat="37.813351" lon="-83.582722"><name>KFF-3801 · KDFWR fishing access: Swift Camp Creek Fishing Access</name><desc>Swift Camp Creek • Bank Access • unpaved parking
1.1 mi from the matching POTA park GPS point
Nearby point (within 5 mi). It may be outside the area — e.g. Corps of Engineers or other land. Check the official map.</desc><sym>Parking Area</sym><type>KDFWR fishing access</type></wpt>
<wpt lat="38.173207" lon="-84.923255"><name>KFF-3802 · KDFWR fishing access: Lower Sportsman's Lake</name><desc>Sportsman's Lakes • Bank Access • paved parking
4.5 mi from the matching POTA park GPS point
Nearby point (within 5 mi). It may be outside the area — e.g. Corps of Engineers or other land. Check the official map.</desc><sym>Parking Area</sym><type>KDFWR fishing access</type></wpt>
<wpt lat="38.173989" lon="-84.922899"><name>KFF-3802 · KDFWR fishing access: Upper Sportman's Lake</name><desc>Sportsman's Lakes • Fishing Pier • paved parking
4.6 mi from the matching POTA park GPS point
Nearby point (within 5 mi). It may be outside the area — e.g. Corps of Engineers or other land. Check the official map.</desc><sym>Parking Area</sym><type>KDFWR fishing access</type></wpt>
<wpt lat="36.7511865" lon="-83.2570512"><name>KFF-3804 · KDFWR fishing access: MFL Tailwater</name><desc>Martins Fork Lake • Bank Access • paved parking
3.4 mi from the matching POTA park GPS point
Nearby point (within 5 mi). It may be outside the area — e.g. Corps of Engineers or other land. Check the official map.</desc><sym>Parking Area</sym><type>KDFWR fishing access</type></wpt>
<wpt lat="36.736719" lon="-83.256779"><name>KFF-3804 · KDFWR fishing access: Martins Fork Lake Fishing Pier</name><desc>Martins Fork Lake • Fishing Pier • paved parking
3.6 mi from the matching POTA park GPS point
Nearby point (within 5 mi). It may be outside the area — e.g. Corps of Engineers or other land. Check the official map.</desc><sym>Parking Area</sym><type>KDFWR fishing access</type></wpt>
<wpt lat="38.770286" lon="-84.597259"><name>KFF-3805 · KDFWR fishing access: Leary Lake Fishing Pier</name><desc>Leary Lake • Fishing Pier • unpaved parking
0.5 mi from the matching POTA park GPS point
Nearby point (within 5 mi). It may be outside the area — e.g. Corps of Engineers or other land. Check the official map.</desc><sym>Parking Area</sym><type>KDFWR fishing access</type></wpt>
<wpt lat="38.77038" lon="-84.59727"><name>KFF-3805 · KDFWR fishing access: Leary Lake</name><desc>Leary Lake • Bank Access • unpaved parking
0.5 mi from the matching POTA park GPS point
Nearby point (within 5 mi). It may be outside the area — e.g. Corps of Engineers or other land. Check the official map.</desc><sym>Parking Area</sym><type>KDFWR fishing access</type></wpt>
<wpt lat="37.488309" lon="-84.54566"><name>KFF-3807 · KDFWR fishing access: Cedar Creek Bank Fishing Area</name><desc>Cedar Creek Lake • Bank Access • unpaved parking
2.5 mi from the matching POTA park GPS point
Nearby point (within 5 mi). It may be outside the area — e.g. Corps of Engineers or other land. Check the official map.</desc><sym>Parking Area</sym><type>KDFWR fishing access</type></wpt>
<wpt lat="37.456087" lon="-84.549482"><name>KFF-3807 · KDFWR fishing access: Cedar Creek Lake Fishing Pier</name><desc>Cedar Creek Lake • Fishing Pier • paved parking
3.6 mi from the matching POTA park GPS point
Nearby point (within 5 mi). It may be outside the area — e.g. Corps of Engineers or other land. Check the official map.</desc><sym>Parking Area</sym><type>KDFWR fishing access</type></wpt>
<wpt lat="38.88409" lon="-84.74368"><name>KFF-3810 · KDFWR fishing access: Big Bone State Park</name><desc>Big Bone State Park Lake • Bank Access • unpaved parking
2.6 mi from the matching POTA park GPS point
Nearby point (within 5 mi). It may be outside the area — e.g. Corps of Engineers or other land. Check the official map.</desc><sym>Parking Area</sym><type>KDFWR fishing access</type></wpt>
<wpt lat="38.129136" lon="-83.189707"><name>KFF-3811 · KDFWR fishing access: Ed Mabry-Laurel Gorge WMA</name><desc>Laurel Creek • Bank Access • unpaved parking
0.2 mi from the matching POTA park GPS point
Nearby point (within 5 mi). It may be outside the area — e.g. Corps of Engineers or other land. Check the official map.</desc><sym>Parking Area</sym><type>KDFWR fishing access</type></wpt>
<wpt lat="37.617507" lon="-87.855379"><name>KFF-3815 · KDFWR fishing access: Mauzy Lake Access Pier</name><desc>Higginson-Henry WMA • Fishing Pier • unpaved parking
0.1 mi from the matching POTA park GPS point
Nearby point (within 5 mi). It may be outside the area — e.g. Corps of Engineers or other land. Check the official map.</desc><sym>Parking Area</sym><type>KDFWR fishing access</type></wpt>
<wpt lat="38.32958" lon="-84.78243"><name>KFF-3816 · KDFWR fishing access: Kleber WMA</name><desc>Kleber WMA Pond • Bank Access • unpaved parking
2.0 mi from the matching POTA park GPS point
Nearby point (within 5 mi). It may be outside the area — e.g. Corps of Engineers or other land. Check the official map.</desc><sym>Parking Area</sym><type>KDFWR fishing access</type></wpt>
<wpt lat="37.639696" lon="-84.2049999"><name>KFF-3825 · KDFWR fishing access: Central KY WMA Fishing Access</name><desc>Central KY WMA • Bank Access • unpaved parking
0.4 mi from the matching POTA park GPS point
Nearby point (within 5 mi). It may be outside the area — e.g. Corps of Engineers or other land. Check the official map.</desc><sym>Parking Area</sym><type>KDFWR fishing access</type></wpt>
<wpt lat="38.77038" lon="-84.59727"><name>KFF-3826 · KDFWR fishing access: Leary Lake</name><desc>Leary Lake • Bank Access • unpaved parking
2.4 mi from the matching POTA park GPS point
Nearby point (within 5 mi). It may be outside the area — e.g. Corps of Engineers or other land. Check the official map.</desc><sym>Parking Area</sym><type>KDFWR fishing access</type></wpt>
<wpt lat="38.770286" lon="-84.597259"><name>KFF-3826 · KDFWR fishing access: Leary Lake Fishing Pier</name><desc>Leary Lake • Fishing Pier • unpaved parking
2.4 mi from the matching POTA park GPS point
Nearby point (within 5 mi). It may be outside the area — e.g. Corps of Engineers or other land. Check the official map.</desc><sym>Parking Area</sym><type>KDFWR fishing access</type></wpt>
<wpt lat="37.302088" lon="-86.964209"><name>KFF-3828 · KDFWR fishing access: Nameless Lake #11 Bank Access</name><desc>Peabody WMA • Bank Access • unpaved parking
3.9 mi from the matching POTA park GPS point
Nearby point (within 5 mi). It may be outside the area — e.g. Corps of Engineers or other land. Check the official map.</desc><sym>Parking Area</sym><type>KDFWR fishing access</type></wpt>
<wpt lat="37.302578" lon="-86.965438"><name>KFF-3828 · KDFWR fishing access: Shady Lake Bank Access #1</name><desc>Peabody WMA • Bank Access • unpaved parking
4.0 mi from the matching POTA park GPS point
Nearby point (within 5 mi). It may be outside the area — e.g. Corps of Engineers or other land. Check the official map.</desc><sym>Parking Area</sym><type>KDFWR fishing access</type></wpt>
<wpt lat="37.298754" lon="-86.970665"><name>KFF-3828 · KDFWR fishing access: Turkey Foot Bank Access #1</name><desc>Peabody WMA • Bank Access • unpaved parking
4.2 mi from the matching POTA park GPS point
Nearby point (within 5 mi). It may be outside the area — e.g. Corps of Engineers or other land. Check the official map.</desc><sym>Parking Area</sym><type>KDFWR fishing access</type></wpt>
<wpt lat="37.296599" lon="-86.973633"><name>KFF-3828 · KDFWR fishing access: Ken Lake Fishing Jetty #1</name><desc>Peabody WMA • Fishing Pier • unpaved parking
4.4 mi from the matching POTA park GPS point
Nearby point (within 5 mi). It may be outside the area — e.g. Corps of Engineers or other land. Check the official map.</desc><sym>Parking Area</sym><type>KDFWR fishing access</type></wpt>
<wpt lat="37.293447" lon="-86.975685"><name>KFF-3828 · KDFWR fishing access: Beaver Lake Bank Access #1</name><desc>Peabody WMA • Bank Access • unpaved parking
4.4 mi from the matching POTA park GPS point
Nearby point (within 5 mi). It may be outside the area — e.g. Corps of Engineers or other land. Check the official map.</desc><sym>Parking Area</sym><type>KDFWR fishing access</type></wpt>
<wpt lat="37.295679" lon="-86.98067"><name>KFF-3828 · KDFWR fishing access: Ken Lake Bank Access #1</name><desc>Peabody WMA • Bank Access • unpaved parking
4.7 mi from the matching POTA park GPS point
Nearby point (within 5 mi). It may be outside the area — e.g. Corps of Engineers or other land. Check the official map.</desc><sym>Parking Area</sym><type>KDFWR fishing access</type></wpt>
<wpt lat="37.297043" lon="-86.981348"><name>KFF-3828 · KDFWR fishing access: Ken Lake Fishing Jetty #2</name><desc>Peabody WMA • Fishing Pier • unpaved parking
4.8 mi from the matching POTA park GPS point
Nearby point (within 5 mi). It may be outside the area — e.g. Corps of Engineers or other land. Check the official map.</desc><sym>Parking Area</sym><type>KDFWR fishing access</type></wpt>
<wpt lat="38.32958" lon="-84.78243"><name>KFF-3833 · KDFWR fishing access: Kleber WMA</name><desc>Kleber WMA Pond • Bank Access • unpaved parking
4.2 mi from the matching POTA park GPS point
Nearby point (within 5 mi). It may be outside the area — e.g. Corps of Engineers or other land. Check the official map.</desc><sym>Parking Area</sym><type>KDFWR fishing access</type></wpt>
<wpt lat="38.5738" lon="-85.031404"><name>KFF-3835 · KDFWR fishing access: Twin Eagle WMA Fishing Access</name><desc>Twin Eagle WMA • Bank Access • unpaved parking
0.1 mi from the matching POTA park GPS point
Nearby point (within 5 mi). It may be outside the area — e.g. Corps of Engineers or other land. Check the official map.</desc><sym>Parking Area</sym><type>KDFWR fishing access</type></wpt>
<wpt lat="38.32226" lon="-84.548436"><name>KFF-3836 · KDFWR fishing access: Veterans Memorial WMA Pond</name><desc>Veterans Memorial WMA • Bank Access • unpaved parking
1.4 mi from the matching POTA park GPS point
Nearby point (within 5 mi). It may be outside the area — e.g. Corps of Engineers or other land. Check the official map.</desc><sym>Parking Area</sym><type>KDFWR fishing access</type></wpt>
<wpt lat="38.241075" lon="-84.572284"><name>KFF-3836 · KDFWR fishing access: Scott County Park Lake Fishing Pier</name><desc>Scott County Park • Fishing Pier • paved parking
4.4 mi from the matching POTA park GPS point
Nearby point (within 5 mi). It may be outside the area — e.g. Corps of Engineers or other land. Check the official map.</desc><sym>Parking Area</sym><type>KDFWR fishing access</type></wpt>
<wpt lat="38.240347" lon="-84.573029"><name>KFF-3836 · KDFWR fishing access: Scott County Park Lake</name><desc>Scott County Park • Bank Access • paved parking
4.5 mi from the matching POTA park GPS point
Nearby point (within 5 mi). It may be outside the area — e.g. Corps of Engineers or other land. Check the official map.</desc><sym>Parking Area</sym><type>KDFWR fishing access</type></wpt>
<wpt lat="38.235713" lon="-84.568586"><name>KFF-3836 · KDFWR fishing access: Lusby Lake</name><desc>Lusby Lake • Bank Access • paved parking
4.7 mi from the matching POTA park GPS point
Nearby point (within 5 mi). It may be outside the area — e.g. Corps of Engineers or other land. Check the official map.</desc><sym>Parking Area</sym><type>KDFWR fishing access</type></wpt>
<wpt lat="37.1160946" lon="-88.83386307"><name>KFF-3837 · KDFWR fishing access: West KY WMA Fishing Pier</name><desc>West KY Wildlife Management Area • Fishing Pier • paved parking
2.6 mi from the matching POTA park GPS point
Nearby point (within 5 mi). It may be outside the area — e.g. Corps of Engineers or other land. Check the official map.</desc><sym>Parking Area</sym><type>KDFWR fishing access</type></wpt>
<wpt lat="38.12848" lon="-82.69628"><name>KFF-3839 · KDFWR fishing access: Yatesville Tailwater</name><desc>Yatesville Lake • Bank Access • paved parking
4.7 mi from the matching POTA park GPS point
Nearby point (within 5 mi). It may be outside the area — e.g. Corps of Engineers or other land. Check the official map.</desc><sym>Parking Area</sym><type>KDFWR fishing access</type></wpt>
<wpt lat="37.77444" lon="-83.677121"><name>KFF-6863 · KDFWR fishing access: Middle Fork Red River Access</name><desc>Natural Bridge State Park • Bank Access • unpaved parking
0.6 mi from the matching POTA park GPS point
Nearby point (within 5 mi). It may be outside the area — e.g. Corps of Engineers or other land. Check the official map.</desc><sym>Parking Area</sym><type>KDFWR fishing access</type></wpt>
<wpt lat="37.06986" lon="-87.66138"><name>KFF-6867 · KDFWR fishing access: Pennyrile Forest State Park</name><desc>Pennyrile Lake • Bank Access • paved parking
0.5 mi from the matching POTA park GPS point
Nearby point (within 5 mi). It may be outside the area — e.g. Corps of Engineers or other land. Check the official map.</desc><sym>Parking Area</sym><type>KDFWR fishing access</type></wpt>
<wpt lat="36.907058" lon="-83.112939"><name>KFF-6879 · KDFWR fishing access: Highsplint Lake Bank Access</name><desc>Highsplint Lake • Bank Access • unpaved parking
4.0 mi from the matching POTA park GPS point
Nearby point (within 5 mi). It may be outside the area — e.g. Corps of Engineers or other land. Check the official map.</desc><sym>Parking Area</sym><type>KDFWR fishing access</type></wpt>
<wpt lat="38.49137" lon="-82.86529"><name>KFF-6884 · KDFWR fishing access: Dam area - Greenbo Lake State Park</name><desc>Greenbo Lake • Bank Access • unpaved parking
4.1 mi from the matching POTA park GPS point
Nearby point (within 5 mi). It may be outside the area — e.g. Corps of Engineers or other land. Check the official map.</desc><sym>Parking Area</sym><type>KDFWR fishing access</type></wpt>
<wpt lat="37.91895" lon="-85.66953"><name>KFF-6889 · KDFWR fishing access: Bernheim Forest</name><desc>Lake Nevin • Bank Access • unpaved parking
3.7 mi from the matching POTA park GPS point
Nearby point (within 5 mi). It may be outside the area — e.g. Corps of Engineers or other land. Check the official map.</desc><sym>Parking Area</sym><type>KDFWR fishing access</type></wpt>
<wpt lat="37.81951" lon="-83.57471"><name>KFF-7268 · KDFWR fishing access: 715 Bridge Fishing Access</name><desc>Red River • Bank Access • unpaved parking
0.0 mi from the matching POTA park GPS point
Nearby point (within 5 mi). It may be outside the area — e.g. Corps of Engineers or other land. Check the official map.</desc><sym>Parking Area</sym><type>KDFWR fishing access</type></wpt>
<wpt lat="37.813351" lon="-83.582722"><name>KFF-7268 · KDFWR fishing access: Swift Camp Creek Fishing Access</name><desc>Swift Camp Creek • Bank Access • unpaved parking
0.6 mi from the matching POTA park GPS point
Nearby point (within 5 mi). It may be outside the area — e.g. Corps of Engineers or other land. Check the official map.</desc><sym>Parking Area</sym><type>KDFWR fishing access</type></wpt>
<wpt lat="36.96269" lon="-84.27242"><name>KFF-7270 · KDFWR fishing access: LRL Tailwater</name><desc>Laurel River Lake • Bank Access • paved parking
2.5 mi from the matching POTA park GPS point
Nearby point (within 5 mi). It may be outside the area — e.g. Corps of Engineers or other land. Check the official map.</desc><sym>Parking Area</sym><type>KDFWR fishing access</type></wpt>
<wpt lat="37.7375" lon="-82.73144"><name>KFF-7272 · KDFWR fishing access: Dewey Lake Tailwater</name><desc>Dewey Lake • Bank Access • paved parking
0.2 mi from the matching POTA park GPS point
Nearby point (within 5 mi). It may be outside the area — e.g. Corps of Engineers or other land. Check the official map.</desc><sym>Parking Area</sym><type>KDFWR fishing access</type></wpt>
<wpt lat="36.766116" lon="-89.110173"><name>KFF-1252 · State Parks trailhead: Columbus-Belmont</name><desc>Trail: Nature Trail; parking: yes
0.0 mi from the matching POTA park GPS point
Nearby point (within 5 mi). It may be outside the area — e.g. Corps of Engineers or other land. Check the official map.</desc><sym>Parking Area</sym><type>State Parks trailhead</type></wpt>
<wpt lat="36.766578" lon="-89.110946"><name>KFF-1252 · State Parks trailhead: Confederate Trenches</name><desc>Trail: Trench Trail; parking: yes
0.1 mi from the matching POTA park GPS point
Nearby point (within 5 mi). It may be outside the area — e.g. Corps of Engineers or other land. Check the official map.</desc><sym>Parking Area</sym><type>State Parks trailhead</type></wpt>
<wpt lat="38.285483" lon="-85.557075"><name>KFF-1254 · State Parks trailhead: Fitness</name><desc>parking: yes
0.1 mi from the matching POTA park GPS point
Nearby point (within 5 mi). It may be outside the area — e.g. Corps of Engineers or other land. Check the official map.</desc><sym>Parking Area</sym><type>State Parks trailhead</type></wpt>
<wpt lat="38.283587" lon="-85.560387"><name>KFF-1254 · State Parks trailhead: Goose Creek Trail</name><desc>parking: no
0.2 mi from the matching POTA park GPS point
Nearby point (within 5 mi). It may be outside the area — e.g. Corps of Engineers or other land. Check the official map.</desc><sym>Parking Area</sym><type>State Parks trailhead</type></wpt>
<wpt lat="38.281919" lon="-85.555675"><name>KFF-1254 · State Parks trailhead: None</name><desc>Trail: Fitness Trail; parking: yes
0.3 mi from the matching POTA park GPS point
Nearby point (within 5 mi). It may be outside the area — e.g. Corps of Engineers or other land. Check the official map.</desc><sym>Parking Area</sym><type>State Parks trailhead</type></wpt>
<wpt lat="38.279915" lon="-85.565093"><name>KFF-1254 · State Parks trailhead: Goose Creek Trail (Hurstbourne Side)</name><desc>Trail: Goose Creek Trail; parking: yes
0.6 mi from the matching POTA park GPS point
Nearby point (within 5 mi). It may be outside the area — e.g. Corps of Engineers or other land. Check the official map.</desc><sym>Parking Area</sym><type>State Parks trailhead</type></wpt>
<wpt lat="38.278482" lon="-85.553372"><name>KFF-1254 · State Parks trailhead: Vernal Pond</name><desc>parking: yes
0.6 mi from the matching POTA park GPS point
Nearby point (within 5 mi). It may be outside the area — e.g. Corps of Engineers or other land. Check the official map.</desc><sym>Parking Area</sym><type>State Parks trailhead</type></wpt>
<wpt lat="38.277158" lon="-85.554243"><name>KFF-1254 · State Parks trailhead: Biking</name><desc>parking: no
0.7 mi from the matching POTA park GPS point
Nearby point (within 5 mi). It may be outside the area — e.g. Corps of Engineers or other land. Check the official map.</desc><sym>Parking Area</sym><type>State Parks trailhead</type></wpt>
<wpt lat="37.893949" lon="-84.271633"><name>KFF-1256 · State Parks trailhead: Fort Parking Lot</name><desc>Trail: Fort; parking: yes
0.1 mi from the matching POTA park GPS point
Nearby point (within 5 mi). It may be outside the area — e.g. Corps of Engineers or other land. Check the official map.</desc><sym>Parking Area</sym><type>State Parks trailhead</type></wpt>
<wpt lat="37.895546" lon="-84.267674"><name>KFF-1256 · State Parks trailhead: Shelter 4</name><desc>Trail: Fort; parking: yes
0.3 mi from the matching POTA park GPS point
Nearby point (within 5 mi). It may be outside the area — e.g. Corps of Engineers or other land. Check the official map.</desc><sym>Parking Area</sym><type>State Parks trailhead</type></wpt>
<wpt lat="37.896301" lon="-84.268014"><name>KFF-1256 · State Parks trailhead: Shelter 4 Parking Lot</name><desc>Trail: Halley Home Site; parking: yes
0.3 mi from the matching POTA park GPS point
Nearby point (within 5 mi). It may be outside the area — e.g. Corps of Engineers or other land. Check the official map.</desc><sym>Parking Area</sym><type>State Parks trailhead</type></wpt>
<wpt lat="37.897531" lon="-84.268308"><name>KFF-1256 · State Parks trailhead: Campground</name><desc>Trail: Pioneer Forage; parking: no
0.4 mi from the matching POTA park GPS point
Nearby point (within 5 mi). It may be outside the area — e.g. Corps of Engineers or other land. Check the official map.</desc><sym>Parking Area</sym><type>State Parks trailhead</type></wpt>
<wpt lat="36.973578" lon="-84.598549"><name>KFF-1257 · State Parks trailhead: Shelter 1</name><desc>Trail: Point Isabel; parking: no
0.0 mi from the matching POTA park GPS point
Nearby point (within 5 mi). It may be outside the area — e.g. Corps of Engineers or other land. Check the official map.</desc><sym>Parking Area</sym><type>State Parks trailhead</type></wpt>
<wpt lat="36.980041" lon="-84.600508"><name>KFF-1257 · State Parks trailhead: Shelter 2</name><desc>Trail: Point Isabel; parking: yes
0.5 mi from the matching POTA park GPS point
Nearby point (within 5 mi). It may be outside the area — e.g. Corps of Engineers or other land. Check the official map.</desc><sym>Parking Area</sym><type>State Parks trailhead</type></wpt>
<wpt lat="36.982423" lon="-84.604199"><name>KFF-1257 · State Parks trailhead: Campground</name><desc>Trail: Point Isabel; parking: yes
0.7 mi from the matching POTA park GPS point
Nearby point (within 5 mi). It may be outside the area — e.g. Corps of Engineers or other land. Check the official map.</desc><sym>Parking Area</sym><type>State Parks trailhead</type></wpt>
<wpt lat="38.199185" lon="-83.024129"><name>KFF-1258 · State Parks trailhead: Beech Hemlock</name><desc>parking: no
0.1 mi from the matching POTA park GPS point
Nearby point (within 5 mi). It may be outside the area — e.g. Corps of Engineers or other land. Check the official map.</desc><sym>Parking Area</sym><type>State Parks trailhead</type></wpt>
<wpt lat="38.201392" lon="-83.029549"><name>KFF-1258 · State Parks trailhead: Lick Falls Loop</name><desc>parking: yes
0.2 mi from the matching POTA park GPS point
Nearby point (within 5 mi). It may be outside the area — e.g. Corps of Engineers or other land. Check the official map.</desc><sym>Parking Area</sym><type>State Parks trailhead</type></wpt>
<wpt lat="37.2706" lon="-85.31551"><name>KFF-1259 · State Parks trailhead: Marina/Main</name><desc>Trail: Main; parking: yes
0.1 mi from the matching POTA park GPS point
Nearby point (within 5 mi). It may be outside the area — e.g. Corps of Engineers or other land. Check the official map.</desc><sym>Parking Area</sym><type>State Parks trailhead</type></wpt>
<wpt lat="37.274396" lon="-85.318036"><name>KFF-1259 · State Parks trailhead: Windy Ridge</name><desc>parking: yes
0.2 mi from the matching POTA park GPS point
Nearby point (within 5 mi). It may be outside the area — e.g. Corps of Engineers or other land. Check the official map.</desc><sym>Parking Area</sym><type>State Parks trailhead</type></wpt>
<wpt lat="37.277505" lon="-85.321347"><name>KFF-1259 · State Parks trailhead: Windy Ridge</name><desc>parking: yes
0.5 mi from the matching POTA park GPS point
Nearby point (within 5 mi). It may be outside the area — e.g. Corps of Engineers or other land. Check the official map.</desc><sym>Parking Area</sym><type>State Parks trailhead</type></wpt>
<wpt lat="37.276728" lon="-85.328053"><name>KFF-1259 · State Parks trailhead: Bike</name><desc>Trail: Lakeshore; parking: yes
0.7 mi from the matching POTA park GPS point
Nearby point (within 5 mi). It may be outside the area — e.g. Corps of Engineers or other land. Check the official map.</desc><sym>Parking Area</sym><type>State Parks trailhead</type></wpt>
<wpt lat="37.28265" lon="-85.34617"><name>KFF-1259 · State Parks trailhead: Horse</name><desc>Trail: Wildcat; parking: yes
1.7 mi from the matching POTA park GPS point
Nearby point (within 5 mi). It may be outside the area — e.g. Corps of Engineers or other land. Check the official map.</desc><sym>Parking Area</sym><type>State Parks trailhead</type></wpt>
<wpt lat="37.881445" lon="-87.561469"><name>KFF-1260 · State Parks trailhead: Eagle Glen Pet</name><desc>parking: no
0.1 mi from the matching POTA park GPS point
Nearby point (within 5 mi). It may be outside the area — e.g. Corps of Engineers or other land. Check the official map.</desc><sym>Parking Area</sym><type>State Parks trailhead</type></wpt>
<wpt lat="37.882292" lon="-87.557287"><name>KFF-1260 · State Parks trailhead: King Benson</name><desc>parking: yes
0.2 mi from the matching POTA park GPS point
Nearby point (within 5 mi). It may be outside the area — e.g. Corps of Engineers or other land. Check the official map.</desc><sym>Parking Area</sym><type>State Parks trailhead</type></wpt>
<wpt lat="37.883733" lon="-87.558525"><name>KFF-1260 · State Parks trailhead: Eagle Glen Pet</name><desc>parking: yes
0.2 mi from the matching POTA park GPS point
Nearby point (within 5 mi). It may be outside the area — e.g. Corps of Engineers or other land. Check the official map.</desc><sym>Parking Area</sym><type>State Parks trailhead</type></wpt>
<wpt lat="37.88243" lon="-87.556149"><name>KFF-1260 · State Parks trailhead: Kentucky Coffee Tree</name><desc>parking: no
0.2 mi from the matching POTA park GPS point
Nearby point (within 5 mi). It may be outside the area — e.g. Corps of Engineers or other land. Check the official map.</desc><sym>Parking Area</sym><type>State Parks trailhead</type></wpt>
<wpt lat="37.88325" lon="-87.556739"><name>KFF-1260 · State Parks trailhead: Museum</name><desc>parking: yes
0.2 mi from the matching POTA park GPS point
Nearby point (within 5 mi). It may be outside the area — e.g. Corps of Engineers or other land. Check the official map.</desc><sym>Parking Area</sym><type>State Parks trailhead</type></wpt>
<wpt lat="37.881604" lon="-87.552831"><name>KFF-1260 · State Parks trailhead: Wilderness Lake</name><desc>parking: yes
0.4 mi from the matching POTA park GPS point
Nearby point (within 5 mi). It may be outside the area — e.g. Corps of Engineers or other land. Check the official map.</desc><sym>Parking Area</sym><type>State Parks trailhead</type></wpt>
<wpt lat="37.883519" lon="-87.54849"><name>KFF-1260 · State Parks trailhead: Wilderness Lake</name><desc>parking: no
0.6 mi from the matching POTA park GPS point
Nearby point (within 5 mi). It may be outside the area — e.g. Corps of Engineers or other land. Check the official map.</desc><sym>Parking Area</sym><type>State Parks trailhead</type></wpt>
<wpt lat="37.882273" lon="-87.547337"><name>KFF-1260 · State Parks trailhead: Backcountry</name><desc>parking: yes
0.7 mi from the matching POTA park GPS point
Nearby point (within 5 mi). It may be outside the area — e.g. Corps of Engineers or other land. Check the official map.</desc><sym>Parking Area</sym><type>State Parks trailhead</type></wpt>
<wpt lat="37.889907" lon="-87.539844"><name>KFF-1260 · State Parks trailhead: Wetlands</name><desc>parking: yes
1.2 mi from the matching POTA park GPS point
Nearby point (within 5 mi). It may be outside the area — e.g. Corps of Engineers or other land. Check the official map.</desc><sym>Parking Area</sym><type>State Parks trailhead</type></wpt>
<wpt lat="38.724225" lon="-84.283587"><name>KFF-1261 · State Parks trailhead: Recreation</name><desc>Trail: Iron Wood &amp; Spice Bush; parking: yes
0.2 mi from the matching POTA park GPS point
Nearby point (within 5 mi). It may be outside the area — e.g. Corps of Engineers or other land. Check the official map.</desc><sym>Parking Area</sym><type>State Parks trailhead</type></wpt>
<wpt lat="38.723577" lon="-84.281664"><name>KFF-1261 · State Parks trailhead: Campground</name><desc>Trail: Iron Wood &amp; Spice Bush; parking: no
0.2 mi from the matching POTA park GPS point
Nearby point (within 5 mi). It may be outside the area — e.g. Corps of Engineers or other land. Check the official map.</desc><sym>Parking Area</sym><type>State Parks trailhead</type></wpt>
<wpt lat="36.991783" lon="-82.979169"><name>KFF-1262 · State Parks trailhead: Log Rock</name><desc>parking: yes
0.0 mi from the matching POTA park GPS point
Nearby point (within 5 mi). It may be outside the area — e.g. Corps of Engineers or other land. Check the official map.</desc><sym>Parking Area</sym><type>State Parks trailhead</type></wpt>
<wpt lat="36.993035" lon="-82.979221"><name>KFF-1262 · State Parks trailhead: Horseshoe</name><desc>parking: yes
0.1 mi from the matching POTA park GPS point
Nearby point (within 5 mi). It may be outside the area — e.g. Corps of Engineers or other land. Check the official map.</desc><sym>Parking Area</sym><type>State Parks trailhead</type></wpt>
<wpt lat="36.994483" lon="-82.979267"><name>KFF-1262 · State Parks trailhead: Pine</name><desc>parking: yes
0.2 mi from the matching POTA park GPS point
Nearby point (within 5 mi). It may be outside the area — e.g. Corps of Engineers or other land. Check the official map.</desc><sym>Parking Area</sym><type>State Parks trailhead</type></wpt>
<wpt lat="36.995276" lon="-82.978899"><name>KFF-1262 · State Parks trailhead: Groundhog</name><desc>parking: no
0.2 mi from the matching POTA park GPS point
Nearby point (within 5 mi). It may be outside the area — e.g. Corps of Engineers or other land. Check the official map.</desc><sym>Parking Area</sym><type>State Parks trailhead</type></wpt>
<wpt lat="36.990634" lon="-82.984789"><name>KFF-1262 · State Parks trailhead: Laurel</name><desc>parking: no
0.3 mi from the matching POTA park GPS point
Nearby point (within 5 mi). It may be outside the area — e.g. Corps of Engineers or other land. Check the official map.</desc><sym>Parking Area</sym><type>State Parks trailhead</type></wpt>
<wpt lat="36.989094" lon="-82.983957"><name>KFF-1262 · State Parks trailhead: Log Rock</name><desc>parking: yes
0.3 mi from the matching POTA park GPS point
Nearby point (within 5 mi). It may be outside the area — e.g. Corps of Engineers or other land. Check the official map.</desc><sym>Parking Area</sym><type>State Parks trailhead</type></wpt>
<wpt lat="36.997218" lon="-82.982309"><name>KFF-1262 · State Parks trailhead: Turkey</name><desc>parking: no
0.4 mi from the matching POTA park GPS point
Nearby point (within 5 mi). It may be outside the area — e.g. Corps of Engineers or other land. Check the official map.</desc><sym>Parking Area</sym><type>State Parks trailhead</type></wpt>
<wpt lat="36.997696" lon="-82.981499"><name>KFF-1262 · State Parks trailhead: Saltess</name><desc>Trail: Saltess / Pine Mountain State Scenic Trail; parking: yes
0.4 mi from the matching POTA park GPS point
Nearby point (within 5 mi). It may be outside the area — e.g. Corps of Engineers or other land. Check the official map.</desc><sym>Parking Area</sym><type>State Parks trailhead</type></wpt>
<wpt lat="36.997721" lon="-82.982923"><name>KFF-1262 · State Parks trailhead: 12 O'Clock</name><desc>Trail: 12 O'Clock / Pine Mountain State Scenic Trail; parking: no
0.4 mi from the matching POTA park GPS point
Nearby point (within 5 mi). It may be outside the area — e.g. Corps of Engineers or other land. Check the official map.</desc><sym>Parking Area</sym><type>State Parks trailhead</type></wpt>
<wpt lat="36.997609" lon="-82.985162"><name>KFF-1262 · State Parks trailhead: Possum</name><desc>parking: yes
0.5 mi from the matching POTA park GPS point
Nearby point (within 5 mi). It may be outside the area — e.g. Corps of Engineers or other land. Check the official map.</desc><sym>Parking Area</sym><type>State Parks trailhead</type></wpt>
<wpt lat="36.99709" lon="-82.98959"><name>KFF-1262 · State Parks trailhead: Nature Haven</name><desc>parking: no
0.6 mi from the matching POTA park GPS point
Nearby point (within 5 mi). It may be outside the area — e.g. Corps of Engineers or other land. Check the official map.</desc><sym>Parking Area</sym><type>State Parks trailhead</type></wpt>
<wpt lat="37.074942" lon="-87.040851"><name>KFF-1263 · State Parks trailhead: Laurel</name><desc>parking: yes
0.8 mi from the matching POTA park GPS point
Nearby point (within 5 mi). It may be outside the area — e.g. Corps of Engineers or other land. Check the official map.</desc><sym>Parking Area</sym><type>State Parks trailhead</type></wpt>
<wpt lat="37.073926" lon="-87.038023"><name>KFF-1263 · State Parks trailhead: Laurel</name><desc>parking: yes
1.0 mi from the matching POTA park GPS point
Nearby point (within 5 mi). It may be outside the area — e.g. Corps of Engineers or other land. Check the official map.</desc><sym>Parking Area</sym><type>State Parks trailhead</type></wpt>
<wpt lat="37.074532" lon="-87.03777"><name>KFF-1263 · State Parks trailhead: Wildflower</name><desc>parking: yes
1.0 mi from the matching POTA park GPS point
Nearby point (within 5 mi). It may be outside the area — e.g. Corps of Engineers or other land. Check the official map.</desc><sym>Parking Area</sym><type>State Parks trailhead</type></wpt>
<wpt lat="37.076365" lon="-87.037944"><name>KFF-1263 · State Parks trailhead: Wildflower</name><desc>parking: no
1.0 mi from the matching POTA park GPS point
Nearby point (within 5 mi). It may be outside the area — e.g. Corps of Engineers or other land. Check the official map.</desc><sym>Parking Area</sym><type>State Parks trailhead</type></wpt>
<wpt lat="37.298028" lon="-86.213282"><name>KFF-1268 · State Parks trailhead: Waterfall Hiking Trail</name><desc>parking: yes
0.1 mi from the matching POTA park GPS point
Nearby point (within 5 mi). It may be outside the area — e.g. Corps of Engineers or other land. Check the official map.</desc><sym>Parking Area</sym><type>State Parks trailhead</type></wpt>
<wpt lat="38.029858" lon="-85.24836"><name>KFF-1271 · State Parks trailhead: Wildlife Viewing Loop</name><desc>parking: yes
0.1 mi from the matching POTA park GPS point
Nearby point (within 5 mi). It may be outside the area — e.g. Corps of Engineers or other land. Check the official map.</desc><sym>Parking Area</sym><type>State Parks trailhead</type></wpt>
<wpt lat="38.031265" lon="-85.245282"><name>KFF-1271 · State Parks trailhead: Day Use Area</name><desc>Trail: Possum Ridge Loop/Snyder Hollow; parking: yes
0.3 mi from the matching POTA park GPS point
Nearby point (within 5 mi). It may be outside the area — e.g. Corps of Engineers or other land. Check the official map.</desc><sym>Parking Area</sym><type>State Parks trailhead</type></wpt>
<wpt lat="38.028494" lon="-85.255647"><name>KFF-1271 · State Parks trailhead: Little Beech</name><desc>parking: no
0.3 mi from the matching POTA park GPS point
Nearby point (within 5 mi). It may be outside the area — e.g. Corps of Engineers or other land. Check the official map.</desc><sym>Parking Area</sym><type>State Parks trailhead</type></wpt>
<wpt lat="38.032057" lon="-85.24315"><name>KFF-1271 · State Parks trailhead: Snyder Hollow</name><desc>parking: yes
0.4 mi from the matching POTA park GPS point
Nearby point (within 5 mi). It may be outside the area — e.g. Corps of Engineers or other land. Check the official map.</desc><sym>Parking Area</sym><type>State Parks trailhead</type></wpt>
<wpt lat="38.033407" lon="-85.255926"><name>KFF-1271 · State Parks trailhead: Primitive Camp Access</name><desc>Trail: Primitive Access; parking: no
0.4 mi from the matching POTA park GPS point
Nearby point (within 5 mi). It may be outside the area — e.g. Corps of Engineers or other land. Check the official map.</desc><sym>Parking Area</sym><type>State Parks trailhead</type></wpt>
<wpt lat="38.031832" lon="-85.257743"><name>KFF-1271 · State Parks trailhead: Horse Camp Trail Access 2</name><desc>parking: no
0.5 mi from the matching POTA park GPS point
Nearby point (within 5 mi). It may be outside the area — e.g. Corps of Engineers or other land. Check the official map.</desc><sym>Parking Area</sym><type>State Parks trailhead</type></wpt>
<wpt lat="38.033909" lon="-85.257949"><name>KFF-1271 · State Parks trailhead: Horse Camp Trail Access 1</name><desc>parking: no
0.5 mi from the matching POTA park GPS point
Nearby point (within 5 mi). It may be outside the area — e.g. Corps of Engineers or other land. Check the official map.</desc><sym>Parking Area</sym><type>State Parks trailhead</type></wpt>
<wpt lat="38.031269" lon="-85.262396"><name>KFF-1271 · State Parks trailhead: Gazebo</name><desc>parking: no
0.7 mi from the matching POTA park GPS point
Nearby point (within 5 mi). It may be outside the area — e.g. Corps of Engineers or other land. Check the official map.</desc><sym>Parking Area</sym><type>State Parks trailhead</type></wpt>
<wpt lat="38.024739" lon="-85.263458"><name>KFF-1271 · State Parks trailhead: Old Hill Climb</name><desc>parking: yes
0.8 mi from the matching POTA park GPS point
Nearby point (within 5 mi). It may be outside the area — e.g. Corps of Engineers or other land. Check the official map.</desc><sym>Parking Area</sym><type>State Parks trailhead</type></wpt>
<wpt lat="38.025206" lon="-85.265129"><name>KFF-1271 · State Parks trailhead: Big Beech</name><desc>parking: no
0.9 mi from the matching POTA park GPS point
Nearby point (within 5 mi). It may be outside the area — e.g. Corps of Engineers or other land. Check the official map.</desc><sym>Parking Area</sym><type>State Parks trailhead</type></wpt>
<wpt lat="38.097164" lon="-82.683605"><name>KFF-1272 · State Parks trailhead: R &amp; R Trail</name><desc>Trail: R &amp; R; parking: yes
0.1 mi from the matching POTA park GPS point
Nearby point (within 5 mi). It may be outside the area — e.g. Corps of Engineers or other land. Check the official map.</desc><sym>Parking Area</sym><type>State Parks trailhead</type></wpt>
<wpt lat="38.098717" lon="-82.683696"><name>KFF-1272 · State Parks trailhead: R &amp; R Trail</name><desc>Trail: R &amp; R; parking: yes
0.2 mi from the matching POTA park GPS point
Nearby point (within 5 mi). It may be outside the area — e.g. Corps of Engineers or other land. Check the official map.</desc><sym>Parking Area</sym><type>State Parks trailhead</type></wpt>
<wpt lat="38.096405" lon="-82.685782"><name>KFF-1272 · State Parks trailhead: Wildcat Ridge Trail</name><desc>Trail: Wildcat Ridge; parking: yes
0.2 mi from the matching POTA park GPS point
Nearby point (within 5 mi). It may be outside the area — e.g. Corps of Engineers or other land. Check the official map.</desc><sym>Parking Area</sym><type>State Parks trailhead</type></wpt>
<wpt lat="38.09657" lon="-82.685861"><name>KFF-1272 · State Parks trailhead: Hike-In Sites Trail</name><desc>Trail: Hike-In Sites; parking: yes
0.2 mi from the matching POTA park GPS point
Nearby point (within 5 mi). It may be outside the area — e.g. Corps of Engineers or other land. Check the official map.</desc><sym>Parking Area</sym><type>State Parks trailhead</type></wpt>
<wpt lat="38.09938" lon="-82.683825"><name>KFF-1272 · State Parks trailhead: Haunted Trail</name><desc>Trail: Haunted; parking: yes
0.2 mi from the matching POTA park GPS point
Nearby point (within 5 mi). It may be outside the area — e.g. Corps of Engineers or other land. Check the official map.</desc><sym>Parking Area</sym><type>State Parks trailhead</type></wpt>
<wpt lat="38.099766" lon="-82.683601"><name>KFF-1272 · State Parks trailhead: Haunted Trail</name><desc>Trail: Haunted; parking: yes
0.2 mi from the matching POTA park GPS point
Nearby point (within 5 mi). It may be outside the area — e.g. Corps of Engineers or other land. Check the official map.</desc><sym>Parking Area</sym><type>State Parks trailhead</type></wpt>
<wpt lat="38.097718" lon="-82.686465"><name>KFF-1272 · State Parks trailhead: R &amp; R Trail</name><desc>Trail: R &amp; R; parking: no
0.2 mi from the matching POTA park GPS point
Nearby point (within 5 mi). It may be outside the area — e.g. Corps of Engineers or other land. Check the official map.</desc><sym>Parking Area</sym><type>State Parks trailhead</type></wpt>
<wpt lat="38.09526" lon="-82.686816"><name>KFF-1272 · State Parks trailhead: Wildcat Ridge Trail</name><desc>Trail: Wildcat Ridge; parking: no
0.3 mi from the matching POTA park GPS point
Nearby point (within 5 mi). It may be outside the area — e.g. Corps of Engineers or other land. Check the official map.</desc><sym>Parking Area</sym><type>State Parks trailhead</type></wpt>
<wpt lat="38.09828" lon="-82.687785"><name>KFF-1272 · State Parks trailhead: Haunted Trail</name><desc>Trail: Haunted; parking: yes
0.3 mi from the matching POTA park GPS point
Nearby point (within 5 mi). It may be outside the area — e.g. Corps of Engineers or other land. Check the official map.</desc><sym>Parking Area</sym><type>State Parks trailhead</type></wpt>
<wpt lat="38.096469" lon="-82.688394"><name>KFF-1272 · State Parks trailhead: Short Timer Trail</name><desc>Trail: Short Timer; parking: no
0.3 mi from the matching POTA park GPS point
Nearby point (within 5 mi). It may be outside the area — e.g. Corps of Engineers or other land. Check the official map.</desc><sym>Parking Area</sym><type>State Parks trailhead</type></wpt>
<wpt lat="38.096222" lon="-82.689411"><name>KFF-1272 · State Parks trailhead: Short Timer Trail</name><desc>Trail: Short Timer; parking: no
0.4 mi from the matching POTA park GPS point
Nearby point (within 5 mi). It may be outside the area — e.g. Corps of Engineers or other land. Check the official map.</desc><sym>Parking Area</sym><type>State Parks trailhead</type></wpt>
<wpt lat="38.094778" lon="-82.689937"><name>KFF-1272 · State Parks trailhead: Blue</name><desc>parking: no
0.4 mi from the matching POTA park GPS point
Nearby point (within 5 mi). It may be outside the area — e.g. Corps of Engineers or other land. Check the official map.</desc><sym>Parking Area</sym><type>State Parks trailhead</type></wpt>
<wpt lat="38.099206" lon="-82.690038"><name>KFF-1272 · State Parks trailhead: Haunted Trail</name><desc>Trail: Haunted; parking: yes
0.5 mi from the matching POTA park GPS point
Nearby point (within 5 mi). It may be outside the area — e.g. Corps of Engineers or other land. Check the official map.</desc><sym>Parking Area</sym><type>State Parks trailhead</type></wpt>
<wpt lat="38.117262" lon="-82.694358"><name>KFF-1272 · State Parks trailhead: Mary Ingles Trail System</name><desc>parking: yes
1.6 mi from the matching POTA park GPS point
Nearby point (within 5 mi). It may be outside the area — e.g. Corps of Engineers or other land. Check the official map.</desc><sym>Parking Area</sym><type>State Parks trailhead</type></wpt>
<wpt lat="38.117112" lon="-82.694884"><name>KFF-1272 · State Parks trailhead: Lakeside Loop</name><desc>parking: yes
1.6 mi from the matching POTA park GPS point
Nearby point (within 5 mi). It may be outside the area — e.g. Corps of Engineers or other land. Check the official map.</desc><sym>Parking Area</sym><type>State Parks trailhead</type></wpt>
<wpt lat="38.120281" lon="-82.689227"><name>KFF-1272 · State Parks trailhead: Ada Trail</name><desc>Trail: Ada; parking: yes
1.7 mi from the matching POTA park GPS point
Nearby point (within 5 mi). It may be outside the area — e.g. Corps of Engineers or other land. Check the official map.</desc><sym>Parking Area</sym><type>State Parks trailhead</type></wpt>
<wpt lat="36.857864" lon="-86.064421"><name>KFF-1273 · State Parks trailhead: Tbd</name><desc>parking: no
0.5 mi from the matching POTA park GPS point
Nearby point (within 5 mi). It may be outside the area — e.g. Corps of Engineers or other land. Check the official map.</desc><sym>Parking Area</sym><type>State Parks trailhead</type></wpt>
<wpt lat="36.862531" lon="-86.067631"><name>KFF-1273 · State Parks trailhead: Connell</name><desc>parking: yes
0.8 mi from the matching POTA park GPS point
Nearby point (within 5 mi). It may be outside the area — e.g. Corps of Engineers or other land. Check the official map.</desc><sym>Parking Area</sym><type>State Parks trailhead</type></wpt>
<wpt lat="36.863048" lon="-86.067642"><name>KFF-1273 · State Parks trailhead: Bicycle</name><desc>parking: no
0.8 mi from the matching POTA park GPS point
Nearby point (within 5 mi). It may be outside the area — e.g. Corps of Engineers or other land. Check the official map.</desc><sym>Parking Area</sym><type>State Parks trailhead</type></wpt>
<wpt lat="38.429434" lon="-83.992402"><name>KFF-1274 · State Parks trailhead: Buffalo Trace To Nature Center</name><desc>Trail: Buffalo Trace; parking: yes
0.0 mi from the matching POTA park GPS point
Nearby point (within 5 mi). It may be outside the area — e.g. Corps of Engineers or other land. Check the official map.</desc><sym>Parking Area</sym><type>State Parks trailhead</type></wpt>
<wpt lat="38.428681" lon="-83.993147"><name>KFF-1274 · State Parks trailhead: Savannah And Licking River</name><desc>Trail: Savannah; parking: yes
0.1 mi from the matching POTA park GPS point
Nearby point (within 5 mi). It may be outside the area — e.g. Corps of Engineers or other land. Check the official map.</desc><sym>Parking Area</sym><type>State Parks trailhead</type></wpt>
<wpt lat="38.431711" lon="-83.992981"><name>KFF-1274 · State Parks trailhead: Buffalo Trace</name><desc>parking: yes
0.2 mi from the matching POTA park GPS point
Nearby point (within 5 mi). It may be outside the area — e.g. Corps of Engineers or other land. Check the official map.</desc><sym>Parking Area</sym><type>State Parks trailhead</type></wpt>
<wpt lat="38.431685" lon="-83.994153"><name>KFF-1274 · State Parks trailhead: Licking River Trail</name><desc>Trail: Licking River; parking: yes
0.2 mi from the matching POTA park GPS point
Nearby point (within 5 mi). It may be outside the area — e.g. Corps of Engineers or other land. Check the official map.</desc><sym>Parking Area</sym><type>State Parks trailhead</type></wpt>
<wpt lat="38.426706" lon="-83.994495"><name>KFF-1274 · State Parks trailhead: Behind Campsite 23</name><desc>Trail: Heritage; parking: no
0.2 mi from the matching POTA park GPS point
Nearby point (within 5 mi). It may be outside the area — e.g. Corps of Engineers or other land. Check the official map.</desc><sym>Parking Area</sym><type>State Parks trailhead</type></wpt>
<wpt lat="38.425735" lon="-83.992419"><name>KFF-1274 · State Parks trailhead: Heritage</name><desc>parking: yes
0.2 mi from the matching POTA park GPS point
Nearby point (within 5 mi). It may be outside the area — e.g. Corps of Engineers or other land. Check the official map.</desc><sym>Parking Area</sym><type>State Parks trailhead</type></wpt>
<wpt lat="38.427488" lon="-83.997078"><name>KFF-1274 · State Parks trailhead: Boat Ramp</name><desc>Trail: Licking River; parking: yes
0.3 mi from the matching POTA park GPS point
Nearby point (within 5 mi). It may be outside the area — e.g. Corps of Engineers or other land. Check the official map.</desc><sym>Parking Area</sym><type>State Parks trailhead</type></wpt>
<wpt lat="38.434472" lon="-83.996694"><name>KFF-1274 · State Parks trailhead: Indian Run Trail</name><desc>Trail: Indian Run; parking: no
0.4 mi from the matching POTA park GPS point
Nearby point (within 5 mi). It may be outside the area — e.g. Corps of Engineers or other land. Check the official map.</desc><sym>Parking Area</sym><type>State Parks trailhead</type></wpt>
<wpt lat="38.420743" lon="-83.993561"><name>KFF-1274 · State Parks trailhead: Tanner'S Station</name><desc>Trail: Heritage; parking: yes
0.6 mi from the matching POTA park GPS point
Nearby point (within 5 mi). It may be outside the area — e.g. Corps of Engineers or other land. Check the official map.</desc><sym>Parking Area</sym><type>State Parks trailhead</type></wpt>
<wpt lat="37.306433" lon="-83.444787"><name>KFF-1275 · State Parks trailhead: Moonshiner'S Hollow And Leatherwood</name><desc>parking: yes
0.1 mi from the matching POTA park GPS point
Nearby point (within 5 mi). It may be outside the area — e.g. Corps of Engineers or other land. Check the official map.</desc><sym>Parking Area</sym><type>State Parks trailhead</type></wpt>
<wpt lat="37.304059" lon="-83.442134"><name>KFF-1275 · State Parks trailhead: Autumn Loop</name><desc>parking: yes
0.3 mi from the matching POTA park GPS point
Nearby point (within 5 mi). It may be outside the area — e.g. Corps of Engineers or other land. Check the official map.</desc><sym>Parking Area</sym><type>State Parks trailhead</type></wpt>
<wpt lat="37.306519" lon="-83.440061"><name>KFF-1275 · State Parks trailhead: Moonshiner'S Hollow</name><desc>parking: yes
0.3 mi from the matching POTA park GPS point
Nearby point (within 5 mi). It may be outside the area — e.g. Corps of Engineers or other land. Check the official map.</desc><sym>Parking Area</sym><type>State Parks trailhead</type></wpt>
<wpt lat="38.375211" lon="-83.125818"><name>KFF-1276 · State Parks trailhead: Mini Golf</name><desc>Trail: Three Bridges; parking: yes
0.2 mi from the matching POTA park GPS point
Nearby point (within 5 mi). It may be outside the area — e.g. Corps of Engineers or other land. Check the official map.</desc><sym>Parking Area</sym><type>State Parks trailhead</type></wpt>
<wpt lat="38.369907" lon="-83.123975"><name>KFF-1276 · State Parks trailhead: Lodge Upper</name><desc>Trail: Three Bridges; parking: yes
0.3 mi from the matching POTA park GPS point
Nearby point (within 5 mi). It may be outside the area — e.g. Corps of Engineers or other land. Check the official map.</desc><sym>Parking Area</sym><type>State Parks trailhead</type></wpt>
<wpt lat="38.369769" lon="-83.123235"><name>KFF-1276 · State Parks trailhead: Mulligan</name><desc>parking: yes
0.3 mi from the matching POTA park GPS point
Nearby point (within 5 mi). It may be outside the area — e.g. Corps of Engineers or other land. Check the official map.</desc><sym>Parking Area</sym><type>State Parks trailhead</type></wpt>
<wpt lat="38.368289" lon="-83.126073"><name>KFF-1276 · State Parks trailhead: Swimming Pool</name><desc>Trail: Three Bridges; parking: yes
0.3 mi from the matching POTA park GPS point
Nearby point (within 5 mi). It may be outside the area — e.g. Corps of Engineers or other land. Check the official map.</desc><sym>Parking Area</sym><type>State Parks trailhead</type></wpt>
<wpt lat="38.376978" lon="-83.12349"><name>KFF-1276 · State Parks trailhead: Saltpeter Cave</name><desc>Trail: Three Bridges; parking: yes
0.3 mi from the matching POTA park GPS point
Nearby point (within 5 mi). It may be outside the area — e.g. Corps of Engineers or other land. Check the official map.</desc><sym>Parking Area</sym><type>State Parks trailhead</type></wpt>
<wpt lat="38.36901" lon="-83.122809"><name>KFF-1276 · State Parks trailhead: Lodge Lower</name><desc>Trail: Raven Bridge / Three Bridges; parking: yes
0.4 mi from the matching POTA park GPS point
Nearby point (within 5 mi). It may be outside the area — e.g. Corps of Engineers or other land. Check the official map.</desc><sym>Parking Area</sym><type>State Parks trailhead</type></wpt>
<wpt lat="38.377406" lon="-83.123379"><name>KFF-1276 · State Parks trailhead: Welcome Center</name><desc>Trail: Natural Bridge; parking: yes
0.4 mi from the matching POTA park GPS point
Nearby point (within 5 mi). It may be outside the area — e.g. Corps of Engineers or other land. Check the official map.</desc><sym>Parking Area</sym><type>State Parks trailhead</type></wpt>
<wpt lat="38.377536" lon="-83.122535"><name>KFF-1276 · State Parks trailhead: X Cave</name><desc>Trail: 4C'S / Horn Hollow; parking: yes
0.4 mi from the matching POTA park GPS point
Nearby point (within 5 mi). It may be outside the area — e.g. Corps of Engineers or other land. Check the official map.</desc><sym>Parking Area</sym><type>State Parks trailhead</type></wpt>
<wpt lat="38.377105" lon="-83.133823"><name>KFF-1276 · State Parks trailhead: Horse Campground</name><desc>Trail: Kiser Hollow; parking: yes
0.4 mi from the matching POTA park GPS point
Nearby point (within 5 mi). It may be outside the area — e.g. Corps of Engineers or other land. Check the official map.</desc><sym>Parking Area</sym><type>State Parks trailhead</type></wpt>
<wpt lat="38.366783" lon="-83.130318"><name>KFF-1276 · State Parks trailhead: Boat Ramp</name><desc>Trail: 4C'S; parking: yes
0.5 mi from the matching POTA park GPS point
Nearby point (within 5 mi). It may be outside the area — e.g. Corps of Engineers or other land. Check the official map.</desc><sym>Parking Area</sym><type>State Parks trailhead</type></wpt>
<wpt lat="38.372064" lon="-83.115523"><name>KFF-1276 · State Parks trailhead: Cottages</name><desc>Trail: Three Bridges; parking: no
0.6 mi from the matching POTA park GPS point
Nearby point (within 5 mi). It may be outside the area — e.g. Corps of Engineers or other land. Check the official map.</desc><sym>Parking Area</sym><type>State Parks trailhead</type></wpt>
<wpt lat="38.374883" lon="-83.115265"><name>KFF-1276 · State Parks trailhead: Laurel Cave</name><desc>parking: yes
0.7 mi from the matching POTA park GPS point
Nearby point (within 5 mi). It may be outside the area — e.g. Corps of Engineers or other land. Check the official map.</desc><sym>Parking Area</sym><type>State Parks trailhead</type></wpt>
<wpt lat="38.355514" lon="-83.111767"><name>KFF-1276 · State Parks trailhead: Cascade Cave</name><desc>Trail: Box Canyon; parking: yes
1.5 mi from the matching POTA park GPS point
Nearby point (within 5 mi). It may be outside the area — e.g. Corps of Engineers or other land. Check the official map.</desc><sym>Parking Area</sym><type>State Parks trailhead</type></wpt>
<wpt lat="36.841264" lon="-84.339292"><name>KFF-1277 · State Parks trailhead: Clifty Campground</name><desc>Trail: Wildflower Loop Trail 12; parking: no
0.1 mi from the matching POTA park GPS point
Nearby point (within 5 mi). It may be outside the area — e.g. Corps of Engineers or other land. Check the official map.</desc><sym>Parking Area</sym><type>State Parks trailhead</type></wpt>
<wpt lat="36.838954" lon="-84.338999"><name>KFF-1277 · State Parks trailhead: Lodge Front Trail 6</name><desc>Trail: Cumberland Falls Trail 6; parking: yes
0.1 mi from the matching POTA park GPS point
Nearby point (within 5 mi). It may be outside the area — e.g. Corps of Engineers or other land. Check the official map.</desc><sym>Parking Area</sym><type>State Parks trailhead</type></wpt>
<wpt lat="36.838858" lon="-84.338413"><name>KFF-1277 · State Parks trailhead: Lodge Front Trail 4</name><desc>Trail: Civilian Conservation Corps Memorial Trail 4; parking: yes
0.1 mi from the matching POTA park GPS point
Nearby point (within 5 mi). It may be outside the area — e.g. Corps of Engineers or other land. Check the official map.</desc><sym>Parking Area</sym><type>State Parks trailhead</type></wpt>
<wpt lat="36.838144" lon="-84.338614"><name>KFF-1277 · State Parks trailhead: Lodge Back Trail 4</name><desc>Trail: Civilian Conservation Corps Memorial Trail 4; parking: yes
0.2 mi from the matching POTA park GPS point
Nearby point (within 5 mi). It may be outside the area — e.g. Corps of Engineers or other land. Check the official map.</desc><sym>Parking Area</sym><type>State Parks trailhead</type></wpt>
<wpt lat="36.838041" lon="-84.340803"><name>KFF-1277 · State Parks trailhead: Cabins</name><desc>Trail: Laurel Trail 3; parking: yes
0.2 mi from the matching POTA park GPS point
Nearby point (within 5 mi). It may be outside the area — e.g. Corps of Engineers or other land. Check the official map.</desc><sym>Parking Area</sym><type>State Parks trailhead</type></wpt>
<wpt lat="36.843019" lon="-84.338904"><name>KFF-1277 · State Parks trailhead: Dance Pavillion</name><desc>Trail: Wildflower Loop Trail 12; parking: yes
0.2 mi from the matching POTA park GPS point
Nearby point (within 5 mi). It may be outside the area — e.g. Corps of Engineers or other land. Check the official map.</desc><sym>Parking Area</sym><type>State Parks trailhead</type></wpt>
<wpt lat="36.839717" lon="-84.343408"><name>KFF-1277 · State Parks trailhead: Moonbow</name><desc>Trail: Moonbow Trail 1; parking: no
0.2 mi from the matching POTA park GPS point
Nearby point (within 5 mi). It may be outside the area — e.g. Corps of Engineers or other land. Check the official map.</desc><sym>Parking Area</sym><type>State Parks trailhead</type></wpt>
<wpt lat="36.838549" lon="-84.336453"><name>KFF-1277 · State Parks trailhead: Falls Picnic Area</name><desc>Trail: Cumberland River Trail 2; parking: yes
0.2 mi from the matching POTA park GPS point
Nearby point (within 5 mi). It may be outside the area — e.g. Corps of Engineers or other land. Check the official map.</desc><sym>Parking Area</sym><type>State Parks trailhead</type></wpt>
<wpt lat="36.836653" lon="-84.340766"><name>KFF-1277 · State Parks trailhead: Falls Parking Lot</name><desc>Trail: Sheltowee Trace; parking: yes
0.3 mi from the matching POTA park GPS point
Nearby point (within 5 mi). It may be outside the area — e.g. Corps of Engineers or other land. Check the official map.</desc><sym>Parking Area</sym><type>State Parks trailhead</type></wpt>
<wpt lat="36.841792" lon="-84.334391"><name>KFF-1277 · State Parks trailhead: Hilltop Spur</name><desc>Trail: Hilltop Spur Trail 8; parking: no
0.3 mi from the matching POTA park GPS point
Nearby point (within 5 mi). It may be outside the area — e.g. Corps of Engineers or other land. Check the official map.</desc><sym>Parking Area</sym><type>State Parks trailhead</type></wpt>
<wpt lat="36.835122" lon="-84.340003"><name>KFF-1277 · State Parks trailhead: Cumberland River Bridge</name><desc>Trail: Blue Bend Loop Trail 10; parking: no
0.4 mi from the matching POTA park GPS point
Nearby point (within 5 mi). It may be outside the area — e.g. Corps of Engineers or other land. Check the official map.</desc><sym>Parking Area</sym><type>State Parks trailhead</type></wpt>
<wpt lat="36.836834" lon="-84.345587"><name>KFF-1277 · State Parks trailhead: Eagle Falls</name><desc>Trail: Eagle Falls Trail 9; parking: yes
0.4 mi from the matching POTA park GPS point
Nearby point (within 5 mi). It may be outside the area — e.g. Corps of Engineers or other land. Check the official map.</desc><sym>Parking Area</sym><type>State Parks trailhead</type></wpt>
<wpt lat="36.836493" lon="-84.345281"><name>KFF-1277 · State Parks trailhead: Blue Bend Loop</name><desc>Trail: Blue Bend Loop Trail 10; parking: yes
0.4 mi from the matching POTA park GPS point
Nearby point (within 5 mi). It may be outside the area — e.g. Corps of Engineers or other land. Check the official map.</desc><sym>Parking Area</sym><type>State Parks trailhead</type></wpt>
<wpt lat="36.843464" lon="-84.330818"><name>KFF-1277 · State Parks trailhead: Ccc Gazebo</name><desc>Trail: Anvil Branch Trail 11; parking: no
0.5 mi from the matching POTA park GPS point
Nearby point (within 5 mi). It may be outside the area — e.g. Corps of Engineers or other land. Check the official map.</desc><sym>Parking Area</sym><type>State Parks trailhead</type></wpt>
<wpt lat="36.841061" lon="-84.328512"><name>KFF-1277 · State Parks trailhead: Ridgeline Campground</name><desc>Trail: Camper'S Path Trail 5; parking: yes
0.6 mi from the matching POTA park GPS point
Nearby point (within 5 mi). It may be outside the area — e.g. Corps of Engineers or other land. Check the official map.</desc><sym>Parking Area</sym><type>State Parks trailhead</type></wpt>
<wpt lat="36.844706" lon="-84.317572"><name>KFF-1277 · State Parks trailhead: Pinnacle Knob Fire Tower</name><desc>Trail: Cumberland River Trail 2; parking: no
1.3 mi from the matching POTA park GPS point
Nearby point (within 5 mi). It may be outside the area — e.g. Corps of Engineers or other land. Check the official map.</desc><sym>Parking Area</sym><type>State Parks trailhead</type></wpt>
<wpt lat="36.844015" lon="-84.316423"><name>KFF-1277 · State Parks trailhead: Cumberland River</name><desc>Trail: Cumberland River Trail 2; parking: no
1.3 mi from the matching POTA park GPS point
Nearby point (within 5 mi). It may be outside the area — e.g. Corps of Engineers or other land. Check the official map.</desc><sym>Parking Area</sym><type>State Parks trailhead</type></wpt>
<wpt lat="36.64426" lon="-85.289153"><name>KFF-1278 · State Parks trailhead: Eagle Point</name><desc>parking: no
0.1 mi from the matching POTA park GPS point
Nearby point (within 5 mi). It may be outside the area — e.g. Corps of Engineers or other land. Check the official map.</desc><sym>Parking Area</sym><type>State Parks trailhead</type></wpt>
<wpt lat="36.646179" lon="-85.294801"><name>KFF-1278 · State Parks trailhead: Eagle Point And Boom Ridge Connector</name><desc>parking: no
0.3 mi from the matching POTA park GPS point
Nearby point (within 5 mi). It may be outside the area — e.g. Corps of Engineers or other land. Check the official map.</desc><sym>Parking Area</sym><type>State Parks trailhead</type></wpt>
<wpt lat="36.649215" lon="-85.293719"><name>KFF-1278 · State Parks trailhead: Boom Ridge</name><desc>parking: no
0.4 mi from the matching POTA park GPS point
Nearby point (within 5 mi). It may be outside the area — e.g. Corps of Engineers or other land. Check the official map.</desc><sym>Parking Area</sym><type>State Parks trailhead</type></wpt>
<wpt lat="36.639244" lon="-85.29954"><name>KFF-1278 · State Parks trailhead: Trailhead</name><desc>parking: yes
0.6 mi from the matching POTA park GPS point
Nearby point (within 5 mi). It may be outside the area — e.g. Corps of Engineers or other land. Check the official map.</desc><sym>Parking Area</sym><type>State Parks trailhead</type></wpt>
<wpt lat="36.654922" lon="-85.285798"><name>KFF-1278 · State Parks trailhead: Campers Path</name><desc>parking: no
0.8 mi from the matching POTA park GPS point
Nearby point (within 5 mi). It may be outside the area — e.g. Corps of Engineers or other land. Check the official map.</desc><sym>Parking Area</sym><type>State Parks trailhead</type></wpt>
<wpt lat="36.656235" lon="-85.284721"><name>KFF-1278 · State Parks trailhead: Grocery</name><desc>Trail: Eagle Point; parking: no
0.9 mi from the matching POTA park GPS point
Nearby point (within 5 mi). It may be outside the area — e.g. Corps of Engineers or other land. Check the official map.</desc><sym>Parking Area</sym><type>State Parks trailhead</type></wpt>
<wpt lat="36.656263" lon="-85.28182"><name>KFF-1278 · State Parks trailhead: Ranger Loop</name><desc>parking: no
1.0 mi from the matching POTA park GPS point
Nearby point (within 5 mi). It may be outside the area — e.g. Corps of Engineers or other land. Check the official map.</desc><sym>Parking Area</sym><type>State Parks trailhead</type></wpt>
<wpt lat="38.666195" lon="-85.145883"><name>KFF-1279 · State Parks trailhead: Gb15</name><desc>parking: not listed
0.0 mi from the matching POTA park GPS point
Nearby point (within 5 mi). It may be outside the area — e.g. Corps of Engineers or other land. Check the official map.</desc><sym>Parking Area</sym><type>State Parks trailhead</type></wpt>
<wpt lat="38.666446" lon="-85.147021"><name>KFF-1279 · State Parks trailhead: Gb11</name><desc>parking: not listed
0.1 mi from the matching POTA park GPS point
Nearby point (within 5 mi). It may be outside the area — e.g. Corps of Engineers or other land. Check the official map.</desc><sym>Parking Area</sym><type>State Parks trailhead</type></wpt>
<wpt lat="38.664994" lon="-85.147442"><name>KFF-1279 · State Parks trailhead: Gb14</name><desc>parking: not listed
0.1 mi from the matching POTA park GPS point
Nearby point (within 5 mi). It may be outside the area — e.g. Corps of Engineers or other land. Check the official map.</desc><sym>Parking Area</sym><type>State Parks trailhead</type></wpt>
<wpt lat="38.668628" lon="-85.148603"><name>KFF-1279 · State Parks trailhead: Gb13</name><desc>parking: not listed
0.2 mi from the matching POTA park GPS point
Nearby point (within 5 mi). It may be outside the area — e.g. Corps of Engineers or other land. Check the official map.</desc><sym>Parking Area</sym><type>State Parks trailhead</type></wpt>
<wpt lat="38.669793" lon="-85.146282"><name>KFF-1279 · State Parks trailhead: Gb12</name><desc>parking: not listed
0.2 mi from the matching POTA park GPS point
Nearby point (within 5 mi). It may be outside the area — e.g. Corps of Engineers or other land. Check the official map.</desc><sym>Parking Area</sym><type>State Parks trailhead</type></wpt>
<wpt lat="38.664786" lon="-85.149765"><name>KFF-1279 · State Parks trailhead: Gb10</name><desc>parking: not listed
0.3 mi from the matching POTA park GPS point
Nearby point (within 5 mi). It may be outside the area — e.g. Corps of Engineers or other land. Check the official map.</desc><sym>Parking Area</sym><type>State Parks trailhead</type></wpt>
<wpt lat="38.663947" lon="-85.150321"><name>KFF-1279 · State Parks trailhead: Gb9</name><desc>parking: not listed
0.3 mi from the matching POTA park GPS point
Nearby point (within 5 mi). It may be outside the area — e.g. Corps of Engineers or other land. Check the official map.</desc><sym>Parking Area</sym><type>State Parks trailhead</type></wpt>
<wpt lat="38.670548" lon="-85.151475"><name>KFF-1279 · State Parks trailhead: Gb5</name><desc>Trail: Woodland; parking: yes
0.4 mi from the matching POTA park GPS point
Nearby point (within 5 mi). It may be outside the area — e.g. Corps of Engineers or other land. Check the official map.</desc><sym>Parking Area</sym><type>State Parks trailhead</type></wpt>
<wpt lat="38.672332" lon="-85.14837"><name>KFF-1279 · State Parks trailhead: Gb8</name><desc>parking: not listed
0.4 mi from the matching POTA park GPS point
Nearby point (within 5 mi). It may be outside the area — e.g. Corps of Engineers or other land. Check the official map.</desc><sym>Parking Area</sym><type>State Parks trailhead</type></wpt>
<wpt lat="38.66973" lon="-85.153306"><name>KFF-1279 · State Parks trailhead: Gb6</name><desc>Trail: Woodland; parking: yes
0.5 mi from the matching POTA park GPS point
Nearby point (within 5 mi). It may be outside the area — e.g. Corps of Engineers or other land. Check the official map.</desc><sym>Parking Area</sym><type>State Parks trailhead</type></wpt>
<wpt lat="38.673182" lon="-85.154145"><name>KFF-1279 · State Parks trailhead: Gb4</name><desc>Trail: Woodland; parking: yes
0.7 mi from the matching POTA park GPS point
Nearby point (within 5 mi). It may be outside the area — e.g. Corps of Engineers or other land. Check the official map.</desc><sym>Parking Area</sym><type>State Parks trailhead</type></wpt>
<wpt lat="38.673567" lon="-85.155507"><name>KFF-1279 · State Parks trailhead: Gb3</name><desc>Trail: Fossil; parking: yes
0.7 mi from the matching POTA park GPS point
Nearby point (within 5 mi). It may be outside the area — e.g. Corps of Engineers or other land. Check the official map.</desc><sym>Parking Area</sym><type>State Parks trailhead</type></wpt>
<wpt lat="38.670156" lon="-85.161645"><name>KFF-1279 · State Parks trailhead: Gb2</name><desc>Trail: Fossil; parking: yes
0.9 mi from the matching POTA park GPS point
Nearby point (within 5 mi). It may be outside the area — e.g. Corps of Engineers or other land. Check the official map.</desc><sym>Parking Area</sym><type>State Parks trailhead</type></wpt>
<wpt lat="38.669265" lon="-85.164965"><name>KFF-1279 · State Parks trailhead: Gb1</name><desc>Trail: Boy Scout / Cemetery Path; parking: yes
1.1 mi from the matching POTA park GPS point
Nearby point (within 5 mi). It may be outside the area — e.g. Corps of Engineers or other land. Check the official map.</desc><sym>Parking Area</sym><type>State Parks trailhead</type></wpt>
<wpt lat="38.675471" lon="-85.161996"><name>KFF-1279 · State Parks trailhead: Gb7</name><desc>Trail: Fossil; parking: no
1.1 mi from the matching POTA park GPS point
Nearby point (within 5 mi). It may be outside the area — e.g. Corps of Engineers or other land. Check the official map.</desc><sym>Parking Area</sym><type>State Parks trailhead</type></wpt>
<wpt lat="38.480658" lon="-82.872318"><name>KFF-1280 · State Parks trailhead: Fern Valley - Lodge Service Area</name><desc>Trail: Fern Valley; parking: yes
0.0 mi from the matching POTA park GPS point
Nearby point (within 5 mi). It may be outside the area — e.g. Corps of Engineers or other land. Check the official map.</desc><sym>Parking Area</sym><type>State Parks trailhead</type></wpt>
<wpt lat="38.480936" lon="-82.872071"><name>KFF-1280 · State Parks trailhead: Fern Valley - Lodge Parking</name><desc>Trail: Fern Valley; parking: yes
0.1 mi from the matching POTA park GPS point
Nearby point (within 5 mi). It may be outside the area — e.g. Corps of Engineers or other land. Check the official map.</desc><sym>Parking Area</sym><type>State Parks trailhead</type></wpt>
<wpt lat="38.48514" lon="-82.884227"><name>KFF-1280 · State Parks trailhead: Michael Tygart - Marina</name><desc>Trail: Michael Tygart; parking: yes
0.7 mi from the matching POTA park GPS point
Nearby point (within 5 mi). It may be outside the area — e.g. Corps of Engineers or other land. Check the official map.</desc><sym>Parking Area</sym><type>State Parks trailhead</type></wpt>
<wpt lat="38.482579" lon="-82.886563"><name>KFF-1280 · State Parks trailhead: Michael Tygart - Main Rd East</name><desc>Trail: Michael Tygart; parking: no
0.7 mi from the matching POTA park GPS point
Nearby point (within 5 mi). It may be outside the area — e.g. Corps of Engineers or other land. Check the official map.</desc><sym>Parking Area</sym><type>State Parks trailhead</type></wpt>
<wpt lat="38.48255" lon="-82.886922"><name>KFF-1280 · State Parks trailhead: Michael Tygart - Main Rd West</name><desc>Trail: Michael Tygart; parking: no
0.8 mi from the matching POTA park GPS point
Nearby point (within 5 mi). It may be outside the area — e.g. Corps of Engineers or other land. Check the official map.</desc><sym>Parking Area</sym><type>State Parks trailhead</type></wpt>
<wpt lat="38.500155" lon="-82.915953"><name>KFF-1280 · State Parks trailhead: Michael Tygart - Bays Ridge East</name><desc>Trail: Michael Tygart; parking: no
2.7 mi from the matching POTA park GPS point
Nearby point (within 5 mi). It may be outside the area — e.g. Corps of Engineers or other land. Check the official map.</desc><sym>Parking Area</sym><type>State Parks trailhead</type></wpt>
<wpt lat="38.49711" lon="-82.922112"><name>KFF-1280 · State Parks trailhead: Michael Tygart - Bays Ridge West</name><desc>Trail: Michael Tygart; parking: no
2.9 mi from the matching POTA park GPS point
Nearby point (within 5 mi). It may be outside the area — e.g. Corps of Engineers or other land. Check the official map.</desc><sym>Parking Area</sym><type>State Parks trailhead</type></wpt>
<wpt lat="37.696675" lon="-82.724476"><name>KFF-1281 · State Parks trailhead: Moss Ridge</name><desc>parking: yes
0.1 mi from the matching POTA park GPS point
Nearby point (within 5 mi). It may be outside the area — e.g. Corps of Engineers or other land. Check the official map.</desc><sym>Parking Area</sym><type>State Parks trailhead</type></wpt>
<wpt lat="37.692816" lon="-82.724418"><name>KFF-1281 · State Parks trailhead: Moss Ridge</name><desc>parking: no
0.2 mi from the matching POTA park GPS point
Nearby point (within 5 mi). It may be outside the area — e.g. Corps of Engineers or other land. Check the official map.</desc><sym>Parking Area</sym><type>State Parks trailhead</type></wpt>
<wpt lat="37.692316" lon="-82.713271"><name>KFF-1281 · State Parks trailhead: Lakeshore</name><desc>parking: yes
0.7 mi from the matching POTA park GPS point
Nearby point (within 5 mi). It may be outside the area — e.g. Corps of Engineers or other land. Check the official map.</desc><sym>Parking Area</sym><type>State Parks trailhead</type></wpt>
<wpt lat="37.692141" lon="-82.713016"><name>KFF-1281 · State Parks trailhead: Steve Brackett</name><desc>parking: yes
0.7 mi from the matching POTA park GPS point
Nearby point (within 5 mi). It may be outside the area — e.g. Corps of Engineers or other land. Check the official map.</desc><sym>Parking Area</sym><type>State Parks trailhead</type></wpt>
<wpt lat="37.71632" lon="-82.7289"><name>KFF-1281 · State Parks trailhead: Mountain Bike</name><desc>Trail: Switchback/Shortloop/Beginners; parking: yes
1.4 mi from the matching POTA park GPS point
Nearby point (within 5 mi). It may be outside the area — e.g. Corps of Engineers or other land. Check the official map.</desc><sym>Parking Area</sym><type>State Parks trailhead</type></wpt>
<wpt lat="37.712603" lon="-82.741962"><name>KFF-1281 · State Parks trailhead: Jenny Wiley Camp</name><desc>Trail: Jenny Wiley; parking: yes
1.5 mi from the matching POTA park GPS point
Nearby point (within 5 mi). It may be outside the area — e.g. Corps of Engineers or other land. Check the official map.</desc><sym>Parking Area</sym><type>State Parks trailhead</type></wpt>
<wpt lat="37.712884" lon="-82.742319"><name>KFF-1281 · State Parks trailhead: Jenny Wiley Camp 2</name><desc>Trail: Jenny Wiley; parking: yes
1.5 mi from the matching POTA park GPS point
Nearby point (within 5 mi). It may be outside the area — e.g. Corps of Engineers or other land. Check the official map.</desc><sym>Parking Area</sym><type>State Parks trailhead</type></wpt>
<wpt lat="37.714703" lon="-82.739148"><name>KFF-1281 · State Parks trailhead: Sassafras</name><desc>parking: yes
1.5 mi from the matching POTA park GPS point
Nearby point (within 5 mi). It may be outside the area — e.g. Corps of Engineers or other land. Check the official map.</desc><sym>Parking Area</sym><type>State Parks trailhead</type></wpt>
<wpt lat="37.714829" lon="-82.739721"><name>KFF-1281 · State Parks trailhead: Sassafras Spur</name><desc>Trail: Sassafras; parking: yes
1.5 mi from the matching POTA park GPS point
Nearby point (within 5 mi). It may be outside the area — e.g. Corps of Engineers or other land. Check the official map.</desc><sym>Parking Area</sym><type>State Parks trailhead</type></wpt>
<wpt lat="37.726031" lon="-82.742775"><name>KFF-1281 · State Parks trailhead: Jenny Wiley And Road</name><desc>Trail: Jenny Wiley; parking: yes
2.3 mi from the matching POTA park GPS point
Nearby point (within 5 mi). It may be outside the area — e.g. Corps of Engineers or other land. Check the official map.</desc><sym>Parking Area</sym><type>State Parks trailhead</type></wpt>
<wpt lat="36.760341" lon="-88.139738"><name>KFF-1282 · State Parks trailhead: Cherokee</name><desc>parking: yes
0.1 mi from the matching POTA park GPS point
Nearby point (within 5 mi). It may be outside the area — e.g. Corps of Engineers or other land. Check the official map.</desc><sym>Parking Area</sym><type>State Parks trailhead</type></wpt>
<wpt lat="36.763687" lon="-88.141541"><name>KFF-1282 · State Parks trailhead: Chickasaw</name><desc>parking: yes
0.3 mi from the matching POTA park GPS point
Nearby point (within 5 mi). It may be outside the area — e.g. Corps of Engineers or other land. Check the official map.</desc><sym>Parking Area</sym><type>State Parks trailhead</type></wpt>
<wpt lat="36.763637" lon="-88.14211"><name>KFF-1282 · State Parks trailhead: Cherokee</name><desc>parking: no
0.3 mi from the matching POTA park GPS point
Nearby point (within 5 mi). It may be outside the area — e.g. Corps of Engineers or other land. Check the official map.</desc><sym>Parking Area</sym><type>State Parks trailhead</type></wpt>
<wpt lat="36.768108" lon="-88.139547"><name>KFF-1282 · State Parks trailhead: Chickasaw</name><desc>parking: yes
0.6 mi from the matching POTA park GPS point
Nearby point (within 5 mi). It may be outside the area — e.g. Corps of Engineers or other land. Check the official map.</desc><sym>Parking Area</sym><type>State Parks trailhead</type></wpt>
<wpt lat="36.772" lon="-88.137789"><name>KFF-1282 · State Parks trailhead: Coach Lester Mimms Campground</name><desc>Trail: Coach Lester Mimms; parking: no
0.9 mi from the matching POTA park GPS point
Nearby point (within 5 mi). It may be outside the area — e.g. Corps of Engineers or other land. Check the official map.</desc><sym>Parking Area</sym><type>State Parks trailhead</type></wpt>
<wpt lat="36.787535" lon="-88.143211"><name>KFF-1282 · State Parks trailhead: Coach Lester Mimms Cherokee</name><desc>Trail: Coach Lester Mimms; parking: yes
1.9 mi from the matching POTA park GPS point
Nearby point (within 5 mi). It may be outside the area — e.g. Corps of Engineers or other land. Check the official map.</desc><sym>Parking Area</sym><type>State Parks trailhead</type></wpt>
<wpt lat="36.99969" lon="-88.289124"><name>KFF-1283 · State Parks trailhead: Calvert City Greenway</name><desc>parking: yes
0.1 mi from the matching POTA park GPS point
Nearby point (within 5 mi). It may be outside the area — e.g. Corps of Engineers or other land. Check the official map.</desc><sym>Parking Area</sym><type>State Parks trailhead</type></wpt>
<wpt lat="36.994125" lon="-88.290439"><name>KFF-1283 · State Parks trailhead: Sail</name><desc>parking: no
0.3 mi from the matching POTA park GPS point
Nearby point (within 5 mi). It may be outside the area — e.g. Corps of Engineers or other land. Check the official map.</desc><sym>Parking Area</sym><type>State Parks trailhead</type></wpt>
<wpt lat="36.990203" lon="-88.292704"><name>KFF-1283 · State Parks trailhead: Sail</name><desc>parking: no
0.6 mi from the matching POTA park GPS point
Nearby point (within 5 mi). It may be outside the area — e.g. Corps of Engineers or other land. Check the official map.</desc><sym>Parking Area</sym><type>State Parks trailhead</type></wpt>
<wpt lat="36.989896" lon="-88.292773"><name>KFF-1283 · State Parks trailhead: Lakeshore</name><desc>parking: no
0.6 mi from the matching POTA park GPS point
Nearby point (within 5 mi). It may be outside the area — e.g. Corps of Engineers or other land. Check the official map.</desc><sym>Parking Area</sym><type>State Parks trailhead</type></wpt>
<wpt lat="36.984812" lon="-88.294187"><name>KFF-1283 · State Parks trailhead: Lakeshore</name><desc>parking: no
1.0 mi from the matching POTA park GPS point
Nearby point (within 5 mi). It may be outside the area — e.g. Corps of Engineers or other land. Check the official map.</desc><sym>Parking Area</sym><type>State Parks trailhead</type></wpt>
<wpt lat="36.983914" lon="-88.29412"><name>KFF-1283 · State Parks trailhead: Bo Beckett Memorial</name><desc>parking: yes
1.0 mi from the matching POTA park GPS point
Nearby point (within 5 mi). It may be outside the area — e.g. Corps of Engineers or other land. Check the official map.</desc><sym>Parking Area</sym><type>State Parks trailhead</type></wpt>
<wpt lat="36.848954" lon="-87.932879"><name>KFF-1284 · State Parks trailhead: Fitness Center</name><desc>parking: yes
0.1 mi from the matching POTA park GPS point
Nearby point (within 5 mi). It may be outside the area — e.g. Corps of Engineers or other land. Check the official map.</desc><sym>Parking Area</sym><type>State Parks trailhead</type></wpt>
<wpt lat="36.849271" lon="-87.930539"><name>KFF-1284 · State Parks trailhead: Lena Madesin/Wilderness/Cedar Grove</name><desc>Trail: Lena Madesin; parking: yes
0.1 mi from the matching POTA park GPS point
Nearby point (within 5 mi). It may be outside the area — e.g. Corps of Engineers or other land. Check the official map.</desc><sym>Parking Area</sym><type>State Parks trailhead</type></wpt>
<wpt lat="36.848934" lon="-87.934112"><name>KFF-1284 · State Parks trailhead: Fitness Center</name><desc>parking: yes
0.1 mi from the matching POTA park GPS point
Nearby point (within 5 mi). It may be outside the area — e.g. Corps of Engineers or other land. Check the official map.</desc><sym>Parking Area</sym><type>State Parks trailhead</type></wpt>
<wpt lat="36.847788" lon="-87.933218"><name>KFF-1284 · State Parks trailhead: Blue Springs</name><desc>parking: no
0.1 mi from the matching POTA park GPS point
Nearby point (within 5 mi). It may be outside the area — e.g. Corps of Engineers or other land. Check the official map.</desc><sym>Parking Area</sym><type>State Parks trailhead</type></wpt>
<wpt lat="36.846877" lon="-87.933837"><name>KFF-1284 · State Parks trailhead: Blue Springs</name><desc>parking: yes
0.2 mi from the matching POTA park GPS point
Nearby point (within 5 mi). It may be outside the area — e.g. Corps of Engineers or other land. Check the official map.</desc><sym>Parking Area</sym><type>State Parks trailhead</type></wpt>
<wpt lat="36.855261" lon="-87.925008"><name>KFF-1284 · State Parks trailhead: Cedar Grove</name><desc>parking: yes
0.6 mi from the matching POTA park GPS point
Nearby point (within 5 mi). It may be outside the area — e.g. Corps of Engineers or other land. Check the official map.</desc><sym>Parking Area</sym><type>State Parks trailhead</type></wpt>
<wpt lat="36.856947" lon="-87.923046"><name>KFF-1284 · State Parks trailhead: Wagon Wheel</name><desc>parking: yes
0.7 mi from the matching POTA park GPS point
Nearby point (within 5 mi). It may be outside the area — e.g. Corps of Engineers or other land. Check the official map.</desc><sym>Parking Area</sym><type>State Parks trailhead</type></wpt>
<wpt lat="36.855509" lon="-87.919027"><name>KFF-1284 · State Parks trailhead: Wagon Wheel</name><desc>parking: yes
0.8 mi from the matching POTA park GPS point
Nearby point (within 5 mi). It may be outside the area — e.g. Corps of Engineers or other land. Check the official map.</desc><sym>Parking Area</sym><type>State Parks trailhead</type></wpt>
<wpt lat="36.855654" lon="-87.919078"><name>KFF-1284 · State Parks trailhead: Wilderness</name><desc>parking: yes
0.8 mi from the matching POTA park GPS point
Nearby point (within 5 mi). It may be outside the area — e.g. Corps of Engineers or other land. Check the official map.</desc><sym>Parking Area</sym><type>State Parks trailhead</type></wpt>
<wpt lat="36.844271" lon="-87.913593"><name>KFF-1284 · State Parks trailhead: Wilderness</name><desc>parking: no
1.1 mi from the matching POTA park GPS point
Nearby point (within 5 mi). It may be outside the area — e.g. Corps of Engineers or other land. Check the official map.</desc><sym>Parking Area</sym><type>State Parks trailhead</type></wpt>
<wpt lat="36.844114" lon="-87.91364"><name>KFF-1284 · State Parks trailhead: Stable</name><desc>parking: yes
1.1 mi from the matching POTA park GPS point
Nearby point (within 5 mi). It may be outside the area — e.g. Corps of Engineers or other land. Check the official map.</desc><sym>Parking Area</sym><type>State Parks trailhead</type></wpt>
<wpt lat="36.845554" lon="-87.912498"><name>KFF-1284 · State Parks trailhead: Wilderness</name><desc>parking: no
1.1 mi from the matching POTA park GPS point
Nearby point (within 5 mi). It may be outside the area — e.g. Corps of Engineers or other land. Check the official map.</desc><sym>Parking Area</sym><type>State Parks trailhead</type></wpt>
<wpt lat="36.931131" lon="-85.042713"><name>KFF-1285 · State Parks trailhead: Overlook</name><desc>Trail: Lake Bluff; parking: yes
0.0 mi from the matching POTA park GPS point
Nearby point (within 5 mi). It may be outside the area — e.g. Corps of Engineers or other land. Check the official map.</desc><sym>Parking Area</sym><type>State Parks trailhead</type></wpt>
<wpt lat="36.92935" lon="-85.040894"><name>KFF-1285 · State Parks trailhead: Conference Center</name><desc>Trail: Lake Bluff; parking: yes
0.1 mi from the matching POTA park GPS point
Nearby point (within 5 mi). It may be outside the area — e.g. Corps of Engineers or other land. Check the official map.</desc><sym>Parking Area</sym><type>State Parks trailhead</type></wpt>
<wpt lat="36.926616" lon="-85.046952"><name>KFF-1285 · State Parks trailhead: Pumpkin Creek Lodge</name><desc>Trail: Lake Bluff; parking: yes
0.4 mi from the matching POTA park GPS point
Nearby point (within 5 mi). It may be outside the area — e.g. Corps of Engineers or other land. Check the official map.</desc><sym>Parking Area</sym><type>State Parks trailhead</type></wpt>
<wpt lat="36.921898" lon="-85.042068"><name>KFF-1285 · State Parks trailhead: Perch</name><desc>parking: yes
0.6 mi from the matching POTA park GPS point
Nearby point (within 5 mi). It may be outside the area — e.g. Corps of Engineers or other land. Check the official map.</desc><sym>Parking Area</sym><type>State Parks trailhead</type></wpt>
<wpt lat="36.901532" lon="-85.074761"><name>KFF-1285 · State Parks trailhead: Baugh Branch</name><desc>parking: yes
2.7 mi from the matching POTA park GPS point
Nearby point (within 5 mi). It may be outside the area — e.g. Corps of Engineers or other land. Check the official map.</desc><sym>Parking Area</sym><type>State Parks trailhead</type></wpt>
<wpt lat="37.781544" lon="-83.691154"><name>KFF-1286 · State Parks trailhead: Hood'S Branch</name><desc>parking: yes
0.4 mi from the matching POTA park GPS point
Nearby point (within 5 mi). It may be outside the area — e.g. Corps of Engineers or other land. Check the official map.</desc><sym>Parking Area</sym><type>State Parks trailhead</type></wpt>
<wpt lat="37.782127" lon="-83.689375"><name>KFF-1286 · State Parks trailhead: Low Gap</name><desc>parking: yes
0.4 mi from the matching POTA park GPS point
Nearby point (within 5 mi). It may be outside the area — e.g. Corps of Engineers or other land. Check the official map.</desc><sym>Parking Area</sym><type>State Parks trailhead</type></wpt>
<wpt lat="37.776453" lon="-83.680986"><name>KFF-1286 · State Parks trailhead: Hemlock Lodge Access To Original</name><desc>parking: yes
0.4 mi from the matching POTA park GPS point
Nearby point (within 5 mi). It may be outside the area — e.g. Corps of Engineers or other land. Check the official map.</desc><sym>Parking Area</sym><type>State Parks trailhead</type></wpt>
<wpt lat="37.77552" lon="-83.678219"><name>KFF-1286 · State Parks trailhead: The Original</name><desc>parking: yes
0.6 mi from the matching POTA park GPS point
Nearby point (within 5 mi). It may be outside the area — e.g. Corps of Engineers or other land. Check the official map.</desc><sym>Parking Area</sym><type>State Parks trailhead</type></wpt>
<wpt lat="37.777401" lon="-83.677035"><name>KFF-1286 · State Parks trailhead: Lakeside</name><desc>parking: yes
0.6 mi from the matching POTA park GPS point
Nearby point (within 5 mi). It may be outside the area — e.g. Corps of Engineers or other land. Check the official map.</desc><sym>Parking Area</sym><type>State Parks trailhead</type></wpt>
<wpt lat="37.779851" lon="-83.673686"><name>KFF-1286 · State Parks trailhead: Henson'S Arch</name><desc>parking: yes
0.8 mi from the matching POTA park GPS point
Nearby point (within 5 mi). It may be outside the area — e.g. Corps of Engineers or other land. Check the official map.</desc><sym>Parking Area</sym><type>State Parks trailhead</type></wpt>
<wpt lat="37.782714" lon="-83.672955"><name>KFF-1286 · State Parks trailhead: Whittleton</name><desc>parking: no
0.9 mi from the matching POTA park GPS point
Nearby point (within 5 mi). It may be outside the area — e.g. Corps of Engineers or other land. Check the official map.</desc><sym>Parking Area</sym><type>State Parks trailhead</type></wpt>
<wpt lat="37.072505" lon="-87.662714"><name>KFF-1287 · State Parks trailhead: Lodge</name><desc>Trail: Lake; parking: yes
0.0 mi from the matching POTA park GPS point
Nearby point (within 5 mi). It may be outside the area — e.g. Corps of Engineers or other land. Check the official map.</desc><sym>Parking Area</sym><type>State Parks trailhead</type></wpt>
<wpt lat="37.073787" lon="-87.663509"><name>KFF-1287 · State Parks trailhead: Indian Bluff/Pennyrile Nature Trail</name><desc>Trail: Indian Bluff; parking: no
0.1 mi from the matching POTA park GPS point
Nearby point (within 5 mi). It may be outside the area — e.g. Corps of Engineers or other land. Check the official map.</desc><sym>Parking Area</sym><type>State Parks trailhead</type></wpt>
<wpt lat="37.074225" lon="-87.665354"><name>KFF-1287 · State Parks trailhead: Clifty Creek</name><desc>parking: yes
0.2 mi from the matching POTA park GPS point
Nearby point (within 5 mi). It may be outside the area — e.g. Corps of Engineers or other land. Check the official map.</desc><sym>Parking Area</sym><type>State Parks trailhead</type></wpt>
<wpt lat="37.070711" lon="-87.660614"><name>KFF-1287 · State Parks trailhead: Thompsons Hollow</name><desc>parking: yes
0.2 mi from the matching POTA park GPS point
Nearby point (within 5 mi). It may be outside the area — e.g. Corps of Engineers or other land. Check the official map.</desc><sym>Parking Area</sym><type>State Parks trailhead</type></wpt>
<wpt lat="37.071235" lon="-87.659709"><name>KFF-1287 · State Parks trailhead: Thompsons Hollow</name><desc>parking: yes
0.2 mi from the matching POTA park GPS point
Nearby point (within 5 mi). It may be outside the area — e.g. Corps of Engineers or other land. Check the official map.</desc><sym>Parking Area</sym><type>State Parks trailhead</type></wpt>
<wpt lat="37.070111" lon="-87.660651"><name>KFF-1287 · State Parks trailhead: Beach</name><desc>Trail: Lake; parking: yes
0.2 mi from the matching POTA park GPS point
Nearby point (within 5 mi). It may be outside the area — e.g. Corps of Engineers or other land. Check the official map.</desc><sym>Parking Area</sym><type>State Parks trailhead</type></wpt>
<wpt lat="37.069995" lon="-87.665363"><name>KFF-1287 · State Parks trailhead: Cane</name><desc>parking: yes
0.2 mi from the matching POTA park GPS point
Nearby point (within 5 mi). It may be outside the area — e.g. Corps of Engineers or other land. Check the official map.</desc><sym>Parking Area</sym><type>State Parks trailhead</type></wpt>
<wpt lat="37.069962" lon="-87.665321"><name>KFF-1287 · State Parks trailhead: Lake</name><desc>parking: yes
0.2 mi from the matching POTA park GPS point
Nearby point (within 5 mi). It may be outside the area — e.g. Corps of Engineers or other land. Check the official map.</desc><sym>Parking Area</sym><type>State Parks trailhead</type></wpt>
<wpt lat="37.069222" lon="-87.658546"><name>KFF-1287 · State Parks trailhead: Pennyroyal</name><desc>parking: yes
0.3 mi from the matching POTA park GPS point
Nearby point (within 5 mi). It may be outside the area — e.g. Corps of Engineers or other land. Check the official map.</desc><sym>Parking Area</sym><type>State Parks trailhead</type></wpt>
<wpt lat="37.072731" lon="-87.655818"><name>KFF-1287 · State Parks trailhead: Campers Trace</name><desc>parking: yes
0.4 mi from the matching POTA park GPS point
Nearby point (within 5 mi). It may be outside the area — e.g. Corps of Engineers or other land. Check the official map.</desc><sym>Parking Area</sym><type>State Parks trailhead</type></wpt>
<wpt lat="37.075051" lon="-87.655306"><name>KFF-1287 · State Parks trailhead: Campers Trace</name><desc>parking: no
0.5 mi from the matching POTA park GPS point
Nearby point (within 5 mi). It may be outside the area — e.g. Corps of Engineers or other land. Check the official map.</desc><sym>Parking Area</sym><type>State Parks trailhead</type></wpt>
<wpt lat="36.747713" lon="-83.7119"><name>KFF-1288 · State Parks trailhead: Rock Hotel</name><desc>parking: no
0.0 mi from the matching POTA park GPS point
Nearby point (within 5 mi). It may be outside the area — e.g. Corps of Engineers or other land. Check the official map.</desc><sym>Parking Area</sym><type>State Parks trailhead</type></wpt>
<wpt lat="36.744708" lon="-83.710697"><name>KFF-1288 · State Parks trailhead: Longhunter</name><desc>parking: yes
0.2 mi from the matching POTA park GPS point
Nearby point (within 5 mi). It may be outside the area — e.g. Corps of Engineers or other land. Check the official map.</desc><sym>Parking Area</sym><type>State Parks trailhead</type></wpt>
<wpt lat="36.743494" lon="-83.705817"><name>KFF-1288 · State Parks trailhead: Laurel Cove</name><desc>parking: yes
0.4 mi from the matching POTA park GPS point
Nearby point (within 5 mi). It may be outside the area — e.g. Corps of Engineers or other land. Check the official map.</desc><sym>Parking Area</sym><type>State Parks trailhead</type></wpt>
<wpt lat="36.743466" lon="-83.703512"><name>KFF-1288 · State Parks trailhead: Azalea</name><desc>parking: yes
0.6 mi from the matching POTA park GPS point
Nearby point (within 5 mi). It may be outside the area — e.g. Corps of Engineers or other land. Check the official map.</desc><sym>Parking Area</sym><type>State Parks trailhead</type></wpt>
<wpt lat="36.7544" lon="-83.703643"><name>KFF-1288 · State Parks trailhead: Chained Rock</name><desc>parking: yes
0.7 mi from the matching POTA park GPS point
Nearby point (within 5 mi). It may be outside the area — e.g. Corps of Engineers or other land. Check the official map.</desc><sym>Parking Area</sym><type>State Parks trailhead</type></wpt>
<wpt lat="36.743463" lon="-83.691352"><name>KFF-1288 · State Parks trailhead: Narrows Overlook</name><desc>parking: yes
1.2 mi from the matching POTA park GPS point
Nearby point (within 5 mi). It may be outside the area — e.g. Corps of Engineers or other land. Check the official map.</desc><sym>Parking Area</sym><type>State Parks trailhead</type></wpt>
<wpt lat="36.744155" lon="-83.738233"><name>KFF-1288 · State Parks trailhead: Ridgerunner</name><desc>parking: no
1.4 mi from the matching POTA park GPS point
Nearby point (within 5 mi). It may be outside the area — e.g. Corps of Engineers or other land. Check the official map.</desc><sym>Parking Area</sym><type>State Parks trailhead</type></wpt>
<wpt lat="36.736753" lon="-83.736053"><name>KFF-1288 · State Parks trailhead: Lost</name><desc>parking: no
1.5 mi from the matching POTA park GPS point
Nearby point (within 5 mi). It may be outside the area — e.g. Corps of Engineers or other land. Check the official map.</desc><sym>Parking Area</sym><type>State Parks trailhead</type></wpt>
<wpt lat="36.739019" lon="-83.737442"><name>KFF-1288 · State Parks trailhead: Living Stairway/Fern Garden</name><desc>Trail: Living Stairway; parking: yes
1.5 mi from the matching POTA park GPS point
Nearby point (within 5 mi). It may be outside the area — e.g. Corps of Engineers or other land. Check the official map.</desc><sym>Parking Area</sym><type>State Parks trailhead</type></wpt>
<wpt lat="36.737138" lon="-83.73697"><name>KFF-1288 · State Parks trailhead: Fern Garden/Living Stairway</name><desc>Trail: Lost; parking: no
1.5 mi from the matching POTA park GPS point
Nearby point (within 5 mi). It may be outside the area — e.g. Corps of Engineers or other land. Check the official map.</desc><sym>Parking Area</sym><type>State Parks trailhead</type></wpt>
<wpt lat="36.736705" lon="-83.737228"><name>KFF-1288 · State Parks trailhead: Honeymoon Falls</name><desc>parking: yes
1.6 mi from the matching POTA park GPS point
Nearby point (within 5 mi). It may be outside the area — e.g. Corps of Engineers or other land. Check the official map.</desc><sym>Parking Area</sym><type>State Parks trailhead</type></wpt>
<wpt lat="36.728242" lon="-83.727544"><name>KFF-1288 · State Parks trailhead: Clear Creek Hollow</name><desc>parking: yes
1.6 mi from the matching POTA park GPS point
Nearby point (within 5 mi). It may be outside the area — e.g. Corps of Engineers or other land. Check the official map.</desc><sym>Parking Area</sym><type>State Parks trailhead</type></wpt>
<wpt lat="36.738565" lon="-83.738468"><name>KFF-1288 · State Parks trailhead: Honeymoon Falls</name><desc>parking: yes
1.6 mi from the matching POTA park GPS point
Nearby point (within 5 mi). It may be outside the area — e.g. Corps of Engineers or other land. Check the official map.</desc><sym>Parking Area</sym><type>State Parks trailhead</type></wpt>
<wpt lat="36.728165" lon="-83.727672"><name>KFF-1288 · State Parks trailhead: Clear Creek Hollow</name><desc>parking: yes
1.6 mi from the matching POTA park GPS point
Nearby point (within 5 mi). It may be outside the area — e.g. Corps of Engineers or other land. Check the official map.</desc><sym>Parking Area</sym><type>State Parks trailhead</type></wpt>
<wpt lat="36.736528" lon="-83.7379"><name>KFF-1288 · State Parks trailhead: Hemlock Garden</name><desc>parking: yes
1.6 mi from the matching POTA park GPS point
Nearby point (within 5 mi). It may be outside the area — e.g. Corps of Engineers or other land. Check the official map.</desc><sym>Parking Area</sym><type>State Parks trailhead</type></wpt>
<wpt lat="36.737895" lon="-83.740652"><name>KFF-1288 · State Parks trailhead: Honeymoon Falls</name><desc>parking: yes
1.7 mi from the matching POTA park GPS point
Nearby point (within 5 mi). It may be outside the area — e.g. Corps of Engineers or other land. Check the official map.</desc><sym>Parking Area</sym><type>State Parks trailhead</type></wpt>
<wpt lat="36.734249" lon="-83.738732"><name>KFF-1288 · State Parks trailhead: Hemlock Garden</name><desc>parking: yes
1.7 mi from the matching POTA park GPS point
Nearby point (within 5 mi). It may be outside the area — e.g. Corps of Engineers or other land. Check the official map.</desc><sym>Parking Area</sym><type>State Parks trailhead</type></wpt>
<wpt lat="36.742233" lon="-83.745811"><name>KFF-1288 · State Parks trailhead: Ridgerunner</name><desc>parking: yes
1.9 mi from the matching POTA park GPS point
Nearby point (within 5 mi). It may be outside the area — e.g. Corps of Engineers or other land. Check the official map.</desc><sym>Parking Area</sym><type>State Parks trailhead</type></wpt>
<wpt lat="37.611744" lon="-86.503225"><name>KFF-1289 · State Parks trailhead: Lodge</name><desc>Trail: Marina; parking: yes
0.1 mi from the matching POTA park GPS point
Nearby point (within 5 mi). It may be outside the area — e.g. Corps of Engineers or other land. Check the official map.</desc><sym>Parking Area</sym><type>State Parks trailhead</type></wpt>
<wpt lat="37.612477" lon="-86.50255"><name>KFF-1289 · State Parks trailhead: Mini Golf</name><desc>Trail: Walking; parking: no
0.2 mi from the matching POTA park GPS point
Nearby point (within 5 mi). It may be outside the area — e.g. Corps of Engineers or other land. Check the official map.</desc><sym>Parking Area</sym><type>State Parks trailhead</type></wpt>
<wpt lat="37.602712" lon="-86.507441"><name>KFF-1289 · State Parks trailhead: Cottages</name><desc>Trail: Marina; parking: no
0.5 mi from the matching POTA park GPS point
Nearby point (within 5 mi). It may be outside the area — e.g. Corps of Engineers or other land. Check the official map.</desc><sym>Parking Area</sym><type>State Parks trailhead</type></wpt>
<wpt lat="38.884476" lon="-84.752765"><name>KFF-3779 · State Parks trailhead: Museum</name><desc>Trail: Big Bone Creek; parking: yes
0.3 mi from the matching POTA park GPS point
Nearby point (within 5 mi). It may be outside the area — e.g. Corps of Engineers or other land. Check the official map.</desc><sym>Parking Area</sym><type>State Parks trailhead</type></wpt>
<wpt lat="38.883753" lon="-84.752903"><name>KFF-3779 · State Parks trailhead: Museum Parking Lot</name><desc>Trail: Gobblers Trace / Bison Trace; parking: yes
0.4 mi from the matching POTA park GPS point
Nearby point (within 5 mi). It may be outside the area — e.g. Corps of Engineers or other land. Check the official map.</desc><sym>Parking Area</sym><type>State Parks trailhead</type></wpt>
<wpt lat="38.880209" lon="-84.745433"><name>KFF-3779 · State Parks trailhead: Campground</name><desc>Trail: Gobblers Trace; parking: no
0.5 mi from the matching POTA park GPS point
Nearby point (within 5 mi). It may be outside the area — e.g. Corps of Engineers or other land. Check the official map.</desc><sym>Parking Area</sym><type>State Parks trailhead</type></wpt>
<wpt lat="37.29317" lon="-82.30816"><name>KFF-3781 · State Parks trailhead: Geological &amp; Ridge</name><desc>parking: yes
0.7 mi from the matching POTA park GPS point
Nearby point (within 5 mi). It may be outside the area — e.g. Corps of Engineers or other land. Check the official map.</desc><sym>Parking Area</sym><type>State Parks trailhead</type></wpt>
<wpt lat="37.292726" lon="-82.308052"><name>KFF-3781 · State Parks trailhead: Overlook Trail</name><desc>Trail: Overlook; parking: yes
0.7 mi from the matching POTA park GPS point
Nearby point (within 5 mi). It may be outside the area — e.g. Corps of Engineers or other land. Check the official map.</desc><sym>Parking Area</sym><type>State Parks trailhead</type></wpt>
<wpt lat="37.292556" lon="-82.307784"><name>KFF-3781 · State Parks trailhead: Ridge</name><desc>parking: yes
0.7 mi from the matching POTA park GPS point
Nearby point (within 5 mi). It may be outside the area — e.g. Corps of Engineers or other land. Check the official map.</desc><sym>Parking Area</sym><type>State Parks trailhead</type></wpt>
<wpt lat="37.295778" lon="-82.301851"><name>KFF-3781 · State Parks trailhead: Grassy Overlook Trail</name><desc>Trail: Grassy Overlook; parking: yes
0.7 mi from the matching POTA park GPS point
Nearby point (within 5 mi). It may be outside the area — e.g. Corps of Engineers or other land. Check the official map.</desc><sym>Parking Area</sym><type>State Parks trailhead</type></wpt>
<wpt lat="37.287477" lon="-82.305473"><name>KFF-3781 · State Parks trailhead: Overlook Trail</name><desc>Trail: Overlook; parking: yes
1.1 mi from the matching POTA park GPS point
Nearby point (within 5 mi). It may be outside the area — e.g. Corps of Engineers or other land. Check the official map.</desc><sym>Parking Area</sym><type>State Parks trailhead</type></wpt>
<wpt lat="37.294873" lon="-82.293666"><name>KFF-3781 · State Parks trailhead: Main</name><desc>parking: no
1.1 mi from the matching POTA park GPS point
Nearby point (within 5 mi). It may be outside the area — e.g. Corps of Engineers or other land. Check the official map.</desc><sym>Parking Area</sym><type>State Parks trailhead</type></wpt>
<wpt lat="37.293285" lon="-82.294838"><name>KFF-3781 · State Parks trailhead: Deer</name><desc>parking: yes
1.1 mi from the matching POTA park GPS point
Nearby point (within 5 mi). It may be outside the area — e.g. Corps of Engineers or other land. Check the official map.</desc><sym>Parking Area</sym><type>State Parks trailhead</type></wpt>
<wpt lat="37.293071" lon="-82.294721"><name>KFF-3781 · State Parks trailhead: Main</name><desc>parking: yes
1.2 mi from the matching POTA park GPS point
Nearby point (within 5 mi). It may be outside the area — e.g. Corps of Engineers or other land. Check the official map.</desc><sym>Parking Area</sym><type>State Parks trailhead</type></wpt>
<wpt lat="37.286631" lon="-82.304768"><name>KFF-3781 · State Parks trailhead: Overlook Trail</name><desc>Trail: Overlook; parking: yes
1.2 mi from the matching POTA park GPS point
Nearby point (within 5 mi). It may be outside the area — e.g. Corps of Engineers or other land. Check the official map.</desc><sym>Parking Area</sym><type>State Parks trailhead</type></wpt>
<wpt lat="37.286188" lon="-82.303416"><name>KFF-3781 · State Parks trailhead: Tower Tunnel</name><desc>parking: yes
1.2 mi from the matching POTA park GPS point
Nearby point (within 5 mi). It may be outside the area — e.g. Corps of Engineers or other land. Check the official map.</desc><sym>Parking Area</sym><type>State Parks trailhead</type></wpt>
<wpt lat="37.286993" lon="-82.301108"><name>KFF-3781 · State Parks trailhead: Cold Spring Trail</name><desc>Trail: Cold Spring; parking: yes
1.2 mi from the matching POTA park GPS point
Nearby point (within 5 mi). It may be outside the area — e.g. Corps of Engineers or other land. Check the official map.</desc><sym>Parking Area</sym><type>State Parks trailhead</type></wpt>
<wpt lat="37.285297" lon="-82.299726"><name>KFF-3781 · State Parks trailhead: Loop</name><desc>parking: yes
1.4 mi from the matching POTA park GPS point
Nearby point (within 5 mi). It may be outside the area — e.g. Corps of Engineers or other land. Check the official map.</desc><sym>Parking Area</sym><type>State Parks trailhead</type></wpt>
<wpt lat="37.28815" lon="-82.294403"><name>KFF-3781 · State Parks trailhead: Lake Trail</name><desc>Trail: Lake; parking: no
1.4 mi from the matching POTA park GPS point
Nearby point (within 5 mi). It may be outside the area — e.g. Corps of Engineers or other land. Check the official map.</desc><sym>Parking Area</sym><type>State Parks trailhead</type></wpt>
<wpt lat="37.29528" lon="-82.3378"><name>KFF-3781 · State Parks trailhead: Russell Fork</name><desc>Trail: Pine Mountain State Scenic Trail; parking: yes
1.5 mi from the matching POTA park GPS point
Nearby point (within 5 mi). It may be outside the area — e.g. Corps of Engineers or other land. Check the official map.</desc><sym>Parking Area</sym><type>State Parks trailhead</type></wpt>
<wpt lat="37.285444" lon="-82.291093"><name>KFF-3781 · State Parks trailhead: Towers Overlook</name><desc>Trail: Towers; parking: yes
1.7 mi from the matching POTA park GPS point
Nearby point (within 5 mi). It may be outside the area — e.g. Corps of Engineers or other land. Check the official map.</desc><sym>Parking Area</sym><type>State Parks trailhead</type></wpt>
<wpt lat="37.271463" lon="-82.294882"><name>KFF-3781 · State Parks trailhead: Campbranch</name><desc>parking: yes
2.4 mi from the matching POTA park GPS point
Nearby point (within 5 mi). It may be outside the area — e.g. Corps of Engineers or other land. Check the official map.</desc><sym>Parking Area</sym><type>State Parks trailhead</type></wpt>
<wpt lat="36.6774" lon="-85.707769"><name>KFF-3784 · State Parks trailhead: Jackson Cemetery</name><desc>Trail: Stonewall Jackson; parking: no
0.1 mi from the matching POTA park GPS point
Nearby point (within 5 mi). It may be outside the area — e.g. Corps of Engineers or other land. Check the official map.</desc><sym>Parking Area</sym><type>State Parks trailhead</type></wpt>
<wpt lat="36.678175" lon="-85.708034"><name>KFF-3784 · State Parks trailhead: Jackson Cemetery</name><desc>Trail: Stonewall Jackson; parking: yes
0.1 mi from the matching POTA park GPS point
Nearby point (within 5 mi). It may be outside the area — e.g. Corps of Engineers or other land. Check the official map.</desc><sym>Parking Area</sym><type>State Parks trailhead</type></wpt>
<wpt lat="36.676816" lon="-85.707909"><name>KFF-3784 · State Parks trailhead: Jackson Cemetery</name><desc>Trail: Stonewall Jackson; parking: no
0.1 mi from the matching POTA park GPS point
Nearby point (within 5 mi). It may be outside the area — e.g. Corps of Engineers or other land. Check the official map.</desc><sym>Parking Area</sym><type>State Parks trailhead</type></wpt>
<wpt lat="37.97203" lon="-84.537668"><name>KFF-3786 · State Parks trailhead: Waveland Loop</name><desc>parking: no
0.0 mi from the matching POTA park GPS point
Nearby point (within 5 mi). It may be outside the area — e.g. Corps of Engineers or other land. Check the official map.</desc><sym>Parking Area</sym><type>State Parks trailhead</type></wpt>
<wpt lat="37.971717" lon="-84.539264"><name>KFF-3786 · State Parks trailhead: Waveland Loop</name><desc>parking: no
0.1 mi from the matching POTA park GPS point
Nearby point (within 5 mi). It may be outside the area — e.g. Corps of Engineers or other land. Check the official map.</desc><sym>Parking Area</sym><type>State Parks trailhead</type></wpt>
<wpt lat="37.781544" lon="-83.691154"><name>KFF-6863 · State Parks trailhead: Hood'S Branch</name><desc>parking: yes
0.4 mi from the matching POTA park GPS point
Nearby point (within 5 mi). It may be outside the area — e.g. Corps of Engineers or other land. Check the official map.</desc><sym>Parking Area</sym><type>State Parks trailhead</type></wpt>
<wpt lat="37.782127" lon="-83.689375"><name>KFF-6863 · State Parks trailhead: Low Gap</name><desc>parking: yes
0.4 mi from the matching POTA park GPS point
Nearby point (within 5 mi). It may be outside the area — e.g. Corps of Engineers or other land. Check the official map.</desc><sym>Parking Area</sym><type>State Parks trailhead</type></wpt>
<wpt lat="37.776453" lon="-83.680986"><name>KFF-6863 · State Parks trailhead: Hemlock Lodge Access To Original</name><desc>parking: yes
0.4 mi from the matching POTA park GPS point
Nearby point (within 5 mi). It may be outside the area — e.g. Corps of Engineers or other land. Check the official map.</desc><sym>Parking Area</sym><type>State Parks trailhead</type></wpt>
<wpt lat="37.77552" lon="-83.678219"><name>KFF-6863 · State Parks trailhead: The Original</name><desc>parking: yes
0.6 mi from the matching POTA park GPS point
Nearby point (within 5 mi). It may be outside the area — e.g. Corps of Engineers or other land. Check the official map.</desc><sym>Parking Area</sym><type>State Parks trailhead</type></wpt>
<wpt lat="37.777401" lon="-83.677035"><name>KFF-6863 · State Parks trailhead: Lakeside</name><desc>parking: yes
0.6 mi from the matching POTA park GPS point
Nearby point (within 5 mi). It may be outside the area — e.g. Corps of Engineers or other land. Check the official map.</desc><sym>Parking Area</sym><type>State Parks trailhead</type></wpt>
<wpt lat="37.779851" lon="-83.673686"><name>KFF-6863 · State Parks trailhead: Henson'S Arch</name><desc>parking: yes
0.8 mi from the matching POTA park GPS point
Nearby point (within 5 mi). It may be outside the area — e.g. Corps of Engineers or other land. Check the official map.</desc><sym>Parking Area</sym><type>State Parks trailhead</type></wpt>
<wpt lat="37.782714" lon="-83.672955"><name>KFF-6863 · State Parks trailhead: Whittleton</name><desc>parking: no
0.9 mi from the matching POTA park GPS point
Nearby point (within 5 mi). It may be outside the area — e.g. Corps of Engineers or other land. Check the official map.</desc><sym>Parking Area</sym><type>State Parks trailhead</type></wpt>
<wpt lat="37.075119" lon="-87.667002"><name>KFF-6867 · State Parks trailhead: Indian Bluff</name><desc>parking: yes
0.3 mi from the matching POTA park GPS point
Nearby point (within 5 mi). It may be outside the area — e.g. Corps of Engineers or other land. Check the official map.</desc><sym>Parking Area</sym><type>State Parks trailhead</type></wpt>
<wpt lat="37.075009" lon="-87.666761"><name>KFF-6867 · State Parks trailhead: Clifty Creek</name><desc>parking: yes
0.3 mi from the matching POTA park GPS point
Nearby point (within 5 mi). It may be outside the area — e.g. Corps of Engineers or other land. Check the official map.</desc><sym>Parking Area</sym><type>State Parks trailhead</type></wpt>
<wpt lat="38.429434" lon="-83.992402"><name>KFF-6877 · State Parks trailhead: Buffalo Trace To Nature Center</name><desc>Trail: Buffalo Trace; parking: yes
0.0 mi from the matching POTA park GPS point
Nearby point (within 5 mi). It may be outside the area — e.g. Corps of Engineers or other land. Check the official map.</desc><sym>Parking Area</sym><type>State Parks trailhead</type></wpt>
<wpt lat="38.428681" lon="-83.993147"><name>KFF-6877 · State Parks trailhead: Savannah And Licking River</name><desc>Trail: Savannah; parking: yes
0.1 mi from the matching POTA park GPS point
Nearby point (within 5 mi). It may be outside the area — e.g. Corps of Engineers or other land. Check the official map.</desc><sym>Parking Area</sym><type>State Parks trailhead</type></wpt>
<wpt lat="38.431711" lon="-83.992981"><name>KFF-6877 · State Parks trailhead: Buffalo Trace</name><desc>parking: yes
0.2 mi from the matching POTA park GPS point
Nearby point (within 5 mi). It may be outside the area — e.g. Corps of Engineers or other land. Check the official map.</desc><sym>Parking Area</sym><type>State Parks trailhead</type></wpt>
<wpt lat="38.431685" lon="-83.994153"><name>KFF-6877 · State Parks trailhead: Licking River Trail</name><desc>Trail: Licking River; parking: yes
0.2 mi from the matching POTA park GPS point
Nearby point (within 5 mi). It may be outside the area — e.g. Corps of Engineers or other land. Check the official map.</desc><sym>Parking Area</sym><type>State Parks trailhead</type></wpt>
<wpt lat="38.426706" lon="-83.994495"><name>KFF-6877 · State Parks trailhead: Behind Campsite 23</name><desc>Trail: Heritage; parking: no
0.2 mi from the matching POTA park GPS point
Nearby point (within 5 mi). It may be outside the area — e.g. Corps of Engineers or other land. Check the official map.</desc><sym>Parking Area</sym><type>State Parks trailhead</type></wpt>
<wpt lat="38.425735" lon="-83.992419"><name>KFF-6877 · State Parks trailhead: Heritage</name><desc>parking: yes
0.2 mi from the matching POTA park GPS point
Nearby point (within 5 mi). It may be outside the area — e.g. Corps of Engineers or other land. Check the official map.</desc><sym>Parking Area</sym><type>State Parks trailhead</type></wpt>
<wpt lat="38.427488" lon="-83.997078"><name>KFF-6877 · State Parks trailhead: Boat Ramp</name><desc>Trail: Licking River; parking: yes
0.3 mi from the matching POTA park GPS point
Nearby point (within 5 mi). It may be outside the area — e.g. Corps of Engineers or other land. Check the official map.</desc><sym>Parking Area</sym><type>State Parks trailhead</type></wpt>
<wpt lat="38.434472" lon="-83.996694"><name>KFF-6877 · State Parks trailhead: Indian Run Trail</name><desc>Trail: Indian Run; parking: no
0.4 mi from the matching POTA park GPS point
Nearby point (within 5 mi). It may be outside the area — e.g. Corps of Engineers or other land. Check the official map.</desc><sym>Parking Area</sym><type>State Parks trailhead</type></wpt>
<wpt lat="38.420743" lon="-83.993561"><name>KFF-6877 · State Parks trailhead: Tanner'S Station</name><desc>Trail: Heritage; parking: yes
0.6 mi from the matching POTA park GPS point
Nearby point (within 5 mi). It may be outside the area — e.g. Corps of Engineers or other land. Check the official map.</desc><sym>Parking Area</sym><type>State Parks trailhead</type></wpt>
<wpt lat="37.80529033" lon="-83.65508786"><name>KFF-1286 · USFS site: Pinch-Em-Tight Parking Lot</name><desc>Trailhead, capacity 30
2.7 mi from the matching POTA park GPS point
Nearby point (within 5 mi). It may be outside the area — e.g. Corps of Engineers or other land. Check the official map.</desc><sym>Parking Area</sym><type>USFS site</type></wpt>
<wpt lat="37.81987565" lon="-83.68086648"><name>KFF-1286 · USFS site: Auxier Ridge Trailhead</name><desc>Trailhead, capacity 50
3.0 mi from the matching POTA park GPS point
Nearby point (within 5 mi). It may be outside the area — e.g. Corps of Engineers or other land. Check the official map.</desc><sym>Parking Area</sym><type>USFS site</type></wpt>
<wpt lat="37.82000624" lon="-83.66715662"><name>KFF-1286 · USFS site: Martins Fork Parking Lot</name><desc>Trailhead, capacity 20
3.2 mi from the matching POTA park GPS point
Nearby point (within 5 mi). It may be outside the area — e.g. Corps of Engineers or other land. Check the official map.</desc><sym>Parking Area</sym><type>USFS site</type></wpt>
<wpt lat="37.82304754" lon="-83.62814938"><name>KFF-1286 · USFS site: Stanton Sheltowee Parking Lot</name><desc>Trailhead, capacity 50
4.6 mi from the matching POTA park GPS point
Nearby point (within 5 mi). It may be outside the area — e.g. Corps of Engineers or other land. Check the official map.</desc><sym>Parking Area</sym><type>USFS site</type></wpt>
<wpt lat="37.80343181" lon="-83.61093962"><name>KFF-1286 · USFS site: Rough Trail Parking Lot</name><desc>Trailhead, capacity 60
4.6 mi from the matching POTA park GPS point
Nearby point (within 5 mi). It may be outside the area — e.g. Corps of Engineers or other land. Check the official map.</desc><sym>Parking Area</sym><type>USFS site</type></wpt>
<wpt lat="36.907071" lon="-84.448427"><name>KFF-3794 · USFS site: Three Forks Of Beaver</name><desc>Trailhead, capacity 25
0.9 mi from the matching POTA park GPS point
Nearby point (within 5 mi). It may be outside the area — e.g. Corps of Engineers or other land. Check the official map.</desc><sym>Parking Area</sym><type>USFS site</type></wpt>
<wpt lat="36.90890848" lon="-84.42302504"><name>KFF-3794 · USFS site: Swain Ridge</name><desc>Trailhead, capacity 35
1.3 mi from the matching POTA park GPS point
Nearby point (within 5 mi). It may be outside the area — e.g. Corps of Engineers or other land. Check the official map.</desc><sym>Parking Area</sym><type>USFS site</type></wpt>
<wpt lat="36.92165165" lon="-84.42911344"><name>KFF-3794 · USFS site: Bowman'S Ridge Trailhead</name><desc>Trailhead, capacity 18
1.8 mi from the matching POTA park GPS point
Nearby point (within 5 mi). It may be outside the area — e.g. Corps of Engineers or other land. Check the official map.</desc><sym>Parking Area</sym><type>USFS site</type></wpt>
<wpt lat="36.86467777" lon="-84.47439516"><name>KFF-3794 · USFS site: Middle Fork</name><desc>Trailhead, capacity 20
2.9 mi from the matching POTA park GPS point
Nearby point (within 5 mi). It may be outside the area — e.g. Corps of Engineers or other land. Check the official map.</desc><sym>Parking Area</sym><type>USFS site</type></wpt>
<wpt lat="37.81998736" lon="-83.575258"><name>KFF-3801 · USFS site: Osborne Bend Trailhead</name><desc>Trailhead, capacity 42
0.5 mi from the matching POTA park GPS point
Nearby point (within 5 mi). It may be outside the area — e.g. Corps of Engineers or other land. Check the official map.</desc><sym>Parking Area</sym><type>USFS site</type></wpt>
<wpt lat="37.80692906" lon="-83.59069927"><name>KFF-3801 · USFS site: Whistling Arch Parking Lot</name><desc>Trailhead, capacity 25
1.8 mi from the matching POTA park GPS point
Nearby point (within 5 mi). It may be outside the area — e.g. Corps of Engineers or other land. Check the official map.</desc><sym>Parking Area</sym><type>USFS site</type></wpt>
<wpt lat="37.80090403" lon="-83.58987312"><name>KFF-3801 · USFS site: Swift Camp/Rough Trail Parking Lot</name><desc>Trailhead, capacity 60
2.0 mi from the matching POTA park GPS point
Nearby point (within 5 mi). It may be outside the area — e.g. Corps of Engineers or other land. Check the official map.</desc><sym>Parking Area</sym><type>USFS site</type></wpt>
<wpt lat="37.798931" lon="-83.59138607"><name>KFF-3801 · USFS site: Angel Windows Parking Lot</name><desc>Trailhead, capacity 35
2.2 mi from the matching POTA park GPS point
Nearby point (within 5 mi). It may be outside the area — e.g. Corps of Engineers or other land. Check the official map.</desc><sym>Parking Area</sym><type>USFS site</type></wpt>
<wpt lat="37.83683117" lon="-83.60973282"><name>KFF-3801 · USFS site: Bison Way Parking Lot</name><desc>Trailhead, capacity 25
2.5 mi from the matching POTA park GPS point
Nearby point (within 5 mi). It may be outside the area — e.g. Corps of Engineers or other land. Check the official map.</desc><sym>Parking Area</sym><type>USFS site</type></wpt>
<wpt lat="37.79020955" lon="-83.59287041"><name>KFF-3801 · USFS site: Wildcat Parking Lot</name><desc>Trailhead, capacity 25
2.7 mi from the matching POTA park GPS point
Nearby point (within 5 mi). It may be outside the area — e.g. Corps of Engineers or other land. Check the official map.</desc><sym>Parking Area</sym><type>USFS site</type></wpt>
<wpt lat="37.80343181" lon="-83.61093962"><name>KFF-3801 · USFS site: Rough Trail Parking Lot</name><desc>Trailhead, capacity 60
2.8 mi from the matching POTA park GPS point
Nearby point (within 5 mi). It may be outside the area — e.g. Corps of Engineers or other land. Check the official map.</desc><sym>Parking Area</sym><type>USFS site</type></wpt>
<wpt lat="37.82304754" lon="-83.62814938"><name>KFF-3801 · USFS site: Stanton Sheltowee Parking Lot</name><desc>Trailhead, capacity 50
3.4 mi from the matching POTA park GPS point
Nearby point (within 5 mi). It may be outside the area — e.g. Corps of Engineers or other land. Check the official map.</desc><sym>Parking Area</sym><type>USFS site</type></wpt>
<wpt lat="37.77089711" lon="-83.56678467"><name>KFF-3801 · USFS site: Rock Bridge Rec. Area</name><desc>Trailhead, capacity 45
3.6 mi from the matching POTA park GPS point
Nearby point (within 5 mi). It may be outside the area — e.g. Corps of Engineers or other land. Check the official map.</desc><sym>Parking Area</sym><type>USFS site</type></wpt>
<wpt lat="37.88649253" lon="-83.59333158"><name>KFF-3801 · USFS site: Corner Ridge Trailhead</name><desc>Trailhead, capacity 15
4.6 mi from the matching POTA park GPS point
Nearby point (within 5 mi). It may be outside the area — e.g. Corps of Engineers or other land. Check the official map.</desc><sym>Parking Area</sym><type>USFS site</type></wpt>
<wpt lat="37.80529033" lon="-83.65508786"><name>KFF-6863 · USFS site: Pinch-Em-Tight Parking Lot</name><desc>Trailhead, capacity 30
2.7 mi from the matching POTA park GPS point
Nearby point (within 5 mi). It may be outside the area — e.g. Corps of Engineers or other land. Check the official map.</desc><sym>Parking Area</sym><type>USFS site</type></wpt>
<wpt lat="37.81987565" lon="-83.68086648"><name>KFF-6863 · USFS site: Auxier Ridge Trailhead</name><desc>Trailhead, capacity 50
3.0 mi from the matching POTA park GPS point
Nearby point (within 5 mi). It may be outside the area — e.g. Corps of Engineers or other land. Check the official map.</desc><sym>Parking Area</sym><type>USFS site</type></wpt>
<wpt lat="37.82000624" lon="-83.66715662"><name>KFF-6863 · USFS site: Martins Fork Parking Lot</name><desc>Trailhead, capacity 20
3.2 mi from the matching POTA park GPS point
Nearby point (within 5 mi). It may be outside the area — e.g. Corps of Engineers or other land. Check the official map.</desc><sym>Parking Area</sym><type>USFS site</type></wpt>
<wpt lat="37.82304754" lon="-83.62814938"><name>KFF-6863 · USFS site: Stanton Sheltowee Parking Lot</name><desc>Trailhead, capacity 50
4.6 mi from the matching POTA park GPS point
Nearby point (within 5 mi). It may be outside the area — e.g. Corps of Engineers or other land. Check the official map.</desc><sym>Parking Area</sym><type>USFS site</type></wpt>
<wpt lat="37.80343181" lon="-83.61093962"><name>KFF-6863 · USFS site: Rough Trail Parking Lot</name><desc>Trailhead, capacity 60
4.6 mi from the matching POTA park GPS point
Nearby point (within 5 mi). It may be outside the area — e.g. Corps of Engineers or other land. Check the official map.</desc><sym>Parking Area</sym><type>USFS site</type></wpt>
<wpt lat="36.99738457" lon="-84.28446083"><name>KFF-6873 · USFS site: Sheltowee Trace Nrt Trailhead, 192  1193</name><desc>Trailhead, capacity 25
3.8 mi from the matching POTA park GPS point
Nearby point (within 5 mi). It may be outside the area — e.g. Corps of Engineers or other land. Check the official map.</desc><sym>Parking Area</sym><type>USFS site</type></wpt>
<wpt lat="37.81998736" lon="-83.575258"><name>KFF-7268 · USFS site: Osborne Bend Trailhead</name><desc>Trailhead, capacity 42
0.0 mi from the matching POTA park GPS point
Nearby point (within 5 mi). It may be outside the area — e.g. Corps of Engineers or other land. Check the official map.</desc><sym>Parking Area</sym><type>USFS site</type></wpt>
<wpt lat="37.80692906" lon="-83.59069927"><name>KFF-7268 · USFS site: Whistling Arch Parking Lot</name><desc>Trailhead, capacity 25
1.2 mi from the matching POTA park GPS point
Nearby point (within 5 mi). It may be outside the area — e.g. Corps of Engineers or other land. Check the official map.</desc><sym>Parking Area</sym><type>USFS site</type></wpt>
<wpt lat="37.80090403" lon="-83.58987312"><name>KFF-7268 · USFS site: Swift Camp/Rough Trail Parking Lot</name><desc>Trailhead, capacity 60
1.5 mi from the matching POTA park GPS point
Nearby point (within 5 mi). It may be outside the area — e.g. Corps of Engineers or other land. Check the official map.</desc><sym>Parking Area</sym><type>USFS site</type></wpt>
<wpt lat="37.798931" lon="-83.59138607"><name>KFF-7268 · USFS site: Angel Windows Parking Lot</name><desc>Trailhead, capacity 35
1.7 mi from the matching POTA park GPS point
Nearby point (within 5 mi). It may be outside the area — e.g. Corps of Engineers or other land. Check the official map.</desc><sym>Parking Area</sym><type>USFS site</type></wpt>
<wpt lat="37.79020955" lon="-83.59287041"><name>KFF-7268 · USFS site: Wildcat Parking Lot</name><desc>Trailhead, capacity 25
2.3 mi from the matching POTA park GPS point
Nearby point (within 5 mi). It may be outside the area — e.g. Corps of Engineers or other land. Check the official map.</desc><sym>Parking Area</sym><type>USFS site</type></wpt>
<wpt lat="37.83683117" lon="-83.60973282"><name>KFF-7268 · USFS site: Bison Way Parking Lot</name><desc>Trailhead, capacity 25
2.3 mi from the matching POTA park GPS point
Nearby point (within 5 mi). It may be outside the area — e.g. Corps of Engineers or other land. Check the official map.</desc><sym>Parking Area</sym><type>USFS site</type></wpt>
<wpt lat="37.80343181" lon="-83.61093962"><name>KFF-7268 · USFS site: Rough Trail Parking Lot</name><desc>Trailhead, capacity 60
2.3 mi from the matching POTA park GPS point
Nearby point (within 5 mi). It may be outside the area — e.g. Corps of Engineers or other land. Check the official map.</desc><sym>Parking Area</sym><type>USFS site</type></wpt>
<wpt lat="37.82304754" lon="-83.62814938"><name>KFF-7268 · USFS site: Stanton Sheltowee Parking Lot</name><desc>Trailhead, capacity 50
2.9 mi from the matching POTA park GPS point
Nearby point (within 5 mi). It may be outside the area — e.g. Corps of Engineers or other land. Check the official map.</desc><sym>Parking Area</sym><type>USFS site</type></wpt>
<wpt lat="37.77089711" lon="-83.56678467"><name>KFF-7268 · USFS site: Rock Bridge Rec. Area</name><desc>Trailhead, capacity 45
3.4 mi from the matching POTA park GPS point
Nearby point (within 5 mi). It may be outside the area — e.g. Corps of Engineers or other land. Check the official map.</desc><sym>Parking Area</sym><type>USFS site</type></wpt>
<wpt lat="37.80529033" lon="-83.65508786"><name>KFF-7268 · USFS site: Pinch-Em-Tight Parking Lot</name><desc>Trailhead, capacity 30
4.5 mi from the matching POTA park GPS point
Nearby point (within 5 mi). It may be outside the area — e.g. Corps of Engineers or other land. Check the official map.</desc><sym>Parking Area</sym><type>USFS site</type></wpt>
<wpt lat="37.88649253" lon="-83.59333158"><name>KFF-7268 · USFS site: Corner Ridge Trailhead</name><desc>Trailhead, capacity 15
4.7 mi from the matching POTA park GPS point
Nearby point (within 5 mi). It may be outside the area — e.g. Corps of Engineers or other land. Check the official map.</desc><sym>Parking Area</sym><type>USFS site</type></wpt>
<wpt lat="36.99738457" lon="-84.28446083"><name>KFF-7270 · USFS site: Sheltowee Trace Nrt Trailhead, 192  1193</name><desc>Trailhead, capacity 25
0.1 mi from the matching POTA park GPS point
Nearby point (within 5 mi). It may be outside the area — e.g. Corps of Engineers or other land. Check the official map.</desc><sym>Parking Area</sym><type>USFS site</type></wpt>
<wpt lat="36.95840348" lon="-84.34562448"><name>KFF-7270 · USFS site: Scuttlehole Trailhead</name><desc>Trailhead, capacity 15
4.3 mi from the matching POTA park GPS point
Nearby point (within 5 mi). It may be outside the area — e.g. Corps of Engineers or other land. Check the official map.</desc><sym>Parking Area</sym><type>USFS site</type></wpt>
<wpt lat="36.87952691" lon="-88.34440353"><name>KFF-0295 · KDFWR entrance: Clarks River National Wildlife Refuge</name><desc>Official entrance
13.6 mi from the matching POTA park GPS point</desc><sym>Parking Area</sym><type>KDFWR entrance</type></wpt>
<wpt lat="37.4258129" lon="-82.41323959"><name>KFF-1255 · KDFWR entrance: Fishtrap Lake WMA</name><desc>Official entrance
3.5 mi from the matching POTA park GPS point</desc><sym>Parking Area</sym><type>KDFWR entrance</type></wpt>
<wpt lat="37.27642002" lon="-85.33878869"><name>KFF-1259 · KDFWR entrance: Green River Lake State Park</name><desc>Official entrance
1.2 mi from the matching POTA park GPS point</desc><sym>Parking Area</sym><type>KDFWR entrance</type></wpt>
<wpt lat="38.71967809" lon="-84.30045047"><name>KFF-1261 · KDFWR entrance: Kincaid Lake State Park</name><desc>Official entrance
1.1 mi from the matching POTA park GPS point</desc><sym>Parking Area</sym><type>KDFWR entrance</type></wpt>
<wpt lat="38.09639108" lon="-82.68224061"><name>KFF-1272 · KDFWR entrance: Yatesville Lake State Park and Lawrence County Recreation Area</name><desc>Official entrance
0.0 mi from the matching POTA park GPS point</desc><sym>Parking Area</sym><type>KDFWR entrance</type></wpt>
<wpt lat="36.66647903" lon="-85.30034027"><name>KFF-1278 · KDFWR entrance: Dale Hollow Lake State Resort Park </name><desc>Official entrance
1.6 mi from the matching POTA park GPS point</desc><sym>Parking Area</sym><type>KDFWR entrance</type></wpt>
<wpt lat="38.48109887" lon="-82.87405405"><name>KFF-1280 · KDFWR entrance: Greenbo Lake State Resort Park</name><desc>Official entrance
0.1 mi from the matching POTA park GPS point</desc><sym>Parking Area</sym><type>KDFWR entrance</type></wpt>
<wpt lat="37.70099907" lon="-82.73481714"><name>KFF-1281 · KDFWR entrance: Jenny Wiley State Resort Park</name><desc>Official entrance
0.6 mi from the matching POTA park GPS point</desc><sym>Parking Area</sym><type>KDFWR entrance</type></wpt>
<wpt lat="36.7702539" lon="-88.13678168"><name>KFF-1282 · KDFWR entrance: Kenlake State Resort Park</name><desc>Official entrance
0.7 mi from the matching POTA park GPS point</desc><sym>Parking Area</sym><type>KDFWR entrance</type></wpt>
<wpt lat="36.88675726" lon="-88.08749684"><name>KFF-3792 · KDFWR entrance: Land Between the Lakes National Recreation Area</name><desc>Official entrance
7.6 mi from the matching POTA park GPS point</desc><sym>Parking Area</sym><type>KDFWR entrance</type></wpt>
<wpt lat="37.18212633" lon="-89.02707594"><name>KFF-3793 · KDFWR entrance: Ballard WMA</name><desc>Official entrance
0.5 mi from the matching POTA park GPS point</desc><sym>Parking Area</sym><type>KDFWR entrance</type></wpt>
<wpt lat="36.88889808" lon="-84.49403162"><name>KFF-3794 · KDFWR entrance: Beaver Creek WMA</name><desc>Official entrance
3.0 mi from the matching POTA park GPS point</desc><sym>Parking Area</sym><type>KDFWR entrance</type></wpt>
<wpt lat="36.55772885" lon="-88.13260745"><name>KFF-3795 · KDFWR entrance: Beechy Creek WMA</name><desc>Official entrance
0.2 mi from the matching POTA park GPS point</desc><sym>Parking Area</sym><type>KDFWR entrance</type></wpt>
<wpt lat="37.54543957" lon="-88.02865374"><name>KFF-3796 · KDFWR entrance: Big Rivers WMA and State Forest</name><desc>Official entrance
3.0 mi from the matching POTA park GPS point</desc><sym>Parking Area</sym><type>KDFWR entrance</type></wpt>
<wpt lat="37.00954718" lon="-89.12183655"><name>KFF-3797 · KDFWR entrance: Boatwright WMA</name><desc>Official entrance
6.7 mi from the matching POTA park GPS point</desc><sym>Parking Area</sym><type>KDFWR entrance</type></wpt>
<wpt lat="37.10693713" lon="-84.40972204"><name>KFF-3798 · KDFWR entrance: Buck Creek WMA</name><desc>Official entrance
0.0 mi from the matching POTA park GPS point</desc><sym>Parking Area</sym><type>KDFWR entrance</type></wpt>
<wpt lat="37.16866757" lon="-83.70812125"><name>KFF-3799 · KDFWR entrance: Burchell-Beech Creek WMA</name><desc>Official entrance
0.0 mi from the matching POTA park GPS point</desc><sym>Parking Area</sym><type>KDFWR entrance</type></wpt>
<wpt lat="37.45636404" lon="-84.54990923"><name>KFF-3800 · KDFWR entrance: Cedar Creek Lake WMA</name><desc>Official entrance
1.4 mi from the matching POTA park GPS point</desc><sym>Parking Area</sym><type>KDFWR entrance</type></wpt>
<wpt lat="36.911281" lon="-89.02354545"><name>KFF-3803 · KDFWR entrance: Coil Estate WMA</name><desc>Official entrance
0.1 mi from the matching POTA park GPS point</desc><sym>Parking Area</sym><type>KDFWR entrance</type></wpt>
<wpt lat="36.7562941" lon="-83.19716913"><name>KFF-3804 · KDFWR entrance: Cranks Creek WMA</name><desc>Official entrance
0.1 mi from the matching POTA park GPS point</desc><sym>Parking Area</sym><type>KDFWR entrance</type></wpt>
<wpt lat="38.77310131" lon="-84.60130602"><name>KFF-3805 · KDFWR entrance: Curtis Gates Lloyd WMA</name><desc>Official entrance
0.7 mi from the matching POTA park GPS point</desc><sym>Parking Area</sym><type>KDFWR entrance</type></wpt>
<wpt lat="37.26586513" lon="-85.15066734"><name>KFF-3806 · KDFWR entrance: Dennis-Gray WMA</name><desc>Official entrance
0.1 mi from the matching POTA park GPS point</desc><sym>Parking Area</sym><type>KDFWR entrance</type></wpt>
<wpt lat="37.4922702" lon="-84.50100346"><name>KFF-3807 · KDFWR entrance: Dix River WMA</name><desc>Official entrance
0.0 mi from the matching POTA park GPS point</desc><sym>Parking Area</sym><type>KDFWR entrance</type></wpt>
<wpt lat="36.80145786" lon="-89.09329074"><name>KFF-3808 · KDFWR entrance: Doug Travis WMA</name><desc>Official entrance
0.5 mi from the matching POTA park GPS point</desc><sym>Parking Area</sym><type>KDFWR entrance</type></wpt>
<wpt lat="38.39446977" lon="-84.72841218"><name>KFF-3809 · KDFWR entrance: Dr. James R. Rich WMA</name><desc>Official entrance
0.0 mi from the matching POTA park GPS point</desc><sym>Parking Area</sym><type>KDFWR entrance</type></wpt>
<wpt lat="38.92097747" lon="-84.74680464"><name>KFF-3810 · KDFWR entrance: Dr. Norman and Martha Adair WMA</name><desc>Official entrance
0.0 mi from the matching POTA park GPS point</desc><sym>Parking Area</sym><type>KDFWR entrance</type></wpt>
<wpt lat="38.12901138" lon="-83.18958512"><name>KFF-3811 · KDFWR entrance: Ed Mabry - Laurel Gorge WMA</name><desc>Official entrance
0.2 mi from the matching POTA park GPS point</desc><sym>Parking Area</sym><type>KDFWR entrance</type></wpt>
<wpt lat="38.43382742" lon="-83.63287427"><name>KFF-3812 · KDFWR entrance: Fleming WMA</name><desc>Official entrance
0.1 mi from the matching POTA park GPS point</desc><sym>Parking Area</sym><type>KDFWR entrance</type></wpt>
<wpt lat="38.3345736" lon="-84.35480303"><name>KFF-3813 · KDFWR entrance: Griffith Woods WMA</name><desc>Official entrance
0.2 mi from the matching POTA park GPS point</desc><sym>Parking Area</sym><type>KDFWR entrance</type></wpt>
<wpt lat="37.01654413" lon="-82.937318"><name>KFF-3814 · KDFWR entrance: Hensley-Pine Mountain WMA</name><desc>Official entrance
1.4 mi from the matching POTA park GPS point</desc><sym>Parking Area</sym><type>KDFWR entrance</type></wpt>
<wpt lat="37.6279793" lon="-87.82861655"><name>KFF-3815 · KDFWR entrance: Higginson-Henry WMA</name><desc>Official entrance
1.6 mi from the matching POTA park GPS point</desc><sym>Parking Area</sym><type>KDFWR entrance</type></wpt>
<wpt lat="38.35829136" lon="-84.78463261"><name>KFF-3816 · KDFWR entrance: John A. Kleber WMA</name><desc>Official entrance
0.0 mi from the matching POTA park GPS point</desc><sym>Parking Area</sym><type>KDFWR entrance</type></wpt>
<wpt lat="37.77575625" lon="-85.68425173"><name>KFF-3817 · KDFWR entrance: John C. Williams WMA</name><desc>Official entrance
0.0 mi from the matching POTA park GPS point</desc><sym>Parking Area</sym><type>KDFWR entrance</type></wpt>
<wpt lat="37.14970799" lon="-87.75992238"><name>KFF-3818 · KDFWR entrance: Jones-Keeney WMA</name><desc>Official entrance
0.0 mi from the matching POTA park GPS point</desc><sym>Parking Area</sym><type>KDFWR entrance</type></wpt>
<wpt lat="36.83822339" lon="-88.52705908"><name>KFF-3819 · KDFWR entrance: Kaler Bottoms WMA</name><desc>Official entrance
0.2 mi from the matching POTA park GPS point</desc><sym>Parking Area</sym><type>KDFWR entrance</type></wpt>
<wpt lat="38.40913815" lon="-84.89513644"><name>KFF-3820 · KDFWR entrance: Kentucky River WMA</name><desc>Official entrance
1.7 mi from the matching POTA park GPS point</desc><sym>Parking Area</sym><type>KDFWR entrance</type></wpt>
<wpt lat="37.55028501" lon="-86.7126055"><name>KFF-3821 · KDFWR entrance: L. B. Davison WMA</name><desc>Official entrance
0.0 mi from the matching POTA park GPS point</desc><sym>Parking Area</sym><type>KDFWR entrance</type></wpt>
<wpt lat="37.50150406" lon="-87.68641339"><name>KFF-3822 · KDFWR entrance: Lee K. Nelson WMA</name><desc>Official entrance
0.0 mi from the matching POTA park GPS point</desc><sym>Parking Area</sym><type>KDFWR entrance</type></wpt>
<wpt lat="37.33616699" lon="-88.41726558"><name>KFF-3823 · KDFWR entrance: Livingston County WMA and State Natural Area</name><desc>Official entrance
1.5 mi from the matching POTA park GPS point</desc><sym>Parking Area</sym><type>KDFWR entrance</type></wpt>
<wpt lat="37.54809744" lon="-85.1209389"><name>KFF-3824 · KDFWR entrance: Marion County WMA and State Forest</name><desc>Official entrance
0.9 mi from the matching POTA park GPS point</desc><sym>Parking Area</sym><type>KDFWR entrance</type></wpt>
<wpt lat="37.63449174" lon="-84.20066658"><name>KFF-3825 · KDFWR entrance: Miller Welch-Central Kentucky WMA</name><desc>Official entrance
0.0 mi from the matching POTA park GPS point</desc><sym>Parking Area</sym><type>KDFWR entrance</type></wpt>
<wpt lat="38.81360865" lon="-84.60821099"><name>KFF-3826 · KDFWR entrance: Mullins WMA</name><desc>Official entrance
0.7 mi from the matching POTA park GPS point</desc><sym>Parking Area</sym><type>KDFWR entrance</type></wpt>
<wpt lat="36.63167682" lon="-89.12648173"><name>KFF-3827 · KDFWR entrance: Obion Creek WMA</name><desc>Official entrance
0.1 mi from the matching POTA park GPS point</desc><sym>Parking Area</sym><type>KDFWR entrance</type></wpt>
<wpt lat="37.2799571" lon="-86.90344385"><name>KFF-3828 · KDFWR entrance: Peabody WMA</name><desc>Official entrance
0.7 mi from the matching POTA park GPS point</desc><sym>Parking Area</sym><type>KDFWR entrance</type></wpt>
<wpt lat="37.16426701" lon="-85.07133521"><name>KFF-3829 · KDFWR entrance: R. F. Tarter WMA</name><desc>Official entrance
0.0 mi from the matching POTA park GPS point</desc><sym>Parking Area</sym><type>KDFWR entrance</type></wpt>
<wpt lat="37.86088652" lon="-87.77931044"><name>KFF-3830 · KDFWR entrance: Sloughs WMA</name><desc>Official entrance
0.5 mi from the matching POTA park GPS point</desc><sym>Parking Area</sym><type>KDFWR entrance</type></wpt>
<wpt lat="38.73418657" lon="-82.93599492"><name>KFF-3831 · KDFWR entrance: South Shore WMA</name><desc>Official entrance
0.0 mi from the matching POTA park GPS point</desc><sym>Parking Area</sym><type>KDFWR entrance</type></wpt>
<wpt lat="36.76138048" lon="-83.13831403"><name>KFF-3832 · KDFWR entrance: Stone Mountain WMA and State Natural Area</name><desc>Official entrance
0.5 mi from the matching POTA park GPS point</desc><sym>Parking Area</sym><type>KDFWR entrance</type></wpt>
<wpt lat="38.28016664" lon="-84.83078346"><name>KFF-3833 · KDFWR entrance: T. N. Sullivan WMA</name><desc>Official entrance
0.4 mi from the matching POTA park GPS point</desc><sym>Parking Area</sym><type>KDFWR entrance</type></wpt>
<wpt lat="37.14695719" lon="-87.67137692"><name>KFF-3834 · KDFWR entrance: Tradewater WMA</name><desc>Official entrance
0.3 mi from the matching POTA park GPS point</desc><sym>Parking Area</sym><type>KDFWR entrance</type></wpt>
<wpt lat="38.57483739" lon="-85.0328347"><name>KFF-3835 · KDFWR entrance: Twin Eagle WMA</name><desc>Official entrance
0.1 mi from the matching POTA park GPS point</desc><sym>Parking Area</sym><type>KDFWR entrance</type></wpt>
<wpt lat="38.30380822" lon="-84.55695833"><name>KFF-3836 · KDFWR entrance: Veterans Memorial WMA</name><desc>Official entrance
0.0 mi from the matching POTA park GPS point</desc><sym>Parking Area</sym><type>KDFWR entrance</type></wpt>
<wpt lat="37.13324435" lon="-88.81393813"><name>KFF-3837 · KDFWR entrance: West Kentucky WMA</name><desc>Official entrance
1.0 mi from the matching POTA park GPS point</desc><sym>Parking Area</sym><type>KDFWR entrance</type></wpt>
<wpt lat="36.92722468" lon="-89.06009492"><name>KFF-3838 · KDFWR entrance: Winford WMA</name><desc>Official entrance
0.0 mi from the matching POTA park GPS point</desc><sym>Parking Area</sym><type>KDFWR entrance</type></wpt>
<wpt lat="38.1080632" lon="-82.74611739"><name>KFF-3839 · KDFWR entrance: Yatesville Lake WMA</name><desc>Official entrance
1.8 mi from the matching POTA park GPS point</desc><sym>Parking Area</sym><type>KDFWR entrance</type></wpt>
<wpt lat="37.99381741" lon="-84.21368651"><name>KFF-4511 · KDFWR entrance: Daniel Boone National Forest</name><desc>Official entrance
41.5 mi from the matching POTA park GPS point</desc><sym>Parking Area</sym><type>KDFWR entrance</type></wpt>
<wpt lat="37.87609115" lon="-87.47666171"><name>KFF-6864 · KDFWR entrance: Green River State Forest</name><desc>Official entrance
0.0 mi from the matching POTA park GPS point</desc><sym>Parking Area</sym><type>KDFWR entrance</type></wpt>
<wpt lat="36.92444114" lon="-83.22687745"><name>KFF-6865 · KDFWR entrance: Kentenia State Forest</name><desc>Official entrance
0.6 mi from the matching POTA park GPS point</desc><sym>Parking Area</sym><type>KDFWR entrance</type></wpt>
<wpt lat="36.67648717" lon="-83.85264222"><name>KFF-6866 · KDFWR entrance: Kentucky Ridge State Forest</name><desc>Official entrance
1.8 mi from the matching POTA park GPS point</desc><sym>Parking Area</sym><type>KDFWR entrance</type></wpt>
<wpt lat="37.05784782" lon="-87.65369034"><name>KFF-6867 · KDFWR entrance: Pennyrile State Forest</name><desc>Official entrance
1.3 mi from the matching POTA park GPS point</desc><sym>Parking Area</sym><type>KDFWR entrance</type></wpt>
<wpt lat="38.38607856" lon="-83.15651656"><name>KFF-6869 · KDFWR entrance: Tygarts State Forest</name><desc>Official entrance
0.4 mi from the matching POTA park GPS point</desc><sym>Parking Area</sym><type>KDFWR entrance</type></wpt>
<wpt lat="37.89027854" lon="-85.69610133"><name>KFF-6889 · KDFWR entrance: Knobs State Forest and WMA</name><desc>Official entrance
1.4 mi from the matching POTA park GPS point</desc><sym>Parking Area</sym><type>KDFWR entrance</type></wpt>
<wpt lat="36.99752256" lon="-84.28476177"><name>KFF-7270 · KDFWR entrance: Cane Creek WMA</name><desc>Official entrance
0.0 mi from the matching POTA park GPS point</desc><sym>Parking Area</sym><type>KDFWR entrance</type></wpt>
<wpt lat="37.70153132" lon="-82.64570093"><name>KFF-7272 · KDFWR entrance: Dewey Lake WMA</name><desc>Official entrance
5.1 mi from the matching POTA park GPS point</desc><sym>Parking Area</sym><type>KDFWR entrance</type></wpt>
<wpt lat="37.14008467" lon="-88.37013035"><name>KFF-7366 · KDFWR entrance: Ferguson Creek WMA</name><desc>Official entrance
1.4 mi from the matching POTA park GPS point</desc><sym>Parking Area</sym><type>KDFWR entrance</type></wpt>
<wpt lat="37.21861192" lon="-86.52843789"><name>KFF-7367 · KDFWR entrance: Gabbard Branch WMA</name><desc>Official entrance
0.0 mi from the matching POTA park GPS point</desc><sym>Parking Area</sym><type>KDFWR entrance</type></wpt>
<wpt lat="37.31829523" lon="-87.36964354"><name>KFF-7368 · KDFWR entrance: Harris-Dickerson WMA</name><desc>Official entrance
0.5 mi from the matching POTA park GPS point</desc><sym>Parking Area</sym><type>KDFWR entrance</type></wpt>
<wpt lat="36.77243809" lon="-83.7707801"><name>KFF-7370 · KDFWR entrance: Kentucky Ridge Forest WMA</name><desc>Official entrance
0.0 mi from the matching POTA park GPS point</desc><sym>Parking Area</sym><type>KDFWR entrance</type></wpt>
<wpt lat="36.84787132" lon="-85.607904"><name>KFF-7371 · KDFWR entrance: Marrowbone State Forest and WMA</name><desc>Official entrance
1.3 mi from the matching POTA park GPS point</desc><sym>Parking Area</sym><type>KDFWR entrance</type></wpt>
<wpt lat="36.60795216611614" lon="-83.67475066159535"><name>KFF-0019 · NPS parking lot: NPS parking lot</name><desc>CUGA official lot
0.3 mi from the matching POTA park GPS point</desc><sym>Parking Area</sym><type>NPS parking lot</type></wpt>
<wpt lat="36.60844467367917" lon="-83.67417143738788"><name>KFF-0019 · NPS parking lot: NPS parking lot</name><desc>CUGA official lot
0.3 mi from the matching POTA park GPS point</desc><sym>Parking Area</sym><type>NPS parking lot</type></wpt>
<wpt lat="36.60097780341602" lon="-83.66939998932533"><name>KFF-0019 · NPS parking lot: NPS parking lot</name><desc>CUGA official lot
0.3 mi from the matching POTA park GPS point</desc><sym>Parking Area</sym><type>NPS parking lot</type></wpt>
<wpt lat="36.60656009524093" lon="-83.66714869431911"><name>KFF-0019 · NPS parking lot: NPS parking lot</name><desc>CUGA official lot
0.4 mi from the matching POTA park GPS point</desc><sym>Parking Area</sym><type>NPS parking lot</type></wpt>
<wpt lat="36.609649078709516" lon="-83.67141241366245"><name>KFF-0019 · NPS parking lot: NPS parking lot</name><desc>CUGA official lot
0.4 mi from the matching POTA park GPS point</desc><sym>Parking Area</sym><type>NPS parking lot</type></wpt>
<wpt lat="36.609420574617324" lon="-83.67784443332165"><name>KFF-0019 · NPS parking lot: NPS parking lot</name><desc>CUGA official lot
0.4 mi from the matching POTA park GPS point</desc><sym>Parking Area</sym><type>NPS parking lot</type></wpt>
<wpt lat="36.601418395513484" lon="-83.66013701804447"><name>KFF-0019 · NPS parking lot: NPS parking lot</name><desc>CUGA official lot
0.8 mi from the matching POTA park GPS point</desc><sym>Parking Area</sym><type>NPS parking lot</type></wpt>
<wpt lat="36.59995324006572" lon="-83.69336516562328"><name>KFF-0019 · NPS parking lot: NPS parking lot</name><desc>CUGA official lot
1.1 mi from the matching POTA park GPS point</desc><sym>Parking Area</sym><type>NPS parking lot</type></wpt>
<wpt lat="36.60010100737056" lon="-83.69388245150687"><name>KFF-0019 · NPS parking lot: NPS parking lot</name><desc>CUGA official lot
1.1 mi from the matching POTA park GPS point</desc><sym>Parking Area</sym><type>NPS parking lot</type></wpt>
<wpt lat="36.60031547754322" lon="-83.69414451098997"><name>KFF-0019 · NPS parking lot: NPS parking lot</name><desc>CUGA official lot
1.1 mi from the matching POTA park GPS point</desc><sym>Parking Area</sym><type>NPS parking lot</type></wpt>
<wpt lat="36.5996521524921" lon="-83.69456993783584"><name>KFF-0019 · NPS parking lot: NPS parking lot</name><desc>CUGA official lot
1.2 mi from the matching POTA park GPS point</desc><sym>Parking Area</sym><type>NPS parking lot</type></wpt>
<wpt lat="36.59867386094348" lon="-83.6947238529662"><name>KFF-0019 · NPS parking lot: NPS parking lot</name><desc>CUGA official lot
1.2 mi from the matching POTA park GPS point</desc><sym>Parking Area</sym><type>NPS parking lot</type></wpt>
<wpt lat="36.59848385232005" lon="-83.69481871695945"><name>KFF-0019 · NPS parking lot: NPS parking lot</name><desc>CUGA official lot
1.2 mi from the matching POTA park GPS point</desc><sym>Parking Area</sym><type>NPS parking lot</type></wpt>
<wpt lat="36.60321785767834" lon="-83.69615500502036"><name>KFF-0019 · NPS parking lot: NPS parking lot</name><desc>CUGA official lot
1.2 mi from the matching POTA park GPS point</desc><sym>Parking Area</sym><type>NPS parking lot</type></wpt>
<wpt lat="36.60915309621308" lon="-83.63823427856427"><name>KFF-0019 · NPS parking lot: NPS parking lot</name><desc>CUGA official lot
2.0 mi from the matching POTA park GPS point</desc><sym>Parking Area</sym><type>NPS parking lot</type></wpt>
<wpt lat="36.60956001047479" lon="-83.63816963454269"><name>KFF-0019 · NPS parking lot: NPS parking lot</name><desc>CUGA official lot
2.0 mi from the matching POTA park GPS point</desc><sym>Parking Area</sym><type>NPS parking lot</type></wpt>
<wpt lat="36.60925180235271" lon="-83.63758472019106"><name>KFF-0019 · NPS parking lot: NPS parking lot</name><desc>CUGA official lot
2.1 mi from the matching POTA park GPS point</desc><sym>Parking Area</sym><type>NPS parking lot</type></wpt>
<wpt lat="36.609781952227635" lon="-83.63767871650715"><name>KFF-0019 · NPS parking lot: NPS parking lot</name><desc>CUGA official lot
2.1 mi from the matching POTA park GPS point</desc><sym>Parking Area</sym><type>NPS parking lot</type></wpt>
<wpt lat="36.63412121542807" lon="-83.67383038029313"><name>KFF-0019 · NPS parking lot: NPS parking lot</name><desc>CUGA official lot
2.1 mi from the matching POTA park GPS point</desc><sym>Parking Area</sym><type>NPS parking lot</type></wpt>
<wpt lat="36.60950507523432" lon="-83.63644836235945"><name>KFF-0019 · NPS parking lot: NPS parking lot</name><desc>CUGA official lot
2.1 mi from the matching POTA park GPS point</desc><sym>Parking Area</sym><type>NPS parking lot</type></wpt>
<wpt lat="36.60294623339389" lon="-83.6355950925453"><name>KFF-0019 · NPS parking lot: NPS parking lot</name><desc>CUGA official lot
2.1 mi from the matching POTA park GPS point</desc><sym>Parking Area</sym><type>NPS parking lot</type></wpt>
<wpt lat="36.6363140069723" lon="-83.6685974875079"><name>KFF-0019 · NPS parking lot: NPS parking lot</name><desc>CUGA official lot
2.3 mi from the matching POTA park GPS point</desc><sym>Parking Area</sym><type>NPS parking lot</type></wpt>
<wpt lat="36.60350733605542" lon="-83.63286835857288"><name>KFF-0019 · NPS parking lot: NPS parking lot</name><desc>CUGA official lot
2.3 mi from the matching POTA park GPS point</desc><sym>Parking Area</sym><type>NPS parking lot</type></wpt>
<wpt lat="36.636858138649686" lon="-83.66923831343244"><name>KFF-0019 · NPS parking lot: NPS parking lot</name><desc>CUGA official lot
2.3 mi from the matching POTA park GPS point</desc><sym>Parking Area</sym><type>NPS parking lot</type></wpt>
<wpt lat="36.604255030065204" lon="-83.6324801474284"><name>KFF-0019 · NPS parking lot: NPS parking lot</name><desc>CUGA official lot
2.3 mi from the matching POTA park GPS point</desc><sym>Parking Area</sym><type>NPS parking lot</type></wpt>
<wpt lat="36.603477782235366" lon="-83.63062808142176"><name>KFF-0019 · NPS parking lot: NPS parking lot</name><desc>CUGA official lot
2.4 mi from the matching POTA park GPS point</desc><sym>Parking Area</sym><type>NPS parking lot</type></wpt>
<wpt lat="36.60092467403515" lon="-83.62860521818519"><name>KFF-0019 · NPS parking lot: NPS parking lot</name><desc>CUGA official lot
2.5 mi from the matching POTA park GPS point</desc><sym>Parking Area</sym><type>NPS parking lot</type></wpt>
<wpt lat="37.18790621663175" lon="-86.10089997954553"><name>KFF-0050 · NPS parking lot: NPS parking lot</name><desc>MACA official lot
0.0 mi from the matching POTA park GPS point</desc><sym>Parking Area</sym><type>NPS parking lot</type></wpt>
<wpt lat="37.189023336907674" lon="-86.10198501471751"><name>KFF-0050 · NPS parking lot: NPS parking lot</name><desc>MACA official lot
0.1 mi from the matching POTA park GPS point</desc><sym>Parking Area</sym><type>NPS parking lot</type></wpt>
<wpt lat="37.18882382500187" lon="-86.10000684519744"><name>KFF-0050 · NPS parking lot: NPS parking lot</name><desc>MACA official lot
0.1 mi from the matching POTA park GPS point</desc><sym>Parking Area</sym><type>NPS parking lot</type></wpt>
<wpt lat="37.189137229849365" lon="-86.10196290232058"><name>KFF-0050 · NPS parking lot: NPS parking lot</name><desc>MACA official lot
0.1 mi from the matching POTA park GPS point</desc><sym>Parking Area</sym><type>NPS parking lot</type></wpt>
<wpt lat="37.18612470416409" lon="-86.1006161357402"><name>KFF-0050 · NPS parking lot: NPS parking lot</name><desc>MACA official lot
0.1 mi from the matching POTA park GPS point</desc><sym>Parking Area</sym><type>NPS parking lot</type></wpt>
<wpt lat="37.18556062021339" lon="-86.10187578387065"><name>KFF-0050 · NPS parking lot: NPS parking lot</name><desc>MACA official lot
0.2 mi from the matching POTA park GPS point</desc><sym>Parking Area</sym><type>NPS parking lot</type></wpt>
<wpt lat="37.1899438429372" lon="-86.10174233081823"><name>KFF-0050 · NPS parking lot: NPS parking lot</name><desc>MACA official lot
0.2 mi from the matching POTA park GPS point</desc><sym>Parking Area</sym><type>NPS parking lot</type></wpt>
<wpt lat="37.190154355828035" lon="-86.1017853378774"><name>KFF-0050 · NPS parking lot: NPS parking lot</name><desc>MACA official lot
0.2 mi from the matching POTA park GPS point</desc><sym>Parking Area</sym><type>NPS parking lot</type></wpt>
<wpt lat="37.18987284664928" lon="-86.10305868857262"><name>KFF-0050 · NPS parking lot: NPS parking lot</name><desc>MACA official lot
0.2 mi from the matching POTA park GPS point</desc><sym>Parking Area</sym><type>NPS parking lot</type></wpt>
<wpt lat="37.18556596028884" lon="-86.10350032454552"><name>KFF-0050 · NPS parking lot: NPS parking lot</name><desc>MACA official lot
0.2 mi from the matching POTA park GPS point</desc><sym>Parking Area</sym><type>NPS parking lot</type></wpt>
<wpt lat="37.18615269902922" lon="-86.10425359269405"><name>KFF-0050 · NPS parking lot: NPS parking lot</name><desc>MACA official lot
0.2 mi from the matching POTA park GPS point</desc><sym>Parking Area</sym><type>NPS parking lot</type></wpt>
<wpt lat="37.18602201051936" lon="-86.10427397945489"><name>KFF-0050 · NPS parking lot: NPS parking lot</name><desc>MACA official lot
0.2 mi from the matching POTA park GPS point</desc><sym>Parking Area</sym><type>NPS parking lot</type></wpt>
<wpt lat="37.190559038085276" lon="-86.10292046699605"><name>KFF-0050 · NPS parking lot: NPS parking lot</name><desc>MACA official lot
0.2 mi from the matching POTA park GPS point</desc><sym>Parking Area</sym><type>NPS parking lot</type></wpt>
<wpt lat="37.190674135161444" lon="-86.10316806253572"><name>KFF-0050 · NPS parking lot: NPS parking lot</name><desc>MACA official lot
0.2 mi from the matching POTA park GPS point</desc><sym>Parking Area</sym><type>NPS parking lot</type></wpt>
<wpt lat="37.19108024528743" lon="-86.10227580760352"><name>KFF-0050 · NPS parking lot: NPS parking lot</name><desc>MACA official lot
0.2 mi from the matching POTA park GPS point</desc><sym>Parking Area</sym><type>NPS parking lot</type></wpt>
<wpt lat="37.191240590834106" lon="-86.10243746985267"><name>KFF-0050 · NPS parking lot: NPS parking lot</name><desc>MACA official lot
0.3 mi from the matching POTA park GPS point</desc><sym>Parking Area</sym><type>NPS parking lot</type></wpt>
<wpt lat="37.17967433421957" lon="-86.1115676994064"><name>KFF-0050 · NPS parking lot: NPS parking lot</name><desc>MACA official lot
0.8 mi from the matching POTA park GPS point</desc><sym>Parking Area</sym><type>NPS parking lot</type></wpt>
<wpt lat="37.1826378023577" lon="-86.08778972914929"><name>KFF-0050 · NPS parking lot: NPS parking lot</name><desc>MACA official lot
0.8 mi from the matching POTA park GPS point</desc><sym>Parking Area</sym><type>NPS parking lot</type></wpt>
<wpt lat="37.18111056694216" lon="-86.08642438974681"><name>KFF-0050 · NPS parking lot: NPS parking lot</name><desc>MACA official lot
0.9 mi from the matching POTA park GPS point</desc><sym>Parking Area</sym><type>NPS parking lot</type></wpt>
<wpt lat="37.18109027336885" lon="-86.08580129724308"><name>KFF-0050 · NPS parking lot: NPS parking lot</name><desc>MACA official lot
1.0 mi from the matching POTA park GPS point</desc><sym>Parking Area</sym><type>NPS parking lot</type></wpt>
<wpt lat="37.180680662918725" lon="-86.08588680376793"><name>KFF-0050 · NPS parking lot: NPS parking lot</name><desc>MACA official lot
1.0 mi from the matching POTA park GPS point</desc><sym>Parking Area</sym><type>NPS parking lot</type></wpt>
<wpt lat="37.18061410289911" lon="-86.08474452746563"><name>KFF-0050 · NPS parking lot: NPS parking lot</name><desc>MACA official lot
1.0 mi from the matching POTA park GPS point</desc><sym>Parking Area</sym><type>NPS parking lot</type></wpt>
<wpt lat="37.179892979679096" lon="-86.0850911303224"><name>KFF-0050 · NPS parking lot: NPS parking lot</name><desc>MACA official lot
1.0 mi from the matching POTA park GPS point</desc><sym>Parking Area</sym><type>NPS parking lot</type></wpt>
<wpt lat="37.18008936547692" lon="-86.08490974854409"><name>KFF-0050 · NPS parking lot: NPS parking lot</name><desc>MACA official lot
1.0 mi from the matching POTA park GPS point</desc><sym>Parking Area</sym><type>NPS parking lot</type></wpt>
<wpt lat="37.16362194451926" lon="-86.09302150288325"><name>KFF-0050 · NPS parking lot: NPS parking lot</name><desc>MACA official lot
1.7 mi from the matching POTA park GPS point</desc><sym>Parking Area</sym><type>NPS parking lot</type></wpt>
<wpt lat="37.16830805468714" lon="-86.0792381234019"><name>KFF-0050 · NPS parking lot: NPS parking lot</name><desc>MACA official lot
1.8 mi from the matching POTA park GPS point</desc><sym>Parking Area</sym><type>NPS parking lot</type></wpt>
<wpt lat="37.205692215521694" lon="-86.13896902578017"><name>KFF-0050 · NPS parking lot: NPS parking lot</name><desc>MACA official lot
2.4 mi from the matching POTA park GPS point</desc><sym>Parking Area</sym><type>NPS parking lot</type></wpt>
<wpt lat="37.15116503924589" lon="-86.09807700269435"><name>KFF-0050 · NPS parking lot: NPS parking lot</name><desc>MACA official lot
2.5 mi from the matching POTA park GPS point</desc><sym>Parking Area</sym><type>NPS parking lot</type></wpt>
<wpt lat="37.16233322290146" lon="-86.1586676755375"><name>KFF-0050 · NPS parking lot: NPS parking lot</name><desc>MACA official lot
3.6 mi from the matching POTA park GPS point</desc><sym>Parking Area</sym><type>NPS parking lot</type></wpt>
<wpt lat="37.15262336046478" lon="-86.04763663628049"><name>KFF-0050 · NPS parking lot: NPS parking lot</name><desc>MACA official lot
3.8 mi from the matching POTA park GPS point</desc><sym>Parking Area</sym><type>NPS parking lot</type></wpt>
<wpt lat="37.155687644536535" lon="-86.16038631367486"><name>KFF-0050 · NPS parking lot: NPS parking lot</name><desc>MACA official lot
3.9 mi from the matching POTA park GPS point</desc><sym>Parking Area</sym><type>NPS parking lot</type></wpt>
<wpt lat="37.13501122013065" lon="-86.07055259028087"><name>KFF-0050 · NPS parking lot: NPS parking lot</name><desc>MACA official lot
4.0 mi from the matching POTA park GPS point</desc><sym>Parking Area</sym><type>NPS parking lot</type></wpt>
<wpt lat="37.10415934343544" lon="-86.05825023711957"><name>KFF-0050 · NPS parking lot: NPS parking lot</name><desc>MACA official lot
6.2 mi from the matching POTA park GPS point</desc><sym>Parking Area</sym><type>NPS parking lot</type></wpt>
<wpt lat="37.247115116251614" lon="-86.19264823818655"><name>KFF-0050 · NPS parking lot: NPS parking lot</name><desc>MACA official lot
6.5 mi from the matching POTA park GPS point</desc><sym>Parking Area</sym><type>NPS parking lot</type></wpt>
<wpt lat="37.20190927071665" lon="-86.23700828402364"><name>KFF-0050 · NPS parking lot: NPS parking lot</name><desc>MACA official lot
7.5 mi from the matching POTA park GPS point</desc><sym>Parking Area</sym><type>NPS parking lot</type></wpt>
<wpt lat="37.20178876794095" lon="-86.23711294392723"><name>KFF-0050 · NPS parking lot: NPS parking lot</name><desc>MACA official lot
7.5 mi from the matching POTA park GPS point</desc><sym>Parking Area</sym><type>NPS parking lot</type></wpt>
<wpt lat="37.61125670611904" lon="-85.63780883611072"><name>KFF-0724 · NPS parking lot: NPS parking lot</name><desc>ABLI official lot
0.0 mi from the matching POTA park GPS point</desc><sym>Parking Area</sym><type>NPS parking lot</type></wpt>
<wpt lat="37.5331344475321" lon="-85.73187554561999"><name>KFF-0724 · NPS parking lot: NPS parking lot</name><desc>ABLI official lot
7.5 mi from the matching POTA park GPS point</desc><sym>Parking Area</sym><type>NPS parking lot</type></wpt>
<wpt lat="37.5303235788329" lon="-85.73462140878097"><name>KFF-0724 · NPS parking lot: NPS parking lot</name><desc>ABLI official lot
7.7 mi from the matching POTA park GPS point</desc><sym>Parking Area</sym><type>NPS parking lot</type></wpt>
<wpt lat="37.530353494148734" lon="-85.73468110043264"><name>KFF-0724 · NPS parking lot: NPS parking lot</name><desc>ABLI official lot
7.7 mi from the matching POTA park GPS point</desc><sym>Parking Area</sym><type>NPS parking lot</type></wpt>
<wpt lat="37.53063650110916" lon="-85.73557540688829"><name>KFF-0724 · NPS parking lot: NPS parking lot</name><desc>ABLI official lot
7.8 mi from the matching POTA park GPS point</desc><sym>Parking Area</sym><type>NPS parking lot</type></wpt>
<wpt lat="37.530459623207136" lon="-85.7359650240526"><name>KFF-0724 · NPS parking lot: NPS parking lot</name><desc>ABLI official lot
7.8 mi from the matching POTA park GPS point</desc><sym>Parking Area</sym><type>NPS parking lot</type></wpt>
<wpt lat="37.797179632582804" lon="-84.60126964193239"><name>KFF-4708 · NPS parking lot: NPS parking lot</name><desc>CANE official lot
0.0 mi from the matching POTA park GPS point</desc><sym>Parking Area</sym><type>NPS parking lot</type></wpt>
<wpt lat="37.797589986405974" lon="-84.60122079608139"><name>KFF-4708 · NPS parking lot: NPS parking lot</name><desc>CANE official lot
0.0 mi from the matching POTA park GPS point</desc><sym>Parking Area</sym><type>NPS parking lot</type></wpt>
<wpt lat="38.377363" lon="-83.122781"><name>KFF-1276 · Preserve page location: Carter Caves (Bat Cave / Cascade Caverns)</name><desc>Location listed on the official preserve page — Parking - abundant
0.4 mi from the matching POTA park GPS point</desc><sym>Parking Area</sym><type>Preserve page location</type></wpt>
<wpt lat="37.335783" lon="-88.4194387"><name>KFF-3823 · Preserve page location: Livingston County (Bissell Bluff)</name><desc>Location listed on the official preserve page — Parking areas are located off KY Highway 1436 and Good Hope Cemetery road off of KY highway 1433.
1.5 mi from the matching POTA park GPS point</desc><sym>Parking Area</sym><type>Preserve page location</type></wpt>
<wpt lat="36.69812" lon="-84.714932"><name>KFF-6870 · Preserve page location: Little South Fork SNA (Burnett Branch)</name><desc>Location listed on the official preserve page
0.0 mi from the matching POTA park GPS point</desc><sym>Parking Area</sym><type>Preserve page location</type></wpt>
<wpt lat="36.697308" lon="-84.712721"><name>KFF-6870 · Preserve page location: Little South Fork SNA (Steele Hollow)</name><desc>Location listed on the official preserve page — parking is just up the hill (after metal bridge over Little South Fork)
0.1 mi from the matching POTA park GPS point</desc><sym>Parking Area</sym><type>Preserve page location</type></wpt>
<wpt lat="37.1071" lon="-84.2369"><name>KFF-6872 · Preserve page location: Sinking Creek SNA</name><desc>Location listed on the official preserve page — Open to the public via the Sheltowee Trace trail.
0.2 mi from the matching POTA park GPS point</desc><sym>Parking Area</sym><type>Preserve page location</type></wpt>
<wpt lat="37.03524" lon="-84.334924"><name>KFF-6873 · Preserve page location: William H. Martin SNA</name><desc>Location listed on the official preserve page
0.0 mi from the matching POTA park GPS point</desc><sym>Parking Area</sym><type>Preserve page location</type></wpt>
<wpt lat="37.0676" lon="-82.7719"><name>KFF-6875 · Preserve page location: Bad Branch</name><desc>Location listed on the official preserve page — Gravel parking area on left side of KY 932. There is parking for 10 vehilces or one bus available.
0.0 mi from the matching POTA park GPS point</desc><sym>Parking Area</sym><type>Preserve page location</type></wpt>
<wpt lat="36.85917" lon="-83.382129"><name>KFF-6876 · Preserve page location: Blanton Forest</name><desc>Location listed on the official preserve page — Parking - lot adjacent to Camp Blanton.
0.0 mi from the matching POTA park GPS point</desc><sym>Parking Area</sym><type>Preserve page location</type></wpt>
<wpt lat="36.8978271" lon="-85.981118"><name>KFF-6878 · Preserve page location: Brigadoon</name><desc>Location listed on the official preserve page — Parking - 10 cars
0.0 mi from the matching POTA park GPS point</desc><sym>Parking Area</sym><type>Preserve page location</type></wpt>
<wpt lat="36.9648889" lon="-83.109444"><name>KFF-6879 · Preserve page location: E. Lucy Braun</name><desc>Location listed on the official preserve page
0.0 mi from the matching POTA park GPS point</desc><sym>Parking Area</sym><type>Preserve page location</type></wpt>
<wpt lat="37.30642" lon="-85.719109"><name>KFF-6881 · Preserve page location: Green River SNA (Boiling Springs unit)</name><desc>Location listed on the official preserve page
11.0 mi from the matching POTA park GPS point</desc><sym>Parking Area</sym><type>Preserve page location</type></wpt>
<wpt lat="37.733243" lon="-85.707621"><name>KFF-6882 · Preserve page location: Hall Hill/Vernon-Douglas</name><desc>Location listed on the official preserve page — Drive 0.5 mile to the preserve and park in parking lot on left.
0.0 mi from the matching POTA park GPS point</desc><sym>Parking Area</sym><type>Preserve page location</type></wpt>
<wpt lat="38.54704" lon="-82.841535"><name>KFF-6884 · Preserve page location: Jesse Stuart</name><desc>Location listed on the official preserve page — Parking - six cars; one bus
0.0 mi from the matching POTA park GPS point</desc><sym>Parking Area</sym><type>Preserve page location</type></wpt>
<wpt lat="37.762458" lon="-84.617161"><name>KFF-6885 · Preserve page location: Kentucky River Palisades/Tom Dorman</name><desc>Location listed on the official preserve page — Parking - eight cars
0.0 mi from the matching POTA park GPS point</desc><sym>Parking Area</sym><type>Preserve page location</type></wpt>
<wpt lat="37.912063" lon="-83.94496"><name>KFF-6886 · Preserve page location: Pilot Knob</name><desc>Location listed on the official preserve page — Parking - seven or eight cars; one or two buses
0.0 mi from the matching POTA park GPS point</desc><sym>Parking Area</sym><type>Preserve page location</type></wpt>
<wpt lat="38.6411" lon="-83.5701"><name>KFF-7271 · Preserve page location: Crooked Creek</name><desc>Location listed on the official preserve page
0.1 mi from the matching POTA park GPS point</desc><sym>Parking Area</sym><type>Preserve page location</type></wpt>
<wpt lat="37.7849" lon="-82.83633"><name>KFF-1253 · State Parks trailhead: Jenny's Creek Trailhead</name><desc>Dawkins Line Rail Trail trailhead parking (Kentucky State Parks); check current trail alerts
0.0 mi from the matching POTA park GPS point</desc><sym>Parking Area</sym><type>State Parks trailhead</type></wpt>
<wpt lat="37.73781" lon="-82.9066"><name>KFF-1253 · State Parks trailhead: Swamp Branch Trailhead</name><desc>Dawkins Line Rail Trail trailhead parking (Kentucky State Parks); check current trail alerts
0.0 mi from the matching POTA park GPS point</desc><sym>Parking Area</sym><type>State Parks trailhead</type></wpt>
<wpt lat="37.6762" lon="-83.02173"><name>KFF-1253 · State Parks trailhead: Royalton Trailhead</name><desc>Dawkins Line Rail Trail trailhead parking (Kentucky State Parks); check current trail alerts
0.0 mi from the matching POTA park GPS point</desc><sym>Parking Area</sym><type>State Parks trailhead</type></wpt>
<wpt lat="37.68063" lon="-83.03163"><name>KFF-1253 · State Parks trailhead: Jane Beshear Trailhead</name><desc>Dawkins Line Rail Trail trailhead parking (Kentucky State Parks); check current trail alerts
0.0 mi from the matching POTA park GPS point</desc><sym>Parking Area</sym><type>State Parks trailhead</type></wpt>
<wpt lat="37.39013405" lon="-84.07271426"><name>KFF-4511 · USFS site: S-Tree Road Sheltowee Trace</name><desc>Trailhead, capacity 9
4.4 mi from the matching POTA park GPS point</desc><sym>Parking Area</sym><type>USFS site</type></wpt>
<wpt lat="37.14360869" lon="-83.58006022"><name>KFF-4511 · USFS site: Peabody Ohv Trailhead</name><desc>Trailhead, capacity 196
29.8 mi from the matching POTA park GPS point</desc><sym>Parking Area</sym><type>USFS site</type></wpt>
<wpt lat="37.80529033" lon="-83.65508786"><name>KFF-4511 · USFS site: Pinch-Em-Tight Parking Lot</name><desc>Trailhead, capacity 30
32.8 mi from the matching POTA park GPS point</desc><sym>Parking Area</sym><type>USFS site</type></wpt>
<wpt lat="37.81987565" lon="-83.68086648"><name>KFF-4511 · USFS site: Auxier Ridge Trailhead</name><desc>Trailhead, capacity 50
32.9 mi from the matching POTA park GPS point</desc><sym>Parking Area</sym><type>USFS site</type></wpt>
<wpt lat="36.99738457" lon="-84.28446083"><name>KFF-4511 · USFS site: Sheltowee Trace Nrt Trailhead, 192  1193</name><desc>Trailhead, capacity 25
32.9 mi from the matching POTA park GPS point</desc><sym>Parking Area</sym><type>USFS site</type></wpt>
<wpt lat="37.82000624" lon="-83.66715662"><name>KFF-4511 · USFS site: Martins Fork Parking Lot</name><desc>Trailhead, capacity 20
33.3 mi from the matching POTA park GPS point</desc><sym>Parking Area</sym><type>USFS site</type></wpt>
<wpt lat="37.77089711" lon="-83.56678467"><name>KFF-4511 · USFS site: Rock Bridge Rec. Area</name><desc>Trailhead, capacity 45
34.1 mi from the matching POTA park GPS point</desc><sym>Parking Area</sym><type>USFS site</type></wpt>
<wpt lat="37.79020955" lon="-83.59287041"><name>KFF-4511 · USFS site: Wildcat Parking Lot</name><desc>Trailhead, capacity 25
34.1 mi from the matching POTA park GPS point</desc><sym>Parking Area</sym><type>USFS site</type></wpt>
<wpt lat="37.80343181" lon="-83.61093962"><name>KFF-4511 · USFS site: Rough Trail Parking Lot</name><desc>Trailhead, capacity 60
34.2 mi from the matching POTA park GPS point</desc><sym>Parking Area</sym><type>USFS site</type></wpt>
<wpt lat="37.798931" lon="-83.59138607"><name>KFF-4511 · USFS site: Angel Windows Parking Lot</name><desc>Trailhead, capacity 35
34.6 mi from the matching POTA park GPS point</desc><sym>Parking Area</sym><type>USFS site</type></wpt>
<wpt lat="37.82304754" lon="-83.62814938"><name>KFF-4511 · USFS site: Stanton Sheltowee Parking Lot</name><desc>Trailhead, capacity 50
34.7 mi from the matching POTA park GPS point</desc><sym>Parking Area</sym><type>USFS site</type></wpt>
<wpt lat="37.12639657" lon="-83.48399937"><name>KFF-4511 · USFS site: Sugar Creek Ohv Trailhead</name><desc>Trailhead, capacity 28
34.8 mi from the matching POTA park GPS point</desc><sym>Parking Area</sym><type>USFS site</type></wpt>
<wpt lat="37.80090403" lon="-83.58987312"><name>KFF-4511 · USFS site: Swift Camp/Rough Trail Parking Lot</name><desc>Trailhead, capacity 60
34.8 mi from the matching POTA park GPS point</desc><sym>Parking Area</sym><type>USFS site</type></wpt>
<wpt lat="37.80692906" lon="-83.59069927"><name>KFF-4511 · USFS site: Whistling Arch Parking Lot</name><desc>Trailhead, capacity 25
35.1 mi from the matching POTA park GPS point</desc><sym>Parking Area</sym><type>USFS site</type></wpt>
<wpt lat="37.86061" lon="-83.67429"><name>KFF-4511 · USFS site: Indian Creek</name><desc>Trailhead, capacity 100
35.5 mi from the matching POTA park GPS point</desc><sym>Parking Area</sym><type>USFS site</type></wpt>
<wpt lat="37.83683117" lon="-83.60973282"><name>KFF-4511 · USFS site: Bison Way Parking Lot</name><desc>Trailhead, capacity 25
36.0 mi from the matching POTA park GPS point</desc><sym>Parking Area</sym><type>USFS site</type></wpt>
<wpt lat="37.81998736" lon="-83.575258"><name>KFF-4511 · USFS site: Osborne Bend Trailhead</name><desc>Trailhead, capacity 42
36.3 mi from the matching POTA park GPS point</desc><sym>Parking Area</sym><type>USFS site</type></wpt>
<wpt lat="36.95840348" lon="-84.34562448"><name>KFF-4511 · USFS site: Scuttlehole Trailhead</name><desc>Trailhead, capacity 15
36.9 mi from the matching POTA park GPS point</desc><sym>Parking Area</sym><type>USFS site</type></wpt>
<wpt lat="37.02263601" lon="-83.53310095"><name>KFF-4511 · USFS site: Bear Creek Ohv Trailhead</name><desc>Trailhead, capacity 35
37.4 mi from the matching POTA park GPS point</desc><sym>Parking Area</sym><type>USFS site</type></wpt>
<wpt lat="37.88649253" lon="-83.59333158"><name>KFF-4511 · USFS site: Corner Ridge Trailhead</name><desc>Trailhead, capacity 15
39.4 mi from the matching POTA park GPS point</desc><sym>Parking Area</sym><type>USFS site</type></wpt>
<wpt lat="36.92165165" lon="-84.42911344"><name>KFF-4511 · USFS site: Bowman'S Ridge Trailhead</name><desc>Trailhead, capacity 18
41.6 mi from the matching POTA park GPS point</desc><sym>Parking Area</sym><type>USFS site</type></wpt>
<wpt lat="36.90890848" lon="-84.42302504"><name>KFF-4511 · USFS site: Swain Ridge</name><desc>Trailhead, capacity 35
42.1 mi from the matching POTA park GPS point</desc><sym>Parking Area</sym><type>USFS site</type></wpt>
<wpt lat="36.907071" lon="-84.448427"><name>KFF-4511 · USFS site: Three Forks Of Beaver</name><desc>Trailhead, capacity 25
43.0 mi from the matching POTA park GPS point</desc><sym>Parking Area</sym><type>USFS site</type></wpt>
<wpt lat="36.86467777" lon="-84.47439516"><name>KFF-4511 · USFS site: Middle Fork</name><desc>Trailhead, capacity 20
46.2 mi from the matching POTA park GPS point</desc><sym>Parking Area</sym><type>USFS site</type></wpt>
<wpt lat="38.03035838" lon="-83.54936019"><name>KFF-4511 · USFS site: Glady Trailhead</name><desc>Trailhead, capacity 20
49.0 mi from the matching POTA park GPS point</desc><sym>Parking Area</sym><type>USFS site</type></wpt>
<wpt lat="36.840356" lon="-84.530831"><name>KFF-4511 · USFS site: Panoramic Trailhead</name><desc>Trailhead, capacity 25
49.4 mi from the matching POTA park GPS point</desc><sym>Parking Area</sym><type>USFS site</type></wpt>
<wpt lat="36.784947" lon="-84.481972"><name>KFF-4511 · USFS site: Hwy 27 Sheltowee Trace</name><desc>Trailhead, capacity 25
51.1 mi from the matching POTA park GPS point</desc><sym>Parking Area</sym><type>USFS site</type></wpt>
<wpt lat="36.77717" lon="-84.46841"><name>KFF-4511 · USFS site: Barren Fork Heritage Trail Trailhead</name><desc>Trailhead, capacity 64
51.2 mi from the matching POTA park GPS point</desc><sym>Parking Area</sym><type>USFS site</type></wpt>
<wpt lat="38.09301978" lon="-83.58178841"><name>KFF-4511 · USFS site: White Sulphur Ohv Trailhead</name><desc>Trailhead, capacity 40
52.0 mi from the matching POTA park GPS point</desc><sym>Parking Area</sym><type>USFS site</type></wpt>
<wpt lat="36.72809628" lon="-84.40372817"><name>KFF-4511 · USFS site: Laurel Creek</name><desc>Trailhead, capacity 10
52.5 mi from the matching POTA park GPS point</desc><sym>Parking Area</sym><type>USFS site</type></wpt>
<wpt lat="36.75852718" lon="-84.5031252"><name>KFF-4511 · USFS site: Sellers Ridge Ohv Trailhead</name><desc>Trailhead, capacity 11
53.3 mi from the matching POTA park GPS point</desc><sym>Parking Area</sym><type>USFS site</type></wpt>
<wpt lat="36.71518621" lon="-84.48148773"><name>KFF-4511 · USFS site: Lick Creek</name><desc>Trailhead, capacity 11
55.3 mi from the matching POTA park GPS point</desc><sym>Parking Area</sym><type>USFS site</type></wpt>
<wpt lat="38.38523916" lon="-83.41632573"><name>KFF-4511 · USFS site: Sheltowee Trace North Terminus</name><desc>Trailhead, capacity 15
74.1 mi from the matching POTA park GPS point</desc><sym>Parking Area</sym><type>USFS site</type></wpt>
</gpx>