<?xml version="1.0" encoding="UTF-8"?>
<kml xmlns="http://www.opengis.net/kml/2.2"><Document><name>KPC Kentucky WWFF (KFF) References</name>
<description>Kentucky Portable Club • Active Kentucky WWFF (KFF) references from WWFF Logsearch. Verify WWFF rules and boundaries before activating.</description>
<Style id="kff"><IconStyle><color>ff20a8e9</color><scale>1.1</scale><Icon><href>http://maps.google.com/mapfiles/kml/paddle/wht-blank.png</href></Icon></IconStyle></Style>
<Style id="acc_off"><IconStyle><color>ff1b4332</color><scale>0.8</scale><Icon><href>http://maps.google.com/mapfiles/kml/shapes/parking_lot.png</href></Icon></IconStyle></Style>
<Style id="acc_near"><IconStyle><color>ff9a9a9a</color><scale>0.7</scale><Icon><href>http://maps.google.com/mapfiles/kml/shapes/parking_lot.png</href></Icon></IconStyle></Style>
<Folder><name>KFF references</name>
<Placemark><name>KFF-0019 Cumberland Gap (KY)</name><styleUrl>#kff</styleUrl><description><![CDATA[Cumberland Gap (KY)<br>WWFF Logsearch: <a href="https://logsearch.wwff.co/directory/KFF-0019">https://logsearch.wwff.co/directory/KFF-0019</a><br>Matching POTA park: US-0019 Cumberland Gap National Historical Park — <a href="https://next.pota.app/park/US-0019">https://next.pota.app/park/US-0019</a><br>Official map: <a href="https://www.nps.gov/cuga/planyourvisit/upload/CUGAmap1-3.pdf">https://www.nps.gov/cuga/planyourvisit/upload/CUGAmap1-3.pdf</a><br>Website: <a href="https://www.nps.gov/cuga/index.htm">https://www.nps.gov/cuga/index.htm</a><br>Verify WWFF rules and boundaries before activating.]]></description><Point><coordinates>-83.67406,36.60383,0</coordinates></Point></Placemark>
<Placemark><name>KFF-0050 Mammoth Cave</name><styleUrl>#kff</styleUrl><description><![CDATA[Mammoth Cave<br>WWFF Logsearch: <a href="https://logsearch.wwff.co/directory/KFF-0050">https://logsearch.wwff.co/directory/KFF-0050</a><br>Matching POTA park: US-0050 Mammoth Cave National Park — <a href="https://next.pota.app/park/US-0050">https://next.pota.app/park/US-0050</a><br>Official map: <a href="https://www.nps.gov/maca/planyourvisit/maps.htm">https://www.nps.gov/maca/planyourvisit/maps.htm</a><br>Website: <a href="https://www.nps.gov/maca/index.htm">https://www.nps.gov/maca/index.htm</a><br>Verify WWFF rules and boundaries before activating.]]></description><Point><coordinates>-86.09425,37.18771,0</coordinates></Point></Placemark>
<Placemark><name>KFF-0295 Clarks River</name><styleUrl>#kff</styleUrl><description><![CDATA[Clarks River<br>WWFF Logsearch: <a href="https://logsearch.wwff.co/directory/KFF-0295">https://logsearch.wwff.co/directory/KFF-0295</a><br>Matching POTA park: US-0295 Clarks River National Wildlife Refuge — <a href="https://next.pota.app/park/US-0295">https://next.pota.app/park/US-0295</a><br>Official map: <a href="https://www.fws.gov/sites/default/files/documents/2024-08/public-map-july-2024.pdf">https://www.fws.gov/sites/default/files/documents/2024-08/public-map-july-2024.pdf</a><br>Website: <a href="https://www.fws.gov/refuge/clarks-river">https://www.fws.gov/refuge/clarks-river</a><br>Verify WWFF rules and boundaries before activating.]]></description><Point><coordinates>-88.34536,36.87994,0</coordinates></Point></Placemark>
<Placemark><name>KFF-0724 Abraham Lincoln Birthplace</name><styleUrl>#kff</styleUrl><description><![CDATA[Abraham Lincoln Birthplace<br>WWFF Logsearch: <a href="https://logsearch.wwff.co/directory/KFF-0724">https://logsearch.wwff.co/directory/KFF-0724</a><br>Matching POTA park: US-0724 Abraham Lincoln Birthplace National Historic Site — <a href="https://next.pota.app/park/US-0724">https://next.pota.app/park/US-0724</a><br>Official map: <a href="https://www.nps.gov/abli/planyourvisit/maps.htm">https://www.nps.gov/abli/planyourvisit/maps.htm</a><br>Website: <a href="https://www.nps.gov/abli/index.htm">https://www.nps.gov/abli/index.htm</a><br>Verify WWFF rules and boundaries before activating.]]></description><Point><coordinates>-85.63711,37.61146,0</coordinates></Point></Placemark>
<Placemark><name>KFF-1251 Carr Creek</name><styleUrl>#kff</styleUrl><description><![CDATA[Carr Creek<br>WWFF Logsearch: <a href="https://logsearch.wwff.co/directory/KFF-1251">https://logsearch.wwff.co/directory/KFF-1251</a><br>Matching POTA park: US-1251 Carr Creek State Park — <a href="https://next.pota.app/park/US-1251">https://next.pota.app/park/US-1251</a><br>Official map: <a href="https://fw.ky.gov/More/Documents/carrcreeklakewma_all.pdf">https://fw.ky.gov/More/Documents/carrcreeklakewma_all.pdf</a><br>Verify WWFF rules and boundaries before activating.]]></description><Point><coordinates>-83.00133,37.23085,0</coordinates></Point></Placemark>
<Placemark><name>KFF-1252 Columbus Belmont</name><styleUrl>#kff</styleUrl><description><![CDATA[Columbus Belmont<br>WWFF Logsearch: <a href="https://logsearch.wwff.co/directory/KFF-1252">https://logsearch.wwff.co/directory/KFF-1252</a><br>Matching POTA park: US-1252 Columbus Belmont State Park — <a href="https://next.pota.app/park/US-1252">https://next.pota.app/park/US-1252</a><br>Website: <a href="https://parks.ky.gov/columbus/parks/historic/columbus-belmont-state-park">https://parks.ky.gov/columbus/parks/historic/columbus-belmont-state-park</a><br>Verify WWFF rules and boundaries before activating.]]></description><Point><coordinates>-89.10957,36.76289,0</coordinates></Point></Placemark>
<Placemark><name>KFF-1253 Dawkins Line Rail Trail</name><styleUrl>#kff</styleUrl><description><![CDATA[Dawkins Line Rail Trail<br>WWFF Logsearch: <a href="https://logsearch.wwff.co/directory/KFF-1253">https://logsearch.wwff.co/directory/KFF-1253</a><br>Matching POTA park: US-1253 Dawkins Line Rail Trail State Park — <a href="https://next.pota.app/park/US-1253">https://next.pota.app/park/US-1253</a><br>Official map: <a href="https://parks.ky.gov/explore/dawkins-line-rail-trail-7831">https://parks.ky.gov/explore/dawkins-line-rail-trail-7831</a><br>Website: <a href="https://parks.ky.gov/swamp-branch/parks/recreation/dawkins-line-rail-trail">https://parks.ky.gov/swamp-branch/parks/recreation/dawkins-line-rail-trail</a><br>Verify WWFF rules and boundaries before activating.]]></description><Point><coordinates>-82.89674,37.73721,0</coordinates></Point></Placemark>
<Placemark><name>KFF-1254 E.P. "Tom" Sawyer</name><styleUrl>#kff</styleUrl><description><![CDATA[E.P. "Tom" Sawyer<br>WWFF Logsearch: <a href="https://logsearch.wwff.co/directory/KFF-1254">https://logsearch.wwff.co/directory/KFF-1254</a><br>Matching POTA park: US-1254 E.P. 'Tom' Sawyer State Park — <a href="https://next.pota.app/park/US-1254">https://next.pota.app/park/US-1254</a><br>Website: <a href="https://parks.ky.gov/louisville/parks/recreation/ep-tom-sawyer-state-park">https://parks.ky.gov/louisville/parks/recreation/ep-tom-sawyer-state-park</a><br>Verify WWFF rules and boundaries before activating.]]></description><Point><coordinates>-85.55821,38.28627,0</coordinates></Point></Placemark>
<Placemark><name>KFF-1255 Fishtrap Lake</name><styleUrl>#kff</styleUrl><description><![CDATA[Fishtrap Lake<br>WWFF Logsearch: <a href="https://logsearch.wwff.co/directory/KFF-1255">https://logsearch.wwff.co/directory/KFF-1255</a><br>Matching POTA park: US-1255 Fishtrap Lake Wildlife Management Area — <a href="https://next.pota.app/park/US-1255">https://next.pota.app/park/US-1255</a><br>Official map: <a href="https://fw.ky.gov/More/Documents/FishtrapLakeWMA_All.pdf">https://fw.ky.gov/More/Documents/FishtrapLakeWMA_All.pdf</a><br>Website: <a href="https://app.fw.ky.gov/Public_Lands_Search/detail.aspx?Kdfwr_id=25">https://app.fw.ky.gov/Public_Lands_Search/detail.aspx?Kdfwr_id=25</a><br>Verify WWFF rules and boundaries before activating.]]></description><Point><coordinates>-82.41975,37.43954,0</coordinates></Point></Placemark>
<Placemark><name>KFF-1256 Fort Boonesborough</name><styleUrl>#kff</styleUrl><description><![CDATA[Fort Boonesborough<br>WWFF Logsearch: <a href="https://logsearch.wwff.co/directory/KFF-1256">https://logsearch.wwff.co/directory/KFF-1256</a><br>Matching POTA park: US-1256 Fort Boonesborough State Park — <a href="https://next.pota.app/park/US-1256">https://next.pota.app/park/US-1256</a><br>Website: <a href="https://parks.ky.gov/richmond/parks/historic/fort-boonesborough-state-park">https://parks.ky.gov/richmond/parks/historic/fort-boonesborough-state-park</a><br>Verify WWFF rules and boundaries before activating.]]></description><Point><coordinates>-84.27297,37.89400,0</coordinates></Point></Placemark>
<Placemark><name>KFF-1257 General Burnside</name><styleUrl>#kff</styleUrl><description><![CDATA[General Burnside<br>WWFF Logsearch: <a href="https://logsearch.wwff.co/directory/KFF-1257">https://logsearch.wwff.co/directory/KFF-1257</a><br>Matching POTA park: US-1257 General Burnside State Park — <a href="https://next.pota.app/park/US-1257">https://next.pota.app/park/US-1257</a><br>Official map: <a href="https://fw.ky.gov/More/Documents/LakeCumberlandWMA_ALL.pdf">https://fw.ky.gov/More/Documents/LakeCumberlandWMA_ALL.pdf</a><br>Website: <a href="https://parks.ky.gov/burnside/parks/recreation/general-burnside-island-state-park">https://parks.ky.gov/burnside/parks/recreation/general-burnside-island-state-park</a><br>Verify WWFF rules and boundaries before activating.]]></description><Point><coordinates>-84.60343,36.97399,0</coordinates></Point></Placemark>
<Placemark><name>KFF-1258 Grayson Lake</name><styleUrl>#kff</styleUrl><description><![CDATA[Grayson Lake<br>WWFF Logsearch: <a href="https://logsearch.wwff.co/directory/KFF-1258">https://logsearch.wwff.co/directory/KFF-1258</a><br>Matching POTA park: US-1258 Grayson Lake State Park — <a href="https://next.pota.app/park/US-1258">https://next.pota.app/park/US-1258</a><br>Website: <a href="https://parks.ky.gov/olive-hill/parks/recreation/grayson-lake-state-park">https://parks.ky.gov/olive-hill/parks/recreation/grayson-lake-state-park</a><br>Verify WWFF rules and boundaries before activating.]]></description><Point><coordinates>-83.02662,38.19971,0</coordinates></Point></Placemark>
<Placemark><name>KFF-1259 Green River Lake</name><styleUrl>#kff</styleUrl><description><![CDATA[Green River Lake<br>WWFF Logsearch: <a href="https://logsearch.wwff.co/directory/KFF-1259">https://logsearch.wwff.co/directory/KFF-1259</a><br>Matching POTA park: US-1259 Green River Lake State Park — <a href="https://next.pota.app/park/US-1259">https://next.pota.app/park/US-1259</a><br>Official map: <a href="https://fw.ky.gov/More/Documents/GreenRiverLakeWMA_ALL.pdf">https://fw.ky.gov/More/Documents/GreenRiverLakeWMA_ALL.pdf</a><br>Website: <a href="https://parks.ky.gov/campbellsville/parks/recreation/green-river-lake-state-park">https://parks.ky.gov/campbellsville/parks/recreation/green-river-lake-state-park</a><br>Verify WWFF rules and boundaries before activating.]]></description><Point><coordinates>-85.33870,37.27746,0</coordinates></Point></Placemark>
<Placemark><name>KFF-1260 John James Audubon</name><styleUrl>#kff</styleUrl><description><![CDATA[John James Audubon<br>WWFF Logsearch: <a href="https://logsearch.wwff.co/directory/KFF-1260">https://logsearch.wwff.co/directory/KFF-1260</a><br>Matching POTA park: US-1260 John James Audubon State Park — <a href="https://next.pota.app/park/US-1260">https://next.pota.app/park/US-1260</a><br>Website: <a href="https://parks.ky.gov/henderson/parks/historic/john-james-audubon-state-park">https://parks.ky.gov/henderson/parks/historic/john-james-audubon-state-park</a><br>Verify WWFF rules and boundaries before activating.]]></description><Point><coordinates>-87.55994,37.88028,0</coordinates></Point></Placemark>
<Placemark><name>KFF-1261 Kincaid Lake</name><styleUrl>#kff</styleUrl><description><![CDATA[Kincaid Lake<br>WWFF Logsearch: <a href="https://logsearch.wwff.co/directory/KFF-1261">https://logsearch.wwff.co/directory/KFF-1261</a><br>Matching POTA park: US-1261 Kincaid Lake State Park — <a href="https://next.pota.app/park/US-1261">https://next.pota.app/park/US-1261</a><br>Website: <a href="https://parks.ky.gov/falmouth/parks/recreation/kincaid-lake-state-park">https://parks.ky.gov/falmouth/parks/recreation/kincaid-lake-state-park</a><br>Verify WWFF rules and boundaries before activating.]]></description><Point><coordinates>-84.28788,38.72247,0</coordinates></Point></Placemark>
<Placemark><name>KFF-1262 Kingdom Come</name><styleUrl>#kff</styleUrl><description><![CDATA[Kingdom Come<br>WWFF Logsearch: <a href="https://logsearch.wwff.co/directory/KFF-1262">https://logsearch.wwff.co/directory/KFF-1262</a><br>Matching POTA park: US-1262 Kingdom Come State Park — <a href="https://next.pota.app/park/US-1262">https://next.pota.app/park/US-1262</a><br>Website: <a href="https://parks.ky.gov/cumberland/parks/recreation/kingdom-come-state-park">https://parks.ky.gov/cumberland/parks/recreation/kingdom-come-state-park</a><br>Verify WWFF rules and boundaries before activating.]]></description><Point><coordinates>-82.97974,36.99214,0</coordinates></Point></Placemark>
<Placemark><name>KFF-1263 Lake Malone</name><styleUrl>#kff</styleUrl><description><![CDATA[Lake Malone<br>WWFF Logsearch: <a href="https://logsearch.wwff.co/directory/KFF-1263">https://logsearch.wwff.co/directory/KFF-1263</a><br>Matching POTA park: US-1263 Lake Malone State Park — <a href="https://next.pota.app/park/US-1263">https://next.pota.app/park/US-1263</a><br>Website: <a href="https://parks.ky.gov/dunmor/parks/recreation/lake-malone-state-park">https://parks.ky.gov/dunmor/parks/recreation/lake-malone-state-park</a><br>Verify WWFF rules and boundaries before activating.]]></description><Point><coordinates>-87.05545,37.07105,0</coordinates></Point></Placemark>
<Placemark><name>KFF-1264 Levi Jackson Wilderness Road</name><styleUrl>#kff</styleUrl><description><![CDATA[Levi Jackson Wilderness Road<br>WWFF Logsearch: <a href="https://logsearch.wwff.co/directory/KFF-1264">https://logsearch.wwff.co/directory/KFF-1264</a><br>Matching POTA park: US-1264 Levi Jackson Wilderness Road State Park — <a href="https://next.pota.app/park/US-1264">https://next.pota.app/park/US-1264</a><br>Official map: <a href="https://levijacksonpark.com/wp-content/uploads/2023/06/levi-jackson-park-map-2023.pdf">https://levijacksonpark.com/wp-content/uploads/2023/06/levi-jackson-park-map-2023.pdf</a><br>Website: <a href="https://levijacksonpark.com/">https://levijacksonpark.com/</a><br>Verify WWFF rules and boundaries before activating.]]></description><Point><coordinates>-84.05489,37.08384,0</coordinates></Point></Placemark>
<Placemark><name>KFF-1265 Lincoln Homestead</name><styleUrl>#kff</styleUrl><description><![CDATA[Lincoln Homestead<br>WWFF Logsearch: <a href="https://logsearch.wwff.co/directory/KFF-1265">https://logsearch.wwff.co/directory/KFF-1265</a><br>Matching POTA park: US-1265 Lincoln Homestead State Park — <a href="https://next.pota.app/park/US-1265">https://next.pota.app/park/US-1265</a><br>Website: <a href="https://parks.ky.gov/springfield/parks/historic/lincoln-homestead-state-park">https://parks.ky.gov/springfield/parks/historic/lincoln-homestead-state-park</a><br>Verify WWFF rules and boundaries before activating.]]></description><Point><coordinates>-85.21402,37.76072,0</coordinates></Point></Placemark>
<Placemark><name>KFF-1266 Mineral Mounds</name><styleUrl>#kff</styleUrl><description><![CDATA[Mineral Mounds<br>WWFF Logsearch: <a href="https://logsearch.wwff.co/directory/KFF-1266">https://logsearch.wwff.co/directory/KFF-1266</a><br>Matching POTA park: US-1266 Mineral Mounds State Park — <a href="https://next.pota.app/park/US-1266">https://next.pota.app/park/US-1266</a><br>Website: <a href="https://parks.ky.gov/eddyville/parks/recreation/mineral-mound-state-park">https://parks.ky.gov/eddyville/parks/recreation/mineral-mound-state-park</a><br>Verify WWFF rules and boundaries before activating.]]></description><Point><coordinates>-88.08636,37.06032,0</coordinates></Point></Placemark>
<Placemark><name>KFF-1267 My Old Kentucky Home</name><styleUrl>#kff</styleUrl><description><![CDATA[My Old Kentucky Home<br>WWFF Logsearch: <a href="https://logsearch.wwff.co/directory/KFF-1267">https://logsearch.wwff.co/directory/KFF-1267</a><br>Matching POTA park: US-1267 My Old Kentucky Home State Park — <a href="https://next.pota.app/park/US-1267">https://next.pota.app/park/US-1267</a><br>Website: <a href="https://parks.ky.gov/bardstown/parks/historic/my-old-kentucky-home-state-park">https://parks.ky.gov/bardstown/parks/historic/my-old-kentucky-home-state-park</a><br>Verify WWFF rules and boundaries before activating.]]></description><Point><coordinates>-85.45592,37.80709,0</coordinates></Point></Placemark>
<Placemark><name>KFF-1268 Nolin Lake</name><styleUrl>#kff</styleUrl><description><![CDATA[Nolin Lake<br>WWFF Logsearch: <a href="https://logsearch.wwff.co/directory/KFF-1268">https://logsearch.wwff.co/directory/KFF-1268</a><br>Matching POTA park: US-1268 Nolin Lake State Park — <a href="https://next.pota.app/park/US-1268">https://next.pota.app/park/US-1268</a><br>Website: <a href="https://parks.ky.gov/mammoth-cave/parks/recreation/nolin-lake-state-park">https://parks.ky.gov/mammoth-cave/parks/recreation/nolin-lake-state-park</a><br>Verify WWFF rules and boundaries before activating.]]></description><Point><coordinates>-86.21173,37.29686,0</coordinates></Point></Placemark>
<Placemark><name>KFF-1269 Old Fort Harrod</name><styleUrl>#kff</styleUrl><description><![CDATA[Old Fort Harrod<br>WWFF Logsearch: <a href="https://logsearch.wwff.co/directory/KFF-1269">https://logsearch.wwff.co/directory/KFF-1269</a><br>Matching POTA park: US-1269 Old Fort Harrod State Park — <a href="https://next.pota.app/park/US-1269">https://next.pota.app/park/US-1269</a><br>Website: <a href="https://parks.ky.gov/harrodsburg/parks/historic/old-fort-harrod-state-park">https://parks.ky.gov/harrodsburg/parks/historic/old-fort-harrod-state-park</a><br>Verify WWFF rules and boundaries before activating.]]></description><Point><coordinates>-84.84572,37.76178,0</coordinates></Point></Placemark>
<Placemark><name>KFF-1270 Paintsville Lake</name><styleUrl>#kff</styleUrl><description><![CDATA[Paintsville Lake<br>WWFF Logsearch: <a href="https://logsearch.wwff.co/directory/KFF-1270">https://logsearch.wwff.co/directory/KFF-1270</a><br>Matching POTA park: US-1270 Paintsville Lake State Park — <a href="https://next.pota.app/park/US-1270">https://next.pota.app/park/US-1270</a><br>Website: <a href="https://parks.ky.gov/staffordsville/parks/recreation/paintsville-lake-state-park">https://parks.ky.gov/staffordsville/parks/recreation/paintsville-lake-state-park</a><br>Verify WWFF rules and boundaries before activating.]]></description><Point><coordinates>-82.87348,37.84369,0</coordinates></Point></Placemark>
<Placemark><name>KFF-1271 Taylorsville Lake</name><styleUrl>#kff</styleUrl><description><![CDATA[Taylorsville Lake<br>WWFF Logsearch: <a href="https://logsearch.wwff.co/directory/KFF-1271">https://logsearch.wwff.co/directory/KFF-1271</a><br>Matching POTA park: US-1271 Taylorsville Lake State Park — <a href="https://next.pota.app/park/US-1271">https://next.pota.app/park/US-1271</a><br>Website: <a href="https://parks.ky.gov/mount-eden/parks/recreation/taylorsville-lake-state-park">https://parks.ky.gov/mount-eden/parks/recreation/taylorsville-lake-state-park</a><br>Verify WWFF rules and boundaries before activating.]]></description><Point><coordinates>-85.24966,38.02983,0</coordinates></Point></Placemark>
<Placemark><name>KFF-1272 Yatesville Lake</name><styleUrl>#kff</styleUrl><description><![CDATA[Yatesville Lake<br>WWFF Logsearch: <a href="https://logsearch.wwff.co/directory/KFF-1272">https://logsearch.wwff.co/directory/KFF-1272</a><br>Matching POTA park: US-1272 Yatesville Lake State Park — <a href="https://next.pota.app/park/US-1272">https://next.pota.app/park/US-1272</a><br>Website: <a href="https://parks.ky.gov/louisa/parks/recreation/yatesville-lake-state-park">https://parks.ky.gov/louisa/parks/recreation/yatesville-lake-state-park</a><br>Verify WWFF rules and boundaries before activating.]]></description><Point><coordinates>-82.68243,38.09653,0</coordinates></Point></Placemark>
<Placemark><name>KFF-1273 Barren River Lake</name><styleUrl>#kff</styleUrl><description><![CDATA[Barren River Lake<br>WWFF Logsearch: <a href="https://logsearch.wwff.co/directory/KFF-1273">https://logsearch.wwff.co/directory/KFF-1273</a><br>Matching POTA park: US-1273 Barren River Lake State Park — <a href="https://next.pota.app/park/US-1273">https://next.pota.app/park/US-1273</a><br>Official map: <a href="https://fw.ky.gov/More/Documents/barren_river_lake_all.pdf">https://fw.ky.gov/More/Documents/barren_river_lake_all.pdf</a><br>Website: <a href="https://parks.ky.gov/lucas/parks/resort/barren-river-lake-state-resort-park">https://parks.ky.gov/lucas/parks/resort/barren-river-lake-state-resort-park</a><br>Verify WWFF rules and boundaries before activating.]]></description><Point><coordinates>-86.05991,36.86064,0</coordinates></Point></Placemark>
<Placemark><name>KFF-1274 Blue Licks Battlefield</name><styleUrl>#kff</styleUrl><description><![CDATA[Blue Licks Battlefield<br>WWFF Logsearch: <a href="https://logsearch.wwff.co/directory/KFF-1274">https://logsearch.wwff.co/directory/KFF-1274</a><br>Matching POTA park: US-1274 Blue Licks Battlefield State Park — <a href="https://next.pota.app/park/US-1274">https://next.pota.app/park/US-1274</a><br>Website: <a href="https://parks.ky.gov/carlisle/parks/historic/blue-licks-battlefield-state-resort-park">https://parks.ky.gov/carlisle/parks/historic/blue-licks-battlefield-state-resort-park</a><br>Verify WWFF rules and boundaries before activating.]]></description><Point><coordinates>-83.99198,38.42923,0</coordinates></Point></Placemark>
<Placemark><name>KFF-1275 Buckhorn Lake</name><styleUrl>#kff</styleUrl><description><![CDATA[Buckhorn Lake<br>WWFF Logsearch: <a href="https://logsearch.wwff.co/directory/KFF-1275">https://logsearch.wwff.co/directory/KFF-1275</a><br>Matching POTA park: US-1275 Buckhorn Lake State Park — <a href="https://next.pota.app/park/US-1275">https://next.pota.app/park/US-1275</a><br>Official map: <a href="https://fw.ky.gov/More/Documents/BuckhornLakeWMA_ALL.pdf">https://fw.ky.gov/More/Documents/BuckhornLakeWMA_ALL.pdf</a><br>Verify WWFF rules and boundaries before activating.]]></description><Point><coordinates>-83.44608,37.30618,0</coordinates></Point></Placemark>
<Placemark><name>KFF-1276 Carter Caves</name><styleUrl>#kff</styleUrl><description><![CDATA[Carter Caves<br>WWFF Logsearch: <a href="https://logsearch.wwff.co/directory/KFF-1276">https://logsearch.wwff.co/directory/KFF-1276</a><br>Matching POTA park: US-1276 Carter Caves State Park — <a href="https://next.pota.app/park/US-1276">https://next.pota.app/park/US-1276</a><br>Official map: <a href="https://Eec.ky.gov/Natural-Resources/Forestry/Documents/TygartsStateForest_ALL.pdf">https://Eec.ky.gov/Natural-Resources/Forestry/Documents/TygartsStateForest_ALL.pdf</a><br>Website: <a href="https://parks.ky.gov/olive-hill/parks/resort/carter-caves-state-resort-park">https://parks.ky.gov/olive-hill/parks/resort/carter-caves-state-resort-park</a><br>Verify WWFF rules and boundaries before activating.]]></description><Point><coordinates>-83.12737,38.37304,0</coordinates></Point></Placemark>
<Placemark><name>KFF-1277 Cumberland Falls</name><styleUrl>#kff</styleUrl><description><![CDATA[Cumberland Falls<br>WWFF Logsearch: <a href="https://logsearch.wwff.co/directory/KFF-1277">https://logsearch.wwff.co/directory/KFF-1277</a><br>Matching POTA park: US-1277 Cumberland Falls State Park — <a href="https://next.pota.app/park/US-1277">https://next.pota.app/park/US-1277</a><br>Official map: <a href="https://parks.ky.gov/parks/find-a-park/cumberland-falls-state-resort-park-7786">https://parks.ky.gov/parks/find-a-park/cumberland-falls-state-resort-park-7786</a><br>Website: <a href="https://parks.ky.gov/corbin/parks/resort/cumberland-falls-state-resort-park">https://parks.ky.gov/corbin/parks/resort/cumberland-falls-state-resort-park</a><br>Verify WWFF rules and boundaries before activating.]]></description><Point><coordinates>-84.33981,36.84039,0</coordinates></Point></Placemark>
<Placemark><name>KFF-1278 Dale Hollow</name><styleUrl>#kff</styleUrl><description><![CDATA[Dale Hollow<br>WWFF Logsearch: <a href="https://logsearch.wwff.co/directory/KFF-1278">https://logsearch.wwff.co/directory/KFF-1278</a><br>Matching POTA park: US-1278 Dale Hollow State Park — <a href="https://next.pota.app/park/US-1278">https://next.pota.app/park/US-1278</a><br>Website: <a href="https://parks.ky.gov/burkesville/parks/resort/dale-hollow-lake-state-resort-park">https://parks.ky.gov/burkesville/parks/resort/dale-hollow-lake-state-resort-park</a><br>Verify WWFF rules and boundaries before activating.]]></description><Point><coordinates>-85.29811,36.65169,0</coordinates></Point></Placemark>
<Placemark><name>KFF-1279 General Butler</name><styleUrl>#kff</styleUrl><description><![CDATA[General Butler<br>WWFF Logsearch: <a href="https://logsearch.wwff.co/directory/KFF-1279">https://logsearch.wwff.co/directory/KFF-1279</a><br>Matching POTA park: US-1279 General Butler State Park — <a href="https://next.pota.app/park/US-1279">https://next.pota.app/park/US-1279</a><br>Website: <a href="https://parks.ky.gov/carrollton/parks/historic/general-butler-state-resort-park">https://parks.ky.gov/carrollton/parks/historic/general-butler-state-resort-park</a><br>Verify WWFF rules and boundaries before activating.]]></description><Point><coordinates>-85.15317,38.67028,0</coordinates></Point></Placemark>
<Placemark><name>KFF-1280 Greenbo Lake</name><styleUrl>#kff</styleUrl><description><![CDATA[Greenbo Lake<br>WWFF Logsearch: <a href="https://logsearch.wwff.co/directory/KFF-1280">https://logsearch.wwff.co/directory/KFF-1280</a><br>Matching POTA park: US-1280 Greenbo Lake State Park — <a href="https://next.pota.app/park/US-1280">https://next.pota.app/park/US-1280</a><br>Website: <a href="https://parks.ky.gov/ashland/parks/historic/greenbo-lake-state-resort-park">https://parks.ky.gov/ashland/parks/historic/greenbo-lake-state-resort-park</a><br>Verify WWFF rules and boundaries before activating.]]></description><Point><coordinates>-82.87319,38.48071,0</coordinates></Point></Placemark>
<Placemark><name>KFF-1281 Jenny Wiley</name><styleUrl>#kff</styleUrl><description><![CDATA[Jenny Wiley<br>WWFF Logsearch: <a href="https://logsearch.wwff.co/directory/KFF-1281">https://logsearch.wwff.co/directory/KFF-1281</a><br>Matching POTA park: US-1281 Jenny Wiley State Park — <a href="https://next.pota.app/park/US-1281">https://next.pota.app/park/US-1281</a><br>Website: <a href="https://parks.ky.gov/prestonsburg/parks/resort/jenny-wiley-state-resort-park">https://parks.ky.gov/prestonsburg/parks/resort/jenny-wiley-state-resort-park</a><br>Verify WWFF rules and boundaries before activating.]]></description><Point><coordinates>-82.72530,37.69293,0</coordinates></Point></Placemark>
<Placemark><name>KFF-1282 Kenlake</name><styleUrl>#kff</styleUrl><description><![CDATA[Kenlake<br>WWFF Logsearch: <a href="https://logsearch.wwff.co/directory/KFF-1282">https://logsearch.wwff.co/directory/KFF-1282</a><br>Matching POTA park: US-1282 Kenlake State Park — <a href="https://next.pota.app/park/US-1282">https://next.pota.app/park/US-1282</a><br>Website: <a href="https://parks.ky.gov/hardin/parks/resort/kenlake-state-resort-park">https://parks.ky.gov/hardin/parks/resort/kenlake-state-resort-park</a><br>Verify WWFF rules and boundaries before activating.]]></description><Point><coordinates>-88.13841,36.75973,0</coordinates></Point></Placemark>
<Placemark><name>KFF-1283 Kentucky Dam Village</name><styleUrl>#kff</styleUrl><description><![CDATA[Kentucky Dam Village<br>WWFF Logsearch: <a href="https://logsearch.wwff.co/directory/KFF-1283">https://logsearch.wwff.co/directory/KFF-1283</a><br>Matching POTA park: US-1283 Kentucky Dam Village State Park — <a href="https://next.pota.app/park/US-1283">https://next.pota.app/park/US-1283</a><br>Website: <a href="https://parks.ky.gov/gilbertsville/parks/resort/kentucky-dam-village-state-resort-park">https://parks.ky.gov/gilbertsville/parks/resort/kentucky-dam-village-state-resort-park</a><br>Verify WWFF rules and boundaries before activating.]]></description><Point><coordinates>-88.28876,36.99825,0</coordinates></Point></Placemark>
<Placemark><name>KFF-1284 Lake Barkley</name><styleUrl>#kff</styleUrl><description><![CDATA[Lake Barkley<br>WWFF Logsearch: <a href="https://logsearch.wwff.co/directory/KFF-1284">https://logsearch.wwff.co/directory/KFF-1284</a><br>Matching POTA park: US-1284 Lake Barkley State Park — <a href="https://next.pota.app/park/US-1284">https://next.pota.app/park/US-1284</a><br>Website: <a href="https://parks.ky.gov/cadiz/parks/resort/lake-barkley-state-resort-park">https://parks.ky.gov/cadiz/parks/resort/lake-barkley-state-resort-park</a><br>Verify WWFF rules and boundaries before activating.]]></description><Point><coordinates>-87.93195,36.84946,0</coordinates></Point></Placemark>
<Placemark><name>KFF-1285 Lake Cumberland</name><styleUrl>#kff</styleUrl><description><![CDATA[Lake Cumberland<br>WWFF Logsearch: <a href="https://logsearch.wwff.co/directory/KFF-1285">https://logsearch.wwff.co/directory/KFF-1285</a><br>Matching POTA park: US-1285 Lake Cumberland State Park — <a href="https://next.pota.app/park/US-1285">https://next.pota.app/park/US-1285</a><br>Website: <a href="https://parks.ky.gov/jamestown/parks/resort/lake-cumberland-state-resort-park">https://parks.ky.gov/jamestown/parks/resort/lake-cumberland-state-resort-park</a><br>Verify WWFF rules and boundaries before activating.]]></description><Point><coordinates>-85.05764,36.90833,0</coordinates></Point></Placemark>
<Placemark><name>KFF-1286 Natural Bridge</name><styleUrl>#kff</styleUrl><description><![CDATA[Natural Bridge<br>WWFF Logsearch: <a href="https://logsearch.wwff.co/directory/KFF-1286">https://logsearch.wwff.co/directory/KFF-1286</a><br>Matching POTA park: US-1286 Natural Bridge State Park — <a href="https://next.pota.app/park/US-1286">https://next.pota.app/park/US-1286</a><br>Official map: <a href="https://parks.ky.gov/explore/natural-bridge-state-resort-park-7796">https://parks.ky.gov/explore/natural-bridge-state-resort-park-7796</a><br>Website: <a href="https://parks.ky.gov/slade/parks/resort/natural-bridge-state-resort-park">https://parks.ky.gov/slade/parks/resort/natural-bridge-state-resort-park</a><br>Verify WWFF rules and boundaries before activating.]]></description><Point><coordinates>-83.68837,37.77692,0</coordinates></Point></Placemark>
<Placemark><name>KFF-1287 Pennyrile Forest</name><styleUrl>#kff</styleUrl><description><![CDATA[Pennyrile Forest<br>WWFF Logsearch: <a href="https://logsearch.wwff.co/directory/KFF-1287">https://logsearch.wwff.co/directory/KFF-1287</a><br>Matching POTA park: US-1287 Pennyrile Forest State Park — <a href="https://next.pota.app/park/US-1287">https://next.pota.app/park/US-1287</a><br>Official map: <a href="https://www.kentuckytourism.com/media/docs/default-source/listing-documents/park-map08cc7e0a-9307-47b3-85e9-29db02ce7648.pdf?sfvrsn=145d90d5_2">https://www.kentuckytourism.com/media/docs/default-source/listing-documents/park-map08cc7e0a-9307-47b3-85e9-29db02ce7648.pdf?sfvrsn=145d90d5_2</a><br>Website: <a href="https://parks.ky.gov/dawson-springs/parks/resort/pennyrile-forest-state-resort-park">https://parks.ky.gov/dawson-springs/parks/resort/pennyrile-forest-state-resort-park</a><br>Verify WWFF rules and boundaries before activating.]]></description><Point><coordinates>-87.66307,37.07247,0</coordinates></Point></Placemark>
<Placemark><name>KFF-1288 Pine Mountain</name><styleUrl>#kff</styleUrl><description><![CDATA[Pine Mountain<br>WWFF Logsearch: <a href="https://logsearch.wwff.co/directory/KFF-1288">https://logsearch.wwff.co/directory/KFF-1288</a><br>Matching POTA park: US-1288 Pine Mountain State Park — <a href="https://next.pota.app/park/US-1288">https://next.pota.app/park/US-1288</a><br>Website: <a href="https://parks.ky.gov/pineville/parks/resort/pine-mountain-state-resort-park">https://parks.ky.gov/pineville/parks/resort/pine-mountain-state-resort-park</a><br>Verify WWFF rules and boundaries before activating.]]></description><Point><coordinates>-83.71239,36.74721,0</coordinates></Point></Placemark>
<Placemark><name>KFF-1289 Rough River Dam</name><styleUrl>#kff</styleUrl><description><![CDATA[Rough River Dam<br>WWFF Logsearch: <a href="https://logsearch.wwff.co/directory/KFF-1289">https://logsearch.wwff.co/directory/KFF-1289</a><br>Matching POTA park: US-1289 Rough River Dam State Park — <a href="https://next.pota.app/park/US-1289">https://next.pota.app/park/US-1289</a><br>Website: <a href="https://parks.ky.gov/falls-rough/parks/resort/rough-river-dam-state-resort-park">https://parks.ky.gov/falls-rough/parks/resort/rough-river-dam-state-resort-park</a><br>Verify WWFF rules and boundaries before activating.]]></description><Point><coordinates>-86.50534,37.61037,0</coordinates></Point></Placemark>
<Placemark><name>KFF-3779 Big Bone Lick</name><styleUrl>#kff</styleUrl><description><![CDATA[Big Bone Lick<br>WWFF Logsearch: <a href="https://logsearch.wwff.co/directory/KFF-3779">https://logsearch.wwff.co/directory/KFF-3779</a><br>Matching POTA park: US-3779 Big Bone Lick State Historic Site — <a href="https://next.pota.app/park/US-3779">https://next.pota.app/park/US-3779</a><br>Website: <a href="https://parks.ky.gov/union/parks/historic/big-bone-lick-state-historic-site">https://parks.ky.gov/union/parks/historic/big-bone-lick-state-historic-site</a><br>Verify WWFF rules and boundaries before activating.]]></description><Point><coordinates>-84.74778,38.88694,0</coordinates></Point></Placemark>
<Placemark><name>KFF-3781 Breaks Interstate Park</name><styleUrl>#kff</styleUrl><description><![CDATA[Breaks Interstate Park<br>WWFF Logsearch: <a href="https://logsearch.wwff.co/directory/KFF-3781">https://logsearch.wwff.co/directory/KFF-3781</a><br>Matching POTA park: US-3781 Breaks Interstate State Park — <a href="https://next.pota.app/park/US-3781">https://next.pota.app/park/US-3781</a><br>Official map: <a href="https://www.breakspark.com/parkmap">https://www.breakspark.com/parkmap</a><br>Website: <a href="https://www.breakspark.com/">https://www.breakspark.com/</a><br>Verify WWFF rules and boundaries before activating.]]></description><Point><coordinates>-82.31215,37.30260,0</coordinates></Point></Placemark>
<Placemark><name>KFF-3782 Dr. Thomas Walker</name><styleUrl>#kff</styleUrl><description><![CDATA[Dr. Thomas Walker<br>WWFF Logsearch: <a href="https://logsearch.wwff.co/directory/KFF-3782">https://logsearch.wwff.co/directory/KFF-3782</a><br>Matching POTA park: US-3782 Dr. Thomas Walker State Historic Site — <a href="https://next.pota.app/park/US-3782">https://next.pota.app/park/US-3782</a><br>Website: <a href="https://parks.ky.gov/barbourville/parks/historic/dr-thomas-walker-state-historic-site">https://parks.ky.gov/barbourville/parks/historic/dr-thomas-walker-state-historic-site</a><br>Verify WWFF rules and boundaries before activating.]]></description><Point><coordinates>-83.91893,36.83974,0</coordinates></Point></Placemark>
<Placemark><name>KFF-3783 Jefferson Davis</name><styleUrl>#kff</styleUrl><description><![CDATA[Jefferson Davis<br>WWFF Logsearch: <a href="https://logsearch.wwff.co/directory/KFF-3783">https://logsearch.wwff.co/directory/KFF-3783</a><br>Matching POTA park: US-3783 Jefferson Davis State Historic Site — <a href="https://next.pota.app/park/US-3783">https://next.pota.app/park/US-3783</a><br>Website: <a href="https://parks.ky.gov/fairview/parks/historic/jefferson-davis-state-historic-site">https://parks.ky.gov/fairview/parks/historic/jefferson-davis-state-historic-site</a><br>Verify WWFF rules and boundaries before activating.]]></description><Point><coordinates>-87.30012,36.84183,0</coordinates></Point></Placemark>
<Placemark><name>KFF-3784 Old Mulkey Meetinghouse</name><styleUrl>#kff</styleUrl><description><![CDATA[Old Mulkey Meetinghouse<br>WWFF Logsearch: <a href="https://logsearch.wwff.co/directory/KFF-3784">https://logsearch.wwff.co/directory/KFF-3784</a><br>Matching POTA park: US-3784 Old Mulkey Meetinghouse State Historic Site — <a href="https://next.pota.app/park/US-3784">https://next.pota.app/park/US-3784</a><br>Website: <a href="https://parks.ky.gov/tompkinsville/parks/historic/old-mulkey-meetinghouse-state-historic-site">https://parks.ky.gov/tompkinsville/parks/historic/old-mulkey-meetinghouse-state-historic-site</a><br>Verify WWFF rules and boundaries before activating.]]></description><Point><coordinates>-85.70640,36.67650,0</coordinates></Point></Placemark>
<Placemark><name>KFF-3786 Waveland</name><styleUrl>#kff</styleUrl><description><![CDATA[Waveland<br>WWFF Logsearch: <a href="https://logsearch.wwff.co/directory/KFF-3786">https://logsearch.wwff.co/directory/KFF-3786</a><br>Matching POTA park: US-3786 Waveland State Historic Site — <a href="https://next.pota.app/park/US-3786">https://next.pota.app/park/US-3786</a><br>Website: <a href="https://parks.ky.gov/lexington/parks/historic/waveland-state-historic-site">https://parks.ky.gov/lexington/parks/historic/waveland-state-historic-site</a><br>Verify WWFF rules and boundaries before activating.]]></description><Point><coordinates>-84.53729,37.97155,0</coordinates></Point></Placemark>
<Placemark><name>KFF-3790 Fort Heiman</name><styleUrl>#kff</styleUrl><description><![CDATA[Fort Heiman<br>WWFF Logsearch: <a href="https://logsearch.wwff.co/directory/KFF-3790">https://logsearch.wwff.co/directory/KFF-3790</a><br>Matching POTA park: US-3790 Fort Heiman National Battlefield — <a href="https://next.pota.app/park/US-3790">https://next.pota.app/park/US-3790</a><br>Official map: <a href="https://www.nps.gov/fodo/planyourvisit/maps.htm">https://www.nps.gov/fodo/planyourvisit/maps.htm</a><br>Website: <a href="https://www.nps.gov/fodo/planyourvisit/maps.htm">https://www.nps.gov/fodo/planyourvisit/maps.htm</a><br>Verify WWFF rules and boundaries before activating.]]></description><Point><coordinates>-88.06050,36.50452,0</coordinates></Point></Placemark>
<Placemark><name>KFF-3792 Land Between the Lakes</name><styleUrl>#kff</styleUrl><description><![CDATA[Land Between the Lakes<br>WWFF Logsearch: <a href="https://logsearch.wwff.co/directory/KFF-3792">https://logsearch.wwff.co/directory/KFF-3792</a><br>Matching POTA park: US-3792 Land Between the Lakes National Recreation Area — <a href="https://next.pota.app/park/US-3792">https://next.pota.app/park/US-3792</a><br>Official map: <a href="https://www.landbetweenthelakes.us/help-center/lbl-maps/">https://www.landbetweenthelakes.us/help-center/lbl-maps/</a><br>Website: <a href="https://landbetweenthelakes.us/">https://landbetweenthelakes.us/</a><br>Verify WWFF rules and boundaries before activating.]]></description><Point><coordinates>-88.06315,36.77781,0</coordinates></Point></Placemark>
<Placemark><name>KFF-3793 Ballard</name><styleUrl>#kff</styleUrl><description><![CDATA[Ballard<br>WWFF Logsearch: <a href="https://logsearch.wwff.co/directory/KFF-3793">https://logsearch.wwff.co/directory/KFF-3793</a><br>Matching POTA park: US-3793 Ballard Wildlife Management Area — <a href="https://next.pota.app/park/US-3793">https://next.pota.app/park/US-3793</a><br>Official map: <a href="https://fw.ky.gov/More/Documents/BallardWMA_All.pdf">https://fw.ky.gov/More/Documents/BallardWMA_All.pdf</a><br>Website: <a href="https://app.fw.ky.gov/public_lands_search/detail.aspx?Kdfwr_id=224">https://app.fw.ky.gov/public_lands_search/detail.aspx?Kdfwr_id=224</a><br>Verify WWFF rules and boundaries before activating.]]></description><Point><coordinates>-89.06136,37.15956,0</coordinates></Point></Placemark>
<Placemark><name>KFF-3794 Beaver Creek</name><styleUrl>#kff</styleUrl><description><![CDATA[Beaver Creek<br>WWFF Logsearch: <a href="https://logsearch.wwff.co/directory/KFF-3794">https://logsearch.wwff.co/directory/KFF-3794</a><br>Matching POTA park: US-3794 Beaver Creek Wildlife Management Area — <a href="https://next.pota.app/park/US-3794">https://next.pota.app/park/US-3794</a><br>Official map: <a href="https://fw.ky.gov/More/Documents/BeaverCreekWMA_ALL.pdf">https://fw.ky.gov/More/Documents/BeaverCreekWMA_ALL.pdf</a><br>Website: <a href="https://app.fw.ky.gov/Public_Lands_Search/detail.aspx?Kdfwr_id=39">https://app.fw.ky.gov/Public_Lands_Search/detail.aspx?Kdfwr_id=39</a><br>Verify WWFF rules and boundaries before activating.]]></description><Point><coordinates>-84.44023,36.89665,0</coordinates></Point></Placemark>
<Placemark><name>KFF-3795 Beechy Creek</name><styleUrl>#kff</styleUrl><description><![CDATA[Beechy Creek<br>WWFF Logsearch: <a href="https://logsearch.wwff.co/directory/KFF-3795">https://logsearch.wwff.co/directory/KFF-3795</a><br>Matching POTA park: US-3795 Beechy Creek Wildlife Management Area — <a href="https://next.pota.app/park/US-3795">https://next.pota.app/park/US-3795</a><br>Official map: <a href="https://fw.ky.gov/More/Documents/BeechyCreekWMA-ALL.pdf">https://fw.ky.gov/More/Documents/BeechyCreekWMA-ALL.pdf</a><br>Website: <a href="https://fw.ky.gov/More/Documents/BeechyCreekWMA-ALL.pdf">https://fw.ky.gov/More/Documents/BeechyCreekWMA-ALL.pdf</a><br>Verify WWFF rules and boundaries before activating.]]></description><Point><coordinates>-88.13278,36.55871,0</coordinates></Point></Placemark>
<Placemark><name>KFF-3796 Big Rivers</name><styleUrl>#kff</styleUrl><description><![CDATA[Big Rivers<br>WWFF Logsearch: <a href="https://logsearch.wwff.co/directory/KFF-3796">https://logsearch.wwff.co/directory/KFF-3796</a><br>Matching POTA park: US-3796 Big Rivers Wildlife Management Area — <a href="https://next.pota.app/park/US-3796">https://next.pota.app/park/US-3796</a><br>Official map: <a href="https://fw.ky.gov/More/Documents/BigRiversWMA_and_StateForest_all.pdf">https://fw.ky.gov/More/Documents/BigRiversWMA_and_StateForest_all.pdf</a><br>Website: <a href="https://app.fw.ky.gov/Public_Lands_Search/detail.aspx?Kdfwr_id=9203">https://app.fw.ky.gov/Public_Lands_Search/detail.aspx?Kdfwr_id=9203</a><br>Verify WWFF rules and boundaries before activating.]]></description><Point><coordinates>-88.03207,37.52021,0</coordinates></Point></Placemark>
<Placemark><name>KFF-3797 Boatwright</name><styleUrl>#kff</styleUrl><description><![CDATA[Boatwright<br>WWFF Logsearch: <a href="https://logsearch.wwff.co/directory/KFF-3797">https://logsearch.wwff.co/directory/KFF-3797</a><br>Matching POTA park: US-3797 Boatwright Wildlife Management Area — <a href="https://next.pota.app/park/US-3797">https://next.pota.app/park/US-3797</a><br>Official map: <a href="https://fw.ky.gov/More/Documents/BoatwrightWMA_All.pdf">https://fw.ky.gov/More/Documents/BoatwrightWMA_All.pdf</a><br>Website: <a href="https://app.fw.ky.gov/Public_Lands_Search/detail.aspx?Kdfwr_id=222">https://app.fw.ky.gov/Public_Lands_Search/detail.aspx?Kdfwr_id=222</a><br>Verify WWFF rules and boundaries before activating.]]></description><Point><coordinates>-89.10556,37.05045,0</coordinates></Point></Placemark>
<Placemark><name>KFF-3798 Buck Creek</name><styleUrl>#kff</styleUrl><description><![CDATA[Buck Creek<br>WWFF Logsearch: <a href="https://logsearch.wwff.co/directory/KFF-3798">https://logsearch.wwff.co/directory/KFF-3798</a><br>Matching POTA park: US-3798 Buck Creek Wildlife Management Area — <a href="https://next.pota.app/park/US-3798">https://next.pota.app/park/US-3798</a><br>Official map: <a href="https://fw.ky.gov/More/Documents/BuckCreekWMA_All.pdf">https://fw.ky.gov/More/Documents/BuckCreekWMA_All.pdf</a><br>Website: <a href="https://fw.ky.gov/More/Documents/BuckCreekWMA_All.pdf">https://fw.ky.gov/More/Documents/BuckCreekWMA_All.pdf</a><br>Verify WWFF rules and boundaries before activating.]]></description><Point><coordinates>-84.40964,37.10713,0</coordinates></Point></Placemark>
<Placemark><name>KFF-3799 Burchell-Beech</name><styleUrl>#kff</styleUrl><description><![CDATA[Burchell-Beech<br>WWFF Logsearch: <a href="https://logsearch.wwff.co/directory/KFF-3799">https://logsearch.wwff.co/directory/KFF-3799</a><br>Matching POTA park: US-3799 Burchell-Beech Wildlife Management Area — <a href="https://next.pota.app/park/US-3799">https://next.pota.app/park/US-3799</a><br>Official map: <a href="https://fw.ky.gov/More/Documents/Burchell-BeechCreekWMA_ALL.pdf">https://fw.ky.gov/More/Documents/Burchell-BeechCreekWMA_ALL.pdf</a><br>Verify WWFF rules and boundaries before activating.]]></description><Point><coordinates>-83.70774,37.16810,0</coordinates></Point></Placemark>
<Placemark><name>KFF-3800 Cedar Creek Lake</name><styleUrl>#kff</styleUrl><description><![CDATA[Cedar Creek Lake<br>WWFF Logsearch: <a href="https://logsearch.wwff.co/directory/KFF-3800">https://logsearch.wwff.co/directory/KFF-3800</a><br>Matching POTA park: US-3800 Cedar Creek Lake Wildlife Management Area — <a href="https://next.pota.app/park/US-3800">https://next.pota.app/park/US-3800</a><br>Official map: <a href="https://fw.ky.gov/More/Documents/CedarCreekLakeWMA_ALL.pdf">https://fw.ky.gov/More/Documents/CedarCreekLakeWMA_ALL.pdf</a><br>Website: <a href="https://app.fw.ky.gov/Public_Lands_Search/detail.aspx?Kdfwr_id=9004">https://app.fw.ky.gov/Public_Lands_Search/detail.aspx?Kdfwr_id=9004</a><br>Verify WWFF rules and boundaries before activating.]]></description><Point><coordinates>-84.55799,37.47499,0</coordinates></Point></Placemark>
<Placemark><name>KFF-3801 Clifty</name><styleUrl>#kff</styleUrl><description><![CDATA[Clifty<br>WWFF Logsearch: <a href="https://logsearch.wwff.co/directory/KFF-3801">https://logsearch.wwff.co/directory/KFF-3801</a><br>Matching POTA park: US-3801 Clifty Wilderness Area — <a href="https://next.pota.app/park/US-3801">https://next.pota.app/park/US-3801</a><br>Official map: <a href="https://www.fs.usda.gov/r08/danielboone/maps-guides">https://www.fs.usda.gov/r08/danielboone/maps-guides</a><br>Website: <a href="https://www.fs.usda.gov/recarea/dbnf/recarea/?recid=39460">https://www.fs.usda.gov/recarea/dbnf/recarea/?recid=39460</a><br>Verify WWFF rules and boundaries before activating.]]></description><Point><coordinates>-83.56630,37.82348,0</coordinates></Point></Placemark>
<Placemark><name>KFF-3802 Clyde E. Buckley Wildlife Sanctuary and Audubon Center</name><styleUrl>#kff</styleUrl><description><![CDATA[Clyde E. Buckley Wildlife Sanctuary and Audubon Center<br>WWFF Logsearch: <a href="https://logsearch.wwff.co/directory/KFF-3802">https://logsearch.wwff.co/directory/KFF-3802</a><br>Matching POTA park: US-3802 Clyde E Buckley Sanctuary — <a href="https://next.pota.app/park/US-3802">https://next.pota.app/park/US-3802</a><br>Official map: <a href="https://bggreensource.org/wp-content/uploads/2025/01/1_Full_Sanctuary_All_Trails_50_foot_Contours.pdf-compressed_1.pdf">https://bggreensource.org/wp-content/uploads/2025/01/1_Full_Sanctuary_All_Trails_50_foot_Contours.pdf-compressed_1.pdf</a><br>Website: <a href="https://bggreensource.org/buckley/">https://bggreensource.org/buckley/</a><br>Verify WWFF rules and boundaries before activating.]]></description><Point><coordinates>-84.85488,38.13550,0</coordinates></Point></Placemark>
<Placemark><name>KFF-3803 Coil Estate</name><styleUrl>#kff</styleUrl><description><![CDATA[Coil Estate<br>WWFF Logsearch: <a href="https://logsearch.wwff.co/directory/KFF-3803">https://logsearch.wwff.co/directory/KFF-3803</a><br>Matching POTA park: US-3803 Coil Estate Wildlife Management Area — <a href="https://next.pota.app/park/US-3803">https://next.pota.app/park/US-3803</a><br>Official map: <a href="https://fw.ky.gov/More/Documents/CoilEstateWMA_ALL.pdf">https://fw.ky.gov/More/Documents/CoilEstateWMA_ALL.pdf</a><br>Website: <a href="https://fw.ky.gov/More/Documents/CoilEstateWMA_ALL.pdf">https://fw.ky.gov/More/Documents/CoilEstateWMA_ALL.pdf</a><br>Verify WWFF rules and boundaries before activating.]]></description><Point><coordinates>-89.02762,36.91833,0</coordinates></Point></Placemark>
<Placemark><name>KFF-3804 Cranks Creek</name><styleUrl>#kff</styleUrl><description><![CDATA[Cranks Creek<br>WWFF Logsearch: <a href="https://logsearch.wwff.co/directory/KFF-3804">https://logsearch.wwff.co/directory/KFF-3804</a><br>Matching POTA park: US-3804 Cranks Creek Wildlife Management Area — <a href="https://next.pota.app/park/US-3804">https://next.pota.app/park/US-3804</a><br>Official map: <a href="https://fw.ky.gov/More/Documents/CranksCreekWMA_ALL.pdf">https://fw.ky.gov/More/Documents/CranksCreekWMA_ALL.pdf</a><br>Website: <a href="https://fw.ky.gov/More/Documents/CranksCreekWMA_ALL.pdf">https://fw.ky.gov/More/Documents/CranksCreekWMA_ALL.pdf</a><br>Verify WWFF rules and boundaries before activating.]]></description><Point><coordinates>-83.19665,36.75560,0</coordinates></Point></Placemark>
<Placemark><name>KFF-3805 Curtis Gates Lloyd</name><styleUrl>#kff</styleUrl><description><![CDATA[Curtis Gates Lloyd<br>WWFF Logsearch: <a href="https://logsearch.wwff.co/directory/KFF-3805">https://logsearch.wwff.co/directory/KFF-3805</a><br>Matching POTA park: US-3805 Curtis Gates Lloyd Wildlife Management Area — <a href="https://next.pota.app/park/US-3805">https://next.pota.app/park/US-3805</a><br>Official map: <a href="https://fw.ky.gov/More/Documents/CurtisGatesLloydWMA_ALL.pdf">https://fw.ky.gov/More/Documents/CurtisGatesLloydWMA_ALL.pdf</a><br>Website: <a href="https://app.fw.ky.gov/public_lands_search/detail.aspx?Kdfwr_id=153">https://app.fw.ky.gov/public_lands_search/detail.aspx?Kdfwr_id=153</a><br>Verify WWFF rules and boundaries before activating.]]></description><Point><coordinates>-84.59865,38.76350,0</coordinates></Point></Placemark>
<Placemark><name>KFF-3806 Dennis-Gray</name><styleUrl>#kff</styleUrl><description><![CDATA[Dennis-Gray<br>WWFF Logsearch: <a href="https://logsearch.wwff.co/directory/KFF-3806">https://logsearch.wwff.co/directory/KFF-3806</a><br>Matching POTA park: US-3806 Dennis-Gray Wildlife Management Area — <a href="https://next.pota.app/park/US-3806">https://next.pota.app/park/US-3806</a><br>Official map: <a href="https://fw.ky.gov/More/Documents/Dennis-GrayWMA_ALL.pdf">https://fw.ky.gov/More/Documents/Dennis-GrayWMA_ALL.pdf</a><br>Website: <a href="https://app.fw.ky.gov/Public_Lands_Search/detail.aspx?Kdfwr_id=148">https://app.fw.ky.gov/Public_Lands_Search/detail.aspx?Kdfwr_id=148</a><br>Verify WWFF rules and boundaries before activating.]]></description><Point><coordinates>-85.14895,37.26565,0</coordinates></Point></Placemark>
<Placemark><name>KFF-3807 Dix River</name><styleUrl>#kff</styleUrl><description><![CDATA[Dix River<br>WWFF Logsearch: <a href="https://logsearch.wwff.co/directory/KFF-3807">https://logsearch.wwff.co/directory/KFF-3807</a><br>Matching POTA park: US-3807 Dix River Wildlife Management Area — <a href="https://next.pota.app/park/US-3807">https://next.pota.app/park/US-3807</a><br>Official map: <a href="https://fw.ky.gov/More/Documents/DixRiverWMA_ALL.pdf">https://fw.ky.gov/More/Documents/DixRiverWMA_ALL.pdf</a><br>Website: <a href="https://app.fw.ky.gov/Public_Lands_Search/detail.aspx?Kdfwr_id=9032">https://app.fw.ky.gov/Public_Lands_Search/detail.aspx?Kdfwr_id=9032</a><br>Verify WWFF rules and boundaries before activating.]]></description><Point><coordinates>-84.50113,37.49205,0</coordinates></Point></Placemark>
<Placemark><name>KFF-3808 Doug Travis</name><styleUrl>#kff</styleUrl><description><![CDATA[Doug Travis<br>WWFF Logsearch: <a href="https://logsearch.wwff.co/directory/KFF-3808">https://logsearch.wwff.co/directory/KFF-3808</a><br>Matching POTA park: US-3808 Doug Travis Wildlife Management Area — <a href="https://next.pota.app/park/US-3808">https://next.pota.app/park/US-3808</a><br>Official map: <a href="https://fw.ky.gov/More/Documents/DougTravisWMA_ALL.pdf">https://fw.ky.gov/More/Documents/DougTravisWMA_ALL.pdf</a><br>Website: <a href="https://app.fw.ky.gov/Public_Lands_Search/detail.aspx?Kdfwr_id=40">https://app.fw.ky.gov/Public_Lands_Search/detail.aspx?Kdfwr_id=40</a><br>Verify WWFF rules and boundaries before activating.]]></description><Point><coordinates>-89.11526,36.81162,0</coordinates></Point></Placemark>
<Placemark><name>KFF-3809 Dr. James R. Rich</name><styleUrl>#kff</styleUrl><description><![CDATA[Dr. James R. Rich<br>WWFF Logsearch: <a href="https://logsearch.wwff.co/directory/KFF-3809">https://logsearch.wwff.co/directory/KFF-3809</a><br>Matching POTA park: US-3809 Dr. James R. Rich Wildlife Management Area — <a href="https://next.pota.app/park/US-3809">https://next.pota.app/park/US-3809</a><br>Official map: <a href="https://fw.ky.gov/More/Documents/Dr.JamesR.RichWMA_ALL.pdf">https://fw.ky.gov/More/Documents/Dr.JamesR.RichWMA_ALL.pdf</a><br>Website: <a href="https://app.fw.ky.gov/Public_Lands_Search/detail.aspx?Kdfwr_id=34">https://app.fw.ky.gov/Public_Lands_Search/detail.aspx?Kdfwr_id=34</a><br>Verify WWFF rules and boundaries before activating.]]></description><Point><coordinates>-84.72873,38.39458,0</coordinates></Point></Placemark>
<Placemark><name>KFF-3810 Dr. Norman And Martha Adair</name><styleUrl>#kff</styleUrl><description><![CDATA[Dr. Norman And Martha Adair<br>WWFF Logsearch: <a href="https://logsearch.wwff.co/directory/KFF-3810">https://logsearch.wwff.co/directory/KFF-3810</a><br>Matching POTA park: US-3810 Dr. Norman And Martha Adair Wildlife Management Area — <a href="https://next.pota.app/park/US-3810">https://next.pota.app/park/US-3810</a><br>Official map: <a href="https://fw.ky.gov/More/Documents/Dr.NormanandMarthaAdairWMA_all.pdf">https://fw.ky.gov/More/Documents/Dr.NormanandMarthaAdairWMA_all.pdf</a><br>Verify WWFF rules and boundaries before activating.]]></description><Point><coordinates>-84.74679,38.92098,0</coordinates></Point></Placemark>
<Placemark><name>KFF-3811 Ed Mabry-Laurel Gorge</name><styleUrl>#kff</styleUrl><description><![CDATA[Ed Mabry-Laurel Gorge<br>WWFF Logsearch: <a href="https://logsearch.wwff.co/directory/KFF-3811">https://logsearch.wwff.co/directory/KFF-3811</a><br>Matching POTA park: US-3811 Ed Mabry-Laurel Gorge Wildlife Management Area — <a href="https://next.pota.app/park/US-3811">https://next.pota.app/park/US-3811</a><br>Official map: <a href="https://fw.ky.gov/More/Documents/EdMabry-LaurelGorgeWMA_ALL.pdf">https://fw.ky.gov/More/Documents/EdMabry-LaurelGorgeWMA_ALL.pdf</a><br>Website: <a href="https://fw.ky.gov/More/Documents/EdMabry-LaurelGorgeWMA_ALL.pdf">https://fw.ky.gov/More/Documents/EdMabry-LaurelGorgeWMA_ALL.pdf</a><br>Verify WWFF rules and boundaries before activating.]]></description><Point><coordinates>-83.18827,38.12682,0</coordinates></Point></Placemark>
<Placemark><name>KFF-3812 Fleming</name><styleUrl>#kff</styleUrl><description><![CDATA[Fleming<br>WWFF Logsearch: <a href="https://logsearch.wwff.co/directory/KFF-3812">https://logsearch.wwff.co/directory/KFF-3812</a><br>Matching POTA park: US-3812 Fleming Wildlife Management Area — <a href="https://next.pota.app/park/US-3812">https://next.pota.app/park/US-3812</a><br>Official map: <a href="https://fw.ky.gov/More/Documents/FlemingWMA_ALL.pdf">https://fw.ky.gov/More/Documents/FlemingWMA_ALL.pdf</a><br>Website: <a href="https://app.fw.ky.gov/Public_Lands_Search/detail.aspx?Kdfwr_id=154">https://app.fw.ky.gov/Public_Lands_Search/detail.aspx?Kdfwr_id=154</a><br>Verify WWFF rules and boundaries before activating.]]></description><Point><coordinates>-83.63288,38.43307,0</coordinates></Point></Placemark>
<Placemark><name>KFF-3813 Griffith Woods</name><styleUrl>#kff</styleUrl><description><![CDATA[Griffith Woods<br>WWFF Logsearch: <a href="https://logsearch.wwff.co/directory/KFF-3813">https://logsearch.wwff.co/directory/KFF-3813</a><br>Matching POTA park: US-3813 Griffith Woods Wildlife Management Area — <a href="https://next.pota.app/park/US-3813">https://next.pota.app/park/US-3813</a><br>Official map: <a href="https://fw.ky.gov/More/Documents/GriffithWoodsWMA_ALL.pdf">https://fw.ky.gov/More/Documents/GriffithWoodsWMA_ALL.pdf</a><br>Verify WWFF rules and boundaries before activating.]]></description><Point><coordinates>-84.35598,38.33202,0</coordinates></Point></Placemark>
<Placemark><name>KFF-3814 Hensley-Pine Mountain</name><styleUrl>#kff</styleUrl><description><![CDATA[Hensley-Pine Mountain<br>WWFF Logsearch: <a href="https://logsearch.wwff.co/directory/KFF-3814">https://logsearch.wwff.co/directory/KFF-3814</a><br>Matching POTA park: US-3814 Hensley-Pine Mountain Wildlife Management Area — <a href="https://next.pota.app/park/US-3814">https://next.pota.app/park/US-3814</a><br>Official map: <a href="https://fw.ky.gov/More/Documents/Hensley-PineMountainWMA_ALL.pdf">https://fw.ky.gov/More/Documents/Hensley-PineMountainWMA_ALL.pdf</a><br>Website: <a href="https://fw.ky.gov/More/Documents/Hensley-PineMountainWMA_ALL.pdf">https://fw.ky.gov/More/Documents/Hensley-PineMountainWMA_ALL.pdf</a><br>Verify WWFF rules and boundaries before activating.]]></description><Point><coordinates>-82.91394,37.02505,0</coordinates></Point></Placemark>
<Placemark><name>KFF-3815 Higginson-Henry</name><styleUrl>#kff</styleUrl><description><![CDATA[Higginson-Henry<br>WWFF Logsearch: <a href="https://logsearch.wwff.co/directory/KFF-3815">https://logsearch.wwff.co/directory/KFF-3815</a><br>Matching POTA park: US-3815 Higginson-Henry Wildlife Management Area — <a href="https://next.pota.app/park/US-3815">https://next.pota.app/park/US-3815</a><br>Official map: <a href="https://fw.ky.gov/More/Documents/Higginson-HenryWMA_ALL.pdf">https://fw.ky.gov/More/Documents/Higginson-HenryWMA_ALL.pdf</a><br>Website: <a href="https://app.fw.ky.gov/public_lands_search/detail.aspx?Kdfwr_id=132">https://app.fw.ky.gov/public_lands_search/detail.aspx?Kdfwr_id=132</a><br>Verify WWFF rules and boundaries before activating.]]></description><Point><coordinates>-87.87955,37.63571,0</coordinates></Point></Placemark>
<Placemark><name>KFF-3816 John A. Kleber</name><styleUrl>#kff</styleUrl><description><![CDATA[John A. Kleber<br>WWFF Logsearch: <a href="https://logsearch.wwff.co/directory/KFF-3816">https://logsearch.wwff.co/directory/KFF-3816</a><br>Matching POTA park: US-3816 John A. Kleber Wildlife Management Area — <a href="https://next.pota.app/park/US-3816">https://next.pota.app/park/US-3816</a><br>Official map: <a href="https://fw.ky.gov/More/Documents/John_A_Kleber_WMA_ALL.pdf">https://fw.ky.gov/More/Documents/John_A_Kleber_WMA_ALL.pdf</a><br>Website: <a href="https://app.fw.ky.gov/public_lands_search/detail.aspx?Kdfwr_id=14">https://app.fw.ky.gov/public_lands_search/detail.aspx?Kdfwr_id=14</a><br>Verify WWFF rules and boundaries before activating.]]></description><Point><coordinates>-84.78471,38.35804,0</coordinates></Point></Placemark>
<Placemark><name>KFF-3817 John C. Williams</name><styleUrl>#kff</styleUrl><description><![CDATA[John C. Williams<br>WWFF Logsearch: <a href="https://logsearch.wwff.co/directory/KFF-3817">https://logsearch.wwff.co/directory/KFF-3817</a><br>Matching POTA park: US-3817 John C. Williams Wildlife Management Area — <a href="https://next.pota.app/park/US-3817">https://next.pota.app/park/US-3817</a><br>Official map: <a href="https://fw.ky.gov/More/Documents/JohnCWilliamsWMA_ALL.pdf">https://fw.ky.gov/More/Documents/JohnCWilliamsWMA_ALL.pdf</a><br>Website: <a href="https://app.fw.ky.gov/public_lands_search/detail.aspx?Kdfwr_id=238">https://app.fw.ky.gov/public_lands_search/detail.aspx?Kdfwr_id=238</a><br>Verify WWFF rules and boundaries before activating.]]></description><Point><coordinates>-85.68407,37.77559,0</coordinates></Point></Placemark>
<Placemark><name>KFF-3818 Jones-Keeney</name><styleUrl>#kff</styleUrl><description><![CDATA[Jones-Keeney<br>WWFF Logsearch: <a href="https://logsearch.wwff.co/directory/KFF-3818">https://logsearch.wwff.co/directory/KFF-3818</a><br>Matching POTA park: US-3818 Jones-Keeney Wildlife Management Area — <a href="https://next.pota.app/park/US-3818">https://next.pota.app/park/US-3818</a><br>Official map: <a href="https://fw.ky.gov/More/Documents/Jones-KeeneyWMA_All.pdf">https://fw.ky.gov/More/Documents/Jones-KeeneyWMA_All.pdf</a><br>Website: <a href="https://fw.ky.gov/More/Documents/Jones-KeeneyWMA_All.pdf">https://fw.ky.gov/More/Documents/Jones-KeeneyWMA_All.pdf</a><br>Verify WWFF rules and boundaries before activating.]]></description><Point><coordinates>-87.76411,37.12871,0</coordinates></Point></Placemark>
<Placemark><name>KFF-3819 Kaler Bottoms</name><styleUrl>#kff</styleUrl><description><![CDATA[Kaler Bottoms<br>WWFF Logsearch: <a href="https://logsearch.wwff.co/directory/KFF-3819">https://logsearch.wwff.co/directory/KFF-3819</a><br>Matching POTA park: US-3819 Kaler Bottoms Wildlife Management Area — <a href="https://next.pota.app/park/US-3819">https://next.pota.app/park/US-3819</a><br>Official map: <a href="https://fw.ky.gov/More/Documents/KalerBottomsWMA_All.pdf">https://fw.ky.gov/More/Documents/KalerBottomsWMA_All.pdf</a><br>Website: <a href="https://app.fw.ky.gov/public_lands_search/detail.aspx?Kdfwr_id=21">https://app.fw.ky.gov/public_lands_search/detail.aspx?Kdfwr_id=21</a><br>Verify WWFF rules and boundaries before activating.]]></description><Point><coordinates>-88.52971,36.84104,0</coordinates></Point></Placemark>
<Placemark><name>KFF-3820 Kentucky River</name><styleUrl>#kff</styleUrl><description><![CDATA[Kentucky River<br>WWFF Logsearch: <a href="https://logsearch.wwff.co/directory/KFF-3820">https://logsearch.wwff.co/directory/KFF-3820</a><br>Matching POTA park: US-3820 Kentucky River Wildlife Management Area — <a href="https://next.pota.app/park/US-3820">https://next.pota.app/park/US-3820</a><br>Official map: <a href="https://fw.ky.gov/More/Documents/KentuckyRiverWMA_All.pdf">https://fw.ky.gov/More/Documents/KentuckyRiverWMA_All.pdf</a><br>Website: <a href="https://app.fw.ky.gov/Public_Lands_Search/detail.aspx?Kdfwr_id=169">https://app.fw.ky.gov/Public_Lands_Search/detail.aspx?Kdfwr_id=169</a><br>Verify WWFF rules and boundaries before activating.]]></description><Point><coordinates>-84.91662,38.42609,0</coordinates></Point></Placemark>
<Placemark><name>KFF-3821 L. B. Davison</name><styleUrl>#kff</styleUrl><description><![CDATA[L. B. Davison<br>WWFF Logsearch: <a href="https://logsearch.wwff.co/directory/KFF-3821">https://logsearch.wwff.co/directory/KFF-3821</a><br>Matching POTA park: US-3821 L. B. Davison Wildlife Management Area — <a href="https://next.pota.app/park/US-3821">https://next.pota.app/park/US-3821</a><br>Official map: <a href="https://fw.ky.gov/More/Documents/L.B.DavisonWMA_ALL.pdf">https://fw.ky.gov/More/Documents/L.B.DavisonWMA_ALL.pdf</a><br>Website: <a href="https://fw.ky.gov/More/Documents/L.B.DavisonWMA_ALL.pdf">https://fw.ky.gov/More/Documents/L.B.DavisonWMA_ALL.pdf</a><br>Verify WWFF rules and boundaries before activating.]]></description><Point><coordinates>-86.71243,37.55026,0</coordinates></Point></Placemark>
<Placemark><name>KFF-3822 Lee K. Nelson</name><styleUrl>#kff</styleUrl><description><![CDATA[Lee K. Nelson<br>WWFF Logsearch: <a href="https://logsearch.wwff.co/directory/KFF-3822">https://logsearch.wwff.co/directory/KFF-3822</a><br>Matching POTA park: US-3822 Lee K. Nelson Wildlife Management Area — <a href="https://next.pota.app/park/US-3822">https://next.pota.app/park/US-3822</a><br>Official map: <a href="https://fw.ky.gov/More/Documents/LeeKNelsonWMA_ALL.pdf">https://fw.ky.gov/More/Documents/LeeKNelsonWMA_ALL.pdf</a><br>Website: <a href="https://app.fw.ky.gov/public_lands_search/detail.aspx?Kdfwr_id=9011">https://app.fw.ky.gov/public_lands_search/detail.aspx?Kdfwr_id=9011</a><br>Verify WWFF rules and boundaries before activating.]]></description><Point><coordinates>-87.68641,37.50132,0</coordinates></Point></Placemark>
<Placemark><name>KFF-3823 Livingston County</name><styleUrl>#kff</styleUrl><description><![CDATA[Livingston County<br>WWFF Logsearch: <a href="https://logsearch.wwff.co/directory/KFF-3823">https://logsearch.wwff.co/directory/KFF-3823</a><br>Matching POTA park: US-3823 Livingston County Wildlife Management Area — <a href="https://next.pota.app/park/US-3823">https://next.pota.app/park/US-3823</a><br>Official map: <a href="https://fw.ky.gov/More/Documents/LivingstonCountyWMAandStateNaturalArea_All.pdf">https://fw.ky.gov/More/Documents/LivingstonCountyWMAandStateNaturalArea_All.pdf</a><br>Website: <a href="https://app.fw.ky.gov/Public_Lands_Search/detail.aspx?Kdfwr_id=9117">https://app.fw.ky.gov/Public_Lands_Search/detail.aspx?Kdfwr_id=9117</a><br>Verify WWFF rules and boundaries before activating.]]></description><Point><coordinates>-88.41707,37.33641,0</coordinates></Point></Placemark>
<Placemark><name>KFF-3824 Marion County</name><styleUrl>#kff</styleUrl><description><![CDATA[Marion County<br>WWFF Logsearch: <a href="https://logsearch.wwff.co/directory/KFF-3824">https://logsearch.wwff.co/directory/KFF-3824</a><br>Matching POTA park: US-3824 Marion County Wildlife Management Area — <a href="https://next.pota.app/park/US-3824">https://next.pota.app/park/US-3824</a><br>Official map: <a href="https://fw.ky.gov/More/Documents/MarionCountyWMAandSF_ALL.pdf">https://fw.ky.gov/More/Documents/MarionCountyWMAandSF_ALL.pdf</a><br>Website: <a href="https://fw.ky.gov/More/Documents/MarionCountyWMAandSF_ALL.pdf">https://fw.ky.gov/More/Documents/MarionCountyWMAandSF_ALL.pdf</a><br>Verify WWFF rules and boundaries before activating.]]></description><Point><coordinates>-85.12482,37.53587,0</coordinates></Point></Placemark>
<Placemark><name>KFF-3825 Miller Welch</name><styleUrl>#kff</styleUrl><description><![CDATA[Miller Welch<br>WWFF Logsearch: <a href="https://logsearch.wwff.co/directory/KFF-3825">https://logsearch.wwff.co/directory/KFF-3825</a><br>Matching POTA park: US-3825 Miller Welch Wildlife Management Area — <a href="https://next.pota.app/park/US-3825">https://next.pota.app/park/US-3825</a><br>Official map: <a href="https://fw.ky.gov/More/Documents/MillerWelch-CentralKentuckyWMA_ALL.pdf">https://fw.ky.gov/More/Documents/MillerWelch-CentralKentuckyWMA_ALL.pdf</a><br>Website: <a href="https://app.fw.ky.gov/public_lands_search/detail.aspx?Kdfwr_id=15">https://app.fw.ky.gov/public_lands_search/detail.aspx?Kdfwr_id=15</a><br>Verify WWFF rules and boundaries before activating.]]></description><Point><coordinates>-84.20040,37.63504,0</coordinates></Point></Placemark>
<Placemark><name>KFF-3826 Mullins</name><styleUrl>#kff</styleUrl><description><![CDATA[Mullins<br>WWFF Logsearch: <a href="https://logsearch.wwff.co/directory/KFF-3826">https://logsearch.wwff.co/directory/KFF-3826</a><br>Matching POTA park: US-3826 Mullins Wildlife Management Area — <a href="https://next.pota.app/park/US-3826">https://next.pota.app/park/US-3826</a><br>Official map: <a href="https://fw.ky.gov/More/Documents/MullinsWMA_ALL.pdf">https://fw.ky.gov/More/Documents/MullinsWMA_ALL.pdf</a><br>Website: <a href="https://fw.ky.gov/More/Documents/MullinsWMA_ALL.pdf">https://fw.ky.gov/More/Documents/MullinsWMA_ALL.pdf</a><br>Verify WWFF rules and boundaries before activating.]]></description><Point><coordinates>-84.60777,38.80373,0</coordinates></Point></Placemark>
<Placemark><name>KFF-3827 Obion Creek</name><styleUrl>#kff</styleUrl><description><![CDATA[Obion Creek<br>WWFF Logsearch: <a href="https://logsearch.wwff.co/directory/KFF-3827">https://logsearch.wwff.co/directory/KFF-3827</a><br>Matching POTA park: US-3827 Obion Creek Wildlife Management Area — <a href="https://next.pota.app/park/US-3827">https://next.pota.app/park/US-3827</a><br>Official map: <a href="https://fw.ky.gov/More/Documents/ObionCreekWMA_ALL.pdf">https://fw.ky.gov/More/Documents/ObionCreekWMA_ALL.pdf</a><br>Website: <a href="https://app.fw.ky.gov/Public_Lands_Search/detail.aspx?Kdfwr_id=176">https://app.fw.ky.gov/Public_Lands_Search/detail.aspx?Kdfwr_id=176</a><br>Verify WWFF rules and boundaries before activating.]]></description><Point><coordinates>-89.12552,36.63206,0</coordinates></Point></Placemark>
<Placemark><name>KFF-3828 Peabody</name><styleUrl>#kff</styleUrl><description><![CDATA[Peabody<br>WWFF Logsearch: <a href="https://logsearch.wwff.co/directory/KFF-3828">https://logsearch.wwff.co/directory/KFF-3828</a><br>Matching POTA park: US-3828 Peabody Wildlife Management Area — <a href="https://next.pota.app/park/US-3828">https://next.pota.app/park/US-3828</a><br>Official map: <a href="https://fw.ky.gov/More/Documents/PeabodyAll.pdf">https://fw.ky.gov/More/Documents/PeabodyAll.pdf</a><br>Website: <a href="https://app.fw.ky.gov/public_lands_search/detail.aspx?Kdfwr_id=229">https://app.fw.ky.gov/public_lands_search/detail.aspx?Kdfwr_id=229</a><br>Verify WWFF rules and boundaries before activating.]]></description><Point><coordinates>-87.18441,37.25051,0</coordinates></Point></Placemark>
<Placemark><name>KFF-3829 R. F. Tarter</name><styleUrl>#kff</styleUrl><description><![CDATA[R. F. Tarter<br>WWFF Logsearch: <a href="https://logsearch.wwff.co/directory/KFF-3829">https://logsearch.wwff.co/directory/KFF-3829</a><br>Matching POTA park: US-3829 R. F. Tarter Wildlife Management Area — <a href="https://next.pota.app/park/US-3829">https://next.pota.app/park/US-3829</a><br>Official map: <a href="https://fw.ky.gov/More/Documents/RFTarterWMA_ALL.pdf">https://fw.ky.gov/More/Documents/RFTarterWMA_ALL.pdf</a><br>Website: <a href="https://app.fw.ky.gov/Public_Lands_Search/detail.aspx?Kdfwr_id=171">https://app.fw.ky.gov/Public_Lands_Search/detail.aspx?Kdfwr_id=171</a><br>Verify WWFF rules and boundaries before activating.]]></description><Point><coordinates>-85.07198,37.16373,0</coordinates></Point></Placemark>
<Placemark><name>KFF-3830 Sloughs</name><styleUrl>#kff</styleUrl><description><![CDATA[Sloughs<br>WWFF Logsearch: <a href="https://logsearch.wwff.co/directory/KFF-3830">https://logsearch.wwff.co/directory/KFF-3830</a><br>Matching POTA park: US-3830 Sloughs Wildlife Management Area — <a href="https://next.pota.app/park/US-3830">https://next.pota.app/park/US-3830</a><br>Official map: <a href="https://fw.ky.gov/More/Documents/Sloughs_WMA_All.pdf">https://fw.ky.gov/More/Documents/Sloughs_WMA_All.pdf</a><br>Website: <a href="https://app.fw.ky.gov/Public_Lands_Search/detail.aspx?Kdfwr_id=230">https://app.fw.ky.gov/Public_Lands_Search/detail.aspx?Kdfwr_id=230</a><br>Verify WWFF rules and boundaries before activating.]]></description><Point><coordinates>-87.78016,37.85936,0</coordinates></Point></Placemark>
<Placemark><name>KFF-3831 South Shore</name><styleUrl>#kff</styleUrl><description><![CDATA[South Shore<br>WWFF Logsearch: <a href="https://logsearch.wwff.co/directory/KFF-3831">https://logsearch.wwff.co/directory/KFF-3831</a><br>Matching POTA park: US-3831 South Shore Wildlife Management Area — <a href="https://next.pota.app/park/US-3831">https://next.pota.app/park/US-3831</a><br>Official map: <a href="https://fw.ky.gov/More/Documents/SouthShoreWMA_ALL.pdf">https://fw.ky.gov/More/Documents/SouthShoreWMA_ALL.pdf</a><br>Website: <a href="https://fw.ky.gov/More/Documents/SouthShoreWMA_ALL.pdf">https://fw.ky.gov/More/Documents/SouthShoreWMA_ALL.pdf</a><br>Verify WWFF rules and boundaries before activating.]]></description><Point><coordinates>-82.93597,38.73422,0</coordinates></Point></Placemark>
<Placemark><name>KFF-3832 Stone Mountain</name><styleUrl>#kff</styleUrl><description><![CDATA[Stone Mountain<br>WWFF Logsearch: <a href="https://logsearch.wwff.co/directory/KFF-3832">https://logsearch.wwff.co/directory/KFF-3832</a><br>Matching POTA park: US-3832 Stone Mountain Wildlife Management Area — <a href="https://next.pota.app/park/US-3832">https://next.pota.app/park/US-3832</a><br>Official map: <a href="https://fw.ky.gov/More/Documents/StoneMountainWMAandStateNaturalArea_ALL.pdf">https://fw.ky.gov/More/Documents/StoneMountainWMAandStateNaturalArea_ALL.pdf</a><br>Website: <a href="https://fw.ky.gov/More/Documents/StoneMountainWMAandStateNaturalArea_ALL.pdf">https://fw.ky.gov/More/Documents/StoneMountainWMAandStateNaturalArea_ALL.pdf</a><br>Verify WWFF rules and boundaries before activating.]]></description><Point><coordinates>-83.14449,36.75677,0</coordinates></Point></Placemark>
<Placemark><name>KFF-3833 T. N. Sullivan</name><styleUrl>#kff</styleUrl><description><![CDATA[T. N. Sullivan<br>WWFF Logsearch: <a href="https://logsearch.wwff.co/directory/KFF-3833">https://logsearch.wwff.co/directory/KFF-3833</a><br>Matching POTA park: US-3833 T. N. Sullivan Wildlife Management Area — <a href="https://next.pota.app/park/US-3833">https://next.pota.app/park/US-3833</a><br>Official map: <a href="https://fw.ky.gov/More/Documents/TN_SullivanWMA_All.pdf">https://fw.ky.gov/More/Documents/TN_SullivanWMA_All.pdf</a><br>Website: <a href="https://fw.ky.gov/More/Documents/TN_SullivanWMA_All.pdf">https://fw.ky.gov/More/Documents/TN_SullivanWMA_All.pdf</a><br>Verify WWFF rules and boundaries before activating.]]></description><Point><coordinates>-84.82428,38.27899,0</coordinates></Point></Placemark>
<Placemark><name>KFF-3834 Tradewater</name><styleUrl>#kff</styleUrl><description><![CDATA[Tradewater<br>WWFF Logsearch: <a href="https://logsearch.wwff.co/directory/KFF-3834">https://logsearch.wwff.co/directory/KFF-3834</a><br>Matching POTA park: US-3834 Tradewater Wildlife Management Area — <a href="https://next.pota.app/park/US-3834">https://next.pota.app/park/US-3834</a><br>Official map: <a href="https://fw.ky.gov/More/Documents/PennyrileStateForestandTradewaterWMA_ALL.pdf">https://fw.ky.gov/More/Documents/PennyrileStateForestandTradewaterWMA_ALL.pdf</a><br>Website: <a href="https://app.fw.ky.gov/Public_Lands_Search/detail.aspx?Kdfwr_id=128">https://app.fw.ky.gov/Public_Lands_Search/detail.aspx?Kdfwr_id=128</a><br>Verify WWFF rules and boundaries before activating.]]></description><Point><coordinates>-87.67004,37.15136,0</coordinates></Point></Placemark>
<Placemark><name>KFF-3835 Twin Eagle</name><styleUrl>#kff</styleUrl><description><![CDATA[Twin Eagle<br>WWFF Logsearch: <a href="https://logsearch.wwff.co/directory/KFF-3835">https://logsearch.wwff.co/directory/KFF-3835</a><br>Matching POTA park: US-3835 Twin Eagle Wildlife Management Area — <a href="https://next.pota.app/park/US-3835">https://next.pota.app/park/US-3835</a><br>Official map: <a href="https://fw.ky.gov/More/Documents/TwinEagleWMA_ALL.pdf">https://fw.ky.gov/More/Documents/TwinEagleWMA_ALL.pdf</a><br>Website: <a href="https://fw.ky.gov/More/Documents/TwinEagleWMA_ALL.pdf">https://fw.ky.gov/More/Documents/TwinEagleWMA_ALL.pdf</a><br>Verify WWFF rules and boundaries before activating.]]></description><Point><coordinates>-85.03194,38.57473,0</coordinates></Point></Placemark>
<Placemark><name>KFF-3836 Veterans Memorial</name><styleUrl>#kff</styleUrl><description><![CDATA[Veterans Memorial<br>WWFF Logsearch: <a href="https://logsearch.wwff.co/directory/KFF-3836">https://logsearch.wwff.co/directory/KFF-3836</a><br>Matching POTA park: US-3836 Veterans Memorial Wildlife Management Area — <a href="https://next.pota.app/park/US-3836">https://next.pota.app/park/US-3836</a><br>Official map: <a href="https://fw.ky.gov/More/Documents/Veterans_Memorial_WMA_all.pdf">https://fw.ky.gov/More/Documents/Veterans_Memorial_WMA_all.pdf</a><br>Website: <a href="https://app.fw.ky.gov/Public_Lands_Search/detail.aspx?Kdfwr_id=9202">https://app.fw.ky.gov/Public_Lands_Search/detail.aspx?Kdfwr_id=9202</a><br>Verify WWFF rules and boundaries before activating.]]></description><Point><coordinates>-84.54838,38.32112,0</coordinates></Point></Placemark>
<Placemark><name>KFF-3837 West Kentucky</name><styleUrl>#kff</styleUrl><description><![CDATA[West Kentucky<br>WWFF Logsearch: <a href="https://logsearch.wwff.co/directory/KFF-3837">https://logsearch.wwff.co/directory/KFF-3837</a><br>Matching POTA park: US-3837 West Kentucky Wildlife Management Area — <a href="https://next.pota.app/park/US-3837">https://next.pota.app/park/US-3837</a><br>Official map: <a href="https://fw.ky.gov/More/Documents/West_Kentucky_WMA.pdf">https://fw.ky.gov/More/Documents/West_Kentucky_WMA.pdf</a><br>Website: <a href="https://app.fw.ky.gov/public_lands_search/detail.aspx?Kdfwr_id=137">https://app.fw.ky.gov/public_lands_search/detail.aspx?Kdfwr_id=137</a><br>Verify WWFF rules and boundaries before activating.]]></description><Point><coordinates>-88.82137,37.11454,0</coordinates></Point></Placemark>
<Placemark><name>KFF-3838 Winford</name><styleUrl>#kff</styleUrl><description><![CDATA[Winford<br>WWFF Logsearch: <a href="https://logsearch.wwff.co/directory/KFF-3838">https://logsearch.wwff.co/directory/KFF-3838</a><br>Matching POTA park: US-3838 Winford Wildlife Management Area — <a href="https://next.pota.app/park/US-3838">https://next.pota.app/park/US-3838</a><br>Official map: <a href="https://fw.ky.gov/More/Documents/WinfordWMA_ALL.pdf">https://fw.ky.gov/More/Documents/WinfordWMA_ALL.pdf</a><br>Website: <a href="https://fw.ky.gov/More/Documents/WinfordWMA_ALL.pdf">https://fw.ky.gov/More/Documents/WinfordWMA_ALL.pdf</a><br>Verify WWFF rules and boundaries before activating.]]></description><Point><coordinates>-89.05777,36.92229,0</coordinates></Point></Placemark>
<Placemark><name>KFF-3839 Yatesville Lake</name><styleUrl>#kff</styleUrl><description><![CDATA[Yatesville Lake<br>WWFF Logsearch: <a href="https://logsearch.wwff.co/directory/KFF-3839">https://logsearch.wwff.co/directory/KFF-3839</a><br>Matching POTA park: US-3839 Yatesville Lake Wildlife Management Area — <a href="https://next.pota.app/park/US-3839">https://next.pota.app/park/US-3839</a><br>Official map: <a href="https://fw.ky.gov/More/Documents/YatesvilleLakeWMA_ALL.pdf">https://fw.ky.gov/More/Documents/YatesvilleLakeWMA_ALL.pdf</a><br>Website: <a href="https://app.fw.ky.gov/Public_Lands_Search/detail.aspx?Kdfwr_id=23">https://app.fw.ky.gov/Public_Lands_Search/detail.aspx?Kdfwr_id=23</a><br>Verify WWFF rules and boundaries before activating.]]></description><Point><coordinates>-82.76413,38.08593,0</coordinates></Point></Placemark>
<Placemark><name>KFF-3840 Yellowbank</name><styleUrl>#kff</styleUrl><description><![CDATA[Yellowbank<br>WWFF Logsearch: <a href="https://logsearch.wwff.co/directory/KFF-3840">https://logsearch.wwff.co/directory/KFF-3840</a><br>Matching POTA park: US-3840 Yellowbank Wildlife Management Area — <a href="https://next.pota.app/park/US-3840">https://next.pota.app/park/US-3840</a><br>Official map: <a href="https://fw.ky.gov/More/Documents/YellowbankWMA_ALL.pdf">https://fw.ky.gov/More/Documents/YellowbankWMA_ALL.pdf</a><br>Website: <a href="https://app.fw.ky.gov/public_lands_search/detail.aspx?Kdfwr_id=192">https://app.fw.ky.gov/public_lands_search/detail.aspx?Kdfwr_id=192</a><br>Verify WWFF rules and boundaries before activating.]]></description><Point><coordinates>-86.51085,38.01740,0</coordinates></Point></Placemark>
<Placemark><name>KFF-4511 Daniel Boone</name><styleUrl>#kff</styleUrl><description><![CDATA[Daniel Boone<br>WWFF Logsearch: <a href="https://logsearch.wwff.co/directory/KFF-4511">https://logsearch.wwff.co/directory/KFF-4511</a><br>Matching POTA park: US-4484 Daniel Boone National Forest — <a href="https://next.pota.app/park/US-4484">https://next.pota.app/park/US-4484</a><br>Official map: <a href="https://www.fs.usda.gov/r08/danielboone/maps-guides">https://www.fs.usda.gov/r08/danielboone/maps-guides</a><br>Website: <a href="https://www.fs.usda.gov/dbnf/">https://www.fs.usda.gov/dbnf/</a><br>Verify WWFF rules and boundaries before activating.]]></description><Point><coordinates>-84.15371,37.40292,0</coordinates></Point></Placemark>
<Placemark><name>KFF-4708 Camp Nelson</name><styleUrl>#kff</styleUrl><description><![CDATA[Camp Nelson<br>WWFF Logsearch: <a href="https://logsearch.wwff.co/directory/KFF-4708">https://logsearch.wwff.co/directory/KFF-4708</a><br>Matching POTA park: US-7950 Camp Nelson National Monument — <a href="https://next.pota.app/park/US-7950">https://next.pota.app/park/US-7950</a><br>Official map: <a href="https://www.nps.gov/cane/planyourvisit/maps.htm">https://www.nps.gov/cane/planyourvisit/maps.htm</a><br>Website: <a href="https://www.nps.gov/cane/index.htm">https://www.nps.gov/cane/index.htm</a><br>Verify WWFF rules and boundaries before activating.]]></description><Point><coordinates>-84.59427,37.79514,0</coordinates></Point></Placemark>
<Placemark><name>KFF-6295 Jefferson (KY)</name><styleUrl>#kff</styleUrl><description><![CDATA[Jefferson (KY)<br>WWFF Logsearch: <a href="https://logsearch.wwff.co/directory/KFF-6295">https://logsearch.wwff.co/directory/KFF-6295</a><br>Matching POTA park: US-4526 George Washington &amp; Jefferson National Forest — <a href="https://next.pota.app/park/US-4526">https://next.pota.app/park/US-4526</a><br>Website: <a href="https://www.fs.usda.gov/gwj">https://www.fs.usda.gov/gwj</a><br>Verify WWFF rules and boundaries before activating.]]></description><Point><coordinates>-82.73320,37.08680,0</coordinates></Point></Placemark>
<Placemark><name>KFF-6607 Green River</name><styleUrl>#kff</styleUrl><description><![CDATA[Green River<br>WWFF Logsearch: <a href="https://logsearch.wwff.co/directory/KFF-6607">https://logsearch.wwff.co/directory/KFF-6607</a><br>Matching POTA park: US-10098 Green River National Wildlife Refuge — <a href="https://next.pota.app/park/US-10098">https://next.pota.app/park/US-10098</a><br>Official map: <a href="https://www.fws.gov/sites/default/files/documents/2024-12/2024-hunt-map-508.pdf">https://www.fws.gov/sites/default/files/documents/2024-12/2024-hunt-map-508.pdf</a><br>Website: <a href="https://www.fws.gov/refuge/green-river/visit-us/locations/green-river-national-wildlife-refuge">https://www.fws.gov/refuge/green-river/visit-us/locations/green-river-national-wildlife-refuge</a><br>Verify WWFF rules and boundaries before activating.]]></description><Point><coordinates>-87.52820,37.89980,0</coordinates></Point></Placemark>
<Placemark><name>KFF-6608 Ohio River Islands (KY)</name><styleUrl>#kff</styleUrl><description><![CDATA[Ohio River Islands (KY)<br>WWFF Logsearch: <a href="https://logsearch.wwff.co/directory/KFF-6608">https://logsearch.wwff.co/directory/KFF-6608</a><br>Matching POTA park: US-10150 Ohio River Islands (KY) (POTA) — <a href="https://next.pota.app/park/US-10150">https://next.pota.app/park/US-10150</a><br>Verify WWFF rules and boundaries before activating.]]></description><Point><coordinates>-83.58500,38.68680,0</coordinates></Point></Placemark>
<Placemark><name>KFF-6863 Natural Bridge</name><styleUrl>#kff</styleUrl><description><![CDATA[Natural Bridge<br>WWFF Logsearch: <a href="https://logsearch.wwff.co/directory/KFF-6863">https://logsearch.wwff.co/directory/KFF-6863</a><br>Website: <a href="https://parks.ky.gov/slade/parks/resort/natural-bridge-state-resort-park">https://parks.ky.gov/slade/parks/resort/natural-bridge-state-resort-park</a><br>Note: Not an official KFF-POTA match. Related nearby POTA park: US-1286 Natural Bridge State Park — its links and access points are shown for convenience; check boundaries.<br>Verify WWFF rules and boundaries before activating.]]></description><Point><coordinates>-83.68330,37.77680,0</coordinates></Point></Placemark>
<Placemark><name>KFF-6864 Green River</name><styleUrl>#kff</styleUrl><description><![CDATA[Green River<br>WWFF Logsearch: <a href="https://logsearch.wwff.co/directory/KFF-6864">https://logsearch.wwff.co/directory/KFF-6864</a><br>Matching POTA park: US-7951 Green River State Forest — <a href="https://next.pota.app/park/US-7951">https://next.pota.app/park/US-7951</a><br>Website: <a href="https://eec.ky.gov/Natural-Resources/Forestry/ky-state-forests/Pages/Green-River-State-Forest.aspx">https://eec.ky.gov/Natural-Resources/Forestry/ky-state-forests/Pages/Green-River-State-Forest.aspx</a><br>Verify WWFF rules and boundaries before activating.]]></description><Point><coordinates>-87.48220,37.88590,0</coordinates></Point></Placemark>
<Placemark><name>KFF-6865 Kentenia</name><styleUrl>#kff</styleUrl><description><![CDATA[Kentenia<br>WWFF Logsearch: <a href="https://logsearch.wwff.co/directory/KFF-6865">https://logsearch.wwff.co/directory/KFF-6865</a><br>Matching POTA park: US-4688 Kentenia State Forest — <a href="https://next.pota.app/park/US-4688">https://next.pota.app/park/US-4688</a><br>Official map: <a href="https://eec.ky.gov/Natural-Resources/Forestry/Documents/KenteniaStateForest_ALL.pdf">https://eec.ky.gov/Natural-Resources/Forestry/Documents/KenteniaStateForest_ALL.pdf</a><br>Website: <a href="https://eec.ky.gov/Natural-Resources/Forestry/ky-state-forests/Pages/Kentenia-State-Forest.aspx">https://eec.ky.gov/Natural-Resources/Forestry/ky-state-forests/Pages/Kentenia-State-Forest.aspx</a><br>Verify WWFF rules and boundaries before activating.]]></description><Point><coordinates>-83.22250,36.91810,0</coordinates></Point></Placemark>
<Placemark><name>KFF-6866 Kentucky Ridge</name><styleUrl>#kff</styleUrl><description><![CDATA[Kentucky Ridge<br>WWFF Logsearch: <a href="https://logsearch.wwff.co/directory/KFF-6866">https://logsearch.wwff.co/directory/KFF-6866</a><br>Matching POTA park: US-4689 Kentucky Ridge State Forest — <a href="https://next.pota.app/park/US-4689">https://next.pota.app/park/US-4689</a><br>Official map: <a href="https://eec.ky.gov/Natural-Resources/Forestry/Documents/KentuckyRidgeStateForest_ALL.pdf">https://eec.ky.gov/Natural-Resources/Forestry/Documents/KentuckyRidgeStateForest_ALL.pdf</a><br>Website: <a href="https://eec.ky.gov/Natural-Resources/Forestry/ky-state-forests/Pages/Kentucky-Ridge-State-Forest.aspx">https://eec.ky.gov/Natural-Resources/Forestry/ky-state-forests/Pages/Kentucky-Ridge-State-Forest.aspx</a><br>Verify WWFF rules and boundaries before activating.]]></description><Point><coordinates>-83.80690,36.68410,0</coordinates></Point></Placemark>
<Placemark><name>KFF-6867 Pennyrile</name><styleUrl>#kff</styleUrl><description><![CDATA[Pennyrile<br>WWFF Logsearch: <a href="https://logsearch.wwff.co/directory/KFF-6867">https://logsearch.wwff.co/directory/KFF-6867</a><br>Matching POTA park: US-4692 Pennyrile State Forest — <a href="https://next.pota.app/park/US-4692">https://next.pota.app/park/US-4692</a><br>Official map: <a href="https://eec.ky.gov/Natural-Resources/Forestry/Documents/PennyrileStateForestandTradewaterWMA_ALL.pdf">https://eec.ky.gov/Natural-Resources/Forestry/Documents/PennyrileStateForestandTradewaterWMA_ALL.pdf</a><br>Website: <a href="https://parks.ky.gov/dawson-springs/parks/resort/pennyrile-forest-state-resort-park">https://parks.ky.gov/dawson-springs/parks/resort/pennyrile-forest-state-resort-park</a><br>Verify WWFF rules and boundaries before activating.]]></description><Point><coordinates>-87.67000,37.07230,0</coordinates></Point></Placemark>
<Placemark><name>KFF-6868 Rolleigh Peterson</name><styleUrl>#kff</styleUrl><description><![CDATA[Rolleigh Peterson<br>WWFF Logsearch: <a href="https://logsearch.wwff.co/directory/KFF-6868">https://logsearch.wwff.co/directory/KFF-6868</a><br>Verify WWFF rules and boundaries before activating.]]></description><Point><coordinates>-85.46350,38.19160,0</coordinates></Point></Placemark>
<Placemark><name>KFF-6869 Tygarts</name><styleUrl>#kff</styleUrl><description><![CDATA[Tygarts<br>WWFF Logsearch: <a href="https://logsearch.wwff.co/directory/KFF-6869">https://logsearch.wwff.co/directory/KFF-6869</a><br>Matching POTA park: US-4693 Tygarts State Forest — <a href="https://next.pota.app/park/US-4693">https://next.pota.app/park/US-4693</a><br>Official map: <a href="https://eec.ky.gov/Natural-Resources/Forestry/Documents/TygartsStateForest_ALL.pdf">https://eec.ky.gov/Natural-Resources/Forestry/Documents/TygartsStateForest_ALL.pdf</a><br>Website: <a href="https://eec.ky.gov/Natural-Resources/Forestry/ky-state-forests/Pages/Tygarts-State-Forest.aspx">https://eec.ky.gov/Natural-Resources/Forestry/ky-state-forests/Pages/Tygarts-State-Forest.aspx</a><br>Verify WWFF rules and boundaries before activating.]]></description><Point><coordinates>-83.14880,38.38480,0</coordinates></Point></Placemark>
<Placemark><name>KFF-6870 Little South Fork</name><styleUrl>#kff</styleUrl><description><![CDATA[Little South Fork<br>WWFF Logsearch: <a href="https://logsearch.wwff.co/directory/KFF-6870">https://logsearch.wwff.co/directory/KFF-6870</a><br>Matching POTA park: US-7962 Little South Fork State Natural Area — <a href="https://next.pota.app/park/US-7962">https://next.pota.app/park/US-7962</a><br>Website: <a href="https://eec.ky.gov/Nature-Preserves/Locations/Pages/Burnett-WWCA.aspx">https://eec.ky.gov/Nature-Preserves/Locations/Pages/Burnett-WWCA.aspx</a><br>Verify WWFF rules and boundaries before activating.]]></description><Point><coordinates>-84.71490,36.69810,0</coordinates></Point></Placemark>
<Placemark><name>KFF-6871 Martin's Fork</name><styleUrl>#kff</styleUrl><description><![CDATA[Martin's Fork<br>WWFF Logsearch: <a href="https://logsearch.wwff.co/directory/KFF-6871">https://logsearch.wwff.co/directory/KFF-6871</a><br>Matching POTA park: US-7969 Martin's Fork (POTA) — <a href="https://next.pota.app/park/US-7969">https://next.pota.app/park/US-7969</a><br>Verify WWFF rules and boundaries before activating.]]></description><Point><coordinates>-83.25840,36.73660,0</coordinates></Point></Placemark>
<Placemark><name>KFF-6872 Sinking Creek</name><styleUrl>#kff</styleUrl><description><![CDATA[Sinking Creek<br>WWFF Logsearch: <a href="https://logsearch.wwff.co/directory/KFF-6872">https://logsearch.wwff.co/directory/KFF-6872</a><br>Matching POTA park: US-7970 Sinking Creek State Natural Area — <a href="https://next.pota.app/park/US-7970">https://next.pota.app/park/US-7970</a><br>Website: <a href="https://eec.ky.gov/Nature-Preserves/Locations/Pages/Sinking-Creek.aspx">https://eec.ky.gov/Nature-Preserves/Locations/Pages/Sinking-Creek.aspx</a><br>Verify WWFF rules and boundaries before activating.]]></description><Point><coordinates>-84.23390,37.10520,0</coordinates></Point></Placemark>
<Placemark><name>KFF-6873 William H. Martin</name><styleUrl>#kff</styleUrl><description><![CDATA[William H. Martin<br>WWFF Logsearch: <a href="https://logsearch.wwff.co/directory/KFF-6873">https://logsearch.wwff.co/directory/KFF-6873</a><br>Matching POTA park: US-7964 William H. Martin State Natural Area — <a href="https://next.pota.app/park/US-7964">https://next.pota.app/park/US-7964</a><br>Website: <a href="https://eec.ky.gov/Nature-Preserves/Locations/Pages/Dr.-William-H.-Martin-WWCA.aspx">https://eec.ky.gov/Nature-Preserves/Locations/Pages/Dr.-William-H.-Martin-WWCA.aspx</a><br>Verify WWFF rules and boundaries before activating.]]></description><Point><coordinates>-84.33490,37.03520,0</coordinates></Point></Placemark>
<Placemark><name>KFF-6874 Axe Lake</name><styleUrl>#kff</styleUrl><description><![CDATA[Axe Lake<br>WWFF Logsearch: <a href="https://logsearch.wwff.co/directory/KFF-6874">https://logsearch.wwff.co/directory/KFF-6874</a><br>Verify WWFF rules and boundaries before activating.]]></description><Point><coordinates>-89.08195,37.08250,0</coordinates></Point></Placemark>
<Placemark><name>KFF-6875 Bad Branch</name><styleUrl>#kff</styleUrl><description><![CDATA[Bad Branch<br>WWFF Logsearch: <a href="https://logsearch.wwff.co/directory/KFF-6875">https://logsearch.wwff.co/directory/KFF-6875</a><br>Matching POTA park: US-7966 Bad Branch State Nature Preserve — <a href="https://next.pota.app/park/US-7966">https://next.pota.app/park/US-7966</a><br>Official map: <a href="https://eec.ky.gov/Nature-Preserves/Brochures/BadBranchbrochure_bw.pdf">https://eec.ky.gov/Nature-Preserves/Brochures/BadBranchbrochure_bw.pdf</a><br>Website: <a href="https://eec.ky.gov/Nature-Preserves/Locations/Pages/Bad-Branch.aspx">https://eec.ky.gov/Nature-Preserves/Locations/Pages/Bad-Branch.aspx</a><br>Verify WWFF rules and boundaries before activating.]]></description><Point><coordinates>-82.77190,37.06760,0</coordinates></Point></Placemark>
<Placemark><name>KFF-6876 Blanton Forest</name><styleUrl>#kff</styleUrl><description><![CDATA[Blanton Forest<br>WWFF Logsearch: <a href="https://logsearch.wwff.co/directory/KFF-6876">https://logsearch.wwff.co/directory/KFF-6876</a><br>Matching POTA park: US-7967 Blanton Forest State Nature Preserve — <a href="https://next.pota.app/park/US-7967">https://next.pota.app/park/US-7967</a><br>Official map: <a href="https://eec.ky.gov/Nature-Preserves/Brochures/BlantonForestbrochure_color.pdf">https://eec.ky.gov/Nature-Preserves/Brochures/BlantonForestbrochure_color.pdf</a><br>Website: <a href="https://eec.ky.gov/Nature-Preserves/Locations/Pages/Blanton-Forest.aspx">https://eec.ky.gov/Nature-Preserves/Locations/Pages/Blanton-Forest.aspx</a><br>Verify WWFF rules and boundaries before activating.]]></description><Point><coordinates>-83.38210,36.85920,0</coordinates></Point></Placemark>
<Placemark><name>KFF-6877 Blue Licks</name><styleUrl>#kff</styleUrl><description><![CDATA[Blue Licks<br>WWFF Logsearch: <a href="https://logsearch.wwff.co/directory/KFF-6877">https://logsearch.wwff.co/directory/KFF-6877</a><br>Website: <a href="https://parks.ky.gov/carlisle/parks/historic/blue-licks-battlefield-state-resort-park">https://parks.ky.gov/carlisle/parks/historic/blue-licks-battlefield-state-resort-park</a><br>Note: Not an official KFF-POTA match. Related nearby POTA park: US-1274 Blue Licks Battlefield State Park — its links and access points are shown for convenience; check boundaries.<br>Verify WWFF rules and boundaries before activating.]]></description><Point><coordinates>-83.99540,38.43180,0</coordinates></Point></Placemark>
<Placemark><name>KFF-6878 Brigadoon</name><styleUrl>#kff</styleUrl><description><![CDATA[Brigadoon<br>WWFF Logsearch: <a href="https://logsearch.wwff.co/directory/KFF-6878">https://logsearch.wwff.co/directory/KFF-6878</a><br>Matching POTA park: US-7965 Brigadoon State Nature Preserve — <a href="https://next.pota.app/park/US-7965">https://next.pota.app/park/US-7965</a><br>Official map: <a href="https://eec.ky.gov/Nature-Preserves/Brochures/BrigadoonBrochure_bw.pdf">https://eec.ky.gov/Nature-Preserves/Brochures/BrigadoonBrochure_bw.pdf</a><br>Website: <a href="https://eec.ky.gov/Nature-Preserves/Locations/Pages/Brigadoon.aspx">https://eec.ky.gov/Nature-Preserves/Locations/Pages/Brigadoon.aspx</a><br>Verify WWFF rules and boundaries before activating.]]></description><Point><coordinates>-85.98110,36.89780,0</coordinates></Point></Placemark>
<Placemark><name>KFF-6879 E. Lucy Braun</name><styleUrl>#kff</styleUrl><description><![CDATA[E. Lucy Braun<br>WWFF Logsearch: <a href="https://logsearch.wwff.co/directory/KFF-6879">https://logsearch.wwff.co/directory/KFF-6879</a><br>Matching POTA park: US-7968 E. Lucy Braun State Nature Preserve — <a href="https://next.pota.app/park/US-7968">https://next.pota.app/park/US-7968</a><br>Website: <a href="https://eec.ky.gov/Nature-Preserves/Locations/Pages/E.-Lucy-Braun.aspx">https://eec.ky.gov/Nature-Preserves/Locations/Pages/E.-Lucy-Braun.aspx</a><br>Verify WWFF rules and boundaries before activating.]]></description><Point><coordinates>-83.10940,36.96490,0</coordinates></Point></Placemark>
<Placemark><name>KFF-6880 Frances Johnson Palk</name><styleUrl>#kff</styleUrl><description><![CDATA[Frances Johnson Palk<br>WWFF Logsearch: <a href="https://logsearch.wwff.co/directory/KFF-6880">https://logsearch.wwff.co/directory/KFF-6880</a><br>Verify WWFF rules and boundaries before activating.]]></description><Point><coordinates>-84.35970,37.90270,0</coordinates></Point></Placemark>
<Placemark><name>KFF-6881 Green River</name><styleUrl>#kff</styleUrl><description><![CDATA[Green River<br>WWFF Logsearch: <a href="https://logsearch.wwff.co/directory/KFF-6881">https://logsearch.wwff.co/directory/KFF-6881</a><br>Website: <a href="https://eec.ky.gov/Nature-Preserves/Locations/Pages/Rush-Island-Bottoms.aspx">https://eec.ky.gov/Nature-Preserves/Locations/Pages/Rush-Island-Bottoms.aspx</a><br>Note: Same official website as POTA US-12752 (Rush Island Bottoms, Green River State Natural Area). The WWFF directory lists coordinates in North Carolina (35.16420, -82.58400), which are wrong, so the GPS here uses the POTA park location — confirm before you travel. Not an official KFF-POTA match. Related nearby POTA park: US-12752 Green River State Natural Area — its links and access points are shown for convenience; check boundaries.<br>Verify WWFF rules and boundaries before activating.]]></description><Point><coordinates>-85.9104,37.2603,0</coordinates></Point></Placemark>
<Placemark><name>KFF-6882 Hall Hill/Vernon-Douglas</name><styleUrl>#kff</styleUrl><description><![CDATA[Hall Hill/Vernon-Douglas<br>WWFF Logsearch: <a href="https://logsearch.wwff.co/directory/KFF-6882">https://logsearch.wwff.co/directory/KFF-6882</a><br>Matching POTA park: US-7957 Hall-Hill/Vernon-Douglas State Nature Preserve — <a href="https://next.pota.app/park/US-7957">https://next.pota.app/park/US-7957</a><br>Official map: <a href="https://eec.ky.gov/Nature-Preserves/Brochures/VernonDouglasBrochure_bw.pdf">https://eec.ky.gov/Nature-Preserves/Brochures/VernonDouglasBrochure_bw.pdf</a><br>Website: <a href="https://eec.ky.gov/Nature-Preserves/Locations/Pages/Vernon-Douglas.aspx">https://eec.ky.gov/Nature-Preserves/Locations/Pages/Vernon-Douglas.aspx</a><br>Verify WWFF rules and boundaries before activating.]]></description><Point><coordinates>-85.70770,37.73330,0</coordinates></Point></Placemark>
<Placemark><name>KFF-6883 James E Bickford</name><styleUrl>#kff</styleUrl><description><![CDATA[James E Bickford<br>WWFF Logsearch: <a href="https://logsearch.wwff.co/directory/KFF-6883">https://logsearch.wwff.co/directory/KFF-6883</a><br>Verify WWFF rules and boundaries before activating.]]></description><Point><coordinates>-83.18240,36.94800,0</coordinates></Point></Placemark>
<Placemark><name>KFF-6884 Jesse Stuart</name><styleUrl>#kff</styleUrl><description><![CDATA[Jesse Stuart<br>WWFF Logsearch: <a href="https://logsearch.wwff.co/directory/KFF-6884">https://logsearch.wwff.co/directory/KFF-6884</a><br>Matching POTA park: US-7961 Jesse Stuart State Nature Preserve — <a href="https://next.pota.app/park/US-7961">https://next.pota.app/park/US-7961</a><br>Website: <a href="https://eec.ky.gov/Nature-Preserves/Locations/Pages/Jesse-Stuart.aspx">https://eec.ky.gov/Nature-Preserves/Locations/Pages/Jesse-Stuart.aspx</a><br>Verify WWFF rules and boundaries before activating.]]></description><Point><coordinates>-82.84150,38.54710,0</coordinates></Point></Placemark>
<Placemark><name>KFF-6885 Kentucky River Palisades/Tom Dorman</name><styleUrl>#kff</styleUrl><description><![CDATA[Kentucky River Palisades/Tom Dorman<br>WWFF Logsearch: <a href="https://logsearch.wwff.co/directory/KFF-6885">https://logsearch.wwff.co/directory/KFF-6885</a><br>Matching POTA park: US-7958 Kentucky River Palisades/Tom Dorman State Nature Preserve — <a href="https://next.pota.app/park/US-7958">https://next.pota.app/park/US-7958</a><br>Official map: <a href="https://eec.ky.gov/Nature-Preserves/Brochures/TomDormanBrochure_bw.pdf">https://eec.ky.gov/Nature-Preserves/Brochures/TomDormanBrochure_bw.pdf</a><br>Website: <a href="https://eec.ky.gov/Nature-Preserves/Locations/Pages/Tom-Dorman.aspx">https://eec.ky.gov/Nature-Preserves/Locations/Pages/Tom-Dorman.aspx</a><br>Verify WWFF rules and boundaries before activating.]]></description><Point><coordinates>-84.61720,37.76250,0</coordinates></Point></Placemark>
<Placemark><name>KFF-6886 Pilot Knob</name><styleUrl>#kff</styleUrl><description><![CDATA[Pilot Knob<br>WWFF Logsearch: <a href="https://logsearch.wwff.co/directory/KFF-6886">https://logsearch.wwff.co/directory/KFF-6886</a><br>Matching POTA park: US-7963 Pilot Knob State Nature Preserve — <a href="https://next.pota.app/park/US-7963">https://next.pota.app/park/US-7963</a><br>Official map: <a href="https://eec.ky.gov/Nature-Preserves/Brochures/PilotKnobBrochure_bw.pdf">https://eec.ky.gov/Nature-Preserves/Brochures/PilotKnobBrochure_bw.pdf</a><br>Website: <a href="https://eec.ky.gov/Nature-Preserves/Locations/Pages/Pilot-Knob.aspx">https://eec.ky.gov/Nature-Preserves/Locations/Pages/Pilot-Knob.aspx</a><br>Verify WWFF rules and boundaries before activating.]]></description><Point><coordinates>-83.94500,37.91210,0</coordinates></Point></Placemark>
<Placemark><name>KFF-6889 Knobs</name><styleUrl>#kff</styleUrl><description><![CDATA[Knobs<br>WWFF Logsearch: <a href="https://logsearch.wwff.co/directory/KFF-6889">https://logsearch.wwff.co/directory/KFF-6889</a><br>Official map: <a href="https://fw.ky.gov/More/Documents/KnobsStateForestandWMA_All.pdf">https://fw.ky.gov/More/Documents/KnobsStateForestandWMA_All.pdf</a><br>Website: <a href="https://eec.ky.gov/Natural-Resources/Forestry/ky-state-forests/Pages/Knobs-State-Forest-and-Wildlife-Management-Area.aspx">https://eec.ky.gov/Natural-Resources/Forestry/ky-state-forests/Pages/Knobs-State-Forest-and-Wildlife-Management-Area.aspx</a><br>Note: Not an official KFF-POTA match. Related nearby POTA park: US-4690 Knobs State Forest — its links and access points are shown for convenience; check boundaries.<br>Verify WWFF rules and boundaries before activating.]]></description><Point><coordinates>-85.67630,37.88130,0</coordinates></Point></Placemark>
<Placemark><name>KFF-6891 Marrow</name><styleUrl>#kff</styleUrl><description><![CDATA[Marrow<br>WWFF Logsearch: <a href="https://logsearch.wwff.co/directory/KFF-6891">https://logsearch.wwff.co/directory/KFF-6891</a><br>Verify WWFF rules and boundaries before activating.]]></description><Point><coordinates>-85.13820,37.53500,0</coordinates></Point></Placemark>
<Placemark><name>KFF-7268 Red River</name><styleUrl>#kff</styleUrl><description><![CDATA[Red River<br>WWFF Logsearch: <a href="https://logsearch.wwff.co/directory/KFF-7268">https://logsearch.wwff.co/directory/KFF-7268</a><br>Matching POTA park: US-10104 Red River National Wild and Scenic River — <a href="https://next.pota.app/park/US-10104">https://next.pota.app/park/US-10104</a><br>Official map: <a href="https://usfs-public.app.box.com/s/hl7pijwfnyefzcuebgl6yialfsxae9km">https://usfs-public.app.box.com/s/hl7pijwfnyefzcuebgl6yialfsxae9km</a><br>Website: <a href="https://www.fs.usda.gov/recarea/dbnf/recreation/recarea/?recid=39548">https://www.fs.usda.gov/recarea/dbnf/recreation/recarea/?recid=39548</a><br>Note: POTA match by name/location (not yet in the official KFF-POTA cross reference) — confirm.<br>Verify WWFF rules and boundaries before activating.]]></description><Point><coordinates>-83.57510,37.81990,0</coordinates></Point></Placemark>
<Placemark><name>KFF-7270 Cane Creek</name><styleUrl>#kff</styleUrl><description><![CDATA[Cane Creek<br>WWFF Logsearch: <a href="https://logsearch.wwff.co/directory/KFF-7270">https://logsearch.wwff.co/directory/KFF-7270</a><br>Matching POTA park: US-10121 Cane Creek Wildlife Management Area — <a href="https://next.pota.app/park/US-10121">https://next.pota.app/park/US-10121</a><br>Official map: <a href="https://fw.ky.gov/More/Documents/CaneCreekWMA_ALL.pdf">https://fw.ky.gov/More/Documents/CaneCreekWMA_ALL.pdf</a><br>Website: <a href="https://app.fw.ky.gov/Public_Lands_Search/detail.aspx?Kdfwr_id=38">https://app.fw.ky.gov/Public_Lands_Search/detail.aspx?Kdfwr_id=38</a><br>Note: POTA match by name/location (not yet in the official KFF-POTA cross reference) — confirm.<br>Verify WWFF rules and boundaries before activating.]]></description><Point><coordinates>-84.28530,36.99790,0</coordinates></Point></Placemark>
<Placemark><name>KFF-7271 Crooked Creek</name><styleUrl>#kff</styleUrl><description><![CDATA[Crooked Creek<br>WWFF Logsearch: <a href="https://logsearch.wwff.co/directory/KFF-7271">https://logsearch.wwff.co/directory/KFF-7271</a><br>Matching POTA park: US-7960 Crooked Creek State Nature Preserve — <a href="https://next.pota.app/park/US-7960">https://next.pota.app/park/US-7960</a><br>Website: <a href="https://eec.ky.gov/Nature-Preserves/Locations/Pages/Crooked-Creek.aspx">https://eec.ky.gov/Nature-Preserves/Locations/Pages/Crooked-Creek.aspx</a><br>Note: POTA match by name/location (not yet in the official KFF-POTA cross reference) — confirm.<br>Verify WWFF rules and boundaries before activating.]]></description><Point><coordinates>-83.57220,38.64120,0</coordinates></Point></Placemark>
<Placemark><name>KFF-7272 Dewey Lake</name><styleUrl>#kff</styleUrl><description><![CDATA[Dewey Lake<br>WWFF Logsearch: <a href="https://logsearch.wwff.co/directory/KFF-7272">https://logsearch.wwff.co/directory/KFF-7272</a><br>Matching POTA park: US-4687 Dewey Lake Wildlife Management Area — <a href="https://next.pota.app/park/US-4687">https://next.pota.app/park/US-4687</a><br>Official map: <a href="https://fw.ky.gov/More/Documents/DeweyLakeWMA-ALL.pdf">https://fw.ky.gov/More/Documents/DeweyLakeWMA-ALL.pdf</a><br>Website: <a href="https://fw.ky.gov/More/Documents/DeweyLakeWMA-ALL.pdf">https://fw.ky.gov/More/Documents/DeweyLakeWMA-ALL.pdf</a><br>Note: POTA match by name/location (not yet in the official KFF-POTA cross reference) — confirm.<br>Verify WWFF rules and boundaries before activating.]]></description><Point><coordinates>-82.72890,37.73630,0</coordinates></Point></Placemark>
<Placemark><name>KFF-7366 Ferguson Creek</name><styleUrl>#kff</styleUrl><description><![CDATA[Ferguson Creek<br>WWFF Logsearch: <a href="https://logsearch.wwff.co/directory/KFF-7366">https://logsearch.wwff.co/directory/KFF-7366</a><br>Matching POTA park: US-10128 Ferguson Creek Wildlife Management Area — <a href="https://next.pota.app/park/US-10128">https://next.pota.app/park/US-10128</a><br>Official map: <a href="https://fw.ky.gov/More/Documents/FergusonCreekWMA_All.pdf">https://fw.ky.gov/More/Documents/FergusonCreekWMA_All.pdf</a><br>Website: <a href="https://app.fw.ky.gov/Public_Lands_Search/detail.aspx?Kdfwr_id=9715">https://app.fw.ky.gov/Public_Lands_Search/detail.aspx?Kdfwr_id=9715</a><br>Note: POTA match by name/location (not yet in the official KFF-POTA cross reference) — confirm.<br>Verify WWFF rules and boundaries before activating.]]></description><Point><coordinates>-88.34820,37.14890,0</coordinates></Point></Placemark>
<Placemark><name>KFF-7367 Gabbard Branch</name><styleUrl>#kff</styleUrl><description><![CDATA[Gabbard Branch<br>WWFF Logsearch: <a href="https://logsearch.wwff.co/directory/KFF-7367">https://logsearch.wwff.co/directory/KFF-7367</a><br>Matching POTA park: US-10131 Gabbard Branch Wildlife Management Area — <a href="https://next.pota.app/park/US-10131">https://next.pota.app/park/US-10131</a><br>Official map: <a href="https://fw.ky.gov/More/Documents/GabbardBranchWMA_All.pdf">https://fw.ky.gov/More/Documents/GabbardBranchWMA_All.pdf</a><br>Website: <a href="https://app.fw.ky.gov/Public_Lands_Search/detail.aspx?Kdfwr_id=9713">https://app.fw.ky.gov/Public_Lands_Search/detail.aspx?Kdfwr_id=9713</a><br>Note: POTA match by name/location (not yet in the official KFF-POTA cross reference) — confirm.<br>Verify WWFF rules and boundaries before activating.]]></description><Point><coordinates>-86.52880,37.21860,0</coordinates></Point></Placemark>
<Placemark><name>KFF-7368 Harris-Dickerson</name><styleUrl>#kff</styleUrl><description><![CDATA[Harris-Dickerson<br>WWFF Logsearch: <a href="https://logsearch.wwff.co/directory/KFF-7368">https://logsearch.wwff.co/directory/KFF-7368</a><br>Matching POTA park: US-10137 Harris-Dickerson Wildlife Management Area — <a href="https://next.pota.app/park/US-10137">https://next.pota.app/park/US-10137</a><br>Official map: <a href="https://fw.ky.gov/More/Documents/Harris-Dickerson_All.pdf">https://fw.ky.gov/More/Documents/Harris-Dickerson_All.pdf</a><br>Website: <a href="https://app.fw.ky.gov/Public_Lands_Search/detail.aspx?Kdfwr_id=9709">https://app.fw.ky.gov/Public_Lands_Search/detail.aspx?Kdfwr_id=9709</a><br>Note: POTA match by name/location (not yet in the official KFF-POTA cross reference) — confirm.<br>Verify WWFF rules and boundaries before activating.]]></description><Point><coordinates>-87.36140,37.31880,0</coordinates></Point></Placemark>
<Placemark><name>KFF-7369 Hoskins</name><styleUrl>#kff</styleUrl><description><![CDATA[Hoskins<br>WWFF Logsearch: <a href="https://logsearch.wwff.co/directory/KFF-7369">https://logsearch.wwff.co/directory/KFF-7369</a><br>Matching POTA park: US-10138 Hoskins Wildlife Management Area — <a href="https://next.pota.app/park/US-10138">https://next.pota.app/park/US-10138</a><br>Official map: <a href="https://fw.ky.gov/More/Documents/Hoskins_WMA_All.pdf">https://fw.ky.gov/More/Documents/Hoskins_WMA_All.pdf</a><br>Website: <a href="https://app.fw.ky.gov/Public_Lands_Search/detail.aspx?Kdfwr_id=9711">https://app.fw.ky.gov/Public_Lands_Search/detail.aspx?Kdfwr_id=9711</a><br>Note: POTA match by name/location (not yet in the official KFF-POTA cross reference) — confirm.<br>Verify WWFF rules and boundaries before activating.]]></description><Point><coordinates>-83.36780,37.10520,0</coordinates></Point></Placemark>
<Placemark><name>KFF-7370 Kentucky Ridge</name><styleUrl>#kff</styleUrl><description><![CDATA[Kentucky Ridge<br>WWFF Logsearch: <a href="https://logsearch.wwff.co/directory/KFF-7370">https://logsearch.wwff.co/directory/KFF-7370</a><br>Matching POTA park: US-10141 Kentucky Ridge Wildlife Management Area — <a href="https://next.pota.app/park/US-10141">https://next.pota.app/park/US-10141</a><br>Official map: <a href="https://fw.ky.gov/More/Documents/KentuckyRidgeForestWMA_ALL.pdf">https://fw.ky.gov/More/Documents/KentuckyRidgeForestWMA_ALL.pdf</a><br>Website: <a href="https://app.fw.ky.gov/Public_Lands_Search/detail.aspx?Kdfwr_id=186">https://app.fw.ky.gov/Public_Lands_Search/detail.aspx?Kdfwr_id=186</a><br>Note: POTA match by name/location (not yet in the official KFF-POTA cross reference) — confirm.<br>Verify WWFF rules and boundaries before activating.]]></description><Point><coordinates>-83.77990,36.77290,0</coordinates></Point></Placemark>
<Placemark><name>KFF-7371 Marrowbone</name><styleUrl>#kff</styleUrl><description><![CDATA[Marrowbone<br>WWFF Logsearch: <a href="https://logsearch.wwff.co/directory/KFF-7371">https://logsearch.wwff.co/directory/KFF-7371</a><br>Matching POTA park: US-7952 Marrowbone State Forest — <a href="https://next.pota.app/park/US-7952">https://next.pota.app/park/US-7952</a><br>Official map: <a href="https://fw.ky.gov/More/Documents/MarrowboneStateForestandWMA_ALL.pdf">https://fw.ky.gov/More/Documents/MarrowboneStateForestandWMA_ALL.pdf</a><br>Website: <a href="https://fw.ky.gov/More/Documents/MarrowboneStateForestandWMA_ALL.pdf">https://fw.ky.gov/More/Documents/MarrowboneStateForestandWMA_ALL.pdf</a><br>Note: POTA match by name/location (not yet in the official KFF-POTA cross reference) — confirm.<br>Verify WWFF rules and boundaries before activating.]]></description><Point><coordinates>-85.62120,36.86430,0</coordinates></Point></Placemark>
</Folder>
<Folder><name>Nearby access (check ownership) — KDFWR boat ramp</name>
<Placemark><name>KFF-1251 · KDFWR boat ramp: Carr Creek Marina</name><styleUrl>#acc_near</styleUrl><description><![CDATA[Carr Creek Lake • Any Boat • paved parking<br>0.3 mi from the matching POTA park GPS point<br>Nearby point (within 5 mi). It may be outside the area — e.g. Corps of Engineers or other land. Check the official map.<br><a href="https://www.google.com/maps/search/?api=1&amp;query=37.22841,-82.99906">Open in Google Maps</a>]]></description><Point><coordinates>-82.99906,37.22841,0</coordinates></Point></Placemark>
<Placemark><name>KFF-1251 · KDFWR boat ramp: Carr Creek Dam Ramp</name><styleUrl>#acc_near</styleUrl><description><![CDATA[Carr Creek Lake • Any Boat • paved parking<br>1.8 mi from the matching POTA park GPS point<br>Nearby point (within 5 mi). It may be outside the area — e.g. Corps of Engineers or other land. Check the official map.<br><a href="https://www.google.com/maps/search/?api=1&amp;query=37.22788,-83.03369">Open in Google Maps</a>]]></description><Point><coordinates>-83.03369,37.22788,0</coordinates></Point></Placemark>
<Placemark><name>KFF-1251 · KDFWR boat ramp: Littcar Ramp</name><styleUrl>#acc_near</styleUrl><description><![CDATA[Carr Creek Lake • Any Boat • paved parking<br>2.7 mi from the matching POTA park GPS point<br>Nearby point (within 5 mi). It may be outside the area — e.g. Corps of Engineers or other land. Check the official map.<br><a href="https://www.google.com/maps/search/?api=1&amp;query=37.23577,-82.95281">Open in Google Maps</a>]]></description><Point><coordinates>-82.95281,37.23577,0</coordinates></Point></Placemark>
<Placemark><name>KFF-1252 · KDFWR boat ramp: Columbus - Belmont State Park</name><styleUrl>#acc_near</styleUrl><description><![CDATA[Mississippi River • Any Boat • unpaved parking<br>0.2 mi from the matching POTA park GPS point<br>Nearby point (within 5 mi). It may be outside the area — e.g. Corps of Engineers or other land. Check the official map.<br><a href="https://www.google.com/maps/search/?api=1&amp;query=36.76363,-89.11318">Open in Google Maps</a>]]></description><Point><coordinates>-89.11318,36.76363,0</coordinates></Point></Placemark>
<Placemark><name>KFF-1255 · KDFWR boat ramp: Lick Creek Ramp</name><styleUrl>#acc_near</styleUrl><description><![CDATA[Fishtrap Lake • Any Boat • paved parking<br>2.6 mi from the matching POTA park GPS point<br>Nearby point (within 5 mi). It may be outside the area — e.g. Corps of Engineers or other land. Check the official map.<br><a href="https://www.google.com/maps/search/?api=1&amp;query=37.40779,-82.31801">Open in Google Maps</a>]]></description><Point><coordinates>-82.31801,37.40779,0</coordinates></Point></Placemark>
<Placemark><name>KFF-1255 · KDFWR boat ramp: Fishtrap Dam Ramp</name><styleUrl>#acc_near</styleUrl><description><![CDATA[Fishtrap Lake • Any Boat • paved parking<br>3.5 mi from the matching POTA park GPS point<br>Nearby point (within 5 mi). It may be outside the area — e.g. Corps of Engineers or other land. Check the official map.<br><a href="https://www.google.com/maps/search/?api=1&amp;query=37.43665,-82.41445">Open in Google Maps</a>]]></description><Point><coordinates>-82.41445,37.43665,0</coordinates></Point></Placemark>
<Placemark><name>KFF-1256 · KDFWR boat ramp: Clays Ferry Boat Dock</name><styleUrl>#acc_near</styleUrl><description><![CDATA[Kentucky River - Lower • Any Boat • unpaved parking<br>3.8 mi from the matching POTA park GPS point<br>Nearby point (within 5 mi). It may be outside the area — e.g. Corps of Engineers or other land. Check the official map.<br><a href="https://www.google.com/maps/search/?api=1&amp;query=37.882375,-84.341335">Open in Google Maps</a>]]></description><Point><coordinates>-84.341335,37.882375,0</coordinates></Point></Placemark>
<Placemark><name>KFF-1257 · KDFWR boat ramp: Burnside Island State Park Ramp</name><styleUrl>#acc_near</styleUrl><description><![CDATA[Lake Cumberland • Any Boat • paved parking<br>0.3 mi from the matching POTA park GPS point<br>Nearby point (within 5 mi). It may be outside the area — e.g. Corps of Engineers or other land. Check the official map.<br><a href="https://www.google.com/maps/search/?api=1&amp;query=36.96904,-84.59874">Open in Google Maps</a>]]></description><Point><coordinates>-84.59874,36.96904,0</coordinates></Point></Placemark>
<Placemark><name>KFF-1257 · KDFWR boat ramp: Waitsboro Recreation Area</name><styleUrl>#acc_near</styleUrl><description><![CDATA[Lake Cumberland • Any Boat • paved parking<br>3.5 mi from the matching POTA park GPS point<br>Nearby point (within 5 mi). It may be outside the area — e.g. Corps of Engineers or other land. Check the official map.<br><a href="https://www.google.com/maps/search/?api=1&amp;query=37.015133,-84.634387">Open in Google Maps</a>]]></description><Point><coordinates>-84.634387,37.015133,0</coordinates></Point></Placemark>
<Placemark><name>KFF-1258 · KDFWR boat ramp: Bruin Creek</name><styleUrl>#acc_near</styleUrl><description><![CDATA[Grayson Lake • Any Boat • paved parking<br>0.9 mi from the matching POTA park GPS point<br>Nearby point (within 5 mi). It may be outside the area — e.g. Corps of Engineers or other land. Check the official map.<br><a href="https://www.google.com/maps/search/?api=1&amp;query=38.20149,-83.01083">Open in Google Maps</a>]]></description><Point><coordinates>-83.01083,38.20149,0</coordinates></Point></Placemark>
<Placemark><name>KFF-1258 · KDFWR boat ramp: Grayson Dam Ramp</name><styleUrl>#acc_near</styleUrl><description><![CDATA[Grayson Lake • Any Boat • paved parking<br>3.9 mi from the matching POTA park GPS point<br>Nearby point (within 5 mi). It may be outside the area — e.g. Corps of Engineers or other land. Check the official map.<br><a href="https://www.google.com/maps/search/?api=1&amp;query=38.246244,-82.986479">Open in Google Maps</a>]]></description><Point><coordinates>-82.986479,38.246244,0</coordinates></Point></Placemark>
<Placemark><name>KFF-1258 · KDFWR boat ramp: Newfoundland Boat Ramp</name><styleUrl>#acc_near</styleUrl><description><![CDATA[Grayson Lake • Any Boat • paved parking<br>4.5 mi from the matching POTA park GPS point<br>Nearby point (within 5 mi). It may be outside the area — e.g. Corps of Engineers or other land. Check the official map.<br><a href="https://www.google.com/maps/search/?api=1&amp;query=38.14391111,-83.06799722">Open in Google Maps</a>]]></description><Point><coordinates>-83.06799722,38.14391111,0</coordinates></Point></Placemark>
<Placemark><name>KFF-1259 · KDFWR boat ramp: State Park/Lone Valley Site</name><styleUrl>#acc_near</styleUrl><description><![CDATA[Green River Lake • Any Boat • paved parking<br>0.2 mi from the matching POTA park GPS point<br>Nearby point (within 5 mi). It may be outside the area — e.g. Corps of Engineers or other land. Check the official map.<br><a href="https://www.google.com/maps/search/?api=1&amp;query=37.270789,-85.315113">Open in Google Maps</a>]]></description><Point><coordinates>-85.315113,37.270789,0</coordinates></Point></Placemark>
<Placemark><name>KFF-1259 · KDFWR boat ramp: State Marina</name><styleUrl>#acc_near</styleUrl><description><![CDATA[Green River Lake • Any Boat • paved parking<br>1.6 mi from the matching POTA park GPS point<br>Nearby point (within 5 mi). It may be outside the area — e.g. Corps of Engineers or other land. Check the official map.<br><a href="https://www.google.com/maps/search/?api=1&amp;query=37.257341,-85.341313">Open in Google Maps</a>]]></description><Point><coordinates>-85.341313,37.257341,0</coordinates></Point></Placemark>
<Placemark><name>KFF-1259 · KDFWR boat ramp: Smith Ridge</name><styleUrl>#acc_near</styleUrl><description><![CDATA[Green River Lake • Any Boat • paved parking<br>2.2 mi from the matching POTA park GPS point<br>Nearby point (within 5 mi). It may be outside the area — e.g. Corps of Engineers or other land. Check the official map.<br><a href="https://www.google.com/maps/search/?api=1&amp;query=37.29189,-85.2883">Open in Google Maps</a>]]></description><Point><coordinates>-85.2883,37.29189,0</coordinates></Point></Placemark>
<Placemark><name>KFF-1259 · KDFWR boat ramp: Holmes Bend Ramp</name><styleUrl>#acc_near</styleUrl><description><![CDATA[Green River Lake • Any Boat • paved parking<br>4.3 mi from the matching POTA park GPS point<br>Nearby point (within 5 mi). It may be outside the area — e.g. Corps of Engineers or other land. Check the official map.<br><a href="https://www.google.com/maps/search/?api=1&amp;query=37.22241,-85.26934">Open in Google Maps</a>]]></description><Point><coordinates>-85.26934,37.22241,0</coordinates></Point></Placemark>
<Placemark><name>KFF-1260 · KDFWR boat ramp: Hayes Boat Ramp</name><styleUrl>#acc_near</styleUrl><description><![CDATA[Ohio River - Central • Any Boat • paved parking<br>1.4 mi from the matching POTA park GPS point<br>Nearby point (within 5 mi). It may be outside the area — e.g. Corps of Engineers or other land. Check the official map.<br><a href="https://www.google.com/maps/search/?api=1&amp;query=37.86625,-87.57848">Open in Google Maps</a>]]></description><Point><coordinates>-87.57848,37.86625,0</coordinates></Point></Placemark>
<Placemark><name>KFF-1260 · KDFWR boat ramp: Henderson Ramp</name><styleUrl>#acc_near</styleUrl><description><![CDATA[Ohio River - Central • Any Boat • paved parking<br>3.3 mi from the matching POTA park GPS point<br>Nearby point (within 5 mi). It may be outside the area — e.g. Corps of Engineers or other land. Check the official map.<br><a href="https://www.google.com/maps/search/?api=1&amp;query=37.84164,-87.59426">Open in Google Maps</a>]]></description><Point><coordinates>-87.59426,37.84164,0</coordinates></Point></Placemark>
<Placemark><name>KFF-1260 · KDFWR boat ramp: Dogtown Boat Ramp</name><styleUrl>#acc_near</styleUrl><description><![CDATA[Ohio River - Central • Any Boat • paved parking<br>4.7 mi from the matching POTA park GPS point<br>Nearby point (within 5 mi). It may be outside the area — e.g. Corps of Engineers or other land. Check the official map.<br><a href="https://www.google.com/maps/search/?api=1&amp;query=37.92158,-87.6281">Open in Google Maps</a>]]></description><Point><coordinates>-87.6281,37.92158,0</coordinates></Point></Placemark>
<Placemark><name>KFF-1261 · KDFWR boat ramp: Kincaid Lake State Park Ramp</name><styleUrl>#acc_near</styleUrl><description><![CDATA[Kincaid Lake • Any Boat • paved parking<br>0.3 mi from the matching POTA park GPS point<br>Nearby point (within 5 mi). It may be outside the area — e.g. Corps of Engineers or other land. Check the official map.<br><a href="https://www.google.com/maps/search/?api=1&amp;query=38.72301,-84.2859">Open in Google Maps</a>]]></description><Point><coordinates>-84.2859,38.72301,0</coordinates></Point></Placemark>
<Placemark><name>KFF-1263 · KDFWR boat ramp: Lake Malone State Park</name><styleUrl>#acc_near</styleUrl><description><![CDATA[Lake Malone • Any Boat • paved parking<br>1.2 mi from the matching POTA park GPS point<br>Nearby point (within 5 mi). It may be outside the area — e.g. Corps of Engineers or other land. Check the official map.<br><a href="https://www.google.com/maps/search/?api=1&amp;query=37.079258,-87.036512">Open in Google Maps</a>]]></description><Point><coordinates>-87.036512,37.079258,0</coordinates></Point></Placemark>
<Placemark><name>KFF-1266 · KDFWR boat ramp: Mineral Mound State Park</name><styleUrl>#acc_near</styleUrl><description><![CDATA[Lake Barkley • Any Boat • paved parking<br>0.2 mi from the matching POTA park GPS point<br>Nearby point (within 5 mi). It may be outside the area — e.g. Corps of Engineers or other land. Check the official map.<br><a href="https://www.google.com/maps/search/?api=1&amp;query=37.06382,-88.09014">Open in Google Maps</a>]]></description><Point><coordinates>-88.09014,37.06382,0</coordinates></Point></Placemark>
<Placemark><name>KFF-1266 · KDFWR boat ramp: Kuttawa/Lyon County Boat Ramp</name><styleUrl>#acc_near</styleUrl><description><![CDATA[Lake Barkley • Any Boat • paved parking<br>0.8 mi from the matching POTA park GPS point<br>Nearby point (within 5 mi). It may be outside the area — e.g. Corps of Engineers or other land. Check the official map.<br><a href="https://www.google.com/maps/search/?api=1&amp;query=37.068026,-88.099993">Open in Google Maps</a>]]></description><Point><coordinates>-88.099993,37.068026,0</coordinates></Point></Placemark>
<Placemark><name>KFF-1266 · KDFWR boat ramp: Kuttawa Harbor Ramp</name><styleUrl>#acc_near</styleUrl><description><![CDATA[Lake Barkley • Any Boat • paved parking<br>1.1 mi from the matching POTA park GPS point<br>Nearby point (within 5 mi). It may be outside the area — e.g. Corps of Engineers or other land. Check the official map.<br><a href="https://www.google.com/maps/search/?api=1&amp;query=37.06108,-88.10625">Open in Google Maps</a>]]></description><Point><coordinates>-88.10625,37.06108,0</coordinates></Point></Placemark>
<Placemark><name>KFF-1266 · KDFWR boat ramp: Buzzard Rock</name><styleUrl>#acc_near</styleUrl><description><![CDATA[Lake Barkley • Any Boat • paved parking<br>3.4 mi from the matching POTA park GPS point<br>Nearby point (within 5 mi). It may be outside the area — e.g. Corps of Engineers or other land. Check the official map.<br><a href="https://www.google.com/maps/search/?api=1&amp;query=37.04207,-88.14337">Open in Google Maps</a>]]></description><Point><coordinates>-88.14337,37.04207,0</coordinates></Point></Placemark>
<Placemark><name>KFF-1268 · KDFWR boat ramp: Brier Creek Ramp</name><styleUrl>#acc_near</styleUrl><description><![CDATA[Nolin River Lake • Any Boat • paved parking<br>0.1 mi from the matching POTA park GPS point<br>Nearby point (within 5 mi). It may be outside the area — e.g. Corps of Engineers or other land. Check the official map.<br><a href="https://www.google.com/maps/search/?api=1&amp;query=37.29886,-86.2138">Open in Google Maps</a>]]></description><Point><coordinates>-86.2138,37.29886,0</coordinates></Point></Placemark>
<Placemark><name>KFF-1268 · KDFWR boat ramp: Moutardier Ramp</name><styleUrl>#acc_near</styleUrl><description><![CDATA[Nolin River Lake • Any Boat • paved parking<br>1.6 mi from the matching POTA park GPS point<br>Nearby point (within 5 mi). It may be outside the area — e.g. Corps of Engineers or other land. Check the official map.<br><a href="https://www.google.com/maps/search/?api=1&amp;query=37.31447,-86.23139">Open in Google Maps</a>]]></description><Point><coordinates>-86.23139,37.31447,0</coordinates></Point></Placemark>
<Placemark><name>KFF-1268 · KDFWR boat ramp: Nolin Dam Ramp</name><styleUrl>#acc_near</styleUrl><description><![CDATA[Nolin River Lake • Any Boat • paved parking<br>2.1 mi from the matching POTA park GPS point<br>Nearby point (within 5 mi). It may be outside the area — e.g. Corps of Engineers or other land. Check the official map.<br><a href="https://www.google.com/maps/search/?api=1&amp;query=37.27794,-86.24264">Open in Google Maps</a>]]></description><Point><coordinates>-86.24264,37.27794,0</coordinates></Point></Placemark>
<Placemark><name>KFF-1268 · KDFWR boat ramp: Dog Creek Ramp</name><styleUrl>#acc_near</styleUrl><description><![CDATA[Nolin River Lake • Any Boat • paved parking<br>4.6 mi from the matching POTA park GPS point<br>Nearby point (within 5 mi). It may be outside the area — e.g. Corps of Engineers or other land. Check the official map.<br><a href="https://www.google.com/maps/search/?api=1&amp;query=37.3198,-86.1335">Open in Google Maps</a>]]></description><Point><coordinates>-86.1335,37.3198,0</coordinates></Point></Placemark>
<Placemark><name>KFF-1270 · KDFWR boat ramp: Paintsville Lake State Park Ramp</name><styleUrl>#acc_near</styleUrl><description><![CDATA[Paintsville Lake • Any Boat • paved parking<br>0.0 mi from the matching POTA park GPS point<br>Nearby point (within 5 mi). It may be outside the area — e.g. Corps of Engineers or other land. Check the official map.<br><a href="https://www.google.com/maps/search/?api=1&amp;query=37.84292,-82.87993">Open in Google Maps</a>]]></description><Point><coordinates>-82.87993,37.84292,0</coordinates></Point></Placemark>
<Placemark><name>KFF-1271 · KDFWR boat ramp: Possum Ridge (State Park Ramp)</name><styleUrl>#acc_near</styleUrl><description><![CDATA[Taylorsville Lake • Any Boat • paved parking<br>1.3 mi from the matching POTA park GPS point<br>Nearby point (within 5 mi). It may be outside the area — e.g. Corps of Engineers or other land. Check the official map.<br><a href="https://www.google.com/maps/search/?api=1&amp;query=38.02592,-85.27315">Open in Google Maps</a>]]></description><Point><coordinates>-85.27315,38.02592,0</coordinates></Point></Placemark>
<Placemark><name>KFF-1271 · KDFWR boat ramp: Settlers Trace</name><styleUrl>#acc_near</styleUrl><description><![CDATA[Taylorsville Lake • Any Boat • paved parking<br>2.3 mi from the matching POTA park GPS point<br>Nearby point (within 5 mi). It may be outside the area — e.g. Corps of Engineers or other land. Check the official map.<br><a href="https://www.google.com/maps/search/?api=1&amp;query=38.02029,-85.29081">Open in Google Maps</a>]]></description><Point><coordinates>-85.29081,38.02029,0</coordinates></Point></Placemark>
<Placemark><name>KFF-1271 · KDFWR boat ramp: Chowning Lane</name><styleUrl>#acc_near</styleUrl><description><![CDATA[Taylorsville Lake • Any Boat • paved parking<br>4.8 mi from the matching POTA park GPS point<br>Nearby point (within 5 mi). It may be outside the area — e.g. Corps of Engineers or other land. Check the official map.<br><a href="https://www.google.com/maps/search/?api=1&amp;query=37.9762,-85.19338">Open in Google Maps</a>]]></description><Point><coordinates>-85.19338,37.9762,0</coordinates></Point></Placemark>
<Placemark><name>KFF-1272 · KDFWR boat ramp: Pleasant Ridge Ramp</name><styleUrl>#acc_near</styleUrl><description><![CDATA[Yatesville Lake • Any Boat • paved parking<br>0.4 mi from the matching POTA park GPS point<br>Nearby point (within 5 mi). It may be outside the area — e.g. Corps of Engineers or other land. Check the official map.<br><a href="https://www.google.com/maps/search/?api=1&amp;query=38.09525,-82.68909">Open in Google Maps</a>]]></description><Point><coordinates>-82.68909,38.09525,0</coordinates></Point></Placemark>
<Placemark><name>KFF-1272 · KDFWR boat ramp: Barkers Marina Ramp</name><styleUrl>#acc_near</styleUrl><description><![CDATA[Yatesville Lake • Any Boat • paved parking<br>1.7 mi from the matching POTA park GPS point<br>Nearby point (within 5 mi). It may be outside the area — e.g. Corps of Engineers or other land. Check the official map.<br><a href="https://www.google.com/maps/search/?api=1&amp;query=38.1188,-82.69359">Open in Google Maps</a>]]></description><Point><coordinates>-82.69359,38.1188,0</coordinates></Point></Placemark>
<Placemark><name>KFF-1272 · KDFWR boat ramp: Rich Creek Ramp</name><styleUrl>#acc_near</styleUrl><description><![CDATA[Yatesville Lake • Any Boat • paved parking<br>4.3 mi from the matching POTA park GPS point<br>Nearby point (within 5 mi). It may be outside the area — e.g. Corps of Engineers or other land. Check the official map.<br><a href="https://www.google.com/maps/search/?api=1&amp;query=38.06448,-82.75062">Open in Google Maps</a>]]></description><Point><coordinates>-82.75062,38.06448,0</coordinates></Point></Placemark>
<Placemark><name>KFF-1273 · KDFWR boat ramp: BRL State Park Ramp</name><styleUrl>#acc_near</styleUrl><description><![CDATA[Barren River Lake • Any Boat • paved parking<br>1.4 mi from the matching POTA park GPS point<br>Nearby point (within 5 mi). It may be outside the area — e.g. Corps of Engineers or other land. Check the official map.<br><a href="https://www.google.com/maps/search/?api=1&amp;query=36.871581,-86.070695">Open in Google Maps</a>]]></description><Point><coordinates>-86.070695,36.871581,0</coordinates></Point></Placemark>
<Placemark><name>KFF-1273 · KDFWR boat ramp: Narrows Marina</name><styleUrl>#acc_near</styleUrl><description><![CDATA[Barren River Lake • Any Boat • paved parking<br>3.6 mi from the matching POTA park GPS point<br>Nearby point (within 5 mi). It may be outside the area — e.g. Corps of Engineers or other land. Check the official map.<br><a href="https://www.google.com/maps/search/?api=1&amp;query=36.90502,-86.075052">Open in Google Maps</a>]]></description><Point><coordinates>-86.075052,36.90502,0</coordinates></Point></Placemark>
<Placemark><name>KFF-1273 · KDFWR boat ramp: Port Oliver Ramp</name><styleUrl>#acc_near</styleUrl><description><![CDATA[Barren River Lake • Any Boat • paved parking<br>4.4 mi from the matching POTA park GPS point<br>Nearby point (within 5 mi). It may be outside the area — e.g. Corps of Engineers or other land. Check the official map.<br><a href="https://www.google.com/maps/search/?api=1&amp;query=36.8897458,-86.1238842">Open in Google Maps</a>]]></description><Point><coordinates>-86.1238842,36.8897458,0</coordinates></Point></Placemark>
<Placemark><name>KFF-1275 · KDFWR boat ramp: Buckhorn Lake State Park Marina</name><styleUrl>#acc_near</styleUrl><description><![CDATA[Buckhorn Lake • Any Boat • paved parking<br>0.2 mi from the matching POTA park GPS point<br>Nearby point (within 5 mi). It may be outside the area — e.g. Corps of Engineers or other land. Check the official map.<br><a href="https://www.google.com/maps/search/?api=1&amp;query=37.303634,-83.446551">Open in Google Maps</a>]]></description><Point><coordinates>-83.446551,37.303634,0</coordinates></Point></Placemark>
<Placemark><name>KFF-1275 · KDFWR boat ramp: Buckhorn Dam Ramp</name><styleUrl>#acc_near</styleUrl><description><![CDATA[Buckhorn Lake • Any Boat • paved parking<br>2.6 mi from the matching POTA park GPS point<br>Nearby point (within 5 mi). It may be outside the area — e.g. Corps of Engineers or other land. Check the official map.<br><a href="https://www.google.com/maps/search/?api=1&amp;query=37.33824,-83.47151">Open in Google Maps</a>]]></description><Point><coordinates>-83.47151,37.33824,0</coordinates></Point></Placemark>
<Placemark><name>KFF-1278 · KDFWR boat ramp: David L. Hayes Boat Ramp</name><styleUrl>#acc_near</styleUrl><description><![CDATA[Dale Hollow Lake • Any Boat • paved parking<br>0.6 mi from the matching POTA park GPS point<br>Nearby point (within 5 mi). It may be outside the area — e.g. Corps of Engineers or other land. Check the official map.<br><a href="https://www.google.com/maps/search/?api=1&amp;query=36.63697,-85.28297">Open in Google Maps</a>]]></description><Point><coordinates>-85.28297,36.63697,0</coordinates></Point></Placemark>
<Placemark><name>KFF-1278 · KDFWR boat ramp: Wisdom Marina</name><styleUrl>#acc_near</styleUrl><description><![CDATA[Dale Hollow Lake • Any Boat • paved parking<br>2.8 mi from the matching POTA park GPS point<br>Nearby point (within 5 mi). It may be outside the area — e.g. Corps of Engineers or other land. Check the official map.<br><a href="https://www.google.com/maps/search/?api=1&amp;query=36.66664,-85.24968">Open in Google Maps</a>]]></description><Point><coordinates>-85.24968,36.66664,0</coordinates></Point></Placemark>
<Placemark><name>KFF-1278 · KDFWR boat ramp: Sulphur Creek Marina</name><styleUrl>#acc_near</styleUrl><description><![CDATA[Dale Hollow Lake • Any Boat • paved parking<br>3.4 mi from the matching POTA park GPS point<br>Nearby point (within 5 mi). It may be outside the area — e.g. Corps of Engineers or other land. Check the official map.<br><a href="https://www.google.com/maps/search/?api=1&amp;query=36.67461,-85.33929">Open in Google Maps</a>]]></description><Point><coordinates>-85.33929,36.67461,0</coordinates></Point></Placemark>
<Placemark><name>KFF-1278 · KDFWR boat ramp: Wolf River Marina</name><styleUrl>#acc_near</styleUrl><description><![CDATA[Dale Hollow Lake • Any Boat • paved parking<br>4.6 mi from the matching POTA park GPS point<br>Nearby point (within 5 mi). It may be outside the area — e.g. Corps of Engineers or other land. Check the official map.<br><a href="https://www.google.com/maps/search/?api=1&amp;query=36.6267,-85.20985">Open in Google Maps</a>]]></description><Point><coordinates>-85.20985,36.6267,0</coordinates></Point></Placemark>
<Placemark><name>KFF-1278 · KDFWR boat ramp: Hendricks Creek Marina</name><styleUrl>#acc_near</styleUrl><description><![CDATA[Dale Hollow Lake • Any Boat • paved parking<br>4.8 mi from the matching POTA park GPS point<br>Nearby point (within 5 mi). It may be outside the area — e.g. Corps of Engineers or other land. Check the official map.<br><a href="https://www.google.com/maps/search/?api=1&amp;query=36.63112,-85.3753">Open in Google Maps</a>]]></description><Point><coordinates>-85.3753,36.63112,0</coordinates></Point></Placemark>
<Placemark><name>KFF-1279 · KDFWR boat ramp: Cap's Marina</name><styleUrl>#acc_near</styleUrl><description><![CDATA[Ohio River - Below Cincinnati • Any Boat • paved parking<br>2.0 mi from the matching POTA park GPS point<br>Nearby point (within 5 mi). It may be outside the area — e.g. Corps of Engineers or other land. Check the official map.<br><a href="https://www.google.com/maps/search/?api=1&amp;query=38.69081,-85.16335">Open in Google Maps</a>]]></description><Point><coordinates>-85.16335,38.69081,0</coordinates></Point></Placemark>
<Placemark><name>KFF-1279 · KDFWR boat ramp: Point Park Ramp</name><styleUrl>#acc_near</styleUrl><description><![CDATA[Ohio River - Below Cincinnati • Any Boat • paved parking<br>2.6 mi from the matching POTA park GPS point<br>Nearby point (within 5 mi). It may be outside the area — e.g. Corps of Engineers or other land. Check the official map.<br><a href="https://www.google.com/maps/search/?api=1&amp;query=38.683821,-85.1869751">Open in Google Maps</a>]]></description><Point><coordinates>-85.1869751,38.683821,0</coordinates></Point></Placemark>
<Placemark><name>KFF-1279 · KDFWR boat ramp: Swiss Haven Campground</name><styleUrl>#acc_near</styleUrl><description><![CDATA[Ohio River - Below Cincinnati • Any Boat • paved parking<br>3.2 mi from the matching POTA park GPS point<br>Nearby point (within 5 mi). It may be outside the area — e.g. Corps of Engineers or other land. Check the official map.<br><a href="https://www.google.com/maps/search/?api=1&amp;query=38.70945,-85.12602">Open in Google Maps</a>]]></description><Point><coordinates>-85.12602,38.70945,0</coordinates></Point></Placemark>
<Placemark><name>KFF-1281 · KDFWR boat ramp: Jenny Wiley State Park Marina Ramp</name><styleUrl>#acc_near</styleUrl><description><![CDATA[Dewey Lake • Any Boat • paved parking<br>0.2 mi from the matching POTA park GPS point<br>Nearby point (within 5 mi). It may be outside the area — e.g. Corps of Engineers or other land. Check the official map.<br><a href="https://www.google.com/maps/search/?api=1&amp;query=37.69361,-82.72723">Open in Google Maps</a>]]></description><Point><coordinates>-82.72723,37.69361,0</coordinates></Point></Placemark>
<Placemark><name>KFF-1281 · KDFWR boat ramp: Jenny Wiley State Park-Stratton Branch Ramp</name><styleUrl>#acc_near</styleUrl><description><![CDATA[Dewey Lake • Any Boat • paved parking<br>0.9 mi from the matching POTA park GPS point<br>Nearby point (within 5 mi). It may be outside the area — e.g. Corps of Engineers or other land. Check the official map.<br><a href="https://www.google.com/maps/search/?api=1&amp;query=37.70194,-82.73893">Open in Google Maps</a>]]></description><Point><coordinates>-82.73893,37.70194,0</coordinates></Point></Placemark>
<Placemark><name>KFF-1281 · KDFWR boat ramp: Jenny Wiley State Park Campground Ramp</name><styleUrl>#acc_near</styleUrl><description><![CDATA[Dewey Lake • Any Boat • unpaved parking<br>1.5 mi from the matching POTA park GPS point<br>Nearby point (within 5 mi). It may be outside the area — e.g. Corps of Engineers or other land. Check the official map.<br><a href="https://www.google.com/maps/search/?api=1&amp;query=37.7144,-82.7389">Open in Google Maps</a>]]></description><Point><coordinates>-82.7389,37.7144,0</coordinates></Point></Placemark>
<Placemark><name>KFF-1281 · KDFWR boat ramp: Terry Ramp</name><styleUrl>#acc_near</styleUrl><description><![CDATA[Dewey Lake • Any Boat • paved parking<br>2.3 mi from the matching POTA park GPS point<br>Nearby point (within 5 mi). It may be outside the area — e.g. Corps of Engineers or other land. Check the official map.<br><a href="https://www.google.com/maps/search/?api=1&amp;query=37.72645,-82.74262">Open in Google Maps</a>]]></description><Point><coordinates>-82.74262,37.72645,0</coordinates></Point></Placemark>
<Placemark><name>KFF-1282 · KDFWR boat ramp: Kenlake State Park</name><styleUrl>#acc_near</styleUrl><description><![CDATA[Kentucky Lake • Any Boat • paved parking<br>0.3 mi from the matching POTA park GPS point<br>Nearby point (within 5 mi). It may be outside the area — e.g. Corps of Engineers or other land. Check the official map.<br><a href="https://www.google.com/maps/search/?api=1&amp;query=36.761263,-88.133868">Open in Google Maps</a>]]></description><Point><coordinates>-88.133868,36.761263,0</coordinates></Point></Placemark>
<Placemark><name>KFF-1282 · KDFWR boat ramp: Town &amp; Country</name><styleUrl>#acc_near</styleUrl><description><![CDATA[Kentucky Lake • Any Boat • unpaved parking<br>4.0 mi from the matching POTA park GPS point<br>Nearby point (within 5 mi). It may be outside the area — e.g. Corps of Engineers or other land. Check the official map.<br><a href="https://www.google.com/maps/search/?api=1&amp;query=36.80394,-88.18368">Open in Google Maps</a>]]></description><Point><coordinates>-88.18368,36.80394,0</coordinates></Point></Placemark>
<Placemark><name>KFF-1282 · KDFWR boat ramp: Harry Lee Waterfield Park</name><styleUrl>#acc_near</styleUrl><description><![CDATA[Kentucky Lake • Any Boat • paved parking<br>4.6 mi from the matching POTA park GPS point<br>Nearby point (within 5 mi). It may be outside the area — e.g. Corps of Engineers or other land. Check the official map.<br><a href="https://www.google.com/maps/search/?api=1&amp;query=36.80456,-88.20017">Open in Google Maps</a>]]></description><Point><coordinates>-88.20017,36.80456,0</coordinates></Point></Placemark>
<Placemark><name>KFF-1282 · KDFWR boat ramp: Sportsman Anchor Resort</name><styleUrl>#acc_near</styleUrl><description><![CDATA[Kentucky Lake • Any Boat • unpaved parking<br>4.6 mi from the matching POTA park GPS point<br>Nearby point (within 5 mi). It may be outside the area — e.g. Corps of Engineers or other land. Check the official map.<br><a href="https://www.google.com/maps/search/?api=1&amp;query=36.80309,-88.20205">Open in Google Maps</a>]]></description><Point><coordinates>-88.20205,36.80309,0</coordinates></Point></Placemark>
<Placemark><name>KFF-1282 · KDFWR boat ramp: Jonathan Creek/US 68</name><styleUrl>#acc_near</styleUrl><description><![CDATA[Kentucky Lake • Any Boat • paved parking<br>5.0 mi from the matching POTA park GPS point<br>Nearby point (within 5 mi). It may be outside the area — e.g. Corps of Engineers or other land. Check the official map.<br><a href="https://www.google.com/maps/search/?api=1&amp;query=36.80928,-88.20311">Open in Google Maps</a>]]></description><Point><coordinates>-88.20311,36.80928,0</coordinates></Point></Placemark>
<Placemark><name>KFF-1283 · KDFWR boat ramp: KY Dam Marina and State Park</name><styleUrl>#acc_near</styleUrl><description><![CDATA[Kentucky Lake • Any Boat • paved parking<br>0.3 mi from the matching POTA park GPS point<br>Nearby point (within 5 mi). It may be outside the area — e.g. Corps of Engineers or other land. Check the official map.<br><a href="https://www.google.com/maps/search/?api=1&amp;query=36.99982,-88.283804">Open in Google Maps</a>]]></description><Point><coordinates>-88.283804,36.99982,0</coordinates></Point></Placemark>
<Placemark><name>KFF-1283 · KDFWR boat ramp: Lighthouse Marina</name><styleUrl>#acc_near</styleUrl><description><![CDATA[Kentucky Lake • Any Boat • paved parking<br>2.6 mi from the matching POTA park GPS point<br>Nearby point (within 5 mi). It may be outside the area — e.g. Corps of Engineers or other land. Check the official map.<br><a href="https://www.google.com/maps/search/?api=1&amp;query=36.999946,-88.241268">Open in Google Maps</a>]]></description><Point><coordinates>-88.241268,36.999946,0</coordinates></Point></Placemark>
<Placemark><name>KFF-1283 · KDFWR boat ramp: Double Creek</name><styleUrl>#acc_near</styleUrl><description><![CDATA[Lake Barkley • Any Boat • paved parking<br>3.5 mi from the matching POTA park GPS point<br>Nearby point (within 5 mi). It may be outside the area — e.g. Corps of Engineers or other land. Check the official map.<br><a href="https://www.google.com/maps/search/?api=1&amp;query=37.01651,-88.22904">Open in Google Maps</a>]]></description><Point><coordinates>-88.22904,37.01651,0</coordinates></Point></Placemark>
<Placemark><name>KFF-1283 · KDFWR boat ramp: Green Turtle Bay Resort</name><styleUrl>#acc_near</styleUrl><description><![CDATA[Lake Barkley • Any Boat • paved parking<br>3.6 mi from the matching POTA park GPS point<br>Nearby point (within 5 mi). It may be outside the area — e.g. Corps of Engineers or other land. Check the official map.<br><a href="https://www.google.com/maps/search/?api=1&amp;query=37.0087073,-88.2251948">Open in Google Maps</a>]]></description><Point><coordinates>-88.2251948,37.0087073,0</coordinates></Point></Placemark>
<Placemark><name>KFF-1283 · KDFWR boat ramp: Canal Campground Ramp</name><styleUrl>#acc_near</styleUrl><description><![CDATA[Lake Barkley • Any Boat • paved parking<br>4.4 mi from the matching POTA park GPS point<br>Nearby point (within 5 mi). It may be outside the area — e.g. Corps of Engineers or other land. Check the official map.<br><a href="https://www.google.com/maps/search/?api=1&amp;query=36.99693,-88.20977">Open in Google Maps</a>]]></description><Point><coordinates>-88.20977,36.99693,0</coordinates></Point></Placemark>
<Placemark><name>KFF-1284 · KDFWR boat ramp: Lake Barkley State Park</name><styleUrl>#acc_near</styleUrl><description><![CDATA[Lake Barkley • Any Boat • paved parking<br>0.6 mi from the matching POTA park GPS point<br>Nearby point (within 5 mi). It may be outside the area — e.g. Corps of Engineers or other land. Check the official map.<br><a href="https://www.google.com/maps/search/?api=1&amp;query=36.85323,-87.94264">Open in Google Maps</a>]]></description><Point><coordinates>-87.94264,36.85323,0</coordinates></Point></Placemark>
<Placemark><name>KFF-1285 · KDFWR boat ramp: Lake Cumberland State Park Marina and Ramp</name><styleUrl>#acc_near</styleUrl><description><![CDATA[Lake Cumberland • Any Boat • paved parking<br>0.1 mi from the matching POTA park GPS point<br>Nearby point (within 5 mi). It may be outside the area — e.g. Corps of Engineers or other land. Check the official map.<br><a href="https://www.google.com/maps/search/?api=1&amp;query=36.93023,-85.04408">Open in Google Maps</a>]]></description><Point><coordinates>-85.04408,36.93023,0</coordinates></Point></Placemark>
<Placemark><name>KFF-1285 · KDFWR boat ramp: Jamestown Marina</name><styleUrl>#acc_near</styleUrl><description><![CDATA[Lake Cumberland • Any Boat • paved parking<br>0.5 mi from the matching POTA park GPS point<br>Nearby point (within 5 mi). It may be outside the area — e.g. Corps of Engineers or other land. Check the official map.<br><a href="https://www.google.com/maps/search/?api=1&amp;query=36.93797,-85.0469">Open in Google Maps</a>]]></description><Point><coordinates>-85.0469,36.93797,0</coordinates></Point></Placemark>
<Placemark><name>KFF-1285 · KDFWR boat ramp: Lily Creek Ramp</name><styleUrl>#acc_near</styleUrl><description><![CDATA[Lake Cumberland • Any Boat • paved parking<br>2.1 mi from the matching POTA park GPS point<br>Nearby point (within 5 mi). It may be outside the area — e.g. Corps of Engineers or other land. Check the official map.<br><a href="https://www.google.com/maps/search/?api=1&amp;query=36.96061,-85.03695">Open in Google Maps</a>]]></description><Point><coordinates>-85.03695,36.96061,0</coordinates></Point></Placemark>
<Placemark><name>KFF-1289 · KDFWR boat ramp: State Park Marina</name><styleUrl>#acc_near</styleUrl><description><![CDATA[Rough River Lake • Any Boat • paved parking<br>0.6 mi from the matching POTA park GPS point<br>Nearby point (within 5 mi). It may be outside the area — e.g. Corps of Engineers or other land. Check the official map.<br><a href="https://www.google.com/maps/search/?api=1&amp;query=37.60194,-86.50773">Open in Google Maps</a>]]></description><Point><coordinates>-86.50773,37.60194,0</coordinates></Point></Placemark>
<Placemark><name>KFF-1289 · KDFWR boat ramp: Laurel Branch Ramp</name><styleUrl>#acc_near</styleUrl><description><![CDATA[Rough River Lake • Any Boat • paved parking<br>2.5 mi from the matching POTA park GPS point<br>Nearby point (within 5 mi). It may be outside the area — e.g. Corps of Engineers or other land. Check the official map.<br><a href="https://www.google.com/maps/search/?api=1&amp;query=37.606603,-86.459056">Open in Google Maps</a>]]></description><Point><coordinates>-86.459056,37.606603,0</coordinates></Point></Placemark>
<Placemark><name>KFF-1289 · KDFWR boat ramp: Cave Creek Ramp</name><styleUrl>#acc_near</styleUrl><description><![CDATA[Rough River Lake • Any Boat • paved parking<br>2.8 mi from the matching POTA park GPS point<br>Nearby point (within 5 mi). It may be outside the area — e.g. Corps of Engineers or other land. Check the official map.<br><a href="https://www.google.com/maps/search/?api=1&amp;query=37.5716903,-86.4929558">Open in Google Maps</a>]]></description><Point><coordinates>-86.4929558,37.5716903,0</coordinates></Point></Placemark>
<Placemark><name>KFF-1289 · KDFWR boat ramp: Cannon's Point Ramp</name><styleUrl>#acc_near</styleUrl><description><![CDATA[Rough River Lake • Any Boat • unpaved parking<br>2.9 mi from the matching POTA park GPS point<br>Nearby point (within 5 mi). It may be outside the area — e.g. Corps of Engineers or other land. Check the official map.<br><a href="https://www.google.com/maps/search/?api=1&amp;query=37.583258,-86.463903">Open in Google Maps</a>]]></description><Point><coordinates>-86.463903,37.583258,0</coordinates></Point></Placemark>
<Placemark><name>KFF-1289 · KDFWR boat ramp: Pine Ridge 2 Ramp</name><styleUrl>#acc_near</styleUrl><description><![CDATA[Rough River Lake • Any Boat • unpaved parking<br>3.0 mi from the matching POTA park GPS point<br>Nearby point (within 5 mi). It may be outside the area — e.g. Corps of Engineers or other land. Check the official map.<br><a href="https://www.google.com/maps/search/?api=1&amp;query=37.579658,-86.467074">Open in Google Maps</a>]]></description><Point><coordinates>-86.467074,37.579658,0</coordinates></Point></Placemark>
<Placemark><name>KFF-1289 · KDFWR boat ramp: Axtel Ramp</name><styleUrl>#acc_near</styleUrl><description><![CDATA[Rough River Lake • Any Boat • paved parking<br>3.1 mi from the matching POTA park GPS point<br>Nearby point (within 5 mi). It may be outside the area — e.g. Corps of Engineers or other land. Check the official map.<br><a href="https://www.google.com/maps/search/?api=1&amp;query=37.623909,-86.451214">Open in Google Maps</a>]]></description><Point><coordinates>-86.451214,37.623909,0</coordinates></Point></Placemark>
<Placemark><name>KFF-1289 · KDFWR boat ramp: L.C. Likens Ramp</name><styleUrl>#acc_near</styleUrl><description><![CDATA[Rough River Lake • Any Boat • unpaved parking<br>3.5 mi from the matching POTA park GPS point<br>Nearby point (within 5 mi). It may be outside the area — e.g. Corps of Engineers or other land. Check the official map.<br><a href="https://www.google.com/maps/search/?api=1&amp;query=37.574764,-86.460876">Open in Google Maps</a>]]></description><Point><coordinates>-86.460876,37.574764,0</coordinates></Point></Placemark>
<Placemark><name>KFF-1289 · KDFWR boat ramp: North Fork Ramp</name><styleUrl>#acc_near</styleUrl><description><![CDATA[Rough River Lake • Any Boat • paved parking<br>4.1 mi from the matching POTA park GPS point<br>Nearby point (within 5 mi). It may be outside the area — e.g. Corps of Engineers or other land. Check the official map.<br><a href="https://www.google.com/maps/search/?api=1&amp;query=37.632726,-86.435454">Open in Google Maps</a>]]></description><Point><coordinates>-86.435454,37.632726,0</coordinates></Point></Placemark>
<Placemark><name>KFF-1289 · KDFWR boat ramp: Indian Valley Ramp</name><styleUrl>#acc_near</styleUrl><description><![CDATA[Rough River Lake • Any Boat • unpaved parking<br>4.2 mi from the matching POTA park GPS point<br>Nearby point (within 5 mi). It may be outside the area — e.g. Corps of Engineers or other land. Check the official map.<br><a href="https://www.google.com/maps/search/?api=1&amp;query=37.580807,-86.437525">Open in Google Maps</a>]]></description><Point><coordinates>-86.437525,37.580807,0</coordinates></Point></Placemark>
<Placemark><name>KFF-1289 · KDFWR boat ramp: Brown's Hideaway Ramp</name><styleUrl>#acc_near</styleUrl><description><![CDATA[Rough River Lake • Any Boat • unpaved parking<br>4.6 mi from the matching POTA park GPS point<br>Nearby point (within 5 mi). It may be outside the area — e.g. Corps of Engineers or other land. Check the official map.<br><a href="https://www.google.com/maps/search/?api=1&amp;query=37.64581,-86.434205">Open in Google Maps</a>]]></description><Point><coordinates>-86.434205,37.64581,0</coordinates></Point></Placemark>
<Placemark><name>KFF-3779 · KDFWR boat ramp: Big Bone Creek</name><styleUrl>#acc_near</styleUrl><description><![CDATA[Ohio River - Below Cincinnati • Any Boat • paved parking<br>2.6 mi from the matching POTA park GPS point<br>Nearby point (within 5 mi). It may be outside the area — e.g. Corps of Engineers or other land. Check the official map.<br><a href="https://www.google.com/maps/search/?api=1&amp;query=38.85758,-84.77768">Open in Google Maps</a>]]></description><Point><coordinates>-84.77768,38.85758,0</coordinates></Point></Placemark>
<Placemark><name>KFF-3779 · KDFWR boat ramp: Patriot Launching Ramp</name><styleUrl>#acc_near</styleUrl><description><![CDATA[Ohio River - Below Cincinnati • Any Boat • paved parking<br>4.9 mi from the matching POTA park GPS point<br>Nearby point (within 5 mi). It may be outside the area — e.g. Corps of Engineers or other land. Check the official map.<br><a href="https://www.google.com/maps/search/?api=1&amp;query=38.8439142,-84.8192245">Open in Google Maps</a>]]></description><Point><coordinates>-84.8192245,38.8439142,0</coordinates></Point></Placemark>
<Placemark><name>KFF-3790 · KDFWR boat ramp: Patterson's Point</name><styleUrl>#acc_near</styleUrl><description><![CDATA[Kentucky Lake • Any Boat • unpaved parking<br>1.5 mi from the matching POTA park GPS point<br>Nearby point (within 5 mi). It may be outside the area — e.g. Corps of Engineers or other land. Check the official map.<br><a href="https://www.google.com/maps/search/?api=1&amp;query=36.52275,-88.05409">Open in Google Maps</a>]]></description><Point><coordinates>-88.05409,36.52275,0</coordinates></Point></Placemark>
<Placemark><name>KFF-3790 · KDFWR boat ramp: Cypress Creek</name><styleUrl>#acc_near</styleUrl><description><![CDATA[Kentucky Lake • Any Boat • unpaved parking<br>1.7 mi from the matching POTA park GPS point<br>Nearby point (within 5 mi). It may be outside the area — e.g. Corps of Engineers or other land. Check the official map.<br><a href="https://www.google.com/maps/search/?api=1&amp;query=36.49783,-88.08724">Open in Google Maps</a>]]></description><Point><coordinates>-88.08724,36.49783,0</coordinates></Point></Placemark>
<Placemark><name>KFF-3792 · KDFWR boat ramp: Kenlake State Park</name><styleUrl>#acc_near</styleUrl><description><![CDATA[Kentucky Lake • Any Boat • paved parking<br>4.1 mi from the matching POTA park GPS point<br>Nearby point (within 5 mi). It may be outside the area — e.g. Corps of Engineers or other land. Check the official map.<br><a href="https://www.google.com/maps/search/?api=1&amp;query=36.761263,-88.133868">Open in Google Maps</a>]]></description><Point><coordinates>-88.133868,36.761263,0</coordinates></Point></Placemark>
<Placemark><name>KFF-3795 · KDFWR boat ramp: Wildcat Public Access</name><styleUrl>#acc_near</styleUrl><description><![CDATA[Kentucky Lake • Any Boat • paved parking<br>3.7 mi from the matching POTA park GPS point<br>Nearby point (within 5 mi). It may be outside the area — e.g. Corps of Engineers or other land. Check the official map.<br><a href="https://www.google.com/maps/search/?api=1&amp;query=36.61149,-88.13497">Open in Google Maps</a>]]></description><Point><coordinates>-88.13497,36.61149,0</coordinates></Point></Placemark>
<Placemark><name>KFF-3795 · KDFWR boat ramp: Boyd's Branch</name><styleUrl>#acc_near</styleUrl><description><![CDATA[Kentucky Lake • Any Boat • unpaved parking<br>4.4 mi from the matching POTA park GPS point<br>Nearby point (within 5 mi). It may be outside the area — e.g. Corps of Engineers or other land. Check the official map.<br><a href="https://www.google.com/maps/search/?api=1&amp;query=36.60321,-88.07439">Open in Google Maps</a>]]></description><Point><coordinates>-88.07439,36.60321,0</coordinates></Point></Placemark>
<Placemark><name>KFF-3795 · KDFWR boat ramp: Cypress Creek</name><styleUrl>#acc_near</styleUrl><description><![CDATA[Kentucky Lake • Any Boat • unpaved parking<br>4.8 mi from the matching POTA park GPS point<br>Nearby point (within 5 mi). It may be outside the area — e.g. Corps of Engineers or other land. Check the official map.<br><a href="https://www.google.com/maps/search/?api=1&amp;query=36.49783,-88.08724">Open in Google Maps</a>]]></description><Point><coordinates>-88.08724,36.49783,0</coordinates></Point></Placemark>
<Placemark><name>KFF-3795 · KDFWR boat ramp: Patterson's Point</name><styleUrl>#acc_near</styleUrl><description><![CDATA[Kentucky Lake • Any Boat • unpaved parking<br>4.9 mi from the matching POTA park GPS point<br>Nearby point (within 5 mi). It may be outside the area — e.g. Corps of Engineers or other land. Check the official map.<br><a href="https://www.google.com/maps/search/?api=1&amp;query=36.52275,-88.05409">Open in Google Maps</a>]]></description><Point><coordinates>-88.05409,36.52275,0</coordinates></Point></Placemark>
<Placemark><name>KFF-3800 · KDFWR boat ramp: Cedar Creek Lake Upper</name><styleUrl>#acc_near</styleUrl><description><![CDATA[Cedar Creek Lake • Any Boat • unpaved parking<br>0.6 mi from the matching POTA park GPS point<br>Nearby point (within 5 mi). It may be outside the area — e.g. Corps of Engineers or other land. Check the official map.<br><a href="https://www.google.com/maps/search/?api=1&amp;query=37.466625,-84.562625">Open in Google Maps</a>]]></description><Point><coordinates>-84.562625,37.466625,0</coordinates></Point></Placemark>
<Placemark><name>KFF-3800 · KDFWR boat ramp: Cedar Creek Lake Middle</name><styleUrl>#acc_near</styleUrl><description><![CDATA[Cedar Creek Lake • Any Boat • paved parking<br>0.6 mi from the matching POTA park GPS point<br>Nearby point (within 5 mi). It may be outside the area — e.g. Corps of Engineers or other land. Check the official map.<br><a href="https://www.google.com/maps/search/?api=1&amp;query=37.484313,-84.559401">Open in Google Maps</a>]]></description><Point><coordinates>-84.559401,37.484313,0</coordinates></Point></Placemark>
<Placemark><name>KFF-3800 · KDFWR boat ramp: Cedar Creek Lake Lower</name><styleUrl>#acc_near</styleUrl><description><![CDATA[Cedar Creek Lake • Any Boat • paved parking<br>1.3 mi from the matching POTA park GPS point<br>Nearby point (within 5 mi). It may be outside the area — e.g. Corps of Engineers or other land. Check the official map.<br><a href="https://www.google.com/maps/search/?api=1&amp;query=37.492459,-84.547662">Open in Google Maps</a>]]></description><Point><coordinates>-84.547662,37.492459,0</coordinates></Point></Placemark>
<Placemark><name>KFF-3807 · KDFWR boat ramp: Cedar Creek Lake Lower</name><styleUrl>#acc_near</styleUrl><description><![CDATA[Cedar Creek Lake • Any Boat • paved parking<br>2.6 mi from the matching POTA park GPS point<br>Nearby point (within 5 mi). It may be outside the area — e.g. Corps of Engineers or other land. Check the official map.<br><a href="https://www.google.com/maps/search/?api=1&amp;query=37.492459,-84.547662">Open in Google Maps</a>]]></description><Point><coordinates>-84.547662,37.492459,0</coordinates></Point></Placemark>
<Placemark><name>KFF-3807 · KDFWR boat ramp: Cedar Creek Lake Middle</name><styleUrl>#acc_near</styleUrl><description><![CDATA[Cedar Creek Lake • Any Boat • paved parking<br>3.2 mi from the matching POTA park GPS point<br>Nearby point (within 5 mi). It may be outside the area — e.g. Corps of Engineers or other land. Check the official map.<br><a href="https://www.google.com/maps/search/?api=1&amp;query=37.484313,-84.559401">Open in Google Maps</a>]]></description><Point><coordinates>-84.559401,37.484313,0</coordinates></Point></Placemark>
<Placemark><name>KFF-3807 · KDFWR boat ramp: Cedar Creek Lake Upper</name><styleUrl>#acc_near</styleUrl><description><![CDATA[Cedar Creek Lake • Any Boat • unpaved parking<br>3.8 mi from the matching POTA park GPS point<br>Nearby point (within 5 mi). It may be outside the area — e.g. Corps of Engineers or other land. Check the official map.<br><a href="https://www.google.com/maps/search/?api=1&amp;query=37.466625,-84.562625">Open in Google Maps</a>]]></description><Point><coordinates>-84.562625,37.466625,0</coordinates></Point></Placemark>
<Placemark><name>KFF-3808 · KDFWR boat ramp: Columbus - Belmont State Park</name><styleUrl>#acc_near</styleUrl><description><![CDATA[Mississippi River • Any Boat • unpaved parking<br>3.1 mi from the matching POTA park GPS point<br>Nearby point (within 5 mi). It may be outside the area — e.g. Corps of Engineers or other land. Check the official map.<br><a href="https://www.google.com/maps/search/?api=1&amp;query=36.76363,-89.11318">Open in Google Maps</a>]]></description><Point><coordinates>-89.11318,36.76363,0</coordinates></Point></Placemark>
<Placemark><name>KFF-3810 · KDFWR boat ramp: Big Bone Creek</name><styleUrl>#acc_near</styleUrl><description><![CDATA[Ohio River - Below Cincinnati • Any Boat • paved parking<br>4.7 mi from the matching POTA park GPS point<br>Nearby point (within 5 mi). It may be outside the area — e.g. Corps of Engineers or other land. Check the official map.<br><a href="https://www.google.com/maps/search/?api=1&amp;query=38.85758,-84.77768">Open in Google Maps</a>]]></description><Point><coordinates>-84.77768,38.85758,0</coordinates></Point></Placemark>
<Placemark><name>KFF-3818 · KDFWR boat ramp: Lake Beshear Boat Ramp</name><styleUrl>#acc_near</styleUrl><description><![CDATA[Lake Beshear • Any Boat • paved parking<br>4.1 mi from the matching POTA park GPS point<br>Nearby point (within 5 mi). It may be outside the area — e.g. Corps of Engineers or other land. Check the official map.<br><a href="https://www.google.com/maps/search/?api=1&amp;query=37.14782,-87.68465">Open in Google Maps</a>]]></description><Point><coordinates>-87.68465,37.14782,0</coordinates></Point></Placemark>
<Placemark><name>KFF-3820 · KDFWR boat ramp: Gratz City Ramp</name><styleUrl>#acc_near</styleUrl><description><![CDATA[Kentucky River - Lower • Any Boat • paved parking<br>3.9 mi from the matching POTA park GPS point<br>Nearby point (within 5 mi). It may be outside the area — e.g. Corps of Engineers or other land. Check the official map.<br><a href="https://www.google.com/maps/search/?api=1&amp;query=38.472852,-84.955421">Open in Google Maps</a>]]></description><Point><coordinates>-84.955421,38.472852,0</coordinates></Point></Placemark>
<Placemark><name>KFF-3828 · KDFWR boat ramp: HighView Hill Ramp</name><styleUrl>#acc_near</styleUrl><description><![CDATA[Green River - Lower • Any Boat • paved parking<br>5.0 mi from the matching POTA park GPS point<br>Nearby point (within 5 mi). It may be outside the area — e.g. Corps of Engineers or other land. Check the official map.<br><a href="https://www.google.com/maps/search/?api=1&amp;query=37.326395,-86.818397">Open in Google Maps</a>]]></description><Point><coordinates>-86.818397,37.326395,0</coordinates></Point></Placemark>
<Placemark><name>KFF-3828 · KDFWR boat ramp: Rochester Dam</name><styleUrl>#acc_near</styleUrl><description><![CDATA[Green River - Lower • Any Boat • unpaved parking<br>5.0 mi from the matching POTA park GPS point<br>Nearby point (within 5 mi). It may be outside the area — e.g. Corps of Engineers or other land. Check the official map.<br><a href="https://www.google.com/maps/search/?api=1&amp;query=37.215918,-86.902944">Open in Google Maps</a>]]></description><Point><coordinates>-86.902944,37.215918,0</coordinates></Point></Placemark>
<Placemark><name>KFF-3830 · KDFWR boat ramp: Sloughs North Dock</name><styleUrl>#acc_near</styleUrl><description><![CDATA[Ohio River - Central • Any Boat • unpaved parking<br>0.0 mi from the matching POTA park GPS point<br>Nearby point (within 5 mi). It may be outside the area — e.g. Corps of Engineers or other land. Check the official map.<br><a href="https://www.google.com/maps/search/?api=1&amp;query=37.868611,-87.783114">Open in Google Maps</a>]]></description><Point><coordinates>-87.783114,37.868611,0</coordinates></Point></Placemark>
<Placemark><name>KFF-3831 · KDFWR boat ramp: Portsmouth Public Ramp</name><styleUrl>#acc_near</styleUrl><description><![CDATA[Ohio River - East • Any Boat • paved parking<br>3.7 mi from the matching POTA park GPS point<br>Nearby point (within 5 mi). It may be outside the area — e.g. Corps of Engineers or other land. Check the official map.<br><a href="https://www.google.com/maps/search/?api=1&amp;query=38.73025,-83.00507">Open in Google Maps</a>]]></description><Point><coordinates>-83.00507,38.73025,0</coordinates></Point></Placemark>
<Placemark><name>KFF-3833 · KDFWR boat ramp: Steele Branch Ramp</name><styleUrl>#acc_near</styleUrl><description><![CDATA[Kentucky River - Lower • Any Boat • paved parking<br>3.1 mi from the matching POTA park GPS point<br>Nearby point (within 5 mi). It may be outside the area — e.g. Corps of Engineers or other land. Check the official map.<br><a href="https://www.google.com/maps/search/?api=1&amp;query=38.29307,-84.8787">Open in Google Maps</a>]]></description><Point><coordinates>-84.8787,38.29307,0</coordinates></Point></Placemark>
<Placemark><name>KFF-3834 · KDFWR boat ramp: Lake Beshear Boat Ramp</name><styleUrl>#acc_near</styleUrl><description><![CDATA[Lake Beshear • Any Boat • paved parking<br>0.8 mi from the matching POTA park GPS point<br>Nearby point (within 5 mi). It may be outside the area — e.g. Corps of Engineers or other land. Check the official map.<br><a href="https://www.google.com/maps/search/?api=1&amp;query=37.14782,-87.68465">Open in Google Maps</a>]]></description><Point><coordinates>-87.68465,37.14782,0</coordinates></Point></Placemark>
<Placemark><name>KFF-3837 · KDFWR boat ramp: Fort Massac State Park Ramp</name><styleUrl>#acc_near</styleUrl><description><![CDATA[Ohio River - West • Any Boat • paved parking<br>4.8 mi from the matching POTA park GPS point<br>Nearby point (within 5 mi). It may be outside the area — e.g. Corps of Engineers or other land. Check the official map.<br><a href="https://www.google.com/maps/search/?api=1&amp;query=37.142311,-88.710829">Open in Google Maps</a>]]></description><Point><coordinates>-88.710829,37.142311,0</coordinates></Point></Placemark>
<Placemark><name>KFF-3838 · KDFWR boat ramp: Wickliffe Water Front</name><styleUrl>#acc_near</styleUrl><description><![CDATA[Mississippi River • Any Boat • unpaved parking<br>3.2 mi from the matching POTA park GPS point<br>Nearby point (within 5 mi). It may be outside the area — e.g. Corps of Engineers or other land. Check the official map.<br><a href="https://www.google.com/maps/search/?api=1&amp;query=36.96465,-89.09457">Open in Google Maps</a>]]></description><Point><coordinates>-89.09457,36.96465,0</coordinates></Point></Placemark>
<Placemark><name>KFF-3839 · KDFWR boat ramp: Rich Creek Ramp</name><styleUrl>#acc_near</styleUrl><description><![CDATA[Yatesville Lake • Any Boat • paved parking<br>1.7 mi from the matching POTA park GPS point<br>Nearby point (within 5 mi). It may be outside the area — e.g. Corps of Engineers or other land. Check the official map.<br><a href="https://www.google.com/maps/search/?api=1&amp;query=38.06448,-82.75062">Open in Google Maps</a>]]></description><Point><coordinates>-82.75062,38.06448,0</coordinates></Point></Placemark>
<Placemark><name>KFF-3839 · KDFWR boat ramp: Pleasant Ridge Ramp</name><styleUrl>#acc_near</styleUrl><description><![CDATA[Yatesville Lake • Any Boat • paved parking<br>4.1 mi from the matching POTA park GPS point<br>Nearby point (within 5 mi). It may be outside the area — e.g. Corps of Engineers or other land. Check the official map.<br><a href="https://www.google.com/maps/search/?api=1&amp;query=38.09525,-82.68909">Open in Google Maps</a>]]></description><Point><coordinates>-82.68909,38.09525,0</coordinates></Point></Placemark>
<Placemark><name>KFF-3839 · KDFWR boat ramp: Barkers Marina Ramp</name><styleUrl>#acc_near</styleUrl><description><![CDATA[Yatesville Lake • Any Boat • paved parking<br>4.5 mi from the matching POTA park GPS point<br>Nearby point (within 5 mi). It may be outside the area — e.g. Corps of Engineers or other land. Check the official map.<br><a href="https://www.google.com/maps/search/?api=1&amp;query=38.1188,-82.69359">Open in Google Maps</a>]]></description><Point><coordinates>-82.69359,38.1188,0</coordinates></Point></Placemark>
<Placemark><name>KFF-3840 · KDFWR boat ramp: Mano Point</name><styleUrl>#acc_near</styleUrl><description><![CDATA[Ohio River - Central • Any Boat • paved parking<br>2.5 mi from the matching POTA park GPS point<br>Nearby point (within 5 mi). It may be outside the area — e.g. Corps of Engineers or other land. Check the official map.<br><a href="https://www.google.com/maps/search/?api=1&amp;query=38.04257,-86.51789">Open in Google Maps</a>]]></description><Point><coordinates>-86.51789,38.04257,0</coordinates></Point></Placemark>
<Placemark><name>KFF-3840 · KDFWR boat ramp: Big Poison Creek Access</name><styleUrl>#acc_near</styleUrl><description><![CDATA[Ohio River - Central • Any Boat • paved parking<br>2.6 mi from the matching POTA park GPS point<br>Nearby point (within 5 mi). It may be outside the area — e.g. Corps of Engineers or other land. Check the official map.<br><a href="https://www.google.com/maps/search/?api=1&amp;query=37.97248,-86.53376">Open in Google Maps</a>]]></description><Point><coordinates>-86.53376,37.97248,0</coordinates></Point></Placemark>
<Placemark><name>KFF-6607 · KDFWR boat ramp: Hayes Boat Ramp</name><styleUrl>#acc_near</styleUrl><description><![CDATA[Ohio River - Central • Any Boat • paved parking<br>3.6 mi from the matching POTA park GPS point<br>Nearby point (within 5 mi). It may be outside the area — e.g. Corps of Engineers or other land. Check the official map.<br><a href="https://www.google.com/maps/search/?api=1&amp;query=37.86625,-87.57848">Open in Google Maps</a>]]></description><Point><coordinates>-87.57848,37.86625,0</coordinates></Point></Placemark>
<Placemark><name>KFF-6607 · KDFWR boat ramp: Angel Mounds Boat Ramp</name><styleUrl>#acc_near</styleUrl><description><![CDATA[Ohio River - Central • Any Boat • paved parking<br>3.8 mi from the matching POTA park GPS point<br>Nearby point (within 5 mi). It may be outside the area — e.g. Corps of Engineers or other land. Check the official map.<br><a href="https://www.google.com/maps/search/?api=1&amp;query=37.93045,-87.47052">Open in Google Maps</a>]]></description><Point><coordinates>-87.47052,37.93045,0</coordinates></Point></Placemark>
<Placemark><name>KFF-6864 · KDFWR boat ramp: Angel Mounds Boat Ramp</name><styleUrl>#acc_near</styleUrl><description><![CDATA[Ohio River - Central • Any Boat • paved parking<br>3.8 mi from the matching POTA park GPS point<br>Nearby point (within 5 mi). It may be outside the area — e.g. Corps of Engineers or other land. Check the official map.<br><a href="https://www.google.com/maps/search/?api=1&amp;query=37.93045,-87.47052">Open in Google Maps</a>]]></description><Point><coordinates>-87.47052,37.93045,0</coordinates></Point></Placemark>
<Placemark><name>KFF-6864 · KDFWR boat ramp: Spottsville</name><styleUrl>#acc_near</styleUrl><description><![CDATA[Green River - Lower • Any Boat • unpaved parking<br>4.0 mi from the matching POTA park GPS point<br>Nearby point (within 5 mi). It may be outside the area — e.g. Corps of Engineers or other land. Check the official map.<br><a href="https://www.google.com/maps/search/?api=1&amp;query=37.85518,-87.40818">Open in Google Maps</a>]]></description><Point><coordinates>-87.40818,37.85518,0</coordinates></Point></Placemark>
<Placemark><name>KFF-6885 · KDFWR boat ramp: Sunset Marina</name><styleUrl>#acc_near</styleUrl><description><![CDATA[Herrington Lake • Any Boat • unpaved parking<br>4.5 mi from the matching POTA park GPS point<br>Nearby point (within 5 mi). It may be outside the area — e.g. Corps of Engineers or other land. Check the official map.<br><a href="https://www.google.com/maps/search/?api=1&amp;query=37.754819,-84.698496">Open in Google Maps</a>]]></description><Point><coordinates>-84.698496,37.754819,0</coordinates></Point></Placemark>
<Placemark><name>KFF-6885 · KDFWR boat ramp: Tanyard Branch-Red Gate Fishing Camp</name><styleUrl>#acc_near</styleUrl><description><![CDATA[Herrington Lake • Any Boat • unpaved parking<br>4.5 mi from the matching POTA park GPS point<br>Nearby point (within 5 mi). It may be outside the area — e.g. Corps of Engineers or other land. Check the official map.<br><a href="https://www.google.com/maps/search/?api=1&amp;query=37.72124,-84.68207">Open in Google Maps</a>]]></description><Point><coordinates>-84.68207,37.72124,0</coordinates></Point></Placemark>
<Placemark><name>KFF-6885 · KDFWR boat ramp: Camp Kennedy</name><styleUrl>#acc_near</styleUrl><description><![CDATA[Herrington Lake • Any Boat • unpaved parking<br>4.8 mi from the matching POTA park GPS point<br>Nearby point (within 5 mi). It may be outside the area — e.g. Corps of Engineers or other land. Check the official map.<br><a href="https://www.google.com/maps/search/?api=1&amp;query=37.749622,-84.703">Open in Google Maps</a>]]></description><Point><coordinates>-84.703,37.749622,0</coordinates></Point></Placemark>
<Placemark><name>KFF-6885 · KDFWR boat ramp: Chimney Rock Ramp</name><styleUrl>#acc_near</styleUrl><description><![CDATA[Herrington Lake • Any Boat • paved parking<br>4.9 mi from the matching POTA park GPS point<br>Nearby point (within 5 mi). It may be outside the area — e.g. Corps of Engineers or other land. Check the official map.<br><a href="https://www.google.com/maps/search/?api=1&amp;query=37.75124,-84.70614">Open in Google Maps</a>]]></description><Point><coordinates>-84.70614,37.75124,0</coordinates></Point></Placemark>
<Placemark><name>KFF-7270 · KDFWR boat ramp: Holly Bay Marina and Ramp</name><styleUrl>#acc_near</styleUrl><description><![CDATA[Laurel River Lake • Any Boat • paved parking<br>2.1 mi from the matching POTA park GPS point<br>Nearby point (within 5 mi). It may be outside the area — e.g. Corps of Engineers or other land. Check the official map.<br><a href="https://www.google.com/maps/search/?api=1&amp;query=36.977161,-84.2585">Open in Google Maps</a>]]></description><Point><coordinates>-84.2585,36.977161,0</coordinates></Point></Placemark>
<Placemark><name>KFF-7270 · KDFWR boat ramp: Marsh Branch Ramp</name><styleUrl>#acc_near</styleUrl><description><![CDATA[Laurel River Lake • Any Boat • paved parking<br>2.6 mi from the matching POTA park GPS point<br>Nearby point (within 5 mi). It may be outside the area — e.g. Corps of Engineers or other land. Check the official map.<br><a href="https://www.google.com/maps/search/?api=1&amp;query=37.00229,-84.23745">Open in Google Maps</a>]]></description><Point><coordinates>-84.23745,37.00229,0</coordinates></Point></Placemark>
<Placemark><name>KFF-7270 · KDFWR boat ramp: Beaver Creek WMA Marina</name><styleUrl>#acc_near</styleUrl><description><![CDATA[Rockcastle River • Any Boat • paved parking<br>4.6 mi from the matching POTA park GPS point<br>Nearby point (within 5 mi). It may be outside the area — e.g. Corps of Engineers or other land. Check the official map.<br><a href="https://www.google.com/maps/search/?api=1&amp;query=36.960534,-84.353481">Open in Google Maps</a>]]></description><Point><coordinates>-84.353481,36.960534,0</coordinates></Point></Placemark>
<Placemark><name>KFF-7272 · KDFWR boat ramp: Terry Ramp</name><styleUrl>#acc_near</styleUrl><description><![CDATA[Dewey Lake • Any Boat • paved parking<br>1.0 mi from the matching POTA park GPS point<br>Nearby point (within 5 mi). It may be outside the area — e.g. Corps of Engineers or other land. Check the official map.<br><a href="https://www.google.com/maps/search/?api=1&amp;query=37.72645,-82.74262">Open in Google Maps</a>]]></description><Point><coordinates>-82.74262,37.72645,0</coordinates></Point></Placemark>
<Placemark><name>KFF-7272 · KDFWR boat ramp: Jenny Wiley State Park Campground Ramp</name><styleUrl>#acc_near</styleUrl><description><![CDATA[Dewey Lake • Any Boat • unpaved parking<br>1.6 mi from the matching POTA park GPS point<br>Nearby point (within 5 mi). It may be outside the area — e.g. Corps of Engineers or other land. Check the official map.<br><a href="https://www.google.com/maps/search/?api=1&amp;query=37.7144,-82.7389">Open in Google Maps</a>]]></description><Point><coordinates>-82.7389,37.7144,0</coordinates></Point></Placemark>
<Placemark><name>KFF-7272 · KDFWR boat ramp: Jenny Wiley State Park-Stratton Branch Ramp</name><styleUrl>#acc_near</styleUrl><description><![CDATA[Dewey Lake • Any Boat • paved parking<br>2.4 mi from the matching POTA park GPS point<br>Nearby point (within 5 mi). It may be outside the area — e.g. Corps of Engineers or other land. Check the official map.<br><a href="https://www.google.com/maps/search/?api=1&amp;query=37.70194,-82.73893">Open in Google Maps</a>]]></description><Point><coordinates>-82.73893,37.70194,0</coordinates></Point></Placemark>
<Placemark><name>KFF-7272 · KDFWR boat ramp: Jenny Wiley State Park Marina Ramp</name><styleUrl>#acc_near</styleUrl><description><![CDATA[Dewey Lake • Any Boat • paved parking<br>2.9 mi from the matching POTA park GPS point<br>Nearby point (within 5 mi). It may be outside the area — e.g. Corps of Engineers or other land. Check the official map.<br><a href="https://www.google.com/maps/search/?api=1&amp;query=37.69361,-82.72723">Open in Google Maps</a>]]></description><Point><coordinates>-82.72723,37.69361,0</coordinates></Point></Placemark>
</Folder>
<Folder><name>Nearby access (check ownership) — KDFWR entrance</name>
<Placemark><name>KFF-1251 · KDFWR entrance: Wells Hunting Access Area</name><styleUrl>#acc_near</styleUrl><description><![CDATA[Official entrance of a different neighboring area (not this park)<br>2.9 mi from the matching POTA park GPS point<br>Nearby point (within 5 mi). It may be outside the area — e.g. Corps of Engineers or other land. Check the official map.<br><a href="https://www.google.com/maps/search/?api=1&amp;query=37.20601363,-83.04215566">Open in Google Maps</a>]]></description><Point><coordinates>-83.04215566,37.20601363,0</coordinates></Point></Placemark>
<Placemark><name>KFF-1251 · KDFWR entrance: Carr Creek Lake WMA</name><styleUrl>#acc_near</styleUrl><description><![CDATA[Official entrance of a different neighboring area (not this park)<br>3.1 mi from the matching POTA park GPS point<br>Nearby point (within 5 mi). It may be outside the area — e.g. Corps of Engineers or other land. Check the official map.<br><a href="https://www.google.com/maps/search/?api=1&amp;query=37.24304806,-82.94668437">Open in Google Maps</a>]]></description><Point><coordinates>-82.94668437,37.24304806,0</coordinates></Point></Placemark>
<Placemark><name>KFF-1255 · KDFWR entrance: RH Group Hunting Access Area</name><styleUrl>#acc_near</styleUrl><description><![CDATA[Official entrance of a different neighboring area (not this park)<br>4.9 mi from the matching POTA park GPS point<br>Nearby point (within 5 mi). It may be outside the area — e.g. Corps of Engineers or other land. Check the official map.<br><a href="https://www.google.com/maps/search/?api=1&amp;query=37.50480878,-82.35817419">Open in Google Maps</a>]]></description><Point><coordinates>-82.35817419,37.50480878,0</coordinates></Point></Placemark>
<Placemark><name>KFF-1258 · KDFWR entrance: Grayson Lake WMA</name><styleUrl>#acc_near</styleUrl><description><![CDATA[Official entrance of a different neighboring area (not this park)<br>3.8 mi from the matching POTA park GPS point<br>Nearby point (within 5 mi). It may be outside the area — e.g. Corps of Engineers or other land. Check the official map.<br><a href="https://www.google.com/maps/search/?api=1&amp;query=38.24213641,-82.98176806">Open in Google Maps</a>]]></description><Point><coordinates>-82.98176806,38.24213641,0</coordinates></Point></Placemark>
<Placemark><name>KFF-1259 · KDFWR entrance: Green River Lake WMA</name><styleUrl>#acc_near</styleUrl><description><![CDATA[Official entrance of a different neighboring area (not this park)<br>1.8 mi from the matching POTA park GPS point<br>Nearby point (within 5 mi). It may be outside the area — e.g. Corps of Engineers or other land. Check the official map.<br><a href="https://www.google.com/maps/search/?api=1&amp;query=37.29254188,-85.29981478">Open in Google Maps</a>]]></description><Point><coordinates>-85.29981478,37.29254188,0</coordinates></Point></Placemark>
<Placemark><name>KFF-1271 · KDFWR entrance: Taylorsville Lake WMA</name><styleUrl>#acc_near</styleUrl><description><![CDATA[Official entrance of a different neighboring area (not this park)<br>1.6 mi from the matching POTA park GPS point<br>Nearby point (within 5 mi). It may be outside the area — e.g. Corps of Engineers or other land. Check the official map.<br><a href="https://www.google.com/maps/search/?api=1&amp;query=38.01552717,-85.22572573">Open in Google Maps</a>]]></description><Point><coordinates>-85.22572573,38.01552717,0</coordinates></Point></Placemark>
<Placemark><name>KFF-1273 · KDFWR entrance: Barren River Lake WMA</name><styleUrl>#acc_near</styleUrl><description><![CDATA[Official entrance of a different neighboring area (not this park)<br>1.5 mi from the matching POTA park GPS point<br>Nearby point (within 5 mi). It may be outside the area — e.g. Corps of Engineers or other land. Check the official map.<br><a href="https://www.google.com/maps/search/?api=1&amp;query=36.87774671,-86.05559207">Open in Google Maps</a>]]></description><Point><coordinates>-86.05559207,36.87774671,0</coordinates></Point></Placemark>
<Placemark><name>KFF-1275 · KDFWR entrance: Buckhorn Lake WMA</name><styleUrl>#acc_near</styleUrl><description><![CDATA[Official entrance of a different neighboring area (not this park)<br>2.8 mi from the matching POTA park GPS point<br>Nearby point (within 5 mi). It may be outside the area — e.g. Corps of Engineers or other land. Check the official map.<br><a href="https://www.google.com/maps/search/?api=1&amp;query=37.34131271,-83.46991215">Open in Google Maps</a>]]></description><Point><coordinates>-83.46991215,37.34131271,0</coordinates></Point></Placemark>
<Placemark><name>KFF-1278 · KDFWR entrance: Dale Hollow Lake WMA</name><styleUrl>#acc_near</styleUrl><description><![CDATA[Official entrance of a different neighboring area (not this park)<br>3.4 mi from the matching POTA park GPS point<br>Nearby point (within 5 mi). It may be outside the area — e.g. Corps of Engineers or other land. Check the official map.<br><a href="https://www.google.com/maps/search/?api=1&amp;query=36.674476,-85.33936885">Open in Google Maps</a>]]></description><Point><coordinates>-85.33936885,36.674476,0</coordinates></Point></Placemark>
<Placemark><name>KFF-1281 · KDFWR entrance: Czar Hunting Access Area</name><styleUrl>#acc_near</styleUrl><description><![CDATA[Official entrance of a different neighboring area (not this park)<br>4.8 mi from the matching POTA park GPS point<br>Nearby point (within 5 mi). It may be outside the area — e.g. Corps of Engineers or other land. Check the official map.<br><a href="https://www.google.com/maps/search/?api=1&amp;query=37.75870892,-82.68898077">Open in Google Maps</a>]]></description><Point><coordinates>-82.68898077,37.75870892,0</coordinates></Point></Placemark>
<Placemark><name>KFF-1288 · KDFWR entrance: Fortner-Davis WMA</name><styleUrl>#acc_near</styleUrl><description><![CDATA[Official entrance of a different neighboring area (not this park)<br>3.5 mi from the matching POTA park GPS point<br>Nearby point (within 5 mi). It may be outside the area — e.g. Corps of Engineers or other land. Check the official map.<br><a href="https://www.google.com/maps/search/?api=1&amp;query=36.69697,-83.70039924">Open in Google Maps</a>]]></description><Point><coordinates>-83.70039924,36.69697,0</coordinates></Point></Placemark>
<Placemark><name>KFF-1289 · KDFWR entrance: Rough River Lake WMA</name><styleUrl>#acc_near</styleUrl><description><![CDATA[Official entrance of a different neighboring area (not this park)<br>4.2 mi from the matching POTA park GPS point<br>Nearby point (within 5 mi). It may be outside the area — e.g. Corps of Engineers or other land. Check the official map.<br><a href="https://www.google.com/maps/search/?api=1&amp;query=37.63605514,-86.43623604">Open in Google Maps</a>]]></description><Point><coordinates>-86.43623604,37.63605514,0</coordinates></Point></Placemark>
<Placemark><name>KFF-3804 · KDFWR entrance: Martins Fork Lake WMA</name><styleUrl>#acc_near</styleUrl><description><![CDATA[Official entrance of a different neighboring area (not this park)<br>3.7 mi from the matching POTA park GPS point<br>Nearby point (within 5 mi). It may be outside the area — e.g. Corps of Engineers or other land. Check the official map.<br><a href="https://www.google.com/maps/search/?api=1&amp;query=36.73632081,-83.25882423">Open in Google Maps</a>]]></description><Point><coordinates>-83.25882423,36.73632081,0</coordinates></Point></Placemark>
<Placemark><name>KFF-3825 · KDFWR entrance: Blue Grass Army Depot</name><styleUrl>#acc_near</styleUrl><description><![CDATA[Official entrance of a different neighboring area (not this park)<br>4.3 mi from the matching POTA park GPS point<br>Nearby point (within 5 mi). It may be outside the area — e.g. Corps of Engineers or other land. Check the official map.<br><a href="https://www.google.com/maps/search/?api=1&amp;query=37.69498867,-84.18103199">Open in Google Maps</a>]]></description><Point><coordinates>-84.18103199,37.69498867,0</coordinates></Point></Placemark>
<Placemark><name>KFF-6866 · KDFWR entrance: Cumberland Forest WMA</name><styleUrl>#acc_near</styleUrl><description><![CDATA[Official entrance of a different neighboring area (not this park)<br>4.1 mi from the matching POTA park GPS point<br>Nearby point (within 5 mi). It may be outside the area — e.g. Corps of Engineers or other land. Check the official map.<br><a href="https://www.google.com/maps/search/?api=1&amp;query=36.63016906,-83.85767472">Open in Google Maps</a>]]></description><Point><coordinates>-83.85767472,36.63016906,0</coordinates></Point></Placemark>
<Placemark><name>KFF-6878 · KDFWR entrance: Barren River Lake WMA</name><styleUrl>#acc_near</styleUrl><description><![CDATA[Official entrance of a different neighboring area (not this park)<br>4.3 mi from the matching POTA park GPS point<br>Nearby point (within 5 mi). It may be outside the area — e.g. Corps of Engineers or other land. Check the official map.<br><a href="https://www.google.com/maps/search/?api=1&amp;query=36.87774671,-86.05559207">Open in Google Maps</a>]]></description><Point><coordinates>-86.05559207,36.87774671,0</coordinates></Point></Placemark>
<Placemark><name>KFF-6886 · KDFWR entrance: Hidden Valley Training Area</name><styleUrl>#acc_near</styleUrl><description><![CDATA[Official entrance of a different neighboring area (not this park)<br>2.2 mi from the matching POTA park GPS point<br>Nearby point (within 5 mi). It may be outside the area — e.g. Corps of Engineers or other land. Check the official map.<br><a href="https://www.google.com/maps/search/?api=1&amp;query=37.89385442,-83.97777602">Open in Google Maps</a>]]></description><Point><coordinates>-83.97777602,37.89385442,0</coordinates></Point></Placemark>
<Placemark><name>KFF-7272 · KDFWR entrance: Czar Hunting Access Area</name><styleUrl>#acc_near</styleUrl><description><![CDATA[Official entrance of a different neighboring area (not this park)<br>2.7 mi from the matching POTA park GPS point<br>Nearby point (within 5 mi). It may be outside the area — e.g. Corps of Engineers or other land. Check the official map.<br><a href="https://www.google.com/maps/search/?api=1&amp;query=37.75870892,-82.68898077">Open in Google Maps</a>]]></description><Point><coordinates>-82.68898077,37.75870892,0</coordinates></Point></Placemark>
</Folder>
<Folder><name>Nearby access (check ownership) — KDFWR fishing access</name>
<Placemark><name>KFF-1251 · KDFWR fishing access: Carr Creek Tailwater</name><styleUrl>#acc_near</styleUrl><description><![CDATA[Carr Creek Lake • Bank Access • paved parking<br>1.8 mi from the matching POTA park GPS point<br>Nearby point (within 5 mi). It may be outside the area — e.g. Corps of Engineers or other land. Check the official map.<br><a href="https://www.google.com/maps/search/?api=1&amp;query=37.23202,-83.0332">Open in Google Maps</a>]]></description><Point><coordinates>-83.0332,37.23202,0</coordinates></Point></Placemark>
<Placemark><name>KFF-1255 · KDFWR fishing access: Fishtrap Tailwater</name><styleUrl>#acc_near</styleUrl><description><![CDATA[Fishtrap Lake • Bank Access • paved parking<br>3.6 mi from the matching POTA park GPS point<br>Nearby point (within 5 mi). It may be outside the area — e.g. Corps of Engineers or other land. Check the official map.<br><a href="https://www.google.com/maps/search/?api=1&amp;query=37.42929,-82.41519">Open in Google Maps</a>]]></description><Point><coordinates>-82.41519,37.42929,0</coordinates></Point></Placemark>
<Placemark><name>KFF-1258 · KDFWR fishing access: Grayson Fishing Pier</name><styleUrl>#acc_near</styleUrl><description><![CDATA[Grayson Lake • Fishing Pier • paved parking<br>4.2 mi from the matching POTA park GPS point<br>Nearby point (within 5 mi). It may be outside the area — e.g. Corps of Engineers or other land. Check the official map.<br><a href="https://www.google.com/maps/search/?api=1&amp;query=38.25055,-82.98579">Open in Google Maps</a>]]></description><Point><coordinates>-82.98579,38.25055,0</coordinates></Point></Placemark>
<Placemark><name>KFF-1258 · KDFWR fishing access: Grayson Lake Tailwater</name><styleUrl>#acc_near</styleUrl><description><![CDATA[Grayson Lake • Bank Access • unpaved parking<br>4.3 mi from the matching POTA park GPS point<br>Nearby point (within 5 mi). It may be outside the area — e.g. Corps of Engineers or other land. Check the official map.<br><a href="https://www.google.com/maps/search/?api=1&amp;query=38.25473,-82.99001">Open in Google Maps</a>]]></description><Point><coordinates>-82.99001,38.25473,0</coordinates></Point></Placemark>
<Placemark><name>KFF-1259 · KDFWR fishing access: Corps Office</name><styleUrl>#acc_near</styleUrl><description><![CDATA[Green River Lake • Bank Access • paved parking<br>2.1 mi from the matching POTA park GPS point<br>Nearby point (within 5 mi). It may be outside the area — e.g. Corps of Engineers or other land. Check the official map.<br><a href="https://www.google.com/maps/search/?api=1&amp;query=37.24415,-85.33664">Open in Google Maps</a>]]></description><Point><coordinates>-85.33664,37.24415,0</coordinates></Point></Placemark>
<Placemark><name>KFF-1259 · KDFWR fishing access: Green River Lake Fishing Pier 1</name><styleUrl>#acc_near</styleUrl><description><![CDATA[Green River Lake • Fishing Pier • paved parking<br>2.9 mi from the matching POTA park GPS point<br>Nearby point (within 5 mi). It may be outside the area — e.g. Corps of Engineers or other land. Check the official map.<br><a href="https://www.google.com/maps/search/?api=1&amp;query=37.231991,-85.337206">Open in Google Maps</a>]]></description><Point><coordinates>-85.337206,37.231991,0</coordinates></Point></Placemark>
<Placemark><name>KFF-1259 · KDFWR fishing access: Green River Lake Fishing Pier 2</name><styleUrl>#acc_near</styleUrl><description><![CDATA[Green River Lake • Fishing Pier • paved parking<br>4.4 mi from the matching POTA park GPS point<br>Nearby point (within 5 mi). It may be outside the area — e.g. Corps of Engineers or other land. Check the official map.<br><a href="https://www.google.com/maps/search/?api=1&amp;query=37.220572,-85.268632">Open in Google Maps</a>]]></description><Point><coordinates>-85.268632,37.220572,0</coordinates></Point></Placemark>
<Placemark><name>KFF-1261 · KDFWR fishing access: Pendleton Co. Athletic Park</name><styleUrl>#acc_near</styleUrl><description><![CDATA[South Fork Licking River • Bank Access • paved parking<br>4.8 mi from the matching POTA park GPS point<br>Nearby point (within 5 mi). It may be outside the area — e.g. Corps of Engineers or other land. Check the official map.<br><a href="https://www.google.com/maps/search/?api=1&amp;query=38.677022,-84.345989">Open in Google Maps</a>]]></description><Point><coordinates>-84.345989,38.677022,0</coordinates></Point></Placemark>
<Placemark><name>KFF-1270 · KDFWR fishing access: Paintsville Lake WMA</name><styleUrl>#acc_near</styleUrl><description><![CDATA[Paintsville Lake • Bank Access • unpaved parking<br>3.2 mi from the matching POTA park GPS point<br>Nearby point (within 5 mi). It may be outside the area — e.g. Corps of Engineers or other land. Check the official map.<br><a href="https://www.google.com/maps/search/?api=1&amp;query=37.87983,-82.91456">Open in Google Maps</a>]]></description><Point><coordinates>-82.91456,37.87983,0</coordinates></Point></Placemark>
<Placemark><name>KFF-1271 · KDFWR fishing access: Taylorsville Tailwater</name><styleUrl>#acc_near</styleUrl><description><![CDATA[Taylorsville Lake • Bank Access • paved parking<br>3.6 mi from the matching POTA park GPS point<br>Nearby point (within 5 mi). It may be outside the area — e.g. Corps of Engineers or other land. Check the official map.<br><a href="https://www.google.com/maps/search/?api=1&amp;query=38.0077,-85.30958">Open in Google Maps</a>]]></description><Point><coordinates>-85.30958,38.0077,0</coordinates></Point></Placemark>
<Placemark><name>KFF-1272 · KDFWR fishing access: Yatesville Tailwater</name><styleUrl>#acc_near</styleUrl><description><![CDATA[Yatesville Lake • Bank Access • paved parking<br>2.3 mi from the matching POTA park GPS point<br>Nearby point (within 5 mi). It may be outside the area — e.g. Corps of Engineers or other land. Check the official map.<br><a href="https://www.google.com/maps/search/?api=1&amp;query=38.12848,-82.69628">Open in Google Maps</a>]]></description><Point><coordinates>-82.69628,38.12848,0</coordinates></Point></Placemark>
<Placemark><name>KFF-1275 · KDFWR fishing access: Buckhorn Tailwater</name><styleUrl>#acc_near</styleUrl><description><![CDATA[Buckhorn Lake • Bank Access • paved parking<br>3.1 mi from the matching POTA park GPS point<br>Nearby point (within 5 mi). It may be outside the area — e.g. Corps of Engineers or other land. Check the official map.<br><a href="https://www.google.com/maps/search/?api=1&amp;query=37.34633,-83.46959">Open in Google Maps</a>]]></description><Point><coordinates>-83.46959,37.34633,0</coordinates></Point></Placemark>
<Placemark><name>KFF-1279 · KDFWR fishing access: General Butler State Park</name><styleUrl>#acc_near</styleUrl><description><![CDATA[General Butler State Park Lake • Bank Access • paved parking<br>0.1 mi from the matching POTA park GPS point<br>Nearby point (within 5 mi). It may be outside the area — e.g. Corps of Engineers or other land. Check the official map.<br><a href="https://www.google.com/maps/search/?api=1&amp;query=38.66713,-85.14735">Open in Google Maps</a>]]></description><Point><coordinates>-85.14735,38.66713,0</coordinates></Point></Placemark>
<Placemark><name>KFF-1279 · KDFWR fishing access: General Butler Handicapped Fishing Pier</name><styleUrl>#acc_near</styleUrl><description><![CDATA[General Butler State Park Lake • Fishing Pier • paved parking<br>0.1 mi from the matching POTA park GPS point<br>Nearby point (within 5 mi). It may be outside the area — e.g. Corps of Engineers or other land. Check the official map.<br><a href="https://www.google.com/maps/search/?api=1&amp;query=38.66755,-85.1473">Open in Google Maps</a>]]></description><Point><coordinates>-85.1473,38.66755,0</coordinates></Point></Placemark>
<Placemark><name>KFF-1280 · KDFWR fishing access: Dam area - Greenbo Lake State Park</name><styleUrl>#acc_near</styleUrl><description><![CDATA[Greenbo Lake • Bank Access • unpaved parking<br>0.9 mi from the matching POTA park GPS point<br>Nearby point (within 5 mi). It may be outside the area — e.g. Corps of Engineers or other land. Check the official map.<br><a href="https://www.google.com/maps/search/?api=1&amp;query=38.49137,-82.86529">Open in Google Maps</a>]]></description><Point><coordinates>-82.86529,38.49137,0</coordinates></Point></Placemark>
<Placemark><name>KFF-1281 · KDFWR fishing access: Dewey Lake Tailwater</name><styleUrl>#acc_near</styleUrl><description><![CDATA[Dewey Lake • Bank Access • paved parking<br>2.9 mi from the matching POTA park GPS point<br>Nearby point (within 5 mi). It may be outside the area — e.g. Corps of Engineers or other land. Check the official map.<br><a href="https://www.google.com/maps/search/?api=1&amp;query=37.7375,-82.73144">Open in Google Maps</a>]]></description><Point><coordinates>-82.73144,37.7375,0</coordinates></Point></Placemark>
<Placemark><name>KFF-1286 · KDFWR fishing access: Middle Fork Red River Access</name><styleUrl>#acc_near</styleUrl><description><![CDATA[Natural Bridge State Park • Bank Access • unpaved parking<br>0.6 mi from the matching POTA park GPS point<br>Nearby point (within 5 mi). It may be outside the area — e.g. Corps of Engineers or other land. Check the official map.<br><a href="https://www.google.com/maps/search/?api=1&amp;query=37.77444,-83.677121">Open in Google Maps</a>]]></description><Point><coordinates>-83.677121,37.77444,0</coordinates></Point></Placemark>
<Placemark><name>KFF-1287 · KDFWR fishing access: Pennyrile Forest State Park</name><styleUrl>#acc_near</styleUrl><description><![CDATA[Pennyrile Lake • Bank Access • paved parking<br>0.2 mi from the matching POTA park GPS point<br>Nearby point (within 5 mi). It may be outside the area — e.g. Corps of Engineers or other land. Check the official map.<br><a href="https://www.google.com/maps/search/?api=1&amp;query=37.06986,-87.66138">Open in Google Maps</a>]]></description><Point><coordinates>-87.66138,37.06986,0</coordinates></Point></Placemark>
<Placemark><name>KFF-1289 · KDFWR fishing access: RRL Tailwater</name><styleUrl>#acc_near</styleUrl><description><![CDATA[Rough River Lake • Bank Access • paved parking<br>0.8 mi from the matching POTA park GPS point<br>Nearby point (within 5 mi). It may be outside the area — e.g. Corps of Engineers or other land. Check the official map.<br><a href="https://www.google.com/maps/search/?api=1&amp;query=37.62099,-86.50178">Open in Google Maps</a>]]></description><Point><coordinates>-86.50178,37.62099,0</coordinates></Point></Placemark>
<Placemark><name>KFF-3779 · KDFWR fishing access: Big Bone State Park</name><styleUrl>#acc_near</styleUrl><description><![CDATA[Big Bone State Park Lake • Bank Access • unpaved parking<br>0.3 mi from the matching POTA park GPS point<br>Nearby point (within 5 mi). It may be outside the area — e.g. Corps of Engineers or other land. Check the official map.<br><a href="https://www.google.com/maps/search/?api=1&amp;query=38.88409,-84.74368">Open in Google Maps</a>]]></description><Point><coordinates>-84.74368,38.88409,0</coordinates></Point></Placemark>
<Placemark><name>KFF-3781 · KDFWR fishing access: Elkhorn City Park</name><styleUrl>#acc_near</styleUrl><description><![CDATA[Russell Fork • Bank Access • unpaved parking<br>2.2 mi from the matching POTA park GPS point<br>Nearby point (within 5 mi). It may be outside the area — e.g. Corps of Engineers or other land. Check the official map.<br><a href="https://www.google.com/maps/search/?api=1&amp;query=37.30422,-82.3517">Open in Google Maps</a>]]></description><Point><coordinates>-82.3517,37.30422,0</coordinates></Point></Placemark>
<Placemark><name>KFF-3782 · KDFWR fishing access: Brickyard Pond</name><styleUrl>#acc_near</styleUrl><description><![CDATA[Brickyard Pond • Bank Access • paved parking<br>3.1 mi from the matching POTA park GPS point<br>Nearby point (within 5 mi). It may be outside the area — e.g. Corps of Engineers or other land. Check the official map.<br><a href="https://www.google.com/maps/search/?api=1&amp;query=36.87529,-83.88388">Open in Google Maps</a>]]></description><Point><coordinates>-83.88388,36.87529,0</coordinates></Point></Placemark>
<Placemark><name>KFF-3782 · KDFWR fishing access: Brickyard Pond Fishing Pier</name><styleUrl>#acc_near</styleUrl><description><![CDATA[Brickyard Pond • Fishing Pier • paved parking<br>3.2 mi from the matching POTA park GPS point<br>Nearby point (within 5 mi). It may be outside the area — e.g. Corps of Engineers or other land. Check the official map.<br><a href="https://www.google.com/maps/search/?api=1&amp;query=36.877249,-83.884883">Open in Google Maps</a>]]></description><Point><coordinates>-83.884883,36.877249,0</coordinates></Point></Placemark>
<Placemark><name>KFF-3786 · KDFWR fishing access: Southland Church Lake Fishing Access</name><styleUrl>#acc_near</styleUrl><description><![CDATA[Southland Church Lake • Bank Access • paved parking<br>3.0 mi from the matching POTA park GPS point<br>Nearby point (within 5 mi). It may be outside the area — e.g. Corps of Engineers or other land. Check the official map.<br><a href="https://www.google.com/maps/search/?api=1&amp;query=37.967244,-84.5915133">Open in Google Maps</a>]]></description><Point><coordinates>-84.5915133,37.967244,0</coordinates></Point></Placemark>
<Placemark><name>KFF-3793 · KDFWR fishing access: Ballard WMA Pond</name><styleUrl>#acc_near</styleUrl><description><![CDATA[Ballard WMA • Bank Access • unpaved parking<br>4.8 mi from the matching POTA park GPS point<br>Nearby point (within 5 mi). It may be outside the area — e.g. Corps of Engineers or other land. Check the official map.<br><a href="https://www.google.com/maps/search/?api=1&amp;query=37.11329,-89.04555">Open in Google Maps</a>]]></description><Point><coordinates>-89.04555,37.11329,0</coordinates></Point></Placemark>
<Placemark><name>KFF-3797 · KDFWR fishing access: Ballard WMA Pond</name><styleUrl>#acc_near</styleUrl><description><![CDATA[Ballard WMA • Bank Access • unpaved parking<br>2.9 mi from the matching POTA park GPS point<br>Nearby point (within 5 mi). It may be outside the area — e.g. Corps of Engineers or other land. Check the official map.<br><a href="https://www.google.com/maps/search/?api=1&amp;query=37.11329,-89.04555">Open in Google Maps</a>]]></description><Point><coordinates>-89.04555,37.11329,0</coordinates></Point></Placemark>
<Placemark><name>KFF-3800 · KDFWR fishing access: Cedar Creek Bank Fishing Area</name><styleUrl>#acc_near</styleUrl><description><![CDATA[Cedar Creek Lake • Bank Access • unpaved parking<br>1.1 mi from the matching POTA park GPS point<br>Nearby point (within 5 mi). It may be outside the area — e.g. Corps of Engineers or other land. Check the official map.<br><a href="https://www.google.com/maps/search/?api=1&amp;query=37.488309,-84.54566">Open in Google Maps</a>]]></description><Point><coordinates>-84.54566,37.488309,0</coordinates></Point></Placemark>
<Placemark><name>KFF-3800 · KDFWR fishing access: Cedar Creek Lake Fishing Pier</name><styleUrl>#acc_near</styleUrl><description><![CDATA[Cedar Creek Lake • Fishing Pier • paved parking<br>1.4 mi from the matching POTA park GPS point<br>Nearby point (within 5 mi). It may be outside the area — e.g. Corps of Engineers or other land. Check the official map.<br><a href="https://www.google.com/maps/search/?api=1&amp;query=37.456087,-84.549482">Open in Google Maps</a>]]></description><Point><coordinates>-84.549482,37.456087,0</coordinates></Point></Placemark>
<Placemark><name>KFF-3801 · KDFWR fishing access: 715 Bridge Fishing Access</name><styleUrl>#acc_near</styleUrl><description><![CDATA[Red River • Bank Access • unpaved parking<br>0.5 mi from the matching POTA park GPS point<br>Nearby point (within 5 mi). It may be outside the area — e.g. Corps of Engineers or other land. Check the official map.<br><a href="https://www.google.com/maps/search/?api=1&amp;query=37.81951,-83.57471">Open in Google Maps</a>]]></description><Point><coordinates>-83.57471,37.81951,0</coordinates></Point></Placemark>
<Placemark><name>KFF-3801 · KDFWR fishing access: Swift Camp Creek Fishing Access</name><styleUrl>#acc_near</styleUrl><description><![CDATA[Swift Camp Creek • Bank Access • unpaved parking<br>1.1 mi from the matching POTA park GPS point<br>Nearby point (within 5 mi). It may be outside the area — e.g. Corps of Engineers or other land. Check the official map.<br><a href="https://www.google.com/maps/search/?api=1&amp;query=37.813351,-83.582722">Open in Google Maps</a>]]></description><Point><coordinates>-83.582722,37.813351,0</coordinates></Point></Placemark>
<Placemark><name>KFF-3802 · KDFWR fishing access: Lower Sportsman's Lake</name><styleUrl>#acc_near</styleUrl><description><![CDATA[Sportsman's Lakes • Bank Access • paved parking<br>4.5 mi from the matching POTA park GPS point<br>Nearby point (within 5 mi). It may be outside the area — e.g. Corps of Engineers or other land. Check the official map.<br><a href="https://www.google.com/maps/search/?api=1&amp;query=38.173207,-84.923255">Open in Google Maps</a>]]></description><Point><coordinates>-84.923255,38.173207,0</coordinates></Point></Placemark>
<Placemark><name>KFF-3802 · KDFWR fishing access: Upper Sportman's Lake</name><styleUrl>#acc_near</styleUrl><description><![CDATA[Sportsman's Lakes • Fishing Pier • paved parking<br>4.6 mi from the matching POTA park GPS point<br>Nearby point (within 5 mi). It may be outside the area — e.g. Corps of Engineers or other land. Check the official map.<br><a href="https://www.google.com/maps/search/?api=1&amp;query=38.173989,-84.922899">Open in Google Maps</a>]]></description><Point><coordinates>-84.922899,38.173989,0</coordinates></Point></Placemark>
<Placemark><name>KFF-3804 · KDFWR fishing access: MFL Tailwater</name><styleUrl>#acc_near</styleUrl><description><![CDATA[Martins Fork Lake • Bank Access • paved parking<br>3.4 mi from the matching POTA park GPS point<br>Nearby point (within 5 mi). It may be outside the area — e.g. Corps of Engineers or other land. Check the official map.<br><a href="https://www.google.com/maps/search/?api=1&amp;query=36.7511865,-83.2570512">Open in Google Maps</a>]]></description><Point><coordinates>-83.2570512,36.7511865,0</coordinates></Point></Placemark>
<Placemark><name>KFF-3804 · KDFWR fishing access: Martins Fork Lake Fishing Pier</name><styleUrl>#acc_near</styleUrl><description><![CDATA[Martins Fork Lake • Fishing Pier • paved parking<br>3.6 mi from the matching POTA park GPS point<br>Nearby point (within 5 mi). It may be outside the area — e.g. Corps of Engineers or other land. Check the official map.<br><a href="https://www.google.com/maps/search/?api=1&amp;query=36.736719,-83.256779">Open in Google Maps</a>]]></description><Point><coordinates>-83.256779,36.736719,0</coordinates></Point></Placemark>
<Placemark><name>KFF-3805 · KDFWR fishing access: Leary Lake Fishing Pier</name><styleUrl>#acc_near</styleUrl><description><![CDATA[Leary Lake • Fishing Pier • unpaved parking<br>0.5 mi from the matching POTA park GPS point<br>Nearby point (within 5 mi). It may be outside the area — e.g. Corps of Engineers or other land. Check the official map.<br><a href="https://www.google.com/maps/search/?api=1&amp;query=38.770286,-84.597259">Open in Google Maps</a>]]></description><Point><coordinates>-84.597259,38.770286,0</coordinates></Point></Placemark>
<Placemark><name>KFF-3805 · KDFWR fishing access: Leary Lake</name><styleUrl>#acc_near</styleUrl><description><![CDATA[Leary Lake • Bank Access • unpaved parking<br>0.5 mi from the matching POTA park GPS point<br>Nearby point (within 5 mi). It may be outside the area — e.g. Corps of Engineers or other land. Check the official map.<br><a href="https://www.google.com/maps/search/?api=1&amp;query=38.77038,-84.59727">Open in Google Maps</a>]]></description><Point><coordinates>-84.59727,38.77038,0</coordinates></Point></Placemark>
<Placemark><name>KFF-3807 · KDFWR fishing access: Cedar Creek Bank Fishing Area</name><styleUrl>#acc_near</styleUrl><description><![CDATA[Cedar Creek Lake • Bank Access • unpaved parking<br>2.5 mi from the matching POTA park GPS point<br>Nearby point (within 5 mi). It may be outside the area — e.g. Corps of Engineers or other land. Check the official map.<br><a href="https://www.google.com/maps/search/?api=1&amp;query=37.488309,-84.54566">Open in Google Maps</a>]]></description><Point><coordinates>-84.54566,37.488309,0</coordinates></Point></Placemark>
<Placemark><name>KFF-3807 · KDFWR fishing access: Cedar Creek Lake Fishing Pier</name><styleUrl>#acc_near</styleUrl><description><![CDATA[Cedar Creek Lake • Fishing Pier • paved parking<br>3.6 mi from the matching POTA park GPS point<br>Nearby point (within 5 mi). It may be outside the area — e.g. Corps of Engineers or other land. Check the official map.<br><a href="https://www.google.com/maps/search/?api=1&amp;query=37.456087,-84.549482">Open in Google Maps</a>]]></description><Point><coordinates>-84.549482,37.456087,0</coordinates></Point></Placemark>
<Placemark><name>KFF-3810 · KDFWR fishing access: Big Bone State Park</name><styleUrl>#acc_near</styleUrl><description><![CDATA[Big Bone State Park Lake • Bank Access • unpaved parking<br>2.6 mi from the matching POTA park GPS point<br>Nearby point (within 5 mi). It may be outside the area — e.g. Corps of Engineers or other land. Check the official map.<br><a href="https://www.google.com/maps/search/?api=1&amp;query=38.88409,-84.74368">Open in Google Maps</a>]]></description><Point><coordinates>-84.74368,38.88409,0</coordinates></Point></Placemark>
<Placemark><name>KFF-3811 · KDFWR fishing access: Ed Mabry-Laurel Gorge WMA</name><styleUrl>#acc_near</styleUrl><description><![CDATA[Laurel Creek • Bank Access • unpaved parking<br>0.2 mi from the matching POTA park GPS point<br>Nearby point (within 5 mi). It may be outside the area — e.g. Corps of Engineers or other land. Check the official map.<br><a href="https://www.google.com/maps/search/?api=1&amp;query=38.129136,-83.189707">Open in Google Maps</a>]]></description><Point><coordinates>-83.189707,38.129136,0</coordinates></Point></Placemark>
<Placemark><name>KFF-3815 · KDFWR fishing access: Mauzy Lake Access Pier</name><styleUrl>#acc_near</styleUrl><description><![CDATA[Higginson-Henry WMA • Fishing Pier • unpaved parking<br>0.1 mi from the matching POTA park GPS point<br>Nearby point (within 5 mi). It may be outside the area — e.g. Corps of Engineers or other land. Check the official map.<br><a href="https://www.google.com/maps/search/?api=1&amp;query=37.617507,-87.855379">Open in Google Maps</a>]]></description><Point><coordinates>-87.855379,37.617507,0</coordinates></Point></Placemark>
<Placemark><name>KFF-3816 · KDFWR fishing access: Kleber WMA</name><styleUrl>#acc_near</styleUrl><description><![CDATA[Kleber WMA Pond • Bank Access • unpaved parking<br>2.0 mi from the matching POTA park GPS point<br>Nearby point (within 5 mi). It may be outside the area — e.g. Corps of Engineers or other land. Check the official map.<br><a href="https://www.google.com/maps/search/?api=1&amp;query=38.32958,-84.78243">Open in Google Maps</a>]]></description><Point><coordinates>-84.78243,38.32958,0</coordinates></Point></Placemark>
<Placemark><name>KFF-3825 · KDFWR fishing access: Central KY WMA Fishing Access</name><styleUrl>#acc_near</styleUrl><description><![CDATA[Central KY WMA • Bank Access • unpaved parking<br>0.4 mi from the matching POTA park GPS point<br>Nearby point (within 5 mi). It may be outside the area — e.g. Corps of Engineers or other land. Check the official map.<br><a href="https://www.google.com/maps/search/?api=1&amp;query=37.639696,-84.2049999">Open in Google Maps</a>]]></description><Point><coordinates>-84.2049999,37.639696,0</coordinates></Point></Placemark>
<Placemark><name>KFF-3826 · KDFWR fishing access: Leary Lake</name><styleUrl>#acc_near</styleUrl><description><![CDATA[Leary Lake • Bank Access • unpaved parking<br>2.4 mi from the matching POTA park GPS point<br>Nearby point (within 5 mi). It may be outside the area — e.g. Corps of Engineers or other land. Check the official map.<br><a href="https://www.google.com/maps/search/?api=1&amp;query=38.77038,-84.59727">Open in Google Maps</a>]]></description><Point><coordinates>-84.59727,38.77038,0</coordinates></Point></Placemark>
<Placemark><name>KFF-3826 · KDFWR fishing access: Leary Lake Fishing Pier</name><styleUrl>#acc_near</styleUrl><description><![CDATA[Leary Lake • Fishing Pier • unpaved parking<br>2.4 mi from the matching POTA park GPS point<br>Nearby point (within 5 mi). It may be outside the area — e.g. Corps of Engineers or other land. Check the official map.<br><a href="https://www.google.com/maps/search/?api=1&amp;query=38.770286,-84.597259">Open in Google Maps</a>]]></description><Point><coordinates>-84.597259,38.770286,0</coordinates></Point></Placemark>
<Placemark><name>KFF-3828 · KDFWR fishing access: Nameless Lake #11 Bank Access</name><styleUrl>#acc_near</styleUrl><description><![CDATA[Peabody WMA • Bank Access • unpaved parking<br>3.9 mi from the matching POTA park GPS point<br>Nearby point (within 5 mi). It may be outside the area — e.g. Corps of Engineers or other land. Check the official map.<br><a href="https://www.google.com/maps/search/?api=1&amp;query=37.302088,-86.964209">Open in Google Maps</a>]]></description><Point><coordinates>-86.964209,37.302088,0</coordinates></Point></Placemark>
<Placemark><name>KFF-3828 · KDFWR fishing access: Shady Lake Bank Access #1</name><styleUrl>#acc_near</styleUrl><description><![CDATA[Peabody WMA • Bank Access • unpaved parking<br>4.0 mi from the matching POTA park GPS point<br>Nearby point (within 5 mi). It may be outside the area — e.g. Corps of Engineers or other land. Check the official map.<br><a href="https://www.google.com/maps/search/?api=1&amp;query=37.302578,-86.965438">Open in Google Maps</a>]]></description><Point><coordinates>-86.965438,37.302578,0</coordinates></Point></Placemark>
<Placemark><name>KFF-3828 · KDFWR fishing access: Turkey Foot Bank Access #1</name><styleUrl>#acc_near</styleUrl><description><![CDATA[Peabody WMA • Bank Access • unpaved parking<br>4.2 mi from the matching POTA park GPS point<br>Nearby point (within 5 mi). It may be outside the area — e.g. Corps of Engineers or other land. Check the official map.<br><a href="https://www.google.com/maps/search/?api=1&amp;query=37.298754,-86.970665">Open in Google Maps</a>]]></description><Point><coordinates>-86.970665,37.298754,0</coordinates></Point></Placemark>
<Placemark><name>KFF-3828 · KDFWR fishing access: Ken Lake Fishing Jetty #1</name><styleUrl>#acc_near</styleUrl><description><![CDATA[Peabody WMA • Fishing Pier • unpaved parking<br>4.4 mi from the matching POTA park GPS point<br>Nearby point (within 5 mi). It may be outside the area — e.g. Corps of Engineers or other land. Check the official map.<br><a href="https://www.google.com/maps/search/?api=1&amp;query=37.296599,-86.973633">Open in Google Maps</a>]]></description><Point><coordinates>-86.973633,37.296599,0</coordinates></Point></Placemark>
<Placemark><name>KFF-3828 · KDFWR fishing access: Beaver Lake Bank Access #1</name><styleUrl>#acc_near</styleUrl><description><![CDATA[Peabody WMA • Bank Access • unpaved parking<br>4.4 mi from the matching POTA park GPS point<br>Nearby point (within 5 mi). It may be outside the area — e.g. Corps of Engineers or other land. Check the official map.<br><a href="https://www.google.com/maps/search/?api=1&amp;query=37.293447,-86.975685">Open in Google Maps</a>]]></description><Point><coordinates>-86.975685,37.293447,0</coordinates></Point></Placemark>
<Placemark><name>KFF-3828 · KDFWR fishing access: Ken Lake Bank Access #1</name><styleUrl>#acc_near</styleUrl><description><![CDATA[Peabody WMA • Bank Access • unpaved parking<br>4.7 mi from the matching POTA park GPS point<br>Nearby point (within 5 mi). It may be outside the area — e.g. Corps of Engineers or other land. Check the official map.<br><a href="https://www.google.com/maps/search/?api=1&amp;query=37.295679,-86.98067">Open in Google Maps</a>]]></description><Point><coordinates>-86.98067,37.295679,0</coordinates></Point></Placemark>
<Placemark><name>KFF-3828 · KDFWR fishing access: Ken Lake Fishing Jetty #2</name><styleUrl>#acc_near</styleUrl><description><![CDATA[Peabody WMA • Fishing Pier • unpaved parking<br>4.8 mi from the matching POTA park GPS point<br>Nearby point (within 5 mi). It may be outside the area — e.g. Corps of Engineers or other land. Check the official map.<br><a href="https://www.google.com/maps/search/?api=1&amp;query=37.297043,-86.981348">Open in Google Maps</a>]]></description><Point><coordinates>-86.981348,37.297043,0</coordinates></Point></Placemark>
<Placemark><name>KFF-3833 · KDFWR fishing access: Kleber WMA</name><styleUrl>#acc_near</styleUrl><description><![CDATA[Kleber WMA Pond • Bank Access • unpaved parking<br>4.2 mi from the matching POTA park GPS point<br>Nearby point (within 5 mi). It may be outside the area — e.g. Corps of Engineers or other land. Check the official map.<br><a href="https://www.google.com/maps/search/?api=1&amp;query=38.32958,-84.78243">Open in Google Maps</a>]]></description><Point><coordinates>-84.78243,38.32958,0</coordinates></Point></Placemark>
<Placemark><name>KFF-3835 · KDFWR fishing access: Twin Eagle WMA Fishing Access</name><styleUrl>#acc_near</styleUrl><description><![CDATA[Twin Eagle WMA • Bank Access • unpaved parking<br>0.1 mi from the matching POTA park GPS point<br>Nearby point (within 5 mi). It may be outside the area — e.g. Corps of Engineers or other land. Check the official map.<br><a href="https://www.google.com/maps/search/?api=1&amp;query=38.5738,-85.031404">Open in Google Maps</a>]]></description><Point><coordinates>-85.031404,38.5738,0</coordinates></Point></Placemark>
<Placemark><name>KFF-3836 · KDFWR fishing access: Veterans Memorial WMA Pond</name><styleUrl>#acc_near</styleUrl><description><![CDATA[Veterans Memorial WMA • Bank Access • unpaved parking<br>1.4 mi from the matching POTA park GPS point<br>Nearby point (within 5 mi). It may be outside the area — e.g. Corps of Engineers or other land. Check the official map.<br><a href="https://www.google.com/maps/search/?api=1&amp;query=38.32226,-84.548436">Open in Google Maps</a>]]></description><Point><coordinates>-84.548436,38.32226,0</coordinates></Point></Placemark>
<Placemark><name>KFF-3836 · KDFWR fishing access: Scott County Park Lake Fishing Pier</name><styleUrl>#acc_near</styleUrl><description><![CDATA[Scott County Park • Fishing Pier • paved parking<br>4.4 mi from the matching POTA park GPS point<br>Nearby point (within 5 mi). It may be outside the area — e.g. Corps of Engineers or other land. Check the official map.<br><a href="https://www.google.com/maps/search/?api=1&amp;query=38.241075,-84.572284">Open in Google Maps</a>]]></description><Point><coordinates>-84.572284,38.241075,0</coordinates></Point></Placemark>
<Placemark><name>KFF-3836 · KDFWR fishing access: Scott County Park Lake</name><styleUrl>#acc_near</styleUrl><description><![CDATA[Scott County Park • Bank Access • paved parking<br>4.5 mi from the matching POTA park GPS point<br>Nearby point (within 5 mi). It may be outside the area — e.g. Corps of Engineers or other land. Check the official map.<br><a href="https://www.google.com/maps/search/?api=1&amp;query=38.240347,-84.573029">Open in Google Maps</a>]]></description><Point><coordinates>-84.573029,38.240347,0</coordinates></Point></Placemark>
<Placemark><name>KFF-3836 · KDFWR fishing access: Lusby Lake</name><styleUrl>#acc_near</styleUrl><description><![CDATA[Lusby Lake • Bank Access • paved parking<br>4.7 mi from the matching POTA park GPS point<br>Nearby point (within 5 mi). It may be outside the area — e.g. Corps of Engineers or other land. Check the official map.<br><a href="https://www.google.com/maps/search/?api=1&amp;query=38.235713,-84.568586">Open in Google Maps</a>]]></description><Point><coordinates>-84.568586,38.235713,0</coordinates></Point></Placemark>
<Placemark><name>KFF-3837 · KDFWR fishing access: West KY WMA Fishing Pier</name><styleUrl>#acc_near</styleUrl><description><![CDATA[West KY Wildlife Management Area • Fishing Pier • paved parking<br>2.6 mi from the matching POTA park GPS point<br>Nearby point (within 5 mi). It may be outside the area — e.g. Corps of Engineers or other land. Check the official map.<br><a href="https://www.google.com/maps/search/?api=1&amp;query=37.1160946,-88.83386307">Open in Google Maps</a>]]></description><Point><coordinates>-88.83386307,37.1160946,0</coordinates></Point></Placemark>
<Placemark><name>KFF-3839 · KDFWR fishing access: Yatesville Tailwater</name><styleUrl>#acc_near</styleUrl><description><![CDATA[Yatesville Lake • Bank Access • paved parking<br>4.7 mi from the matching POTA park GPS point<br>Nearby point (within 5 mi). It may be outside the area — e.g. Corps of Engineers or other land. Check the official map.<br><a href="https://www.google.com/maps/search/?api=1&amp;query=38.12848,-82.69628">Open in Google Maps</a>]]></description><Point><coordinates>-82.69628,38.12848,0</coordinates></Point></Placemark>
<Placemark><name>KFF-6863 · KDFWR fishing access: Middle Fork Red River Access</name><styleUrl>#acc_near</styleUrl><description><![CDATA[Natural Bridge State Park • Bank Access • unpaved parking<br>0.6 mi from the matching POTA park GPS point<br>Nearby point (within 5 mi). It may be outside the area — e.g. Corps of Engineers or other land. Check the official map.<br><a href="https://www.google.com/maps/search/?api=1&amp;query=37.77444,-83.677121">Open in Google Maps</a>]]></description><Point><coordinates>-83.677121,37.77444,0</coordinates></Point></Placemark>
<Placemark><name>KFF-6867 · KDFWR fishing access: Pennyrile Forest State Park</name><styleUrl>#acc_near</styleUrl><description><![CDATA[Pennyrile Lake • Bank Access • paved parking<br>0.5 mi from the matching POTA park GPS point<br>Nearby point (within 5 mi). It may be outside the area — e.g. Corps of Engineers or other land. Check the official map.<br><a href="https://www.google.com/maps/search/?api=1&amp;query=37.06986,-87.66138">Open in Google Maps</a>]]></description><Point><coordinates>-87.66138,37.06986,0</coordinates></Point></Placemark>
<Placemark><name>KFF-6879 · KDFWR fishing access: Highsplint Lake Bank Access</name><styleUrl>#acc_near</styleUrl><description><![CDATA[Highsplint Lake • Bank Access • unpaved parking<br>4.0 mi from the matching POTA park GPS point<br>Nearby point (within 5 mi). It may be outside the area — e.g. Corps of Engineers or other land. Check the official map.<br><a href="https://www.google.com/maps/search/?api=1&amp;query=36.907058,-83.112939">Open in Google Maps</a>]]></description><Point><coordinates>-83.112939,36.907058,0</coordinates></Point></Placemark>
<Placemark><name>KFF-6884 · KDFWR fishing access: Dam area - Greenbo Lake State Park</name><styleUrl>#acc_near</styleUrl><description><![CDATA[Greenbo Lake • Bank Access • unpaved parking<br>4.1 mi from the matching POTA park GPS point<br>Nearby point (within 5 mi). It may be outside the area — e.g. Corps of Engineers or other land. Check the official map.<br><a href="https://www.google.com/maps/search/?api=1&amp;query=38.49137,-82.86529">Open in Google Maps</a>]]></description><Point><coordinates>-82.86529,38.49137,0</coordinates></Point></Placemark>
<Placemark><name>KFF-6889 · KDFWR fishing access: Bernheim Forest</name><styleUrl>#acc_near</styleUrl><description><![CDATA[Lake Nevin • Bank Access • unpaved parking<br>3.7 mi from the matching POTA park GPS point<br>Nearby point (within 5 mi). It may be outside the area — e.g. Corps of Engineers or other land. Check the official map.<br><a href="https://www.google.com/maps/search/?api=1&amp;query=37.91895,-85.66953">Open in Google Maps</a>]]></description><Point><coordinates>-85.66953,37.91895,0</coordinates></Point></Placemark>
<Placemark><name>KFF-7268 · KDFWR fishing access: 715 Bridge Fishing Access</name><styleUrl>#acc_near</styleUrl><description><![CDATA[Red River • Bank Access • unpaved parking<br>0.0 mi from the matching POTA park GPS point<br>Nearby point (within 5 mi). It may be outside the area — e.g. Corps of Engineers or other land. Check the official map.<br><a href="https://www.google.com/maps/search/?api=1&amp;query=37.81951,-83.57471">Open in Google Maps</a>]]></description><Point><coordinates>-83.57471,37.81951,0</coordinates></Point></Placemark>
<Placemark><name>KFF-7268 · KDFWR fishing access: Swift Camp Creek Fishing Access</name><styleUrl>#acc_near</styleUrl><description><![CDATA[Swift Camp Creek • Bank Access • unpaved parking<br>0.6 mi from the matching POTA park GPS point<br>Nearby point (within 5 mi). It may be outside the area — e.g. Corps of Engineers or other land. Check the official map.<br><a href="https://www.google.com/maps/search/?api=1&amp;query=37.813351,-83.582722">Open in Google Maps</a>]]></description><Point><coordinates>-83.582722,37.813351,0</coordinates></Point></Placemark>
<Placemark><name>KFF-7270 · KDFWR fishing access: LRL Tailwater</name><styleUrl>#acc_near</styleUrl><description><![CDATA[Laurel River Lake • Bank Access • paved parking<br>2.5 mi from the matching POTA park GPS point<br>Nearby point (within 5 mi). It may be outside the area — e.g. Corps of Engineers or other land. Check the official map.<br><a href="https://www.google.com/maps/search/?api=1&amp;query=36.96269,-84.27242">Open in Google Maps</a>]]></description><Point><coordinates>-84.27242,36.96269,0</coordinates></Point></Placemark>
<Placemark><name>KFF-7272 · KDFWR fishing access: Dewey Lake Tailwater</name><styleUrl>#acc_near</styleUrl><description><![CDATA[Dewey Lake • Bank Access • paved parking<br>0.2 mi from the matching POTA park GPS point<br>Nearby point (within 5 mi). It may be outside the area — e.g. Corps of Engineers or other land. Check the official map.<br><a href="https://www.google.com/maps/search/?api=1&amp;query=37.7375,-82.73144">Open in Google Maps</a>]]></description><Point><coordinates>-82.73144,37.7375,0</coordinates></Point></Placemark>
</Folder>
<Folder><name>Nearby access (check ownership) — KDFWR small-boat/canoe access</name>
<Placemark><name>KFF-0050 · KDFWR small-boat/canoe access: Mammoth Cave Ferry</name><styleUrl>#acc_near</styleUrl><description><![CDATA[Green River - Upper • Small Boat Only • paved parking<br>0.8 mi from the matching POTA park GPS point<br>Nearby point (within 5 mi). It may be outside the area — e.g. Corps of Engineers or other land. Check the official map.<br><a href="https://www.google.com/maps/search/?api=1&amp;query=37.17948,-86.11234">Open in Google Maps</a>]]></description><Point><coordinates>-86.11234,37.17948,0</coordinates></Point></Placemark>
<Placemark><name>KFF-0050 · KDFWR small-boat/canoe access: Dennison Ferry Carrydown</name><styleUrl>#acc_near</styleUrl><description><![CDATA[Green River - Upper • Carrydown Only • unpaved parking<br>3.5 mi from the matching POTA park GPS point<br>Nearby point (within 5 mi). It may be outside the area — e.g. Corps of Engineers or other land. Check the official map.<br><a href="https://www.google.com/maps/search/?api=1&amp;query=37.217367,-86.049308">Open in Google Maps</a>]]></description><Point><coordinates>-86.049308,37.217367,0</coordinates></Point></Placemark>
<Placemark><name>KFF-0295 · KDFWR small-boat/canoe access: Clarks River Boat Ramp</name><styleUrl>#acc_near</styleUrl><description><![CDATA[Clarks River • Small Boat Only • paved parking<br>4.5 mi from the matching POTA park GPS point<br>Nearby point (within 5 mi). It may be outside the area — e.g. Corps of Engineers or other land. Check the official map.<br><a href="https://www.google.com/maps/search/?api=1&amp;query=37.043142,-88.547567">Open in Google Maps</a>]]></description><Point><coordinates>-88.547567,37.043142,0</coordinates></Point></Placemark>
<Placemark><name>KFF-0724 · KDFWR small-boat/canoe access: Howardstown Ramp</name><styleUrl>#acc_near</styleUrl><description><![CDATA[Rolling Fork River • Small Boat Only • unpaved parking<br>3.2 mi from the matching POTA park GPS point<br>Nearby point (within 5 mi). It may be outside the area — e.g. Corps of Engineers or other land. Check the official map.<br><a href="https://www.google.com/maps/search/?api=1&amp;query=37.573161,-85.605644">Open in Google Maps</a>]]></description><Point><coordinates>-85.605644,37.573161,0</coordinates></Point></Placemark>
<Placemark><name>KFF-0724 · KDFWR small-boat/canoe access: New Haven Ramp</name><styleUrl>#acc_near</styleUrl><description><![CDATA[Rolling Fork River • Small Boat Only • unpaved parking<br>4.1 mi from the matching POTA park GPS point<br>Nearby point (within 5 mi). It may be outside the area — e.g. Corps of Engineers or other land. Check the official map.<br><a href="https://www.google.com/maps/search/?api=1&amp;query=37.66195,-85.59684">Open in Google Maps</a>]]></description><Point><coordinates>-85.59684,37.66195,0</coordinates></Point></Placemark>
<Placemark><name>KFF-0724 · KDFWR small-boat/canoe access: Salem Lake Ramp</name><styleUrl>#acc_near</styleUrl><description><![CDATA[Salem Lake • Small Boat Only • unpaved parking<br>4.3 mi from the matching POTA park GPS point<br>Nearby point (within 5 mi). It may be outside the area — e.g. Corps of Engineers or other land. Check the official map.<br><a href="https://www.google.com/maps/search/?api=1&amp;query=37.59415,-85.7132">Open in Google Maps</a>]]></description><Point><coordinates>-85.7132,37.59415,0</coordinates></Point></Placemark>
<Placemark><name>KFF-1252 · KDFWR small-boat/canoe access: Puddle Duck Ramp</name><styleUrl>#acc_near</styleUrl><description><![CDATA[Doug Travis WMA • Small Boat Only • unpaved parking<br>1.5 mi from the matching POTA park GPS point<br>Nearby point (within 5 mi). It may be outside the area — e.g. Corps of Engineers or other land. Check the official map.<br><a href="https://www.google.com/maps/search/?api=1&amp;query=36.786632,-89.105398">Open in Google Maps</a>]]></description><Point><coordinates>-89.105398,36.786632,0</coordinates></Point></Placemark>
<Placemark><name>KFF-1252 · KDFWR small-boat/canoe access: Willow Slough</name><styleUrl>#acc_near</styleUrl><description><![CDATA[Doug Travis WMA • Small Boat Only • unpaved parking<br>2.2 mi from the matching POTA park GPS point<br>Nearby point (within 5 mi). It may be outside the area — e.g. Corps of Engineers or other land. Check the official map.<br><a href="https://www.google.com/maps/search/?api=1&amp;query=36.79705,-89.1122971">Open in Google Maps</a>]]></description><Point><coordinates>-89.1122971,36.79705,0</coordinates></Point></Placemark>
<Placemark><name>KFF-1252 · KDFWR small-boat/canoe access: Indian Camp Lake</name><styleUrl>#acc_near</styleUrl><description><![CDATA[Doug Travis WMA • Small Boat Only • unpaved parking<br>3.5 mi from the matching POTA park GPS point<br>Nearby point (within 5 mi). It may be outside the area — e.g. Corps of Engineers or other land. Check the official map.<br><a href="https://www.google.com/maps/search/?api=1&amp;query=36.81636,-89.10502">Open in Google Maps</a>]]></description><Point><coordinates>-89.10502,36.81636,0</coordinates></Point></Placemark>
<Placemark><name>KFF-1252 · KDFWR small-boat/canoe access: Number 4 Lake</name><styleUrl>#acc_near</styleUrl><description><![CDATA[Doug Travis WMA • Small Boat Only • unpaved parking<br>3.5 mi from the matching POTA park GPS point<br>Nearby point (within 5 mi). It may be outside the area — e.g. Corps of Engineers or other land. Check the official map.<br><a href="https://www.google.com/maps/search/?api=1&amp;query=36.815248,-89.126099">Open in Google Maps</a>]]></description><Point><coordinates>-89.126099,36.815248,0</coordinates></Point></Placemark>
<Placemark><name>KFF-1252 · KDFWR small-boat/canoe access: Black Lake</name><styleUrl>#acc_near</styleUrl><description><![CDATA[Doug Travis WMA • Small Boat Only • unpaved parking<br>3.6 mi from the matching POTA park GPS point<br>Nearby point (within 5 mi). It may be outside the area — e.g. Corps of Engineers or other land. Check the official map.<br><a href="https://www.google.com/maps/search/?api=1&amp;query=36.817534,-89.122622">Open in Google Maps</a>]]></description><Point><coordinates>-89.122622,36.817534,0</coordinates></Point></Placemark>
<Placemark><name>KFF-1252 · KDFWR small-boat/canoe access: Fish Lake Doug Travis</name><styleUrl>#acc_near</styleUrl><description><![CDATA[Doug Travis WMA • Small Boat Only • unpaved parking<br>4.0 mi from the matching POTA park GPS point<br>Nearby point (within 5 mi). It may be outside the area — e.g. Corps of Engineers or other land. Check the official map.<br><a href="https://www.google.com/maps/search/?api=1&amp;query=36.82328,-89.11347">Open in Google Maps</a>]]></description><Point><coordinates>-89.11347,36.82328,0</coordinates></Point></Placemark>
<Placemark><name>KFF-1255 · KDFWR small-boat/canoe access: Grapevine Ramp</name><styleUrl>#acc_near</styleUrl><description><![CDATA[Fishtrap Lake • Small Boat Only • paved parking<br>0.5 mi from the matching POTA park GPS point<br>Nearby point (within 5 mi). It may be outside the area — e.g. Corps of Engineers or other land. Check the official map.<br><a href="https://www.google.com/maps/search/?api=1&amp;query=37.43156,-82.35885">Open in Google Maps</a>]]></description><Point><coordinates>-82.35885,37.43156,0</coordinates></Point></Placemark>
<Placemark><name>KFF-1256 · KDFWR small-boat/canoe access: Boonesborough State Park</name><styleUrl>#acc_near</styleUrl><description><![CDATA[Kentucky River - Lower • Small Boat Only • paved parking<br>0.6 mi from the matching POTA park GPS point<br>Nearby point (within 5 mi). It may be outside the area — e.g. Corps of Engineers or other land. Check the official map.<br><a href="https://www.google.com/maps/search/?api=1&amp;query=37.90161,-84.26643">Open in Google Maps</a>]]></description><Point><coordinates>-84.26643,37.90161,0</coordinates></Point></Placemark>
<Placemark><name>KFF-1256 · KDFWR small-boat/canoe access: Old Habits Boat Ramp</name><styleUrl>#acc_near</styleUrl><description><![CDATA[Kentucky River - Lower • Small Boat Only • unpaved parking<br>1.9 mi from the matching POTA park GPS point<br>Nearby point (within 5 mi). It may be outside the area — e.g. Corps of Engineers or other land. Check the official map.<br><a href="https://www.google.com/maps/search/?api=1&amp;query=37.887995,-84.238631">Open in Google Maps</a>]]></description><Point><coordinates>-84.238631,37.887995,0</coordinates></Point></Placemark>
<Placemark><name>KFF-1257 · KDFWR small-boat/canoe access: Burnside Marina</name><styleUrl>#acc_near</styleUrl><description><![CDATA[Lake Cumberland • Small Boat Only • paved parking<br>0.9 mi from the matching POTA park GPS point<br>Nearby point (within 5 mi). It may be outside the area — e.g. Corps of Engineers or other land. Check the official map.<br><a href="https://www.google.com/maps/search/?api=1&amp;query=36.98584,-84.60291">Open in Google Maps</a>]]></description><Point><coordinates>-84.60291,36.98584,0</coordinates></Point></Placemark>
<Placemark><name>KFF-1257 · KDFWR small-boat/canoe access: Lakeview Ramp</name><styleUrl>#acc_near</styleUrl><description><![CDATA[Lake Cumberland • Small Boat Only • paved parking<br>2.4 mi from the matching POTA park GPS point<br>Nearby point (within 5 mi). It may be outside the area — e.g. Corps of Engineers or other land. Check the official map.<br><a href="https://www.google.com/maps/search/?api=1&amp;query=37.00484,-84.61488">Open in Google Maps</a>]]></description><Point><coordinates>-84.61488,37.00484,0</coordinates></Point></Placemark>
<Placemark><name>KFF-1257 · KDFWR small-boat/canoe access: Garland Bend Hemlock Landing</name><styleUrl>#acc_near</styleUrl><description><![CDATA[Lake Cumberland - Upper • Small Boat Only • unpaved parking<br>2.9 mi from the matching POTA park GPS point<br>Nearby point (within 5 mi). It may be outside the area — e.g. Corps of Engineers or other land. Check the official map.<br><a href="https://www.google.com/maps/search/?api=1&amp;query=36.93146,-84.611119">Open in Google Maps</a>]]></description><Point><coordinates>-84.611119,36.93146,0</coordinates></Point></Placemark>
<Placemark><name>KFF-1257 · KDFWR small-boat/canoe access: Echo Point Recreation Area</name><styleUrl>#acc_near</styleUrl><description><![CDATA[Lake Cumberland - Upper • Small Boat Only • paved parking<br>3.3 mi from the matching POTA park GPS point<br>Nearby point (within 5 mi). It may be outside the area — e.g. Corps of Engineers or other land. Check the official map.<br><a href="https://www.google.com/maps/search/?api=1&amp;query=36.92874,-84.57411">Open in Google Maps</a>]]></description><Point><coordinates>-84.57411,36.92874,0</coordinates></Point></Placemark>
<Placemark><name>KFF-1257 · KDFWR small-boat/canoe access: Old Waitsboro Crossing</name><styleUrl>#acc_near</styleUrl><description><![CDATA[Lake Cumberland • Small Boat Only • paved parking<br>3.4 mi from the matching POTA park GPS point<br>Nearby point (within 5 mi). It may be outside the area — e.g. Corps of Engineers or other land. Check the official map.<br><a href="https://www.google.com/maps/search/?api=1&amp;query=37.004628,-84.644321">Open in Google Maps</a>]]></description><Point><coordinates>-84.644321,37.004628,0</coordinates></Point></Placemark>
<Placemark><name>KFF-1257 · KDFWR small-boat/canoe access: Omega Recreation Area</name><styleUrl>#acc_near</styleUrl><description><![CDATA[Lake Cumberland - Upper • Small Boat Only • paved parking<br>4.2 mi from the matching POTA park GPS point<br>Nearby point (within 5 mi). It may be outside the area — e.g. Corps of Engineers or other land. Check the official map.<br><a href="https://www.google.com/maps/search/?api=1&amp;query=36.953365,-84.526387">Open in Google Maps</a>]]></description><Point><coordinates>-84.526387,36.953365,0</coordinates></Point></Placemark>
<Placemark><name>KFF-1258 · KDFWR small-boat/canoe access: Clifty Creek Ramp</name><styleUrl>#acc_near</styleUrl><description><![CDATA[Grayson Lake • Small Boat Only • unpaved parking<br>2.2 mi from the matching POTA park GPS point<br>Nearby point (within 5 mi). It may be outside the area — e.g. Corps of Engineers or other land. Check the official map.<br><a href="https://www.google.com/maps/search/?api=1&amp;query=38.23014,-83.01448">Open in Google Maps</a>]]></description><Point><coordinates>-83.01448,38.23014,0</coordinates></Point></Placemark>
<Placemark><name>KFF-1258 · KDFWR small-boat/canoe access: Caney Creek</name><styleUrl>#acc_near</styleUrl><description><![CDATA[Grayson Lake • Small Boat Only • unpaved parking<br>4.2 mi from the matching POTA park GPS point<br>Nearby point (within 5 mi). It may be outside the area — e.g. Corps of Engineers or other land. Check the official map.<br><a href="https://www.google.com/maps/search/?api=1&amp;query=38.16466,-83.08912">Open in Google Maps</a>]]></description><Point><coordinates>-83.08912,38.16466,0</coordinates></Point></Placemark>
<Placemark><name>KFF-1259 · KDFWR small-boat/canoe access: Emerald Isle Marina</name><styleUrl>#acc_near</styleUrl><description><![CDATA[Green River Lake • Small Boat Only • paved parking<br>1.3 mi from the matching POTA park GPS point<br>Nearby point (within 5 mi). It may be outside the area — e.g. Corps of Engineers or other land. Check the official map.<br><a href="https://www.google.com/maps/search/?api=1&amp;query=37.28701,-85.3055">Open in Google Maps</a>]]></description><Point><coordinates>-85.3055,37.28701,0</coordinates></Point></Placemark>
<Placemark><name>KFF-1259 · KDFWR small-boat/canoe access: Pikes Ridge</name><styleUrl>#acc_near</styleUrl><description><![CDATA[Green River Lake • Small Boat Only • unpaved parking<br>1.7 mi from the matching POTA park GPS point<br>Nearby point (within 5 mi). It may be outside the area — e.g. Corps of Engineers or other land. Check the official map.<br><a href="https://www.google.com/maps/search/?api=1&amp;query=37.28526,-85.29187">Open in Google Maps</a>]]></description><Point><coordinates>-85.29187,37.28526,0</coordinates></Point></Placemark>
<Placemark><name>KFF-1259 · KDFWR small-boat/canoe access: Tailwater Ramp</name><styleUrl>#acc_near</styleUrl><description><![CDATA[Green River Lake Tailwater • Small Boat Only • paved parking<br>2.5 mi from the matching POTA park GPS point<br>Nearby point (within 5 mi). It may be outside the area — e.g. Corps of Engineers or other land. Check the official map.<br><a href="https://www.google.com/maps/search/?api=1&amp;query=37.241599,-85.344061">Open in Google Maps</a>]]></description><Point><coordinates>-85.344061,37.241599,0</coordinates></Point></Placemark>
<Placemark><name>KFF-1259 · KDFWR small-boat/canoe access: Wilson Creek</name><styleUrl>#acc_near</styleUrl><description><![CDATA[Green River Lake • Carrydown Only • unpaved parking<br>2.9 mi from the matching POTA park GPS point<br>Nearby point (within 5 mi). It may be outside the area — e.g. Corps of Engineers or other land. Check the official map.<br><a href="https://www.google.com/maps/search/?api=1&amp;query=37.28876,-85.27009">Open in Google Maps</a>]]></description><Point><coordinates>-85.27009,37.28876,0</coordinates></Point></Placemark>
<Placemark><name>KFF-1259 · KDFWR small-boat/canoe access: Ramp #1</name><styleUrl>#acc_near</styleUrl><description><![CDATA[Green River Lake • Small Boat Only • paved parking<br>2.9 mi from the matching POTA park GPS point<br>Nearby point (within 5 mi). It may be outside the area — e.g. Corps of Engineers or other land. Check the official map.<br><a href="https://www.google.com/maps/search/?api=1&amp;query=37.23181,-85.33745">Open in Google Maps</a>]]></description><Point><coordinates>-85.33745,37.23181,0</coordinates></Point></Placemark>
<Placemark><name>KFF-1259 · KDFWR small-boat/canoe access: Elkhorn Ramp</name><styleUrl>#acc_near</styleUrl><description><![CDATA[Green River Lake • Carrydown Only • unpaved parking<br>4.0 mi from the matching POTA park GPS point<br>Nearby point (within 5 mi). It may be outside the area — e.g. Corps of Engineers or other land. Check the official map.<br><a href="https://www.google.com/maps/search/?api=1&amp;query=37.321807,-85.284042">Open in Google Maps</a>]]></description><Point><coordinates>-85.284042,37.321807,0</coordinates></Point></Placemark>
<Placemark><name>KFF-1259 · KDFWR small-boat/canoe access: Butler Creek Ramp</name><styleUrl>#acc_near</styleUrl><description><![CDATA[Green River Lake • Small Boat Only • unpaved parking<br>4.0 mi from the matching POTA park GPS point<br>Nearby point (within 5 mi). It may be outside the area — e.g. Corps of Engineers or other land. Check the official map.<br><a href="https://www.google.com/maps/search/?api=1&amp;query=37.21502,-85.29927">Open in Google Maps</a>]]></description><Point><coordinates>-85.29927,37.21502,0</coordinates></Point></Placemark>
<Placemark><name>KFF-1260 · KDFWR small-boat/canoe access: Audubon State Park</name><styleUrl>#acc_near</styleUrl><description><![CDATA[Audubon State Park Lake • Small Boat Only • paved parking<br>0.2 mi from the matching POTA park GPS point<br>Nearby point (within 5 mi). It may be outside the area — e.g. Corps of Engineers or other land. Check the official map.<br><a href="https://www.google.com/maps/search/?api=1&amp;query=37.878519,-87.561384">Open in Google Maps</a>]]></description><Point><coordinates>-87.561384,37.878519,0</coordinates></Point></Placemark>
<Placemark><name>KFF-1261 · KDFWR small-boat/canoe access: Kincaid Dam Ramp</name><styleUrl>#acc_near</styleUrl><description><![CDATA[Kincaid Lake • Small Boat Only • paved parking<br>0.5 mi from the matching POTA park GPS point<br>Nearby point (within 5 mi). It may be outside the area — e.g. Corps of Engineers or other land. Check the official map.<br><a href="https://www.google.com/maps/search/?api=1&amp;query=38.72364,-84.2905">Open in Google Maps</a>]]></description><Point><coordinates>-84.2905,38.72364,0</coordinates></Point></Placemark>
<Placemark><name>KFF-1261 · KDFWR small-boat/canoe access: Falmouth Ramp</name><styleUrl>#acc_near</styleUrl><description><![CDATA[Licking River • Small Boat Only • unpaved parking<br>4.1 mi from the matching POTA park GPS point<br>Nearby point (within 5 mi). It may be outside the area — e.g. Corps of Engineers or other land. Check the official map.<br><a href="https://www.google.com/maps/search/?api=1&amp;query=38.67871,-84.32893">Open in Google Maps</a>]]></description><Point><coordinates>-84.32893,38.67871,0</coordinates></Point></Placemark>
<Placemark><name>KFF-1262 · KDFWR small-boat/canoe access: Kingdom Come Lake</name><styleUrl>#acc_near</styleUrl><description><![CDATA[Kingdom Come State Park Lake • Small Boat Only • paved parking<br>0.3 mi from the matching POTA park GPS point<br>Nearby point (within 5 mi). It may be outside the area — e.g. Corps of Engineers or other land. Check the official map.<br><a href="https://www.google.com/maps/search/?api=1&amp;query=36.98992,-82.98455">Open in Google Maps</a>]]></description><Point><coordinates>-82.98455,36.98992,0</coordinates></Point></Placemark>
<Placemark><name>KFF-1263 · KDFWR small-boat/canoe access: Sherwood Point</name><styleUrl>#acc_near</styleUrl><description><![CDATA[Lake Malone • Small Boat Only • paved parking<br>1.5 mi from the matching POTA park GPS point<br>Nearby point (within 5 mi). It may be outside the area — e.g. Corps of Engineers or other land. Check the official map.<br><a href="https://www.google.com/maps/search/?api=1&amp;query=37.07746,-87.0811">Open in Google Maps</a>]]></description><Point><coordinates>-87.0811,37.07746,0</coordinates></Point></Placemark>
<Placemark><name>KFF-1263 · KDFWR small-boat/canoe access: Shady Cliff</name><styleUrl>#acc_near</styleUrl><description><![CDATA[Lake Malone • Small Boat Only • unpaved parking<br>2.0 mi from the matching POTA park GPS point<br>Nearby point (within 5 mi). It may be outside the area — e.g. Corps of Engineers or other land. Check the official map.<br><a href="https://www.google.com/maps/search/?api=1&amp;query=37.04339,-87.04378">Open in Google Maps</a>]]></description><Point><coordinates>-87.04378,37.04339,0</coordinates></Point></Placemark>
<Placemark><name>KFF-1265 · KDFWR small-boat/canoe access: Lincoln Homestead State Park Lake</name><styleUrl>#acc_near</styleUrl><description><![CDATA[Lincoln Homestead Lake • Carrydown Only • unpaved parking<br>0.4 mi from the matching POTA park GPS point<br>Nearby point (within 5 mi). It may be outside the area — e.g. Corps of Engineers or other land. Check the official map.<br><a href="https://www.google.com/maps/search/?api=1&amp;query=37.75605,-85.21947">Open in Google Maps</a>]]></description><Point><coordinates>-85.21947,37.75605,0</coordinates></Point></Placemark>
<Placemark><name>KFF-1266 · KDFWR small-boat/canoe access: Kuttawa Landing Ramp - LBL</name><styleUrl>#acc_near</styleUrl><description><![CDATA[Lake Barkley • Small Boat Only • unpaved parking<br>1.8 mi from the matching POTA park GPS point<br>Nearby point (within 5 mi). It may be outside the area — e.g. Corps of Engineers or other land. Check the official map.<br><a href="https://www.google.com/maps/search/?api=1&amp;query=37.04327,-88.10933">Open in Google Maps</a>]]></description><Point><coordinates>-88.10933,37.04327,0</coordinates></Point></Placemark>
<Placemark><name>KFF-1266 · KDFWR small-boat/canoe access: Eddyville Ferry Landing - LBL</name><styleUrl>#acc_near</styleUrl><description><![CDATA[Lake Barkley • Small Boat Only • paved parking<br>2.2 mi from the matching POTA park GPS point<br>Nearby point (within 5 mi). It may be outside the area — e.g. Corps of Engineers or other land. Check the official map.<br><a href="https://www.google.com/maps/search/?api=1&amp;query=37.03169,-88.08731">Open in Google Maps</a>]]></description><Point><coordinates>-88.08731,37.03169,0</coordinates></Point></Placemark>
<Placemark><name>KFF-1266 · KDFWR small-boat/canoe access: Poplar Creek</name><styleUrl>#acc_near</styleUrl><description><![CDATA[Lake Barkley • Small Boat Only • paved parking<br>3.3 mi from the matching POTA park GPS point<br>Nearby point (within 5 mi). It may be outside the area — e.g. Corps of Engineers or other land. Check the official map.<br><a href="https://www.google.com/maps/search/?api=1&amp;query=37.04972,-88.14484">Open in Google Maps</a>]]></description><Point><coordinates>-88.14484,37.04972,0</coordinates></Point></Placemark>
<Placemark><name>KFF-1266 · KDFWR small-boat/canoe access: Barnett Bay - LBL</name><styleUrl>#acc_near</styleUrl><description><![CDATA[Lake Barkley • Small Boat Only • unpaved parking<br>3.5 mi from the matching POTA park GPS point<br>Nearby point (within 5 mi). It may be outside the area — e.g. Corps of Engineers or other land. Check the official map.<br><a href="https://www.google.com/maps/search/?api=1&amp;query=37.0146501,-88.0686982">Open in Google Maps</a>]]></description><Point><coordinates>-88.0686982,37.0146501,0</coordinates></Point></Placemark>
<Placemark><name>KFF-1266 · KDFWR small-boat/canoe access: Holiday Hills</name><styleUrl>#acc_near</styleUrl><description><![CDATA[Lake Barkley • Small Boat Only • unpaved parking<br>4.3 mi from the matching POTA park GPS point<br>Nearby point (within 5 mi). It may be outside the area — e.g. Corps of Engineers or other land. Check the official map.<br><a href="https://www.google.com/maps/search/?api=1&amp;query=37.030832,-88.021462">Open in Google Maps</a>]]></description><Point><coordinates>-88.021462,37.030832,0</coordinates></Point></Placemark>
<Placemark><name>KFF-1266 · KDFWR small-boat/canoe access: Eddy Creek - Coleman Bridge</name><styleUrl>#acc_near</styleUrl><description><![CDATA[Lake Barkley • Small Boat Only • paved parking<br>4.9 mi from the matching POTA park GPS point<br>Nearby point (within 5 mi). It may be outside the area — e.g. Corps of Engineers or other land. Check the official map.<br><a href="https://www.google.com/maps/search/?api=1&amp;query=37.03556,-88.00467">Open in Google Maps</a>]]></description><Point><coordinates>-88.00467,37.03556,0</coordinates></Point></Placemark>
<Placemark><name>KFF-1267 · KDFWR small-boat/canoe access: Sympson Lake Ramp</name><styleUrl>#acc_near</styleUrl><description><![CDATA[Sympson Lake • Small Boat Only • unpaved parking<br>3.2 mi from the matching POTA park GPS point<br>Nearby point (within 5 mi). It may be outside the area — e.g. Corps of Engineers or other land. Check the official map.<br><a href="https://www.google.com/maps/search/?api=1&amp;query=37.8258,-85.507866">Open in Google Maps</a>]]></description><Point><coordinates>-85.507866,37.8258,0</coordinates></Point></Placemark>
<Placemark><name>KFF-1268 · KDFWR small-boat/canoe access: Nolin River Lake Tailwater</name><styleUrl>#acc_near</styleUrl><description><![CDATA[Nolin River Lake Tailwater • Small Boat Only • paved parking<br>2.6 mi from the matching POTA park GPS point<br>Nearby point (within 5 mi). It may be outside the area — e.g. Corps of Engineers or other land. Check the official map.<br><a href="https://www.google.com/maps/search/?api=1&amp;query=37.27428,-86.25083">Open in Google Maps</a>]]></description><Point><coordinates>-86.25083,37.27428,0</coordinates></Point></Placemark>
<Placemark><name>KFF-1268 · KDFWR small-boat/canoe access: Conoloway Ramp</name><styleUrl>#acc_near</styleUrl><description><![CDATA[Nolin River Lake • Small Boat Only • unpaved parking<br>4.7 mi from the matching POTA park GPS point<br>Nearby point (within 5 mi). It may be outside the area — e.g. Corps of Engineers or other land. Check the official map.<br><a href="https://www.google.com/maps/search/?api=1&amp;query=37.36566,-86.22016">Open in Google Maps</a>]]></description><Point><coordinates>-86.22016,37.36566,0</coordinates></Point></Placemark>
<Placemark><name>KFF-1269 · KDFWR small-boat/canoe access: Salt River Ramp 3</name><styleUrl>#acc_near</styleUrl><description><![CDATA[Salt River • Small Boat Only • unpaved parking<br>1.5 mi from the matching POTA park GPS point<br>Nearby point (within 5 mi). It may be outside the area — e.g. Corps of Engineers or other land. Check the official map.<br><a href="https://www.google.com/maps/search/?api=1&amp;query=37.75622,-84.87232">Open in Google Maps</a>]]></description><Point><coordinates>-84.87232,37.75622,0</coordinates></Point></Placemark>
<Placemark><name>KFF-1270 · KDFWR small-boat/canoe access: Paintsville Tailwater</name><styleUrl>#acc_near</styleUrl><description><![CDATA[Paintsville Lake • Carrydown Only • paved parking<br>0.6 mi from the matching POTA park GPS point<br>Nearby point (within 5 mi). It may be outside the area — e.g. Corps of Engineers or other land. Check the official map.<br><a href="https://www.google.com/maps/search/?api=1&amp;query=37.8381,-82.8693">Open in Google Maps</a>]]></description><Point><coordinates>-82.8693,37.8381,0</coordinates></Point></Placemark>
<Placemark><name>KFF-1271 · KDFWR small-boat/canoe access: Taylorsville Lake Tailwater Ramp</name><styleUrl>#acc_near</styleUrl><description><![CDATA[Taylorsville Lake • Small Boat Only • paved parking<br>3.3 mi from the matching POTA park GPS point<br>Nearby point (within 5 mi). It may be outside the area — e.g. Corps of Engineers or other land. Check the official map.<br><a href="https://www.google.com/maps/search/?api=1&amp;query=38.013913,-85.307325">Open in Google Maps</a>]]></description><Point><coordinates>-85.307325,38.013913,0</coordinates></Point></Placemark>
<Placemark><name>KFF-1272 · KDFWR small-boat/canoe access: Twin Branch Ramp</name><styleUrl>#acc_near</styleUrl><description><![CDATA[Yatesville Lake • Small Boat Only • unpaved parking<br>3.3 mi from the matching POTA park GPS point<br>Nearby point (within 5 mi). It may be outside the area — e.g. Corps of Engineers or other land. Check the official map.<br><a href="https://www.google.com/maps/search/?api=1&amp;query=38.108746,-82.7407939">Open in Google Maps</a>]]></description><Point><coordinates>-82.7407939,38.108746,0</coordinates></Point></Placemark>
<Placemark><name>KFF-1272 · KDFWR small-boat/canoe access: Louisa Ramp</name><styleUrl>#acc_near</styleUrl><description><![CDATA[Levisa Fork of Big Sandy River • Small Boat Only • paved parking<br>4.6 mi from the matching POTA park GPS point<br>Nearby point (within 5 mi). It may be outside the area — e.g. Corps of Engineers or other land. Check the official map.<br><a href="https://www.google.com/maps/search/?api=1&amp;query=38.1166227,-82.601267">Open in Google Maps</a>]]></description><Point><coordinates>-82.601267,38.1166227,0</coordinates></Point></Placemark>
<Placemark><name>KFF-1273 · KDFWR small-boat/canoe access: Barren River SRP Campground Ramp</name><styleUrl>#acc_near</styleUrl><description><![CDATA[Barren River Lake • Small Boat Only • paved parking<br>0.8 mi from the matching POTA park GPS point<br>Nearby point (within 5 mi). It may be outside the area — e.g. Corps of Engineers or other land. Check the official map.<br><a href="https://www.google.com/maps/search/?api=1&amp;query=36.849936,-86.067653">Open in Google Maps</a>]]></description><Point><coordinates>-86.067653,36.849936,0</coordinates></Point></Placemark>
<Placemark><name>KFF-1273 · KDFWR small-boat/canoe access: Barren River Lake WMA</name><styleUrl>#acc_near</styleUrl><description><![CDATA[Barren River Lake • Carrydown Only • unpaved parking<br>1.5 mi from the matching POTA park GPS point<br>Nearby point (within 5 mi). It may be outside the area — e.g. Corps of Engineers or other land. Check the official map.<br><a href="https://www.google.com/maps/search/?api=1&amp;query=36.876557,-86.061842">Open in Google Maps</a>]]></description><Point><coordinates>-86.061842,36.876557,0</coordinates></Point></Placemark>
<Placemark><name>KFF-1273 · KDFWR small-boat/canoe access: Peter Creek Carrydown</name><styleUrl>#acc_near</styleUrl><description><![CDATA[Peter Creek • Carrydown Only • unpaved parking<br>2.3 mi from the matching POTA park GPS point<br>Nearby point (within 5 mi). It may be outside the area — e.g. Corps of Engineers or other land. Check the official map.<br><a href="https://www.google.com/maps/search/?api=1&amp;query=36.85748,-86.014874">Open in Google Maps</a>]]></description><Point><coordinates>-86.014874,36.85748,0</coordinates></Point></Placemark>
<Placemark><name>KFF-1273 · KDFWR small-boat/canoe access: Austin Ramp</name><styleUrl>#acc_near</styleUrl><description><![CDATA[Barren River Lake • Small Boat Only • paved parking<br>3.1 mi from the matching POTA park GPS point<br>Nearby point (within 5 mi). It may be outside the area — e.g. Corps of Engineers or other land. Check the official map.<br><a href="https://www.google.com/maps/search/?api=1&amp;query=36.81251,-86.06789">Open in Google Maps</a>]]></description><Point><coordinates>-86.06789,36.81251,0</coordinates></Point></Placemark>
<Placemark><name>KFF-1273 · KDFWR small-boat/canoe access: Walnut Creek Ramp</name><styleUrl>#acc_near</styleUrl><description><![CDATA[Barren River Lake • Small Boat Only • paved parking<br>3.2 mi from the matching POTA park GPS point<br>Nearby point (within 5 mi). It may be outside the area — e.g. Corps of Engineers or other land. Check the official map.<br><a href="https://www.google.com/maps/search/?api=1&amp;query=36.81103,-86.07211">Open in Google Maps</a>]]></description><Point><coordinates>-86.07211,36.81103,0</coordinates></Point></Placemark>
<Placemark><name>KFF-1273 · KDFWR small-boat/canoe access: Narrows Ramp</name><styleUrl>#acc_near</styleUrl><description><![CDATA[Barren River Lake • Small Boat Only • paved parking<br>3.2 mi from the matching POTA park GPS point<br>Nearby point (within 5 mi). It may be outside the area — e.g. Corps of Engineers or other land. Check the official map.<br><a href="https://www.google.com/maps/search/?api=1&amp;query=36.90149,-86.06631">Open in Google Maps</a>]]></description><Point><coordinates>-86.06631,36.90149,0</coordinates></Point></Placemark>
<Placemark><name>KFF-1273 · KDFWR small-boat/canoe access: Baileys Point Ramp</name><styleUrl>#acc_near</styleUrl><description><![CDATA[Barren River Lake • Small Boat Only • paved parking<br>3.3 mi from the matching POTA park GPS point<br>Nearby point (within 5 mi). It may be outside the area — e.g. Corps of Engineers or other land. Check the official map.<br><a href="https://www.google.com/maps/search/?api=1&amp;query=36.89093,-86.09526">Open in Google Maps</a>]]></description><Point><coordinates>-86.09526,36.89093,0</coordinates></Point></Placemark>
<Placemark><name>KFF-1273 · KDFWR small-boat/canoe access: Peninsula Ramp</name><styleUrl>#acc_near</styleUrl><description><![CDATA[Barren River Lake • Small Boat Only • paved parking<br>4.0 mi from the matching POTA park GPS point<br>Nearby point (within 5 mi). It may be outside the area — e.g. Corps of Engineers or other land. Check the official map.<br><a href="https://www.google.com/maps/search/?api=1&amp;query=36.8943,-86.11012">Open in Google Maps</a>]]></description><Point><coordinates>-86.11012,36.8943,0</coordinates></Point></Placemark>
<Placemark><name>KFF-1273 · KDFWR small-boat/canoe access: Dry Creek Unit WMA</name><styleUrl>#acc_near</styleUrl><description><![CDATA[Barren River Lake • Carrydown Only • unpaved parking<br>4.1 mi from the matching POTA park GPS point<br>Nearby point (within 5 mi). It may be outside the area — e.g. Corps of Engineers or other land. Check the official map.<br><a href="https://www.google.com/maps/search/?api=1&amp;query=36.79925,-86.03576">Open in Google Maps</a>]]></description><Point><coordinates>-86.03576,36.79925,0</coordinates></Point></Placemark>
<Placemark><name>KFF-1273 · KDFWR small-boat/canoe access: Quarry Road Beach</name><styleUrl>#acc_near</styleUrl><description><![CDATA[Barren River Lake • Carrydown Only • paved parking<br>4.5 mi from the matching POTA park GPS point<br>Nearby point (within 5 mi). It may be outside the area — e.g. Corps of Engineers or other land. Check the official map.<br><a href="https://www.google.com/maps/search/?api=1&amp;query=36.89562,-86.12077">Open in Google Maps</a>]]></description><Point><coordinates>-86.12077,36.89562,0</coordinates></Point></Placemark>
<Placemark><name>KFF-1274 · KDFWR small-boat/canoe access: Blue Licks Battlefield Ramp</name><styleUrl>#acc_near</styleUrl><description><![CDATA[Licking River • Small Boat Only • paved parking<br>0.3 mi from the matching POTA park GPS point<br>Nearby point (within 5 mi). It may be outside the area — e.g. Corps of Engineers or other land. Check the official map.<br><a href="https://www.google.com/maps/search/?api=1&amp;query=38.42845283,-83.99737217">Open in Google Maps</a>]]></description><Point><coordinates>-83.99737217,38.42845283,0</coordinates></Point></Placemark>
<Placemark><name>KFF-1274 · KDFWR small-boat/canoe access: Licking River Fishing Access</name><styleUrl>#acc_near</styleUrl><description><![CDATA[Licking River • Carrydown Only • unpaved parking<br>3.6 mi from the matching POTA park GPS point<br>Nearby point (within 5 mi). It may be outside the area — e.g. Corps of Engineers or other land. Check the official map.<br><a href="https://www.google.com/maps/search/?api=1&amp;query=38.44955,-84.05261">Open in Google Maps</a>]]></description><Point><coordinates>-84.05261,38.44955,0</coordinates></Point></Placemark>
<Placemark><name>KFF-1275 · KDFWR small-boat/canoe access: Leatherwood Ramp Buckhorn</name><styleUrl>#acc_near</styleUrl><description><![CDATA[Buckhorn Lake • Small Boat Only • paved parking<br>1.6 mi from the matching POTA park GPS point<br>Nearby point (within 5 mi). It may be outside the area — e.g. Corps of Engineers or other land. Check the official map.<br><a href="https://www.google.com/maps/search/?api=1&amp;query=37.29639,-83.47178">Open in Google Maps</a>]]></description><Point><coordinates>-83.47178,37.29639,0</coordinates></Point></Placemark>
<Placemark><name>KFF-1275 · KDFWR small-boat/canoe access: Gays Creek Ramp</name><styleUrl>#acc_near</styleUrl><description><![CDATA[Buckhorn Lake • Small Boat Only • paved parking<br>1.6 mi from the matching POTA park GPS point<br>Nearby point (within 5 mi). It may be outside the area — e.g. Corps of Engineers or other land. Check the official map.<br><a href="https://www.google.com/maps/search/?api=1&amp;query=37.32765,-83.43433">Open in Google Maps</a>]]></description><Point><coordinates>-83.43433,37.32765,0</coordinates></Point></Placemark>
<Placemark><name>KFF-1275 · KDFWR small-boat/canoe access: Confluence</name><styleUrl>#acc_near</styleUrl><description><![CDATA[Buckhorn Lake • Small Boat Only • paved parking<br>4.2 mi from the matching POTA park GPS point<br>Nearby point (within 5 mi). It may be outside the area — e.g. Corps of Engineers or other land. Check the official map.<br><a href="https://www.google.com/maps/search/?api=1&amp;query=37.27072,-83.38336">Open in Google Maps</a>]]></description><Point><coordinates>-83.38336,37.27072,0</coordinates></Point></Placemark>
<Placemark><name>KFF-1275 · KDFWR small-boat/canoe access: Trace Branch Ramp</name><styleUrl>#acc_near</styleUrl><description><![CDATA[Buckhorn Lake • Small Boat Only • paved parking<br>4.8 mi from the matching POTA park GPS point<br>Nearby point (within 5 mi). It may be outside the area — e.g. Corps of Engineers or other land. Check the official map.<br><a href="https://www.google.com/maps/search/?api=1&amp;query=37.27202,-83.37056">Open in Google Maps</a>]]></description><Point><coordinates>-83.37056,37.27202,0</coordinates></Point></Placemark>
<Placemark><name>KFF-1276 · KDFWR small-boat/canoe access: Smoky Valley/Carter Caves Lake Ramp</name><styleUrl>#acc_near</styleUrl><description><![CDATA[Smoky Valley/Carter Caves Lake • Small Boat Only • paved parking<br>0.5 mi from the matching POTA park GPS point<br>Nearby point (within 5 mi). It may be outside the area — e.g. Corps of Engineers or other land. Check the official map.<br><a href="https://www.google.com/maps/search/?api=1&amp;query=38.36659,-83.12958">Open in Google Maps</a>]]></description><Point><coordinates>-83.12958,38.36659,0</coordinates></Point></Placemark>
<Placemark><name>KFF-1276 · KDFWR small-boat/canoe access: Carter Caves State Park</name><styleUrl>#acc_near</styleUrl><description><![CDATA[Tygarts Creek • Carrydown Only • unpaved parking<br>1.1 mi from the matching POTA park GPS point<br>Nearby point (within 5 mi). It may be outside the area — e.g. Corps of Engineers or other land. Check the official map.<br><a href="https://www.google.com/maps/search/?api=1&amp;query=38.36759,-83.10891">Open in Google Maps</a>]]></description><Point><coordinates>-83.10891,38.36759,0</coordinates></Point></Placemark>
<Placemark><name>KFF-1277 · KDFWR small-boat/canoe access: Cumberland Falls Carrydown</name><styleUrl>#acc_near</styleUrl><description><![CDATA[Cumberland River • Carrydown Only • paved parking<br>0.2 mi from the matching POTA park GPS point<br>Nearby point (within 5 mi). It may be outside the area — e.g. Corps of Engineers or other land. Check the official map.<br><a href="https://www.google.com/maps/search/?api=1&amp;query=36.842101,-84.343502">Open in Google Maps</a>]]></description><Point><coordinates>-84.343502,36.842101,0</coordinates></Point></Placemark>
<Placemark><name>KFF-1277 · KDFWR small-boat/canoe access: Thunderstruck Ramp</name><styleUrl>#acc_near</styleUrl><description><![CDATA[Cumberland River • Small Boat Only • unpaved parking<br>2.4 mi from the matching POTA park GPS point<br>Nearby point (within 5 mi). It may be outside the area — e.g. Corps of Engineers or other land. Check the official map.<br><a href="https://www.google.com/maps/search/?api=1&amp;query=36.807663,-84.354626">Open in Google Maps</a>]]></description><Point><coordinates>-84.354626,36.807663,0</coordinates></Point></Placemark>
<Placemark><name>KFF-1277 · KDFWR small-boat/canoe access: Mouth of Indian</name><styleUrl>#acc_near</styleUrl><description><![CDATA[Cumberland River • Carrydown Only • unpaved parking<br>3.7 mi from the matching POTA park GPS point<br>Nearby point (within 5 mi). It may be outside the area — e.g. Corps of Engineers or other land. Check the official map.<br><a href="https://www.google.com/maps/search/?api=1&amp;query=36.78776,-84.34988">Open in Google Maps</a>]]></description><Point><coordinates>-84.34988,36.78776,0</coordinates></Point></Placemark>
<Placemark><name>KFF-1277 · KDFWR small-boat/canoe access: Long Bottom Access</name><styleUrl>#acc_near</styleUrl><description><![CDATA[Cumberland River • Carrydown Only • unpaved parking<br>4.4 mi from the matching POTA park GPS point<br>Nearby point (within 5 mi). It may be outside the area — e.g. Corps of Engineers or other land. Check the official map.<br><a href="https://www.google.com/maps/search/?api=1&amp;query=36.77717,-84.34548">Open in Google Maps</a>]]></description><Point><coordinates>-84.34548,36.77717,0</coordinates></Point></Placemark>
<Placemark><name>KFF-1279 · KDFWR small-boat/canoe access: Carrollton Ramp</name><styleUrl>#acc_near</styleUrl><description><![CDATA[Ohio River - Below Cincinnati • Small Boat Only • unpaved parking<br>2.2 mi from the matching POTA park GPS point<br>Nearby point (within 5 mi). It may be outside the area — e.g. Corps of Engineers or other land. Check the official map.<br><a href="https://www.google.com/maps/search/?api=1&amp;query=38.68324,-85.18009">Open in Google Maps</a>]]></description><Point><coordinates>-85.18009,38.68324,0</coordinates></Point></Placemark>
<Placemark><name>KFF-1280 · KDFWR small-boat/canoe access: Greenbo Lake State Park</name><styleUrl>#acc_near</styleUrl><description><![CDATA[Greenbo Lake • Small Boat Only • paved parking<br>0.8 mi from the matching POTA park GPS point<br>Nearby point (within 5 mi). It may be outside the area — e.g. Corps of Engineers or other land. Check the official map.<br><a href="https://www.google.com/maps/search/?api=1&amp;query=38.484589,-82.887253">Open in Google Maps</a>]]></description><Point><coordinates>-82.887253,38.484589,0</coordinates></Point></Placemark>
<Placemark><name>KFF-1280 · KDFWR small-boat/canoe access: Raccoon Ramp</name><styleUrl>#acc_near</styleUrl><description><![CDATA[Little Sandy River • Small Boat Only • unpaved parking<br>3.4 mi from the matching POTA park GPS point<br>Nearby point (within 5 mi). It may be outside the area — e.g. Corps of Engineers or other land. Check the official map.<br><a href="https://www.google.com/maps/search/?api=1&amp;query=38.530194,-82.870624">Open in Google Maps</a>]]></description><Point><coordinates>-82.870624,38.530194,0</coordinates></Point></Placemark>
<Placemark><name>KFF-1281 · KDFWR small-boat/canoe access: Prestonsburg Ramp</name><styleUrl>#acc_near</styleUrl><description><![CDATA[Levisa Fork of Big Sandy River • Small Boat Only • paved parking<br>3.5 mi from the matching POTA park GPS point<br>Nearby point (within 5 mi). It may be outside the area — e.g. Corps of Engineers or other land. Check the official map.<br><a href="https://www.google.com/maps/search/?api=1&amp;query=37.666268,-82.77591">Open in Google Maps</a>]]></description><Point><coordinates>-82.77591,37.666268,0</coordinates></Point></Placemark>
<Placemark><name>KFF-1281 · KDFWR small-boat/canoe access: German Bridge Ramp</name><styleUrl>#acc_near</styleUrl><description><![CDATA[Dewey Lake • Small Boat Only • unpaved parking<br>4.0 mi from the matching POTA park GPS point<br>Nearby point (within 5 mi). It may be outside the area — e.g. Corps of Engineers or other land. Check the official map.<br><a href="https://www.google.com/maps/search/?api=1&amp;query=37.68481,-82.65298">Open in Google Maps</a>]]></description><Point><coordinates>-82.65298,37.68481,0</coordinates></Point></Placemark>
<Placemark><name>KFF-1281 · KDFWR small-boat/canoe access: Airport Ramp</name><styleUrl>#acc_near</styleUrl><description><![CDATA[Levisa Fork of Big Sandy River • Small Boat Only • unpaved parking<br>4.1 mi from the matching POTA park GPS point<br>Nearby point (within 5 mi). It may be outside the area — e.g. Corps of Engineers or other land. Check the official map.<br><a href="https://www.google.com/maps/search/?api=1&amp;query=37.742689,-82.770197">Open in Google Maps</a>]]></description><Point><coordinates>-82.770197,37.742689,0</coordinates></Point></Placemark>
<Placemark><name>KFF-1282 · KDFWR small-boat/canoe access: Fenton Lake Access</name><styleUrl>#acc_near</styleUrl><description><![CDATA[Kentucky Lake • Small Boat Only • unpaved parking<br>1.9 mi from the matching POTA park GPS point<br>Nearby point (within 5 mi). It may be outside the area — e.g. Corps of Engineers or other land. Check the official map.<br><a href="https://www.google.com/maps/search/?api=1&amp;query=36.773649,-88.108624">Open in Google Maps</a>]]></description><Point><coordinates>-88.108624,36.773649,0</coordinates></Point></Placemark>
<Placemark><name>KFF-1282 · KDFWR small-boat/canoe access: White Beach Ramp</name><styleUrl>#acc_near</styleUrl><description><![CDATA[Kentucky Lake • Small Boat Only • paved parking<br>2.4 mi from the matching POTA park GPS point<br>Nearby point (within 5 mi). It may be outside the area — e.g. Corps of Engineers or other land. Check the official map.<br><a href="https://www.google.com/maps/search/?api=1&amp;query=36.730414,-88.116561">Open in Google Maps</a>]]></description><Point><coordinates>-88.116561,36.730414,0</coordinates></Point></Placemark>
<Placemark><name>KFF-1282 · KDFWR small-boat/canoe access: Redd Hollow (LBL)</name><styleUrl>#acc_near</styleUrl><description><![CDATA[Kentucky Lake • Small Boat Only • unpaved parking<br>4.8 mi from the matching POTA park GPS point<br>Nearby point (within 5 mi). It may be outside the area — e.g. Corps of Engineers or other land. Check the official map.<br><a href="https://www.google.com/maps/search/?api=1&amp;query=36.71285,-88.07467">Open in Google Maps</a>]]></description><Point><coordinates>-88.07467,36.71285,0</coordinates></Point></Placemark>
<Placemark><name>KFF-1283 · KDFWR small-boat/canoe access: Gilbertsville Ramp</name><styleUrl>#acc_near</styleUrl><description><![CDATA[Kentucky Lake tailwater • Small Boat Only • paved parking<br>1.5 mi from the matching POTA park GPS point<br>Nearby point (within 5 mi). It may be outside the area — e.g. Corps of Engineers or other land. Check the official map.<br><a href="https://www.google.com/maps/search/?api=1&amp;query=37.01897,-88.27939">Open in Google Maps</a>]]></description><Point><coordinates>-88.27939,37.01897,0</coordinates></Point></Placemark>
<Placemark><name>KFF-1283 · KDFWR small-boat/canoe access: Sledd Creek - TVA</name><styleUrl>#acc_near</styleUrl><description><![CDATA[Kentucky Lake • Carrydown Only • unpaved parking<br>2.4 mi from the matching POTA park GPS point<br>Nearby point (within 5 mi). It may be outside the area — e.g. Corps of Engineers or other land. Check the official map.<br><a href="https://www.google.com/maps/search/?api=1&amp;query=36.96437,-88.28347">Open in Google Maps</a>]]></description><Point><coordinates>-88.28347,36.96437,0</coordinates></Point></Placemark>
<Placemark><name>KFF-1283 · KDFWR small-boat/canoe access: Little Bear Public Use Area</name><styleUrl>#acc_near</styleUrl><description><![CDATA[Kentucky Lake • Small Boat Only • unpaved parking<br>4.0 mi from the matching POTA park GPS point<br>Nearby point (within 5 mi). It may be outside the area — e.g. Corps of Engineers or other land. Check the official map.<br><a href="https://www.google.com/maps/search/?api=1&amp;query=36.95814,-88.23663">Open in Google Maps</a>]]></description><Point><coordinates>-88.23663,36.95814,0</coordinates></Point></Placemark>
<Placemark><name>KFF-1283 · KDFWR small-boat/canoe access: Barkley Tailwater</name><styleUrl>#acc_near</styleUrl><description><![CDATA[Lake Barkley • Small Boat Only • paved parking<br>4.0 mi from the matching POTA park GPS point<br>Nearby point (within 5 mi). It may be outside the area — e.g. Corps of Engineers or other land. Check the official map.<br><a href="https://www.google.com/maps/search/?api=1&amp;query=37.02858,-88.22605">Open in Google Maps</a>]]></description><Point><coordinates>-88.22605,37.02858,0</coordinates></Point></Placemark>
<Placemark><name>KFF-1284 · KDFWR small-boat/canoe access: Little River Ramp</name><styleUrl>#acc_near</styleUrl><description><![CDATA[Lake Barkley • Small Boat Only • paved parking<br>2.1 mi from the matching POTA park GPS point<br>Nearby point (within 5 mi). It may be outside the area — e.g. Corps of Engineers or other land. Check the official map.<br><a href="https://www.google.com/maps/search/?api=1&amp;query=36.85951,-87.96805">Open in Google Maps</a>]]></description><Point><coordinates>-87.96805,36.85951,0</coordinates></Point></Placemark>
<Placemark><name>KFF-1284 · KDFWR small-boat/canoe access: Meschan Bridge Ramp</name><styleUrl>#acc_near</styleUrl><description><![CDATA[Lake Barkley • Small Boat Only • paved parking<br>2.6 mi from the matching POTA park GPS point<br>Nearby point (within 5 mi). It may be outside the area — e.g. Corps of Engineers or other land. Check the official map.<br><a href="https://www.google.com/maps/search/?api=1&amp;query=36.87142,-87.89375">Open in Google Maps</a>]]></description><Point><coordinates>-87.89375,36.87142,0</coordinates></Point></Placemark>
<Placemark><name>KFF-1284 · KDFWR small-boat/canoe access: Boat Haven</name><styleUrl>#acc_near</styleUrl><description><![CDATA[Lake Barkley • Small Boat Only • paved parking<br>2.7 mi from the matching POTA park GPS point<br>Nearby point (within 5 mi). It may be outside the area — e.g. Corps of Engineers or other land. Check the official map.<br><a href="https://www.google.com/maps/search/?api=1&amp;query=36.868212,-87.888985">Open in Google Maps</a>]]></description><Point><coordinates>-87.888985,36.868212,0</coordinates></Point></Placemark>
<Placemark><name>KFF-1284 · KDFWR small-boat/canoe access: Shaw Branch Ramp</name><styleUrl>#acc_near</styleUrl><description><![CDATA[Lake Barkley • Small Boat Only • unpaved parking<br>3.5 mi from the matching POTA park GPS point<br>Nearby point (within 5 mi). It may be outside the area — e.g. Corps of Engineers or other land. Check the official map.<br><a href="https://www.google.com/maps/search/?api=1&amp;query=36.858839,-87.99472">Open in Google Maps</a>]]></description><Point><coordinates>-87.99472,36.858839,0</coordinates></Point></Placemark>
<Placemark><name>KFF-1284 · KDFWR small-boat/canoe access: Devil's Elbow Corps Ramp</name><styleUrl>#acc_near</styleUrl><description><![CDATA[Lake Barkley • Small Boat Only • paved parking<br>4.3 mi from the matching POTA park GPS point<br>Nearby point (within 5 mi). It may be outside the area — e.g. Corps of Engineers or other land. Check the official map.<br><a href="https://www.google.com/maps/search/?api=1&amp;query=36.79259,-87.96456">Open in Google Maps</a>]]></description><Point><coordinates>-87.96456,36.79259,0</coordinates></Point></Placemark>
<Placemark><name>KFF-1284 · KDFWR small-boat/canoe access: Rockcastle Ramp</name><styleUrl>#acc_near</styleUrl><description><![CDATA[Lake Barkley • Small Boat Only • paved parking<br>4.5 mi from the matching POTA park GPS point<br>Nearby point (within 5 mi). It may be outside the area — e.g. Corps of Engineers or other land. Check the official map.<br><a href="https://www.google.com/maps/search/?api=1&amp;query=36.89685,-87.98749">Open in Google Maps</a>]]></description><Point><coordinates>-87.98749,36.89685,0</coordinates></Point></Placemark>
<Placemark><name>KFF-1284 · KDFWR small-boat/canoe access: Crooked Creek - LBL</name><styleUrl>#acc_near</styleUrl><description><![CDATA[Lake Barkley • Small Boat Only • unpaved parking<br>4.5 mi from the matching POTA park GPS point<br>Nearby point (within 5 mi). It may be outside the area — e.g. Corps of Engineers or other land. Check the official map.<br><a href="https://www.google.com/maps/search/?api=1&amp;query=36.85981,-88.01297">Open in Google Maps</a>]]></description><Point><coordinates>-88.01297,36.85981,0</coordinates></Point></Placemark>
<Placemark><name>KFF-1284 · KDFWR small-boat/canoe access: LBL - Energy Lake Ramp</name><styleUrl>#acc_near</styleUrl><description><![CDATA[Energy Lake • Small Boat Only • unpaved parking<br>4.6 mi from the matching POTA park GPS point<br>Nearby point (within 5 mi). It may be outside the area — e.g. Corps of Engineers or other land. Check the official map.<br><a href="https://www.google.com/maps/search/?api=1&amp;query=36.85923,-88.014698">Open in Google Maps</a>]]></description><Point><coordinates>-88.014698,36.85923,0</coordinates></Point></Placemark>
<Placemark><name>KFF-1284 · KDFWR small-boat/canoe access: Cadiz Roadside Park</name><styleUrl>#acc_near</styleUrl><description><![CDATA[Little River • Small Boat Only • paved parking<br>4.9 mi from the matching POTA park GPS point<br>Nearby point (within 5 mi). It may be outside the area — e.g. Corps of Engineers or other land. Check the official map.<br><a href="https://www.google.com/maps/search/?api=1&amp;query=36.8585676,-87.8434671">Open in Google Maps</a>]]></description><Point><coordinates>-87.8434671,36.8585676,0</coordinates></Point></Placemark>
<Placemark><name>KFF-1285 · KDFWR small-boat/canoe access: Clifty Creek Access</name><styleUrl>#acc_near</styleUrl><description><![CDATA[Lake Cumberland • Small Boat Only • paved parking<br>1.6 mi from the matching POTA park GPS point<br>Nearby point (within 5 mi). It may be outside the area — e.g. Corps of Engineers or other land. Check the official map.<br><a href="https://www.google.com/maps/search/?api=1&amp;query=36.9371,-85.07081">Open in Google Maps</a>]]></description><Point><coordinates>-85.07081,36.9371,0</coordinates></Point></Placemark>
<Placemark><name>KFF-1285 · KDFWR small-boat/canoe access: Pleasant Hill</name><styleUrl>#acc_near</styleUrl><description><![CDATA[Lake Cumberland • Small Boat Only • unpaved parking<br>2.5 mi from the matching POTA park GPS point<br>Nearby point (within 5 mi). It may be outside the area — e.g. Corps of Engineers or other land. Check the official map.<br><a href="https://www.google.com/maps/search/?api=1&amp;query=36.95372,-85.00736">Open in Google Maps</a>]]></description><Point><coordinates>-85.00736,36.95372,0</coordinates></Point></Placemark>
<Placemark><name>KFF-1285 · KDFWR small-boat/canoe access: Campbells Landing Ramp</name><styleUrl>#acc_near</styleUrl><description><![CDATA[Lake Cumberland • Small Boat Only • unpaved parking<br>2.9 mi from the matching POTA park GPS point<br>Nearby point (within 5 mi). It may be outside the area — e.g. Corps of Engineers or other land. Check the official map.<br><a href="https://www.google.com/maps/search/?api=1&amp;query=36.91979,-84.99253">Open in Google Maps</a>]]></description><Point><coordinates>-84.99253,36.91979,0</coordinates></Point></Placemark>
<Placemark><name>KFF-1285 · KDFWR small-boat/canoe access: Town Branch (Upper Lily Creek)</name><styleUrl>#acc_near</styleUrl><description><![CDATA[Lake Cumberland • Carrydown Only • unpaved parking<br>3.1 mi from the matching POTA park GPS point<br>Nearby point (within 5 mi). It may be outside the area — e.g. Corps of Engineers or other land. Check the official map.<br><a href="https://www.google.com/maps/search/?api=1&amp;query=36.97617,-85.03709">Open in Google Maps</a>]]></description><Point><coordinates>-85.03709,36.97617,0</coordinates></Point></Placemark>
<Placemark><name>KFF-1285 · KDFWR small-boat/canoe access: Prudy Hill</name><styleUrl>#acc_near</styleUrl><description><![CDATA[Lake Cumberland • Small Boat Only • paved parking<br>3.2 mi from the matching POTA park GPS point<br>Nearby point (within 5 mi). It may be outside the area — e.g. Corps of Engineers or other land. Check the official map.<br><a href="https://www.google.com/maps/search/?api=1&amp;query=36.9653,-85.003063">Open in Google Maps</a>]]></description><Point><coordinates>-85.003063,36.9653,0</coordinates></Point></Placemark>
<Placemark><name>KFF-1285 · KDFWR small-boat/canoe access: Farmers Mill (Greasy Creek)</name><styleUrl>#acc_near</styleUrl><description><![CDATA[Lake Cumberland • Carrydown Only • unpaved parking<br>3.4 mi from the matching POTA park GPS point<br>Nearby point (within 5 mi). It may be outside the area — e.g. Corps of Engineers or other land. Check the official map.<br><a href="https://www.google.com/maps/search/?api=1&amp;query=36.96672,-85.08415">Open in Google Maps</a>]]></description><Point><coordinates>-85.08415,36.96672,0</coordinates></Point></Placemark>
<Placemark><name>KFF-1285 · KDFWR small-boat/canoe access: Wolf Creek Marina</name><styleUrl>#acc_near</styleUrl><description><![CDATA[Lake Cumberland • Small Boat Only • unpaved parking<br>4.1 mi from the matching POTA park GPS point<br>Nearby point (within 5 mi). It may be outside the area — e.g. Corps of Engineers or other land. Check the official map.<br><a href="https://www.google.com/maps/search/?api=1&amp;query=36.94978,-84.97199">Open in Google Maps</a>]]></description><Point><coordinates>-84.97199,36.94978,0</coordinates></Point></Placemark>
<Placemark><name>KFF-1285 · KDFWR small-boat/canoe access: Rowena (north bank)</name><styleUrl>#acc_near</styleUrl><description><![CDATA[Lake Cumberland • Small Boat Only • unpaved parking<br>4.3 mi from the matching POTA park GPS point<br>Nearby point (within 5 mi). It may be outside the area — e.g. Corps of Engineers or other land. Check the official map.<br><a href="https://www.google.com/maps/search/?api=1&amp;query=36.87841,-85.08449">Open in Google Maps</a>]]></description><Point><coordinates>-85.08449,36.87841,0</coordinates></Point></Placemark>
<Placemark><name>KFF-1286 · KDFWR small-boat/canoe access: Mill Creek Lake</name><styleUrl>#acc_near</styleUrl><description><![CDATA[Natural Bridge State Park • Small Boat Only • paved parking<br>1.1 mi from the matching POTA park GPS point<br>Nearby point (within 5 mi). It may be outside the area — e.g. Corps of Engineers or other land. Check the official map.<br><a href="https://www.google.com/maps/search/?api=1&amp;query=37.76674,-83.67305">Open in Google Maps</a>]]></description><Point><coordinates>-83.67305,37.76674,0</coordinates></Point></Placemark>
<Placemark><name>KFF-1286 · KDFWR small-boat/canoe access: Hwy 77 Bridge</name><styleUrl>#acc_near</styleUrl><description><![CDATA[Red River • Carrydown Only • unpaved parking<br>4.2 mi from the matching POTA park GPS point<br>Nearby point (within 5 mi). It may be outside the area — e.g. Corps of Engineers or other land. Check the official map.<br><a href="https://www.google.com/maps/search/?api=1&amp;query=37.83338,-83.6599">Open in Google Maps</a>]]></description><Point><coordinates>-83.6599,37.83338,0</coordinates></Point></Placemark>
<Placemark><name>KFF-1288 · KDFWR small-boat/canoe access: Four Mile Ramp</name><styleUrl>#acc_near</styleUrl><description><![CDATA[Cumberland River • Small Boat Only • unpaved parking<br>3.9 mi from the matching POTA park GPS point<br>Nearby point (within 5 mi). It may be outside the area — e.g. Corps of Engineers or other land. Check the official map.<br><a href="https://www.google.com/maps/search/?api=1&amp;query=36.79299,-83.753424">Open in Google Maps</a>]]></description><Point><coordinates>-83.753424,36.79299,0</coordinates></Point></Placemark>
<Placemark><name>KFF-1288 · KDFWR small-boat/canoe access: Cannon Creek Ramp</name><styleUrl>#acc_near</styleUrl><description><![CDATA[Cannon Creek Lake • Small Boat Only • paved parking<br>4.8 mi from the matching POTA park GPS point<br>Nearby point (within 5 mi). It may be outside the area — e.g. Corps of Engineers or other land. Check the official map.<br><a href="https://www.google.com/maps/search/?api=1&amp;query=36.67797,-83.7027">Open in Google Maps</a>]]></description><Point><coordinates>-83.7027,36.67797,0</coordinates></Point></Placemark>
<Placemark><name>KFF-3781 · KDFWR small-boat/canoe access: Breaks Interstate Park</name><styleUrl>#acc_near</styleUrl><description><![CDATA[Russell Fork • Carrydown Only • unpaved parking<br>0.5 mi from the matching POTA park GPS point<br>Nearby point (within 5 mi). It may be outside the area — e.g. Corps of Engineers or other land. Check the official map.<br><a href="https://www.google.com/maps/search/?api=1&amp;query=37.30001,-82.32117">Open in Google Maps</a>]]></description><Point><coordinates>-82.32117,37.30001,0</coordinates></Point></Placemark>
<Placemark><name>KFF-3781 · KDFWR small-boat/canoe access: Carson Island Access</name><styleUrl>#acc_near</styleUrl><description><![CDATA[Russell Fork • Carrydown Only • unpaved parking<br>1.5 mi from the matching POTA park GPS point<br>Nearby point (within 5 mi). It may be outside the area — e.g. Corps of Engineers or other land. Check the official map.<br><a href="https://www.google.com/maps/search/?api=1&amp;query=37.295494,-82.33749">Open in Google Maps</a>]]></description><Point><coordinates>-82.33749,37.295494,0</coordinates></Point></Placemark>
<Placemark><name>KFF-3781 · KDFWR small-boat/canoe access: Garden Hole Carrydown</name><styleUrl>#acc_near</styleUrl><description><![CDATA[Russell Fork • Carrydown Only • unpaved parking<br>2.3 mi from the matching POTA park GPS point<br>Nearby point (within 5 mi). It may be outside the area — e.g. Corps of Engineers or other land. Check the official map.<br><a href="https://www.google.com/maps/search/?api=1&amp;query=37.27073,-82.30317">Open in Google Maps</a>]]></description><Point><coordinates>-82.30317,37.27073,0</coordinates></Point></Placemark>
<Placemark><name>KFF-3782 · KDFWR small-boat/canoe access: Thompson Park Ramp</name><styleUrl>#acc_near</styleUrl><description><![CDATA[Cumberland River • Small Boat Only • paved parking<br>2.2 mi from the matching POTA park GPS point<br>Nearby point (within 5 mi). It may be outside the area — e.g. Corps of Engineers or other land. Check the official map.<br><a href="https://www.google.com/maps/search/?api=1&amp;query=36.860301,-83.889311">Open in Google Maps</a>]]></description><Point><coordinates>-83.889311,36.860301,0</coordinates></Point></Placemark>
<Placemark><name>KFF-3782 · KDFWR small-boat/canoe access: Artemus Rock Access</name><styleUrl>#acc_near</styleUrl><description><![CDATA[Cumberland River • Carrydown Only • unpaved parking<br>4.3 mi from the matching POTA park GPS point<br>Nearby point (within 5 mi). It may be outside the area — e.g. Corps of Engineers or other land. Check the official map.<br><a href="https://www.google.com/maps/search/?api=1&amp;query=36.82397,-83.843965">Open in Google Maps</a>]]></description><Point><coordinates>-83.843965,36.82397,0</coordinates></Point></Placemark>
<Placemark><name>KFF-3784 · KDFWR small-boat/canoe access: Mill Creek Lake Ramp #2</name><styleUrl>#acc_near</styleUrl><description><![CDATA[Mill Creek Lake (Monroe Co.) • Small Boat Only • unpaved parking<br>0.6 mi from the matching POTA park GPS point<br>Nearby point (within 5 mi). It may be outside the area — e.g. Corps of Engineers or other land. Check the official map.<br><a href="https://www.google.com/maps/search/?api=1&amp;query=36.681202,-85.69746">Open in Google Maps</a>]]></description><Point><coordinates>-85.69746,36.681202,0</coordinates></Point></Placemark>
<Placemark><name>KFF-3784 · KDFWR small-boat/canoe access: Mill Creek Lake Ramp</name><styleUrl>#acc_near</styleUrl><description><![CDATA[Mill Creek Lake (Monroe Co.) • Small Boat Only • unpaved parking<br>1.0 mi from the matching POTA park GPS point<br>Nearby point (within 5 mi). It may be outside the area — e.g. Corps of Engineers or other land. Check the official map.<br><a href="https://www.google.com/maps/search/?api=1&amp;query=36.67464,-85.69002">Open in Google Maps</a>]]></description><Point><coordinates>-85.69002,36.67464,0</coordinates></Point></Placemark>
<Placemark><name>KFF-3790 · KDFWR small-boat/canoe access: Missing Hill Resort</name><styleUrl>#acc_near</styleUrl><description><![CDATA[Kentucky Lake • Small Boat Only • paved parking<br>1.1 mi from the matching POTA park GPS point<br>Nearby point (within 5 mi). It may be outside the area — e.g. Corps of Engineers or other land. Check the official map.<br><a href="https://www.google.com/maps/search/?api=1&amp;query=36.502481,-88.0752">Open in Google Maps</a>]]></description><Point><coordinates>-88.0752,36.502481,0</coordinates></Point></Placemark>
<Placemark><name>KFF-3790 · KDFWR small-boat/canoe access: Steele Boat Ramp</name><styleUrl>#acc_near</styleUrl><description><![CDATA[Kentucky Lake • Small Boat Only • unpaved parking<br>3.4 mi from the matching POTA park GPS point<br>Nearby point (within 5 mi). It may be outside the area — e.g. Corps of Engineers or other land. Check the official map.<br><a href="https://www.google.com/maps/search/?api=1&amp;query=36.55115,-88.05801">Open in Google Maps</a>]]></description><Point><coordinates>-88.05801,36.55115,0</coordinates></Point></Placemark>
<Placemark><name>KFF-3792 · KDFWR small-boat/canoe access: Fenton Lake Access</name><styleUrl>#acc_near</styleUrl><description><![CDATA[Kentucky Lake • Small Boat Only • unpaved parking<br>2.5 mi from the matching POTA park GPS point<br>Nearby point (within 5 mi). It may be outside the area — e.g. Corps of Engineers or other land. Check the official map.<br><a href="https://www.google.com/maps/search/?api=1&amp;query=36.773649,-88.108624">Open in Google Maps</a>]]></description><Point><coordinates>-88.108624,36.773649,0</coordinates></Point></Placemark>
<Placemark><name>KFF-3792 · KDFWR small-boat/canoe access: Devil's Elbow - LBL</name><styleUrl>#acc_near</styleUrl><description><![CDATA[Lake Barkley • Small Boat Only • unpaved parking<br>3.9 mi from the matching POTA park GPS point<br>Nearby point (within 5 mi). It may be outside the area — e.g. Corps of Engineers or other land. Check the official map.<br><a href="https://www.google.com/maps/search/?api=1&amp;query=36.79479,-87.99645">Open in Google Maps</a>]]></description><Point><coordinates>-87.99645,36.79479,0</coordinates></Point></Placemark>
<Placemark><name>KFF-3792 · KDFWR small-boat/canoe access: White Beach Ramp</name><styleUrl>#acc_near</styleUrl><description><![CDATA[Kentucky Lake • Small Boat Only • paved parking<br>4.4 mi from the matching POTA park GPS point<br>Nearby point (within 5 mi). It may be outside the area — e.g. Corps of Engineers or other land. Check the official map.<br><a href="https://www.google.com/maps/search/?api=1&amp;query=36.730414,-88.116561">Open in Google Maps</a>]]></description><Point><coordinates>-88.116561,36.730414,0</coordinates></Point></Placemark>
<Placemark><name>KFF-3792 · KDFWR small-boat/canoe access: Redd Hollow (LBL)</name><styleUrl>#acc_near</styleUrl><description><![CDATA[Kentucky Lake • Small Boat Only • unpaved parking<br>4.5 mi from the matching POTA park GPS point<br>Nearby point (within 5 mi). It may be outside the area — e.g. Corps of Engineers or other land. Check the official map.<br><a href="https://www.google.com/maps/search/?api=1&amp;query=36.71285,-88.07467">Open in Google Maps</a>]]></description><Point><coordinates>-88.07467,36.71285,0</coordinates></Point></Placemark>
<Placemark><name>KFF-3792 · KDFWR small-boat/canoe access: Bacon Creek - LBL</name><styleUrl>#acc_near</styleUrl><description><![CDATA[Lake Barkley • Small Boat Only • unpaved parking<br>4.9 mi from the matching POTA park GPS point<br>Nearby point (within 5 mi). It may be outside the area — e.g. Corps of Engineers or other land. Check the official map.<br><a href="https://www.google.com/maps/search/?api=1&amp;query=36.75094,-87.98112">Open in Google Maps</a>]]></description><Point><coordinates>-87.98112,36.75094,0</coordinates></Point></Placemark>
<Placemark><name>KFF-3793 · KDFWR small-boat/canoe access: Shelby Lake</name><styleUrl>#acc_near</styleUrl><description><![CDATA[Ballard WMA • Small Boat Only • unpaved parking<br>0.7 mi from the matching POTA park GPS point<br>Nearby point (within 5 mi). It may be outside the area — e.g. Corps of Engineers or other land. Check the official map.<br><a href="https://www.google.com/maps/search/?api=1&amp;query=37.185171,-89.030569">Open in Google Maps</a>]]></description><Point><coordinates>-89.030569,37.185171,0</coordinates></Point></Placemark>
<Placemark><name>KFF-3793 · KDFWR small-boat/canoe access: Big Turner Lake 1</name><styleUrl>#acc_near</styleUrl><description><![CDATA[Ballard WMA • Small Boat Only • unpaved parking<br>0.9 mi from the matching POTA park GPS point<br>Nearby point (within 5 mi). It may be outside the area — e.g. Corps of Engineers or other land. Check the official map.<br><a href="https://www.google.com/maps/search/?api=1&amp;query=37.180438,-89.03492">Open in Google Maps</a>]]></description><Point><coordinates>-89.03492,37.180438,0</coordinates></Point></Placemark>
<Placemark><name>KFF-3793 · KDFWR small-boat/canoe access: Ballard Slough</name><styleUrl>#acc_near</styleUrl><description><![CDATA[Ballard WMA • Small Boat Only • unpaved parking<br>1.2 mi from the matching POTA park GPS point<br>Nearby point (within 5 mi). It may be outside the area — e.g. Corps of Engineers or other land. Check the official map.<br><a href="https://www.google.com/maps/search/?api=1&amp;query=37.16343,-89.02765">Open in Google Maps</a>]]></description><Point><coordinates>-89.02765,37.16343,0</coordinates></Point></Placemark>
<Placemark><name>KFF-3793 · KDFWR small-boat/canoe access: Big Turner Lake 3</name><styleUrl>#acc_near</styleUrl><description><![CDATA[Ballard WMA • Small Boat Only • unpaved parking<br>1.3 mi from the matching POTA park GPS point<br>Nearby point (within 5 mi). It may be outside the area — e.g. Corps of Engineers or other land. Check the official map.<br><a href="https://www.google.com/maps/search/?api=1&amp;query=37.17292,-89.041042">Open in Google Maps</a>]]></description><Point><coordinates>-89.041042,37.17292,0</coordinates></Point></Placemark>
<Placemark><name>KFF-3793 · KDFWR small-boat/canoe access: Mitchell Lake 1</name><styleUrl>#acc_near</styleUrl><description><![CDATA[Ballard WMA • Small Boat Only • unpaved parking<br>1.4 mi from the matching POTA park GPS point<br>Nearby point (within 5 mi). It may be outside the area — e.g. Corps of Engineers or other land. Check the official map.<br><a href="https://www.google.com/maps/search/?api=1&amp;query=37.161229,-89.030129">Open in Google Maps</a>]]></description><Point><coordinates>-89.030129,37.161229,0</coordinates></Point></Placemark>
<Placemark><name>KFF-3793 · KDFWR small-boat/canoe access: Big Turner Lake 2</name><styleUrl>#acc_near</styleUrl><description><![CDATA[Ballard WMA • Small Boat Only • unpaved parking<br>1.9 mi from the matching POTA park GPS point<br>Nearby point (within 5 mi). It may be outside the area — e.g. Corps of Engineers or other land. Check the official map.<br><a href="https://www.google.com/maps/search/?api=1&amp;query=37.166163,-89.048948">Open in Google Maps</a>]]></description><Point><coordinates>-89.048948,37.166163,0</coordinates></Point></Placemark>
<Placemark><name>KFF-3793 · KDFWR small-boat/canoe access: Little Turner Lake</name><styleUrl>#acc_near</styleUrl><description><![CDATA[Ballard WMA • Small Boat Only • unpaved parking<br>1.9 mi from the matching POTA park GPS point<br>Nearby point (within 5 mi). It may be outside the area — e.g. Corps of Engineers or other land. Check the official map.<br><a href="https://www.google.com/maps/search/?api=1&amp;query=37.17697,-89.05376">Open in Google Maps</a>]]></description><Point><coordinates>-89.05376,37.17697,0</coordinates></Point></Placemark>
<Placemark><name>KFF-3793 · KDFWR small-boat/canoe access: Goose Pond Ramp</name><styleUrl>#acc_near</styleUrl><description><![CDATA[Ballard WMA • Small Boat Only • unpaved parking<br>2.0 mi from the matching POTA park GPS point<br>Nearby point (within 5 mi). It may be outside the area — e.g. Corps of Engineers or other land. Check the official map.<br><a href="https://www.google.com/maps/search/?api=1&amp;query=37.174171,-89.053711">Open in Google Maps</a>]]></description><Point><coordinates>-89.053711,37.174171,0</coordinates></Point></Placemark>
<Placemark><name>KFF-3793 · KDFWR small-boat/canoe access: Mitchell Lake 2</name><styleUrl>#acc_near</styleUrl><description><![CDATA[Ballard WMA • Small Boat Only • unpaved parking<br>2.0 mi from the matching POTA park GPS point<br>Nearby point (within 5 mi). It may be outside the area — e.g. Corps of Engineers or other land. Check the official map.<br><a href="https://www.google.com/maps/search/?api=1&amp;query=37.15547,-89.03783">Open in Google Maps</a>]]></description><Point><coordinates>-89.03783,37.15547,0</coordinates></Point></Placemark>
<Placemark><name>KFF-3793 · KDFWR small-boat/canoe access: Castor Lake</name><styleUrl>#acc_near</styleUrl><description><![CDATA[Ballard WMA • Small Boat Only • unpaved parking<br>2.2 mi from the matching POTA park GPS point<br>Nearby point (within 5 mi). It may be outside the area — e.g. Corps of Engineers or other land. Check the official map.<br><a href="https://www.google.com/maps/search/?api=1&amp;query=37.1576,-89.04608">Open in Google Maps</a>]]></description><Point><coordinates>-89.04608,37.1576,0</coordinates></Point></Placemark>
<Placemark><name>KFF-3793 · KDFWR small-boat/canoe access: Mitchell Lake 3</name><styleUrl>#acc_near</styleUrl><description><![CDATA[Ballard WMA • Small Boat Only • unpaved parking<br>2.5 mi from the matching POTA park GPS point<br>Nearby point (within 5 mi). It may be outside the area — e.g. Corps of Engineers or other land. Check the official map.<br><a href="https://www.google.com/maps/search/?api=1&amp;query=37.15058,-89.043798">Open in Google Maps</a>]]></description><Point><coordinates>-89.043798,37.15058,0</coordinates></Point></Placemark>
<Placemark><name>KFF-3793 · KDFWR small-boat/canoe access: Butler Lake</name><styleUrl>#acc_near</styleUrl><description><![CDATA[Ballard WMA • Small Boat Only • unpaved parking<br>2.5 mi from the matching POTA park GPS point<br>Nearby point (within 5 mi). It may be outside the area — e.g. Corps of Engineers or other land. Check the official map.<br><a href="https://www.google.com/maps/search/?api=1&amp;query=37.15839,-89.05529">Open in Google Maps</a>]]></description><Point><coordinates>-89.05529,37.15839,0</coordinates></Point></Placemark>
<Placemark><name>KFF-3793 · KDFWR small-boat/canoe access: Castor Lake Ramp</name><styleUrl>#acc_near</styleUrl><description><![CDATA[Ballard WMA • Small Boat Only • unpaved parking<br>2.5 mi from the matching POTA park GPS point<br>Nearby point (within 5 mi). It may be outside the area — e.g. Corps of Engineers or other land. Check the official map.<br><a href="https://www.google.com/maps/search/?api=1&amp;query=37.1562,-89.0542">Open in Google Maps</a>]]></description><Point><coordinates>-89.0542,37.1562,0</coordinates></Point></Placemark>
<Placemark><name>KFF-3793 · KDFWR small-boat/canoe access: Humphrey Creek Ramp</name><styleUrl>#acc_near</styleUrl><description><![CDATA[Boatwright WMA • Small Boat Only • unpaved parking<br>4.1 mi from the matching POTA park GPS point<br>Nearby point (within 5 mi). It may be outside the area — e.g. Corps of Engineers or other land. Check the official map.<br><a href="https://www.google.com/maps/search/?api=1&amp;query=37.1377,-89.0719">Open in Google Maps</a>]]></description><Point><coordinates>-89.0719,37.1377,0</coordinates></Point></Placemark>
<Placemark><name>KFF-3795 · KDFWR small-boat/canoe access: Kentucky Lake WMA Ramp</name><styleUrl>#acc_near</styleUrl><description><![CDATA[Kentucky Lake • Small Boat Only • unpaved parking<br>1.6 mi from the matching POTA park GPS point<br>Nearby point (within 5 mi). It may be outside the area — e.g. Corps of Engineers or other land. Check the official map.<br><a href="https://www.google.com/maps/search/?api=1&amp;query=36.563097,-88.157369">Open in Google Maps</a>]]></description><Point><coordinates>-88.157369,36.563097,0</coordinates></Point></Placemark>
<Placemark><name>KFF-3795 · KDFWR small-boat/canoe access: Slavehouse Boat Ramp - TVA</name><styleUrl>#acc_near</styleUrl><description><![CDATA[Kentucky Lake • Small Boat Only • unpaved parking<br>1.9 mi from the matching POTA park GPS point<br>Nearby point (within 5 mi). It may be outside the area — e.g. Corps of Engineers or other land. Check the official map.<br><a href="https://www.google.com/maps/search/?api=1&amp;query=36.58235,-88.14538">Open in Google Maps</a>]]></description><Point><coordinates>-88.14538,36.58235,0</coordinates></Point></Placemark>
<Placemark><name>KFF-3795 · KDFWR small-boat/canoe access: Brandon's Mill</name><styleUrl>#acc_near</styleUrl><description><![CDATA[Kentucky Lake • Small Boat Only • unpaved parking<br>3.3 mi from the matching POTA park GPS point<br>Nearby point (within 5 mi). It may be outside the area — e.g. Corps of Engineers or other land. Check the official map.<br><a href="https://www.google.com/maps/search/?api=1&amp;query=36.60589,-88.12018">Open in Google Maps</a>]]></description><Point><coordinates>-88.12018,36.60589,0</coordinates></Point></Placemark>
<Placemark><name>KFF-3795 · KDFWR small-boat/canoe access: Steele Boat Ramp</name><styleUrl>#acc_near</styleUrl><description><![CDATA[Kentucky Lake • Small Boat Only • unpaved parking<br>4.0 mi from the matching POTA park GPS point<br>Nearby point (within 5 mi). It may be outside the area — e.g. Corps of Engineers or other land. Check the official map.<br><a href="https://www.google.com/maps/search/?api=1&amp;query=36.55115,-88.05801">Open in Google Maps</a>]]></description><Point><coordinates>-88.05801,36.55115,0</coordinates></Point></Placemark>
<Placemark><name>KFF-3795 · KDFWR small-boat/canoe access: Missing Hill Resort</name><styleUrl>#acc_near</styleUrl><description><![CDATA[Kentucky Lake • Small Boat Only • paved parking<br>4.9 mi from the matching POTA park GPS point<br>Nearby point (within 5 mi). It may be outside the area — e.g. Corps of Engineers or other land. Check the official map.<br><a href="https://www.google.com/maps/search/?api=1&amp;query=36.502481,-88.0752">Open in Google Maps</a>]]></description><Point><coordinates>-88.0752,36.502481,0</coordinates></Point></Placemark>
<Placemark><name>KFF-3796 · KDFWR small-boat/canoe access: Grangertown Landing</name><styleUrl>#acc_near</styleUrl><description><![CDATA[Tradewater River • Small Boat Only • unpaved parking<br>2.9 mi from the matching POTA park GPS point<br>Nearby point (within 5 mi). It may be outside the area — e.g. Corps of Engineers or other land. Check the official map.<br><a href="https://www.google.com/maps/search/?api=1&amp;query=37.54627,-88.01888">Open in Google Maps</a>]]></description><Point><coordinates>-88.01888,37.54627,0</coordinates></Point></Placemark>
<Placemark><name>KFF-3796 · KDFWR small-boat/canoe access: Old Providence Road Ramp</name><styleUrl>#acc_near</styleUrl><description><![CDATA[Tradewater River • Small Boat Only • paved parking<br>3.0 mi from the matching POTA park GPS point<br>Nearby point (within 5 mi). It may be outside the area — e.g. Corps of Engineers or other land. Check the official map.<br><a href="https://www.google.com/maps/search/?api=1&amp;query=37.547404,-88.015064">Open in Google Maps</a>]]></description><Point><coordinates>-88.015064,37.547404,0</coordinates></Point></Placemark>
<Placemark><name>KFF-3796 · KDFWR small-boat/canoe access: VFW Bridge</name><styleUrl>#acc_near</styleUrl><description><![CDATA[Tradewater River • Small Boat Only • unpaved parking<br>3.6 mi from the matching POTA park GPS point<br>Nearby point (within 5 mi). It may be outside the area — e.g. Corps of Engineers or other land. Check the official map.<br><a href="https://www.google.com/maps/search/?api=1&amp;query=37.47936,-87.95391">Open in Google Maps</a>]]></description><Point><coordinates>-87.95391,37.47936,0</coordinates></Point></Placemark>
<Placemark><name>KFF-3796 · KDFWR small-boat/canoe access: Caseyville</name><styleUrl>#acc_near</styleUrl><description><![CDATA[Ohio River - West • Small Boat Only • paved parking<br>3.8 mi from the matching POTA park GPS point<br>Nearby point (within 5 mi). It may be outside the area — e.g. Corps of Engineers or other land. Check the official map.<br><a href="https://www.google.com/maps/search/?api=1&amp;query=37.53466,-88.06937">Open in Google Maps</a>]]></description><Point><coordinates>-88.06937,37.53466,0</coordinates></Point></Placemark>
<Placemark><name>KFF-3797 · KDFWR small-boat/canoe access: Humphrey Creek Ramp</name><styleUrl>#acc_near</styleUrl><description><![CDATA[Boatwright WMA • Small Boat Only • unpaved parking<br>2.7 mi from the matching POTA park GPS point<br>Nearby point (within 5 mi). It may be outside the area — e.g. Corps of Engineers or other land. Check the official map.<br><a href="https://www.google.com/maps/search/?api=1&amp;query=37.1377,-89.0719">Open in Google Maps</a>]]></description><Point><coordinates>-89.0719,37.1377,0</coordinates></Point></Placemark>
<Placemark><name>KFF-3797 · KDFWR small-boat/canoe access: Holloway Landing</name><styleUrl>#acc_near</styleUrl><description><![CDATA[Ohio River - West • Small Boat Only • unpaved parking<br>3.7 mi from the matching POTA park GPS point<br>Nearby point (within 5 mi). It may be outside the area — e.g. Corps of Engineers or other land. Check the official map.<br><a href="https://www.google.com/maps/search/?api=1&amp;query=37.07335,-89.15219">Open in Google Maps</a>]]></description><Point><coordinates>-89.15219,37.07335,0</coordinates></Point></Placemark>
<Placemark><name>KFF-3797 · KDFWR small-boat/canoe access: Fish Lake Boatwright</name><styleUrl>#acc_near</styleUrl><description><![CDATA[Boatwright WMA • Small Boat Only • unpaved parking<br>3.8 mi from the matching POTA park GPS point<br>Nearby point (within 5 mi). It may be outside the area — e.g. Corps of Engineers or other land. Check the official map.<br><a href="https://www.google.com/maps/search/?api=1&amp;query=37.050362,-89.093788">Open in Google Maps</a>]]></description><Point><coordinates>-89.093788,37.050362,0</coordinates></Point></Placemark>
<Placemark><name>KFF-3797 · KDFWR small-boat/canoe access: Flat Lake</name><styleUrl>#acc_near</styleUrl><description><![CDATA[Boatwright WMA • Small Boat Only • unpaved parking<br>4.2 mi from the matching POTA park GPS point<br>Nearby point (within 5 mi). It may be outside the area — e.g. Corps of Engineers or other land. Check the official map.<br><a href="https://www.google.com/maps/search/?api=1&amp;query=37.04459,-89.09787">Open in Google Maps</a>]]></description><Point><coordinates>-89.09787,37.04459,0</coordinates></Point></Placemark>
<Placemark><name>KFF-3797 · KDFWR small-boat/canoe access: Castor Lake Ramp</name><styleUrl>#acc_near</styleUrl><description><![CDATA[Ballard WMA • Small Boat Only • unpaved parking<br>4.3 mi from the matching POTA park GPS point<br>Nearby point (within 5 mi). It may be outside the area — e.g. Corps of Engineers or other land. Check the official map.<br><a href="https://www.google.com/maps/search/?api=1&amp;query=37.1562,-89.0542">Open in Google Maps</a>]]></description><Point><coordinates>-89.0542,37.1562,0</coordinates></Point></Placemark>
<Placemark><name>KFF-3797 · KDFWR small-boat/canoe access: Mitchell Lake 3</name><styleUrl>#acc_near</styleUrl><description><![CDATA[Ballard WMA • Small Boat Only • unpaved parking<br>4.4 mi from the matching POTA park GPS point<br>Nearby point (within 5 mi). It may be outside the area — e.g. Corps of Engineers or other land. Check the official map.<br><a href="https://www.google.com/maps/search/?api=1&amp;query=37.15058,-89.043798">Open in Google Maps</a>]]></description><Point><coordinates>-89.043798,37.15058,0</coordinates></Point></Placemark>
<Placemark><name>KFF-3797 · KDFWR small-boat/canoe access: Burnt Pond</name><styleUrl>#acc_near</styleUrl><description><![CDATA[Boatwright WMA • Small Boat Only • unpaved parking<br>4.4 mi from the matching POTA park GPS point<br>Nearby point (within 5 mi). It may be outside the area — e.g. Corps of Engineers or other land. Check the official map.<br><a href="https://www.google.com/maps/search/?api=1&amp;query=37.043785,-89.118215">Open in Google Maps</a>]]></description><Point><coordinates>-89.118215,37.043785,0</coordinates></Point></Placemark>
<Placemark><name>KFF-3797 · KDFWR small-boat/canoe access: Butler Lake</name><styleUrl>#acc_near</styleUrl><description><![CDATA[Ballard WMA • Small Boat Only • unpaved parking<br>4.4 mi from the matching POTA park GPS point<br>Nearby point (within 5 mi). It may be outside the area — e.g. Corps of Engineers or other land. Check the official map.<br><a href="https://www.google.com/maps/search/?api=1&amp;query=37.15839,-89.05529">Open in Google Maps</a>]]></description><Point><coordinates>-89.05529,37.15839,0</coordinates></Point></Placemark>
<Placemark><name>KFF-3797 · KDFWR small-boat/canoe access: Buck Lake</name><styleUrl>#acc_near</styleUrl><description><![CDATA[Boatwright WMA • Small Boat Only • unpaved parking<br>4.6 mi from the matching POTA park GPS point<br>Nearby point (within 5 mi). It may be outside the area — e.g. Corps of Engineers or other land. Check the official map.<br><a href="https://www.google.com/maps/search/?api=1&amp;query=37.038273,-89.090362">Open in Google Maps</a>]]></description><Point><coordinates>-89.090362,37.038273,0</coordinates></Point></Placemark>
<Placemark><name>KFF-3797 · KDFWR small-boat/canoe access: Castor Lake</name><styleUrl>#acc_near</styleUrl><description><![CDATA[Ballard WMA • Small Boat Only • unpaved parking<br>4.6 mi from the matching POTA park GPS point<br>Nearby point (within 5 mi). It may be outside the area — e.g. Corps of Engineers or other land. Check the official map.<br><a href="https://www.google.com/maps/search/?api=1&amp;query=37.1576,-89.04608">Open in Google Maps</a>]]></description><Point><coordinates>-89.04608,37.1576,0</coordinates></Point></Placemark>
<Placemark><name>KFF-3797 · KDFWR small-boat/canoe access: Mitchell Lake 2</name><styleUrl>#acc_near</styleUrl><description><![CDATA[Ballard WMA • Small Boat Only • unpaved parking<br>4.8 mi from the matching POTA park GPS point<br>Nearby point (within 5 mi). It may be outside the area — e.g. Corps of Engineers or other land. Check the official map.<br><a href="https://www.google.com/maps/search/?api=1&amp;query=37.15547,-89.03783">Open in Google Maps</a>]]></description><Point><coordinates>-89.03783,37.15547,0</coordinates></Point></Placemark>
<Placemark><name>KFF-3798 · KDFWR small-boat/canoe access: Bent Road Fishing Access</name><styleUrl>#acc_near</styleUrl><description><![CDATA[Buck Creek • Carrydown Only • unpaved parking<br>1.4 mi from the matching POTA park GPS point<br>Nearby point (within 5 mi). It may be outside the area — e.g. Corps of Engineers or other land. Check the official map.<br><a href="https://www.google.com/maps/search/?api=1&amp;query=37.1038,-84.43498">Open in Google Maps</a>]]></description><Point><coordinates>-84.43498,37.1038,0</coordinates></Point></Placemark>
<Placemark><name>KFF-3798 · KDFWR small-boat/canoe access: Poplarville Road Fishing Access</name><styleUrl>#acc_near</styleUrl><description><![CDATA[Buck Creek • Carrydown Only • unpaved parking<br>4.3 mi from the matching POTA park GPS point<br>Nearby point (within 5 mi). It may be outside the area — e.g. Corps of Engineers or other land. Check the official map.<br><a href="https://www.google.com/maps/search/?api=1&amp;query=37.046906,-84.431351">Open in Google Maps</a>]]></description><Point><coordinates>-84.431351,37.046906,0</coordinates></Point></Placemark>
<Placemark><name>KFF-3799 · KDFWR small-boat/canoe access: Bert Combs Lake Ramp</name><styleUrl>#acc_near</styleUrl><description><![CDATA[Bert Combs Lake • Small Boat Only • unpaved parking<br>0.0 mi from the matching POTA park GPS point<br>Nearby point (within 5 mi). It may be outside the area — e.g. Corps of Engineers or other land. Check the official map.<br><a href="https://www.google.com/maps/search/?api=1&amp;query=37.16772,-83.70783">Open in Google Maps</a>]]></description><Point><coordinates>-83.70783,37.16772,0</coordinates></Point></Placemark>
<Placemark><name>KFF-3799 · KDFWR small-boat/canoe access: Jacks/Bowling Branch Bridge Carrydown</name><styleUrl>#acc_near</styleUrl><description><![CDATA[Goose Creek • Carrydown Only • unpaved parking<br>3.0 mi from the matching POTA park GPS point<br>Nearby point (within 5 mi). It may be outside the area — e.g. Corps of Engineers or other land. Check the official map.<br><a href="https://www.google.com/maps/search/?api=1&amp;query=37.205151,-83.73715">Open in Google Maps</a>]]></description><Point><coordinates>-83.73715,37.205151,0</coordinates></Point></Placemark>
<Placemark><name>KFF-3799 · KDFWR small-boat/canoe access: Dump Hollow Ford Road</name><styleUrl>#acc_near</styleUrl><description><![CDATA[Goose Creek • Carrydown Only • unpaved parking<br>3.1 mi from the matching POTA park GPS point<br>Nearby point (within 5 mi). It may be outside the area — e.g. Corps of Engineers or other land. Check the official map.<br><a href="https://www.google.com/maps/search/?api=1&amp;query=37.212726,-83.704019">Open in Google Maps</a>]]></description><Point><coordinates>-83.704019,37.212726,0</coordinates></Point></Placemark>
<Placemark><name>KFF-3799 · KDFWR small-boat/canoe access: Rawlings Stinson Park Ramp</name><styleUrl>#acc_near</styleUrl><description><![CDATA[Goose Creek • Small Boat Only • paved parking<br>3.2 mi from the matching POTA park GPS point<br>Nearby point (within 5 mi). It may be outside the area — e.g. Corps of Engineers or other land. Check the official map.<br><a href="https://www.google.com/maps/search/?api=1&amp;query=37.15952,-83.764356">Open in Google Maps</a>]]></description><Point><coordinates>-83.764356,37.15952,0</coordinates></Point></Placemark>
<Placemark><name>KFF-3799 · KDFWR small-boat/canoe access: Goose Creek Ramp</name><styleUrl>#acc_near</styleUrl><description><![CDATA[Goose Creek • Small Boat Only • unpaved parking<br>3.2 mi from the matching POTA park GPS point<br>Nearby point (within 5 mi). It may be outside the area — e.g. Corps of Engineers or other land. Check the official map.<br><a href="https://www.google.com/maps/search/?api=1&amp;query=37.150762,-83.761117">Open in Google Maps</a>]]></description><Point><coordinates>-83.761117,37.150762,0</coordinates></Point></Placemark>
<Placemark><name>KFF-3799 · KDFWR small-boat/canoe access: Tobacco Road Bridge Access</name><styleUrl>#acc_near</styleUrl><description><![CDATA[Goose Creek • Carrydown Only • unpaved parking<br>3.4 mi from the matching POTA park GPS point<br>Nearby point (within 5 mi). It may be outside the area — e.g. Corps of Engineers or other land. Check the official map.<br><a href="https://www.google.com/maps/search/?api=1&amp;query=37.216321,-83.717526">Open in Google Maps</a>]]></description><Point><coordinates>-83.717526,37.216321,0</coordinates></Point></Placemark>
<Placemark><name>KFF-3800 · KDFWR small-boat/canoe access: Cedar Creek Lake Carrydown</name><styleUrl>#acc_near</styleUrl><description><![CDATA[Cedar Creek Lake • Carrydown Only • unpaved parking<br>0.6 mi from the matching POTA park GPS point<br>Nearby point (within 5 mi). It may be outside the area — e.g. Corps of Engineers or other land. Check the official map.<br><a href="https://www.google.com/maps/search/?api=1&amp;query=37.4783,-84.5483">Open in Google Maps</a>]]></description><Point><coordinates>-84.5483,37.4783,0</coordinates></Point></Placemark>
<Placemark><name>KFF-3800 · KDFWR small-boat/canoe access: Cedar Creek Lake Carrydown #2</name><styleUrl>#acc_near</styleUrl><description><![CDATA[Cedar Creek Lake • Carrydown Only • paved parking<br>1.5 mi from the matching POTA park GPS point<br>Nearby point (within 5 mi). It may be outside the area — e.g. Corps of Engineers or other land. Check the official map.<br><a href="https://www.google.com/maps/search/?api=1&amp;query=37.456273,-84.544603">Open in Google Maps</a>]]></description><Point><coordinates>-84.544603,37.456273,0</coordinates></Point></Placemark>
<Placemark><name>KFF-3801 · KDFWR small-boat/canoe access: Hwy 715 Bridge Carry-Down</name><styleUrl>#acc_near</styleUrl><description><![CDATA[Red River • Carrydown Only • unpaved parking<br>0.5 mi from the matching POTA park GPS point<br>Nearby point (within 5 mi). It may be outside the area — e.g. Corps of Engineers or other land. Check the official map.<br><a href="https://www.google.com/maps/search/?api=1&amp;query=37.81972,-83.57489">Open in Google Maps</a>]]></description><Point><coordinates>-83.57489,37.81972,0</coordinates></Point></Placemark>
<Placemark><name>KFF-3801 · KDFWR small-boat/canoe access: Big Run River Access</name><styleUrl>#acc_near</styleUrl><description><![CDATA[Red River • Carrydown Only • unpaved parking<br>4.7 mi from the matching POTA park GPS point<br>Nearby point (within 5 mi). It may be outside the area — e.g. Corps of Engineers or other land. Check the official map.<br><a href="https://www.google.com/maps/search/?api=1&amp;query=37.80254,-83.483516">Open in Google Maps</a>]]></description><Point><coordinates>-83.483516,37.80254,0</coordinates></Point></Placemark>
<Placemark><name>KFF-3802 · KDFWR small-boat/canoe access: Lee's Dock Ramp</name><styleUrl>#acc_near</styleUrl><description><![CDATA[Kentucky River - Lower • Small Boat Only • unpaved parking<br>2.9 mi from the matching POTA park GPS point<br>Nearby point (within 5 mi). It may be outside the area — e.g. Corps of Engineers or other land. Check the official map.<br><a href="https://www.google.com/maps/search/?api=1&amp;query=38.173537,-84.876297">Open in Google Maps</a>]]></description><Point><coordinates>-84.876297,38.173537,0</coordinates></Point></Placemark>
<Placemark><name>KFF-3802 · KDFWR small-boat/canoe access: Clifton</name><styleUrl>#acc_near</styleUrl><description><![CDATA[Kentucky River - Lower • Small Boat Only • unpaved parking<br>3.8 mi from the matching POTA park GPS point<br>Nearby point (within 5 mi). It may be outside the area — e.g. Corps of Engineers or other land. Check the official map.<br><a href="https://www.google.com/maps/search/?api=1&amp;query=38.08484,-84.82696">Open in Google Maps</a>]]></description><Point><coordinates>-84.82696,38.08484,0</coordinates></Point></Placemark>
<Placemark><name>KFF-3802 · KDFWR small-boat/canoe access: Frankfort Boat Dock Ramp</name><styleUrl>#acc_near</styleUrl><description><![CDATA[Kentucky River - Lower • Small Boat Only • paved parking<br>4.5 mi from the matching POTA park GPS point<br>Nearby point (within 5 mi). It may be outside the area — e.g. Corps of Engineers or other land. Check the official map.<br><a href="https://www.google.com/maps/search/?api=1&amp;query=38.19691,-84.87967">Open in Google Maps</a>]]></description><Point><coordinates>-84.87967,38.19691,0</coordinates></Point></Placemark>
<Placemark><name>KFF-3803 · KDFWR small-boat/canoe access: Winford WMA</name><styleUrl>#acc_near</styleUrl><description><![CDATA[Winford Ponds • Small Boat Only • unpaved parking<br>2.3 mi from the matching POTA park GPS point<br>Nearby point (within 5 mi). It may be outside the area — e.g. Corps of Engineers or other land. Check the official map.<br><a href="https://www.google.com/maps/search/?api=1&amp;query=36.9289429,-89.0609074">Open in Google Maps</a>]]></description><Point><coordinates>-89.0609074,36.9289429,0</coordinates></Point></Placemark>
<Placemark><name>KFF-3804 · KDFWR small-boat/canoe access: Cranks Creek Lake Ramp</name><styleUrl>#acc_near</styleUrl><description><![CDATA[Cranks Creek Lake • Small Boat Only • unpaved parking<br>1.2 mi from the matching POTA park GPS point<br>Nearby point (within 5 mi). It may be outside the area — e.g. Corps of Engineers or other land. Check the official map.<br><a href="https://www.google.com/maps/search/?api=1&amp;query=36.74989,-83.2175">Open in Google Maps</a>]]></description><Point><coordinates>-83.2175,36.74989,0</coordinates></Point></Placemark>
<Placemark><name>KFF-3804 · KDFWR small-boat/canoe access: Martins Fork Lake Ramp</name><styleUrl>#acc_near</styleUrl><description><![CDATA[Martins Fork Lake • Small Boat Only • paved parking<br>3.5 mi from the matching POTA park GPS point<br>Nearby point (within 5 mi). It may be outside the area — e.g. Corps of Engineers or other land. Check the official map.<br><a href="https://www.google.com/maps/search/?api=1&amp;query=36.735133,-83.255297">Open in Google Maps</a>]]></description><Point><coordinates>-83.255297,36.735133,0</coordinates></Point></Placemark>
<Placemark><name>KFF-3805 · KDFWR small-boat/canoe access: Bullock Pen Lake Ramp</name><styleUrl>#acc_near</styleUrl><description><![CDATA[Bullock Pen Lake • Small Boat Only • unpaved parking<br>3.3 mi from the matching POTA park GPS point<br>Nearby point (within 5 mi). It may be outside the area — e.g. Corps of Engineers or other land. Check the official map.<br><a href="https://www.google.com/maps/search/?api=1&amp;query=38.79905,-84.63941">Open in Google Maps</a>]]></description><Point><coordinates>-84.63941,38.79905,0</coordinates></Point></Placemark>
<Placemark><name>KFF-3805 · KDFWR small-boat/canoe access: Boltz Lake Ramp</name><styleUrl>#acc_near</styleUrl><description><![CDATA[Boltz Lake • Small Boat Only • unpaved parking<br>4.1 mi from the matching POTA park GPS point<br>Nearby point (within 5 mi). It may be outside the area — e.g. Corps of Engineers or other land. Check the official map.<br><a href="https://www.google.com/maps/search/?api=1&amp;query=38.7064,-84.62043">Open in Google Maps</a>]]></description><Point><coordinates>-84.62043,38.7064,0</coordinates></Point></Placemark>
<Placemark><name>KFF-3806 · KDFWR small-boat/canoe access: Casey Creek Canoe Launch</name><styleUrl>#acc_near</styleUrl><description><![CDATA[Dennis-Gray WMA • Carrydown Only • unpaved parking<br>0.0 mi from the matching POTA park GPS point<br>Nearby point (within 5 mi). It may be outside the area — e.g. Corps of Engineers or other land. Check the official map.<br><a href="https://www.google.com/maps/search/?api=1&amp;query=37.265696,-85.1488892">Open in Google Maps</a>]]></description><Point><coordinates>-85.1488892,37.265696,0</coordinates></Point></Placemark>
<Placemark><name>KFF-3806 · KDFWR small-boat/canoe access: Green River WMA Carrydown</name><styleUrl>#acc_near</styleUrl><description><![CDATA[Green River - Upper • Carrydown Only • unpaved parking<br>4.9 mi from the matching POTA park GPS point<br>Nearby point (within 5 mi). It may be outside the area — e.g. Corps of Engineers or other land. Check the official map.<br><a href="https://www.google.com/maps/search/?api=1&amp;query=37.195668,-85.165217">Open in Google Maps</a>]]></description><Point><coordinates>-85.165217,37.195668,0</coordinates></Point></Placemark>
<Placemark><name>KFF-3807 · KDFWR small-boat/canoe access: Cedar Creek Lake Carrydown</name><styleUrl>#acc_near</styleUrl><description><![CDATA[Cedar Creek Lake • Carrydown Only • unpaved parking<br>2.8 mi from the matching POTA park GPS point<br>Nearby point (within 5 mi). It may be outside the area — e.g. Corps of Engineers or other land. Check the official map.<br><a href="https://www.google.com/maps/search/?api=1&amp;query=37.4783,-84.5483">Open in Google Maps</a>]]></description><Point><coordinates>-84.5483,37.4783,0</coordinates></Point></Placemark>
<Placemark><name>KFF-3807 · KDFWR small-boat/canoe access: Cedar Creek Lake Carrydown #2</name><styleUrl>#acc_near</styleUrl><description><![CDATA[Cedar Creek Lake • Carrydown Only • paved parking<br>3.4 mi from the matching POTA park GPS point<br>Nearby point (within 5 mi). It may be outside the area — e.g. Corps of Engineers or other land. Check the official map.<br><a href="https://www.google.com/maps/search/?api=1&amp;query=37.456273,-84.544603">Open in Google Maps</a>]]></description><Point><coordinates>-84.544603,37.456273,0</coordinates></Point></Placemark>
<Placemark><name>KFF-3808 · KDFWR small-boat/canoe access: Indian Camp Lake</name><styleUrl>#acc_near</styleUrl><description><![CDATA[Doug Travis WMA • Small Boat Only • unpaved parking<br>0.7 mi from the matching POTA park GPS point<br>Nearby point (within 5 mi). It may be outside the area — e.g. Corps of Engineers or other land. Check the official map.<br><a href="https://www.google.com/maps/search/?api=1&amp;query=36.81636,-89.10502">Open in Google Maps</a>]]></description><Point><coordinates>-89.10502,36.81636,0</coordinates></Point></Placemark>
<Placemark><name>KFF-3808 · KDFWR small-boat/canoe access: Willow Slough</name><styleUrl>#acc_near</styleUrl><description><![CDATA[Doug Travis WMA • Small Boat Only • unpaved parking<br>1.0 mi from the matching POTA park GPS point<br>Nearby point (within 5 mi). It may be outside the area — e.g. Corps of Engineers or other land. Check the official map.<br><a href="https://www.google.com/maps/search/?api=1&amp;query=36.79705,-89.1122971">Open in Google Maps</a>]]></description><Point><coordinates>-89.1122971,36.79705,0</coordinates></Point></Placemark>
<Placemark><name>KFF-3808 · KDFWR small-boat/canoe access: Fish Lake Doug Travis</name><styleUrl>#acc_near</styleUrl><description><![CDATA[Doug Travis WMA • Small Boat Only • unpaved parking<br>1.4 mi from the matching POTA park GPS point<br>Nearby point (within 5 mi). It may be outside the area — e.g. Corps of Engineers or other land. Check the official map.<br><a href="https://www.google.com/maps/search/?api=1&amp;query=36.82328,-89.11347">Open in Google Maps</a>]]></description><Point><coordinates>-89.11347,36.82328,0</coordinates></Point></Placemark>
<Placemark><name>KFF-3808 · KDFWR small-boat/canoe access: Black Lake</name><styleUrl>#acc_near</styleUrl><description><![CDATA[Doug Travis WMA • Small Boat Only • unpaved parking<br>1.5 mi from the matching POTA park GPS point<br>Nearby point (within 5 mi). It may be outside the area — e.g. Corps of Engineers or other land. Check the official map.<br><a href="https://www.google.com/maps/search/?api=1&amp;query=36.817534,-89.122622">Open in Google Maps</a>]]></description><Point><coordinates>-89.122622,36.817534,0</coordinates></Point></Placemark>
<Placemark><name>KFF-3808 · KDFWR small-boat/canoe access: Puddle Duck Ramp</name><styleUrl>#acc_near</styleUrl><description><![CDATA[Doug Travis WMA • Small Boat Only • unpaved parking<br>1.5 mi from the matching POTA park GPS point<br>Nearby point (within 5 mi). It may be outside the area — e.g. Corps of Engineers or other land. Check the official map.<br><a href="https://www.google.com/maps/search/?api=1&amp;query=36.786632,-89.105398">Open in Google Maps</a>]]></description><Point><coordinates>-89.105398,36.786632,0</coordinates></Point></Placemark>
<Placemark><name>KFF-3808 · KDFWR small-boat/canoe access: Number 4 Lake</name><styleUrl>#acc_near</styleUrl><description><![CDATA[Doug Travis WMA • Small Boat Only • unpaved parking<br>1.6 mi from the matching POTA park GPS point<br>Nearby point (within 5 mi). It may be outside the area — e.g. Corps of Engineers or other land. Check the official map.<br><a href="https://www.google.com/maps/search/?api=1&amp;query=36.815248,-89.126099">Open in Google Maps</a>]]></description><Point><coordinates>-89.126099,36.815248,0</coordinates></Point></Placemark>
<Placemark><name>KFF-3808 · KDFWR small-boat/canoe access: Forked Lake</name><styleUrl>#acc_near</styleUrl><description><![CDATA[Doug Travis WMA • Small Boat Only • unpaved parking<br>3.5 mi from the matching POTA park GPS point<br>Nearby point (within 5 mi). It may be outside the area — e.g. Corps of Engineers or other land. Check the official map.<br><a href="https://www.google.com/maps/search/?api=1&amp;query=36.858158,-89.107733">Open in Google Maps</a>]]></description><Point><coordinates>-89.107733,36.858158,0</coordinates></Point></Placemark>
<Placemark><name>KFF-3808 · KDFWR small-boat/canoe access: Ed Whitfield Ramp</name><styleUrl>#acc_near</styleUrl><description><![CDATA[Mississippi River • Small Boat Only • unpaved parking<br>3.6 mi from the matching POTA park GPS point<br>Nearby point (within 5 mi). It may be outside the area — e.g. Corps of Engineers or other land. Check the official map.<br><a href="https://www.google.com/maps/search/?api=1&amp;query=36.854736,-89.127747">Open in Google Maps</a>]]></description><Point><coordinates>-89.127747,36.854736,0</coordinates></Point></Placemark>
<Placemark><name>KFF-3811 · KDFWR small-boat/canoe access: Heritage Canoe Carrydown</name><styleUrl>#acc_near</styleUrl><description><![CDATA[Little Sandy River • Carrydown Only • unpaved parking<br>4.5 mi from the matching POTA park GPS point<br>Nearby point (within 5 mi). It may be outside the area — e.g. Corps of Engineers or other land. Check the official map.<br><a href="https://www.google.com/maps/search/?api=1&amp;query=38.118275,-83.105883">Open in Google Maps</a>]]></description><Point><coordinates>-83.105883,38.118275,0</coordinates></Point></Placemark>
<Placemark><name>KFF-3812 · KDFWR small-boat/canoe access: Fleming County WMA Fishing Access</name><styleUrl>#acc_near</styleUrl><description><![CDATA[Fleming County WMA Pond • Carrydown Only • unpaved parking<br>0.0 mi from the matching POTA park GPS point<br>Nearby point (within 5 mi). It may be outside the area — e.g. Corps of Engineers or other land. Check the official map.<br><a href="https://www.google.com/maps/search/?api=1&amp;query=38.43335,-83.63273">Open in Google Maps</a>]]></description><Point><coordinates>-83.63273,38.43335,0</coordinates></Point></Placemark>
<Placemark><name>KFF-3812 · KDFWR small-boat/canoe access: Sand Lick ( Fox Valley Lake)</name><styleUrl>#acc_near</styleUrl><description><![CDATA[Fox Valley Lake • Small Boat Only • unpaved parking<br>3.3 mi from the matching POTA park GPS point<br>Nearby point (within 5 mi). It may be outside the area — e.g. Corps of Engineers or other land. Check the official map.<br><a href="https://www.google.com/maps/search/?api=1&amp;query=38.38778,-83.61324">Open in Google Maps</a>]]></description><Point><coordinates>-83.61324,38.38778,0</coordinates></Point></Placemark>
<Placemark><name>KFF-3813 · KDFWR small-boat/canoe access: Lair Ramp</name><styleUrl>#acc_near</styleUrl><description><![CDATA[South Fork Licking River • Small Boat Only • unpaved parking<br>3.0 mi from the matching POTA park GPS point<br>Nearby point (within 5 mi). It may be outside the area — e.g. Corps of Engineers or other land. Check the official map.<br><a href="https://www.google.com/maps/search/?api=1&amp;query=38.341249,-84.301398">Open in Google Maps</a>]]></description><Point><coordinates>-84.301398,38.341249,0</coordinates></Point></Placemark>
<Placemark><name>KFF-3813 · KDFWR small-boat/canoe access: Terry Dam</name><styleUrl>#acc_near</styleUrl><description><![CDATA[South Fork Licking River • Small Boat Only • unpaved parking<br>4.3 mi from the matching POTA park GPS point<br>Nearby point (within 5 mi). It may be outside the area — e.g. Corps of Engineers or other land. Check the official map.<br><a href="https://www.google.com/maps/search/?api=1&amp;query=38.36926,-84.29189">Open in Google Maps</a>]]></description><Point><coordinates>-84.29189,38.36926,0</coordinates></Point></Placemark>
<Placemark><name>KFF-3813 · KDFWR small-boat/canoe access: Cynthiana</name><styleUrl>#acc_near</styleUrl><description><![CDATA[South Fork Licking River • Small Boat Only • unpaved parking<br>4.9 mi from the matching POTA park GPS point<br>Nearby point (within 5 mi). It may be outside the area — e.g. Corps of Engineers or other land. Check the official map.<br><a href="https://www.google.com/maps/search/?api=1&amp;query=38.3878097,-84.2991982">Open in Google Maps</a>]]></description><Point><coordinates>-84.2991982,38.3878097,0</coordinates></Point></Placemark>
<Placemark><name>KFF-3814 · KDFWR small-boat/canoe access: Kingdom Come Lake</name><styleUrl>#acc_near</styleUrl><description><![CDATA[Kingdom Come State Park Lake • Small Boat Only • paved parking<br>4.6 mi from the matching POTA park GPS point<br>Nearby point (within 5 mi). It may be outside the area — e.g. Corps of Engineers or other land. Check the official map.<br><a href="https://www.google.com/maps/search/?api=1&amp;query=36.98992,-82.98455">Open in Google Maps</a>]]></description><Point><coordinates>-82.98455,36.98992,0</coordinates></Point></Placemark>
<Placemark><name>KFF-3815 · KDFWR small-boat/canoe access: Mauzy Lake Boat Ramp</name><styleUrl>#acc_near</styleUrl><description><![CDATA[Higginson-Henry WMA • Small Boat Only • paved parking<br>0.3 mi from the matching POTA park GPS point<br>Nearby point (within 5 mi). It may be outside the area — e.g. Corps of Engineers or other land. Check the official map.<br><a href="https://www.google.com/maps/search/?api=1&amp;query=37.621154,-87.859045">Open in Google Maps</a>]]></description><Point><coordinates>-87.859045,37.621154,0</coordinates></Point></Placemark>
<Placemark><name>KFF-3815 · KDFWR small-boat/canoe access: Moffitt Lake Ramp</name><styleUrl>#acc_near</styleUrl><description><![CDATA[Moffitt Lake • Small Boat Only • unpaved parking<br>2.9 mi from the matching POTA park GPS point<br>Nearby point (within 5 mi). It may be outside the area — e.g. Corps of Engineers or other land. Check the official map.<br><a href="https://www.google.com/maps/search/?api=1&amp;query=37.5774,-87.85133">Open in Google Maps</a>]]></description><Point><coordinates>-87.85133,37.5774,0</coordinates></Point></Placemark>
<Placemark><name>KFF-3815 · KDFWR small-boat/canoe access: Mortons Lake</name><styleUrl>#acc_near</styleUrl><description><![CDATA[Higginson-Henry WMA • Small Boat Only • unpaved parking<br>3.7 mi from the matching POTA park GPS point<br>Nearby point (within 5 mi). It may be outside the area — e.g. Corps of Engineers or other land. Check the official map.<br><a href="https://www.google.com/maps/search/?api=1&amp;query=37.653878,-87.905293">Open in Google Maps</a>]]></description><Point><coordinates>-87.905293,37.653878,0</coordinates></Point></Placemark>
<Placemark><name>KFF-3816 · KDFWR small-boat/canoe access: Pfeiffer Fish Hatchery Access</name><styleUrl>#acc_near</styleUrl><description><![CDATA[Elkhorn Creek • Carrydown Only • unpaved parking<br>3.6 mi from the matching POTA park GPS point<br>Nearby point (within 5 mi). It may be outside the area — e.g. Corps of Engineers or other land. Check the official map.<br><a href="https://www.google.com/maps/search/?api=1&amp;query=38.318172,-84.826418">Open in Google Maps</a>]]></description><Point><coordinates>-84.826418,38.318172,0</coordinates></Point></Placemark>
<Placemark><name>KFF-3816 · KDFWR small-boat/canoe access: Still Waters Boat Ramp</name><styleUrl>#acc_near</styleUrl><description><![CDATA[Kentucky River - Lower • Small Boat Only • unpaved parking<br>4.7 mi from the matching POTA park GPS point<br>Nearby point (within 5 mi). It may be outside the area — e.g. Corps of Engineers or other land. Check the official map.<br><a href="https://www.google.com/maps/search/?api=1&amp;query=38.320255,-84.857547">Open in Google Maps</a>]]></description><Point><coordinates>-84.857547,38.320255,0</coordinates></Point></Placemark>
<Placemark><name>KFF-3818 · KDFWR small-boat/canoe access: Riverside Park Access</name><styleUrl>#acc_near</styleUrl><description><![CDATA[Tradewater River • Carrydown Only • unpaved parking<br>3.4 mi from the matching POTA park GPS point<br>Nearby point (within 5 mi). It may be outside the area — e.g. Corps of Engineers or other land. Check the official map.<br><a href="https://www.google.com/maps/search/?api=1&amp;query=37.161111,-87.698728">Open in Google Maps</a>]]></description><Point><coordinates>-87.698728,37.161111,0</coordinates></Point></Placemark>
<Placemark><name>KFF-3818 · KDFWR small-boat/canoe access: Dawson Springs Ramp</name><styleUrl>#acc_near</styleUrl><description><![CDATA[Tradewater River • Small Boat Only • unpaved parking<br>3.5 mi from the matching POTA park GPS point<br>Nearby point (within 5 mi). It may be outside the area — e.g. Corps of Engineers or other land. Check the official map.<br><a href="https://www.google.com/maps/search/?api=1&amp;query=37.161158,-87.696948">Open in Google Maps</a>]]></description><Point><coordinates>-87.696948,37.161158,0</coordinates></Point></Placemark>
<Placemark><name>KFF-3820 · KDFWR small-boat/canoe access: Monterey Ramp</name><styleUrl>#acc_near</styleUrl><description><![CDATA[Kentucky River - Lower • Small Boat Only • unpaved parking<br>2.2 mi from the matching POTA park GPS point<br>Nearby point (within 5 mi). It may be outside the area — e.g. Corps of Engineers or other land. Check the official map.<br><a href="https://www.google.com/maps/search/?api=1&amp;query=38.41741,-84.87832">Open in Google Maps</a>]]></description><Point><coordinates>-84.87832,38.41741,0</coordinates></Point></Placemark>
<Placemark><name>KFF-3820 · KDFWR small-boat/canoe access: Lock #2 Ramp</name><styleUrl>#acc_near</styleUrl><description><![CDATA[Kentucky River - Lower • Small Boat Only • unpaved parking<br>2.7 mi from the matching POTA park GPS point<br>Nearby point (within 5 mi). It may be outside the area — e.g. Corps of Engineers or other land. Check the official map.<br><a href="https://www.google.com/maps/search/?api=1&amp;query=38.43965,-84.96287">Open in Google Maps</a>]]></description><Point><coordinates>-84.96287,38.43965,0</coordinates></Point></Placemark>
<Placemark><name>KFF-3820 · KDFWR small-boat/canoe access: Six Mile Creek Ramp</name><styleUrl>#acc_near</styleUrl><description><![CDATA[Kentucky River - Lower • Small Boat Only • unpaved parking<br>2.7 mi from the matching POTA park GPS point<br>Nearby point (within 5 mi). It may be outside the area — e.g. Corps of Engineers or other land. Check the official map.<br><a href="https://www.google.com/maps/search/?api=1&amp;query=38.43718,-84.96458">Open in Google Maps</a>]]></description><Point><coordinates>-84.96458,38.43718,0</coordinates></Point></Placemark>
<Placemark><name>KFF-3822 · KDFWR small-boat/canoe access: Dixon City Lake Ramp</name><styleUrl>#acc_near</styleUrl><description><![CDATA[Dixon City Lake • Carrydown Only • unpaved parking<br>1.7 mi from the matching POTA park GPS point<br>Nearby point (within 5 mi). It may be outside the area — e.g. Corps of Engineers or other land. Check the official map.<br><a href="https://www.google.com/maps/search/?api=1&amp;query=37.524176,-87.696767">Open in Google Maps</a>]]></description><Point><coordinates>-87.696767,37.524176,0</coordinates></Point></Placemark>
<Placemark><name>KFF-3823 · KDFWR small-boat/canoe access: Givens Creek Ramp</name><styleUrl>#acc_near</styleUrl><description><![CDATA[Ohio River - West • Small Boat Only • paved parking<br>4.8 mi from the matching POTA park GPS point<br>Nearby point (within 5 mi). It may be outside the area — e.g. Corps of Engineers or other land. Check the official map.<br><a href="https://www.google.com/maps/search/?api=1&amp;query=37.37338,-88.46719">Open in Google Maps</a>]]></description><Point><coordinates>-88.46719,37.37338,0</coordinates></Point></Placemark>
<Placemark><name>KFF-3824 · KDFWR small-boat/canoe access: HWY 49 Bridge Access</name><styleUrl>#acc_near</styleUrl><description><![CDATA[Rolling Fork River • Carrydown Only • unpaved parking<br>3.6 mi from the matching POTA park GPS point<br>Nearby point (within 5 mi). It may be outside the area — e.g. Corps of Engineers or other land. Check the official map.<br><a href="https://www.google.com/maps/search/?api=1&amp;query=37.49199,-85.15981">Open in Google Maps</a>]]></description><Point><coordinates>-85.15981,37.49199,0</coordinates></Point></Placemark>
<Placemark><name>KFF-3826 · KDFWR small-boat/canoe access: Bullock Pen Lake Ramp</name><styleUrl>#acc_near</styleUrl><description><![CDATA[Bullock Pen Lake • Small Boat Only • unpaved parking<br>1.7 mi from the matching POTA park GPS point<br>Nearby point (within 5 mi). It may be outside the area — e.g. Corps of Engineers or other land. Check the official map.<br><a href="https://www.google.com/maps/search/?api=1&amp;query=38.79905,-84.63941">Open in Google Maps</a>]]></description><Point><coordinates>-84.63941,38.79905,0</coordinates></Point></Placemark>
<Placemark><name>KFF-3827 · KDFWR small-boat/canoe access: Obio Creek WMA Ramp</name><styleUrl>#acc_near</styleUrl><description><![CDATA[Obion Creek WMA • Small Boat Only • unpaved parking<br>2.1 mi from the matching POTA park GPS point<br>Nearby point (within 5 mi). It may be outside the area — e.g. Corps of Engineers or other land. Check the official map.<br><a href="https://www.google.com/maps/search/?api=1&amp;query=36.601202,-89.129834">Open in Google Maps</a>]]></description><Point><coordinates>-89.129834,36.601202,0</coordinates></Point></Placemark>
<Placemark><name>KFF-3828 · KDFWR small-boat/canoe access: Rob's Lake</name><styleUrl>#acc_near</styleUrl><description><![CDATA[Peabody WMA • Small Boat Only • unpaved parking<br>0.1 mi from the matching POTA park GPS point<br>Nearby point (within 5 mi). It may be outside the area — e.g. Corps of Engineers or other land. Check the official map.<br><a href="https://www.google.com/maps/search/?api=1&amp;query=37.287672,-86.894092">Open in Google Maps</a>]]></description><Point><coordinates>-86.894092,37.287672,0</coordinates></Point></Placemark>
<Placemark><name>KFF-3828 · KDFWR small-boat/canoe access: Island Lake 1</name><styleUrl>#acc_near</styleUrl><description><![CDATA[Peabody WMA • Small Boat Only • unpaved parking<br>0.1 mi from the matching POTA park GPS point<br>Nearby point (within 5 mi). It may be outside the area — e.g. Corps of Engineers or other land. Check the official map.<br><a href="https://www.google.com/maps/search/?api=1&amp;query=37.286114,-86.895961">Open in Google Maps</a>]]></description><Point><coordinates>-86.895961,37.286114,0</coordinates></Point></Placemark>
<Placemark><name>KFF-3828 · KDFWR small-boat/canoe access: Island Lake 2</name><styleUrl>#acc_near</styleUrl><description><![CDATA[Peabody WMA • Small Boat Only • unpaved parking<br>0.2 mi from the matching POTA park GPS point<br>Nearby point (within 5 mi). It may be outside the area — e.g. Corps of Engineers or other land. Check the official map.<br><a href="https://www.google.com/maps/search/?api=1&amp;query=37.284914,-86.897631">Open in Google Maps</a>]]></description><Point><coordinates>-86.897631,37.284914,0</coordinates></Point></Placemark>
<Placemark><name>KFF-3828 · KDFWR small-boat/canoe access: Island Lake 3</name><styleUrl>#acc_near</styleUrl><description><![CDATA[Peabody WMA • Small Boat Only • unpaved parking<br>1.1 mi from the matching POTA park GPS point<br>Nearby point (within 5 mi). It may be outside the area — e.g. Corps of Engineers or other land. Check the official map.<br><a href="https://www.google.com/maps/search/?api=1&amp;query=37.274689,-86.906906">Open in Google Maps</a>]]></description><Point><coordinates>-86.906906,37.274689,0</coordinates></Point></Placemark>
<Placemark><name>KFF-3828 · KDFWR small-boat/canoe access: Egret Pond</name><styleUrl>#acc_near</styleUrl><description><![CDATA[Peabody WMA • Small Boat Only • unpaved parking<br>1.4 mi from the matching POTA park GPS point<br>Nearby point (within 5 mi). It may be outside the area — e.g. Corps of Engineers or other land. Check the official map.<br><a href="https://www.google.com/maps/search/?api=1&amp;query=37.2678,-86.902308">Open in Google Maps</a>]]></description><Point><coordinates>-86.902308,37.2678,0</coordinates></Point></Placemark>
<Placemark><name>KFF-3828 · KDFWR small-boat/canoe access: Island Lake 4</name><styleUrl>#acc_near</styleUrl><description><![CDATA[Peabody WMA • Small Boat Only • unpaved parking<br>1.5 mi from the matching POTA park GPS point<br>Nearby point (within 5 mi). It may be outside the area — e.g. Corps of Engineers or other land. Check the official map.<br><a href="https://www.google.com/maps/search/?api=1&amp;query=37.267914,-86.905692">Open in Google Maps</a>]]></description><Point><coordinates>-86.905692,37.267914,0</coordinates></Point></Placemark>
<Placemark><name>KFF-3828 · KDFWR small-boat/canoe access: South Lake 1</name><styleUrl>#acc_near</styleUrl><description><![CDATA[Peabody WMA • Small Boat Only • unpaved parking<br>1.7 mi from the matching POTA park GPS point<br>Nearby point (within 5 mi). It may be outside the area — e.g. Corps of Engineers or other land. Check the official map.<br><a href="https://www.google.com/maps/search/?api=1&amp;query=37.264881,-86.907397">Open in Google Maps</a>]]></description><Point><coordinates>-86.907397,37.264881,0</coordinates></Point></Placemark>
<Placemark><name>KFF-3828 · KDFWR small-boat/canoe access: HL1 Lake</name><styleUrl>#acc_near</styleUrl><description><![CDATA[Peabody WMA • Small Boat Only • unpaved parking<br>2.3 mi from the matching POTA park GPS point<br>Nearby point (within 5 mi). It may be outside the area — e.g. Corps of Engineers or other land. Check the official map.<br><a href="https://www.google.com/maps/search/?api=1&amp;query=37.317531,-86.876672">Open in Google Maps</a>]]></description><Point><coordinates>-86.876672,37.317531,0</coordinates></Point></Placemark>
<Placemark><name>KFF-3828 · KDFWR small-boat/canoe access: Nave Hole</name><styleUrl>#acc_near</styleUrl><description><![CDATA[Peabody WMA • Small Boat Only • unpaved parking<br>2.4 mi from the matching POTA park GPS point<br>Nearby point (within 5 mi). It may be outside the area — e.g. Corps of Engineers or other land. Check the official map.<br><a href="https://www.google.com/maps/search/?api=1&amp;query=37.276047,-86.935683">Open in Google Maps</a>]]></description><Point><coordinates>-86.935683,37.276047,0</coordinates></Point></Placemark>
<Placemark><name>KFF-3828 · KDFWR small-boat/canoe access: Twin Tiles 2</name><styleUrl>#acc_near</styleUrl><description><![CDATA[Peabody WMA • Small Boat Only • unpaved parking<br>2.4 mi from the matching POTA park GPS point<br>Nearby point (within 5 mi). It may be outside the area — e.g. Corps of Engineers or other land. Check the official map.<br><a href="https://www.google.com/maps/search/?api=1&amp;query=37.281444,-86.938267">Open in Google Maps</a>]]></description><Point><coordinates>-86.938267,37.281444,0</coordinates></Point></Placemark>
<Placemark><name>KFF-3828 · KDFWR small-boat/canoe access: KL1 Lake</name><styleUrl>#acc_near</styleUrl><description><![CDATA[Peabody WMA • Small Boat Only • unpaved parking<br>2.4 mi from the matching POTA park GPS point<br>Nearby point (within 5 mi). It may be outside the area — e.g. Corps of Engineers or other land. Check the official map.<br><a href="https://www.google.com/maps/search/?api=1&amp;query=37.252931,-86.894283">Open in Google Maps</a>]]></description><Point><coordinates>-86.894283,37.252931,0</coordinates></Point></Placemark>
<Placemark><name>KFF-3828 · KDFWR small-boat/canoe access: Twin Tiles 3</name><styleUrl>#acc_near</styleUrl><description><![CDATA[Peabody WMA • Small Boat Only • unpaved parking<br>2.5 mi from the matching POTA park GPS point<br>Nearby point (within 5 mi). It may be outside the area — e.g. Corps of Engineers or other land. Check the official map.<br><a href="https://www.google.com/maps/search/?api=1&amp;query=37.278381,-86.938314">Open in Google Maps</a>]]></description><Point><coordinates>-86.938314,37.278381,0</coordinates></Point></Placemark>
<Placemark><name>KFF-3828 · KDFWR small-boat/canoe access: Little Gill Pond Ramp</name><styleUrl>#acc_near</styleUrl><description><![CDATA[Peabody WMA • Small Boat Only • unpaved parking<br>2.5 mi from the matching POTA park GPS point<br>Nearby point (within 5 mi). It may be outside the area — e.g. Corps of Engineers or other land. Check the official map.<br><a href="https://www.google.com/maps/search/?api=1&amp;query=37.2645,-86.9308">Open in Google Maps</a>]]></description><Point><coordinates>-86.9308,37.2645,0</coordinates></Point></Placemark>
<Placemark><name>KFF-3828 · KDFWR small-boat/canoe access: Jack's Lake</name><styleUrl>#acc_near</styleUrl><description><![CDATA[Peabody WMA • Small Boat Only • unpaved parking<br>2.6 mi from the matching POTA park GPS point<br>Nearby point (within 5 mi). It may be outside the area — e.g. Corps of Engineers or other land. Check the official map.<br><a href="https://www.google.com/maps/search/?api=1&amp;query=37.261514,-86.929244">Open in Google Maps</a>]]></description><Point><coordinates>-86.929244,37.261514,0</coordinates></Point></Placemark>
<Placemark><name>KFF-3828 · KDFWR small-boat/canoe access: Bell Lake Ramp #1</name><styleUrl>#acc_near</styleUrl><description><![CDATA[Peabody WMA • Small Boat Only • unpaved parking<br>2.7 mi from the matching POTA park GPS point<br>Nearby point (within 5 mi). It may be outside the area — e.g. Corps of Engineers or other land. Check the official map.<br><a href="https://www.google.com/maps/search/?api=1&amp;query=37.279042,-86.942514">Open in Google Maps</a>]]></description><Point><coordinates>-86.942514,37.279042,0</coordinates></Point></Placemark>
<Placemark><name>KFF-3828 · KDFWR small-boat/canoe access: Twin Tiles 1</name><styleUrl>#acc_near</styleUrl><description><![CDATA[Peabody WMA • Small Boat Only • unpaved parking<br>2.7 mi from the matching POTA park GPS point<br>Nearby point (within 5 mi). It may be outside the area — e.g. Corps of Engineers or other land. Check the official map.<br><a href="https://www.google.com/maps/search/?api=1&amp;query=37.277889,-86.942453">Open in Google Maps</a>]]></description><Point><coordinates>-86.942453,37.277889,0</coordinates></Point></Placemark>
<Placemark><name>KFF-3828 · KDFWR small-boat/canoe access: HL2 Lake</name><styleUrl>#acc_near</styleUrl><description><![CDATA[Peabody WMA • Small Boat Only • unpaved parking<br>2.8 mi from the matching POTA park GPS point<br>Nearby point (within 5 mi). It may be outside the area — e.g. Corps of Engineers or other land. Check the official map.<br><a href="https://www.google.com/maps/search/?api=1&amp;query=37.325528,-86.877344">Open in Google Maps</a>]]></description><Point><coordinates>-86.877344,37.325528,0</coordinates></Point></Placemark>
<Placemark><name>KFF-3828 · KDFWR small-boat/canoe access: KL4 Lake</name><styleUrl>#acc_near</styleUrl><description><![CDATA[Peabody WMA • Small Boat Only • unpaved parking<br>2.8 mi from the matching POTA park GPS point<br>Nearby point (within 5 mi). It may be outside the area — e.g. Corps of Engineers or other land. Check the official map.<br><a href="https://www.google.com/maps/search/?api=1&amp;query=37.277139,-86.94395">Open in Google Maps</a>]]></description><Point><coordinates>-86.94395,37.277139,0</coordinates></Point></Placemark>
<Placemark><name>KFF-3828 · KDFWR small-boat/canoe access: Bell Lake Ramp #2</name><styleUrl>#acc_near</styleUrl><description><![CDATA[Peabody WMA • Small Boat Only • unpaved parking<br>2.8 mi from the matching POTA park GPS point<br>Nearby point (within 5 mi). It may be outside the area — e.g. Corps of Engineers or other land. Check the official map.<br><a href="https://www.google.com/maps/search/?api=1&amp;query=37.284469,-86.945717">Open in Google Maps</a>]]></description><Point><coordinates>-86.945717,37.284469,0</coordinates></Point></Placemark>
<Placemark><name>KFF-3828 · KDFWR small-boat/canoe access: Watersnake Lake Ramp</name><styleUrl>#acc_near</styleUrl><description><![CDATA[Peabody WMA • Small Boat Only • unpaved parking<br>3.0 mi from the matching POTA park GPS point<br>Nearby point (within 5 mi). It may be outside the area — e.g. Corps of Engineers or other land. Check the official map.<br><a href="https://www.google.com/maps/search/?api=1&amp;query=37.288865,-86.94938">Open in Google Maps</a>]]></description><Point><coordinates>-86.94938,37.288865,0</coordinates></Point></Placemark>
<Placemark><name>KFF-3828 · KDFWR small-boat/canoe access: Musky Pit</name><styleUrl>#acc_near</styleUrl><description><![CDATA[Peabody WMA • Small Boat Only • unpaved parking<br>3.1 mi from the matching POTA park GPS point<br>Nearby point (within 5 mi). It may be outside the area — e.g. Corps of Engineers or other land. Check the official map.<br><a href="https://www.google.com/maps/search/?api=1&amp;query=37.276208,-86.949667">Open in Google Maps</a>]]></description><Point><coordinates>-86.949667,37.276208,0</coordinates></Point></Placemark>
<Placemark><name>KFF-3828 · KDFWR small-boat/canoe access: Musky Lake</name><styleUrl>#acc_near</styleUrl><description><![CDATA[Peabody WMA • Small Boat Only • unpaved parking<br>3.2 mi from the matching POTA park GPS point<br>Nearby point (within 5 mi). It may be outside the area — e.g. Corps of Engineers or other land. Check the official map.<br><a href="https://www.google.com/maps/search/?api=1&amp;query=37.275708,-86.950664">Open in Google Maps</a>]]></description><Point><coordinates>-86.950664,37.275708,0</coordinates></Point></Placemark>
<Placemark><name>KFF-3828 · KDFWR small-boat/canoe access: South Lake 2</name><styleUrl>#acc_near</styleUrl><description><![CDATA[Peabody WMA • Small Boat Only • unpaved parking<br>3.3 mi from the matching POTA park GPS point<br>Nearby point (within 5 mi). It may be outside the area — e.g. Corps of Engineers or other land. Check the official map.<br><a href="https://www.google.com/maps/search/?api=1&amp;query=37.245808,-86.923272">Open in Google Maps</a>]]></description><Point><coordinates>-86.923272,37.245808,0</coordinates></Point></Placemark>
<Placemark><name>KFF-3828 · KDFWR small-boat/canoe access: Skimmer Lake Ramp</name><styleUrl>#acc_near</styleUrl><description><![CDATA[Peabody WMA • Small Boat Only • unpaved parking<br>3.3 mi from the matching POTA park GPS point<br>Nearby point (within 5 mi). It may be outside the area — e.g. Corps of Engineers or other land. Check the official map.<br><a href="https://www.google.com/maps/search/?api=1&amp;query=37.284636,-86.955886">Open in Google Maps</a>]]></description><Point><coordinates>-86.955886,37.284636,0</coordinates></Point></Placemark>
<Placemark><name>KFF-3828 · KDFWR small-boat/canoe access: Boy Scout Crossing Ramp #2</name><styleUrl>#acc_near</styleUrl><description><![CDATA[Peabody WMA • Small Boat Only • unpaved parking<br>3.4 mi from the matching POTA park GPS point<br>Nearby point (within 5 mi). It may be outside the area — e.g. Corps of Engineers or other land. Check the official map.<br><a href="https://www.google.com/maps/search/?api=1&amp;query=37.287107,-86.956474">Open in Google Maps</a>]]></description><Point><coordinates>-86.956474,37.287107,0</coordinates></Point></Placemark>
<Placemark><name>KFF-3828 · KDFWR small-boat/canoe access: Beaver Pit</name><styleUrl>#acc_near</styleUrl><description><![CDATA[Peabody WMA • Small Boat Only • unpaved parking<br>3.4 mi from the matching POTA park GPS point<br>Nearby point (within 5 mi). It may be outside the area — e.g. Corps of Engineers or other land. Check the official map.<br><a href="https://www.google.com/maps/search/?api=1&amp;query=37.241572,-86.915522">Open in Google Maps</a>]]></description><Point><coordinates>-86.915522,37.241572,0</coordinates></Point></Placemark>
<Placemark><name>KFF-3828 · KDFWR small-boat/canoe access: Boy Scout Crossing Ramp #1</name><styleUrl>#acc_near</styleUrl><description><![CDATA[Peabody WMA • Small Boat Only • unpaved parking<br>3.4 mi from the matching POTA park GPS point<br>Nearby point (within 5 mi). It may be outside the area — e.g. Corps of Engineers or other land. Check the official map.<br><a href="https://www.google.com/maps/search/?api=1&amp;query=37.289209,-86.956835">Open in Google Maps</a>]]></description><Point><coordinates>-86.956835,37.289209,0</coordinates></Point></Placemark>
<Placemark><name>KFF-3828 · KDFWR small-boat/canoe access: Old Boy Scout Lake Ramp</name><styleUrl>#acc_near</styleUrl><description><![CDATA[Peabody WMA • Small Boat Only • unpaved parking<br>3.6 mi from the matching POTA park GPS point<br>Nearby point (within 5 mi). It may be outside the area — e.g. Corps of Engineers or other land. Check the official map.<br><a href="https://www.google.com/maps/search/?api=1&amp;query=37.287635,-86.960622">Open in Google Maps</a>]]></description><Point><coordinates>-86.960622,37.287635,0</coordinates></Point></Placemark>
<Placemark><name>KFF-3828 · KDFWR small-boat/canoe access: Community Lake 2</name><styleUrl>#acc_near</styleUrl><description><![CDATA[Peabody WMA • Small Boat Only • unpaved parking<br>3.6 mi from the matching POTA park GPS point<br>Nearby point (within 5 mi). It may be outside the area — e.g. Corps of Engineers or other land. Check the official map.<br><a href="https://www.google.com/maps/search/?api=1&amp;query=37.269861,-86.957175">Open in Google Maps</a>]]></description><Point><coordinates>-86.957175,37.269861,0</coordinates></Point></Placemark>
<Placemark><name>KFF-3828 · KDFWR small-boat/canoe access: Finger Lake Ramp</name><styleUrl>#acc_near</styleUrl><description><![CDATA[Peabody WMA • Small Boat Only • unpaved parking<br>3.6 mi from the matching POTA park GPS point<br>Nearby point (within 5 mi). It may be outside the area — e.g. Corps of Engineers or other land. Check the official map.<br><a href="https://www.google.com/maps/search/?api=1&amp;query=37.287453,-86.961462">Open in Google Maps</a>]]></description><Point><coordinates>-86.961462,37.287453,0</coordinates></Point></Placemark>
<Placemark><name>KFF-3828 · KDFWR small-boat/canoe access: Community Lake 1</name><styleUrl>#acc_near</styleUrl><description><![CDATA[Peabody WMA • Small Boat Only • unpaved parking<br>4.0 mi from the matching POTA park GPS point<br>Nearby point (within 5 mi). It may be outside the area — e.g. Corps of Engineers or other land. Check the official map.<br><a href="https://www.google.com/maps/search/?api=1&amp;query=37.269369,-86.963256">Open in Google Maps</a>]]></description><Point><coordinates>-86.963256,37.269369,0</coordinates></Point></Placemark>
<Placemark><name>KFF-3828 · KDFWR small-boat/canoe access: Access Lake</name><styleUrl>#acc_near</styleUrl><description><![CDATA[Peabody WMA • Small Boat Only • unpaved parking<br>4.0 mi from the matching POTA park GPS point<br>Nearby point (within 5 mi). It may be outside the area — e.g. Corps of Engineers or other land. Check the official map.<br><a href="https://www.google.com/maps/search/?api=1&amp;query=37.279833,-86.966419">Open in Google Maps</a>]]></description><Point><coordinates>-86.966419,37.279833,0</coordinates></Point></Placemark>
<Placemark><name>KFF-3828 · KDFWR small-boat/canoe access: Harp Hole Ramp</name><styleUrl>#acc_near</styleUrl><description><![CDATA[Peabody WMA • Small Boat Only • unpaved parking<br>4.0 mi from the matching POTA park GPS point<br>Nearby point (within 5 mi). It may be outside the area — e.g. Corps of Engineers or other land. Check the official map.<br><a href="https://www.google.com/maps/search/?api=1&amp;query=37.282856,-86.967617">Open in Google Maps</a>]]></description><Point><coordinates>-86.967617,37.282856,0</coordinates></Point></Placemark>
<Placemark><name>KFF-3828 · KDFWR small-boat/canoe access: Circle Lake Ramp</name><styleUrl>#acc_near</styleUrl><description><![CDATA[Peabody WMA • Small Boat Only • unpaved parking<br>4.0 mi from the matching POTA park GPS point<br>Nearby point (within 5 mi). It may be outside the area — e.g. Corps of Engineers or other land. Check the official map.<br><a href="https://www.google.com/maps/search/?api=1&amp;query=37.277117,-86.966642">Open in Google Maps</a>]]></description><Point><coordinates>-86.966642,37.277117,0</coordinates></Point></Placemark>
<Placemark><name>KFF-3828 · KDFWR small-boat/canoe access: Panther Lake Ramp</name><styleUrl>#acc_near</styleUrl><description><![CDATA[Peabody WMA • Small Boat Only • unpaved parking<br>4.1 mi from the matching POTA park GPS point<br>Nearby point (within 5 mi). It may be outside the area — e.g. Corps of Engineers or other land. Check the official map.<br><a href="https://www.google.com/maps/search/?api=1&amp;query=37.2818,-86.968644">Open in Google Maps</a>]]></description><Point><coordinates>-86.968644,37.2818,0</coordinates></Point></Placemark>
<Placemark><name>KFF-3828 · KDFWR small-boat/canoe access: Shady Lake Ramp</name><styleUrl>#acc_near</styleUrl><description><![CDATA[Peabody WMA • Small Boat Only • unpaved parking<br>4.2 mi from the matching POTA park GPS point<br>Nearby point (within 5 mi). It may be outside the area — e.g. Corps of Engineers or other land. Check the official map.<br><a href="https://www.google.com/maps/search/?api=1&amp;query=37.302866,-86.968622">Open in Google Maps</a>]]></description><Point><coordinates>-86.968622,37.302866,0</coordinates></Point></Placemark>
<Placemark><name>KFF-3828 · KDFWR small-boat/canoe access: Sedge Lake Ramp</name><styleUrl>#acc_near</styleUrl><description><![CDATA[Peabody WMA • Small Boat Only • unpaved parking<br>4.2 mi from the matching POTA park GPS point<br>Nearby point (within 5 mi). It may be outside the area — e.g. Corps of Engineers or other land. Check the official map.<br><a href="https://www.google.com/maps/search/?api=1&amp;query=37.298002,-86.970077">Open in Google Maps</a>]]></description><Point><coordinates>-86.970077,37.298002,0</coordinates></Point></Placemark>
<Placemark><name>KFF-3828 · KDFWR small-boat/canoe access: Turkey Foot Ramp</name><styleUrl>#acc_near</styleUrl><description><![CDATA[Peabody WMA • Small Boat Only • unpaved parking<br>4.2 mi from the matching POTA park GPS point<br>Nearby point (within 5 mi). It may be outside the area — e.g. Corps of Engineers or other land. Check the official map.<br><a href="https://www.google.com/maps/search/?api=1&amp;query=37.303052,-86.969381">Open in Google Maps</a>]]></description><Point><coordinates>-86.969381,37.303052,0</coordinates></Point></Placemark>
<Placemark><name>KFF-3828 · KDFWR small-boat/canoe access: Nameless Lake #2 Ramp</name><styleUrl>#acc_near</styleUrl><description><![CDATA[Peabody WMA • Small Boat Only • unpaved parking<br>4.3 mi from the matching POTA park GPS point<br>Nearby point (within 5 mi). It may be outside the area — e.g. Corps of Engineers or other land. Check the official map.<br><a href="https://www.google.com/maps/search/?api=1&amp;query=37.296828,-86.971674">Open in Google Maps</a>]]></description><Point><coordinates>-86.971674,37.296828,0</coordinates></Point></Placemark>
<Placemark><name>KFF-3828 · KDFWR small-boat/canoe access: Ken Lake Ramp #2</name><styleUrl>#acc_near</styleUrl><description><![CDATA[Peabody WMA • Small Boat Only • unpaved parking<br>4.3 mi from the matching POTA park GPS point<br>Nearby point (within 5 mi). It may be outside the area — e.g. Corps of Engineers or other land. Check the official map.<br><a href="https://www.google.com/maps/search/?api=1&amp;query=37.296312,-86.972905">Open in Google Maps</a>]]></description><Point><coordinates>-86.972905,37.296312,0</coordinates></Point></Placemark>
<Placemark><name>KFF-3828 · KDFWR small-boat/canoe access: Screwhead Lake Ramp</name><styleUrl>#acc_near</styleUrl><description><![CDATA[Peabody WMA • Small Boat Only • unpaved parking<br>4.3 mi from the matching POTA park GPS point<br>Nearby point (within 5 mi). It may be outside the area — e.g. Corps of Engineers or other land. Check the official map.<br><a href="https://www.google.com/maps/search/?api=1&amp;query=37.293142,-86.973575">Open in Google Maps</a>]]></description><Point><coordinates>-86.973575,37.293142,0</coordinates></Point></Placemark>
<Placemark><name>KFF-3828 · KDFWR small-boat/canoe access: New Boy Scout Lake Ramp</name><styleUrl>#acc_near</styleUrl><description><![CDATA[Peabody WMA • Small Boat Only • unpaved parking<br>4.3 mi from the matching POTA park GPS point<br>Nearby point (within 5 mi). It may be outside the area — e.g. Corps of Engineers or other land. Check the official map.<br><a href="https://www.google.com/maps/search/?api=1&amp;query=37.282581,-86.973658">Open in Google Maps</a>]]></description><Point><coordinates>-86.973658,37.282581,0</coordinates></Point></Placemark>
<Placemark><name>KFF-3828 · KDFWR small-boat/canoe access: Big Muddy Lake Ramp</name><styleUrl>#acc_near</styleUrl><description><![CDATA[Peabody WMA • Small Boat Only • unpaved parking<br>4.3 mi from the matching POTA park GPS point<br>Nearby point (within 5 mi). It may be outside the area — e.g. Corps of Engineers or other land. Check the official map.<br><a href="https://www.google.com/maps/search/?api=1&amp;query=37.289115,-86.973977">Open in Google Maps</a>]]></description><Point><coordinates>-86.973977,37.289115,0</coordinates></Point></Placemark>
<Placemark><name>KFF-3828 · KDFWR small-boat/canoe access: Barebank Lake Ramp</name><styleUrl>#acc_near</styleUrl><description><![CDATA[Peabody WMA • Small Boat Only • unpaved parking<br>4.3 mi from the matching POTA park GPS point<br>Nearby point (within 5 mi). It may be outside the area — e.g. Corps of Engineers or other land. Check the official map.<br><a href="https://www.google.com/maps/search/?api=1&amp;query=37.284978,-86.974079">Open in Google Maps</a>]]></description><Point><coordinates>-86.974079,37.284978,0</coordinates></Point></Placemark>
<Placemark><name>KFF-3828 · KDFWR small-boat/canoe access: Ken Lake Ramp #1</name><styleUrl>#acc_near</styleUrl><description><![CDATA[Peabody WMA • Small Boat Only • unpaved parking<br>4.4 mi from the matching POTA park GPS point<br>Nearby point (within 5 mi). It may be outside the area — e.g. Corps of Engineers or other land. Check the official map.<br><a href="https://www.google.com/maps/search/?api=1&amp;query=37.30345,-86.973424">Open in Google Maps</a>]]></description><Point><coordinates>-86.973424,37.30345,0</coordinates></Point></Placemark>
<Placemark><name>KFF-3828 · KDFWR small-boat/canoe access: Green River Ramp</name><styleUrl>#acc_near</styleUrl><description><![CDATA[Peabody WMA • Small Boat Only • unpaved parking<br>4.7 mi from the matching POTA park GPS point<br>Nearby point (within 5 mi). It may be outside the area — e.g. Corps of Engineers or other land. Check the official map.<br><a href="https://www.google.com/maps/search/?api=1&amp;query=37.293535,-86.981164">Open in Google Maps</a>]]></description><Point><coordinates>-86.981164,37.293535,0</coordinates></Point></Placemark>
<Placemark><name>KFF-3829 · KDFWR small-boat/canoe access: Neatsville Bridge</name><styleUrl>#acc_near</styleUrl><description><![CDATA[Green River - Upper • Carrydown Only • unpaved parking<br>3.8 mi from the matching POTA park GPS point<br>Nearby point (within 5 mi). It may be outside the area — e.g. Corps of Engineers or other land. Check the official map.<br><a href="https://www.google.com/maps/search/?api=1&amp;query=37.191579,-85.130142">Open in Google Maps</a>]]></description><Point><coordinates>-85.130142,37.191579,0</coordinates></Point></Placemark>
<Placemark><name>KFF-3830 · KDFWR small-boat/canoe access: Gentle Pond</name><styleUrl>#acc_near</styleUrl><description><![CDATA[Sloughs WMA • Small Boat Only • unpaved parking<br>1.5 mi from the matching POTA park GPS point<br>Nearby point (within 5 mi). It may be outside the area — e.g. Corps of Engineers or other land. Check the official map.<br><a href="https://www.google.com/maps/search/?api=1&amp;query=37.8466,-87.78454">Open in Google Maps</a>]]></description><Point><coordinates>-87.78454,37.8466,0</coordinates></Point></Placemark>
<Placemark><name>KFF-3830 · KDFWR small-boat/canoe access: Sloughs WMA Ramp #9</name><styleUrl>#acc_near</styleUrl><description><![CDATA[Sloughs WMA • Small Boat Only • unpaved parking<br>1.7 mi from the matching POTA park GPS point<br>Nearby point (within 5 mi). It may be outside the area — e.g. Corps of Engineers or other land. Check the official map.<br><a href="https://www.google.com/maps/search/?api=1&amp;query=37.845005,-87.792964">Open in Google Maps</a>]]></description><Point><coordinates>-87.792964,37.845005,0</coordinates></Point></Placemark>
<Placemark><name>KFF-3830 · KDFWR small-boat/canoe access: Sauerheber Unit Slough</name><styleUrl>#acc_near</styleUrl><description><![CDATA[Sloughs WMA • Carrydown Only • unpaved parking<br>1.9 mi from the matching POTA park GPS point<br>Nearby point (within 5 mi). It may be outside the area — e.g. Corps of Engineers or other land. Check the official map.<br><a href="https://www.google.com/maps/search/?api=1&amp;query=37.84377,-87.76508">Open in Google Maps</a>]]></description><Point><coordinates>-87.76508,37.84377,0</coordinates></Point></Placemark>
<Placemark><name>KFF-3830 · KDFWR small-boat/canoe access: Jenny Hole Pond Creek Ramp</name><styleUrl>#acc_near</styleUrl><description><![CDATA[Sloughs WMA • Small Boat Only • unpaved parking<br>4.4 mi from the matching POTA park GPS point<br>Nearby point (within 5 mi). It may be outside the area — e.g. Corps of Engineers or other land. Check the official map.<br><a href="https://www.google.com/maps/search/?api=1&amp;query=37.808496,-87.813266">Open in Google Maps</a>]]></description><Point><coordinates>-87.813266,37.808496,0</coordinates></Point></Placemark>
<Placemark><name>KFF-3830 · KDFWR small-boat/canoe access: Jenny Hole Pond 1</name><styleUrl>#acc_near</styleUrl><description><![CDATA[Sloughs WMA • Small Boat Only • unpaved parking<br>4.9 mi from the matching POTA park GPS point<br>Nearby point (within 5 mi). It may be outside the area — e.g. Corps of Engineers or other land. Check the official map.<br><a href="https://www.google.com/maps/search/?api=1&amp;query=37.80541,-87.82541">Open in Google Maps</a>]]></description><Point><coordinates>-87.82541,37.80541,0</coordinates></Point></Placemark>
<Placemark><name>KFF-3830 · KDFWR small-boat/canoe access: Jenny Hole Ramp 3</name><styleUrl>#acc_near</styleUrl><description><![CDATA[Sloughs WMA • Small Boat Only • unpaved parking<br>4.9 mi from the matching POTA park GPS point<br>Nearby point (within 5 mi). It may be outside the area — e.g. Corps of Engineers or other land. Check the official map.<br><a href="https://www.google.com/maps/search/?api=1&amp;query=37.809252,-87.834149">Open in Google Maps</a>]]></description><Point><coordinates>-87.834149,37.809252,0</coordinates></Point></Placemark>
<Placemark><name>KFF-3832 · KDFWR small-boat/canoe access: Cranks Creek Lake Ramp</name><styleUrl>#acc_near</styleUrl><description><![CDATA[Cranks Creek Lake • Small Boat Only • unpaved parking<br>4.1 mi from the matching POTA park GPS point<br>Nearby point (within 5 mi). It may be outside the area — e.g. Corps of Engineers or other land. Check the official map.<br><a href="https://www.google.com/maps/search/?api=1&amp;query=36.74989,-83.2175">Open in Google Maps</a>]]></description><Point><coordinates>-83.2175,36.74989,0</coordinates></Point></Placemark>
<Placemark><name>KFF-3833 · KDFWR small-boat/canoe access: T. N. Sullivan WMA</name><styleUrl>#acc_near</styleUrl><description><![CDATA[Elkhorn Creek • Carrydown Only • unpaved parking<br>0.3 mi from the matching POTA park GPS point<br>Nearby point (within 5 mi). It may be outside the area — e.g. Corps of Engineers or other land. Check the official map.<br><a href="https://www.google.com/maps/search/?api=1&amp;query=38.28188,-84.819766">Open in Google Maps</a>]]></description><Point><coordinates>-84.819766,38.28188,0</coordinates></Point></Placemark>
<Placemark><name>KFF-3833 · KDFWR small-boat/canoe access: American Whitewater/Elkhorn Acres Access</name><styleUrl>#acc_near</styleUrl><description><![CDATA[Elkhorn Creek • Carrydown Only • unpaved parking<br>0.9 mi from the matching POTA park GPS point<br>Nearby point (within 5 mi). It may be outside the area — e.g. Corps of Engineers or other land. Check the official map.<br><a href="https://www.google.com/maps/search/?api=1&amp;query=38.267611,-84.815465">Open in Google Maps</a>]]></description><Point><coordinates>-84.815465,38.267611,0</coordinates></Point></Placemark>
<Placemark><name>KFF-3833 · KDFWR small-boat/canoe access: Kentucky River Campgrounds</name><styleUrl>#acc_near</styleUrl><description><![CDATA[Kentucky River - Lower • Small Boat Only • unpaved parking<br>2.5 mi from the matching POTA park GPS point<br>Nearby point (within 5 mi). It may be outside the area — e.g. Corps of Engineers or other land. Check the official map.<br><a href="https://www.google.com/maps/search/?api=1&amp;query=38.28526,-84.86893">Open in Google Maps</a>]]></description><Point><coordinates>-84.86893,38.28526,0</coordinates></Point></Placemark>
<Placemark><name>KFF-3833 · KDFWR small-boat/canoe access: Pfeiffer Fish Hatchery Access</name><styleUrl>#acc_near</styleUrl><description><![CDATA[Elkhorn Creek • Carrydown Only • unpaved parking<br>2.7 mi from the matching POTA park GPS point<br>Nearby point (within 5 mi). It may be outside the area — e.g. Corps of Engineers or other land. Check the official map.<br><a href="https://www.google.com/maps/search/?api=1&amp;query=38.318172,-84.826418">Open in Google Maps</a>]]></description><Point><coordinates>-84.826418,38.318172,0</coordinates></Point></Placemark>
<Placemark><name>KFF-3833 · KDFWR small-boat/canoe access: Still Waters Boat Ramp</name><styleUrl>#acc_near</styleUrl><description><![CDATA[Kentucky River - Lower • Small Boat Only • unpaved parking<br>3.4 mi from the matching POTA park GPS point<br>Nearby point (within 5 mi). It may be outside the area — e.g. Corps of Engineers or other land. Check the official map.<br><a href="https://www.google.com/maps/search/?api=1&amp;query=38.320255,-84.857547">Open in Google Maps</a>]]></description><Point><coordinates>-84.857547,38.320255,0</coordinates></Point></Placemark>
<Placemark><name>KFF-3833 · KDFWR small-boat/canoe access: Switzer Covered Bridge</name><styleUrl>#acc_near</styleUrl><description><![CDATA[North Fork Elkhorn Creek • Carrydown Only • unpaved parking<br>4.3 mi from the matching POTA park GPS point<br>Nearby point (within 5 mi). It may be outside the area — e.g. Corps of Engineers or other land. Check the official map.<br><a href="https://www.google.com/maps/search/?api=1&amp;query=38.2537488,-84.7518268">Open in Google Maps</a>]]></description><Point><coordinates>-84.7518268,38.2537488,0</coordinates></Point></Placemark>
<Placemark><name>KFF-3833 · KDFWR small-boat/canoe access: Elkhorn Campground Access</name><styleUrl>#acc_near</styleUrl><description><![CDATA[Elkhorn Creek • Carrydown Only • unpaved parking<br>4.6 mi from the matching POTA park GPS point<br>Nearby point (within 5 mi). It may be outside the area — e.g. Corps of Engineers or other land. Check the official map.<br><a href="https://www.google.com/maps/search/?api=1&amp;query=38.21515,-84.798248">Open in Google Maps</a>]]></description><Point><coordinates>-84.798248,38.21515,0</coordinates></Point></Placemark>
<Placemark><name>KFF-3834 · KDFWR small-boat/canoe access: Dawson Springs Ramp</name><styleUrl>#acc_near</styleUrl><description><![CDATA[Tradewater River • Small Boat Only • unpaved parking<br>1.6 mi from the matching POTA park GPS point<br>Nearby point (within 5 mi). It may be outside the area — e.g. Corps of Engineers or other land. Check the official map.<br><a href="https://www.google.com/maps/search/?api=1&amp;query=37.161158,-87.696948">Open in Google Maps</a>]]></description><Point><coordinates>-87.696948,37.161158,0</coordinates></Point></Placemark>
<Placemark><name>KFF-3834 · KDFWR small-boat/canoe access: Riverside Park Access</name><styleUrl>#acc_near</styleUrl><description><![CDATA[Tradewater River • Carrydown Only • unpaved parking<br>1.7 mi from the matching POTA park GPS point<br>Nearby point (within 5 mi). It may be outside the area — e.g. Corps of Engineers or other land. Check the official map.<br><a href="https://www.google.com/maps/search/?api=1&amp;query=37.161111,-87.698728">Open in Google Maps</a>]]></description><Point><coordinates>-87.698728,37.161111,0</coordinates></Point></Placemark>
<Placemark><name>KFF-3835 · KDFWR small-boat/canoe access: Big Twin Creek Ramp</name><styleUrl>#acc_near</styleUrl><description><![CDATA[Kentucky River - Lower • Small Boat Only • paved parking<br>2.4 mi from the matching POTA park GPS point<br>Nearby point (within 5 mi). It may be outside the area — e.g. Corps of Engineers or other land. Check the official map.<br><a href="https://www.google.com/maps/search/?api=1&amp;query=38.551509,-84.998683">Open in Google Maps</a>]]></description><Point><coordinates>-84.998683,38.551509,0</coordinates></Point></Placemark>
<Placemark><name>KFF-3837 · KDFWR small-boat/canoe access: Metropolis Lake Ramp</name><styleUrl>#acc_near</styleUrl><description><![CDATA[Metropolis Lake • Small Boat Only • unpaved parking<br>1.8 mi from the matching POTA park GPS point<br>Nearby point (within 5 mi). It may be outside the area — e.g. Corps of Engineers or other land. Check the official map.<br><a href="https://www.google.com/maps/search/?api=1&amp;query=37.14645,-88.76523">Open in Google Maps</a>]]></description><Point><coordinates>-88.76523,37.14645,0</coordinates></Point></Placemark>
<Placemark><name>KFF-3837 · KDFWR small-boat/canoe access: West KY WMA Ramp</name><styleUrl>#acc_near</styleUrl><description><![CDATA[West KY Wildlife Management Area • Small Boat Only • unpaved parking<br>2.0 mi from the matching POTA park GPS point<br>Nearby point (within 5 mi). It may be outside the area — e.g. Corps of Engineers or other land. Check the official map.<br><a href="https://www.google.com/maps/search/?api=1&amp;query=37.168383,-88.8059">Open in Google Maps</a>]]></description><Point><coordinates>-88.8059,37.168383,0</coordinates></Point></Placemark>
<Placemark><name>KFF-3837 · KDFWR small-boat/canoe access: Metropolis Ferry</name><styleUrl>#acc_near</styleUrl><description><![CDATA[Ohio River - West • Small Boat Only • unpaved parking<br>3.1 mi from the matching POTA park GPS point<br>Nearby point (within 5 mi). It may be outside the area — e.g. Corps of Engineers or other land. Check the official map.<br><a href="https://www.google.com/maps/search/?api=1&amp;query=37.13946,-88.74142">Open in Google Maps</a>]]></description><Point><coordinates>-88.74142,37.13946,0</coordinates></Point></Placemark>
<Placemark><name>KFF-3838 · KDFWR small-boat/canoe access: Winford WMA</name><styleUrl>#acc_near</styleUrl><description><![CDATA[Winford Ponds • Small Boat Only • unpaved parking<br>0.1 mi from the matching POTA park GPS point<br>Nearby point (within 5 mi). It may be outside the area — e.g. Corps of Engineers or other land. Check the official map.<br><a href="https://www.google.com/maps/search/?api=1&amp;query=36.9289429,-89.0609074">Open in Google Maps</a>]]></description><Point><coordinates>-89.0609074,36.9289429,0</coordinates></Point></Placemark>
<Placemark><name>KFF-3839 · KDFWR small-boat/canoe access: Twin Branch Ramp</name><styleUrl>#acc_near</styleUrl><description><![CDATA[Yatesville Lake • Small Boat Only • unpaved parking<br>2.0 mi from the matching POTA park GPS point<br>Nearby point (within 5 mi). It may be outside the area — e.g. Corps of Engineers or other land. Check the official map.<br><a href="https://www.google.com/maps/search/?api=1&amp;query=38.108746,-82.7407939">Open in Google Maps</a>]]></description><Point><coordinates>-82.7407939,38.108746,0</coordinates></Point></Placemark>
<Placemark><name>KFF-3840 · KDFWR small-boat/canoe access: Yellowbank WMA</name><styleUrl>#acc_near</styleUrl><description><![CDATA[Yellowbank Creek • Small Boat Only • unpaved parking<br>1.8 mi from the matching POTA park GPS point<br>Nearby point (within 5 mi). It may be outside the area — e.g. Corps of Engineers or other land. Check the official map.<br><a href="https://www.google.com/maps/search/?api=1&amp;query=37.9810629,-86.507454">Open in Google Maps</a>]]></description><Point><coordinates>-86.507454,37.9810629,0</coordinates></Point></Placemark>
<Placemark><name>KFF-4708 · KDFWR small-boat/canoe access: John Nickell Boat Ramp</name><styleUrl>#acc_near</styleUrl><description><![CDATA[Kentucky River - Lower • Small Boat Only • unpaved parking<br>4.5 mi from the matching POTA park GPS point<br>Nearby point (within 5 mi). It may be outside the area — e.g. Corps of Engineers or other land. Check the official map.<br><a href="https://www.google.com/maps/search/?api=1&amp;query=37.770258,-84.525387">Open in Google Maps</a>]]></description><Point><coordinates>-84.525387,37.770258,0</coordinates></Point></Placemark>
<Placemark><name>KFF-4708 · KDFWR small-boat/canoe access: Paint Lick Ramp</name><styleUrl>#acc_near</styleUrl><description><![CDATA[Kentucky River - Lower • Small Boat Only • unpaved parking<br>4.6 mi from the matching POTA park GPS point<br>Nearby point (within 5 mi). It may be outside the area — e.g. Corps of Engineers or other land. Check the official map.<br><a href="https://www.google.com/maps/search/?api=1&amp;query=37.76841,-84.52542">Open in Google Maps</a>]]></description><Point><coordinates>-84.52542,37.76841,0</coordinates></Point></Placemark>
<Placemark><name>KFF-6607 · KDFWR small-boat/canoe access: Audubon State Park</name><styleUrl>#acc_near</styleUrl><description><![CDATA[Audubon State Park Lake • Small Boat Only • paved parking<br>2.3 mi from the matching POTA park GPS point<br>Nearby point (within 5 mi). It may be outside the area — e.g. Corps of Engineers or other land. Check the official map.<br><a href="https://www.google.com/maps/search/?api=1&amp;query=37.878519,-87.561384">Open in Google Maps</a>]]></description><Point><coordinates>-87.561384,37.878519,0</coordinates></Point></Placemark>
<Placemark><name>KFF-6863 · KDFWR small-boat/canoe access: Mill Creek Lake</name><styleUrl>#acc_near</styleUrl><description><![CDATA[Natural Bridge State Park • Small Boat Only • paved parking<br>1.1 mi from the matching POTA park GPS point<br>Nearby point (within 5 mi). It may be outside the area — e.g. Corps of Engineers or other land. Check the official map.<br><a href="https://www.google.com/maps/search/?api=1&amp;query=37.76674,-83.67305">Open in Google Maps</a>]]></description><Point><coordinates>-83.67305,37.76674,0</coordinates></Point></Placemark>
<Placemark><name>KFF-6863 · KDFWR small-boat/canoe access: Hwy 77 Bridge</name><styleUrl>#acc_near</styleUrl><description><![CDATA[Red River • Carrydown Only • unpaved parking<br>4.2 mi from the matching POTA park GPS point<br>Nearby point (within 5 mi). It may be outside the area — e.g. Corps of Engineers or other land. Check the official map.<br><a href="https://www.google.com/maps/search/?api=1&amp;query=37.83338,-83.6599">Open in Google Maps</a>]]></description><Point><coordinates>-83.6599,37.83338,0</coordinates></Point></Placemark>
<Placemark><name>KFF-6864 · KDFWR small-boat/canoe access: Audubon State Park</name><styleUrl>#acc_near</styleUrl><description><![CDATA[Audubon State Park Lake • Small Boat Only • paved parking<br>4.6 mi from the matching POTA park GPS point<br>Nearby point (within 5 mi). It may be outside the area — e.g. Corps of Engineers or other land. Check the official map.<br><a href="https://www.google.com/maps/search/?api=1&amp;query=37.878519,-87.561384">Open in Google Maps</a>]]></description><Point><coordinates>-87.561384,37.878519,0</coordinates></Point></Placemark>
<Placemark><name>KFF-6866 · KDFWR small-boat/canoe access: Chenoa Lake Ramp</name><styleUrl>#acc_near</styleUrl><description><![CDATA[Chenoa Lake • Small Boat Only • unpaved parking<br>1.8 mi from the matching POTA park GPS point<br>Nearby point (within 5 mi). It may be outside the area — e.g. Corps of Engineers or other land. Check the official map.<br><a href="https://www.google.com/maps/search/?api=1&amp;query=36.67619,-83.85247">Open in Google Maps</a>]]></description><Point><coordinates>-83.85247,36.67619,0</coordinates></Point></Placemark>
<Placemark><name>KFF-6869 · KDFWR small-boat/canoe access: Smoky Valley/Carter Caves Lake Ramp</name><styleUrl>#acc_near</styleUrl><description><![CDATA[Smoky Valley/Carter Caves Lake • Small Boat Only • paved parking<br>1.6 mi from the matching POTA park GPS point<br>Nearby point (within 5 mi). It may be outside the area — e.g. Corps of Engineers or other land. Check the official map.<br><a href="https://www.google.com/maps/search/?api=1&amp;query=38.36659,-83.12958">Open in Google Maps</a>]]></description><Point><coordinates>-83.12958,38.36659,0</coordinates></Point></Placemark>
<Placemark><name>KFF-6869 · KDFWR small-boat/canoe access: Carter Caves State Park</name><styleUrl>#acc_near</styleUrl><description><![CDATA[Tygarts Creek • Carrydown Only • unpaved parking<br>2.5 mi from the matching POTA park GPS point<br>Nearby point (within 5 mi). It may be outside the area — e.g. Corps of Engineers or other land. Check the official map.<br><a href="https://www.google.com/maps/search/?api=1&amp;query=38.36759,-83.10891">Open in Google Maps</a>]]></description><Point><coordinates>-83.10891,38.36759,0</coordinates></Point></Placemark>
<Placemark><name>KFF-6870 · KDFWR small-boat/canoe access: Steele Hollow at Bridge</name><styleUrl>#acc_near</styleUrl><description><![CDATA[Little South Fork of Cumberland River • Carrydown Only • unpaved parking<br>0.2 mi from the matching POTA park GPS point<br>Nearby point (within 5 mi). It may be outside the area — e.g. Corps of Engineers or other land. Check the official map.<br><a href="https://www.google.com/maps/search/?api=1&amp;query=36.701215,-84.716291">Open in Google Maps</a>]]></description><Point><coordinates>-84.716291,36.701215,0</coordinates></Point></Placemark>
<Placemark><name>KFF-6870 · KDFWR small-boat/canoe access: Parmleysville Road Carrydown</name><styleUrl>#acc_near</styleUrl><description><![CDATA[Little South Fork of Cumberland River • Carrydown Only • unpaved parking<br>2.5 mi from the matching POTA park GPS point<br>Nearby point (within 5 mi). It may be outside the area — e.g. Corps of Engineers or other land. Check the official map.<br><a href="https://www.google.com/maps/search/?api=1&amp;query=36.683837,-84.756313">Open in Google Maps</a>]]></description><Point><coordinates>-84.756313,36.683837,0</coordinates></Point></Placemark>
<Placemark><name>KFF-6870 · KDFWR small-boat/canoe access: Baldy Road</name><styleUrl>#acc_near</styleUrl><description><![CDATA[Little South Fork of Cumberland River • Carrydown Only • unpaved parking<br>3.0 mi from the matching POTA park GPS point<br>Nearby point (within 5 mi). It may be outside the area — e.g. Corps of Engineers or other land. Check the official map.<br><a href="https://www.google.com/maps/search/?api=1&amp;query=36.738943,-84.694131">Open in Google Maps</a>]]></description><Point><coordinates>-84.694131,36.738943,0</coordinates></Point></Placemark>
<Placemark><name>KFF-6873 · KDFWR small-boat/canoe access: Bee Rock Recreation Area</name><styleUrl>#acc_near</styleUrl><description><![CDATA[Rockcastle River • Small Boat Only • paved parking<br>0.6 mi from the matching POTA park GPS point<br>Nearby point (within 5 mi). It may be outside the area — e.g. Corps of Engineers or other land. Check the official map.<br><a href="https://www.google.com/maps/search/?api=1&amp;query=37.02782,-84.32803">Open in Google Maps</a>]]></description><Point><coordinates>-84.32803,37.02782,0</coordinates></Point></Placemark>
<Placemark><name>KFF-6877 · KDFWR small-boat/canoe access: Blue Licks Battlefield Ramp</name><styleUrl>#acc_near</styleUrl><description><![CDATA[Licking River • Small Boat Only • paved parking<br>0.3 mi from the matching POTA park GPS point<br>Nearby point (within 5 mi). It may be outside the area — e.g. Corps of Engineers or other land. Check the official map.<br><a href="https://www.google.com/maps/search/?api=1&amp;query=38.42845283,-83.99737217">Open in Google Maps</a>]]></description><Point><coordinates>-83.99737217,38.42845283,0</coordinates></Point></Placemark>
<Placemark><name>KFF-6877 · KDFWR small-boat/canoe access: Licking River Fishing Access</name><styleUrl>#acc_near</styleUrl><description><![CDATA[Licking River • Carrydown Only • unpaved parking<br>3.6 mi from the matching POTA park GPS point<br>Nearby point (within 5 mi). It may be outside the area — e.g. Corps of Engineers or other land. Check the official map.<br><a href="https://www.google.com/maps/search/?api=1&amp;query=38.44955,-84.05261">Open in Google Maps</a>]]></description><Point><coordinates>-84.05261,38.44955,0</coordinates></Point></Placemark>
<Placemark><name>KFF-6878 · KDFWR small-boat/canoe access: Barren River Lake WMA Skaggs Creek</name><styleUrl>#acc_near</styleUrl><description><![CDATA[Skaggs Creek • Carrydown Only • unpaved parking<br>1.9 mi from the matching POTA park GPS point<br>Nearby point (within 5 mi). It may be outside the area — e.g. Corps of Engineers or other land. Check the official map.<br><a href="https://www.google.com/maps/search/?api=1&amp;query=36.92368,-85.97097">Open in Google Maps</a>]]></description><Point><coordinates>-85.97097,36.92368,0</coordinates></Point></Placemark>
<Placemark><name>KFF-6878 · KDFWR small-boat/canoe access: Peter Creek Carrydown</name><styleUrl>#acc_near</styleUrl><description><![CDATA[Peter Creek • Carrydown Only • unpaved parking<br>3.4 mi from the matching POTA park GPS point<br>Nearby point (within 5 mi). It may be outside the area — e.g. Corps of Engineers or other land. Check the official map.<br><a href="https://www.google.com/maps/search/?api=1&amp;query=36.85748,-86.014874">Open in Google Maps</a>]]></description><Point><coordinates>-86.014874,36.85748,0</coordinates></Point></Placemark>
<Placemark><name>KFF-6878 · KDFWR small-boat/canoe access: Beaver Creek Ramp BRL</name><styleUrl>#acc_near</styleUrl><description><![CDATA[Barren River Lake • Small Boat Only • paved parking<br>3.4 mi from the matching POTA park GPS point<br>Nearby point (within 5 mi). It may be outside the area — e.g. Corps of Engineers or other land. Check the official map.<br><a href="https://www.google.com/maps/search/?api=1&amp;query=36.928692,-86.029076">Open in Google Maps</a>]]></description><Point><coordinates>-86.029076,36.928692,0</coordinates></Point></Placemark>
<Placemark><name>KFF-6878 · KDFWR small-boat/canoe access: Barren River Lake WMA</name><styleUrl>#acc_near</styleUrl><description><![CDATA[Barren River Lake • Carrydown Only • unpaved parking<br>4.7 mi from the matching POTA park GPS point<br>Nearby point (within 5 mi). It may be outside the area — e.g. Corps of Engineers or other land. Check the official map.<br><a href="https://www.google.com/maps/search/?api=1&amp;query=36.876557,-86.061842">Open in Google Maps</a>]]></description><Point><coordinates>-86.061842,36.876557,0</coordinates></Point></Placemark>
<Placemark><name>KFF-6878 · KDFWR small-boat/canoe access: Narrows Ramp</name><styleUrl>#acc_near</styleUrl><description><![CDATA[Barren River Lake • Small Boat Only • paved parking<br>4.7 mi from the matching POTA park GPS point<br>Nearby point (within 5 mi). It may be outside the area — e.g. Corps of Engineers or other land. Check the official map.<br><a href="https://www.google.com/maps/search/?api=1&amp;query=36.90149,-86.06631">Open in Google Maps</a>]]></description><Point><coordinates>-86.06631,36.90149,0</coordinates></Point></Placemark>
<Placemark><name>KFF-6881 · KDFWR small-boat/canoe access: Munfordville - Stovall Park</name><styleUrl>#acc_near</styleUrl><description><![CDATA[Green River - Upper • Small Boat Only • unpaved parking<br>1.2 mi from the matching POTA park GPS point<br>Nearby point (within 5 mi). It may be outside the area — e.g. Corps of Engineers or other land. Check the official map.<br><a href="https://www.google.com/maps/search/?api=1&amp;query=37.26631,-85.88917">Open in Google Maps</a>]]></description><Point><coordinates>-85.88917,37.26631,0</coordinates></Point></Placemark>
<Placemark><name>KFF-6881 · KDFWR small-boat/canoe access: H.H. Wilson Park</name><styleUrl>#acc_near</styleUrl><description><![CDATA[Green River - Upper • Small Boat Only • unpaved parking<br>4.2 mi from the matching POTA park GPS point<br>Nearby point (within 5 mi). It may be outside the area — e.g. Corps of Engineers or other land. Check the official map.<br><a href="https://www.google.com/maps/search/?api=1&amp;query=37.29793,-85.850581">Open in Google Maps</a>]]></description><Point><coordinates>-85.850581,37.29793,0</coordinates></Point></Placemark>
<Placemark><name>KFF-6884 · KDFWR small-boat/canoe access: Raccoon Ramp</name><styleUrl>#acc_near</styleUrl><description><![CDATA[Little Sandy River • Small Boat Only • unpaved parking<br>2.0 mi from the matching POTA park GPS point<br>Nearby point (within 5 mi). It may be outside the area — e.g. Corps of Engineers or other land. Check the official map.<br><a href="https://www.google.com/maps/search/?api=1&amp;query=38.530194,-82.870624">Open in Google Maps</a>]]></description><Point><coordinates>-82.870624,38.530194,0</coordinates></Point></Placemark>
<Placemark><name>KFF-6884 · KDFWR small-boat/canoe access: Greenup Ramp LSR</name><styleUrl>#acc_near</styleUrl><description><![CDATA[Little Sandy River • Small Boat Only • paved parking<br>2.3 mi from the matching POTA park GPS point<br>Nearby point (within 5 mi). It may be outside the area — e.g. Corps of Engineers or other land. Check the official map.<br><a href="https://www.google.com/maps/search/?api=1&amp;query=38.57981,-82.843">Open in Google Maps</a>]]></description><Point><coordinates>-82.843,38.57981,0</coordinates></Point></Placemark>
<Placemark><name>KFF-6884 · KDFWR small-boat/canoe access: Greenbo Lake State Park</name><styleUrl>#acc_near</styleUrl><description><![CDATA[Greenbo Lake • Small Boat Only • paved parking<br>5.0 mi from the matching POTA park GPS point<br>Nearby point (within 5 mi). It may be outside the area — e.g. Corps of Engineers or other land. Check the official map.<br><a href="https://www.google.com/maps/search/?api=1&amp;query=38.484589,-82.887253">Open in Google Maps</a>]]></description><Point><coordinates>-82.887253,38.484589,0</coordinates></Point></Placemark>
<Placemark><name>KFF-6886 · KDFWR small-boat/canoe access: Stanton Reservoir</name><styleUrl>#acc_near</styleUrl><description><![CDATA[Beech Fork • Small Boat Only • unpaved parking<br>4.3 mi from the matching POTA park GPS point<br>Nearby point (within 5 mi). It may be outside the area — e.g. Corps of Engineers or other land. Check the official map.<br><a href="https://www.google.com/maps/search/?api=1&amp;query=37.86409,-83.89447">Open in Google Maps</a>]]></description><Point><coordinates>-83.89447,37.86409,0</coordinates></Point></Placemark>
<Placemark><name>KFF-7268 · KDFWR small-boat/canoe access: Hwy 715 Bridge Carry-Down</name><styleUrl>#acc_near</styleUrl><description><![CDATA[Red River • Carrydown Only • unpaved parking<br>0.0 mi from the matching POTA park GPS point<br>Nearby point (within 5 mi). It may be outside the area — e.g. Corps of Engineers or other land. Check the official map.<br><a href="https://www.google.com/maps/search/?api=1&amp;query=37.81972,-83.57489">Open in Google Maps</a>]]></description><Point><coordinates>-83.57489,37.81972,0</coordinates></Point></Placemark>
<Placemark><name>KFF-7268 · KDFWR small-boat/canoe access: Hwy 77 Bridge</name><styleUrl>#acc_near</styleUrl><description><![CDATA[Red River • Carrydown Only • unpaved parking<br>4.7 mi from the matching POTA park GPS point<br>Nearby point (within 5 mi). It may be outside the area — e.g. Corps of Engineers or other land. Check the official map.<br><a href="https://www.google.com/maps/search/?api=1&amp;query=37.83338,-83.6599">Open in Google Maps</a>]]></description><Point><coordinates>-83.6599,37.83338,0</coordinates></Point></Placemark>
<Placemark><name>KFF-7270 · KDFWR small-boat/canoe access: Holly Bay Campers Only Ramp</name><styleUrl>#acc_near</styleUrl><description><![CDATA[Laurel River Lake • Small Boat Only • paved parking<br>1.7 mi from the matching POTA park GPS point<br>Nearby point (within 5 mi). It may be outside the area — e.g. Corps of Engineers or other land. Check the official map.<br><a href="https://www.google.com/maps/search/?api=1&amp;query=36.9833,-84.26046">Open in Google Maps</a>]]></description><Point><coordinates>-84.26046,36.9833,0</coordinates></Point></Placemark>
<Placemark><name>KFF-7270 · KDFWR small-boat/canoe access: Craigs Creek Ramp LRL</name><styleUrl>#acc_near</styleUrl><description><![CDATA[Laurel River Lake • Small Boat Only • unpaved parking<br>2.1 mi from the matching POTA park GPS point<br>Nearby point (within 5 mi). It may be outside the area — e.g. Corps of Engineers or other land. Check the official map.<br><a href="https://www.google.com/maps/search/?api=1&amp;query=36.97996,-84.25422">Open in Google Maps</a>]]></description><Point><coordinates>-84.25422,36.97996,0</coordinates></Point></Placemark>
<Placemark><name>KFF-7270 · KDFWR small-boat/canoe access: Bee Rock Recreation Area</name><styleUrl>#acc_near</styleUrl><description><![CDATA[Rockcastle River • Small Boat Only • paved parking<br>3.1 mi from the matching POTA park GPS point<br>Nearby point (within 5 mi). It may be outside the area — e.g. Corps of Engineers or other land. Check the official map.<br><a href="https://www.google.com/maps/search/?api=1&amp;query=37.02782,-84.32803">Open in Google Maps</a>]]></description><Point><coordinates>-84.32803,37.02782,0</coordinates></Point></Placemark>
<Placemark><name>KFF-7270 · KDFWR small-boat/canoe access: Mouth of Laurel Ramp</name><styleUrl>#acc_near</styleUrl><description><![CDATA[Cumberland River • Small Boat Only • unpaved parking<br>3.7 mi from the matching POTA park GPS point<br>Nearby point (within 5 mi). It may be outside the area — e.g. Corps of Engineers or other land. Check the official map.<br><a href="https://www.google.com/maps/search/?api=1&amp;query=36.94517,-84.29581">Open in Google Maps</a>]]></description><Point><coordinates>-84.29581,36.94517,0</coordinates></Point></Placemark>
<Placemark><name>KFF-7270 · KDFWR small-boat/canoe access: Noe's Dock #2</name><styleUrl>#acc_near</styleUrl><description><![CDATA[Cumberland River • Small Boat Only • unpaved parking<br>3.7 mi from the matching POTA park GPS point<br>Nearby point (within 5 mi). It may be outside the area — e.g. Corps of Engineers or other land. Check the official map.<br><a href="https://www.google.com/maps/search/?api=1&amp;query=36.94477,-84.29809">Open in Google Maps</a>]]></description><Point><coordinates>-84.29809,36.94477,0</coordinates></Point></Placemark>
<Placemark><name>KFF-7272 · KDFWR small-boat/canoe access: Airport Ramp</name><styleUrl>#acc_near</styleUrl><description><![CDATA[Levisa Fork of Big Sandy River • Small Boat Only • unpaved parking<br>2.3 mi from the matching POTA park GPS point<br>Nearby point (within 5 mi). It may be outside the area — e.g. Corps of Engineers or other land. Check the official map.<br><a href="https://www.google.com/maps/search/?api=1&amp;query=37.742689,-82.770197">Open in Google Maps</a>]]></description><Point><coordinates>-82.770197,37.742689,0</coordinates></Point></Placemark>
<Placemark><name>KFF-7366 · KDFWR small-boat/canoe access: Vicksburg Ramp</name><styleUrl>#acc_near</styleUrl><description><![CDATA[Lake Barkley Tailwater (Cumberland River) • Small Boat Only • unpaved parking<br>2.8 mi from the matching POTA park GPS point<br>Nearby point (within 5 mi). It may be outside the area — e.g. Corps of Engineers or other land. Check the official map.<br><a href="https://www.google.com/maps/search/?api=1&amp;query=37.187,-88.33218">Open in Google Maps</a>]]></description><Point><coordinates>-88.33218,37.187,0</coordinates></Point></Placemark>
<Placemark><name>KFF-7366 · KDFWR small-boat/canoe access: Smithland Ramp</name><styleUrl>#acc_near</styleUrl><description><![CDATA[Ohio River - West • Small Boat Only • unpaved parking<br>3.3 mi from the matching POTA park GPS point<br>Nearby point (within 5 mi). It may be outside the area — e.g. Corps of Engineers or other land. Check the official map.<br><a href="https://www.google.com/maps/search/?api=1&amp;query=37.142284,-88.407176">Open in Google Maps</a>]]></description><Point><coordinates>-88.407176,37.142284,0</coordinates></Point></Placemark>
<Placemark><name>KFF-7366 · KDFWR small-boat/canoe access: Dyer Creek Ramp</name><styleUrl>#acc_near</styleUrl><description><![CDATA[Ohio River - West • Small Boat Only • paved parking<br>3.9 mi from the matching POTA park GPS point<br>Nearby point (within 5 mi). It may be outside the area — e.g. Corps of Engineers or other land. Check the official map.<br><a href="https://www.google.com/maps/search/?api=1&amp;query=37.161782,-88.416552">Open in Google Maps</a>]]></description><Point><coordinates>-88.416552,37.161782,0</coordinates></Point></Placemark>
<Placemark><name>KFF-7368 · KDFWR small-boat/canoe access: Taz Hole</name><styleUrl>#acc_near</styleUrl><description><![CDATA[Peabody WMA • Small Boat Only • unpaved parking<br>2.2 mi from the matching POTA park GPS point<br>Nearby point (within 5 mi). It may be outside the area — e.g. Corps of Engineers or other land. Check the official map.<br><a href="https://www.google.com/maps/search/?api=1&amp;query=37.287842,-87.371247">Open in Google Maps</a>]]></description><Point><coordinates>-87.371247,37.287842,0</coordinates></Point></Placemark>
<Placemark><name>KFF-7368 · KDFWR small-boat/canoe access: Flat Creek Bottoms</name><styleUrl>#acc_near</styleUrl><description><![CDATA[Peabody WMA • Small Boat Only • unpaved parking<br>3.1 mi from the matching POTA park GPS point<br>Nearby point (within 5 mi). It may be outside the area — e.g. Corps of Engineers or other land. Check the official map.<br><a href="https://www.google.com/maps/search/?api=1&amp;query=37.282261,-87.393242">Open in Google Maps</a>]]></description><Point><coordinates>-87.393242,37.282261,0</coordinates></Point></Placemark>
<Placemark><name>KFF-7368 · KDFWR small-boat/canoe access: Grebe Pond</name><styleUrl>#acc_near</styleUrl><description><![CDATA[Peabody WMA • Small Boat Only • unpaved parking<br>3.3 mi from the matching POTA park GPS point<br>Nearby point (within 5 mi). It may be outside the area — e.g. Corps of Engineers or other land. Check the official map.<br><a href="https://www.google.com/maps/search/?api=1&amp;query=37.286042,-87.318097">Open in Google Maps</a>]]></description><Point><coordinates>-87.318097,37.286042,0</coordinates></Point></Placemark>
<Placemark><name>KFF-7368 · KDFWR small-boat/canoe access: Twogoose Hole</name><styleUrl>#acc_near</styleUrl><description><![CDATA[Peabody WMA • Small Boat Only • unpaved parking<br>3.4 mi from the matching POTA park GPS point<br>Nearby point (within 5 mi). It may be outside the area — e.g. Corps of Engineers or other land. Check the official map.<br><a href="https://www.google.com/maps/search/?api=1&amp;query=37.290442,-87.311356">Open in Google Maps</a>]]></description><Point><coordinates>-87.311356,37.290442,0</coordinates></Point></Placemark>
<Placemark><name>KFF-7368 · KDFWR small-boat/canoe access: Pond River Ramp</name><styleUrl>#acc_near</styleUrl><description><![CDATA[Peabody WMA • Small Boat Only • unpaved parking<br>3.7 mi from the matching POTA park GPS point<br>Nearby point (within 5 mi). It may be outside the area — e.g. Corps of Engineers or other land. Check the official map.<br><a href="https://www.google.com/maps/search/?api=1&amp;query=37.2692,-87.38674">Open in Google Maps</a>]]></description><Point><coordinates>-87.38674,37.2692,0</coordinates></Point></Placemark>
<Placemark><name>KFF-7368 · KDFWR small-boat/canoe access: Merlin Lake 1</name><styleUrl>#acc_near</styleUrl><description><![CDATA[Peabody WMA • Small Boat Only • unpaved parking<br>4.5 mi from the matching POTA park GPS point<br>Nearby point (within 5 mi). It may be outside the area — e.g. Corps of Engineers or other land. Check the official map.<br><a href="https://www.google.com/maps/search/?api=1&amp;query=37.294861,-87.284178">Open in Google Maps</a>]]></description><Point><coordinates>-87.284178,37.294861,0</coordinates></Point></Placemark>
<Placemark><name>KFF-7368 · KDFWR small-boat/canoe access: Merlin Lake 2</name><styleUrl>#acc_near</styleUrl><description><![CDATA[Peabody WMA • Small Boat Only • unpaved parking<br>4.6 mi from the matching POTA park GPS point<br>Nearby point (within 5 mi). It may be outside the area — e.g. Corps of Engineers or other land. Check the official map.<br><a href="https://www.google.com/maps/search/?api=1&amp;query=37.292953,-87.2845">Open in Google Maps</a>]]></description><Point><coordinates>-87.2845,37.292953,0</coordinates></Point></Placemark>
<Placemark><name>KFF-7368 · KDFWR small-boat/canoe access: Merlin Lake 3</name><styleUrl>#acc_near</styleUrl><description><![CDATA[Peabody WMA • Small Boat Only • unpaved parking<br>4.7 mi from the matching POTA park GPS point<br>Nearby point (within 5 mi). It may be outside the area — e.g. Corps of Engineers or other land. Check the official map.<br><a href="https://www.google.com/maps/search/?api=1&amp;query=37.293314,-87.281933">Open in Google Maps</a>]]></description><Point><coordinates>-87.281933,37.293314,0</coordinates></Point></Placemark>
<Placemark><name>KFF-7368 · KDFWR small-boat/canoe access: Merlin Pit</name><styleUrl>#acc_near</styleUrl><description><![CDATA[Peabody WMA • Small Boat Only • unpaved parking<br>4.8 mi from the matching POTA park GPS point<br>Nearby point (within 5 mi). It may be outside the area — e.g. Corps of Engineers or other land. Check the official map.<br><a href="https://www.google.com/maps/search/?api=1&amp;query=37.296483,-87.279456">Open in Google Maps</a>]]></description><Point><coordinates>-87.279456,37.296483,0</coordinates></Point></Placemark>
<Placemark><name>KFF-7368 · KDFWR small-boat/canoe access: WCL1 Lake</name><styleUrl>#acc_near</styleUrl><description><![CDATA[Peabody WMA • Small Boat Only • unpaved parking<br>5.0 mi from the matching POTA park GPS point<br>Nearby point (within 5 mi). It may be outside the area — e.g. Corps of Engineers or other land. Check the official map.<br><a href="https://www.google.com/maps/search/?api=1&amp;query=37.257119,-87.408653">Open in Google Maps</a>]]></description><Point><coordinates>-87.408653,37.257119,0</coordinates></Point></Placemark>
<Placemark><name>KFF-7370 · KDFWR small-boat/canoe access: Four Mile Ramp</name><styleUrl>#acc_near</styleUrl><description><![CDATA[Cumberland River • Small Boat Only • unpaved parking<br>1.7 mi from the matching POTA park GPS point<br>Nearby point (within 5 mi). It may be outside the area — e.g. Corps of Engineers or other land. Check the official map.<br><a href="https://www.google.com/maps/search/?api=1&amp;query=36.79299,-83.753424">Open in Google Maps</a>]]></description><Point><coordinates>-83.753424,36.79299,0</coordinates></Point></Placemark>
</Folder>
<Folder><name>Nearby access (check ownership) — State Parks trailhead</name>
<Placemark><name>KFF-1252 · State Parks trailhead: Columbus-Belmont</name><styleUrl>#acc_near</styleUrl><description><![CDATA[Trail: Nature Trail; parking: yes<br>0.0 mi from the matching POTA park GPS point<br>Nearby point (within 5 mi). It may be outside the area — e.g. Corps of Engineers or other land. Check the official map.<br><a href="https://www.google.com/maps/search/?api=1&amp;query=36.766116,-89.110173">Open in Google Maps</a>]]></description><Point><coordinates>-89.110173,36.766116,0</coordinates></Point></Placemark>
<Placemark><name>KFF-1252 · State Parks trailhead: Confederate Trenches</name><styleUrl>#acc_near</styleUrl><description><![CDATA[Trail: Trench Trail; parking: yes<br>0.1 mi from the matching POTA park GPS point<br>Nearby point (within 5 mi). It may be outside the area — e.g. Corps of Engineers or other land. Check the official map.<br><a href="https://www.google.com/maps/search/?api=1&amp;query=36.766578,-89.110946">Open in Google Maps</a>]]></description><Point><coordinates>-89.110946,36.766578,0</coordinates></Point></Placemark>
<Placemark><name>KFF-1254 · State Parks trailhead: Fitness</name><styleUrl>#acc_near</styleUrl><description><![CDATA[parking: yes<br>0.1 mi from the matching POTA park GPS point<br>Nearby point (within 5 mi). It may be outside the area — e.g. Corps of Engineers or other land. Check the official map.<br><a href="https://www.google.com/maps/search/?api=1&amp;query=38.285483,-85.557075">Open in Google Maps</a>]]></description><Point><coordinates>-85.557075,38.285483,0</coordinates></Point></Placemark>
<Placemark><name>KFF-1254 · State Parks trailhead: Goose Creek Trail</name><styleUrl>#acc_near</styleUrl><description><![CDATA[parking: no<br>0.2 mi from the matching POTA park GPS point<br>Nearby point (within 5 mi). It may be outside the area — e.g. Corps of Engineers or other land. Check the official map.<br><a href="https://www.google.com/maps/search/?api=1&amp;query=38.283587,-85.560387">Open in Google Maps</a>]]></description><Point><coordinates>-85.560387,38.283587,0</coordinates></Point></Placemark>
<Placemark><name>KFF-1254 · State Parks trailhead: None</name><styleUrl>#acc_near</styleUrl><description><![CDATA[Trail: Fitness Trail; parking: yes<br>0.3 mi from the matching POTA park GPS point<br>Nearby point (within 5 mi). It may be outside the area — e.g. Corps of Engineers or other land. Check the official map.<br><a href="https://www.google.com/maps/search/?api=1&amp;query=38.281919,-85.555675">Open in Google Maps</a>]]></description><Point><coordinates>-85.555675,38.281919,0</coordinates></Point></Placemark>
<Placemark><name>KFF-1254 · State Parks trailhead: Goose Creek Trail (Hurstbourne Side)</name><styleUrl>#acc_near</styleUrl><description><![CDATA[Trail: Goose Creek Trail; parking: yes<br>0.6 mi from the matching POTA park GPS point<br>Nearby point (within 5 mi). It may be outside the area — e.g. Corps of Engineers or other land. Check the official map.<br><a href="https://www.google.com/maps/search/?api=1&amp;query=38.279915,-85.565093">Open in Google Maps</a>]]></description><Point><coordinates>-85.565093,38.279915,0</coordinates></Point></Placemark>
<Placemark><name>KFF-1254 · State Parks trailhead: Vernal Pond</name><styleUrl>#acc_near</styleUrl><description><![CDATA[parking: yes<br>0.6 mi from the matching POTA park GPS point<br>Nearby point (within 5 mi). It may be outside the area — e.g. Corps of Engineers or other land. Check the official map.<br><a href="https://www.google.com/maps/search/?api=1&amp;query=38.278482,-85.553372">Open in Google Maps</a>]]></description><Point><coordinates>-85.553372,38.278482,0</coordinates></Point></Placemark>
<Placemark><name>KFF-1254 · State Parks trailhead: Biking</name><styleUrl>#acc_near</styleUrl><description><![CDATA[parking: no<br>0.7 mi from the matching POTA park GPS point<br>Nearby point (within 5 mi). It may be outside the area — e.g. Corps of Engineers or other land. Check the official map.<br><a href="https://www.google.com/maps/search/?api=1&amp;query=38.277158,-85.554243">Open in Google Maps</a>]]></description><Point><coordinates>-85.554243,38.277158,0</coordinates></Point></Placemark>
<Placemark><name>KFF-1256 · State Parks trailhead: Fort Parking Lot</name><styleUrl>#acc_near</styleUrl><description><![CDATA[Trail: Fort; parking: yes<br>0.1 mi from the matching POTA park GPS point<br>Nearby point (within 5 mi). It may be outside the area — e.g. Corps of Engineers or other land. Check the official map.<br><a href="https://www.google.com/maps/search/?api=1&amp;query=37.893949,-84.271633">Open in Google Maps</a>]]></description><Point><coordinates>-84.271633,37.893949,0</coordinates></Point></Placemark>
<Placemark><name>KFF-1256 · State Parks trailhead: Shelter 4</name><styleUrl>#acc_near</styleUrl><description><![CDATA[Trail: Fort; parking: yes<br>0.3 mi from the matching POTA park GPS point<br>Nearby point (within 5 mi). It may be outside the area — e.g. Corps of Engineers or other land. Check the official map.<br><a href="https://www.google.com/maps/search/?api=1&amp;query=37.895546,-84.267674">Open in Google Maps</a>]]></description><Point><coordinates>-84.267674,37.895546,0</coordinates></Point></Placemark>
<Placemark><name>KFF-1256 · State Parks trailhead: Shelter 4 Parking Lot</name><styleUrl>#acc_near</styleUrl><description><![CDATA[Trail: Halley Home Site; parking: yes<br>0.3 mi from the matching POTA park GPS point<br>Nearby point (within 5 mi). It may be outside the area — e.g. Corps of Engineers or other land. Check the official map.<br><a href="https://www.google.com/maps/search/?api=1&amp;query=37.896301,-84.268014">Open in Google Maps</a>]]></description><Point><coordinates>-84.268014,37.896301,0</coordinates></Point></Placemark>
<Placemark><name>KFF-1256 · State Parks trailhead: Campground</name><styleUrl>#acc_near</styleUrl><description><![CDATA[Trail: Pioneer Forage; parking: no<br>0.4 mi from the matching POTA park GPS point<br>Nearby point (within 5 mi). It may be outside the area — e.g. Corps of Engineers or other land. Check the official map.<br><a href="https://www.google.com/maps/search/?api=1&amp;query=37.897531,-84.268308">Open in Google Maps</a>]]></description><Point><coordinates>-84.268308,37.897531,0</coordinates></Point></Placemark>
<Placemark><name>KFF-1257 · State Parks trailhead: Shelter 1</name><styleUrl>#acc_near</styleUrl><description><![CDATA[Trail: Point Isabel; parking: no<br>0.0 mi from the matching POTA park GPS point<br>Nearby point (within 5 mi). It may be outside the area — e.g. Corps of Engineers or other land. Check the official map.<br><a href="https://www.google.com/maps/search/?api=1&amp;query=36.973578,-84.598549">Open in Google Maps</a>]]></description><Point><coordinates>-84.598549,36.973578,0</coordinates></Point></Placemark>
<Placemark><name>KFF-1257 · State Parks trailhead: Shelter 2</name><styleUrl>#acc_near</styleUrl><description><![CDATA[Trail: Point Isabel; parking: yes<br>0.5 mi from the matching POTA park GPS point<br>Nearby point (within 5 mi). It may be outside the area — e.g. Corps of Engineers or other land. Check the official map.<br><a href="https://www.google.com/maps/search/?api=1&amp;query=36.980041,-84.600508">Open in Google Maps</a>]]></description><Point><coordinates>-84.600508,36.980041,0</coordinates></Point></Placemark>
<Placemark><name>KFF-1257 · State Parks trailhead: Campground</name><styleUrl>#acc_near</styleUrl><description><![CDATA[Trail: Point Isabel; parking: yes<br>0.7 mi from the matching POTA park GPS point<br>Nearby point (within 5 mi). It may be outside the area — e.g. Corps of Engineers or other land. Check the official map.<br><a href="https://www.google.com/maps/search/?api=1&amp;query=36.982423,-84.604199">Open in Google Maps</a>]]></description><Point><coordinates>-84.604199,36.982423,0</coordinates></Point></Placemark>
<Placemark><name>KFF-1258 · State Parks trailhead: Beech Hemlock</name><styleUrl>#acc_near</styleUrl><description><![CDATA[parking: no<br>0.1 mi from the matching POTA park GPS point<br>Nearby point (within 5 mi). It may be outside the area — e.g. Corps of Engineers or other land. Check the official map.<br><a href="https://www.google.com/maps/search/?api=1&amp;query=38.199185,-83.024129">Open in Google Maps</a>]]></description><Point><coordinates>-83.024129,38.199185,0</coordinates></Point></Placemark>
<Placemark><name>KFF-1258 · State Parks trailhead: Lick Falls Loop</name><styleUrl>#acc_near</styleUrl><description><![CDATA[parking: yes<br>0.2 mi from the matching POTA park GPS point<br>Nearby point (within 5 mi). It may be outside the area — e.g. Corps of Engineers or other land. Check the official map.<br><a href="https://www.google.com/maps/search/?api=1&amp;query=38.201392,-83.029549">Open in Google Maps</a>]]></description><Point><coordinates>-83.029549,38.201392,0</coordinates></Point></Placemark>
<Placemark><name>KFF-1259 · State Parks trailhead: Marina/Main</name><styleUrl>#acc_near</styleUrl><description><![CDATA[Trail: Main; parking: yes<br>0.1 mi from the matching POTA park GPS point<br>Nearby point (within 5 mi). It may be outside the area — e.g. Corps of Engineers or other land. Check the official map.<br><a href="https://www.google.com/maps/search/?api=1&amp;query=37.2706,-85.31551">Open in Google Maps</a>]]></description><Point><coordinates>-85.31551,37.2706,0</coordinates></Point></Placemark>
<Placemark><name>KFF-1259 · State Parks trailhead: Windy Ridge</name><styleUrl>#acc_near</styleUrl><description><![CDATA[parking: yes<br>0.2 mi from the matching POTA park GPS point<br>Nearby point (within 5 mi). It may be outside the area — e.g. Corps of Engineers or other land. Check the official map.<br><a href="https://www.google.com/maps/search/?api=1&amp;query=37.274396,-85.318036">Open in Google Maps</a>]]></description><Point><coordinates>-85.318036,37.274396,0</coordinates></Point></Placemark>
<Placemark><name>KFF-1259 · State Parks trailhead: Windy Ridge</name><styleUrl>#acc_near</styleUrl><description><![CDATA[parking: yes<br>0.5 mi from the matching POTA park GPS point<br>Nearby point (within 5 mi). It may be outside the area — e.g. Corps of Engineers or other land. Check the official map.<br><a href="https://www.google.com/maps/search/?api=1&amp;query=37.277505,-85.321347">Open in Google Maps</a>]]></description><Point><coordinates>-85.321347,37.277505,0</coordinates></Point></Placemark>
<Placemark><name>KFF-1259 · State Parks trailhead: Bike</name><styleUrl>#acc_near</styleUrl><description><![CDATA[Trail: Lakeshore; parking: yes<br>0.7 mi from the matching POTA park GPS point<br>Nearby point (within 5 mi). It may be outside the area — e.g. Corps of Engineers or other land. Check the official map.<br><a href="https://www.google.com/maps/search/?api=1&amp;query=37.276728,-85.328053">Open in Google Maps</a>]]></description><Point><coordinates>-85.328053,37.276728,0</coordinates></Point></Placemark>
<Placemark><name>KFF-1259 · State Parks trailhead: Horse</name><styleUrl>#acc_near</styleUrl><description><![CDATA[Trail: Wildcat; parking: yes<br>1.7 mi from the matching POTA park GPS point<br>Nearby point (within 5 mi). It may be outside the area — e.g. Corps of Engineers or other land. Check the official map.<br><a href="https://www.google.com/maps/search/?api=1&amp;query=37.28265,-85.34617">Open in Google Maps</a>]]></description><Point><coordinates>-85.34617,37.28265,0</coordinates></Point></Placemark>
<Placemark><name>KFF-1260 · State Parks trailhead: Eagle Glen Pet</name><styleUrl>#acc_near</styleUrl><description><![CDATA[parking: no<br>0.1 mi from the matching POTA park GPS point<br>Nearby point (within 5 mi). It may be outside the area — e.g. Corps of Engineers or other land. Check the official map.<br><a href="https://www.google.com/maps/search/?api=1&amp;query=37.881445,-87.561469">Open in Google Maps</a>]]></description><Point><coordinates>-87.561469,37.881445,0</coordinates></Point></Placemark>
<Placemark><name>KFF-1260 · State Parks trailhead: King Benson</name><styleUrl>#acc_near</styleUrl><description><![CDATA[parking: yes<br>0.2 mi from the matching POTA park GPS point<br>Nearby point (within 5 mi). It may be outside the area — e.g. Corps of Engineers or other land. Check the official map.<br><a href="https://www.google.com/maps/search/?api=1&amp;query=37.882292,-87.557287">Open in Google Maps</a>]]></description><Point><coordinates>-87.557287,37.882292,0</coordinates></Point></Placemark>
<Placemark><name>KFF-1260 · State Parks trailhead: Eagle Glen Pet</name><styleUrl>#acc_near</styleUrl><description><![CDATA[parking: yes<br>0.2 mi from the matching POTA park GPS point<br>Nearby point (within 5 mi). It may be outside the area — e.g. Corps of Engineers or other land. Check the official map.<br><a href="https://www.google.com/maps/search/?api=1&amp;query=37.883733,-87.558525">Open in Google Maps</a>]]></description><Point><coordinates>-87.558525,37.883733,0</coordinates></Point></Placemark>
<Placemark><name>KFF-1260 · State Parks trailhead: Kentucky Coffee Tree</name><styleUrl>#acc_near</styleUrl><description><![CDATA[parking: no<br>0.2 mi from the matching POTA park GPS point<br>Nearby point (within 5 mi). It may be outside the area — e.g. Corps of Engineers or other land. Check the official map.<br><a href="https://www.google.com/maps/search/?api=1&amp;query=37.88243,-87.556149">Open in Google Maps</a>]]></description><Point><coordinates>-87.556149,37.88243,0</coordinates></Point></Placemark>
<Placemark><name>KFF-1260 · State Parks trailhead: Museum</name><styleUrl>#acc_near</styleUrl><description><![CDATA[parking: yes<br>0.2 mi from the matching POTA park GPS point<br>Nearby point (within 5 mi). It may be outside the area — e.g. Corps of Engineers or other land. Check the official map.<br><a href="https://www.google.com/maps/search/?api=1&amp;query=37.88325,-87.556739">Open in Google Maps</a>]]></description><Point><coordinates>-87.556739,37.88325,0</coordinates></Point></Placemark>
<Placemark><name>KFF-1260 · State Parks trailhead: Wilderness Lake</name><styleUrl>#acc_near</styleUrl><description><![CDATA[parking: yes<br>0.4 mi from the matching POTA park GPS point<br>Nearby point (within 5 mi). It may be outside the area — e.g. Corps of Engineers or other land. Check the official map.<br><a href="https://www.google.com/maps/search/?api=1&amp;query=37.881604,-87.552831">Open in Google Maps</a>]]></description><Point><coordinates>-87.552831,37.881604,0</coordinates></Point></Placemark>
<Placemark><name>KFF-1260 · State Parks trailhead: Wilderness Lake</name><styleUrl>#acc_near</styleUrl><description><![CDATA[parking: no<br>0.6 mi from the matching POTA park GPS point<br>Nearby point (within 5 mi). It may be outside the area — e.g. Corps of Engineers or other land. Check the official map.<br><a href="https://www.google.com/maps/search/?api=1&amp;query=37.883519,-87.54849">Open in Google Maps</a>]]></description><Point><coordinates>-87.54849,37.883519,0</coordinates></Point></Placemark>
<Placemark><name>KFF-1260 · State Parks trailhead: Backcountry</name><styleUrl>#acc_near</styleUrl><description><![CDATA[parking: yes<br>0.7 mi from the matching POTA park GPS point<br>Nearby point (within 5 mi). It may be outside the area — e.g. Corps of Engineers or other land. Check the official map.<br><a href="https://www.google.com/maps/search/?api=1&amp;query=37.882273,-87.547337">Open in Google Maps</a>]]></description><Point><coordinates>-87.547337,37.882273,0</coordinates></Point></Placemark>
<Placemark><name>KFF-1260 · State Parks trailhead: Wetlands</name><styleUrl>#acc_near</styleUrl><description><![CDATA[parking: yes<br>1.2 mi from the matching POTA park GPS point<br>Nearby point (within 5 mi). It may be outside the area — e.g. Corps of Engineers or other land. Check the official map.<br><a href="https://www.google.com/maps/search/?api=1&amp;query=37.889907,-87.539844">Open in Google Maps</a>]]></description><Point><coordinates>-87.539844,37.889907,0</coordinates></Point></Placemark>
<Placemark><name>KFF-1261 · State Parks trailhead: Recreation</name><styleUrl>#acc_near</styleUrl><description><![CDATA[Trail: Iron Wood &amp; Spice Bush; parking: yes<br>0.2 mi from the matching POTA park GPS point<br>Nearby point (within 5 mi). It may be outside the area — e.g. Corps of Engineers or other land. Check the official map.<br><a href="https://www.google.com/maps/search/?api=1&amp;query=38.724225,-84.283587">Open in Google Maps</a>]]></description><Point><coordinates>-84.283587,38.724225,0</coordinates></Point></Placemark>
<Placemark><name>KFF-1261 · State Parks trailhead: Campground</name><styleUrl>#acc_near</styleUrl><description><![CDATA[Trail: Iron Wood &amp; Spice Bush; parking: no<br>0.2 mi from the matching POTA park GPS point<br>Nearby point (within 5 mi). It may be outside the area — e.g. Corps of Engineers or other land. Check the official map.<br><a href="https://www.google.com/maps/search/?api=1&amp;query=38.723577,-84.281664">Open in Google Maps</a>]]></description><Point><coordinates>-84.281664,38.723577,0</coordinates></Point></Placemark>
<Placemark><name>KFF-1262 · State Parks trailhead: Log Rock</name><styleUrl>#acc_near</styleUrl><description><![CDATA[parking: yes<br>0.0 mi from the matching POTA park GPS point<br>Nearby point (within 5 mi). It may be outside the area — e.g. Corps of Engineers or other land. Check the official map.<br><a href="https://www.google.com/maps/search/?api=1&amp;query=36.991783,-82.979169">Open in Google Maps</a>]]></description><Point><coordinates>-82.979169,36.991783,0</coordinates></Point></Placemark>
<Placemark><name>KFF-1262 · State Parks trailhead: Horseshoe</name><styleUrl>#acc_near</styleUrl><description><![CDATA[parking: yes<br>0.1 mi from the matching POTA park GPS point<br>Nearby point (within 5 mi). It may be outside the area — e.g. Corps of Engineers or other land. Check the official map.<br><a href="https://www.google.com/maps/search/?api=1&amp;query=36.993035,-82.979221">Open in Google Maps</a>]]></description><Point><coordinates>-82.979221,36.993035,0</coordinates></Point></Placemark>
<Placemark><name>KFF-1262 · State Parks trailhead: Pine</name><styleUrl>#acc_near</styleUrl><description><![CDATA[parking: yes<br>0.2 mi from the matching POTA park GPS point<br>Nearby point (within 5 mi). It may be outside the area — e.g. Corps of Engineers or other land. Check the official map.<br><a href="https://www.google.com/maps/search/?api=1&amp;query=36.994483,-82.979267">Open in Google Maps</a>]]></description><Point><coordinates>-82.979267,36.994483,0</coordinates></Point></Placemark>
<Placemark><name>KFF-1262 · State Parks trailhead: Groundhog</name><styleUrl>#acc_near</styleUrl><description><![CDATA[parking: no<br>0.2 mi from the matching POTA park GPS point<br>Nearby point (within 5 mi). It may be outside the area — e.g. Corps of Engineers or other land. Check the official map.<br><a href="https://www.google.com/maps/search/?api=1&amp;query=36.995276,-82.978899">Open in Google Maps</a>]]></description><Point><coordinates>-82.978899,36.995276,0</coordinates></Point></Placemark>
<Placemark><name>KFF-1262 · State Parks trailhead: Laurel</name><styleUrl>#acc_near</styleUrl><description><![CDATA[parking: no<br>0.3 mi from the matching POTA park GPS point<br>Nearby point (within 5 mi). It may be outside the area — e.g. Corps of Engineers or other land. Check the official map.<br><a href="https://www.google.com/maps/search/?api=1&amp;query=36.990634,-82.984789">Open in Google Maps</a>]]></description><Point><coordinates>-82.984789,36.990634,0</coordinates></Point></Placemark>
<Placemark><name>KFF-1262 · State Parks trailhead: Log Rock</name><styleUrl>#acc_near</styleUrl><description><![CDATA[parking: yes<br>0.3 mi from the matching POTA park GPS point<br>Nearby point (within 5 mi). It may be outside the area — e.g. Corps of Engineers or other land. Check the official map.<br><a href="https://www.google.com/maps/search/?api=1&amp;query=36.989094,-82.983957">Open in Google Maps</a>]]></description><Point><coordinates>-82.983957,36.989094,0</coordinates></Point></Placemark>
<Placemark><name>KFF-1262 · State Parks trailhead: Turkey</name><styleUrl>#acc_near</styleUrl><description><![CDATA[parking: no<br>0.4 mi from the matching POTA park GPS point<br>Nearby point (within 5 mi). It may be outside the area — e.g. Corps of Engineers or other land. Check the official map.<br><a href="https://www.google.com/maps/search/?api=1&amp;query=36.997218,-82.982309">Open in Google Maps</a>]]></description><Point><coordinates>-82.982309,36.997218,0</coordinates></Point></Placemark>
<Placemark><name>KFF-1262 · State Parks trailhead: Saltess</name><styleUrl>#acc_near</styleUrl><description><![CDATA[Trail: Saltess / Pine Mountain State Scenic Trail; parking: yes<br>0.4 mi from the matching POTA park GPS point<br>Nearby point (within 5 mi). It may be outside the area — e.g. Corps of Engineers or other land. Check the official map.<br><a href="https://www.google.com/maps/search/?api=1&amp;query=36.997696,-82.981499">Open in Google Maps</a>]]></description><Point><coordinates>-82.981499,36.997696,0</coordinates></Point></Placemark>
<Placemark><name>KFF-1262 · State Parks trailhead: 12 O'Clock</name><styleUrl>#acc_near</styleUrl><description><![CDATA[Trail: 12 O'Clock / Pine Mountain State Scenic Trail; parking: no<br>0.4 mi from the matching POTA park GPS point<br>Nearby point (within 5 mi). It may be outside the area — e.g. Corps of Engineers or other land. Check the official map.<br><a href="https://www.google.com/maps/search/?api=1&amp;query=36.997721,-82.982923">Open in Google Maps</a>]]></description><Point><coordinates>-82.982923,36.997721,0</coordinates></Point></Placemark>
<Placemark><name>KFF-1262 · State Parks trailhead: Possum</name><styleUrl>#acc_near</styleUrl><description><![CDATA[parking: yes<br>0.5 mi from the matching POTA park GPS point<br>Nearby point (within 5 mi). It may be outside the area — e.g. Corps of Engineers or other land. Check the official map.<br><a href="https://www.google.com/maps/search/?api=1&amp;query=36.997609,-82.985162">Open in Google Maps</a>]]></description><Point><coordinates>-82.985162,36.997609,0</coordinates></Point></Placemark>
<Placemark><name>KFF-1262 · State Parks trailhead: Nature Haven</name><styleUrl>#acc_near</styleUrl><description><![CDATA[parking: no<br>0.6 mi from the matching POTA park GPS point<br>Nearby point (within 5 mi). It may be outside the area — e.g. Corps of Engineers or other land. Check the official map.<br><a href="https://www.google.com/maps/search/?api=1&amp;query=36.99709,-82.98959">Open in Google Maps</a>]]></description><Point><coordinates>-82.98959,36.99709,0</coordinates></Point></Placemark>
<Placemark><name>KFF-1263 · State Parks trailhead: Laurel</name><styleUrl>#acc_near</styleUrl><description><![CDATA[parking: yes<br>0.8 mi from the matching POTA park GPS point<br>Nearby point (within 5 mi). It may be outside the area — e.g. Corps of Engineers or other land. Check the official map.<br><a href="https://www.google.com/maps/search/?api=1&amp;query=37.074942,-87.040851">Open in Google Maps</a>]]></description><Point><coordinates>-87.040851,37.074942,0</coordinates></Point></Placemark>
<Placemark><name>KFF-1263 · State Parks trailhead: Laurel</name><styleUrl>#acc_near</styleUrl><description><![CDATA[parking: yes<br>1.0 mi from the matching POTA park GPS point<br>Nearby point (within 5 mi). It may be outside the area — e.g. Corps of Engineers or other land. Check the official map.<br><a href="https://www.google.com/maps/search/?api=1&amp;query=37.073926,-87.038023">Open in Google Maps</a>]]></description><Point><coordinates>-87.038023,37.073926,0</coordinates></Point></Placemark>
<Placemark><name>KFF-1263 · State Parks trailhead: Wildflower</name><styleUrl>#acc_near</styleUrl><description><![CDATA[parking: yes<br>1.0 mi from the matching POTA park GPS point<br>Nearby point (within 5 mi). It may be outside the area — e.g. Corps of Engineers or other land. Check the official map.<br><a href="https://www.google.com/maps/search/?api=1&amp;query=37.074532,-87.03777">Open in Google Maps</a>]]></description><Point><coordinates>-87.03777,37.074532,0</coordinates></Point></Placemark>
<Placemark><name>KFF-1263 · State Parks trailhead: Wildflower</name><styleUrl>#acc_near</styleUrl><description><![CDATA[parking: no<br>1.0 mi from the matching POTA park GPS point<br>Nearby point (within 5 mi). It may be outside the area — e.g. Corps of Engineers or other land. Check the official map.<br><a href="https://www.google.com/maps/search/?api=1&amp;query=37.076365,-87.037944">Open in Google Maps</a>]]></description><Point><coordinates>-87.037944,37.076365,0</coordinates></Point></Placemark>
<Placemark><name>KFF-1268 · State Parks trailhead: Waterfall Hiking Trail</name><styleUrl>#acc_near</styleUrl><description><![CDATA[parking: yes<br>0.1 mi from the matching POTA park GPS point<br>Nearby point (within 5 mi). It may be outside the area — e.g. Corps of Engineers or other land. Check the official map.<br><a href="https://www.google.com/maps/search/?api=1&amp;query=37.298028,-86.213282">Open in Google Maps</a>]]></description><Point><coordinates>-86.213282,37.298028,0</coordinates></Point></Placemark>
<Placemark><name>KFF-1271 · State Parks trailhead: Wildlife Viewing Loop</name><styleUrl>#acc_near</styleUrl><description><![CDATA[parking: yes<br>0.1 mi from the matching POTA park GPS point<br>Nearby point (within 5 mi). It may be outside the area — e.g. Corps of Engineers or other land. Check the official map.<br><a href="https://www.google.com/maps/search/?api=1&amp;query=38.029858,-85.24836">Open in Google Maps</a>]]></description><Point><coordinates>-85.24836,38.029858,0</coordinates></Point></Placemark>
<Placemark><name>KFF-1271 · State Parks trailhead: Day Use Area</name><styleUrl>#acc_near</styleUrl><description><![CDATA[Trail: Possum Ridge Loop/Snyder Hollow; parking: yes<br>0.3 mi from the matching POTA park GPS point<br>Nearby point (within 5 mi). It may be outside the area — e.g. Corps of Engineers or other land. Check the official map.<br><a href="https://www.google.com/maps/search/?api=1&amp;query=38.031265,-85.245282">Open in Google Maps</a>]]></description><Point><coordinates>-85.245282,38.031265,0</coordinates></Point></Placemark>
<Placemark><name>KFF-1271 · State Parks trailhead: Little Beech</name><styleUrl>#acc_near</styleUrl><description><![CDATA[parking: no<br>0.3 mi from the matching POTA park GPS point<br>Nearby point (within 5 mi). It may be outside the area — e.g. Corps of Engineers or other land. Check the official map.<br><a href="https://www.google.com/maps/search/?api=1&amp;query=38.028494,-85.255647">Open in Google Maps</a>]]></description><Point><coordinates>-85.255647,38.028494,0</coordinates></Point></Placemark>
<Placemark><name>KFF-1271 · State Parks trailhead: Snyder Hollow</name><styleUrl>#acc_near</styleUrl><description><![CDATA[parking: yes<br>0.4 mi from the matching POTA park GPS point<br>Nearby point (within 5 mi). It may be outside the area — e.g. Corps of Engineers or other land. Check the official map.<br><a href="https://www.google.com/maps/search/?api=1&amp;query=38.032057,-85.24315">Open in Google Maps</a>]]></description><Point><coordinates>-85.24315,38.032057,0</coordinates></Point></Placemark>
<Placemark><name>KFF-1271 · State Parks trailhead: Primitive Camp Access</name><styleUrl>#acc_near</styleUrl><description><![CDATA[Trail: Primitive Access; parking: no<br>0.4 mi from the matching POTA park GPS point<br>Nearby point (within 5 mi). It may be outside the area — e.g. Corps of Engineers or other land. Check the official map.<br><a href="https://www.google.com/maps/search/?api=1&amp;query=38.033407,-85.255926">Open in Google Maps</a>]]></description><Point><coordinates>-85.255926,38.033407,0</coordinates></Point></Placemark>
<Placemark><name>KFF-1271 · State Parks trailhead: Horse Camp Trail Access 2</name><styleUrl>#acc_near</styleUrl><description><![CDATA[parking: no<br>0.5 mi from the matching POTA park GPS point<br>Nearby point (within 5 mi). It may be outside the area — e.g. Corps of Engineers or other land. Check the official map.<br><a href="https://www.google.com/maps/search/?api=1&amp;query=38.031832,-85.257743">Open in Google Maps</a>]]></description><Point><coordinates>-85.257743,38.031832,0</coordinates></Point></Placemark>
<Placemark><name>KFF-1271 · State Parks trailhead: Horse Camp Trail Access 1</name><styleUrl>#acc_near</styleUrl><description><![CDATA[parking: no<br>0.5 mi from the matching POTA park GPS point<br>Nearby point (within 5 mi). It may be outside the area — e.g. Corps of Engineers or other land. Check the official map.<br><a href="https://www.google.com/maps/search/?api=1&amp;query=38.033909,-85.257949">Open in Google Maps</a>]]></description><Point><coordinates>-85.257949,38.033909,0</coordinates></Point></Placemark>
<Placemark><name>KFF-1271 · State Parks trailhead: Gazebo</name><styleUrl>#acc_near</styleUrl><description><![CDATA[parking: no<br>0.7 mi from the matching POTA park GPS point<br>Nearby point (within 5 mi). It may be outside the area — e.g. Corps of Engineers or other land. Check the official map.<br><a href="https://www.google.com/maps/search/?api=1&amp;query=38.031269,-85.262396">Open in Google Maps</a>]]></description><Point><coordinates>-85.262396,38.031269,0</coordinates></Point></Placemark>
<Placemark><name>KFF-1271 · State Parks trailhead: Old Hill Climb</name><styleUrl>#acc_near</styleUrl><description><![CDATA[parking: yes<br>0.8 mi from the matching POTA park GPS point<br>Nearby point (within 5 mi). It may be outside the area — e.g. Corps of Engineers or other land. Check the official map.<br><a href="https://www.google.com/maps/search/?api=1&amp;query=38.024739,-85.263458">Open in Google Maps</a>]]></description><Point><coordinates>-85.263458,38.024739,0</coordinates></Point></Placemark>
<Placemark><name>KFF-1271 · State Parks trailhead: Big Beech</name><styleUrl>#acc_near</styleUrl><description><![CDATA[parking: no<br>0.9 mi from the matching POTA park GPS point<br>Nearby point (within 5 mi). It may be outside the area — e.g. Corps of Engineers or other land. Check the official map.<br><a href="https://www.google.com/maps/search/?api=1&amp;query=38.025206,-85.265129">Open in Google Maps</a>]]></description><Point><coordinates>-85.265129,38.025206,0</coordinates></Point></Placemark>
<Placemark><name>KFF-1272 · State Parks trailhead: R &amp; R Trail</name><styleUrl>#acc_near</styleUrl><description><![CDATA[Trail: R &amp; R; parking: yes<br>0.1 mi from the matching POTA park GPS point<br>Nearby point (within 5 mi). It may be outside the area — e.g. Corps of Engineers or other land. Check the official map.<br><a href="https://www.google.com/maps/search/?api=1&amp;query=38.097164,-82.683605">Open in Google Maps</a>]]></description><Point><coordinates>-82.683605,38.097164,0</coordinates></Point></Placemark>
<Placemark><name>KFF-1272 · State Parks trailhead: R &amp; R Trail</name><styleUrl>#acc_near</styleUrl><description><![CDATA[Trail: R &amp; R; parking: yes<br>0.2 mi from the matching POTA park GPS point<br>Nearby point (within 5 mi). It may be outside the area — e.g. Corps of Engineers or other land. Check the official map.<br><a href="https://www.google.com/maps/search/?api=1&amp;query=38.098717,-82.683696">Open in Google Maps</a>]]></description><Point><coordinates>-82.683696,38.098717,0</coordinates></Point></Placemark>
<Placemark><name>KFF-1272 · State Parks trailhead: Wildcat Ridge Trail</name><styleUrl>#acc_near</styleUrl><description><![CDATA[Trail: Wildcat Ridge; parking: yes<br>0.2 mi from the matching POTA park GPS point<br>Nearby point (within 5 mi). It may be outside the area — e.g. Corps of Engineers or other land. Check the official map.<br><a href="https://www.google.com/maps/search/?api=1&amp;query=38.096405,-82.685782">Open in Google Maps</a>]]></description><Point><coordinates>-82.685782,38.096405,0</coordinates></Point></Placemark>
<Placemark><name>KFF-1272 · State Parks trailhead: Hike-In Sites Trail</name><styleUrl>#acc_near</styleUrl><description><![CDATA[Trail: Hike-In Sites; parking: yes<br>0.2 mi from the matching POTA park GPS point<br>Nearby point (within 5 mi). It may be outside the area — e.g. Corps of Engineers or other land. Check the official map.<br><a href="https://www.google.com/maps/search/?api=1&amp;query=38.09657,-82.685861">Open in Google Maps</a>]]></description><Point><coordinates>-82.685861,38.09657,0</coordinates></Point></Placemark>
<Placemark><name>KFF-1272 · State Parks trailhead: Haunted Trail</name><styleUrl>#acc_near</styleUrl><description><![CDATA[Trail: Haunted; parking: yes<br>0.2 mi from the matching POTA park GPS point<br>Nearby point (within 5 mi). It may be outside the area — e.g. Corps of Engineers or other land. Check the official map.<br><a href="https://www.google.com/maps/search/?api=1&amp;query=38.09938,-82.683825">Open in Google Maps</a>]]></description><Point><coordinates>-82.683825,38.09938,0</coordinates></Point></Placemark>
<Placemark><name>KFF-1272 · State Parks trailhead: Haunted Trail</name><styleUrl>#acc_near</styleUrl><description><![CDATA[Trail: Haunted; parking: yes<br>0.2 mi from the matching POTA park GPS point<br>Nearby point (within 5 mi). It may be outside the area — e.g. Corps of Engineers or other land. Check the official map.<br><a href="https://www.google.com/maps/search/?api=1&amp;query=38.099766,-82.683601">Open in Google Maps</a>]]></description><Point><coordinates>-82.683601,38.099766,0</coordinates></Point></Placemark>
<Placemark><name>KFF-1272 · State Parks trailhead: R &amp; R Trail</name><styleUrl>#acc_near</styleUrl><description><![CDATA[Trail: R &amp; R; parking: no<br>0.2 mi from the matching POTA park GPS point<br>Nearby point (within 5 mi). It may be outside the area — e.g. Corps of Engineers or other land. Check the official map.<br><a href="https://www.google.com/maps/search/?api=1&amp;query=38.097718,-82.686465">Open in Google Maps</a>]]></description><Point><coordinates>-82.686465,38.097718,0</coordinates></Point></Placemark>
<Placemark><name>KFF-1272 · State Parks trailhead: Wildcat Ridge Trail</name><styleUrl>#acc_near</styleUrl><description><![CDATA[Trail: Wildcat Ridge; parking: no<br>0.3 mi from the matching POTA park GPS point<br>Nearby point (within 5 mi). It may be outside the area — e.g. Corps of Engineers or other land. Check the official map.<br><a href="https://www.google.com/maps/search/?api=1&amp;query=38.09526,-82.686816">Open in Google Maps</a>]]></description><Point><coordinates>-82.686816,38.09526,0</coordinates></Point></Placemark>
<Placemark><name>KFF-1272 · State Parks trailhead: Haunted Trail</name><styleUrl>#acc_near</styleUrl><description><![CDATA[Trail: Haunted; parking: yes<br>0.3 mi from the matching POTA park GPS point<br>Nearby point (within 5 mi). It may be outside the area — e.g. Corps of Engineers or other land. Check the official map.<br><a href="https://www.google.com/maps/search/?api=1&amp;query=38.09828,-82.687785">Open in Google Maps</a>]]></description><Point><coordinates>-82.687785,38.09828,0</coordinates></Point></Placemark>
<Placemark><name>KFF-1272 · State Parks trailhead: Short Timer Trail</name><styleUrl>#acc_near</styleUrl><description><![CDATA[Trail: Short Timer; parking: no<br>0.3 mi from the matching POTA park GPS point<br>Nearby point (within 5 mi). It may be outside the area — e.g. Corps of Engineers or other land. Check the official map.<br><a href="https://www.google.com/maps/search/?api=1&amp;query=38.096469,-82.688394">Open in Google Maps</a>]]></description><Point><coordinates>-82.688394,38.096469,0</coordinates></Point></Placemark>
<Placemark><name>KFF-1272 · State Parks trailhead: Short Timer Trail</name><styleUrl>#acc_near</styleUrl><description><![CDATA[Trail: Short Timer; parking: no<br>0.4 mi from the matching POTA park GPS point<br>Nearby point (within 5 mi). It may be outside the area — e.g. Corps of Engineers or other land. Check the official map.<br><a href="https://www.google.com/maps/search/?api=1&amp;query=38.096222,-82.689411">Open in Google Maps</a>]]></description><Point><coordinates>-82.689411,38.096222,0</coordinates></Point></Placemark>
<Placemark><name>KFF-1272 · State Parks trailhead: Blue</name><styleUrl>#acc_near</styleUrl><description><![CDATA[parking: no<br>0.4 mi from the matching POTA park GPS point<br>Nearby point (within 5 mi). It may be outside the area — e.g. Corps of Engineers or other land. Check the official map.<br><a href="https://www.google.com/maps/search/?api=1&amp;query=38.094778,-82.689937">Open in Google Maps</a>]]></description><Point><coordinates>-82.689937,38.094778,0</coordinates></Point></Placemark>
<Placemark><name>KFF-1272 · State Parks trailhead: Haunted Trail</name><styleUrl>#acc_near</styleUrl><description><![CDATA[Trail: Haunted; parking: yes<br>0.5 mi from the matching POTA park GPS point<br>Nearby point (within 5 mi). It may be outside the area — e.g. Corps of Engineers or other land. Check the official map.<br><a href="https://www.google.com/maps/search/?api=1&amp;query=38.099206,-82.690038">Open in Google Maps</a>]]></description><Point><coordinates>-82.690038,38.099206,0</coordinates></Point></Placemark>
<Placemark><name>KFF-1272 · State Parks trailhead: Mary Ingles Trail System</name><styleUrl>#acc_near</styleUrl><description><![CDATA[parking: yes<br>1.6 mi from the matching POTA park GPS point<br>Nearby point (within 5 mi). It may be outside the area — e.g. Corps of Engineers or other land. Check the official map.<br><a href="https://www.google.com/maps/search/?api=1&amp;query=38.117262,-82.694358">Open in Google Maps</a>]]></description><Point><coordinates>-82.694358,38.117262,0</coordinates></Point></Placemark>
<Placemark><name>KFF-1272 · State Parks trailhead: Lakeside Loop</name><styleUrl>#acc_near</styleUrl><description><![CDATA[parking: yes<br>1.6 mi from the matching POTA park GPS point<br>Nearby point (within 5 mi). It may be outside the area — e.g. Corps of Engineers or other land. Check the official map.<br><a href="https://www.google.com/maps/search/?api=1&amp;query=38.117112,-82.694884">Open in Google Maps</a>]]></description><Point><coordinates>-82.694884,38.117112,0</coordinates></Point></Placemark>
<Placemark><name>KFF-1272 · State Parks trailhead: Ada Trail</name><styleUrl>#acc_near</styleUrl><description><![CDATA[Trail: Ada; parking: yes<br>1.7 mi from the matching POTA park GPS point<br>Nearby point (within 5 mi). It may be outside the area — e.g. Corps of Engineers or other land. Check the official map.<br><a href="https://www.google.com/maps/search/?api=1&amp;query=38.120281,-82.689227">Open in Google Maps</a>]]></description><Point><coordinates>-82.689227,38.120281,0</coordinates></Point></Placemark>
<Placemark><name>KFF-1273 · State Parks trailhead: Tbd</name><styleUrl>#acc_near</styleUrl><description><![CDATA[parking: no<br>0.5 mi from the matching POTA park GPS point<br>Nearby point (within 5 mi). It may be outside the area — e.g. Corps of Engineers or other land. Check the official map.<br><a href="https://www.google.com/maps/search/?api=1&amp;query=36.857864,-86.064421">Open in Google Maps</a>]]></description><Point><coordinates>-86.064421,36.857864,0</coordinates></Point></Placemark>
<Placemark><name>KFF-1273 · State Parks trailhead: Connell</name><styleUrl>#acc_near</styleUrl><description><![CDATA[parking: yes<br>0.8 mi from the matching POTA park GPS point<br>Nearby point (within 5 mi). It may be outside the area — e.g. Corps of Engineers or other land. Check the official map.<br><a href="https://www.google.com/maps/search/?api=1&amp;query=36.862531,-86.067631">Open in Google Maps</a>]]></description><Point><coordinates>-86.067631,36.862531,0</coordinates></Point></Placemark>
<Placemark><name>KFF-1273 · State Parks trailhead: Bicycle</name><styleUrl>#acc_near</styleUrl><description><![CDATA[parking: no<br>0.8 mi from the matching POTA park GPS point<br>Nearby point (within 5 mi). It may be outside the area — e.g. Corps of Engineers or other land. Check the official map.<br><a href="https://www.google.com/maps/search/?api=1&amp;query=36.863048,-86.067642">Open in Google Maps</a>]]></description><Point><coordinates>-86.067642,36.863048,0</coordinates></Point></Placemark>
<Placemark><name>KFF-1274 · State Parks trailhead: Buffalo Trace To Nature Center</name><styleUrl>#acc_near</styleUrl><description><![CDATA[Trail: Buffalo Trace; parking: yes<br>0.0 mi from the matching POTA park GPS point<br>Nearby point (within 5 mi). It may be outside the area — e.g. Corps of Engineers or other land. Check the official map.<br><a href="https://www.google.com/maps/search/?api=1&amp;query=38.429434,-83.992402">Open in Google Maps</a>]]></description><Point><coordinates>-83.992402,38.429434,0</coordinates></Point></Placemark>
<Placemark><name>KFF-1274 · State Parks trailhead: Savannah And Licking River</name><styleUrl>#acc_near</styleUrl><description><![CDATA[Trail: Savannah; parking: yes<br>0.1 mi from the matching POTA park GPS point<br>Nearby point (within 5 mi). It may be outside the area — e.g. Corps of Engineers or other land. Check the official map.<br><a href="https://www.google.com/maps/search/?api=1&amp;query=38.428681,-83.993147">Open in Google Maps</a>]]></description><Point><coordinates>-83.993147,38.428681,0</coordinates></Point></Placemark>
<Placemark><name>KFF-1274 · State Parks trailhead: Buffalo Trace</name><styleUrl>#acc_near</styleUrl><description><![CDATA[parking: yes<br>0.2 mi from the matching POTA park GPS point<br>Nearby point (within 5 mi). It may be outside the area — e.g. Corps of Engineers or other land. Check the official map.<br><a href="https://www.google.com/maps/search/?api=1&amp;query=38.431711,-83.992981">Open in Google Maps</a>]]></description><Point><coordinates>-83.992981,38.431711,0</coordinates></Point></Placemark>
<Placemark><name>KFF-1274 · State Parks trailhead: Licking River Trail</name><styleUrl>#acc_near</styleUrl><description><![CDATA[Trail: Licking River; parking: yes<br>0.2 mi from the matching POTA park GPS point<br>Nearby point (within 5 mi). It may be outside the area — e.g. Corps of Engineers or other land. Check the official map.<br><a href="https://www.google.com/maps/search/?api=1&amp;query=38.431685,-83.994153">Open in Google Maps</a>]]></description><Point><coordinates>-83.994153,38.431685,0</coordinates></Point></Placemark>
<Placemark><name>KFF-1274 · State Parks trailhead: Behind Campsite 23</name><styleUrl>#acc_near</styleUrl><description><![CDATA[Trail: Heritage; parking: no<br>0.2 mi from the matching POTA park GPS point<br>Nearby point (within 5 mi). It may be outside the area — e.g. Corps of Engineers or other land. Check the official map.<br><a href="https://www.google.com/maps/search/?api=1&amp;query=38.426706,-83.994495">Open in Google Maps</a>]]></description><Point><coordinates>-83.994495,38.426706,0</coordinates></Point></Placemark>
<Placemark><name>KFF-1274 · State Parks trailhead: Heritage</name><styleUrl>#acc_near</styleUrl><description><![CDATA[parking: yes<br>0.2 mi from the matching POTA park GPS point<br>Nearby point (within 5 mi). It may be outside the area — e.g. Corps of Engineers or other land. Check the official map.<br><a href="https://www.google.com/maps/search/?api=1&amp;query=38.425735,-83.992419">Open in Google Maps</a>]]></description><Point><coordinates>-83.992419,38.425735,0</coordinates></Point></Placemark>
<Placemark><name>KFF-1274 · State Parks trailhead: Boat Ramp</name><styleUrl>#acc_near</styleUrl><description><![CDATA[Trail: Licking River; parking: yes<br>0.3 mi from the matching POTA park GPS point<br>Nearby point (within 5 mi). It may be outside the area — e.g. Corps of Engineers or other land. Check the official map.<br><a href="https://www.google.com/maps/search/?api=1&amp;query=38.427488,-83.997078">Open in Google Maps</a>]]></description><Point><coordinates>-83.997078,38.427488,0</coordinates></Point></Placemark>
<Placemark><name>KFF-1274 · State Parks trailhead: Indian Run Trail</name><styleUrl>#acc_near</styleUrl><description><![CDATA[Trail: Indian Run; parking: no<br>0.4 mi from the matching POTA park GPS point<br>Nearby point (within 5 mi). It may be outside the area — e.g. Corps of Engineers or other land. Check the official map.<br><a href="https://www.google.com/maps/search/?api=1&amp;query=38.434472,-83.996694">Open in Google Maps</a>]]></description><Point><coordinates>-83.996694,38.434472,0</coordinates></Point></Placemark>
<Placemark><name>KFF-1274 · State Parks trailhead: Tanner'S Station</name><styleUrl>#acc_near</styleUrl><description><![CDATA[Trail: Heritage; parking: yes<br>0.6 mi from the matching POTA park GPS point<br>Nearby point (within 5 mi). It may be outside the area — e.g. Corps of Engineers or other land. Check the official map.<br><a href="https://www.google.com/maps/search/?api=1&amp;query=38.420743,-83.993561">Open in Google Maps</a>]]></description><Point><coordinates>-83.993561,38.420743,0</coordinates></Point></Placemark>
<Placemark><name>KFF-1275 · State Parks trailhead: Moonshiner'S Hollow And Leatherwood</name><styleUrl>#acc_near</styleUrl><description><![CDATA[parking: yes<br>0.1 mi from the matching POTA park GPS point<br>Nearby point (within 5 mi). It may be outside the area — e.g. Corps of Engineers or other land. Check the official map.<br><a href="https://www.google.com/maps/search/?api=1&amp;query=37.306433,-83.444787">Open in Google Maps</a>]]></description><Point><coordinates>-83.444787,37.306433,0</coordinates></Point></Placemark>
<Placemark><name>KFF-1275 · State Parks trailhead: Autumn Loop</name><styleUrl>#acc_near</styleUrl><description><![CDATA[parking: yes<br>0.3 mi from the matching POTA park GPS point<br>Nearby point (within 5 mi). It may be outside the area — e.g. Corps of Engineers or other land. Check the official map.<br><a href="https://www.google.com/maps/search/?api=1&amp;query=37.304059,-83.442134">Open in Google Maps</a>]]></description><Point><coordinates>-83.442134,37.304059,0</coordinates></Point></Placemark>
<Placemark><name>KFF-1275 · State Parks trailhead: Moonshiner'S Hollow</name><styleUrl>#acc_near</styleUrl><description><![CDATA[parking: yes<br>0.3 mi from the matching POTA park GPS point<br>Nearby point (within 5 mi). It may be outside the area — e.g. Corps of Engineers or other land. Check the official map.<br><a href="https://www.google.com/maps/search/?api=1&amp;query=37.306519,-83.440061">Open in Google Maps</a>]]></description><Point><coordinates>-83.440061,37.306519,0</coordinates></Point></Placemark>
<Placemark><name>KFF-1276 · State Parks trailhead: Mini Golf</name><styleUrl>#acc_near</styleUrl><description><![CDATA[Trail: Three Bridges; parking: yes<br>0.2 mi from the matching POTA park GPS point<br>Nearby point (within 5 mi). It may be outside the area — e.g. Corps of Engineers or other land. Check the official map.<br><a href="https://www.google.com/maps/search/?api=1&amp;query=38.375211,-83.125818">Open in Google Maps</a>]]></description><Point><coordinates>-83.125818,38.375211,0</coordinates></Point></Placemark>
<Placemark><name>KFF-1276 · State Parks trailhead: Lodge Upper</name><styleUrl>#acc_near</styleUrl><description><![CDATA[Trail: Three Bridges; parking: yes<br>0.3 mi from the matching POTA park GPS point<br>Nearby point (within 5 mi). It may be outside the area — e.g. Corps of Engineers or other land. Check the official map.<br><a href="https://www.google.com/maps/search/?api=1&amp;query=38.369907,-83.123975">Open in Google Maps</a>]]></description><Point><coordinates>-83.123975,38.369907,0</coordinates></Point></Placemark>
<Placemark><name>KFF-1276 · State Parks trailhead: Mulligan</name><styleUrl>#acc_near</styleUrl><description><![CDATA[parking: yes<br>0.3 mi from the matching POTA park GPS point<br>Nearby point (within 5 mi). It may be outside the area — e.g. Corps of Engineers or other land. Check the official map.<br><a href="https://www.google.com/maps/search/?api=1&amp;query=38.369769,-83.123235">Open in Google Maps</a>]]></description><Point><coordinates>-83.123235,38.369769,0</coordinates></Point></Placemark>
<Placemark><name>KFF-1276 · State Parks trailhead: Swimming Pool</name><styleUrl>#acc_near</styleUrl><description><![CDATA[Trail: Three Bridges; parking: yes<br>0.3 mi from the matching POTA park GPS point<br>Nearby point (within 5 mi). It may be outside the area — e.g. Corps of Engineers or other land. Check the official map.<br><a href="https://www.google.com/maps/search/?api=1&amp;query=38.368289,-83.126073">Open in Google Maps</a>]]></description><Point><coordinates>-83.126073,38.368289,0</coordinates></Point></Placemark>
<Placemark><name>KFF-1276 · State Parks trailhead: Saltpeter Cave</name><styleUrl>#acc_near</styleUrl><description><![CDATA[Trail: Three Bridges; parking: yes<br>0.3 mi from the matching POTA park GPS point<br>Nearby point (within 5 mi). It may be outside the area — e.g. Corps of Engineers or other land. Check the official map.<br><a href="https://www.google.com/maps/search/?api=1&amp;query=38.376978,-83.12349">Open in Google Maps</a>]]></description><Point><coordinates>-83.12349,38.376978,0</coordinates></Point></Placemark>
<Placemark><name>KFF-1276 · State Parks trailhead: Lodge Lower</name><styleUrl>#acc_near</styleUrl><description><![CDATA[Trail: Raven Bridge / Three Bridges; parking: yes<br>0.4 mi from the matching POTA park GPS point<br>Nearby point (within 5 mi). It may be outside the area — e.g. Corps of Engineers or other land. Check the official map.<br><a href="https://www.google.com/maps/search/?api=1&amp;query=38.36901,-83.122809">Open in Google Maps</a>]]></description><Point><coordinates>-83.122809,38.36901,0</coordinates></Point></Placemark>
<Placemark><name>KFF-1276 · State Parks trailhead: Welcome Center</name><styleUrl>#acc_near</styleUrl><description><![CDATA[Trail: Natural Bridge; parking: yes<br>0.4 mi from the matching POTA park GPS point<br>Nearby point (within 5 mi). It may be outside the area — e.g. Corps of Engineers or other land. Check the official map.<br><a href="https://www.google.com/maps/search/?api=1&amp;query=38.377406,-83.123379">Open in Google Maps</a>]]></description><Point><coordinates>-83.123379,38.377406,0</coordinates></Point></Placemark>
<Placemark><name>KFF-1276 · State Parks trailhead: X Cave</name><styleUrl>#acc_near</styleUrl><description><![CDATA[Trail: 4C'S / Horn Hollow; parking: yes<br>0.4 mi from the matching POTA park GPS point<br>Nearby point (within 5 mi). It may be outside the area — e.g. Corps of Engineers or other land. Check the official map.<br><a href="https://www.google.com/maps/search/?api=1&amp;query=38.377536,-83.122535">Open in Google Maps</a>]]></description><Point><coordinates>-83.122535,38.377536,0</coordinates></Point></Placemark>
<Placemark><name>KFF-1276 · State Parks trailhead: Horse Campground</name><styleUrl>#acc_near</styleUrl><description><![CDATA[Trail: Kiser Hollow; parking: yes<br>0.4 mi from the matching POTA park GPS point<br>Nearby point (within 5 mi). It may be outside the area — e.g. Corps of Engineers or other land. Check the official map.<br><a href="https://www.google.com/maps/search/?api=1&amp;query=38.377105,-83.133823">Open in Google Maps</a>]]></description><Point><coordinates>-83.133823,38.377105,0</coordinates></Point></Placemark>
<Placemark><name>KFF-1276 · State Parks trailhead: Boat Ramp</name><styleUrl>#acc_near</styleUrl><description><![CDATA[Trail: 4C'S; parking: yes<br>0.5 mi from the matching POTA park GPS point<br>Nearby point (within 5 mi). It may be outside the area — e.g. Corps of Engineers or other land. Check the official map.<br><a href="https://www.google.com/maps/search/?api=1&amp;query=38.366783,-83.130318">Open in Google Maps</a>]]></description><Point><coordinates>-83.130318,38.366783,0</coordinates></Point></Placemark>
<Placemark><name>KFF-1276 · State Parks trailhead: Cottages</name><styleUrl>#acc_near</styleUrl><description><![CDATA[Trail: Three Bridges; parking: no<br>0.6 mi from the matching POTA park GPS point<br>Nearby point (within 5 mi). It may be outside the area — e.g. Corps of Engineers or other land. Check the official map.<br><a href="https://www.google.com/maps/search/?api=1&amp;query=38.372064,-83.115523">Open in Google Maps</a>]]></description><Point><coordinates>-83.115523,38.372064,0</coordinates></Point></Placemark>
<Placemark><name>KFF-1276 · State Parks trailhead: Laurel Cave</name><styleUrl>#acc_near</styleUrl><description><![CDATA[parking: yes<br>0.7 mi from the matching POTA park GPS point<br>Nearby point (within 5 mi). It may be outside the area — e.g. Corps of Engineers or other land. Check the official map.<br><a href="https://www.google.com/maps/search/?api=1&amp;query=38.374883,-83.115265">Open in Google Maps</a>]]></description><Point><coordinates>-83.115265,38.374883,0</coordinates></Point></Placemark>
<Placemark><name>KFF-1276 · State Parks trailhead: Cascade Cave</name><styleUrl>#acc_near</styleUrl><description><![CDATA[Trail: Box Canyon; parking: yes<br>1.5 mi from the matching POTA park GPS point<br>Nearby point (within 5 mi). It may be outside the area — e.g. Corps of Engineers or other land. Check the official map.<br><a href="https://www.google.com/maps/search/?api=1&amp;query=38.355514,-83.111767">Open in Google Maps</a>]]></description><Point><coordinates>-83.111767,38.355514,0</coordinates></Point></Placemark>
<Placemark><name>KFF-1277 · State Parks trailhead: Clifty Campground</name><styleUrl>#acc_near</styleUrl><description><![CDATA[Trail: Wildflower Loop Trail 12; parking: no<br>0.1 mi from the matching POTA park GPS point<br>Nearby point (within 5 mi). It may be outside the area — e.g. Corps of Engineers or other land. Check the official map.<br><a href="https://www.google.com/maps/search/?api=1&amp;query=36.841264,-84.339292">Open in Google Maps</a>]]></description><Point><coordinates>-84.339292,36.841264,0</coordinates></Point></Placemark>
<Placemark><name>KFF-1277 · State Parks trailhead: Lodge Front Trail 6</name><styleUrl>#acc_near</styleUrl><description><![CDATA[Trail: Cumberland Falls Trail 6; parking: yes<br>0.1 mi from the matching POTA park GPS point<br>Nearby point (within 5 mi). It may be outside the area — e.g. Corps of Engineers or other land. Check the official map.<br><a href="https://www.google.com/maps/search/?api=1&amp;query=36.838954,-84.338999">Open in Google Maps</a>]]></description><Point><coordinates>-84.338999,36.838954,0</coordinates></Point></Placemark>
<Placemark><name>KFF-1277 · State Parks trailhead: Lodge Front Trail 4</name><styleUrl>#acc_near</styleUrl><description><![CDATA[Trail: Civilian Conservation Corps Memorial Trail 4; parking: yes<br>0.1 mi from the matching POTA park GPS point<br>Nearby point (within 5 mi). It may be outside the area — e.g. Corps of Engineers or other land. Check the official map.<br><a href="https://www.google.com/maps/search/?api=1&amp;query=36.838858,-84.338413">Open in Google Maps</a>]]></description><Point><coordinates>-84.338413,36.838858,0</coordinates></Point></Placemark>
<Placemark><name>KFF-1277 · State Parks trailhead: Lodge Back Trail 4</name><styleUrl>#acc_near</styleUrl><description><![CDATA[Trail: Civilian Conservation Corps Memorial Trail 4; parking: yes<br>0.2 mi from the matching POTA park GPS point<br>Nearby point (within 5 mi). It may be outside the area — e.g. Corps of Engineers or other land. Check the official map.<br><a href="https://www.google.com/maps/search/?api=1&amp;query=36.838144,-84.338614">Open in Google Maps</a>]]></description><Point><coordinates>-84.338614,36.838144,0</coordinates></Point></Placemark>
<Placemark><name>KFF-1277 · State Parks trailhead: Cabins</name><styleUrl>#acc_near</styleUrl><description><![CDATA[Trail: Laurel Trail 3; parking: yes<br>0.2 mi from the matching POTA park GPS point<br>Nearby point (within 5 mi). It may be outside the area — e.g. Corps of Engineers or other land. Check the official map.<br><a href="https://www.google.com/maps/search/?api=1&amp;query=36.838041,-84.340803">Open in Google Maps</a>]]></description><Point><coordinates>-84.340803,36.838041,0</coordinates></Point></Placemark>
<Placemark><name>KFF-1277 · State Parks trailhead: Dance Pavillion</name><styleUrl>#acc_near</styleUrl><description><![CDATA[Trail: Wildflower Loop Trail 12; parking: yes<br>0.2 mi from the matching POTA park GPS point<br>Nearby point (within 5 mi). It may be outside the area — e.g. Corps of Engineers or other land. Check the official map.<br><a href="https://www.google.com/maps/search/?api=1&amp;query=36.843019,-84.338904">Open in Google Maps</a>]]></description><Point><coordinates>-84.338904,36.843019,0</coordinates></Point></Placemark>
<Placemark><name>KFF-1277 · State Parks trailhead: Moonbow</name><styleUrl>#acc_near</styleUrl><description><![CDATA[Trail: Moonbow Trail 1; parking: no<br>0.2 mi from the matching POTA park GPS point<br>Nearby point (within 5 mi). It may be outside the area — e.g. Corps of Engineers or other land. Check the official map.<br><a href="https://www.google.com/maps/search/?api=1&amp;query=36.839717,-84.343408">Open in Google Maps</a>]]></description><Point><coordinates>-84.343408,36.839717,0</coordinates></Point></Placemark>
<Placemark><name>KFF-1277 · State Parks trailhead: Falls Picnic Area</name><styleUrl>#acc_near</styleUrl><description><![CDATA[Trail: Cumberland River Trail 2; parking: yes<br>0.2 mi from the matching POTA park GPS point<br>Nearby point (within 5 mi). It may be outside the area — e.g. Corps of Engineers or other land. Check the official map.<br><a href="https://www.google.com/maps/search/?api=1&amp;query=36.838549,-84.336453">Open in Google Maps</a>]]></description><Point><coordinates>-84.336453,36.838549,0</coordinates></Point></Placemark>
<Placemark><name>KFF-1277 · State Parks trailhead: Falls Parking Lot</name><styleUrl>#acc_near</styleUrl><description><![CDATA[Trail: Sheltowee Trace; parking: yes<br>0.3 mi from the matching POTA park GPS point<br>Nearby point (within 5 mi). It may be outside the area — e.g. Corps of Engineers or other land. Check the official map.<br><a href="https://www.google.com/maps/search/?api=1&amp;query=36.836653,-84.340766">Open in Google Maps</a>]]></description><Point><coordinates>-84.340766,36.836653,0</coordinates></Point></Placemark>
<Placemark><name>KFF-1277 · State Parks trailhead: Hilltop Spur</name><styleUrl>#acc_near</styleUrl><description><![CDATA[Trail: Hilltop Spur Trail 8; parking: no<br>0.3 mi from the matching POTA park GPS point<br>Nearby point (within 5 mi). It may be outside the area — e.g. Corps of Engineers or other land. Check the official map.<br><a href="https://www.google.com/maps/search/?api=1&amp;query=36.841792,-84.334391">Open in Google Maps</a>]]></description><Point><coordinates>-84.334391,36.841792,0</coordinates></Point></Placemark>
<Placemark><name>KFF-1277 · State Parks trailhead: Cumberland River Bridge</name><styleUrl>#acc_near</styleUrl><description><![CDATA[Trail: Blue Bend Loop Trail 10; parking: no<br>0.4 mi from the matching POTA park GPS point<br>Nearby point (within 5 mi). It may be outside the area — e.g. Corps of Engineers or other land. Check the official map.<br><a href="https://www.google.com/maps/search/?api=1&amp;query=36.835122,-84.340003">Open in Google Maps</a>]]></description><Point><coordinates>-84.340003,36.835122,0</coordinates></Point></Placemark>
<Placemark><name>KFF-1277 · State Parks trailhead: Eagle Falls</name><styleUrl>#acc_near</styleUrl><description><![CDATA[Trail: Eagle Falls Trail 9; parking: yes<br>0.4 mi from the matching POTA park GPS point<br>Nearby point (within 5 mi). It may be outside the area — e.g. Corps of Engineers or other land. Check the official map.<br><a href="https://www.google.com/maps/search/?api=1&amp;query=36.836834,-84.345587">Open in Google Maps</a>]]></description><Point><coordinates>-84.345587,36.836834,0</coordinates></Point></Placemark>
<Placemark><name>KFF-1277 · State Parks trailhead: Blue Bend Loop</name><styleUrl>#acc_near</styleUrl><description><![CDATA[Trail: Blue Bend Loop Trail 10; parking: yes<br>0.4 mi from the matching POTA park GPS point<br>Nearby point (within 5 mi). It may be outside the area — e.g. Corps of Engineers or other land. Check the official map.<br><a href="https://www.google.com/maps/search/?api=1&amp;query=36.836493,-84.345281">Open in Google Maps</a>]]></description><Point><coordinates>-84.345281,36.836493,0</coordinates></Point></Placemark>
<Placemark><name>KFF-1277 · State Parks trailhead: Ccc Gazebo</name><styleUrl>#acc_near</styleUrl><description><![CDATA[Trail: Anvil Branch Trail 11; parking: no<br>0.5 mi from the matching POTA park GPS point<br>Nearby point (within 5 mi). It may be outside the area — e.g. Corps of Engineers or other land. Check the official map.<br><a href="https://www.google.com/maps/search/?api=1&amp;query=36.843464,-84.330818">Open in Google Maps</a>]]></description><Point><coordinates>-84.330818,36.843464,0</coordinates></Point></Placemark>
<Placemark><name>KFF-1277 · State Parks trailhead: Ridgeline Campground</name><styleUrl>#acc_near</styleUrl><description><![CDATA[Trail: Camper'S Path Trail 5; parking: yes<br>0.6 mi from the matching POTA park GPS point<br>Nearby point (within 5 mi). It may be outside the area — e.g. Corps of Engineers or other land. Check the official map.<br><a href="https://www.google.com/maps/search/?api=1&amp;query=36.841061,-84.328512">Open in Google Maps</a>]]></description><Point><coordinates>-84.328512,36.841061,0</coordinates></Point></Placemark>
<Placemark><name>KFF-1277 · State Parks trailhead: Pinnacle Knob Fire Tower</name><styleUrl>#acc_near</styleUrl><description><![CDATA[Trail: Cumberland River Trail 2; parking: no<br>1.3 mi from the matching POTA park GPS point<br>Nearby point (within 5 mi). It may be outside the area — e.g. Corps of Engineers or other land. Check the official map.<br><a href="https://www.google.com/maps/search/?api=1&amp;query=36.844706,-84.317572">Open in Google Maps</a>]]></description><Point><coordinates>-84.317572,36.844706,0</coordinates></Point></Placemark>
<Placemark><name>KFF-1277 · State Parks trailhead: Cumberland River</name><styleUrl>#acc_near</styleUrl><description><![CDATA[Trail: Cumberland River Trail 2; parking: no<br>1.3 mi from the matching POTA park GPS point<br>Nearby point (within 5 mi). It may be outside the area — e.g. Corps of Engineers or other land. Check the official map.<br><a href="https://www.google.com/maps/search/?api=1&amp;query=36.844015,-84.316423">Open in Google Maps</a>]]></description><Point><coordinates>-84.316423,36.844015,0</coordinates></Point></Placemark>
<Placemark><name>KFF-1278 · State Parks trailhead: Eagle Point</name><styleUrl>#acc_near</styleUrl><description><![CDATA[parking: no<br>0.1 mi from the matching POTA park GPS point<br>Nearby point (within 5 mi). It may be outside the area — e.g. Corps of Engineers or other land. Check the official map.<br><a href="https://www.google.com/maps/search/?api=1&amp;query=36.64426,-85.289153">Open in Google Maps</a>]]></description><Point><coordinates>-85.289153,36.64426,0</coordinates></Point></Placemark>
<Placemark><name>KFF-1278 · State Parks trailhead: Eagle Point And Boom Ridge Connector</name><styleUrl>#acc_near</styleUrl><description><![CDATA[parking: no<br>0.3 mi from the matching POTA park GPS point<br>Nearby point (within 5 mi). It may be outside the area — e.g. Corps of Engineers or other land. Check the official map.<br><a href="https://www.google.com/maps/search/?api=1&amp;query=36.646179,-85.294801">Open in Google Maps</a>]]></description><Point><coordinates>-85.294801,36.646179,0</coordinates></Point></Placemark>
<Placemark><name>KFF-1278 · State Parks trailhead: Boom Ridge</name><styleUrl>#acc_near</styleUrl><description><![CDATA[parking: no<br>0.4 mi from the matching POTA park GPS point<br>Nearby point (within 5 mi). It may be outside the area — e.g. Corps of Engineers or other land. Check the official map.<br><a href="https://www.google.com/maps/search/?api=1&amp;query=36.649215,-85.293719">Open in Google Maps</a>]]></description><Point><coordinates>-85.293719,36.649215,0</coordinates></Point></Placemark>
<Placemark><name>KFF-1278 · State Parks trailhead: Trailhead</name><styleUrl>#acc_near</styleUrl><description><![CDATA[parking: yes<br>0.6 mi from the matching POTA park GPS point<br>Nearby point (within 5 mi). It may be outside the area — e.g. Corps of Engineers or other land. Check the official map.<br><a href="https://www.google.com/maps/search/?api=1&amp;query=36.639244,-85.29954">Open in Google Maps</a>]]></description><Point><coordinates>-85.29954,36.639244,0</coordinates></Point></Placemark>
<Placemark><name>KFF-1278 · State Parks trailhead: Campers Path</name><styleUrl>#acc_near</styleUrl><description><![CDATA[parking: no<br>0.8 mi from the matching POTA park GPS point<br>Nearby point (within 5 mi). It may be outside the area — e.g. Corps of Engineers or other land. Check the official map.<br><a href="https://www.google.com/maps/search/?api=1&amp;query=36.654922,-85.285798">Open in Google Maps</a>]]></description><Point><coordinates>-85.285798,36.654922,0</coordinates></Point></Placemark>
<Placemark><name>KFF-1278 · State Parks trailhead: Grocery</name><styleUrl>#acc_near</styleUrl><description><![CDATA[Trail: Eagle Point; parking: no<br>0.9 mi from the matching POTA park GPS point<br>Nearby point (within 5 mi). It may be outside the area — e.g. Corps of Engineers or other land. Check the official map.<br><a href="https://www.google.com/maps/search/?api=1&amp;query=36.656235,-85.284721">Open in Google Maps</a>]]></description><Point><coordinates>-85.284721,36.656235,0</coordinates></Point></Placemark>
<Placemark><name>KFF-1278 · State Parks trailhead: Ranger Loop</name><styleUrl>#acc_near</styleUrl><description><![CDATA[parking: no<br>1.0 mi from the matching POTA park GPS point<br>Nearby point (within 5 mi). It may be outside the area — e.g. Corps of Engineers or other land. Check the official map.<br><a href="https://www.google.com/maps/search/?api=1&amp;query=36.656263,-85.28182">Open in Google Maps</a>]]></description><Point><coordinates>-85.28182,36.656263,0</coordinates></Point></Placemark>
<Placemark><name>KFF-1279 · State Parks trailhead: Gb15</name><styleUrl>#acc_near</styleUrl><description><![CDATA[parking: not listed<br>0.0 mi from the matching POTA park GPS point<br>Nearby point (within 5 mi). It may be outside the area — e.g. Corps of Engineers or other land. Check the official map.<br><a href="https://www.google.com/maps/search/?api=1&amp;query=38.666195,-85.145883">Open in Google Maps</a>]]></description><Point><coordinates>-85.145883,38.666195,0</coordinates></Point></Placemark>
<Placemark><name>KFF-1279 · State Parks trailhead: Gb11</name><styleUrl>#acc_near</styleUrl><description><![CDATA[parking: not listed<br>0.1 mi from the matching POTA park GPS point<br>Nearby point (within 5 mi). It may be outside the area — e.g. Corps of Engineers or other land. Check the official map.<br><a href="https://www.google.com/maps/search/?api=1&amp;query=38.666446,-85.147021">Open in Google Maps</a>]]></description><Point><coordinates>-85.147021,38.666446,0</coordinates></Point></Placemark>
<Placemark><name>KFF-1279 · State Parks trailhead: Gb14</name><styleUrl>#acc_near</styleUrl><description><![CDATA[parking: not listed<br>0.1 mi from the matching POTA park GPS point<br>Nearby point (within 5 mi). It may be outside the area — e.g. Corps of Engineers or other land. Check the official map.<br><a href="https://www.google.com/maps/search/?api=1&amp;query=38.664994,-85.147442">Open in Google Maps</a>]]></description><Point><coordinates>-85.147442,38.664994,0</coordinates></Point></Placemark>
<Placemark><name>KFF-1279 · State Parks trailhead: Gb13</name><styleUrl>#acc_near</styleUrl><description><![CDATA[parking: not listed<br>0.2 mi from the matching POTA park GPS point<br>Nearby point (within 5 mi). It may be outside the area — e.g. Corps of Engineers or other land. Check the official map.<br><a href="https://www.google.com/maps/search/?api=1&amp;query=38.668628,-85.148603">Open in Google Maps</a>]]></description><Point><coordinates>-85.148603,38.668628,0</coordinates></Point></Placemark>
<Placemark><name>KFF-1279 · State Parks trailhead: Gb12</name><styleUrl>#acc_near</styleUrl><description><![CDATA[parking: not listed<br>0.2 mi from the matching POTA park GPS point<br>Nearby point (within 5 mi). It may be outside the area — e.g. Corps of Engineers or other land. Check the official map.<br><a href="https://www.google.com/maps/search/?api=1&amp;query=38.669793,-85.146282">Open in Google Maps</a>]]></description><Point><coordinates>-85.146282,38.669793,0</coordinates></Point></Placemark>
<Placemark><name>KFF-1279 · State Parks trailhead: Gb10</name><styleUrl>#acc_near</styleUrl><description><![CDATA[parking: not listed<br>0.3 mi from the matching POTA park GPS point<br>Nearby point (within 5 mi). It may be outside the area — e.g. Corps of Engineers or other land. Check the official map.<br><a href="https://www.google.com/maps/search/?api=1&amp;query=38.664786,-85.149765">Open in Google Maps</a>]]></description><Point><coordinates>-85.149765,38.664786,0</coordinates></Point></Placemark>
<Placemark><name>KFF-1279 · State Parks trailhead: Gb9</name><styleUrl>#acc_near</styleUrl><description><![CDATA[parking: not listed<br>0.3 mi from the matching POTA park GPS point<br>Nearby point (within 5 mi). It may be outside the area — e.g. Corps of Engineers or other land. Check the official map.<br><a href="https://www.google.com/maps/search/?api=1&amp;query=38.663947,-85.150321">Open in Google Maps</a>]]></description><Point><coordinates>-85.150321,38.663947,0</coordinates></Point></Placemark>
<Placemark><name>KFF-1279 · State Parks trailhead: Gb5</name><styleUrl>#acc_near</styleUrl><description><![CDATA[Trail: Woodland; parking: yes<br>0.4 mi from the matching POTA park GPS point<br>Nearby point (within 5 mi). It may be outside the area — e.g. Corps of Engineers or other land. Check the official map.<br><a href="https://www.google.com/maps/search/?api=1&amp;query=38.670548,-85.151475">Open in Google Maps</a>]]></description><Point><coordinates>-85.151475,38.670548,0</coordinates></Point></Placemark>
<Placemark><name>KFF-1279 · State Parks trailhead: Gb8</name><styleUrl>#acc_near</styleUrl><description><![CDATA[parking: not listed<br>0.4 mi from the matching POTA park GPS point<br>Nearby point (within 5 mi). It may be outside the area — e.g. Corps of Engineers or other land. Check the official map.<br><a href="https://www.google.com/maps/search/?api=1&amp;query=38.672332,-85.14837">Open in Google Maps</a>]]></description><Point><coordinates>-85.14837,38.672332,0</coordinates></Point></Placemark>
<Placemark><name>KFF-1279 · State Parks trailhead: Gb6</name><styleUrl>#acc_near</styleUrl><description><![CDATA[Trail: Woodland; parking: yes<br>0.5 mi from the matching POTA park GPS point<br>Nearby point (within 5 mi). It may be outside the area — e.g. Corps of Engineers or other land. Check the official map.<br><a href="https://www.google.com/maps/search/?api=1&amp;query=38.66973,-85.153306">Open in Google Maps</a>]]></description><Point><coordinates>-85.153306,38.66973,0</coordinates></Point></Placemark>
<Placemark><name>KFF-1279 · State Parks trailhead: Gb4</name><styleUrl>#acc_near</styleUrl><description><![CDATA[Trail: Woodland; parking: yes<br>0.7 mi from the matching POTA park GPS point<br>Nearby point (within 5 mi). It may be outside the area — e.g. Corps of Engineers or other land. Check the official map.<br><a href="https://www.google.com/maps/search/?api=1&amp;query=38.673182,-85.154145">Open in Google Maps</a>]]></description><Point><coordinates>-85.154145,38.673182,0</coordinates></Point></Placemark>
<Placemark><name>KFF-1279 · State Parks trailhead: Gb3</name><styleUrl>#acc_near</styleUrl><description><![CDATA[Trail: Fossil; parking: yes<br>0.7 mi from the matching POTA park GPS point<br>Nearby point (within 5 mi). It may be outside the area — e.g. Corps of Engineers or other land. Check the official map.<br><a href="https://www.google.com/maps/search/?api=1&amp;query=38.673567,-85.155507">Open in Google Maps</a>]]></description><Point><coordinates>-85.155507,38.673567,0</coordinates></Point></Placemark>
<Placemark><name>KFF-1279 · State Parks trailhead: Gb2</name><styleUrl>#acc_near</styleUrl><description><![CDATA[Trail: Fossil; parking: yes<br>0.9 mi from the matching POTA park GPS point<br>Nearby point (within 5 mi). It may be outside the area — e.g. Corps of Engineers or other land. Check the official map.<br><a href="https://www.google.com/maps/search/?api=1&amp;query=38.670156,-85.161645">Open in Google Maps</a>]]></description><Point><coordinates>-85.161645,38.670156,0</coordinates></Point></Placemark>
<Placemark><name>KFF-1279 · State Parks trailhead: Gb1</name><styleUrl>#acc_near</styleUrl><description><![CDATA[Trail: Boy Scout / Cemetery Path; parking: yes<br>1.1 mi from the matching POTA park GPS point<br>Nearby point (within 5 mi). It may be outside the area — e.g. Corps of Engineers or other land. Check the official map.<br><a href="https://www.google.com/maps/search/?api=1&amp;query=38.669265,-85.164965">Open in Google Maps</a>]]></description><Point><coordinates>-85.164965,38.669265,0</coordinates></Point></Placemark>
<Placemark><name>KFF-1279 · State Parks trailhead: Gb7</name><styleUrl>#acc_near</styleUrl><description><![CDATA[Trail: Fossil; parking: no<br>1.1 mi from the matching POTA park GPS point<br>Nearby point (within 5 mi). It may be outside the area — e.g. Corps of Engineers or other land. Check the official map.<br><a href="https://www.google.com/maps/search/?api=1&amp;query=38.675471,-85.161996">Open in Google Maps</a>]]></description><Point><coordinates>-85.161996,38.675471,0</coordinates></Point></Placemark>
<Placemark><name>KFF-1280 · State Parks trailhead: Fern Valley - Lodge Service Area</name><styleUrl>#acc_near</styleUrl><description><![CDATA[Trail: Fern Valley; parking: yes<br>0.0 mi from the matching POTA park GPS point<br>Nearby point (within 5 mi). It may be outside the area — e.g. Corps of Engineers or other land. Check the official map.<br><a href="https://www.google.com/maps/search/?api=1&amp;query=38.480658,-82.872318">Open in Google Maps</a>]]></description><Point><coordinates>-82.872318,38.480658,0</coordinates></Point></Placemark>
<Placemark><name>KFF-1280 · State Parks trailhead: Fern Valley - Lodge Parking</name><styleUrl>#acc_near</styleUrl><description><![CDATA[Trail: Fern Valley; parking: yes<br>0.1 mi from the matching POTA park GPS point<br>Nearby point (within 5 mi). It may be outside the area — e.g. Corps of Engineers or other land. Check the official map.<br><a href="https://www.google.com/maps/search/?api=1&amp;query=38.480936,-82.872071">Open in Google Maps</a>]]></description><Point><coordinates>-82.872071,38.480936,0</coordinates></Point></Placemark>
<Placemark><name>KFF-1280 · State Parks trailhead: Michael Tygart - Marina</name><styleUrl>#acc_near</styleUrl><description><![CDATA[Trail: Michael Tygart; parking: yes<br>0.7 mi from the matching POTA park GPS point<br>Nearby point (within 5 mi). It may be outside the area — e.g. Corps of Engineers or other land. Check the official map.<br><a href="https://www.google.com/maps/search/?api=1&amp;query=38.48514,-82.884227">Open in Google Maps</a>]]></description><Point><coordinates>-82.884227,38.48514,0</coordinates></Point></Placemark>
<Placemark><name>KFF-1280 · State Parks trailhead: Michael Tygart - Main Rd East</name><styleUrl>#acc_near</styleUrl><description><![CDATA[Trail: Michael Tygart; parking: no<br>0.7 mi from the matching POTA park GPS point<br>Nearby point (within 5 mi). It may be outside the area — e.g. Corps of Engineers or other land. Check the official map.<br><a href="https://www.google.com/maps/search/?api=1&amp;query=38.482579,-82.886563">Open in Google Maps</a>]]></description><Point><coordinates>-82.886563,38.482579,0</coordinates></Point></Placemark>
<Placemark><name>KFF-1280 · State Parks trailhead: Michael Tygart - Main Rd West</name><styleUrl>#acc_near</styleUrl><description><![CDATA[Trail: Michael Tygart; parking: no<br>0.8 mi from the matching POTA park GPS point<br>Nearby point (within 5 mi). It may be outside the area — e.g. Corps of Engineers or other land. Check the official map.<br><a href="https://www.google.com/maps/search/?api=1&amp;query=38.48255,-82.886922">Open in Google Maps</a>]]></description><Point><coordinates>-82.886922,38.48255,0</coordinates></Point></Placemark>
<Placemark><name>KFF-1280 · State Parks trailhead: Michael Tygart - Bays Ridge East</name><styleUrl>#acc_near</styleUrl><description><![CDATA[Trail: Michael Tygart; parking: no<br>2.7 mi from the matching POTA park GPS point<br>Nearby point (within 5 mi). It may be outside the area — e.g. Corps of Engineers or other land. Check the official map.<br><a href="https://www.google.com/maps/search/?api=1&amp;query=38.500155,-82.915953">Open in Google Maps</a>]]></description><Point><coordinates>-82.915953,38.500155,0</coordinates></Point></Placemark>
<Placemark><name>KFF-1280 · State Parks trailhead: Michael Tygart - Bays Ridge West</name><styleUrl>#acc_near</styleUrl><description><![CDATA[Trail: Michael Tygart; parking: no<br>2.9 mi from the matching POTA park GPS point<br>Nearby point (within 5 mi). It may be outside the area — e.g. Corps of Engineers or other land. Check the official map.<br><a href="https://www.google.com/maps/search/?api=1&amp;query=38.49711,-82.922112">Open in Google Maps</a>]]></description><Point><coordinates>-82.922112,38.49711,0</coordinates></Point></Placemark>
<Placemark><name>KFF-1281 · State Parks trailhead: Moss Ridge</name><styleUrl>#acc_near</styleUrl><description><![CDATA[parking: yes<br>0.1 mi from the matching POTA park GPS point<br>Nearby point (within 5 mi). It may be outside the area — e.g. Corps of Engineers or other land. Check the official map.<br><a href="https://www.google.com/maps/search/?api=1&amp;query=37.696675,-82.724476">Open in Google Maps</a>]]></description><Point><coordinates>-82.724476,37.696675,0</coordinates></Point></Placemark>
<Placemark><name>KFF-1281 · State Parks trailhead: Moss Ridge</name><styleUrl>#acc_near</styleUrl><description><![CDATA[parking: no<br>0.2 mi from the matching POTA park GPS point<br>Nearby point (within 5 mi). It may be outside the area — e.g. Corps of Engineers or other land. Check the official map.<br><a href="https://www.google.com/maps/search/?api=1&amp;query=37.692816,-82.724418">Open in Google Maps</a>]]></description><Point><coordinates>-82.724418,37.692816,0</coordinates></Point></Placemark>
<Placemark><name>KFF-1281 · State Parks trailhead: Lakeshore</name><styleUrl>#acc_near</styleUrl><description><![CDATA[parking: yes<br>0.7 mi from the matching POTA park GPS point<br>Nearby point (within 5 mi). It may be outside the area — e.g. Corps of Engineers or other land. Check the official map.<br><a href="https://www.google.com/maps/search/?api=1&amp;query=37.692316,-82.713271">Open in Google Maps</a>]]></description><Point><coordinates>-82.713271,37.692316,0</coordinates></Point></Placemark>
<Placemark><name>KFF-1281 · State Parks trailhead: Steve Brackett</name><styleUrl>#acc_near</styleUrl><description><![CDATA[parking: yes<br>0.7 mi from the matching POTA park GPS point<br>Nearby point (within 5 mi). It may be outside the area — e.g. Corps of Engineers or other land. Check the official map.<br><a href="https://www.google.com/maps/search/?api=1&amp;query=37.692141,-82.713016">Open in Google Maps</a>]]></description><Point><coordinates>-82.713016,37.692141,0</coordinates></Point></Placemark>
<Placemark><name>KFF-1281 · State Parks trailhead: Mountain Bike</name><styleUrl>#acc_near</styleUrl><description><![CDATA[Trail: Switchback/Shortloop/Beginners; parking: yes<br>1.4 mi from the matching POTA park GPS point<br>Nearby point (within 5 mi). It may be outside the area — e.g. Corps of Engineers or other land. Check the official map.<br><a href="https://www.google.com/maps/search/?api=1&amp;query=37.71632,-82.7289">Open in Google Maps</a>]]></description><Point><coordinates>-82.7289,37.71632,0</coordinates></Point></Placemark>
<Placemark><name>KFF-1281 · State Parks trailhead: Jenny Wiley Camp</name><styleUrl>#acc_near</styleUrl><description><![CDATA[Trail: Jenny Wiley; parking: yes<br>1.5 mi from the matching POTA park GPS point<br>Nearby point (within 5 mi). It may be outside the area — e.g. Corps of Engineers or other land. Check the official map.<br><a href="https://www.google.com/maps/search/?api=1&amp;query=37.712603,-82.741962">Open in Google Maps</a>]]></description><Point><coordinates>-82.741962,37.712603,0</coordinates></Point></Placemark>
<Placemark><name>KFF-1281 · State Parks trailhead: Jenny Wiley Camp 2</name><styleUrl>#acc_near</styleUrl><description><![CDATA[Trail: Jenny Wiley; parking: yes<br>1.5 mi from the matching POTA park GPS point<br>Nearby point (within 5 mi). It may be outside the area — e.g. Corps of Engineers or other land. Check the official map.<br><a href="https://www.google.com/maps/search/?api=1&amp;query=37.712884,-82.742319">Open in Google Maps</a>]]></description><Point><coordinates>-82.742319,37.712884,0</coordinates></Point></Placemark>
<Placemark><name>KFF-1281 · State Parks trailhead: Sassafras</name><styleUrl>#acc_near</styleUrl><description><![CDATA[parking: yes<br>1.5 mi from the matching POTA park GPS point<br>Nearby point (within 5 mi). It may be outside the area — e.g. Corps of Engineers or other land. Check the official map.<br><a href="https://www.google.com/maps/search/?api=1&amp;query=37.714703,-82.739148">Open in Google Maps</a>]]></description><Point><coordinates>-82.739148,37.714703,0</coordinates></Point></Placemark>
<Placemark><name>KFF-1281 · State Parks trailhead: Sassafras Spur</name><styleUrl>#acc_near</styleUrl><description><![CDATA[Trail: Sassafras; parking: yes<br>1.5 mi from the matching POTA park GPS point<br>Nearby point (within 5 mi). It may be outside the area — e.g. Corps of Engineers or other land. Check the official map.<br><a href="https://www.google.com/maps/search/?api=1&amp;query=37.714829,-82.739721">Open in Google Maps</a>]]></description><Point><coordinates>-82.739721,37.714829,0</coordinates></Point></Placemark>
<Placemark><name>KFF-1281 · State Parks trailhead: Jenny Wiley And Road</name><styleUrl>#acc_near</styleUrl><description><![CDATA[Trail: Jenny Wiley; parking: yes<br>2.3 mi from the matching POTA park GPS point<br>Nearby point (within 5 mi). It may be outside the area — e.g. Corps of Engineers or other land. Check the official map.<br><a href="https://www.google.com/maps/search/?api=1&amp;query=37.726031,-82.742775">Open in Google Maps</a>]]></description><Point><coordinates>-82.742775,37.726031,0</coordinates></Point></Placemark>
<Placemark><name>KFF-1282 · State Parks trailhead: Cherokee</name><styleUrl>#acc_near</styleUrl><description><![CDATA[parking: yes<br>0.1 mi from the matching POTA park GPS point<br>Nearby point (within 5 mi). It may be outside the area — e.g. Corps of Engineers or other land. Check the official map.<br><a href="https://www.google.com/maps/search/?api=1&amp;query=36.760341,-88.139738">Open in Google Maps</a>]]></description><Point><coordinates>-88.139738,36.760341,0</coordinates></Point></Placemark>
<Placemark><name>KFF-1282 · State Parks trailhead: Chickasaw</name><styleUrl>#acc_near</styleUrl><description><![CDATA[parking: yes<br>0.3 mi from the matching POTA park GPS point<br>Nearby point (within 5 mi). It may be outside the area — e.g. Corps of Engineers or other land. Check the official map.<br><a href="https://www.google.com/maps/search/?api=1&amp;query=36.763687,-88.141541">Open in Google Maps</a>]]></description><Point><coordinates>-88.141541,36.763687,0</coordinates></Point></Placemark>
<Placemark><name>KFF-1282 · State Parks trailhead: Cherokee</name><styleUrl>#acc_near</styleUrl><description><![CDATA[parking: no<br>0.3 mi from the matching POTA park GPS point<br>Nearby point (within 5 mi). It may be outside the area — e.g. Corps of Engineers or other land. Check the official map.<br><a href="https://www.google.com/maps/search/?api=1&amp;query=36.763637,-88.14211">Open in Google Maps</a>]]></description><Point><coordinates>-88.14211,36.763637,0</coordinates></Point></Placemark>
<Placemark><name>KFF-1282 · State Parks trailhead: Chickasaw</name><styleUrl>#acc_near</styleUrl><description><![CDATA[parking: yes<br>0.6 mi from the matching POTA park GPS point<br>Nearby point (within 5 mi). It may be outside the area — e.g. Corps of Engineers or other land. Check the official map.<br><a href="https://www.google.com/maps/search/?api=1&amp;query=36.768108,-88.139547">Open in Google Maps</a>]]></description><Point><coordinates>-88.139547,36.768108,0</coordinates></Point></Placemark>
<Placemark><name>KFF-1282 · State Parks trailhead: Coach Lester Mimms Campground</name><styleUrl>#acc_near</styleUrl><description><![CDATA[Trail: Coach Lester Mimms; parking: no<br>0.9 mi from the matching POTA park GPS point<br>Nearby point (within 5 mi). It may be outside the area — e.g. Corps of Engineers or other land. Check the official map.<br><a href="https://www.google.com/maps/search/?api=1&amp;query=36.772,-88.137789">Open in Google Maps</a>]]></description><Point><coordinates>-88.137789,36.772,0</coordinates></Point></Placemark>
<Placemark><name>KFF-1282 · State Parks trailhead: Coach Lester Mimms Cherokee</name><styleUrl>#acc_near</styleUrl><description><![CDATA[Trail: Coach Lester Mimms; parking: yes<br>1.9 mi from the matching POTA park GPS point<br>Nearby point (within 5 mi). It may be outside the area — e.g. Corps of Engineers or other land. Check the official map.<br><a href="https://www.google.com/maps/search/?api=1&amp;query=36.787535,-88.143211">Open in Google Maps</a>]]></description><Point><coordinates>-88.143211,36.787535,0</coordinates></Point></Placemark>
<Placemark><name>KFF-1283 · State Parks trailhead: Calvert City Greenway</name><styleUrl>#acc_near</styleUrl><description><![CDATA[parking: yes<br>0.1 mi from the matching POTA park GPS point<br>Nearby point (within 5 mi). It may be outside the area — e.g. Corps of Engineers or other land. Check the official map.<br><a href="https://www.google.com/maps/search/?api=1&amp;query=36.99969,-88.289124">Open in Google Maps</a>]]></description><Point><coordinates>-88.289124,36.99969,0</coordinates></Point></Placemark>
<Placemark><name>KFF-1283 · State Parks trailhead: Sail</name><styleUrl>#acc_near</styleUrl><description><![CDATA[parking: no<br>0.3 mi from the matching POTA park GPS point<br>Nearby point (within 5 mi). It may be outside the area — e.g. Corps of Engineers or other land. Check the official map.<br><a href="https://www.google.com/maps/search/?api=1&amp;query=36.994125,-88.290439">Open in Google Maps</a>]]></description><Point><coordinates>-88.290439,36.994125,0</coordinates></Point></Placemark>
<Placemark><name>KFF-1283 · State Parks trailhead: Sail</name><styleUrl>#acc_near</styleUrl><description><![CDATA[parking: no<br>0.6 mi from the matching POTA park GPS point<br>Nearby point (within 5 mi). It may be outside the area — e.g. Corps of Engineers or other land. Check the official map.<br><a href="https://www.google.com/maps/search/?api=1&amp;query=36.990203,-88.292704">Open in Google Maps</a>]]></description><Point><coordinates>-88.292704,36.990203,0</coordinates></Point></Placemark>
<Placemark><name>KFF-1283 · State Parks trailhead: Lakeshore</name><styleUrl>#acc_near</styleUrl><description><![CDATA[parking: no<br>0.6 mi from the matching POTA park GPS point<br>Nearby point (within 5 mi). It may be outside the area — e.g. Corps of Engineers or other land. Check the official map.<br><a href="https://www.google.com/maps/search/?api=1&amp;query=36.989896,-88.292773">Open in Google Maps</a>]]></description><Point><coordinates>-88.292773,36.989896,0</coordinates></Point></Placemark>
<Placemark><name>KFF-1283 · State Parks trailhead: Lakeshore</name><styleUrl>#acc_near</styleUrl><description><![CDATA[parking: no<br>1.0 mi from the matching POTA park GPS point<br>Nearby point (within 5 mi). It may be outside the area — e.g. Corps of Engineers or other land. Check the official map.<br><a href="https://www.google.com/maps/search/?api=1&amp;query=36.984812,-88.294187">Open in Google Maps</a>]]></description><Point><coordinates>-88.294187,36.984812,0</coordinates></Point></Placemark>
<Placemark><name>KFF-1283 · State Parks trailhead: Bo Beckett Memorial</name><styleUrl>#acc_near</styleUrl><description><![CDATA[parking: yes<br>1.0 mi from the matching POTA park GPS point<br>Nearby point (within 5 mi). It may be outside the area — e.g. Corps of Engineers or other land. Check the official map.<br><a href="https://www.google.com/maps/search/?api=1&amp;query=36.983914,-88.29412">Open in Google Maps</a>]]></description><Point><coordinates>-88.29412,36.983914,0</coordinates></Point></Placemark>
<Placemark><name>KFF-1284 · State Parks trailhead: Fitness Center</name><styleUrl>#acc_near</styleUrl><description><![CDATA[parking: yes<br>0.1 mi from the matching POTA park GPS point<br>Nearby point (within 5 mi). It may be outside the area — e.g. Corps of Engineers or other land. Check the official map.<br><a href="https://www.google.com/maps/search/?api=1&amp;query=36.848954,-87.932879">Open in Google Maps</a>]]></description><Point><coordinates>-87.932879,36.848954,0</coordinates></Point></Placemark>
<Placemark><name>KFF-1284 · State Parks trailhead: Lena Madesin/Wilderness/Cedar Grove</name><styleUrl>#acc_near</styleUrl><description><![CDATA[Trail: Lena Madesin; parking: yes<br>0.1 mi from the matching POTA park GPS point<br>Nearby point (within 5 mi). It may be outside the area — e.g. Corps of Engineers or other land. Check the official map.<br><a href="https://www.google.com/maps/search/?api=1&amp;query=36.849271,-87.930539">Open in Google Maps</a>]]></description><Point><coordinates>-87.930539,36.849271,0</coordinates></Point></Placemark>
<Placemark><name>KFF-1284 · State Parks trailhead: Fitness Center</name><styleUrl>#acc_near</styleUrl><description><![CDATA[parking: yes<br>0.1 mi from the matching POTA park GPS point<br>Nearby point (within 5 mi). It may be outside the area — e.g. Corps of Engineers or other land. Check the official map.<br><a href="https://www.google.com/maps/search/?api=1&amp;query=36.848934,-87.934112">Open in Google Maps</a>]]></description><Point><coordinates>-87.934112,36.848934,0</coordinates></Point></Placemark>
<Placemark><name>KFF-1284 · State Parks trailhead: Blue Springs</name><styleUrl>#acc_near</styleUrl><description><![CDATA[parking: no<br>0.1 mi from the matching POTA park GPS point<br>Nearby point (within 5 mi). It may be outside the area — e.g. Corps of Engineers or other land. Check the official map.<br><a href="https://www.google.com/maps/search/?api=1&amp;query=36.847788,-87.933218">Open in Google Maps</a>]]></description><Point><coordinates>-87.933218,36.847788,0</coordinates></Point></Placemark>
<Placemark><name>KFF-1284 · State Parks trailhead: Blue Springs</name><styleUrl>#acc_near</styleUrl><description><![CDATA[parking: yes<br>0.2 mi from the matching POTA park GPS point<br>Nearby point (within 5 mi). It may be outside the area — e.g. Corps of Engineers or other land. Check the official map.<br><a href="https://www.google.com/maps/search/?api=1&amp;query=36.846877,-87.933837">Open in Google Maps</a>]]></description><Point><coordinates>-87.933837,36.846877,0</coordinates></Point></Placemark>
<Placemark><name>KFF-1284 · State Parks trailhead: Cedar Grove</name><styleUrl>#acc_near</styleUrl><description><![CDATA[parking: yes<br>0.6 mi from the matching POTA park GPS point<br>Nearby point (within 5 mi). It may be outside the area — e.g. Corps of Engineers or other land. Check the official map.<br><a href="https://www.google.com/maps/search/?api=1&amp;query=36.855261,-87.925008">Open in Google Maps</a>]]></description><Point><coordinates>-87.925008,36.855261,0</coordinates></Point></Placemark>
<Placemark><name>KFF-1284 · State Parks trailhead: Wagon Wheel</name><styleUrl>#acc_near</styleUrl><description><![CDATA[parking: yes<br>0.7 mi from the matching POTA park GPS point<br>Nearby point (within 5 mi). It may be outside the area — e.g. Corps of Engineers or other land. Check the official map.<br><a href="https://www.google.com/maps/search/?api=1&amp;query=36.856947,-87.923046">Open in Google Maps</a>]]></description><Point><coordinates>-87.923046,36.856947,0</coordinates></Point></Placemark>
<Placemark><name>KFF-1284 · State Parks trailhead: Wagon Wheel</name><styleUrl>#acc_near</styleUrl><description><![CDATA[parking: yes<br>0.8 mi from the matching POTA park GPS point<br>Nearby point (within 5 mi). It may be outside the area — e.g. Corps of Engineers or other land. Check the official map.<br><a href="https://www.google.com/maps/search/?api=1&amp;query=36.855509,-87.919027">Open in Google Maps</a>]]></description><Point><coordinates>-87.919027,36.855509,0</coordinates></Point></Placemark>
<Placemark><name>KFF-1284 · State Parks trailhead: Wilderness</name><styleUrl>#acc_near</styleUrl><description><![CDATA[parking: yes<br>0.8 mi from the matching POTA park GPS point<br>Nearby point (within 5 mi). It may be outside the area — e.g. Corps of Engineers or other land. Check the official map.<br><a href="https://www.google.com/maps/search/?api=1&amp;query=36.855654,-87.919078">Open in Google Maps</a>]]></description><Point><coordinates>-87.919078,36.855654,0</coordinates></Point></Placemark>
<Placemark><name>KFF-1284 · State Parks trailhead: Wilderness</name><styleUrl>#acc_near</styleUrl><description><![CDATA[parking: no<br>1.1 mi from the matching POTA park GPS point<br>Nearby point (within 5 mi). It may be outside the area — e.g. Corps of Engineers or other land. Check the official map.<br><a href="https://www.google.com/maps/search/?api=1&amp;query=36.844271,-87.913593">Open in Google Maps</a>]]></description><Point><coordinates>-87.913593,36.844271,0</coordinates></Point></Placemark>
<Placemark><name>KFF-1284 · State Parks trailhead: Stable</name><styleUrl>#acc_near</styleUrl><description><![CDATA[parking: yes<br>1.1 mi from the matching POTA park GPS point<br>Nearby point (within 5 mi). It may be outside the area — e.g. Corps of Engineers or other land. Check the official map.<br><a href="https://www.google.com/maps/search/?api=1&amp;query=36.844114,-87.91364">Open in Google Maps</a>]]></description><Point><coordinates>-87.91364,36.844114,0</coordinates></Point></Placemark>
<Placemark><name>KFF-1284 · State Parks trailhead: Wilderness</name><styleUrl>#acc_near</styleUrl><description><![CDATA[parking: no<br>1.1 mi from the matching POTA park GPS point<br>Nearby point (within 5 mi). It may be outside the area — e.g. Corps of Engineers or other land. Check the official map.<br><a href="https://www.google.com/maps/search/?api=1&amp;query=36.845554,-87.912498">Open in Google Maps</a>]]></description><Point><coordinates>-87.912498,36.845554,0</coordinates></Point></Placemark>
<Placemark><name>KFF-1285 · State Parks trailhead: Overlook</name><styleUrl>#acc_near</styleUrl><description><![CDATA[Trail: Lake Bluff; parking: yes<br>0.0 mi from the matching POTA park GPS point<br>Nearby point (within 5 mi). It may be outside the area — e.g. Corps of Engineers or other land. Check the official map.<br><a href="https://www.google.com/maps/search/?api=1&amp;query=36.931131,-85.042713">Open in Google Maps</a>]]></description><Point><coordinates>-85.042713,36.931131,0</coordinates></Point></Placemark>
<Placemark><name>KFF-1285 · State Parks trailhead: Conference Center</name><styleUrl>#acc_near</styleUrl><description><![CDATA[Trail: Lake Bluff; parking: yes<br>0.1 mi from the matching POTA park GPS point<br>Nearby point (within 5 mi). It may be outside the area — e.g. Corps of Engineers or other land. Check the official map.<br><a href="https://www.google.com/maps/search/?api=1&amp;query=36.92935,-85.040894">Open in Google Maps</a>]]></description><Point><coordinates>-85.040894,36.92935,0</coordinates></Point></Placemark>
<Placemark><name>KFF-1285 · State Parks trailhead: Pumpkin Creek Lodge</name><styleUrl>#acc_near</styleUrl><description><![CDATA[Trail: Lake Bluff; parking: yes<br>0.4 mi from the matching POTA park GPS point<br>Nearby point (within 5 mi). It may be outside the area — e.g. Corps of Engineers or other land. Check the official map.<br><a href="https://www.google.com/maps/search/?api=1&amp;query=36.926616,-85.046952">Open in Google Maps</a>]]></description><Point><coordinates>-85.046952,36.926616,0</coordinates></Point></Placemark>
<Placemark><name>KFF-1285 · State Parks trailhead: Perch</name><styleUrl>#acc_near</styleUrl><description><![CDATA[parking: yes<br>0.6 mi from the matching POTA park GPS point<br>Nearby point (within 5 mi). It may be outside the area — e.g. Corps of Engineers or other land. Check the official map.<br><a href="https://www.google.com/maps/search/?api=1&amp;query=36.921898,-85.042068">Open in Google Maps</a>]]></description><Point><coordinates>-85.042068,36.921898,0</coordinates></Point></Placemark>
<Placemark><name>KFF-1285 · State Parks trailhead: Baugh Branch</name><styleUrl>#acc_near</styleUrl><description><![CDATA[parking: yes<br>2.7 mi from the matching POTA park GPS point<br>Nearby point (within 5 mi). It may be outside the area — e.g. Corps of Engineers or other land. Check the official map.<br><a href="https://www.google.com/maps/search/?api=1&amp;query=36.901532,-85.074761">Open in Google Maps</a>]]></description><Point><coordinates>-85.074761,36.901532,0</coordinates></Point></Placemark>
<Placemark><name>KFF-1286 · State Parks trailhead: Hood'S Branch</name><styleUrl>#acc_near</styleUrl><description><![CDATA[parking: yes<br>0.4 mi from the matching POTA park GPS point<br>Nearby point (within 5 mi). It may be outside the area — e.g. Corps of Engineers or other land. Check the official map.<br><a href="https://www.google.com/maps/search/?api=1&amp;query=37.781544,-83.691154">Open in Google Maps</a>]]></description><Point><coordinates>-83.691154,37.781544,0</coordinates></Point></Placemark>
<Placemark><name>KFF-1286 · State Parks trailhead: Low Gap</name><styleUrl>#acc_near</styleUrl><description><![CDATA[parking: yes<br>0.4 mi from the matching POTA park GPS point<br>Nearby point (within 5 mi). It may be outside the area — e.g. Corps of Engineers or other land. Check the official map.<br><a href="https://www.google.com/maps/search/?api=1&amp;query=37.782127,-83.689375">Open in Google Maps</a>]]></description><Point><coordinates>-83.689375,37.782127,0</coordinates></Point></Placemark>
<Placemark><name>KFF-1286 · State Parks trailhead: Hemlock Lodge Access To Original</name><styleUrl>#acc_near</styleUrl><description><![CDATA[parking: yes<br>0.4 mi from the matching POTA park GPS point<br>Nearby point (within 5 mi). It may be outside the area — e.g. Corps of Engineers or other land. Check the official map.<br><a href="https://www.google.com/maps/search/?api=1&amp;query=37.776453,-83.680986">Open in Google Maps</a>]]></description><Point><coordinates>-83.680986,37.776453,0</coordinates></Point></Placemark>
<Placemark><name>KFF-1286 · State Parks trailhead: The Original</name><styleUrl>#acc_near</styleUrl><description><![CDATA[parking: yes<br>0.6 mi from the matching POTA park GPS point<br>Nearby point (within 5 mi). It may be outside the area — e.g. Corps of Engineers or other land. Check the official map.<br><a href="https://www.google.com/maps/search/?api=1&amp;query=37.77552,-83.678219">Open in Google Maps</a>]]></description><Point><coordinates>-83.678219,37.77552,0</coordinates></Point></Placemark>
<Placemark><name>KFF-1286 · State Parks trailhead: Lakeside</name><styleUrl>#acc_near</styleUrl><description><![CDATA[parking: yes<br>0.6 mi from the matching POTA park GPS point<br>Nearby point (within 5 mi). It may be outside the area — e.g. Corps of Engineers or other land. Check the official map.<br><a href="https://www.google.com/maps/search/?api=1&amp;query=37.777401,-83.677035">Open in Google Maps</a>]]></description><Point><coordinates>-83.677035,37.777401,0</coordinates></Point></Placemark>
<Placemark><name>KFF-1286 · State Parks trailhead: Henson'S Arch</name><styleUrl>#acc_near</styleUrl><description><![CDATA[parking: yes<br>0.8 mi from the matching POTA park GPS point<br>Nearby point (within 5 mi). It may be outside the area — e.g. Corps of Engineers or other land. Check the official map.<br><a href="https://www.google.com/maps/search/?api=1&amp;query=37.779851,-83.673686">Open in Google Maps</a>]]></description><Point><coordinates>-83.673686,37.779851,0</coordinates></Point></Placemark>
<Placemark><name>KFF-1286 · State Parks trailhead: Whittleton</name><styleUrl>#acc_near</styleUrl><description><![CDATA[parking: no<br>0.9 mi from the matching POTA park GPS point<br>Nearby point (within 5 mi). It may be outside the area — e.g. Corps of Engineers or other land. Check the official map.<br><a href="https://www.google.com/maps/search/?api=1&amp;query=37.782714,-83.672955">Open in Google Maps</a>]]></description><Point><coordinates>-83.672955,37.782714,0</coordinates></Point></Placemark>
<Placemark><name>KFF-1287 · State Parks trailhead: Lodge</name><styleUrl>#acc_near</styleUrl><description><![CDATA[Trail: Lake; parking: yes<br>0.0 mi from the matching POTA park GPS point<br>Nearby point (within 5 mi). It may be outside the area — e.g. Corps of Engineers or other land. Check the official map.<br><a href="https://www.google.com/maps/search/?api=1&amp;query=37.072505,-87.662714">Open in Google Maps</a>]]></description><Point><coordinates>-87.662714,37.072505,0</coordinates></Point></Placemark>
<Placemark><name>KFF-1287 · State Parks trailhead: Indian Bluff/Pennyrile Nature Trail</name><styleUrl>#acc_near</styleUrl><description><![CDATA[Trail: Indian Bluff; parking: no<br>0.1 mi from the matching POTA park GPS point<br>Nearby point (within 5 mi). It may be outside the area — e.g. Corps of Engineers or other land. Check the official map.<br><a href="https://www.google.com/maps/search/?api=1&amp;query=37.073787,-87.663509">Open in Google Maps</a>]]></description><Point><coordinates>-87.663509,37.073787,0</coordinates></Point></Placemark>
<Placemark><name>KFF-1287 · State Parks trailhead: Clifty Creek</name><styleUrl>#acc_near</styleUrl><description><![CDATA[parking: yes<br>0.2 mi from the matching POTA park GPS point<br>Nearby point (within 5 mi). It may be outside the area — e.g. Corps of Engineers or other land. Check the official map.<br><a href="https://www.google.com/maps/search/?api=1&amp;query=37.074225,-87.665354">Open in Google Maps</a>]]></description><Point><coordinates>-87.665354,37.074225,0</coordinates></Point></Placemark>
<Placemark><name>KFF-1287 · State Parks trailhead: Thompsons Hollow</name><styleUrl>#acc_near</styleUrl><description><![CDATA[parking: yes<br>0.2 mi from the matching POTA park GPS point<br>Nearby point (within 5 mi). It may be outside the area — e.g. Corps of Engineers or other land. Check the official map.<br><a href="https://www.google.com/maps/search/?api=1&amp;query=37.070711,-87.660614">Open in Google Maps</a>]]></description><Point><coordinates>-87.660614,37.070711,0</coordinates></Point></Placemark>
<Placemark><name>KFF-1287 · State Parks trailhead: Thompsons Hollow</name><styleUrl>#acc_near</styleUrl><description><![CDATA[parking: yes<br>0.2 mi from the matching POTA park GPS point<br>Nearby point (within 5 mi). It may be outside the area — e.g. Corps of Engineers or other land. Check the official map.<br><a href="https://www.google.com/maps/search/?api=1&amp;query=37.071235,-87.659709">Open in Google Maps</a>]]></description><Point><coordinates>-87.659709,37.071235,0</coordinates></Point></Placemark>
<Placemark><name>KFF-1287 · State Parks trailhead: Beach</name><styleUrl>#acc_near</styleUrl><description><![CDATA[Trail: Lake; parking: yes<br>0.2 mi from the matching POTA park GPS point<br>Nearby point (within 5 mi). It may be outside the area — e.g. Corps of Engineers or other land. Check the official map.<br><a href="https://www.google.com/maps/search/?api=1&amp;query=37.070111,-87.660651">Open in Google Maps</a>]]></description><Point><coordinates>-87.660651,37.070111,0</coordinates></Point></Placemark>
<Placemark><name>KFF-1287 · State Parks trailhead: Cane</name><styleUrl>#acc_near</styleUrl><description><![CDATA[parking: yes<br>0.2 mi from the matching POTA park GPS point<br>Nearby point (within 5 mi). It may be outside the area — e.g. Corps of Engineers or other land. Check the official map.<br><a href="https://www.google.com/maps/search/?api=1&amp;query=37.069995,-87.665363">Open in Google Maps</a>]]></description><Point><coordinates>-87.665363,37.069995,0</coordinates></Point></Placemark>
<Placemark><name>KFF-1287 · State Parks trailhead: Lake</name><styleUrl>#acc_near</styleUrl><description><![CDATA[parking: yes<br>0.2 mi from the matching POTA park GPS point<br>Nearby point (within 5 mi). It may be outside the area — e.g. Corps of Engineers or other land. Check the official map.<br><a href="https://www.google.com/maps/search/?api=1&amp;query=37.069962,-87.665321">Open in Google Maps</a>]]></description><Point><coordinates>-87.665321,37.069962,0</coordinates></Point></Placemark>
<Placemark><name>KFF-1287 · State Parks trailhead: Pennyroyal</name><styleUrl>#acc_near</styleUrl><description><![CDATA[parking: yes<br>0.3 mi from the matching POTA park GPS point<br>Nearby point (within 5 mi). It may be outside the area — e.g. Corps of Engineers or other land. Check the official map.<br><a href="https://www.google.com/maps/search/?api=1&amp;query=37.069222,-87.658546">Open in Google Maps</a>]]></description><Point><coordinates>-87.658546,37.069222,0</coordinates></Point></Placemark>
<Placemark><name>KFF-1287 · State Parks trailhead: Campers Trace</name><styleUrl>#acc_near</styleUrl><description><![CDATA[parking: yes<br>0.4 mi from the matching POTA park GPS point<br>Nearby point (within 5 mi). It may be outside the area — e.g. Corps of Engineers or other land. Check the official map.<br><a href="https://www.google.com/maps/search/?api=1&amp;query=37.072731,-87.655818">Open in Google Maps</a>]]></description><Point><coordinates>-87.655818,37.072731,0</coordinates></Point></Placemark>
<Placemark><name>KFF-1287 · State Parks trailhead: Campers Trace</name><styleUrl>#acc_near</styleUrl><description><![CDATA[parking: no<br>0.5 mi from the matching POTA park GPS point<br>Nearby point (within 5 mi). It may be outside the area — e.g. Corps of Engineers or other land. Check the official map.<br><a href="https://www.google.com/maps/search/?api=1&amp;query=37.075051,-87.655306">Open in Google Maps</a>]]></description><Point><coordinates>-87.655306,37.075051,0</coordinates></Point></Placemark>
<Placemark><name>KFF-1288 · State Parks trailhead: Rock Hotel</name><styleUrl>#acc_near</styleUrl><description><![CDATA[parking: no<br>0.0 mi from the matching POTA park GPS point<br>Nearby point (within 5 mi). It may be outside the area — e.g. Corps of Engineers or other land. Check the official map.<br><a href="https://www.google.com/maps/search/?api=1&amp;query=36.747713,-83.7119">Open in Google Maps</a>]]></description><Point><coordinates>-83.7119,36.747713,0</coordinates></Point></Placemark>
<Placemark><name>KFF-1288 · State Parks trailhead: Longhunter</name><styleUrl>#acc_near</styleUrl><description><![CDATA[parking: yes<br>0.2 mi from the matching POTA park GPS point<br>Nearby point (within 5 mi). It may be outside the area — e.g. Corps of Engineers or other land. Check the official map.<br><a href="https://www.google.com/maps/search/?api=1&amp;query=36.744708,-83.710697">Open in Google Maps</a>]]></description><Point><coordinates>-83.710697,36.744708,0</coordinates></Point></Placemark>
<Placemark><name>KFF-1288 · State Parks trailhead: Laurel Cove</name><styleUrl>#acc_near</styleUrl><description><![CDATA[parking: yes<br>0.4 mi from the matching POTA park GPS point<br>Nearby point (within 5 mi). It may be outside the area — e.g. Corps of Engineers or other land. Check the official map.<br><a href="https://www.google.com/maps/search/?api=1&amp;query=36.743494,-83.705817">Open in Google Maps</a>]]></description><Point><coordinates>-83.705817,36.743494,0</coordinates></Point></Placemark>
<Placemark><name>KFF-1288 · State Parks trailhead: Azalea</name><styleUrl>#acc_near</styleUrl><description><![CDATA[parking: yes<br>0.6 mi from the matching POTA park GPS point<br>Nearby point (within 5 mi). It may be outside the area — e.g. Corps of Engineers or other land. Check the official map.<br><a href="https://www.google.com/maps/search/?api=1&amp;query=36.743466,-83.703512">Open in Google Maps</a>]]></description><Point><coordinates>-83.703512,36.743466,0</coordinates></Point></Placemark>
<Placemark><name>KFF-1288 · State Parks trailhead: Chained Rock</name><styleUrl>#acc_near</styleUrl><description><![CDATA[parking: yes<br>0.7 mi from the matching POTA park GPS point<br>Nearby point (within 5 mi). It may be outside the area — e.g. Corps of Engineers or other land. Check the official map.<br><a href="https://www.google.com/maps/search/?api=1&amp;query=36.7544,-83.703643">Open in Google Maps</a>]]></description><Point><coordinates>-83.703643,36.7544,0</coordinates></Point></Placemark>
<Placemark><name>KFF-1288 · State Parks trailhead: Narrows Overlook</name><styleUrl>#acc_near</styleUrl><description><![CDATA[parking: yes<br>1.2 mi from the matching POTA park GPS point<br>Nearby point (within 5 mi). It may be outside the area — e.g. Corps of Engineers or other land. Check the official map.<br><a href="https://www.google.com/maps/search/?api=1&amp;query=36.743463,-83.691352">Open in Google Maps</a>]]></description><Point><coordinates>-83.691352,36.743463,0</coordinates></Point></Placemark>
<Placemark><name>KFF-1288 · State Parks trailhead: Ridgerunner</name><styleUrl>#acc_near</styleUrl><description><![CDATA[parking: no<br>1.4 mi from the matching POTA park GPS point<br>Nearby point (within 5 mi). It may be outside the area — e.g. Corps of Engineers or other land. Check the official map.<br><a href="https://www.google.com/maps/search/?api=1&amp;query=36.744155,-83.738233">Open in Google Maps</a>]]></description><Point><coordinates>-83.738233,36.744155,0</coordinates></Point></Placemark>
<Placemark><name>KFF-1288 · State Parks trailhead: Lost</name><styleUrl>#acc_near</styleUrl><description><![CDATA[parking: no<br>1.5 mi from the matching POTA park GPS point<br>Nearby point (within 5 mi). It may be outside the area — e.g. Corps of Engineers or other land. Check the official map.<br><a href="https://www.google.com/maps/search/?api=1&amp;query=36.736753,-83.736053">Open in Google Maps</a>]]></description><Point><coordinates>-83.736053,36.736753,0</coordinates></Point></Placemark>
<Placemark><name>KFF-1288 · State Parks trailhead: Living Stairway/Fern Garden</name><styleUrl>#acc_near</styleUrl><description><![CDATA[Trail: Living Stairway; parking: yes<br>1.5 mi from the matching POTA park GPS point<br>Nearby point (within 5 mi). It may be outside the area — e.g. Corps of Engineers or other land. Check the official map.<br><a href="https://www.google.com/maps/search/?api=1&amp;query=36.739019,-83.737442">Open in Google Maps</a>]]></description><Point><coordinates>-83.737442,36.739019,0</coordinates></Point></Placemark>
<Placemark><name>KFF-1288 · State Parks trailhead: Fern Garden/Living Stairway</name><styleUrl>#acc_near</styleUrl><description><![CDATA[Trail: Lost; parking: no<br>1.5 mi from the matching POTA park GPS point<br>Nearby point (within 5 mi). It may be outside the area — e.g. Corps of Engineers or other land. Check the official map.<br><a href="https://www.google.com/maps/search/?api=1&amp;query=36.737138,-83.73697">Open in Google Maps</a>]]></description><Point><coordinates>-83.73697,36.737138,0</coordinates></Point></Placemark>
<Placemark><name>KFF-1288 · State Parks trailhead: Honeymoon Falls</name><styleUrl>#acc_near</styleUrl><description><![CDATA[parking: yes<br>1.6 mi from the matching POTA park GPS point<br>Nearby point (within 5 mi). It may be outside the area — e.g. Corps of Engineers or other land. Check the official map.<br><a href="https://www.google.com/maps/search/?api=1&amp;query=36.736705,-83.737228">Open in Google Maps</a>]]></description><Point><coordinates>-83.737228,36.736705,0</coordinates></Point></Placemark>
<Placemark><name>KFF-1288 · State Parks trailhead: Clear Creek Hollow</name><styleUrl>#acc_near</styleUrl><description><![CDATA[parking: yes<br>1.6 mi from the matching POTA park GPS point<br>Nearby point (within 5 mi). It may be outside the area — e.g. Corps of Engineers or other land. Check the official map.<br><a href="https://www.google.com/maps/search/?api=1&amp;query=36.728242,-83.727544">Open in Google Maps</a>]]></description><Point><coordinates>-83.727544,36.728242,0</coordinates></Point></Placemark>
<Placemark><name>KFF-1288 · State Parks trailhead: Honeymoon Falls</name><styleUrl>#acc_near</styleUrl><description><![CDATA[parking: yes<br>1.6 mi from the matching POTA park GPS point<br>Nearby point (within 5 mi). It may be outside the area — e.g. Corps of Engineers or other land. Check the official map.<br><a href="https://www.google.com/maps/search/?api=1&amp;query=36.738565,-83.738468">Open in Google Maps</a>]]></description><Point><coordinates>-83.738468,36.738565,0</coordinates></Point></Placemark>
<Placemark><name>KFF-1288 · State Parks trailhead: Clear Creek Hollow</name><styleUrl>#acc_near</styleUrl><description><![CDATA[parking: yes<br>1.6 mi from the matching POTA park GPS point<br>Nearby point (within 5 mi). It may be outside the area — e.g. Corps of Engineers or other land. Check the official map.<br><a href="https://www.google.com/maps/search/?api=1&amp;query=36.728165,-83.727672">Open in Google Maps</a>]]></description><Point><coordinates>-83.727672,36.728165,0</coordinates></Point></Placemark>
<Placemark><name>KFF-1288 · State Parks trailhead: Hemlock Garden</name><styleUrl>#acc_near</styleUrl><description><![CDATA[parking: yes<br>1.6 mi from the matching POTA park GPS point<br>Nearby point (within 5 mi). It may be outside the area — e.g. Corps of Engineers or other land. Check the official map.<br><a href="https://www.google.com/maps/search/?api=1&amp;query=36.736528,-83.7379">Open in Google Maps</a>]]></description><Point><coordinates>-83.7379,36.736528,0</coordinates></Point></Placemark>
<Placemark><name>KFF-1288 · State Parks trailhead: Honeymoon Falls</name><styleUrl>#acc_near</styleUrl><description><![CDATA[parking: yes<br>1.7 mi from the matching POTA park GPS point<br>Nearby point (within 5 mi). It may be outside the area — e.g. Corps of Engineers or other land. Check the official map.<br><a href="https://www.google.com/maps/search/?api=1&amp;query=36.737895,-83.740652">Open in Google Maps</a>]]></description><Point><coordinates>-83.740652,36.737895,0</coordinates></Point></Placemark>
<Placemark><name>KFF-1288 · State Parks trailhead: Hemlock Garden</name><styleUrl>#acc_near</styleUrl><description><![CDATA[parking: yes<br>1.7 mi from the matching POTA park GPS point<br>Nearby point (within 5 mi). It may be outside the area — e.g. Corps of Engineers or other land. Check the official map.<br><a href="https://www.google.com/maps/search/?api=1&amp;query=36.734249,-83.738732">Open in Google Maps</a>]]></description><Point><coordinates>-83.738732,36.734249,0</coordinates></Point></Placemark>
<Placemark><name>KFF-1288 · State Parks trailhead: Ridgerunner</name><styleUrl>#acc_near</styleUrl><description><![CDATA[parking: yes<br>1.9 mi from the matching POTA park GPS point<br>Nearby point (within 5 mi). It may be outside the area — e.g. Corps of Engineers or other land. Check the official map.<br><a href="https://www.google.com/maps/search/?api=1&amp;query=36.742233,-83.745811">Open in Google Maps</a>]]></description><Point><coordinates>-83.745811,36.742233,0</coordinates></Point></Placemark>
<Placemark><name>KFF-1289 · State Parks trailhead: Lodge</name><styleUrl>#acc_near</styleUrl><description><![CDATA[Trail: Marina; parking: yes<br>0.1 mi from the matching POTA park GPS point<br>Nearby point (within 5 mi). It may be outside the area — e.g. Corps of Engineers or other land. Check the official map.<br><a href="https://www.google.com/maps/search/?api=1&amp;query=37.611744,-86.503225">Open in Google Maps</a>]]></description><Point><coordinates>-86.503225,37.611744,0</coordinates></Point></Placemark>
<Placemark><name>KFF-1289 · State Parks trailhead: Mini Golf</name><styleUrl>#acc_near</styleUrl><description><![CDATA[Trail: Walking; parking: no<br>0.2 mi from the matching POTA park GPS point<br>Nearby point (within 5 mi). It may be outside the area — e.g. Corps of Engineers or other land. Check the official map.<br><a href="https://www.google.com/maps/search/?api=1&amp;query=37.612477,-86.50255">Open in Google Maps</a>]]></description><Point><coordinates>-86.50255,37.612477,0</coordinates></Point></Placemark>
<Placemark><name>KFF-1289 · State Parks trailhead: Cottages</name><styleUrl>#acc_near</styleUrl><description><![CDATA[Trail: Marina; parking: no<br>0.5 mi from the matching POTA park GPS point<br>Nearby point (within 5 mi). It may be outside the area — e.g. Corps of Engineers or other land. Check the official map.<br><a href="https://www.google.com/maps/search/?api=1&amp;query=37.602712,-86.507441">Open in Google Maps</a>]]></description><Point><coordinates>-86.507441,37.602712,0</coordinates></Point></Placemark>
<Placemark><name>KFF-3779 · State Parks trailhead: Museum</name><styleUrl>#acc_near</styleUrl><description><![CDATA[Trail: Big Bone Creek; parking: yes<br>0.3 mi from the matching POTA park GPS point<br>Nearby point (within 5 mi). It may be outside the area — e.g. Corps of Engineers or other land. Check the official map.<br><a href="https://www.google.com/maps/search/?api=1&amp;query=38.884476,-84.752765">Open in Google Maps</a>]]></description><Point><coordinates>-84.752765,38.884476,0</coordinates></Point></Placemark>
<Placemark><name>KFF-3779 · State Parks trailhead: Museum Parking Lot</name><styleUrl>#acc_near</styleUrl><description><![CDATA[Trail: Gobblers Trace / Bison Trace; parking: yes<br>0.4 mi from the matching POTA park GPS point<br>Nearby point (within 5 mi). It may be outside the area — e.g. Corps of Engineers or other land. Check the official map.<br><a href="https://www.google.com/maps/search/?api=1&amp;query=38.883753,-84.752903">Open in Google Maps</a>]]></description><Point><coordinates>-84.752903,38.883753,0</coordinates></Point></Placemark>
<Placemark><name>KFF-3779 · State Parks trailhead: Campground</name><styleUrl>#acc_near</styleUrl><description><![CDATA[Trail: Gobblers Trace; parking: no<br>0.5 mi from the matching POTA park GPS point<br>Nearby point (within 5 mi). It may be outside the area — e.g. Corps of Engineers or other land. Check the official map.<br><a href="https://www.google.com/maps/search/?api=1&amp;query=38.880209,-84.745433">Open in Google Maps</a>]]></description><Point><coordinates>-84.745433,38.880209,0</coordinates></Point></Placemark>
<Placemark><name>KFF-3781 · State Parks trailhead: Geological &amp; Ridge</name><styleUrl>#acc_near</styleUrl><description><![CDATA[parking: yes<br>0.7 mi from the matching POTA park GPS point<br>Nearby point (within 5 mi). It may be outside the area — e.g. Corps of Engineers or other land. Check the official map.<br><a href="https://www.google.com/maps/search/?api=1&amp;query=37.29317,-82.30816">Open in Google Maps</a>]]></description><Point><coordinates>-82.30816,37.29317,0</coordinates></Point></Placemark>
<Placemark><name>KFF-3781 · State Parks trailhead: Overlook Trail</name><styleUrl>#acc_near</styleUrl><description><![CDATA[Trail: Overlook; parking: yes<br>0.7 mi from the matching POTA park GPS point<br>Nearby point (within 5 mi). It may be outside the area — e.g. Corps of Engineers or other land. Check the official map.<br><a href="https://www.google.com/maps/search/?api=1&amp;query=37.292726,-82.308052">Open in Google Maps</a>]]></description><Point><coordinates>-82.308052,37.292726,0</coordinates></Point></Placemark>
<Placemark><name>KFF-3781 · State Parks trailhead: Ridge</name><styleUrl>#acc_near</styleUrl><description><![CDATA[parking: yes<br>0.7 mi from the matching POTA park GPS point<br>Nearby point (within 5 mi). It may be outside the area — e.g. Corps of Engineers or other land. Check the official map.<br><a href="https://www.google.com/maps/search/?api=1&amp;query=37.292556,-82.307784">Open in Google Maps</a>]]></description><Point><coordinates>-82.307784,37.292556,0</coordinates></Point></Placemark>
<Placemark><name>KFF-3781 · State Parks trailhead: Grassy Overlook Trail</name><styleUrl>#acc_near</styleUrl><description><![CDATA[Trail: Grassy Overlook; parking: yes<br>0.7 mi from the matching POTA park GPS point<br>Nearby point (within 5 mi). It may be outside the area — e.g. Corps of Engineers or other land. Check the official map.<br><a href="https://www.google.com/maps/search/?api=1&amp;query=37.295778,-82.301851">Open in Google Maps</a>]]></description><Point><coordinates>-82.301851,37.295778,0</coordinates></Point></Placemark>
<Placemark><name>KFF-3781 · State Parks trailhead: Overlook Trail</name><styleUrl>#acc_near</styleUrl><description><![CDATA[Trail: Overlook; parking: yes<br>1.1 mi from the matching POTA park GPS point<br>Nearby point (within 5 mi). It may be outside the area — e.g. Corps of Engineers or other land. Check the official map.<br><a href="https://www.google.com/maps/search/?api=1&amp;query=37.287477,-82.305473">Open in Google Maps</a>]]></description><Point><coordinates>-82.305473,37.287477,0</coordinates></Point></Placemark>
<Placemark><name>KFF-3781 · State Parks trailhead: Main</name><styleUrl>#acc_near</styleUrl><description><![CDATA[parking: no<br>1.1 mi from the matching POTA park GPS point<br>Nearby point (within 5 mi). It may be outside the area — e.g. Corps of Engineers or other land. Check the official map.<br><a href="https://www.google.com/maps/search/?api=1&amp;query=37.294873,-82.293666">Open in Google Maps</a>]]></description><Point><coordinates>-82.293666,37.294873,0</coordinates></Point></Placemark>
<Placemark><name>KFF-3781 · State Parks trailhead: Deer</name><styleUrl>#acc_near</styleUrl><description><![CDATA[parking: yes<br>1.1 mi from the matching POTA park GPS point<br>Nearby point (within 5 mi). It may be outside the area — e.g. Corps of Engineers or other land. Check the official map.<br><a href="https://www.google.com/maps/search/?api=1&amp;query=37.293285,-82.294838">Open in Google Maps</a>]]></description><Point><coordinates>-82.294838,37.293285,0</coordinates></Point></Placemark>
<Placemark><name>KFF-3781 · State Parks trailhead: Main</name><styleUrl>#acc_near</styleUrl><description><![CDATA[parking: yes<br>1.2 mi from the matching POTA park GPS point<br>Nearby point (within 5 mi). It may be outside the area — e.g. Corps of Engineers or other land. Check the official map.<br><a href="https://www.google.com/maps/search/?api=1&amp;query=37.293071,-82.294721">Open in Google Maps</a>]]></description><Point><coordinates>-82.294721,37.293071,0</coordinates></Point></Placemark>
<Placemark><name>KFF-3781 · State Parks trailhead: Overlook Trail</name><styleUrl>#acc_near</styleUrl><description><![CDATA[Trail: Overlook; parking: yes<br>1.2 mi from the matching POTA park GPS point<br>Nearby point (within 5 mi). It may be outside the area — e.g. Corps of Engineers or other land. Check the official map.<br><a href="https://www.google.com/maps/search/?api=1&amp;query=37.286631,-82.304768">Open in Google Maps</a>]]></description><Point><coordinates>-82.304768,37.286631,0</coordinates></Point></Placemark>
<Placemark><name>KFF-3781 · State Parks trailhead: Tower Tunnel</name><styleUrl>#acc_near</styleUrl><description><![CDATA[parking: yes<br>1.2 mi from the matching POTA park GPS point<br>Nearby point (within 5 mi). It may be outside the area — e.g. Corps of Engineers or other land. Check the official map.<br><a href="https://www.google.com/maps/search/?api=1&amp;query=37.286188,-82.303416">Open in Google Maps</a>]]></description><Point><coordinates>-82.303416,37.286188,0</coordinates></Point></Placemark>
<Placemark><name>KFF-3781 · State Parks trailhead: Cold Spring Trail</name><styleUrl>#acc_near</styleUrl><description><![CDATA[Trail: Cold Spring; parking: yes<br>1.2 mi from the matching POTA park GPS point<br>Nearby point (within 5 mi). It may be outside the area — e.g. Corps of Engineers or other land. Check the official map.<br><a href="https://www.google.com/maps/search/?api=1&amp;query=37.286993,-82.301108">Open in Google Maps</a>]]></description><Point><coordinates>-82.301108,37.286993,0</coordinates></Point></Placemark>
<Placemark><name>KFF-3781 · State Parks trailhead: Loop</name><styleUrl>#acc_near</styleUrl><description><![CDATA[parking: yes<br>1.4 mi from the matching POTA park GPS point<br>Nearby point (within 5 mi). It may be outside the area — e.g. Corps of Engineers or other land. Check the official map.<br><a href="https://www.google.com/maps/search/?api=1&amp;query=37.285297,-82.299726">Open in Google Maps</a>]]></description><Point><coordinates>-82.299726,37.285297,0</coordinates></Point></Placemark>
<Placemark><name>KFF-3781 · State Parks trailhead: Lake Trail</name><styleUrl>#acc_near</styleUrl><description><![CDATA[Trail: Lake; parking: no<br>1.4 mi from the matching POTA park GPS point<br>Nearby point (within 5 mi). It may be outside the area — e.g. Corps of Engineers or other land. Check the official map.<br><a href="https://www.google.com/maps/search/?api=1&amp;query=37.28815,-82.294403">Open in Google Maps</a>]]></description><Point><coordinates>-82.294403,37.28815,0</coordinates></Point></Placemark>
<Placemark><name>KFF-3781 · State Parks trailhead: Russell Fork</name><styleUrl>#acc_near</styleUrl><description><![CDATA[Trail: Pine Mountain State Scenic Trail; parking: yes<br>1.5 mi from the matching POTA park GPS point<br>Nearby point (within 5 mi). It may be outside the area — e.g. Corps of Engineers or other land. Check the official map.<br><a href="https://www.google.com/maps/search/?api=1&amp;query=37.29528,-82.3378">Open in Google Maps</a>]]></description><Point><coordinates>-82.3378,37.29528,0</coordinates></Point></Placemark>
<Placemark><name>KFF-3781 · State Parks trailhead: Towers Overlook</name><styleUrl>#acc_near</styleUrl><description><![CDATA[Trail: Towers; parking: yes<br>1.7 mi from the matching POTA park GPS point<br>Nearby point (within 5 mi). It may be outside the area — e.g. Corps of Engineers or other land. Check the official map.<br><a href="https://www.google.com/maps/search/?api=1&amp;query=37.285444,-82.291093">Open in Google Maps</a>]]></description><Point><coordinates>-82.291093,37.285444,0</coordinates></Point></Placemark>
<Placemark><name>KFF-3781 · State Parks trailhead: Campbranch</name><styleUrl>#acc_near</styleUrl><description><![CDATA[parking: yes<br>2.4 mi from the matching POTA park GPS point<br>Nearby point (within 5 mi). It may be outside the area — e.g. Corps of Engineers or other land. Check the official map.<br><a href="https://www.google.com/maps/search/?api=1&amp;query=37.271463,-82.294882">Open in Google Maps</a>]]></description><Point><coordinates>-82.294882,37.271463,0</coordinates></Point></Placemark>
<Placemark><name>KFF-3784 · State Parks trailhead: Jackson Cemetery</name><styleUrl>#acc_near</styleUrl><description><![CDATA[Trail: Stonewall Jackson; parking: no<br>0.1 mi from the matching POTA park GPS point<br>Nearby point (within 5 mi). It may be outside the area — e.g. Corps of Engineers or other land. Check the official map.<br><a href="https://www.google.com/maps/search/?api=1&amp;query=36.6774,-85.707769">Open in Google Maps</a>]]></description><Point><coordinates>-85.707769,36.6774,0</coordinates></Point></Placemark>
<Placemark><name>KFF-3784 · State Parks trailhead: Jackson Cemetery</name><styleUrl>#acc_near</styleUrl><description><![CDATA[Trail: Stonewall Jackson; parking: yes<br>0.1 mi from the matching POTA park GPS point<br>Nearby point (within 5 mi). It may be outside the area — e.g. Corps of Engineers or other land. Check the official map.<br><a href="https://www.google.com/maps/search/?api=1&amp;query=36.678175,-85.708034">Open in Google Maps</a>]]></description><Point><coordinates>-85.708034,36.678175,0</coordinates></Point></Placemark>
<Placemark><name>KFF-3784 · State Parks trailhead: Jackson Cemetery</name><styleUrl>#acc_near</styleUrl><description><![CDATA[Trail: Stonewall Jackson; parking: no<br>0.1 mi from the matching POTA park GPS point<br>Nearby point (within 5 mi). It may be outside the area — e.g. Corps of Engineers or other land. Check the official map.<br><a href="https://www.google.com/maps/search/?api=1&amp;query=36.676816,-85.707909">Open in Google Maps</a>]]></description><Point><coordinates>-85.707909,36.676816,0</coordinates></Point></Placemark>
<Placemark><name>KFF-3786 · State Parks trailhead: Waveland Loop</name><styleUrl>#acc_near</styleUrl><description><![CDATA[parking: no<br>0.0 mi from the matching POTA park GPS point<br>Nearby point (within 5 mi). It may be outside the area — e.g. Corps of Engineers or other land. Check the official map.<br><a href="https://www.google.com/maps/search/?api=1&amp;query=37.97203,-84.537668">Open in Google Maps</a>]]></description><Point><coordinates>-84.537668,37.97203,0</coordinates></Point></Placemark>
<Placemark><name>KFF-3786 · State Parks trailhead: Waveland Loop</name><styleUrl>#acc_near</styleUrl><description><![CDATA[parking: no<br>0.1 mi from the matching POTA park GPS point<br>Nearby point (within 5 mi). It may be outside the area — e.g. Corps of Engineers or other land. Check the official map.<br><a href="https://www.google.com/maps/search/?api=1&amp;query=37.971717,-84.539264">Open in Google Maps</a>]]></description><Point><coordinates>-84.539264,37.971717,0</coordinates></Point></Placemark>
<Placemark><name>KFF-6863 · State Parks trailhead: Hood'S Branch</name><styleUrl>#acc_near</styleUrl><description><![CDATA[parking: yes<br>0.4 mi from the matching POTA park GPS point<br>Nearby point (within 5 mi). It may be outside the area — e.g. Corps of Engineers or other land. Check the official map.<br><a href="https://www.google.com/maps/search/?api=1&amp;query=37.781544,-83.691154">Open in Google Maps</a>]]></description><Point><coordinates>-83.691154,37.781544,0</coordinates></Point></Placemark>
<Placemark><name>KFF-6863 · State Parks trailhead: Low Gap</name><styleUrl>#acc_near</styleUrl><description><![CDATA[parking: yes<br>0.4 mi from the matching POTA park GPS point<br>Nearby point (within 5 mi). It may be outside the area — e.g. Corps of Engineers or other land. Check the official map.<br><a href="https://www.google.com/maps/search/?api=1&amp;query=37.782127,-83.689375">Open in Google Maps</a>]]></description><Point><coordinates>-83.689375,37.782127,0</coordinates></Point></Placemark>
<Placemark><name>KFF-6863 · State Parks trailhead: Hemlock Lodge Access To Original</name><styleUrl>#acc_near</styleUrl><description><![CDATA[parking: yes<br>0.4 mi from the matching POTA park GPS point<br>Nearby point (within 5 mi). It may be outside the area — e.g. Corps of Engineers or other land. Check the official map.<br><a href="https://www.google.com/maps/search/?api=1&amp;query=37.776453,-83.680986">Open in Google Maps</a>]]></description><Point><coordinates>-83.680986,37.776453,0</coordinates></Point></Placemark>
<Placemark><name>KFF-6863 · State Parks trailhead: The Original</name><styleUrl>#acc_near</styleUrl><description><![CDATA[parking: yes<br>0.6 mi from the matching POTA park GPS point<br>Nearby point (within 5 mi). It may be outside the area — e.g. Corps of Engineers or other land. Check the official map.<br><a href="https://www.google.com/maps/search/?api=1&amp;query=37.77552,-83.678219">Open in Google Maps</a>]]></description><Point><coordinates>-83.678219,37.77552,0</coordinates></Point></Placemark>
<Placemark><name>KFF-6863 · State Parks trailhead: Lakeside</name><styleUrl>#acc_near</styleUrl><description><![CDATA[parking: yes<br>0.6 mi from the matching POTA park GPS point<br>Nearby point (within 5 mi). It may be outside the area — e.g. Corps of Engineers or other land. Check the official map.<br><a href="https://www.google.com/maps/search/?api=1&amp;query=37.777401,-83.677035">Open in Google Maps</a>]]></description><Point><coordinates>-83.677035,37.777401,0</coordinates></Point></Placemark>
<Placemark><name>KFF-6863 · State Parks trailhead: Henson'S Arch</name><styleUrl>#acc_near</styleUrl><description><![CDATA[parking: yes<br>0.8 mi from the matching POTA park GPS point<br>Nearby point (within 5 mi). It may be outside the area — e.g. Corps of Engineers or other land. Check the official map.<br><a href="https://www.google.com/maps/search/?api=1&amp;query=37.779851,-83.673686">Open in Google Maps</a>]]></description><Point><coordinates>-83.673686,37.779851,0</coordinates></Point></Placemark>
<Placemark><name>KFF-6863 · State Parks trailhead: Whittleton</name><styleUrl>#acc_near</styleUrl><description><![CDATA[parking: no<br>0.9 mi from the matching POTA park GPS point<br>Nearby point (within 5 mi). It may be outside the area — e.g. Corps of Engineers or other land. Check the official map.<br><a href="https://www.google.com/maps/search/?api=1&amp;query=37.782714,-83.672955">Open in Google Maps</a>]]></description><Point><coordinates>-83.672955,37.782714,0</coordinates></Point></Placemark>
<Placemark><name>KFF-6867 · State Parks trailhead: Indian Bluff</name><styleUrl>#acc_near</styleUrl><description><![CDATA[parking: yes<br>0.3 mi from the matching POTA park GPS point<br>Nearby point (within 5 mi). It may be outside the area — e.g. Corps of Engineers or other land. Check the official map.<br><a href="https://www.google.com/maps/search/?api=1&amp;query=37.075119,-87.667002">Open in Google Maps</a>]]></description><Point><coordinates>-87.667002,37.075119,0</coordinates></Point></Placemark>
<Placemark><name>KFF-6867 · State Parks trailhead: Clifty Creek</name><styleUrl>#acc_near</styleUrl><description><![CDATA[parking: yes<br>0.3 mi from the matching POTA park GPS point<br>Nearby point (within 5 mi). It may be outside the area — e.g. Corps of Engineers or other land. Check the official map.<br><a href="https://www.google.com/maps/search/?api=1&amp;query=37.075009,-87.666761">Open in Google Maps</a>]]></description><Point><coordinates>-87.666761,37.075009,0</coordinates></Point></Placemark>
<Placemark><name>KFF-6877 · State Parks trailhead: Buffalo Trace To Nature Center</name><styleUrl>#acc_near</styleUrl><description><![CDATA[Trail: Buffalo Trace; parking: yes<br>0.0 mi from the matching POTA park GPS point<br>Nearby point (within 5 mi). It may be outside the area — e.g. Corps of Engineers or other land. Check the official map.<br><a href="https://www.google.com/maps/search/?api=1&amp;query=38.429434,-83.992402">Open in Google Maps</a>]]></description><Point><coordinates>-83.992402,38.429434,0</coordinates></Point></Placemark>
<Placemark><name>KFF-6877 · State Parks trailhead: Savannah And Licking River</name><styleUrl>#acc_near</styleUrl><description><![CDATA[Trail: Savannah; parking: yes<br>0.1 mi from the matching POTA park GPS point<br>Nearby point (within 5 mi). It may be outside the area — e.g. Corps of Engineers or other land. Check the official map.<br><a href="https://www.google.com/maps/search/?api=1&amp;query=38.428681,-83.993147">Open in Google Maps</a>]]></description><Point><coordinates>-83.993147,38.428681,0</coordinates></Point></Placemark>
<Placemark><name>KFF-6877 · State Parks trailhead: Buffalo Trace</name><styleUrl>#acc_near</styleUrl><description><![CDATA[parking: yes<br>0.2 mi from the matching POTA park GPS point<br>Nearby point (within 5 mi). It may be outside the area — e.g. Corps of Engineers or other land. Check the official map.<br><a href="https://www.google.com/maps/search/?api=1&amp;query=38.431711,-83.992981">Open in Google Maps</a>]]></description><Point><coordinates>-83.992981,38.431711,0</coordinates></Point></Placemark>
<Placemark><name>KFF-6877 · State Parks trailhead: Licking River Trail</name><styleUrl>#acc_near</styleUrl><description><![CDATA[Trail: Licking River; parking: yes<br>0.2 mi from the matching POTA park GPS point<br>Nearby point (within 5 mi). It may be outside the area — e.g. Corps of Engineers or other land. Check the official map.<br><a href="https://www.google.com/maps/search/?api=1&amp;query=38.431685,-83.994153">Open in Google Maps</a>]]></description><Point><coordinates>-83.994153,38.431685,0</coordinates></Point></Placemark>
<Placemark><name>KFF-6877 · State Parks trailhead: Behind Campsite 23</name><styleUrl>#acc_near</styleUrl><description><![CDATA[Trail: Heritage; parking: no<br>0.2 mi from the matching POTA park GPS point<br>Nearby point (within 5 mi). It may be outside the area — e.g. Corps of Engineers or other land. Check the official map.<br><a href="https://www.google.com/maps/search/?api=1&amp;query=38.426706,-83.994495">Open in Google Maps</a>]]></description><Point><coordinates>-83.994495,38.426706,0</coordinates></Point></Placemark>
<Placemark><name>KFF-6877 · State Parks trailhead: Heritage</name><styleUrl>#acc_near</styleUrl><description><![CDATA[parking: yes<br>0.2 mi from the matching POTA park GPS point<br>Nearby point (within 5 mi). It may be outside the area — e.g. Corps of Engineers or other land. Check the official map.<br><a href="https://www.google.com/maps/search/?api=1&amp;query=38.425735,-83.992419">Open in Google Maps</a>]]></description><Point><coordinates>-83.992419,38.425735,0</coordinates></Point></Placemark>
<Placemark><name>KFF-6877 · State Parks trailhead: Boat Ramp</name><styleUrl>#acc_near</styleUrl><description><![CDATA[Trail: Licking River; parking: yes<br>0.3 mi from the matching POTA park GPS point<br>Nearby point (within 5 mi). It may be outside the area — e.g. Corps of Engineers or other land. Check the official map.<br><a href="https://www.google.com/maps/search/?api=1&amp;query=38.427488,-83.997078">Open in Google Maps</a>]]></description><Point><coordinates>-83.997078,38.427488,0</coordinates></Point></Placemark>
<Placemark><name>KFF-6877 · State Parks trailhead: Indian Run Trail</name><styleUrl>#acc_near</styleUrl><description><![CDATA[Trail: Indian Run; parking: no<br>0.4 mi from the matching POTA park GPS point<br>Nearby point (within 5 mi). It may be outside the area — e.g. Corps of Engineers or other land. Check the official map.<br><a href="https://www.google.com/maps/search/?api=1&amp;query=38.434472,-83.996694">Open in Google Maps</a>]]></description><Point><coordinates>-83.996694,38.434472,0</coordinates></Point></Placemark>
<Placemark><name>KFF-6877 · State Parks trailhead: Tanner'S Station</name><styleUrl>#acc_near</styleUrl><description><![CDATA[Trail: Heritage; parking: yes<br>0.6 mi from the matching POTA park GPS point<br>Nearby point (within 5 mi). It may be outside the area — e.g. Corps of Engineers or other land. Check the official map.<br><a href="https://www.google.com/maps/search/?api=1&amp;query=38.420743,-83.993561">Open in Google Maps</a>]]></description><Point><coordinates>-83.993561,38.420743,0</coordinates></Point></Placemark>
</Folder>
<Folder><name>Nearby access (check ownership) — USFS site</name>
<Placemark><name>KFF-1286 · USFS site: Pinch-Em-Tight Parking Lot</name><styleUrl>#acc_near</styleUrl><description><![CDATA[Trailhead, capacity 30<br>2.7 mi from the matching POTA park GPS point<br>Nearby point (within 5 mi). It may be outside the area — e.g. Corps of Engineers or other land. Check the official map.<br><a href="https://www.google.com/maps/search/?api=1&amp;query=37.80529033,-83.65508786">Open in Google Maps</a>]]></description><Point><coordinates>-83.65508786,37.80529033,0</coordinates></Point></Placemark>
<Placemark><name>KFF-1286 · USFS site: Auxier Ridge Trailhead</name><styleUrl>#acc_near</styleUrl><description><![CDATA[Trailhead, capacity 50<br>3.0 mi from the matching POTA park GPS point<br>Nearby point (within 5 mi). It may be outside the area — e.g. Corps of Engineers or other land. Check the official map.<br><a href="https://www.google.com/maps/search/?api=1&amp;query=37.81987565,-83.68086648">Open in Google Maps</a>]]></description><Point><coordinates>-83.68086648,37.81987565,0</coordinates></Point></Placemark>
<Placemark><name>KFF-1286 · USFS site: Martins Fork Parking Lot</name><styleUrl>#acc_near</styleUrl><description><![CDATA[Trailhead, capacity 20<br>3.2 mi from the matching POTA park GPS point<br>Nearby point (within 5 mi). It may be outside the area — e.g. Corps of Engineers or other land. Check the official map.<br><a href="https://www.google.com/maps/search/?api=1&amp;query=37.82000624,-83.66715662">Open in Google Maps</a>]]></description><Point><coordinates>-83.66715662,37.82000624,0</coordinates></Point></Placemark>
<Placemark><name>KFF-1286 · USFS site: Stanton Sheltowee Parking Lot</name><styleUrl>#acc_near</styleUrl><description><![CDATA[Trailhead, capacity 50<br>4.6 mi from the matching POTA park GPS point<br>Nearby point (within 5 mi). It may be outside the area — e.g. Corps of Engineers or other land. Check the official map.<br><a href="https://www.google.com/maps/search/?api=1&amp;query=37.82304754,-83.62814938">Open in Google Maps</a>]]></description><Point><coordinates>-83.62814938,37.82304754,0</coordinates></Point></Placemark>
<Placemark><name>KFF-1286 · USFS site: Rough Trail Parking Lot</name><styleUrl>#acc_near</styleUrl><description><![CDATA[Trailhead, capacity 60<br>4.6 mi from the matching POTA park GPS point<br>Nearby point (within 5 mi). It may be outside the area — e.g. Corps of Engineers or other land. Check the official map.<br><a href="https://www.google.com/maps/search/?api=1&amp;query=37.80343181,-83.61093962">Open in Google Maps</a>]]></description><Point><coordinates>-83.61093962,37.80343181,0</coordinates></Point></Placemark>
<Placemark><name>KFF-3794 · USFS site: Three Forks Of Beaver</name><styleUrl>#acc_near</styleUrl><description><![CDATA[Trailhead, capacity 25<br>0.9 mi from the matching POTA park GPS point<br>Nearby point (within 5 mi). It may be outside the area — e.g. Corps of Engineers or other land. Check the official map.<br><a href="https://www.google.com/maps/search/?api=1&amp;query=36.907071,-84.448427">Open in Google Maps</a>]]></description><Point><coordinates>-84.448427,36.907071,0</coordinates></Point></Placemark>
<Placemark><name>KFF-3794 · USFS site: Swain Ridge</name><styleUrl>#acc_near</styleUrl><description><![CDATA[Trailhead, capacity 35<br>1.3 mi from the matching POTA park GPS point<br>Nearby point (within 5 mi). It may be outside the area — e.g. Corps of Engineers or other land. Check the official map.<br><a href="https://www.google.com/maps/search/?api=1&amp;query=36.90890848,-84.42302504">Open in Google Maps</a>]]></description><Point><coordinates>-84.42302504,36.90890848,0</coordinates></Point></Placemark>
<Placemark><name>KFF-3794 · USFS site: Bowman'S Ridge Trailhead</name><styleUrl>#acc_near</styleUrl><description><![CDATA[Trailhead, capacity 18<br>1.8 mi from the matching POTA park GPS point<br>Nearby point (within 5 mi). It may be outside the area — e.g. Corps of Engineers or other land. Check the official map.<br><a href="https://www.google.com/maps/search/?api=1&amp;query=36.92165165,-84.42911344">Open in Google Maps</a>]]></description><Point><coordinates>-84.42911344,36.92165165,0</coordinates></Point></Placemark>
<Placemark><name>KFF-3794 · USFS site: Middle Fork</name><styleUrl>#acc_near</styleUrl><description><![CDATA[Trailhead, capacity 20<br>2.9 mi from the matching POTA park GPS point<br>Nearby point (within 5 mi). It may be outside the area — e.g. Corps of Engineers or other land. Check the official map.<br><a href="https://www.google.com/maps/search/?api=1&amp;query=36.86467777,-84.47439516">Open in Google Maps</a>]]></description><Point><coordinates>-84.47439516,36.86467777,0</coordinates></Point></Placemark>
<Placemark><name>KFF-3801 · USFS site: Osborne Bend Trailhead</name><styleUrl>#acc_near</styleUrl><description><![CDATA[Trailhead, capacity 42<br>0.5 mi from the matching POTA park GPS point<br>Nearby point (within 5 mi). It may be outside the area — e.g. Corps of Engineers or other land. Check the official map.<br><a href="https://www.google.com/maps/search/?api=1&amp;query=37.81998736,-83.575258">Open in Google Maps</a>]]></description><Point><coordinates>-83.575258,37.81998736,0</coordinates></Point></Placemark>
<Placemark><name>KFF-3801 · USFS site: Whistling Arch Parking Lot</name><styleUrl>#acc_near</styleUrl><description><![CDATA[Trailhead, capacity 25<br>1.8 mi from the matching POTA park GPS point<br>Nearby point (within 5 mi). It may be outside the area — e.g. Corps of Engineers or other land. Check the official map.<br><a href="https://www.google.com/maps/search/?api=1&amp;query=37.80692906,-83.59069927">Open in Google Maps</a>]]></description><Point><coordinates>-83.59069927,37.80692906,0</coordinates></Point></Placemark>
<Placemark><name>KFF-3801 · USFS site: Swift Camp/Rough Trail Parking Lot</name><styleUrl>#acc_near</styleUrl><description><![CDATA[Trailhead, capacity 60<br>2.0 mi from the matching POTA park GPS point<br>Nearby point (within 5 mi). It may be outside the area — e.g. Corps of Engineers or other land. Check the official map.<br><a href="https://www.google.com/maps/search/?api=1&amp;query=37.80090403,-83.58987312">Open in Google Maps</a>]]></description><Point><coordinates>-83.58987312,37.80090403,0</coordinates></Point></Placemark>
<Placemark><name>KFF-3801 · USFS site: Angel Windows Parking Lot</name><styleUrl>#acc_near</styleUrl><description><![CDATA[Trailhead, capacity 35<br>2.2 mi from the matching POTA park GPS point<br>Nearby point (within 5 mi). It may be outside the area — e.g. Corps of Engineers or other land. Check the official map.<br><a href="https://www.google.com/maps/search/?api=1&amp;query=37.798931,-83.59138607">Open in Google Maps</a>]]></description><Point><coordinates>-83.59138607,37.798931,0</coordinates></Point></Placemark>
<Placemark><name>KFF-3801 · USFS site: Bison Way Parking Lot</name><styleUrl>#acc_near</styleUrl><description><![CDATA[Trailhead, capacity 25<br>2.5 mi from the matching POTA park GPS point<br>Nearby point (within 5 mi). It may be outside the area — e.g. Corps of Engineers or other land. Check the official map.<br><a href="https://www.google.com/maps/search/?api=1&amp;query=37.83683117,-83.60973282">Open in Google Maps</a>]]></description><Point><coordinates>-83.60973282,37.83683117,0</coordinates></Point></Placemark>
<Placemark><name>KFF-3801 · USFS site: Wildcat Parking Lot</name><styleUrl>#acc_near</styleUrl><description><![CDATA[Trailhead, capacity 25<br>2.7 mi from the matching POTA park GPS point<br>Nearby point (within 5 mi). It may be outside the area — e.g. Corps of Engineers or other land. Check the official map.<br><a href="https://www.google.com/maps/search/?api=1&amp;query=37.79020955,-83.59287041">Open in Google Maps</a>]]></description><Point><coordinates>-83.59287041,37.79020955,0</coordinates></Point></Placemark>
<Placemark><name>KFF-3801 · USFS site: Rough Trail Parking Lot</name><styleUrl>#acc_near</styleUrl><description><![CDATA[Trailhead, capacity 60<br>2.8 mi from the matching POTA park GPS point<br>Nearby point (within 5 mi). It may be outside the area — e.g. Corps of Engineers or other land. Check the official map.<br><a href="https://www.google.com/maps/search/?api=1&amp;query=37.80343181,-83.61093962">Open in Google Maps</a>]]></description><Point><coordinates>-83.61093962,37.80343181,0</coordinates></Point></Placemark>
<Placemark><name>KFF-3801 · USFS site: Stanton Sheltowee Parking Lot</name><styleUrl>#acc_near</styleUrl><description><![CDATA[Trailhead, capacity 50<br>3.4 mi from the matching POTA park GPS point<br>Nearby point (within 5 mi). It may be outside the area — e.g. Corps of Engineers or other land. Check the official map.<br><a href="https://www.google.com/maps/search/?api=1&amp;query=37.82304754,-83.62814938">Open in Google Maps</a>]]></description><Point><coordinates>-83.62814938,37.82304754,0</coordinates></Point></Placemark>
<Placemark><name>KFF-3801 · USFS site: Rock Bridge Rec. Area</name><styleUrl>#acc_near</styleUrl><description><![CDATA[Trailhead, capacity 45<br>3.6 mi from the matching POTA park GPS point<br>Nearby point (within 5 mi). It may be outside the area — e.g. Corps of Engineers or other land. Check the official map.<br><a href="https://www.google.com/maps/search/?api=1&amp;query=37.77089711,-83.56678467">Open in Google Maps</a>]]></description><Point><coordinates>-83.56678467,37.77089711,0</coordinates></Point></Placemark>
<Placemark><name>KFF-3801 · USFS site: Corner Ridge Trailhead</name><styleUrl>#acc_near</styleUrl><description><![CDATA[Trailhead, capacity 15<br>4.6 mi from the matching POTA park GPS point<br>Nearby point (within 5 mi). It may be outside the area — e.g. Corps of Engineers or other land. Check the official map.<br><a href="https://www.google.com/maps/search/?api=1&amp;query=37.88649253,-83.59333158">Open in Google Maps</a>]]></description><Point><coordinates>-83.59333158,37.88649253,0</coordinates></Point></Placemark>
<Placemark><name>KFF-6863 · USFS site: Pinch-Em-Tight Parking Lot</name><styleUrl>#acc_near</styleUrl><description><![CDATA[Trailhead, capacity 30<br>2.7 mi from the matching POTA park GPS point<br>Nearby point (within 5 mi). It may be outside the area — e.g. Corps of Engineers or other land. Check the official map.<br><a href="https://www.google.com/maps/search/?api=1&amp;query=37.80529033,-83.65508786">Open in Google Maps</a>]]></description><Point><coordinates>-83.65508786,37.80529033,0</coordinates></Point></Placemark>
<Placemark><name>KFF-6863 · USFS site: Auxier Ridge Trailhead</name><styleUrl>#acc_near</styleUrl><description><![CDATA[Trailhead, capacity 50<br>3.0 mi from the matching POTA park GPS point<br>Nearby point (within 5 mi). It may be outside the area — e.g. Corps of Engineers or other land. Check the official map.<br><a href="https://www.google.com/maps/search/?api=1&amp;query=37.81987565,-83.68086648">Open in Google Maps</a>]]></description><Point><coordinates>-83.68086648,37.81987565,0</coordinates></Point></Placemark>
<Placemark><name>KFF-6863 · USFS site: Martins Fork Parking Lot</name><styleUrl>#acc_near</styleUrl><description><![CDATA[Trailhead, capacity 20<br>3.2 mi from the matching POTA park GPS point<br>Nearby point (within 5 mi). It may be outside the area — e.g. Corps of Engineers or other land. Check the official map.<br><a href="https://www.google.com/maps/search/?api=1&amp;query=37.82000624,-83.66715662">Open in Google Maps</a>]]></description><Point><coordinates>-83.66715662,37.82000624,0</coordinates></Point></Placemark>
<Placemark><name>KFF-6863 · USFS site: Stanton Sheltowee Parking Lot</name><styleUrl>#acc_near</styleUrl><description><![CDATA[Trailhead, capacity 50<br>4.6 mi from the matching POTA park GPS point<br>Nearby point (within 5 mi). It may be outside the area — e.g. Corps of Engineers or other land. Check the official map.<br><a href="https://www.google.com/maps/search/?api=1&amp;query=37.82304754,-83.62814938">Open in Google Maps</a>]]></description><Point><coordinates>-83.62814938,37.82304754,0</coordinates></Point></Placemark>
<Placemark><name>KFF-6863 · USFS site: Rough Trail Parking Lot</name><styleUrl>#acc_near</styleUrl><description><![CDATA[Trailhead, capacity 60<br>4.6 mi from the matching POTA park GPS point<br>Nearby point (within 5 mi). It may be outside the area — e.g. Corps of Engineers or other land. Check the official map.<br><a href="https://www.google.com/maps/search/?api=1&amp;query=37.80343181,-83.61093962">Open in Google Maps</a>]]></description><Point><coordinates>-83.61093962,37.80343181,0</coordinates></Point></Placemark>
<Placemark><name>KFF-6873 · USFS site: Sheltowee Trace Nrt Trailhead, 192  1193</name><styleUrl>#acc_near</styleUrl><description><![CDATA[Trailhead, capacity 25<br>3.8 mi from the matching POTA park GPS point<br>Nearby point (within 5 mi). It may be outside the area — e.g. Corps of Engineers or other land. Check the official map.<br><a href="https://www.google.com/maps/search/?api=1&amp;query=36.99738457,-84.28446083">Open in Google Maps</a>]]></description><Point><coordinates>-84.28446083,36.99738457,0</coordinates></Point></Placemark>
<Placemark><name>KFF-7268 · USFS site: Osborne Bend Trailhead</name><styleUrl>#acc_near</styleUrl><description><![CDATA[Trailhead, capacity 42<br>0.0 mi from the matching POTA park GPS point<br>Nearby point (within 5 mi). It may be outside the area — e.g. Corps of Engineers or other land. Check the official map.<br><a href="https://www.google.com/maps/search/?api=1&amp;query=37.81998736,-83.575258">Open in Google Maps</a>]]></description><Point><coordinates>-83.575258,37.81998736,0</coordinates></Point></Placemark>
<Placemark><name>KFF-7268 · USFS site: Whistling Arch Parking Lot</name><styleUrl>#acc_near</styleUrl><description><![CDATA[Trailhead, capacity 25<br>1.2 mi from the matching POTA park GPS point<br>Nearby point (within 5 mi). It may be outside the area — e.g. Corps of Engineers or other land. Check the official map.<br><a href="https://www.google.com/maps/search/?api=1&amp;query=37.80692906,-83.59069927">Open in Google Maps</a>]]></description><Point><coordinates>-83.59069927,37.80692906,0</coordinates></Point></Placemark>
<Placemark><name>KFF-7268 · USFS site: Swift Camp/Rough Trail Parking Lot</name><styleUrl>#acc_near</styleUrl><description><![CDATA[Trailhead, capacity 60<br>1.5 mi from the matching POTA park GPS point<br>Nearby point (within 5 mi). It may be outside the area — e.g. Corps of Engineers or other land. Check the official map.<br><a href="https://www.google.com/maps/search/?api=1&amp;query=37.80090403,-83.58987312">Open in Google Maps</a>]]></description><Point><coordinates>-83.58987312,37.80090403,0</coordinates></Point></Placemark>
<Placemark><name>KFF-7268 · USFS site: Angel Windows Parking Lot</name><styleUrl>#acc_near</styleUrl><description><![CDATA[Trailhead, capacity 35<br>1.7 mi from the matching POTA park GPS point<br>Nearby point (within 5 mi). It may be outside the area — e.g. Corps of Engineers or other land. Check the official map.<br><a href="https://www.google.com/maps/search/?api=1&amp;query=37.798931,-83.59138607">Open in Google Maps</a>]]></description><Point><coordinates>-83.59138607,37.798931,0</coordinates></Point></Placemark>
<Placemark><name>KFF-7268 · USFS site: Wildcat Parking Lot</name><styleUrl>#acc_near</styleUrl><description><![CDATA[Trailhead, capacity 25<br>2.3 mi from the matching POTA park GPS point<br>Nearby point (within 5 mi). It may be outside the area — e.g. Corps of Engineers or other land. Check the official map.<br><a href="https://www.google.com/maps/search/?api=1&amp;query=37.79020955,-83.59287041">Open in Google Maps</a>]]></description><Point><coordinates>-83.59287041,37.79020955,0</coordinates></Point></Placemark>
<Placemark><name>KFF-7268 · USFS site: Bison Way Parking Lot</name><styleUrl>#acc_near</styleUrl><description><![CDATA[Trailhead, capacity 25<br>2.3 mi from the matching POTA park GPS point<br>Nearby point (within 5 mi). It may be outside the area — e.g. Corps of Engineers or other land. Check the official map.<br><a href="https://www.google.com/maps/search/?api=1&amp;query=37.83683117,-83.60973282">Open in Google Maps</a>]]></description><Point><coordinates>-83.60973282,37.83683117,0</coordinates></Point></Placemark>
<Placemark><name>KFF-7268 · USFS site: Rough Trail Parking Lot</name><styleUrl>#acc_near</styleUrl><description><![CDATA[Trailhead, capacity 60<br>2.3 mi from the matching POTA park GPS point<br>Nearby point (within 5 mi). It may be outside the area — e.g. Corps of Engineers or other land. Check the official map.<br><a href="https://www.google.com/maps/search/?api=1&amp;query=37.80343181,-83.61093962">Open in Google Maps</a>]]></description><Point><coordinates>-83.61093962,37.80343181,0</coordinates></Point></Placemark>
<Placemark><name>KFF-7268 · USFS site: Stanton Sheltowee Parking Lot</name><styleUrl>#acc_near</styleUrl><description><![CDATA[Trailhead, capacity 50<br>2.9 mi from the matching POTA park GPS point<br>Nearby point (within 5 mi). It may be outside the area — e.g. Corps of Engineers or other land. Check the official map.<br><a href="https://www.google.com/maps/search/?api=1&amp;query=37.82304754,-83.62814938">Open in Google Maps</a>]]></description><Point><coordinates>-83.62814938,37.82304754,0</coordinates></Point></Placemark>
<Placemark><name>KFF-7268 · USFS site: Rock Bridge Rec. Area</name><styleUrl>#acc_near</styleUrl><description><![CDATA[Trailhead, capacity 45<br>3.4 mi from the matching POTA park GPS point<br>Nearby point (within 5 mi). It may be outside the area — e.g. Corps of Engineers or other land. Check the official map.<br><a href="https://www.google.com/maps/search/?api=1&amp;query=37.77089711,-83.56678467">Open in Google Maps</a>]]></description><Point><coordinates>-83.56678467,37.77089711,0</coordinates></Point></Placemark>
<Placemark><name>KFF-7268 · USFS site: Pinch-Em-Tight Parking Lot</name><styleUrl>#acc_near</styleUrl><description><![CDATA[Trailhead, capacity 30<br>4.5 mi from the matching POTA park GPS point<br>Nearby point (within 5 mi). It may be outside the area — e.g. Corps of Engineers or other land. Check the official map.<br><a href="https://www.google.com/maps/search/?api=1&amp;query=37.80529033,-83.65508786">Open in Google Maps</a>]]></description><Point><coordinates>-83.65508786,37.80529033,0</coordinates></Point></Placemark>
<Placemark><name>KFF-7268 · USFS site: Corner Ridge Trailhead</name><styleUrl>#acc_near</styleUrl><description><![CDATA[Trailhead, capacity 15<br>4.7 mi from the matching POTA park GPS point<br>Nearby point (within 5 mi). It may be outside the area — e.g. Corps of Engineers or other land. Check the official map.<br><a href="https://www.google.com/maps/search/?api=1&amp;query=37.88649253,-83.59333158">Open in Google Maps</a>]]></description><Point><coordinates>-83.59333158,37.88649253,0</coordinates></Point></Placemark>
<Placemark><name>KFF-7270 · USFS site: Sheltowee Trace Nrt Trailhead, 192  1193</name><styleUrl>#acc_near</styleUrl><description><![CDATA[Trailhead, capacity 25<br>0.1 mi from the matching POTA park GPS point<br>Nearby point (within 5 mi). It may be outside the area — e.g. Corps of Engineers or other land. Check the official map.<br><a href="https://www.google.com/maps/search/?api=1&amp;query=36.99738457,-84.28446083">Open in Google Maps</a>]]></description><Point><coordinates>-84.28446083,36.99738457,0</coordinates></Point></Placemark>
<Placemark><name>KFF-7270 · USFS site: Scuttlehole Trailhead</name><styleUrl>#acc_near</styleUrl><description><![CDATA[Trailhead, capacity 15<br>4.3 mi from the matching POTA park GPS point<br>Nearby point (within 5 mi). It may be outside the area — e.g. Corps of Engineers or other land. Check the official map.<br><a href="https://www.google.com/maps/search/?api=1&amp;query=36.95840348,-84.34562448">Open in Google Maps</a>]]></description><Point><coordinates>-84.34562448,36.95840348,0</coordinates></Point></Placemark>
</Folder>
<Folder><name>Official access — KDFWR entrance</name>
<Placemark><name>KFF-0295 · KDFWR entrance: Clarks River National Wildlife Refuge</name><styleUrl>#acc_off</styleUrl><description><![CDATA[Official entrance<br>13.6 mi from the matching POTA park GPS point<br><a href="https://www.google.com/maps/search/?api=1&amp;query=36.87952691,-88.34440353">Open in Google Maps</a>]]></description><Point><coordinates>-88.34440353,36.87952691,0</coordinates></Point></Placemark>
<Placemark><name>KFF-1255 · KDFWR entrance: Fishtrap Lake WMA</name><styleUrl>#acc_off</styleUrl><description><![CDATA[Official entrance<br>3.5 mi from the matching POTA park GPS point<br><a href="https://www.google.com/maps/search/?api=1&amp;query=37.4258129,-82.41323959">Open in Google Maps</a>]]></description><Point><coordinates>-82.41323959,37.4258129,0</coordinates></Point></Placemark>
<Placemark><name>KFF-1259 · KDFWR entrance: Green River Lake State Park</name><styleUrl>#acc_off</styleUrl><description><![CDATA[Official entrance<br>1.2 mi from the matching POTA park GPS point<br><a href="https://www.google.com/maps/search/?api=1&amp;query=37.27642002,-85.33878869">Open in Google Maps</a>]]></description><Point><coordinates>-85.33878869,37.27642002,0</coordinates></Point></Placemark>
<Placemark><name>KFF-1261 · KDFWR entrance: Kincaid Lake State Park</name><styleUrl>#acc_off</styleUrl><description><![CDATA[Official entrance<br>1.1 mi from the matching POTA park GPS point<br><a href="https://www.google.com/maps/search/?api=1&amp;query=38.71967809,-84.30045047">Open in Google Maps</a>]]></description><Point><coordinates>-84.30045047,38.71967809,0</coordinates></Point></Placemark>
<Placemark><name>KFF-1272 · KDFWR entrance: Yatesville Lake State Park and Lawrence County Recreation Area</name><styleUrl>#acc_off</styleUrl><description><![CDATA[Official entrance<br>0.0 mi from the matching POTA park GPS point<br><a href="https://www.google.com/maps/search/?api=1&amp;query=38.09639108,-82.68224061">Open in Google Maps</a>]]></description><Point><coordinates>-82.68224061,38.09639108,0</coordinates></Point></Placemark>
<Placemark><name>KFF-1278 · KDFWR entrance: Dale Hollow Lake State Resort Park </name><styleUrl>#acc_off</styleUrl><description><![CDATA[Official entrance<br>1.6 mi from the matching POTA park GPS point<br><a href="https://www.google.com/maps/search/?api=1&amp;query=36.66647903,-85.30034027">Open in Google Maps</a>]]></description><Point><coordinates>-85.30034027,36.66647903,0</coordinates></Point></Placemark>
<Placemark><name>KFF-1280 · KDFWR entrance: Greenbo Lake State Resort Park</name><styleUrl>#acc_off</styleUrl><description><![CDATA[Official entrance<br>0.1 mi from the matching POTA park GPS point<br><a href="https://www.google.com/maps/search/?api=1&amp;query=38.48109887,-82.87405405">Open in Google Maps</a>]]></description><Point><coordinates>-82.87405405,38.48109887,0</coordinates></Point></Placemark>
<Placemark><name>KFF-1281 · KDFWR entrance: Jenny Wiley State Resort Park</name><styleUrl>#acc_off</styleUrl><description><![CDATA[Official entrance<br>0.6 mi from the matching POTA park GPS point<br><a href="https://www.google.com/maps/search/?api=1&amp;query=37.70099907,-82.73481714">Open in Google Maps</a>]]></description><Point><coordinates>-82.73481714,37.70099907,0</coordinates></Point></Placemark>
<Placemark><name>KFF-1282 · KDFWR entrance: Kenlake State Resort Park</name><styleUrl>#acc_off</styleUrl><description><![CDATA[Official entrance<br>0.7 mi from the matching POTA park GPS point<br><a href="https://www.google.com/maps/search/?api=1&amp;query=36.7702539,-88.13678168">Open in Google Maps</a>]]></description><Point><coordinates>-88.13678168,36.7702539,0</coordinates></Point></Placemark>
<Placemark><name>KFF-3792 · KDFWR entrance: Land Between the Lakes National Recreation Area</name><styleUrl>#acc_off</styleUrl><description><![CDATA[Official entrance<br>7.6 mi from the matching POTA park GPS point<br><a href="https://www.google.com/maps/search/?api=1&amp;query=36.88675726,-88.08749684">Open in Google Maps</a>]]></description><Point><coordinates>-88.08749684,36.88675726,0</coordinates></Point></Placemark>
<Placemark><name>KFF-3793 · KDFWR entrance: Ballard WMA</name><styleUrl>#acc_off</styleUrl><description><![CDATA[Official entrance<br>0.5 mi from the matching POTA park GPS point<br><a href="https://www.google.com/maps/search/?api=1&amp;query=37.18212633,-89.02707594">Open in Google Maps</a>]]></description><Point><coordinates>-89.02707594,37.18212633,0</coordinates></Point></Placemark>
<Placemark><name>KFF-3794 · KDFWR entrance: Beaver Creek WMA</name><styleUrl>#acc_off</styleUrl><description><![CDATA[Official entrance<br>3.0 mi from the matching POTA park GPS point<br><a href="https://www.google.com/maps/search/?api=1&amp;query=36.88889808,-84.49403162">Open in Google Maps</a>]]></description><Point><coordinates>-84.49403162,36.88889808,0</coordinates></Point></Placemark>
<Placemark><name>KFF-3795 · KDFWR entrance: Beechy Creek WMA</name><styleUrl>#acc_off</styleUrl><description><![CDATA[Official entrance<br>0.2 mi from the matching POTA park GPS point<br><a href="https://www.google.com/maps/search/?api=1&amp;query=36.55772885,-88.13260745">Open in Google Maps</a>]]></description><Point><coordinates>-88.13260745,36.55772885,0</coordinates></Point></Placemark>
<Placemark><name>KFF-3796 · KDFWR entrance: Big Rivers WMA and State Forest</name><styleUrl>#acc_off</styleUrl><description><![CDATA[Official entrance<br>3.0 mi from the matching POTA park GPS point<br><a href="https://www.google.com/maps/search/?api=1&amp;query=37.54543957,-88.02865374">Open in Google Maps</a>]]></description><Point><coordinates>-88.02865374,37.54543957,0</coordinates></Point></Placemark>
<Placemark><name>KFF-3797 · KDFWR entrance: Boatwright WMA</name><styleUrl>#acc_off</styleUrl><description><![CDATA[Official entrance<br>6.7 mi from the matching POTA park GPS point<br><a href="https://www.google.com/maps/search/?api=1&amp;query=37.00954718,-89.12183655">Open in Google Maps</a>]]></description><Point><coordinates>-89.12183655,37.00954718,0</coordinates></Point></Placemark>
<Placemark><name>KFF-3798 · KDFWR entrance: Buck Creek WMA</name><styleUrl>#acc_off</styleUrl><description><![CDATA[Official entrance<br>0.0 mi from the matching POTA park GPS point<br><a href="https://www.google.com/maps/search/?api=1&amp;query=37.10693713,-84.40972204">Open in Google Maps</a>]]></description><Point><coordinates>-84.40972204,37.10693713,0</coordinates></Point></Placemark>
<Placemark><name>KFF-3799 · KDFWR entrance: Burchell-Beech Creek WMA</name><styleUrl>#acc_off</styleUrl><description><![CDATA[Official entrance<br>0.0 mi from the matching POTA park GPS point<br><a href="https://www.google.com/maps/search/?api=1&amp;query=37.16866757,-83.70812125">Open in Google Maps</a>]]></description><Point><coordinates>-83.70812125,37.16866757,0</coordinates></Point></Placemark>
<Placemark><name>KFF-3800 · KDFWR entrance: Cedar Creek Lake WMA</name><styleUrl>#acc_off</styleUrl><description><![CDATA[Official entrance<br>1.4 mi from the matching POTA park GPS point<br><a href="https://www.google.com/maps/search/?api=1&amp;query=37.45636404,-84.54990923">Open in Google Maps</a>]]></description><Point><coordinates>-84.54990923,37.45636404,0</coordinates></Point></Placemark>
<Placemark><name>KFF-3803 · KDFWR entrance: Coil Estate WMA</name><styleUrl>#acc_off</styleUrl><description><![CDATA[Official entrance<br>0.1 mi from the matching POTA park GPS point<br><a href="https://www.google.com/maps/search/?api=1&amp;query=36.911281,-89.02354545">Open in Google Maps</a>]]></description><Point><coordinates>-89.02354545,36.911281,0</coordinates></Point></Placemark>
<Placemark><name>KFF-3804 · KDFWR entrance: Cranks Creek WMA</name><styleUrl>#acc_off</styleUrl><description><![CDATA[Official entrance<br>0.1 mi from the matching POTA park GPS point<br><a href="https://www.google.com/maps/search/?api=1&amp;query=36.7562941,-83.19716913">Open in Google Maps</a>]]></description><Point><coordinates>-83.19716913,36.7562941,0</coordinates></Point></Placemark>
<Placemark><name>KFF-3805 · KDFWR entrance: Curtis Gates Lloyd WMA</name><styleUrl>#acc_off</styleUrl><description><![CDATA[Official entrance<br>0.7 mi from the matching POTA park GPS point<br><a href="https://www.google.com/maps/search/?api=1&amp;query=38.77310131,-84.60130602">Open in Google Maps</a>]]></description><Point><coordinates>-84.60130602,38.77310131,0</coordinates></Point></Placemark>
<Placemark><name>KFF-3806 · KDFWR entrance: Dennis-Gray WMA</name><styleUrl>#acc_off</styleUrl><description><![CDATA[Official entrance<br>0.1 mi from the matching POTA park GPS point<br><a href="https://www.google.com/maps/search/?api=1&amp;query=37.26586513,-85.15066734">Open in Google Maps</a>]]></description><Point><coordinates>-85.15066734,37.26586513,0</coordinates></Point></Placemark>
<Placemark><name>KFF-3807 · KDFWR entrance: Dix River WMA</name><styleUrl>#acc_off</styleUrl><description><![CDATA[Official entrance<br>0.0 mi from the matching POTA park GPS point<br><a href="https://www.google.com/maps/search/?api=1&amp;query=37.4922702,-84.50100346">Open in Google Maps</a>]]></description><Point><coordinates>-84.50100346,37.4922702,0</coordinates></Point></Placemark>
<Placemark><name>KFF-3808 · KDFWR entrance: Doug Travis WMA</name><styleUrl>#acc_off</styleUrl><description><![CDATA[Official entrance<br>0.5 mi from the matching POTA park GPS point<br><a href="https://www.google.com/maps/search/?api=1&amp;query=36.80145786,-89.09329074">Open in Google Maps</a>]]></description><Point><coordinates>-89.09329074,36.80145786,0</coordinates></Point></Placemark>
<Placemark><name>KFF-3809 · KDFWR entrance: Dr. James R. Rich WMA</name><styleUrl>#acc_off</styleUrl><description><![CDATA[Official entrance<br>0.0 mi from the matching POTA park GPS point<br><a href="https://www.google.com/maps/search/?api=1&amp;query=38.39446977,-84.72841218">Open in Google Maps</a>]]></description><Point><coordinates>-84.72841218,38.39446977,0</coordinates></Point></Placemark>
<Placemark><name>KFF-3810 · KDFWR entrance: Dr. Norman and Martha Adair WMA</name><styleUrl>#acc_off</styleUrl><description><![CDATA[Official entrance<br>0.0 mi from the matching POTA park GPS point<br><a href="https://www.google.com/maps/search/?api=1&amp;query=38.92097747,-84.74680464">Open in Google Maps</a>]]></description><Point><coordinates>-84.74680464,38.92097747,0</coordinates></Point></Placemark>
<Placemark><name>KFF-3811 · KDFWR entrance: Ed Mabry - Laurel Gorge WMA</name><styleUrl>#acc_off</styleUrl><description><![CDATA[Official entrance<br>0.2 mi from the matching POTA park GPS point<br><a href="https://www.google.com/maps/search/?api=1&amp;query=38.12901138,-83.18958512">Open in Google Maps</a>]]></description><Point><coordinates>-83.18958512,38.12901138,0</coordinates></Point></Placemark>
<Placemark><name>KFF-3812 · KDFWR entrance: Fleming WMA</name><styleUrl>#acc_off</styleUrl><description><![CDATA[Official entrance<br>0.1 mi from the matching POTA park GPS point<br><a href="https://www.google.com/maps/search/?api=1&amp;query=38.43382742,-83.63287427">Open in Google Maps</a>]]></description><Point><coordinates>-83.63287427,38.43382742,0</coordinates></Point></Placemark>
<Placemark><name>KFF-3813 · KDFWR entrance: Griffith Woods WMA</name><styleUrl>#acc_off</styleUrl><description><![CDATA[Official entrance<br>0.2 mi from the matching POTA park GPS point<br><a href="https://www.google.com/maps/search/?api=1&amp;query=38.3345736,-84.35480303">Open in Google Maps</a>]]></description><Point><coordinates>-84.35480303,38.3345736,0</coordinates></Point></Placemark>
<Placemark><name>KFF-3814 · KDFWR entrance: Hensley-Pine Mountain WMA</name><styleUrl>#acc_off</styleUrl><description><![CDATA[Official entrance<br>1.4 mi from the matching POTA park GPS point<br><a href="https://www.google.com/maps/search/?api=1&amp;query=37.01654413,-82.937318">Open in Google Maps</a>]]></description><Point><coordinates>-82.937318,37.01654413,0</coordinates></Point></Placemark>
<Placemark><name>KFF-3815 · KDFWR entrance: Higginson-Henry WMA</name><styleUrl>#acc_off</styleUrl><description><![CDATA[Official entrance<br>1.6 mi from the matching POTA park GPS point<br><a href="https://www.google.com/maps/search/?api=1&amp;query=37.6279793,-87.82861655">Open in Google Maps</a>]]></description><Point><coordinates>-87.82861655,37.6279793,0</coordinates></Point></Placemark>
<Placemark><name>KFF-3816 · KDFWR entrance: John A. Kleber WMA</name><styleUrl>#acc_off</styleUrl><description><![CDATA[Official entrance<br>0.0 mi from the matching POTA park GPS point<br><a href="https://www.google.com/maps/search/?api=1&amp;query=38.35829136,-84.78463261">Open in Google Maps</a>]]></description><Point><coordinates>-84.78463261,38.35829136,0</coordinates></Point></Placemark>
<Placemark><name>KFF-3817 · KDFWR entrance: John C. Williams WMA</name><styleUrl>#acc_off</styleUrl><description><![CDATA[Official entrance<br>0.0 mi from the matching POTA park GPS point<br><a href="https://www.google.com/maps/search/?api=1&amp;query=37.77575625,-85.68425173">Open in Google Maps</a>]]></description><Point><coordinates>-85.68425173,37.77575625,0</coordinates></Point></Placemark>
<Placemark><name>KFF-3818 · KDFWR entrance: Jones-Keeney WMA</name><styleUrl>#acc_off</styleUrl><description><![CDATA[Official entrance<br>0.0 mi from the matching POTA park GPS point<br><a href="https://www.google.com/maps/search/?api=1&amp;query=37.14970799,-87.75992238">Open in Google Maps</a>]]></description><Point><coordinates>-87.75992238,37.14970799,0</coordinates></Point></Placemark>
<Placemark><name>KFF-3819 · KDFWR entrance: Kaler Bottoms WMA</name><styleUrl>#acc_off</styleUrl><description><![CDATA[Official entrance<br>0.2 mi from the matching POTA park GPS point<br><a href="https://www.google.com/maps/search/?api=1&amp;query=36.83822339,-88.52705908">Open in Google Maps</a>]]></description><Point><coordinates>-88.52705908,36.83822339,0</coordinates></Point></Placemark>
<Placemark><name>KFF-3820 · KDFWR entrance: Kentucky River WMA</name><styleUrl>#acc_off</styleUrl><description><![CDATA[Official entrance<br>1.7 mi from the matching POTA park GPS point<br><a href="https://www.google.com/maps/search/?api=1&amp;query=38.40913815,-84.89513644">Open in Google Maps</a>]]></description><Point><coordinates>-84.89513644,38.40913815,0</coordinates></Point></Placemark>
<Placemark><name>KFF-3821 · KDFWR entrance: L. B. Davison WMA</name><styleUrl>#acc_off</styleUrl><description><![CDATA[Official entrance<br>0.0 mi from the matching POTA park GPS point<br><a href="https://www.google.com/maps/search/?api=1&amp;query=37.55028501,-86.7126055">Open in Google Maps</a>]]></description><Point><coordinates>-86.7126055,37.55028501,0</coordinates></Point></Placemark>
<Placemark><name>KFF-3822 · KDFWR entrance: Lee K. Nelson WMA</name><styleUrl>#acc_off</styleUrl><description><![CDATA[Official entrance<br>0.0 mi from the matching POTA park GPS point<br><a href="https://www.google.com/maps/search/?api=1&amp;query=37.50150406,-87.68641339">Open in Google Maps</a>]]></description><Point><coordinates>-87.68641339,37.50150406,0</coordinates></Point></Placemark>
<Placemark><name>KFF-3823 · KDFWR entrance: Livingston County WMA and State Natural Area</name><styleUrl>#acc_off</styleUrl><description><![CDATA[Official entrance<br>1.5 mi from the matching POTA park GPS point<br><a href="https://www.google.com/maps/search/?api=1&amp;query=37.33616699,-88.41726558">Open in Google Maps</a>]]></description><Point><coordinates>-88.41726558,37.33616699,0</coordinates></Point></Placemark>
<Placemark><name>KFF-3824 · KDFWR entrance: Marion County WMA and State Forest</name><styleUrl>#acc_off</styleUrl><description><![CDATA[Official entrance<br>0.9 mi from the matching POTA park GPS point<br><a href="https://www.google.com/maps/search/?api=1&amp;query=37.54809744,-85.1209389">Open in Google Maps</a>]]></description><Point><coordinates>-85.1209389,37.54809744,0</coordinates></Point></Placemark>
<Placemark><name>KFF-3825 · KDFWR entrance: Miller Welch-Central Kentucky WMA</name><styleUrl>#acc_off</styleUrl><description><![CDATA[Official entrance<br>0.0 mi from the matching POTA park GPS point<br><a href="https://www.google.com/maps/search/?api=1&amp;query=37.63449174,-84.20066658">Open in Google Maps</a>]]></description><Point><coordinates>-84.20066658,37.63449174,0</coordinates></Point></Placemark>
<Placemark><name>KFF-3826 · KDFWR entrance: Mullins WMA</name><styleUrl>#acc_off</styleUrl><description><![CDATA[Official entrance<br>0.7 mi from the matching POTA park GPS point<br><a href="https://www.google.com/maps/search/?api=1&amp;query=38.81360865,-84.60821099">Open in Google Maps</a>]]></description><Point><coordinates>-84.60821099,38.81360865,0</coordinates></Point></Placemark>
<Placemark><name>KFF-3827 · KDFWR entrance: Obion Creek WMA</name><styleUrl>#acc_off</styleUrl><description><![CDATA[Official entrance<br>0.1 mi from the matching POTA park GPS point<br><a href="https://www.google.com/maps/search/?api=1&amp;query=36.63167682,-89.12648173">Open in Google Maps</a>]]></description><Point><coordinates>-89.12648173,36.63167682,0</coordinates></Point></Placemark>
<Placemark><name>KFF-3828 · KDFWR entrance: Peabody WMA</name><styleUrl>#acc_off</styleUrl><description><![CDATA[Official entrance<br>0.7 mi from the matching POTA park GPS point<br><a href="https://www.google.com/maps/search/?api=1&amp;query=37.2799571,-86.90344385">Open in Google Maps</a>]]></description><Point><coordinates>-86.90344385,37.2799571,0</coordinates></Point></Placemark>
<Placemark><name>KFF-3829 · KDFWR entrance: R. F. Tarter WMA</name><styleUrl>#acc_off</styleUrl><description><![CDATA[Official entrance<br>0.0 mi from the matching POTA park GPS point<br><a href="https://www.google.com/maps/search/?api=1&amp;query=37.16426701,-85.07133521">Open in Google Maps</a>]]></description><Point><coordinates>-85.07133521,37.16426701,0</coordinates></Point></Placemark>
<Placemark><name>KFF-3830 · KDFWR entrance: Sloughs WMA</name><styleUrl>#acc_off</styleUrl><description><![CDATA[Official entrance<br>0.5 mi from the matching POTA park GPS point<br><a href="https://www.google.com/maps/search/?api=1&amp;query=37.86088652,-87.77931044">Open in Google Maps</a>]]></description><Point><coordinates>-87.77931044,37.86088652,0</coordinates></Point></Placemark>
<Placemark><name>KFF-3831 · KDFWR entrance: South Shore WMA</name><styleUrl>#acc_off</styleUrl><description><![CDATA[Official entrance<br>0.0 mi from the matching POTA park GPS point<br><a href="https://www.google.com/maps/search/?api=1&amp;query=38.73418657,-82.93599492">Open in Google Maps</a>]]></description><Point><coordinates>-82.93599492,38.73418657,0</coordinates></Point></Placemark>
<Placemark><name>KFF-3832 · KDFWR entrance: Stone Mountain WMA and State Natural Area</name><styleUrl>#acc_off</styleUrl><description><![CDATA[Official entrance<br>0.5 mi from the matching POTA park GPS point<br><a href="https://www.google.com/maps/search/?api=1&amp;query=36.76138048,-83.13831403">Open in Google Maps</a>]]></description><Point><coordinates>-83.13831403,36.76138048,0</coordinates></Point></Placemark>
<Placemark><name>KFF-3833 · KDFWR entrance: T. N. Sullivan WMA</name><styleUrl>#acc_off</styleUrl><description><![CDATA[Official entrance<br>0.4 mi from the matching POTA park GPS point<br><a href="https://www.google.com/maps/search/?api=1&amp;query=38.28016664,-84.83078346">Open in Google Maps</a>]]></description><Point><coordinates>-84.83078346,38.28016664,0</coordinates></Point></Placemark>
<Placemark><name>KFF-3834 · KDFWR entrance: Tradewater WMA</name><styleUrl>#acc_off</styleUrl><description><![CDATA[Official entrance<br>0.3 mi from the matching POTA park GPS point<br><a href="https://www.google.com/maps/search/?api=1&amp;query=37.14695719,-87.67137692">Open in Google Maps</a>]]></description><Point><coordinates>-87.67137692,37.14695719,0</coordinates></Point></Placemark>
<Placemark><name>KFF-3835 · KDFWR entrance: Twin Eagle WMA</name><styleUrl>#acc_off</styleUrl><description><![CDATA[Official entrance<br>0.1 mi from the matching POTA park GPS point<br><a href="https://www.google.com/maps/search/?api=1&amp;query=38.57483739,-85.0328347">Open in Google Maps</a>]]></description><Point><coordinates>-85.0328347,38.57483739,0</coordinates></Point></Placemark>
<Placemark><name>KFF-3836 · KDFWR entrance: Veterans Memorial WMA</name><styleUrl>#acc_off</styleUrl><description><![CDATA[Official entrance<br>0.0 mi from the matching POTA park GPS point<br><a href="https://www.google.com/maps/search/?api=1&amp;query=38.30380822,-84.55695833">Open in Google Maps</a>]]></description><Point><coordinates>-84.55695833,38.30380822,0</coordinates></Point></Placemark>
<Placemark><name>KFF-3837 · KDFWR entrance: West Kentucky WMA</name><styleUrl>#acc_off</styleUrl><description><![CDATA[Official entrance<br>1.0 mi from the matching POTA park GPS point<br><a href="https://www.google.com/maps/search/?api=1&amp;query=37.13324435,-88.81393813">Open in Google Maps</a>]]></description><Point><coordinates>-88.81393813,37.13324435,0</coordinates></Point></Placemark>
<Placemark><name>KFF-3838 · KDFWR entrance: Winford WMA</name><styleUrl>#acc_off</styleUrl><description><![CDATA[Official entrance<br>0.0 mi from the matching POTA park GPS point<br><a href="https://www.google.com/maps/search/?api=1&amp;query=36.92722468,-89.06009492">Open in Google Maps</a>]]></description><Point><coordinates>-89.06009492,36.92722468,0</coordinates></Point></Placemark>
<Placemark><name>KFF-3839 · KDFWR entrance: Yatesville Lake WMA</name><styleUrl>#acc_off</styleUrl><description><![CDATA[Official entrance<br>1.8 mi from the matching POTA park GPS point<br><a href="https://www.google.com/maps/search/?api=1&amp;query=38.1080632,-82.74611739">Open in Google Maps</a>]]></description><Point><coordinates>-82.74611739,38.1080632,0</coordinates></Point></Placemark>
<Placemark><name>KFF-4511 · KDFWR entrance: Daniel Boone National Forest</name><styleUrl>#acc_off</styleUrl><description><![CDATA[Official entrance<br>41.5 mi from the matching POTA park GPS point<br><a href="https://www.google.com/maps/search/?api=1&amp;query=37.99381741,-84.21368651">Open in Google Maps</a>]]></description><Point><coordinates>-84.21368651,37.99381741,0</coordinates></Point></Placemark>
<Placemark><name>KFF-6864 · KDFWR entrance: Green River State Forest</name><styleUrl>#acc_off</styleUrl><description><![CDATA[Official entrance<br>0.0 mi from the matching POTA park GPS point<br><a href="https://www.google.com/maps/search/?api=1&amp;query=37.87609115,-87.47666171">Open in Google Maps</a>]]></description><Point><coordinates>-87.47666171,37.87609115,0</coordinates></Point></Placemark>
<Placemark><name>KFF-6865 · KDFWR entrance: Kentenia State Forest</name><styleUrl>#acc_off</styleUrl><description><![CDATA[Official entrance<br>0.6 mi from the matching POTA park GPS point<br><a href="https://www.google.com/maps/search/?api=1&amp;query=36.92444114,-83.22687745">Open in Google Maps</a>]]></description><Point><coordinates>-83.22687745,36.92444114,0</coordinates></Point></Placemark>
<Placemark><name>KFF-6866 · KDFWR entrance: Kentucky Ridge State Forest</name><styleUrl>#acc_off</styleUrl><description><![CDATA[Official entrance<br>1.8 mi from the matching POTA park GPS point<br><a href="https://www.google.com/maps/search/?api=1&amp;query=36.67648717,-83.85264222">Open in Google Maps</a>]]></description><Point><coordinates>-83.85264222,36.67648717,0</coordinates></Point></Placemark>
<Placemark><name>KFF-6867 · KDFWR entrance: Pennyrile State Forest</name><styleUrl>#acc_off</styleUrl><description><![CDATA[Official entrance<br>1.3 mi from the matching POTA park GPS point<br><a href="https://www.google.com/maps/search/?api=1&amp;query=37.05784782,-87.65369034">Open in Google Maps</a>]]></description><Point><coordinates>-87.65369034,37.05784782,0</coordinates></Point></Placemark>
<Placemark><name>KFF-6869 · KDFWR entrance: Tygarts State Forest</name><styleUrl>#acc_off</styleUrl><description><![CDATA[Official entrance<br>0.4 mi from the matching POTA park GPS point<br><a href="https://www.google.com/maps/search/?api=1&amp;query=38.38607856,-83.15651656">Open in Google Maps</a>]]></description><Point><coordinates>-83.15651656,38.38607856,0</coordinates></Point></Placemark>
<Placemark><name>KFF-6889 · KDFWR entrance: Knobs State Forest and WMA</name><styleUrl>#acc_off</styleUrl><description><![CDATA[Official entrance<br>1.4 mi from the matching POTA park GPS point<br><a href="https://www.google.com/maps/search/?api=1&amp;query=37.89027854,-85.69610133">Open in Google Maps</a>]]></description><Point><coordinates>-85.69610133,37.89027854,0</coordinates></Point></Placemark>
<Placemark><name>KFF-7270 · KDFWR entrance: Cane Creek WMA</name><styleUrl>#acc_off</styleUrl><description><![CDATA[Official entrance<br>0.0 mi from the matching POTA park GPS point<br><a href="https://www.google.com/maps/search/?api=1&amp;query=36.99752256,-84.28476177">Open in Google Maps</a>]]></description><Point><coordinates>-84.28476177,36.99752256,0</coordinates></Point></Placemark>
<Placemark><name>KFF-7272 · KDFWR entrance: Dewey Lake WMA</name><styleUrl>#acc_off</styleUrl><description><![CDATA[Official entrance<br>5.1 mi from the matching POTA park GPS point<br><a href="https://www.google.com/maps/search/?api=1&amp;query=37.70153132,-82.64570093">Open in Google Maps</a>]]></description><Point><coordinates>-82.64570093,37.70153132,0</coordinates></Point></Placemark>
<Placemark><name>KFF-7366 · KDFWR entrance: Ferguson Creek WMA</name><styleUrl>#acc_off</styleUrl><description><![CDATA[Official entrance<br>1.4 mi from the matching POTA park GPS point<br><a href="https://www.google.com/maps/search/?api=1&amp;query=37.14008467,-88.37013035">Open in Google Maps</a>]]></description><Point><coordinates>-88.37013035,37.14008467,0</coordinates></Point></Placemark>
<Placemark><name>KFF-7367 · KDFWR entrance: Gabbard Branch WMA</name><styleUrl>#acc_off</styleUrl><description><![CDATA[Official entrance<br>0.0 mi from the matching POTA park GPS point<br><a href="https://www.google.com/maps/search/?api=1&amp;query=37.21861192,-86.52843789">Open in Google Maps</a>]]></description><Point><coordinates>-86.52843789,37.21861192,0</coordinates></Point></Placemark>
<Placemark><name>KFF-7368 · KDFWR entrance: Harris-Dickerson WMA</name><styleUrl>#acc_off</styleUrl><description><![CDATA[Official entrance<br>0.5 mi from the matching POTA park GPS point<br><a href="https://www.google.com/maps/search/?api=1&amp;query=37.31829523,-87.36964354">Open in Google Maps</a>]]></description><Point><coordinates>-87.36964354,37.31829523,0</coordinates></Point></Placemark>
<Placemark><name>KFF-7370 · KDFWR entrance: Kentucky Ridge Forest WMA</name><styleUrl>#acc_off</styleUrl><description><![CDATA[Official entrance<br>0.0 mi from the matching POTA park GPS point<br><a href="https://www.google.com/maps/search/?api=1&amp;query=36.77243809,-83.7707801">Open in Google Maps</a>]]></description><Point><coordinates>-83.7707801,36.77243809,0</coordinates></Point></Placemark>
<Placemark><name>KFF-7371 · KDFWR entrance: Marrowbone State Forest and WMA</name><styleUrl>#acc_off</styleUrl><description><![CDATA[Official entrance<br>1.3 mi from the matching POTA park GPS point<br><a href="https://www.google.com/maps/search/?api=1&amp;query=36.84787132,-85.607904">Open in Google Maps</a>]]></description><Point><coordinates>-85.607904,36.84787132,0</coordinates></Point></Placemark>
</Folder>
<Folder><name>Official access — NPS parking lot</name>
<Placemark><name>KFF-0019 · NPS parking lot: NPS parking lot</name><styleUrl>#acc_off</styleUrl><description><![CDATA[CUGA official lot<br>0.3 mi from the matching POTA park GPS point<br><a href="https://www.google.com/maps/search/?api=1&amp;query=36.60795216611614,-83.67475066159535">Open in Google Maps</a>]]></description><Point><coordinates>-83.67475066159535,36.60795216611614,0</coordinates></Point></Placemark>
<Placemark><name>KFF-0019 · NPS parking lot: NPS parking lot</name><styleUrl>#acc_off</styleUrl><description><![CDATA[CUGA official lot<br>0.3 mi from the matching POTA park GPS point<br><a href="https://www.google.com/maps/search/?api=1&amp;query=36.60844467367917,-83.67417143738788">Open in Google Maps</a>]]></description><Point><coordinates>-83.67417143738788,36.60844467367917,0</coordinates></Point></Placemark>
<Placemark><name>KFF-0019 · NPS parking lot: NPS parking lot</name><styleUrl>#acc_off</styleUrl><description><![CDATA[CUGA official lot<br>0.3 mi from the matching POTA park GPS point<br><a href="https://www.google.com/maps/search/?api=1&amp;query=36.60097780341602,-83.66939998932533">Open in Google Maps</a>]]></description><Point><coordinates>-83.66939998932533,36.60097780341602,0</coordinates></Point></Placemark>
<Placemark><name>KFF-0019 · NPS parking lot: NPS parking lot</name><styleUrl>#acc_off</styleUrl><description><![CDATA[CUGA official lot<br>0.4 mi from the matching POTA park GPS point<br><a href="https://www.google.com/maps/search/?api=1&amp;query=36.60656009524093,-83.66714869431911">Open in Google Maps</a>]]></description><Point><coordinates>-83.66714869431911,36.60656009524093,0</coordinates></Point></Placemark>
<Placemark><name>KFF-0019 · NPS parking lot: NPS parking lot</name><styleUrl>#acc_off</styleUrl><description><![CDATA[CUGA official lot<br>0.4 mi from the matching POTA park GPS point<br><a href="https://www.google.com/maps/search/?api=1&amp;query=36.609649078709516,-83.67141241366245">Open in Google Maps</a>]]></description><Point><coordinates>-83.67141241366245,36.609649078709516,0</coordinates></Point></Placemark>
<Placemark><name>KFF-0019 · NPS parking lot: NPS parking lot</name><styleUrl>#acc_off</styleUrl><description><![CDATA[CUGA official lot<br>0.4 mi from the matching POTA park GPS point<br><a href="https://www.google.com/maps/search/?api=1&amp;query=36.609420574617324,-83.67784443332165">Open in Google Maps</a>]]></description><Point><coordinates>-83.67784443332165,36.609420574617324,0</coordinates></Point></Placemark>
<Placemark><name>KFF-0019 · NPS parking lot: NPS parking lot</name><styleUrl>#acc_off</styleUrl><description><![CDATA[CUGA official lot<br>0.8 mi from the matching POTA park GPS point<br><a href="https://www.google.com/maps/search/?api=1&amp;query=36.601418395513484,-83.66013701804447">Open in Google Maps</a>]]></description><Point><coordinates>-83.66013701804447,36.601418395513484,0</coordinates></Point></Placemark>
<Placemark><name>KFF-0019 · NPS parking lot: NPS parking lot</name><styleUrl>#acc_off</styleUrl><description><![CDATA[CUGA official lot<br>1.1 mi from the matching POTA park GPS point<br><a href="https://www.google.com/maps/search/?api=1&amp;query=36.59995324006572,-83.69336516562328">Open in Google Maps</a>]]></description><Point><coordinates>-83.69336516562328,36.59995324006572,0</coordinates></Point></Placemark>
<Placemark><name>KFF-0019 · NPS parking lot: NPS parking lot</name><styleUrl>#acc_off</styleUrl><description><![CDATA[CUGA official lot<br>1.1 mi from the matching POTA park GPS point<br><a href="https://www.google.com/maps/search/?api=1&amp;query=36.60010100737056,-83.69388245150687">Open in Google Maps</a>]]></description><Point><coordinates>-83.69388245150687,36.60010100737056,0</coordinates></Point></Placemark>
<Placemark><name>KFF-0019 · NPS parking lot: NPS parking lot</name><styleUrl>#acc_off</styleUrl><description><![CDATA[CUGA official lot<br>1.1 mi from the matching POTA park GPS point<br><a href="https://www.google.com/maps/search/?api=1&amp;query=36.60031547754322,-83.69414451098997">Open in Google Maps</a>]]></description><Point><coordinates>-83.69414451098997,36.60031547754322,0</coordinates></Point></Placemark>
<Placemark><name>KFF-0019 · NPS parking lot: NPS parking lot</name><styleUrl>#acc_off</styleUrl><description><![CDATA[CUGA official lot<br>1.2 mi from the matching POTA park GPS point<br><a href="https://www.google.com/maps/search/?api=1&amp;query=36.5996521524921,-83.69456993783584">Open in Google Maps</a>]]></description><Point><coordinates>-83.69456993783584,36.5996521524921,0</coordinates></Point></Placemark>
<Placemark><name>KFF-0019 · NPS parking lot: NPS parking lot</name><styleUrl>#acc_off</styleUrl><description><![CDATA[CUGA official lot<br>1.2 mi from the matching POTA park GPS point<br><a href="https://www.google.com/maps/search/?api=1&amp;query=36.59867386094348,-83.6947238529662">Open in Google Maps</a>]]></description><Point><coordinates>-83.6947238529662,36.59867386094348,0</coordinates></Point></Placemark>
<Placemark><name>KFF-0019 · NPS parking lot: NPS parking lot</name><styleUrl>#acc_off</styleUrl><description><![CDATA[CUGA official lot<br>1.2 mi from the matching POTA park GPS point<br><a href="https://www.google.com/maps/search/?api=1&amp;query=36.59848385232005,-83.69481871695945">Open in Google Maps</a>]]></description><Point><coordinates>-83.69481871695945,36.59848385232005,0</coordinates></Point></Placemark>
<Placemark><name>KFF-0019 · NPS parking lot: NPS parking lot</name><styleUrl>#acc_off</styleUrl><description><![CDATA[CUGA official lot<br>1.2 mi from the matching POTA park GPS point<br><a href="https://www.google.com/maps/search/?api=1&amp;query=36.60321785767834,-83.69615500502036">Open in Google Maps</a>]]></description><Point><coordinates>-83.69615500502036,36.60321785767834,0</coordinates></Point></Placemark>
<Placemark><name>KFF-0019 · NPS parking lot: NPS parking lot</name><styleUrl>#acc_off</styleUrl><description><![CDATA[CUGA official lot<br>2.0 mi from the matching POTA park GPS point<br><a href="https://www.google.com/maps/search/?api=1&amp;query=36.60915309621308,-83.63823427856427">Open in Google Maps</a>]]></description><Point><coordinates>-83.63823427856427,36.60915309621308,0</coordinates></Point></Placemark>
<Placemark><name>KFF-0019 · NPS parking lot: NPS parking lot</name><styleUrl>#acc_off</styleUrl><description><![CDATA[CUGA official lot<br>2.0 mi from the matching POTA park GPS point<br><a href="https://www.google.com/maps/search/?api=1&amp;query=36.60956001047479,-83.63816963454269">Open in Google Maps</a>]]></description><Point><coordinates>-83.63816963454269,36.60956001047479,0</coordinates></Point></Placemark>
<Placemark><name>KFF-0019 · NPS parking lot: NPS parking lot</name><styleUrl>#acc_off</styleUrl><description><![CDATA[CUGA official lot<br>2.1 mi from the matching POTA park GPS point<br><a href="https://www.google.com/maps/search/?api=1&amp;query=36.60925180235271,-83.63758472019106">Open in Google Maps</a>]]></description><Point><coordinates>-83.63758472019106,36.60925180235271,0</coordinates></Point></Placemark>
<Placemark><name>KFF-0019 · NPS parking lot: NPS parking lot</name><styleUrl>#acc_off</styleUrl><description><![CDATA[CUGA official lot<br>2.1 mi from the matching POTA park GPS point<br><a href="https://www.google.com/maps/search/?api=1&amp;query=36.609781952227635,-83.63767871650715">Open in Google Maps</a>]]></description><Point><coordinates>-83.63767871650715,36.609781952227635,0</coordinates></Point></Placemark>
<Placemark><name>KFF-0019 · NPS parking lot: NPS parking lot</name><styleUrl>#acc_off</styleUrl><description><![CDATA[CUGA official lot<br>2.1 mi from the matching POTA park GPS point<br><a href="https://www.google.com/maps/search/?api=1&amp;query=36.63412121542807,-83.67383038029313">Open in Google Maps</a>]]></description><Point><coordinates>-83.67383038029313,36.63412121542807,0</coordinates></Point></Placemark>
<Placemark><name>KFF-0019 · NPS parking lot: NPS parking lot</name><styleUrl>#acc_off</styleUrl><description><![CDATA[CUGA official lot<br>2.1 mi from the matching POTA park GPS point<br><a href="https://www.google.com/maps/search/?api=1&amp;query=36.60950507523432,-83.63644836235945">Open in Google Maps</a>]]></description><Point><coordinates>-83.63644836235945,36.60950507523432,0</coordinates></Point></Placemark>
<Placemark><name>KFF-0019 · NPS parking lot: NPS parking lot</name><styleUrl>#acc_off</styleUrl><description><![CDATA[CUGA official lot<br>2.1 mi from the matching POTA park GPS point<br><a href="https://www.google.com/maps/search/?api=1&amp;query=36.60294623339389,-83.6355950925453">Open in Google Maps</a>]]></description><Point><coordinates>-83.6355950925453,36.60294623339389,0</coordinates></Point></Placemark>
<Placemark><name>KFF-0019 · NPS parking lot: NPS parking lot</name><styleUrl>#acc_off</styleUrl><description><![CDATA[CUGA official lot<br>2.3 mi from the matching POTA park GPS point<br><a href="https://www.google.com/maps/search/?api=1&amp;query=36.6363140069723,-83.6685974875079">Open in Google Maps</a>]]></description><Point><coordinates>-83.6685974875079,36.6363140069723,0</coordinates></Point></Placemark>
<Placemark><name>KFF-0019 · NPS parking lot: NPS parking lot</name><styleUrl>#acc_off</styleUrl><description><![CDATA[CUGA official lot<br>2.3 mi from the matching POTA park GPS point<br><a href="https://www.google.com/maps/search/?api=1&amp;query=36.60350733605542,-83.63286835857288">Open in Google Maps</a>]]></description><Point><coordinates>-83.63286835857288,36.60350733605542,0</coordinates></Point></Placemark>
<Placemark><name>KFF-0019 · NPS parking lot: NPS parking lot</name><styleUrl>#acc_off</styleUrl><description><![CDATA[CUGA official lot<br>2.3 mi from the matching POTA park GPS point<br><a href="https://www.google.com/maps/search/?api=1&amp;query=36.636858138649686,-83.66923831343244">Open in Google Maps</a>]]></description><Point><coordinates>-83.66923831343244,36.636858138649686,0</coordinates></Point></Placemark>
<Placemark><name>KFF-0019 · NPS parking lot: NPS parking lot</name><styleUrl>#acc_off</styleUrl><description><![CDATA[CUGA official lot<br>2.3 mi from the matching POTA park GPS point<br><a href="https://www.google.com/maps/search/?api=1&amp;query=36.604255030065204,-83.6324801474284">Open in Google Maps</a>]]></description><Point><coordinates>-83.6324801474284,36.604255030065204,0</coordinates></Point></Placemark>
<Placemark><name>KFF-0019 · NPS parking lot: NPS parking lot</name><styleUrl>#acc_off</styleUrl><description><![CDATA[CUGA official lot<br>2.4 mi from the matching POTA park GPS point<br><a href="https://www.google.com/maps/search/?api=1&amp;query=36.603477782235366,-83.63062808142176">Open in Google Maps</a>]]></description><Point><coordinates>-83.63062808142176,36.603477782235366,0</coordinates></Point></Placemark>
<Placemark><name>KFF-0019 · NPS parking lot: NPS parking lot</name><styleUrl>#acc_off</styleUrl><description><![CDATA[CUGA official lot<br>2.5 mi from the matching POTA park GPS point<br><a href="https://www.google.com/maps/search/?api=1&amp;query=36.60092467403515,-83.62860521818519">Open in Google Maps</a>]]></description><Point><coordinates>-83.62860521818519,36.60092467403515,0</coordinates></Point></Placemark>
<Placemark><name>KFF-0050 · NPS parking lot: NPS parking lot</name><styleUrl>#acc_off</styleUrl><description><![CDATA[MACA official lot<br>0.0 mi from the matching POTA park GPS point<br><a href="https://www.google.com/maps/search/?api=1&amp;query=37.18790621663175,-86.10089997954553">Open in Google Maps</a>]]></description><Point><coordinates>-86.10089997954553,37.18790621663175,0</coordinates></Point></Placemark>
<Placemark><name>KFF-0050 · NPS parking lot: NPS parking lot</name><styleUrl>#acc_off</styleUrl><description><![CDATA[MACA official lot<br>0.1 mi from the matching POTA park GPS point<br><a href="https://www.google.com/maps/search/?api=1&amp;query=37.189023336907674,-86.10198501471751">Open in Google Maps</a>]]></description><Point><coordinates>-86.10198501471751,37.189023336907674,0</coordinates></Point></Placemark>
<Placemark><name>KFF-0050 · NPS parking lot: NPS parking lot</name><styleUrl>#acc_off</styleUrl><description><![CDATA[MACA official lot<br>0.1 mi from the matching POTA park GPS point<br><a href="https://www.google.com/maps/search/?api=1&amp;query=37.18882382500187,-86.10000684519744">Open in Google Maps</a>]]></description><Point><coordinates>-86.10000684519744,37.18882382500187,0</coordinates></Point></Placemark>
<Placemark><name>KFF-0050 · NPS parking lot: NPS parking lot</name><styleUrl>#acc_off</styleUrl><description><![CDATA[MACA official lot<br>0.1 mi from the matching POTA park GPS point<br><a href="https://www.google.com/maps/search/?api=1&amp;query=37.189137229849365,-86.10196290232058">Open in Google Maps</a>]]></description><Point><coordinates>-86.10196290232058,37.189137229849365,0</coordinates></Point></Placemark>
<Placemark><name>KFF-0050 · NPS parking lot: NPS parking lot</name><styleUrl>#acc_off</styleUrl><description><![CDATA[MACA official lot<br>0.1 mi from the matching POTA park GPS point<br><a href="https://www.google.com/maps/search/?api=1&amp;query=37.18612470416409,-86.1006161357402">Open in Google Maps</a>]]></description><Point><coordinates>-86.1006161357402,37.18612470416409,0</coordinates></Point></Placemark>
<Placemark><name>KFF-0050 · NPS parking lot: NPS parking lot</name><styleUrl>#acc_off</styleUrl><description><![CDATA[MACA official lot<br>0.2 mi from the matching POTA park GPS point<br><a href="https://www.google.com/maps/search/?api=1&amp;query=37.18556062021339,-86.10187578387065">Open in Google Maps</a>]]></description><Point><coordinates>-86.10187578387065,37.18556062021339,0</coordinates></Point></Placemark>
<Placemark><name>KFF-0050 · NPS parking lot: NPS parking lot</name><styleUrl>#acc_off</styleUrl><description><![CDATA[MACA official lot<br>0.2 mi from the matching POTA park GPS point<br><a href="https://www.google.com/maps/search/?api=1&amp;query=37.1899438429372,-86.10174233081823">Open in Google Maps</a>]]></description><Point><coordinates>-86.10174233081823,37.1899438429372,0</coordinates></Point></Placemark>
<Placemark><name>KFF-0050 · NPS parking lot: NPS parking lot</name><styleUrl>#acc_off</styleUrl><description><![CDATA[MACA official lot<br>0.2 mi from the matching POTA park GPS point<br><a href="https://www.google.com/maps/search/?api=1&amp;query=37.190154355828035,-86.1017853378774">Open in Google Maps</a>]]></description><Point><coordinates>-86.1017853378774,37.190154355828035,0</coordinates></Point></Placemark>
<Placemark><name>KFF-0050 · NPS parking lot: NPS parking lot</name><styleUrl>#acc_off</styleUrl><description><![CDATA[MACA official lot<br>0.2 mi from the matching POTA park GPS point<br><a href="https://www.google.com/maps/search/?api=1&amp;query=37.18987284664928,-86.10305868857262">Open in Google Maps</a>]]></description><Point><coordinates>-86.10305868857262,37.18987284664928,0</coordinates></Point></Placemark>
<Placemark><name>KFF-0050 · NPS parking lot: NPS parking lot</name><styleUrl>#acc_off</styleUrl><description><![CDATA[MACA official lot<br>0.2 mi from the matching POTA park GPS point<br><a href="https://www.google.com/maps/search/?api=1&amp;query=37.18556596028884,-86.10350032454552">Open in Google Maps</a>]]></description><Point><coordinates>-86.10350032454552,37.18556596028884,0</coordinates></Point></Placemark>
<Placemark><name>KFF-0050 · NPS parking lot: NPS parking lot</name><styleUrl>#acc_off</styleUrl><description><![CDATA[MACA official lot<br>0.2 mi from the matching POTA park GPS point<br><a href="https://www.google.com/maps/search/?api=1&amp;query=37.18615269902922,-86.10425359269405">Open in Google Maps</a>]]></description><Point><coordinates>-86.10425359269405,37.18615269902922,0</coordinates></Point></Placemark>
<Placemark><name>KFF-0050 · NPS parking lot: NPS parking lot</name><styleUrl>#acc_off</styleUrl><description><![CDATA[MACA official lot<br>0.2 mi from the matching POTA park GPS point<br><a href="https://www.google.com/maps/search/?api=1&amp;query=37.18602201051936,-86.10427397945489">Open in Google Maps</a>]]></description><Point><coordinates>-86.10427397945489,37.18602201051936,0</coordinates></Point></Placemark>
<Placemark><name>KFF-0050 · NPS parking lot: NPS parking lot</name><styleUrl>#acc_off</styleUrl><description><![CDATA[MACA official lot<br>0.2 mi from the matching POTA park GPS point<br><a href="https://www.google.com/maps/search/?api=1&amp;query=37.190559038085276,-86.10292046699605">Open in Google Maps</a>]]></description><Point><coordinates>-86.10292046699605,37.190559038085276,0</coordinates></Point></Placemark>
<Placemark><name>KFF-0050 · NPS parking lot: NPS parking lot</name><styleUrl>#acc_off</styleUrl><description><![CDATA[MACA official lot<br>0.2 mi from the matching POTA park GPS point<br><a href="https://www.google.com/maps/search/?api=1&amp;query=37.190674135161444,-86.10316806253572">Open in Google Maps</a>]]></description><Point><coordinates>-86.10316806253572,37.190674135161444,0</coordinates></Point></Placemark>
<Placemark><name>KFF-0050 · NPS parking lot: NPS parking lot</name><styleUrl>#acc_off</styleUrl><description><![CDATA[MACA official lot<br>0.2 mi from the matching POTA park GPS point<br><a href="https://www.google.com/maps/search/?api=1&amp;query=37.19108024528743,-86.10227580760352">Open in Google Maps</a>]]></description><Point><coordinates>-86.10227580760352,37.19108024528743,0</coordinates></Point></Placemark>
<Placemark><name>KFF-0050 · NPS parking lot: NPS parking lot</name><styleUrl>#acc_off</styleUrl><description><![CDATA[MACA official lot<br>0.3 mi from the matching POTA park GPS point<br><a href="https://www.google.com/maps/search/?api=1&amp;query=37.191240590834106,-86.10243746985267">Open in Google Maps</a>]]></description><Point><coordinates>-86.10243746985267,37.191240590834106,0</coordinates></Point></Placemark>
<Placemark><name>KFF-0050 · NPS parking lot: NPS parking lot</name><styleUrl>#acc_off</styleUrl><description><![CDATA[MACA official lot<br>0.8 mi from the matching POTA park GPS point<br><a href="https://www.google.com/maps/search/?api=1&amp;query=37.17967433421957,-86.1115676994064">Open in Google Maps</a>]]></description><Point><coordinates>-86.1115676994064,37.17967433421957,0</coordinates></Point></Placemark>
<Placemark><name>KFF-0050 · NPS parking lot: NPS parking lot</name><styleUrl>#acc_off</styleUrl><description><![CDATA[MACA official lot<br>0.8 mi from the matching POTA park GPS point<br><a href="https://www.google.com/maps/search/?api=1&amp;query=37.1826378023577,-86.08778972914929">Open in Google Maps</a>]]></description><Point><coordinates>-86.08778972914929,37.1826378023577,0</coordinates></Point></Placemark>
<Placemark><name>KFF-0050 · NPS parking lot: NPS parking lot</name><styleUrl>#acc_off</styleUrl><description><![CDATA[MACA official lot<br>0.9 mi from the matching POTA park GPS point<br><a href="https://www.google.com/maps/search/?api=1&amp;query=37.18111056694216,-86.08642438974681">Open in Google Maps</a>]]></description><Point><coordinates>-86.08642438974681,37.18111056694216,0</coordinates></Point></Placemark>
<Placemark><name>KFF-0050 · NPS parking lot: NPS parking lot</name><styleUrl>#acc_off</styleUrl><description><![CDATA[MACA official lot<br>1.0 mi from the matching POTA park GPS point<br><a href="https://www.google.com/maps/search/?api=1&amp;query=37.18109027336885,-86.08580129724308">Open in Google Maps</a>]]></description><Point><coordinates>-86.08580129724308,37.18109027336885,0</coordinates></Point></Placemark>
<Placemark><name>KFF-0050 · NPS parking lot: NPS parking lot</name><styleUrl>#acc_off</styleUrl><description><![CDATA[MACA official lot<br>1.0 mi from the matching POTA park GPS point<br><a href="https://www.google.com/maps/search/?api=1&amp;query=37.180680662918725,-86.08588680376793">Open in Google Maps</a>]]></description><Point><coordinates>-86.08588680376793,37.180680662918725,0</coordinates></Point></Placemark>
<Placemark><name>KFF-0050 · NPS parking lot: NPS parking lot</name><styleUrl>#acc_off</styleUrl><description><![CDATA[MACA official lot<br>1.0 mi from the matching POTA park GPS point<br><a href="https://www.google.com/maps/search/?api=1&amp;query=37.18061410289911,-86.08474452746563">Open in Google Maps</a>]]></description><Point><coordinates>-86.08474452746563,37.18061410289911,0</coordinates></Point></Placemark>
<Placemark><name>KFF-0050 · NPS parking lot: NPS parking lot</name><styleUrl>#acc_off</styleUrl><description><![CDATA[MACA official lot<br>1.0 mi from the matching POTA park GPS point<br><a href="https://www.google.com/maps/search/?api=1&amp;query=37.179892979679096,-86.0850911303224">Open in Google Maps</a>]]></description><Point><coordinates>-86.0850911303224,37.179892979679096,0</coordinates></Point></Placemark>
<Placemark><name>KFF-0050 · NPS parking lot: NPS parking lot</name><styleUrl>#acc_off</styleUrl><description><![CDATA[MACA official lot<br>1.0 mi from the matching POTA park GPS point<br><a href="https://www.google.com/maps/search/?api=1&amp;query=37.18008936547692,-86.08490974854409">Open in Google Maps</a>]]></description><Point><coordinates>-86.08490974854409,37.18008936547692,0</coordinates></Point></Placemark>
<Placemark><name>KFF-0050 · NPS parking lot: NPS parking lot</name><styleUrl>#acc_off</styleUrl><description><![CDATA[MACA official lot<br>1.7 mi from the matching POTA park GPS point<br><a href="https://www.google.com/maps/search/?api=1&amp;query=37.16362194451926,-86.09302150288325">Open in Google Maps</a>]]></description><Point><coordinates>-86.09302150288325,37.16362194451926,0</coordinates></Point></Placemark>
<Placemark><name>KFF-0050 · NPS parking lot: NPS parking lot</name><styleUrl>#acc_off</styleUrl><description><![CDATA[MACA official lot<br>1.8 mi from the matching POTA park GPS point<br><a href="https://www.google.com/maps/search/?api=1&amp;query=37.16830805468714,-86.0792381234019">Open in Google Maps</a>]]></description><Point><coordinates>-86.0792381234019,37.16830805468714,0</coordinates></Point></Placemark>
<Placemark><name>KFF-0050 · NPS parking lot: NPS parking lot</name><styleUrl>#acc_off</styleUrl><description><![CDATA[MACA official lot<br>2.4 mi from the matching POTA park GPS point<br><a href="https://www.google.com/maps/search/?api=1&amp;query=37.205692215521694,-86.13896902578017">Open in Google Maps</a>]]></description><Point><coordinates>-86.13896902578017,37.205692215521694,0</coordinates></Point></Placemark>
<Placemark><name>KFF-0050 · NPS parking lot: NPS parking lot</name><styleUrl>#acc_off</styleUrl><description><![CDATA[MACA official lot<br>2.5 mi from the matching POTA park GPS point<br><a href="https://www.google.com/maps/search/?api=1&amp;query=37.15116503924589,-86.09807700269435">Open in Google Maps</a>]]></description><Point><coordinates>-86.09807700269435,37.15116503924589,0</coordinates></Point></Placemark>
<Placemark><name>KFF-0050 · NPS parking lot: NPS parking lot</name><styleUrl>#acc_off</styleUrl><description><![CDATA[MACA official lot<br>3.6 mi from the matching POTA park GPS point<br><a href="https://www.google.com/maps/search/?api=1&amp;query=37.16233322290146,-86.1586676755375">Open in Google Maps</a>]]></description><Point><coordinates>-86.1586676755375,37.16233322290146,0</coordinates></Point></Placemark>
<Placemark><name>KFF-0050 · NPS parking lot: NPS parking lot</name><styleUrl>#acc_off</styleUrl><description><![CDATA[MACA official lot<br>3.8 mi from the matching POTA park GPS point<br><a href="https://www.google.com/maps/search/?api=1&amp;query=37.15262336046478,-86.04763663628049">Open in Google Maps</a>]]></description><Point><coordinates>-86.04763663628049,37.15262336046478,0</coordinates></Point></Placemark>
<Placemark><name>KFF-0050 · NPS parking lot: NPS parking lot</name><styleUrl>#acc_off</styleUrl><description><![CDATA[MACA official lot<br>3.9 mi from the matching POTA park GPS point<br><a href="https://www.google.com/maps/search/?api=1&amp;query=37.155687644536535,-86.16038631367486">Open in Google Maps</a>]]></description><Point><coordinates>-86.16038631367486,37.155687644536535,0</coordinates></Point></Placemark>
<Placemark><name>KFF-0050 · NPS parking lot: NPS parking lot</name><styleUrl>#acc_off</styleUrl><description><![CDATA[MACA official lot<br>4.0 mi from the matching POTA park GPS point<br><a href="https://www.google.com/maps/search/?api=1&amp;query=37.13501122013065,-86.07055259028087">Open in Google Maps</a>]]></description><Point><coordinates>-86.07055259028087,37.13501122013065,0</coordinates></Point></Placemark>
<Placemark><name>KFF-0050 · NPS parking lot: NPS parking lot</name><styleUrl>#acc_off</styleUrl><description><![CDATA[MACA official lot<br>6.2 mi from the matching POTA park GPS point<br><a href="https://www.google.com/maps/search/?api=1&amp;query=37.10415934343544,-86.05825023711957">Open in Google Maps</a>]]></description><Point><coordinates>-86.05825023711957,37.10415934343544,0</coordinates></Point></Placemark>
<Placemark><name>KFF-0050 · NPS parking lot: NPS parking lot</name><styleUrl>#acc_off</styleUrl><description><![CDATA[MACA official lot<br>6.5 mi from the matching POTA park GPS point<br><a href="https://www.google.com/maps/search/?api=1&amp;query=37.247115116251614,-86.19264823818655">Open in Google Maps</a>]]></description><Point><coordinates>-86.19264823818655,37.247115116251614,0</coordinates></Point></Placemark>
<Placemark><name>KFF-0050 · NPS parking lot: NPS parking lot</name><styleUrl>#acc_off</styleUrl><description><![CDATA[MACA official lot<br>7.5 mi from the matching POTA park GPS point<br><a href="https://www.google.com/maps/search/?api=1&amp;query=37.20190927071665,-86.23700828402364">Open in Google Maps</a>]]></description><Point><coordinates>-86.23700828402364,37.20190927071665,0</coordinates></Point></Placemark>
<Placemark><name>KFF-0050 · NPS parking lot: NPS parking lot</name><styleUrl>#acc_off</styleUrl><description><![CDATA[MACA official lot<br>7.5 mi from the matching POTA park GPS point<br><a href="https://www.google.com/maps/search/?api=1&amp;query=37.20178876794095,-86.23711294392723">Open in Google Maps</a>]]></description><Point><coordinates>-86.23711294392723,37.20178876794095,0</coordinates></Point></Placemark>
<Placemark><name>KFF-0724 · NPS parking lot: NPS parking lot</name><styleUrl>#acc_off</styleUrl><description><![CDATA[ABLI official lot<br>0.0 mi from the matching POTA park GPS point<br><a href="https://www.google.com/maps/search/?api=1&amp;query=37.61125670611904,-85.63780883611072">Open in Google Maps</a>]]></description><Point><coordinates>-85.63780883611072,37.61125670611904,0</coordinates></Point></Placemark>
<Placemark><name>KFF-0724 · NPS parking lot: NPS parking lot</name><styleUrl>#acc_off</styleUrl><description><![CDATA[ABLI official lot<br>7.5 mi from the matching POTA park GPS point<br><a href="https://www.google.com/maps/search/?api=1&amp;query=37.5331344475321,-85.73187554561999">Open in Google Maps</a>]]></description><Point><coordinates>-85.73187554561999,37.5331344475321,0</coordinates></Point></Placemark>
<Placemark><name>KFF-0724 · NPS parking lot: NPS parking lot</name><styleUrl>#acc_off</styleUrl><description><![CDATA[ABLI official lot<br>7.7 mi from the matching POTA park GPS point<br><a href="https://www.google.com/maps/search/?api=1&amp;query=37.5303235788329,-85.73462140878097">Open in Google Maps</a>]]></description><Point><coordinates>-85.73462140878097,37.5303235788329,0</coordinates></Point></Placemark>
<Placemark><name>KFF-0724 · NPS parking lot: NPS parking lot</name><styleUrl>#acc_off</styleUrl><description><![CDATA[ABLI official lot<br>7.7 mi from the matching POTA park GPS point<br><a href="https://www.google.com/maps/search/?api=1&amp;query=37.530353494148734,-85.73468110043264">Open in Google Maps</a>]]></description><Point><coordinates>-85.73468110043264,37.530353494148734,0</coordinates></Point></Placemark>
<Placemark><name>KFF-0724 · NPS parking lot: NPS parking lot</name><styleUrl>#acc_off</styleUrl><description><![CDATA[ABLI official lot<br>7.8 mi from the matching POTA park GPS point<br><a href="https://www.google.com/maps/search/?api=1&amp;query=37.53063650110916,-85.73557540688829">Open in Google Maps</a>]]></description><Point><coordinates>-85.73557540688829,37.53063650110916,0</coordinates></Point></Placemark>
<Placemark><name>KFF-0724 · NPS parking lot: NPS parking lot</name><styleUrl>#acc_off</styleUrl><description><![CDATA[ABLI official lot<br>7.8 mi from the matching POTA park GPS point<br><a href="https://www.google.com/maps/search/?api=1&amp;query=37.530459623207136,-85.7359650240526">Open in Google Maps</a>]]></description><Point><coordinates>-85.7359650240526,37.530459623207136,0</coordinates></Point></Placemark>
<Placemark><name>KFF-4708 · NPS parking lot: NPS parking lot</name><styleUrl>#acc_off</styleUrl><description><![CDATA[CANE official lot<br>0.0 mi from the matching POTA park GPS point<br><a href="https://www.google.com/maps/search/?api=1&amp;query=37.797179632582804,-84.60126964193239">Open in Google Maps</a>]]></description><Point><coordinates>-84.60126964193239,37.797179632582804,0</coordinates></Point></Placemark>
<Placemark><name>KFF-4708 · NPS parking lot: NPS parking lot</name><styleUrl>#acc_off</styleUrl><description><![CDATA[CANE official lot<br>0.0 mi from the matching POTA park GPS point<br><a href="https://www.google.com/maps/search/?api=1&amp;query=37.797589986405974,-84.60122079608139">Open in Google Maps</a>]]></description><Point><coordinates>-84.60122079608139,37.797589986405974,0</coordinates></Point></Placemark>
</Folder>
<Folder><name>Official access — Preserve page location</name>
<Placemark><name>KFF-1276 · Preserve page location: Carter Caves (Bat Cave / Cascade Caverns)</name><styleUrl>#acc_off</styleUrl><description><![CDATA[Location listed on the official preserve page — Parking - abundant<br>0.4 mi from the matching POTA park GPS point<br><a href="https://www.google.com/maps/search/?api=1&amp;query=38.377363,-83.122781">Open in Google Maps</a>]]></description><Point><coordinates>-83.122781,38.377363,0</coordinates></Point></Placemark>
<Placemark><name>KFF-3823 · Preserve page location: Livingston County (Bissell Bluff)</name><styleUrl>#acc_off</styleUrl><description><![CDATA[Location listed on the official preserve page — Parking areas are located off KY Highway 1436 and Good Hope Cemetery road off of KY highway 1433.<br>1.5 mi from the matching POTA park GPS point<br><a href="https://www.google.com/maps/search/?api=1&amp;query=37.335783,-88.4194387">Open in Google Maps</a>]]></description><Point><coordinates>-88.4194387,37.335783,0</coordinates></Point></Placemark>
<Placemark><name>KFF-6870 · Preserve page location: Little South Fork SNA (Burnett Branch)</name><styleUrl>#acc_off</styleUrl><description><![CDATA[Location listed on the official preserve page<br>0.0 mi from the matching POTA park GPS point<br><a href="https://www.google.com/maps/search/?api=1&amp;query=36.69812,-84.714932">Open in Google Maps</a>]]></description><Point><coordinates>-84.714932,36.69812,0</coordinates></Point></Placemark>
<Placemark><name>KFF-6870 · Preserve page location: Little South Fork SNA (Steele Hollow)</name><styleUrl>#acc_off</styleUrl><description><![CDATA[Location listed on the official preserve page — parking is just up the hill (after metal bridge over Little South Fork)<br>0.1 mi from the matching POTA park GPS point<br><a href="https://www.google.com/maps/search/?api=1&amp;query=36.697308,-84.712721">Open in Google Maps</a>]]></description><Point><coordinates>-84.712721,36.697308,0</coordinates></Point></Placemark>
<Placemark><name>KFF-6872 · Preserve page location: Sinking Creek SNA</name><styleUrl>#acc_off</styleUrl><description><![CDATA[Location listed on the official preserve page — Open to the public via the Sheltowee Trace trail.<br>0.2 mi from the matching POTA park GPS point<br><a href="https://www.google.com/maps/search/?api=1&amp;query=37.1071,-84.2369">Open in Google Maps</a>]]></description><Point><coordinates>-84.2369,37.1071,0</coordinates></Point></Placemark>
<Placemark><name>KFF-6873 · Preserve page location: William H. Martin SNA</name><styleUrl>#acc_off</styleUrl><description><![CDATA[Location listed on the official preserve page<br>0.0 mi from the matching POTA park GPS point<br><a href="https://www.google.com/maps/search/?api=1&amp;query=37.03524,-84.334924">Open in Google Maps</a>]]></description><Point><coordinates>-84.334924,37.03524,0</coordinates></Point></Placemark>
<Placemark><name>KFF-6875 · Preserve page location: Bad Branch</name><styleUrl>#acc_off</styleUrl><description><![CDATA[Location listed on the official preserve page — Gravel parking area on left side of KY 932. There is parking for 10 vehilces or one bus available.<br>0.0 mi from the matching POTA park GPS point<br><a href="https://www.google.com/maps/search/?api=1&amp;query=37.0676,-82.7719">Open in Google Maps</a>]]></description><Point><coordinates>-82.7719,37.0676,0</coordinates></Point></Placemark>
<Placemark><name>KFF-6876 · Preserve page location: Blanton Forest</name><styleUrl>#acc_off</styleUrl><description><![CDATA[Location listed on the official preserve page — Parking - lot adjacent to Camp Blanton.<br>0.0 mi from the matching POTA park GPS point<br><a href="https://www.google.com/maps/search/?api=1&amp;query=36.85917,-83.382129">Open in Google Maps</a>]]></description><Point><coordinates>-83.382129,36.85917,0</coordinates></Point></Placemark>
<Placemark><name>KFF-6878 · Preserve page location: Brigadoon</name><styleUrl>#acc_off</styleUrl><description><![CDATA[Location listed on the official preserve page — Parking - 10 cars<br>0.0 mi from the matching POTA park GPS point<br><a href="https://www.google.com/maps/search/?api=1&amp;query=36.8978271,-85.981118">Open in Google Maps</a>]]></description><Point><coordinates>-85.981118,36.8978271,0</coordinates></Point></Placemark>
<Placemark><name>KFF-6879 · Preserve page location: E. Lucy Braun</name><styleUrl>#acc_off</styleUrl><description><![CDATA[Location listed on the official preserve page<br>0.0 mi from the matching POTA park GPS point<br><a href="https://www.google.com/maps/search/?api=1&amp;query=36.9648889,-83.109444">Open in Google Maps</a>]]></description><Point><coordinates>-83.109444,36.9648889,0</coordinates></Point></Placemark>
<Placemark><name>KFF-6881 · Preserve page location: Green River SNA (Boiling Springs unit)</name><styleUrl>#acc_off</styleUrl><description><![CDATA[Location listed on the official preserve page<br>11.0 mi from the matching POTA park GPS point<br><a href="https://www.google.com/maps/search/?api=1&amp;query=37.30642,-85.719109">Open in Google Maps</a>]]></description><Point><coordinates>-85.719109,37.30642,0</coordinates></Point></Placemark>
<Placemark><name>KFF-6882 · Preserve page location: Hall Hill/Vernon-Douglas</name><styleUrl>#acc_off</styleUrl><description><![CDATA[Location listed on the official preserve page — Drive 0.5 mile to the preserve and park in parking lot on left.<br>0.0 mi from the matching POTA park GPS point<br><a href="https://www.google.com/maps/search/?api=1&amp;query=37.733243,-85.707621">Open in Google Maps</a>]]></description><Point><coordinates>-85.707621,37.733243,0</coordinates></Point></Placemark>
<Placemark><name>KFF-6884 · Preserve page location: Jesse Stuart</name><styleUrl>#acc_off</styleUrl><description><![CDATA[Location listed on the official preserve page — Parking - six cars; one bus<br>0.0 mi from the matching POTA park GPS point<br><a href="https://www.google.com/maps/search/?api=1&amp;query=38.54704,-82.841535">Open in Google Maps</a>]]></description><Point><coordinates>-82.841535,38.54704,0</coordinates></Point></Placemark>
<Placemark><name>KFF-6885 · Preserve page location: Kentucky River Palisades/Tom Dorman</name><styleUrl>#acc_off</styleUrl><description><![CDATA[Location listed on the official preserve page — Parking - eight cars<br>0.0 mi from the matching POTA park GPS point<br><a href="https://www.google.com/maps/search/?api=1&amp;query=37.762458,-84.617161">Open in Google Maps</a>]]></description><Point><coordinates>-84.617161,37.762458,0</coordinates></Point></Placemark>
<Placemark><name>KFF-6886 · Preserve page location: Pilot Knob</name><styleUrl>#acc_off</styleUrl><description><![CDATA[Location listed on the official preserve page — Parking - seven or eight cars; one or two buses<br>0.0 mi from the matching POTA park GPS point<br><a href="https://www.google.com/maps/search/?api=1&amp;query=37.912063,-83.94496">Open in Google Maps</a>]]></description><Point><coordinates>-83.94496,37.912063,0</coordinates></Point></Placemark>
<Placemark><name>KFF-7271 · Preserve page location: Crooked Creek</name><styleUrl>#acc_off</styleUrl><description><![CDATA[Location listed on the official preserve page<br>0.1 mi from the matching POTA park GPS point<br><a href="https://www.google.com/maps/search/?api=1&amp;query=38.6411,-83.5701">Open in Google Maps</a>]]></description><Point><coordinates>-83.5701,38.6411,0</coordinates></Point></Placemark>
</Folder>
<Folder><name>Official access — State Parks trailhead</name>
<Placemark><name>KFF-1253 · State Parks trailhead: Jenny's Creek Trailhead</name><styleUrl>#acc_off</styleUrl><description><![CDATA[Dawkins Line Rail Trail trailhead parking (Kentucky State Parks); check current trail alerts<br>0.0 mi from the matching POTA park GPS point<br><a href="https://www.google.com/maps/search/?api=1&amp;query=37.7849,-82.83633">Open in Google Maps</a>]]></description><Point><coordinates>-82.83633,37.7849,0</coordinates></Point></Placemark>
<Placemark><name>KFF-1253 · State Parks trailhead: Swamp Branch Trailhead</name><styleUrl>#acc_off</styleUrl><description><![CDATA[Dawkins Line Rail Trail trailhead parking (Kentucky State Parks); check current trail alerts<br>0.0 mi from the matching POTA park GPS point<br><a href="https://www.google.com/maps/search/?api=1&amp;query=37.73781,-82.9066">Open in Google Maps</a>]]></description><Point><coordinates>-82.9066,37.73781,0</coordinates></Point></Placemark>
<Placemark><name>KFF-1253 · State Parks trailhead: Royalton Trailhead</name><styleUrl>#acc_off</styleUrl><description><![CDATA[Dawkins Line Rail Trail trailhead parking (Kentucky State Parks); check current trail alerts<br>0.0 mi from the matching POTA park GPS point<br><a href="https://www.google.com/maps/search/?api=1&amp;query=37.6762,-83.02173">Open in Google Maps</a>]]></description><Point><coordinates>-83.02173,37.6762,0</coordinates></Point></Placemark>
<Placemark><name>KFF-1253 · State Parks trailhead: Jane Beshear Trailhead</name><styleUrl>#acc_off</styleUrl><description><![CDATA[Dawkins Line Rail Trail trailhead parking (Kentucky State Parks); check current trail alerts<br>0.0 mi from the matching POTA park GPS point<br><a href="https://www.google.com/maps/search/?api=1&amp;query=37.68063,-83.03163">Open in Google Maps</a>]]></description><Point><coordinates>-83.03163,37.68063,0</coordinates></Point></Placemark>
</Folder>
<Folder><name>Official access — USFS site</name>
<Placemark><name>KFF-4511 · USFS site: S-Tree Road Sheltowee Trace</name><styleUrl>#acc_off</styleUrl><description><![CDATA[Trailhead, capacity 9<br>4.4 mi from the matching POTA park GPS point<br><a href="https://www.google.com/maps/search/?api=1&amp;query=37.39013405,-84.07271426">Open in Google Maps</a>]]></description><Point><coordinates>-84.07271426,37.39013405,0</coordinates></Point></Placemark>
<Placemark><name>KFF-4511 · USFS site: Peabody Ohv Trailhead</name><styleUrl>#acc_off</styleUrl><description><![CDATA[Trailhead, capacity 196<br>29.8 mi from the matching POTA park GPS point<br><a href="https://www.google.com/maps/search/?api=1&amp;query=37.14360869,-83.58006022">Open in Google Maps</a>]]></description><Point><coordinates>-83.58006022,37.14360869,0</coordinates></Point></Placemark>
<Placemark><name>KFF-4511 · USFS site: Pinch-Em-Tight Parking Lot</name><styleUrl>#acc_off</styleUrl><description><![CDATA[Trailhead, capacity 30<br>32.8 mi from the matching POTA park GPS point<br><a href="https://www.google.com/maps/search/?api=1&amp;query=37.80529033,-83.65508786">Open in Google Maps</a>]]></description><Point><coordinates>-83.65508786,37.80529033,0</coordinates></Point></Placemark>
<Placemark><name>KFF-4511 · USFS site: Auxier Ridge Trailhead</name><styleUrl>#acc_off</styleUrl><description><![CDATA[Trailhead, capacity 50<br>32.9 mi from the matching POTA park GPS point<br><a href="https://www.google.com/maps/search/?api=1&amp;query=37.81987565,-83.68086648">Open in Google Maps</a>]]></description><Point><coordinates>-83.68086648,37.81987565,0</coordinates></Point></Placemark>
<Placemark><name>KFF-4511 · USFS site: Sheltowee Trace Nrt Trailhead, 192  1193</name><styleUrl>#acc_off</styleUrl><description><![CDATA[Trailhead, capacity 25<br>32.9 mi from the matching POTA park GPS point<br><a href="https://www.google.com/maps/search/?api=1&amp;query=36.99738457,-84.28446083">Open in Google Maps</a>]]></description><Point><coordinates>-84.28446083,36.99738457,0</coordinates></Point></Placemark>
<Placemark><name>KFF-4511 · USFS site: Martins Fork Parking Lot</name><styleUrl>#acc_off</styleUrl><description><![CDATA[Trailhead, capacity 20<br>33.3 mi from the matching POTA park GPS point<br><a href="https://www.google.com/maps/search/?api=1&amp;query=37.82000624,-83.66715662">Open in Google Maps</a>]]></description><Point><coordinates>-83.66715662,37.82000624,0</coordinates></Point></Placemark>
<Placemark><name>KFF-4511 · USFS site: Rock Bridge Rec. Area</name><styleUrl>#acc_off</styleUrl><description><![CDATA[Trailhead, capacity 45<br>34.1 mi from the matching POTA park GPS point<br><a href="https://www.google.com/maps/search/?api=1&amp;query=37.77089711,-83.56678467">Open in Google Maps</a>]]></description><Point><coordinates>-83.56678467,37.77089711,0</coordinates></Point></Placemark>
<Placemark><name>KFF-4511 · USFS site: Wildcat Parking Lot</name><styleUrl>#acc_off</styleUrl><description><![CDATA[Trailhead, capacity 25<br>34.1 mi from the matching POTA park GPS point<br><a href="https://www.google.com/maps/search/?api=1&amp;query=37.79020955,-83.59287041">Open in Google Maps</a>]]></description><Point><coordinates>-83.59287041,37.79020955,0</coordinates></Point></Placemark>
<Placemark><name>KFF-4511 · USFS site: Rough Trail Parking Lot</name><styleUrl>#acc_off</styleUrl><description><![CDATA[Trailhead, capacity 60<br>34.2 mi from the matching POTA park GPS point<br><a href="https://www.google.com/maps/search/?api=1&amp;query=37.80343181,-83.61093962">Open in Google Maps</a>]]></description><Point><coordinates>-83.61093962,37.80343181,0</coordinates></Point></Placemark>
<Placemark><name>KFF-4511 · USFS site: Angel Windows Parking Lot</name><styleUrl>#acc_off</styleUrl><description><![CDATA[Trailhead, capacity 35<br>34.6 mi from the matching POTA park GPS point<br><a href="https://www.google.com/maps/search/?api=1&amp;query=37.798931,-83.59138607">Open in Google Maps</a>]]></description><Point><coordinates>-83.59138607,37.798931,0</coordinates></Point></Placemark>
<Placemark><name>KFF-4511 · USFS site: Stanton Sheltowee Parking Lot</name><styleUrl>#acc_off</styleUrl><description><![CDATA[Trailhead, capacity 50<br>34.7 mi from the matching POTA park GPS point<br><a href="https://www.google.com/maps/search/?api=1&amp;query=37.82304754,-83.62814938">Open in Google Maps</a>]]></description><Point><coordinates>-83.62814938,37.82304754,0</coordinates></Point></Placemark>
<Placemark><name>KFF-4511 · USFS site: Sugar Creek Ohv Trailhead</name><styleUrl>#acc_off</styleUrl><description><![CDATA[Trailhead, capacity 28<br>34.8 mi from the matching POTA park GPS point<br><a href="https://www.google.com/maps/search/?api=1&amp;query=37.12639657,-83.48399937">Open in Google Maps</a>]]></description><Point><coordinates>-83.48399937,37.12639657,0</coordinates></Point></Placemark>
<Placemark><name>KFF-4511 · USFS site: Swift Camp/Rough Trail Parking Lot</name><styleUrl>#acc_off</styleUrl><description><![CDATA[Trailhead, capacity 60<br>34.8 mi from the matching POTA park GPS point<br><a href="https://www.google.com/maps/search/?api=1&amp;query=37.80090403,-83.58987312">Open in Google Maps</a>]]></description><Point><coordinates>-83.58987312,37.80090403,0</coordinates></Point></Placemark>
<Placemark><name>KFF-4511 · USFS site: Whistling Arch Parking Lot</name><styleUrl>#acc_off</styleUrl><description><![CDATA[Trailhead, capacity 25<br>35.1 mi from the matching POTA park GPS point<br><a href="https://www.google.com/maps/search/?api=1&amp;query=37.80692906,-83.59069927">Open in Google Maps</a>]]></description><Point><coordinates>-83.59069927,37.80692906,0</coordinates></Point></Placemark>
<Placemark><name>KFF-4511 · USFS site: Indian Creek</name><styleUrl>#acc_off</styleUrl><description><![CDATA[Trailhead, capacity 100<br>35.5 mi from the matching POTA park GPS point<br><a href="https://www.google.com/maps/search/?api=1&amp;query=37.86061,-83.67429">Open in Google Maps</a>]]></description><Point><coordinates>-83.67429,37.86061,0</coordinates></Point></Placemark>
<Placemark><name>KFF-4511 · USFS site: Bison Way Parking Lot</name><styleUrl>#acc_off</styleUrl><description><![CDATA[Trailhead, capacity 25<br>36.0 mi from the matching POTA park GPS point<br><a href="https://www.google.com/maps/search/?api=1&amp;query=37.83683117,-83.60973282">Open in Google Maps</a>]]></description><Point><coordinates>-83.60973282,37.83683117,0</coordinates></Point></Placemark>
<Placemark><name>KFF-4511 · USFS site: Osborne Bend Trailhead</name><styleUrl>#acc_off</styleUrl><description><![CDATA[Trailhead, capacity 42<br>36.3 mi from the matching POTA park GPS point<br><a href="https://www.google.com/maps/search/?api=1&amp;query=37.81998736,-83.575258">Open in Google Maps</a>]]></description><Point><coordinates>-83.575258,37.81998736,0</coordinates></Point></Placemark>
<Placemark><name>KFF-4511 · USFS site: Scuttlehole Trailhead</name><styleUrl>#acc_off</styleUrl><description><![CDATA[Trailhead, capacity 15<br>36.9 mi from the matching POTA park GPS point<br><a href="https://www.google.com/maps/search/?api=1&amp;query=36.95840348,-84.34562448">Open in Google Maps</a>]]></description><Point><coordinates>-84.34562448,36.95840348,0</coordinates></Point></Placemark>
<Placemark><name>KFF-4511 · USFS site: Bear Creek Ohv Trailhead</name><styleUrl>#acc_off</styleUrl><description><![CDATA[Trailhead, capacity 35<br>37.4 mi from the matching POTA park GPS point<br><a href="https://www.google.com/maps/search/?api=1&amp;query=37.02263601,-83.53310095">Open in Google Maps</a>]]></description><Point><coordinates>-83.53310095,37.02263601,0</coordinates></Point></Placemark>
<Placemark><name>KFF-4511 · USFS site: Corner Ridge Trailhead</name><styleUrl>#acc_off</styleUrl><description><![CDATA[Trailhead, capacity 15<br>39.4 mi from the matching POTA park GPS point<br><a href="https://www.google.com/maps/search/?api=1&amp;query=37.88649253,-83.59333158">Open in Google Maps</a>]]></description><Point><coordinates>-83.59333158,37.88649253,0</coordinates></Point></Placemark>
<Placemark><name>KFF-4511 · USFS site: Bowman'S Ridge Trailhead</name><styleUrl>#acc_off</styleUrl><description><![CDATA[Trailhead, capacity 18<br>41.6 mi from the matching POTA park GPS point<br><a href="https://www.google.com/maps/search/?api=1&amp;query=36.92165165,-84.42911344">Open in Google Maps</a>]]></description><Point><coordinates>-84.42911344,36.92165165,0</coordinates></Point></Placemark>
<Placemark><name>KFF-4511 · USFS site: Swain Ridge</name><styleUrl>#acc_off</styleUrl><description><![CDATA[Trailhead, capacity 35<br>42.1 mi from the matching POTA park GPS point<br><a href="https://www.google.com/maps/search/?api=1&amp;query=36.90890848,-84.42302504">Open in Google Maps</a>]]></description><Point><coordinates>-84.42302504,36.90890848,0</coordinates></Point></Placemark>
<Placemark><name>KFF-4511 · USFS site: Three Forks Of Beaver</name><styleUrl>#acc_off</styleUrl><description><![CDATA[Trailhead, capacity 25<br>43.0 mi from the matching POTA park GPS point<br><a href="https://www.google.com/maps/search/?api=1&amp;query=36.907071,-84.448427">Open in Google Maps</a>]]></description><Point><coordinates>-84.448427,36.907071,0</coordinates></Point></Placemark>
<Placemark><name>KFF-4511 · USFS site: Middle Fork</name><styleUrl>#acc_off</styleUrl><description><![CDATA[Trailhead, capacity 20<br>46.2 mi from the matching POTA park GPS point<br><a href="https://www.google.com/maps/search/?api=1&amp;query=36.86467777,-84.47439516">Open in Google Maps</a>]]></description><Point><coordinates>-84.47439516,36.86467777,0</coordinates></Point></Placemark>
<Placemark><name>KFF-4511 · USFS site: Glady Trailhead</name><styleUrl>#acc_off</styleUrl><description><![CDATA[Trailhead, capacity 20<br>49.0 mi from the matching POTA park GPS point<br><a href="https://www.google.com/maps/search/?api=1&amp;query=38.03035838,-83.54936019">Open in Google Maps</a>]]></description><Point><coordinates>-83.54936019,38.03035838,0</coordinates></Point></Placemark>
<Placemark><name>KFF-4511 · USFS site: Panoramic Trailhead</name><styleUrl>#acc_off</styleUrl><description><![CDATA[Trailhead, capacity 25<br>49.4 mi from the matching POTA park GPS point<br><a href="https://www.google.com/maps/search/?api=1&amp;query=36.840356,-84.530831">Open in Google Maps</a>]]></description><Point><coordinates>-84.530831,36.840356,0</coordinates></Point></Placemark>
<Placemark><name>KFF-4511 · USFS site: Hwy 27 Sheltowee Trace</name><styleUrl>#acc_off</styleUrl><description><![CDATA[Trailhead, capacity 25<br>51.1 mi from the matching POTA park GPS point<br><a href="https://www.google.com/maps/search/?api=1&amp;query=36.784947,-84.481972">Open in Google Maps</a>]]></description><Point><coordinates>-84.481972,36.784947,0</coordinates></Point></Placemark>
<Placemark><name>KFF-4511 · USFS site: Barren Fork Heritage Trail Trailhead</name><styleUrl>#acc_off</styleUrl><description><![CDATA[Trailhead, capacity 64<br>51.2 mi from the matching POTA park GPS point<br><a href="https://www.google.com/maps/search/?api=1&amp;query=36.77717,-84.46841">Open in Google Maps</a>]]></description><Point><coordinates>-84.46841,36.77717,0</coordinates></Point></Placemark>
<Placemark><name>KFF-4511 · USFS site: White Sulphur Ohv Trailhead</name><styleUrl>#acc_off</styleUrl><description><![CDATA[Trailhead, capacity 40<br>52.0 mi from the matching POTA park GPS point<br><a href="https://www.google.com/maps/search/?api=1&amp;query=38.09301978,-83.58178841">Open in Google Maps</a>]]></description><Point><coordinates>-83.58178841,38.09301978,0</coordinates></Point></Placemark>
<Placemark><name>KFF-4511 · USFS site: Laurel Creek</name><styleUrl>#acc_off</styleUrl><description><![CDATA[Trailhead, capacity 10<br>52.5 mi from the matching POTA park GPS point<br><a href="https://www.google.com/maps/search/?api=1&amp;query=36.72809628,-84.40372817">Open in Google Maps</a>]]></description><Point><coordinates>-84.40372817,36.72809628,0</coordinates></Point></Placemark>
<Placemark><name>KFF-4511 · USFS site: Sellers Ridge Ohv Trailhead</name><styleUrl>#acc_off</styleUrl><description><![CDATA[Trailhead, capacity 11<br>53.3 mi from the matching POTA park GPS point<br><a href="https://www.google.com/maps/search/?api=1&amp;query=36.75852718,-84.5031252">Open in Google Maps</a>]]></description><Point><coordinates>-84.5031252,36.75852718,0</coordinates></Point></Placemark>
<Placemark><name>KFF-4511 · USFS site: Lick Creek</name><styleUrl>#acc_off</styleUrl><description><![CDATA[Trailhead, capacity 11<br>55.3 mi from the matching POTA park GPS point<br><a href="https://www.google.com/maps/search/?api=1&amp;query=36.71518621,-84.48148773">Open in Google Maps</a>]]></description><Point><coordinates>-84.48148773,36.71518621,0</coordinates></Point></Placemark>
<Placemark><name>KFF-4511 · USFS site: Sheltowee Trace North Terminus</name><styleUrl>#acc_off</styleUrl><description><![CDATA[Trailhead, capacity 15<br>74.1 mi from the matching POTA park GPS point<br><a href="https://www.google.com/maps/search/?api=1&amp;query=38.38523916,-83.41632573">Open in Google Maps</a>]]></description><Point><coordinates>-83.41632573,38.38523916,0</coordinates></Point></Placemark>
</Folder>
</Document></kml>