{"type":"FeatureCollection","features":[{"type":"Feature","properties":{"NAME":"Daniel Boone National Forest","TYPE":"National Forest","URL":"https://www.fs.usda.gov/r08/danielboone"},"geometry":{"type":"MultiPolygon","coordinates":[[[[-84.11849,36.96952],[-84.1193,36.96978],[-84.11945,36.96902],[-84.12108,36.96922],[-84.12089,36.97029],[-84.1208,36.97124],[-84.12259,36.97105],[-84.12343,36.9718],[-84.12464,36.97173],[-84.12693,36.97111],[-84.12807,36.97187],[-84.12925,36.97187],[-84.1295,36.97106],[-84.13134,36.97048],[-84.13153,36.97082],[-84.13169,36.97138],[-84.13212,36.97135],[-84.13206,36.97074],[-84.13461,36.96993],[-84.13589,36.96913],[-84.1365,36.96776],[-84.13655,36.96605],[-84.13774,36.96143],[-84.13835,36.96043],[-84.14023,36.95921],[-84.14169,36.95865],[-84.14328,36.95831],[-84.14291,36.95865],[-84.14332,36.96112],[-84.14124,36.9623],[-84.141,36.96253],[-84.14059,36.96317],[-84.14017,36.96542],[-84.14049,36.96664],[-84.14172,36.96745],[-84.14245,36.97093],[-84.1427,36.97095],[-84.14347,36.97077],[-84.14421,36.97085],[-84.1447,36.97052],[-84.14485,36.9705],[-84.14596,36.97091],[-84.14686,36.96949],[-84.14879,36.96918],[-84.15677,36.97021],[-84.15765,36.97101],[-84.15754,36.9721],[-84.15811,36.97213],[-84.15833,36.97007],[-84.1589,36.9701],[-84.15879,36.96877],[-84.16034,36.96876],[-84.16446,36.96894],[-84.16525,36.97396],[-84.1654,36.97462],[-84.16572,36.97533],[-84.16568,36.9758],[-84.16586,36.97639],[-84.16589,36.97693],[-84.16582,36.97736],[-84.16535,36.97872],[-84.16451,36.97925],[-84.16366,36.98],[-84.16344,36.98055],[-84.16327,36.98122],[-84.16278,36.98186],[-84.16232,36.98222],[-84.16206,36.98347],[-84.16199,36.98472],[-84.16188,36.98551],[-84.16161,36.98618],[-84.1617,36.98687],[-84.16165,36.98729],[-84.16136,36.98771],[-84.16117,36.98785],[-84.16245,36.98921],[-84.16282,36.98947],[-84.16592,36.99108],[-84.16714,36.99194],[-84.16775,36.99306],[-84.16788,36.99487],[-84.16793,36.99497],[-84.16942,36.99582],[-84.16969,36.99605],[-84.16996,36.9965],[-84.17015,36.99749],[-84.17017,36.99805],[-84.17004,36.99864],[-84.17005,36.99888],[-84.17117,37.00046],[-84.17176,37.0011],[-84.17355,37.00251],[-84.17472,37.0037],[-84.17665,37.00657],[-84.17711,37.00744],[-84.17736,37.00773],[-84.17809,37.0081],[-84.18112,37.01012],[-84.18272,37.01095],[-84.18243,37.01206],[-84.18275,37.01323],[-84.18293,37.01363],[-84.18402,37.0142],[-84.18502,37.01492],[-84.18553,37.01545],[-84.18587,37.01605],[-84.18624,37.0164],[-84.18695,37.01741],[-84.18727,37.01759],[-84.18751,37.01761],[-84.18764,37.01772],[-84.18769,37.01789],[-84.18763,37.01866],[-84.18747,37.01904],[-84.18613,37.01972],[-84.1859,37.01996],[-84.18581,37.02019],[-84.18579,37.02058],[-84.1859,37.02112],[-84.18632,37.02241],[-84.18606,37.02381],[-84.18589,37.02525],[-84.18894,37.0256],[-84.18918,37.02569],[-84.18943,37.02591],[-84.18962,37.02651],[-84.19042,37.02824],[-84.19059,37.02883],[-84.19058,37.02914],[-84.19042,37.02952],[-84.18913,37.03127],[-84.18832,37.03255],[-84.18816,37.03287],[-84.1882,37.03325],[-84.18838,37.03372],[-84.18891,37.03426],[-84.19033,37.03499],[-84.19191,37.0357],[-84.19234,37.03606],[-84.19315,37.03691],[-84.19294,37.03706],[-84.19258,37.03761],[-84.19172,37.04017],[-84.19132,37.04088],[-84.19095,37.0413],[-84.19035,37.04172],[-84.18992,37.04193],[-84.18949,37.04196],[-84.1883,37.04164],[-84.18807,37.04165],[-84.18717,37.04187],[-84.18583,37.04232],[-84.18558,37.04246],[-84.1852,37.04293],[-84.18429,37.04584],[-84.18399,37.04653],[-84.18338,37.04748],[-84.18287,37.048],[-84.1826,37.04817],[-84.18222,37.0483],[-84.18045,37.04845],[-84.18012,37.04861],[-84.1794,37.04908],[-84.17824,37.05008],[-84.17741,37.05065],[-84.17583,37.05145],[-84.17548,37.05174],[-84.17473,37.0526],[-84.17436,37.05287],[-84.17368,37.05313],[-84.17312,37.05321],[-84.16943,37.05321],[-84.16906,37.05324],[-84.16913,37.05336],[-84.16407,37.05374],[-84.16325,37.05386],[-84.16132,37.05492],[-84.16008,37.05542],[-84.15758,37.05607],[-84.15709,37.05627],[-84.15646,37.05662],[-84.15562,37.05729],[-84.15491,37.05843],[-84.15454,37.05874],[-84.15402,37.05903],[-84.14784,37.06179],[-84.14758,37.0621],[-84.14614,37.06577],[-84.14597,37.06602],[-84.14542,37.06648],[-84.14499,37.06696],[-84.14418,37.0683],[-84.1439,37.06854],[-84.1429,37.06915],[-84.14101,37.07015],[-84.1396,37.07179],[-84.13772,37.07362],[-84.13763,37.07394],[-84.13764,37.07414],[-84.13812,37.07506],[-84.13813,37.07542],[-84.13722,37.0774],[-84.13716,37.07768],[-84.13721,37.07852],[-84.13676,37.07949],[-84.13614,37.08026],[-84.13296,37.0826],[-84.13171,37.0847],[-84.13175,37.08597],[-84.13166,37.0862],[-84.13349,37.08662],[-84.13451,37.08666],[-84.13554,37.0875],[-84.13648,37.08864],[-84.13731,37.09007],[-84.1374,37.09048],[-84.13737,37.09191],[-84.13747,37.09245],[-84.13781,37.09353],[-84.13872,37.0935],[-84.13898,37.09359],[-84.13935,37.0949],[-84.14003,37.09483],[-84.14034,37.09495],[-84.14052,37.09527],[-84.14077,37.09603],[-84.14095,37.09633],[-84.14127,37.09663],[-84.14188,37.09705],[-84.1429,37.09766],[-84.14278,37.09797],[-84.1425,37.09837],[-84.14251,37.09853],[-84.14279,37.09907],[-84.14291,37.09916],[-84.14308,37.09916],[-84.14371,37.09881],[-84.14419,37.09879],[-84.14466,37.09911],[-84.14493,37.09974],[-84.14503,37.09984],[-84.14615,37.0999],[-84.14628,37.10009],[-84.1465,37.10087],[-84.14666,37.10115],[-84.1468,37.10133],[-84.14765,37.10184],[-84.14805,37.10232],[-84.14857,37.10315],[-84.14851,37.10374],[-84.148,37.10613],[-84.14799,37.10653],[-84.14833,37.10779],[-84.149,37.10838],[-84.14918,37.10911],[-84.1478,37.11369],[-84.14654,37.11639],[-84.14615,37.1171],[-84.14595,37.11827],[-84.14596,37.11845],[-84.1461,37.11846],[-84.14647,37.11947],[-84.1465,37.1199],[-84.14638,37.12111],[-84.14655,37.1234],[-84.14667,37.12402],[-84.14702,37.12509],[-84.14798,37.12462],[-84.14888,37.12405],[-84.15063,37.12242],[-84.1522,37.1214],[-84.15378,37.12101],[-84.15478,37.12109],[-84.15672,37.12077],[-84.15709,37.1201],[-84.15736,37.11997],[-84.15781,37.11993],[-84.15814,37.12003],[-84.15882,37.12059],[-84.15936,37.12129],[-84.15985,37.12116],[-84.16096,37.12071],[-84.16153,37.12065],[-84.16666,37.12231],[-84.16669,37.12412],[-84.16674,37.12417],[-84.16835,37.12435],[-84.17263,37.12565],[-84.17279,37.12599],[-84.17246,37.1269],[-84.17207,37.12765],[-84.1721,37.12779],[-84.17256,37.12848],[-84.17268,37.13294],[-84.17284,37.13392],[-84.17265,37.13431],[-84.17241,37.13451],[-84.17088,37.13545],[-84.1685,37.13631],[-84.16763,37.13653],[-84.1672,37.13776],[-84.16661,37.1382],[-84.16594,37.13883],[-84.16523,37.13989],[-84.16521,37.14014],[-84.16531,37.14087],[-84.16519,37.14206],[-84.16554,37.14299],[-84.16561,37.14383],[-84.16535,37.14502],[-84.16486,37.14602],[-84.16471,37.14749],[-84.16525,37.14848],[-84.16544,37.14867],[-84.16641,37.14921],[-84.16711,37.14974],[-84.16816,37.14979],[-84.18166,37.15196],[-84.19469,37.15613],[-84.19432,37.15686],[-84.19271,37.15883],[-84.19227,37.15965],[-84.19207,37.16025],[-84.19191,37.16142],[-84.19182,37.16277],[-84.19195,37.16512],[-84.19136,37.16809],[-84.19022,37.1691],[-84.18917,37.1693],[-84.18892,37.16943],[-84.18755,37.17109],[-84.1876,37.17234],[-84.18756,37.17249],[-84.18531,37.17451],[-84.18505,37.17539],[-84.18493,37.1756],[-84.18458,37.1759],[-84.18303,37.17663],[-84.1828,37.17683],[-84.18202,37.17903],[-84.18235,37.17978],[-84.18229,37.18051],[-84.18248,37.18208],[-84.18245,37.18245],[-84.18221,37.18292],[-84.18112,37.18346],[-84.18066,37.18397],[-84.18008,37.18433],[-84.17987,37.18484],[-84.17986,37.1851],[-84.18025,37.18586],[-84.18024,37.18596],[-84.17987,37.18594],[-84.17964,37.18569],[-84.17933,37.18518],[-84.17918,37.18509],[-84.17889,37.18514],[-84.17765,37.18593],[-84.17744,37.186],[-84.17689,37.18592],[-84.17561,37.18534],[-84.17477,37.1857],[-84.17442,37.1858],[-84.17409,37.1858],[-84.17348,37.18565],[-84.1728,37.18529],[-84.1726,37.18511],[-84.17178,37.18404],[-84.16992,37.18379],[-84.16967,37.18381],[-84.1692,37.18401],[-84.16847,37.1842],[-84.16705,37.18414],[-84.16503,37.18463],[-84.16451,37.18467],[-84.16428,37.18467],[-84.16298,37.1843],[-84.16148,37.18432],[-84.15913,37.18468],[-84.15865,37.18467],[-84.15733,37.1844],[-84.15713,37.18547],[-84.15701,37.18587],[-84.15684,37.18616],[-84.15435,37.18785],[-84.15419,37.18833],[-84.1539,37.18878],[-84.15408,37.1894],[-84.15385,37.19009],[-84.15217,37.19101],[-84.15273,37.19127],[-84.15374,37.19194],[-84.15457,37.19261],[-84.15581,37.19384],[-84.16232,37.20262],[-84.16091,37.20342],[-84.1609,37.20364],[-84.16078,37.20371],[-84.15971,37.20409],[-84.15928,37.20392],[-84.15886,37.20388],[-84.15711,37.20426],[-84.15664,37.2043],[-84.15565,37.20409],[-84.15108,37.20351],[-84.15039,37.20358],[-84.14969,37.20377],[-84.14955,37.20386],[-84.14943,37.20411],[-84.14942,37.20494],[-84.14991,37.20598],[-84.15012,37.2067],[-84.15047,37.2072],[-84.15082,37.2081],[-84.1511,37.21038],[-84.15108,37.21063],[-84.15081,37.21143],[-84.15082,37.21179],[-84.15116,37.21356],[-84.15032,37.21362],[-84.14983,37.21348],[-84.149,37.21336],[-84.1479,37.21335],[-84.14675,37.21347],[-84.14602,37.21362],[-84.14525,37.21392],[-84.14477,37.21425],[-84.14448,37.21432],[-84.14439,37.21429],[-84.14387,37.2135],[-84.14362,37.21337],[-84.14325,37.21338],[-84.14282,37.21379],[-84.14237,37.21499],[-84.14237,37.21556],[-84.14289,37.21586],[-84.1429,37.21605],[-84.14232,37.21625],[-84.14205,37.21661],[-84.14126,37.21712],[-84.14043,37.21713],[-84.13943,37.21727],[-84.13918,37.21722],[-84.13915,37.21717],[-84.14033,37.21655],[-84.14032,37.21641],[-84.14009,37.21632],[-84.13962,37.21641],[-84.138,37.21709],[-84.13782,37.21723],[-84.13773,37.21778],[-84.13737,37.21869],[-84.13693,37.21916],[-84.13665,37.21931],[-84.13606,37.21937],[-84.13573,37.21929],[-84.13541,37.2189],[-84.13502,37.21811],[-84.13429,37.21778],[-84.13289,37.21731],[-84.13273,37.21722],[-84.13203,37.21646],[-84.13177,37.21634],[-84.13097,37.21651],[-84.13039,37.21672],[-84.12896,37.21667],[-84.12809,37.21683],[-84.12603,37.2169],[-84.12494,37.21707],[-84.12402,37.21698],[-84.12319,37.21679],[-84.12329,37.21739],[-84.12354,37.21803],[-84.12436,37.21937],[-84.12456,37.21955],[-84.12551,37.22006],[-84.12954,37.2237],[-84.13149,37.22464],[-84.13206,37.22502],[-84.13221,37.22582],[-84.13219,37.2261],[-84.13157,37.22814],[-84.1315,37.22862],[-84.13183,37.22992],[-84.13205,37.23029],[-84.13345,37.23117],[-84.13427,37.23184],[-84.13543,37.23216],[-84.13751,37.23202],[-84.13774,37.23221],[-84.13787,37.23295],[-84.13817,37.23327],[-84.1401,37.23367],[-84.14069,37.23387],[-84.14228,37.23497],[-84.1427,37.23566],[-84.14305,37.23602],[-84.14411,37.23678],[-84.14471,37.23706],[-84.14489,37.23721],[-84.14513,37.23749],[-84.14537,37.23797],[-84.14549,37.23896],[-84.14555,37.23906],[-84.14631,37.23954],[-84.14741,37.23967],[-84.14761,37.23932],[-84.14747,37.23816],[-84.14766,37.23807],[-84.14779,37.2382],[-84.14815,37.23893],[-84.14834,37.23916],[-84.1491,37.23985],[-84.15002,37.24055],[-84.15027,37.24081],[-84.1503,37.24095],[-84.1502,37.24134],[-84.14948,37.24197],[-84.14862,37.24188],[-84.14821,37.24204],[-84.14756,37.243],[-84.1472,37.24402],[-84.14731,37.24475],[-84.14734,37.24624],[-84.14756,37.24846],[-84.14744,37.24859],[-84.14678,37.24887],[-84.14632,37.24918],[-84.1461,37.24968],[-84.14593,37.25112],[-84.14587,37.25122],[-84.14525,37.2515],[-84.14448,37.25174],[-84.14404,37.25208],[-84.14396,37.25256],[-84.14426,37.25362],[-84.14445,37.25402],[-84.14488,37.25428],[-84.14518,37.25455],[-84.14532,37.25522],[-84.14526,37.25613],[-84.14516,37.2564],[-84.14474,37.25676],[-84.14445,37.25711],[-84.14441,37.25725],[-84.14442,37.2578],[-84.14491,37.25943],[-84.14483,37.25981],[-84.14389,37.26068],[-84.14348,37.26123],[-84.14284,37.26228],[-84.14235,37.26357],[-84.14203,37.26402],[-84.14165,37.26425],[-84.14061,37.26459],[-84.13961,37.26451],[-84.13916,37.26459],[-84.1387,37.26507],[-84.13682,37.2656],[-84.13675,37.26568],[-84.13716,37.26612],[-84.13777,37.26748],[-84.13832,37.26825],[-84.13854,37.26882],[-84.13868,37.26942],[-84.13868,37.27019],[-84.13901,37.27094],[-84.13899,37.27148],[-84.13873,37.27206],[-84.13821,37.27244],[-84.13766,37.2726],[-84.13731,37.27236],[-84.1363,37.27231],[-84.13542,37.27236],[-84.13381,37.27265],[-84.13257,37.27263],[-84.13084,37.27271],[-84.1302,37.27257],[-84.12882,37.27212],[-84.12799,37.27194],[-84.1247,37.27154],[-84.12438,37.27145],[-84.12378,37.27105],[-84.12276,37.27021],[-84.12247,37.27009],[-84.12188,37.27002],[-84.11978,37.27182],[-84.11938,37.27195],[-84.11832,37.27203],[-84.11525,37.27197],[-84.11431,37.27468],[-84.11353,37.27764],[-84.11338,37.27841],[-84.11345,37.27926],[-84.11369,37.27997],[-84.11393,37.28021],[-84.11445,37.28052],[-84.11597,37.28052],[-84.11622,37.28054],[-84.11664,37.28069],[-84.11723,37.28142],[-84.11837,37.28224],[-84.11916,37.28306],[-84.11922,37.28356],[-84.11907,37.28395],[-84.11731,37.28554],[-84.11685,37.28618],[-84.11678,37.28639],[-84.11679,37.28663],[-84.11697,37.28703],[-84.11726,37.28746],[-84.11879,37.28905],[-84.11929,37.28941],[-84.12087,37.29017],[-84.12135,37.29059],[-84.12142,37.29112],[-84.12141,37.29227],[-84.12113,37.2934],[-84.12061,37.29476],[-84.1205,37.29545],[-84.12058,37.29623],[-84.12104,37.29764],[-84.12049,37.29875],[-84.12047,37.29916],[-84.12054,37.29938],[-84.1208,37.29978],[-84.12155,37.30057],[-84.12257,37.30155],[-84.1232,37.30195],[-84.12394,37.30258],[-84.12417,37.30286],[-84.12494,37.30438],[-84.12559,37.30602],[-84.12601,37.30734],[-84.12593,37.3078],[-84.12551,37.30876],[-84.12543,37.30922],[-84.12538,37.31036],[-84.12554,37.31164],[-84.12566,37.31204],[-84.12566,37.31265],[-84.12591,37.31306],[-84.12634,37.31356],[-84.12683,37.31383],[-84.12841,37.31415],[-84.12938,37.31451],[-84.13084,37.31491],[-84.13183,37.3149],[-84.13283,37.31505],[-84.13369,37.31509],[-84.1345,37.31527],[-84.13561,37.31599],[-84.13597,37.31598],[-84.13658,37.31574],[-84.13676,37.31615],[-84.13729,37.3179],[-84.13764,37.31875],[-84.13794,37.31979],[-84.13718,37.32145],[-84.13684,37.32195],[-84.1363,37.32257],[-84.13602,37.32308],[-84.13549,37.32457],[-84.13542,37.32508],[-84.13509,37.32568],[-84.13487,37.32594],[-84.13389,37.32681],[-84.13263,37.32734],[-84.1307,37.32831],[-84.12983,37.32845],[-84.12804,37.32977],[-84.12791,37.32999],[-84.12787,37.33035],[-84.1286,37.3322],[-84.12869,37.33317],[-84.1285,37.3339],[-84.12841,37.33405],[-84.12795,37.33441],[-84.12614,37.33512],[-84.12574,37.3354],[-84.12516,37.33561],[-84.12405,37.33576],[-84.12083,37.3359],[-84.12032,37.33588],[-84.11975,37.33577],[-84.11882,37.33574],[-84.11711,37.334],[-84.11639,37.33338],[-84.11559,37.3329],[-84.11514,37.33214],[-84.11468,37.33107],[-84.1144,37.33058],[-84.11414,37.32965],[-84.11352,37.32901],[-84.11312,37.32869],[-84.11216,37.32811],[-84.11051,37.32753],[-84.10959,37.32728],[-84.10839,37.32674],[-84.10806,37.32651],[-84.10794,37.32616],[-84.10803,37.32562],[-84.10854,37.32466],[-84.10901,37.324],[-84.10917,37.32358],[-84.10909,37.32325],[-84.10878,37.32287],[-84.10777,37.32225],[-84.10767,37.32202],[-84.10768,37.32114],[-84.10759,37.32085],[-84.10743,37.32064],[-84.10722,37.32062],[-84.10658,37.32085],[-84.10526,37.32111],[-84.10394,37.3215],[-84.10311,37.32212],[-84.10285,37.32248],[-84.10249,37.32238],[-84.10138,37.32184],[-84.10098,37.3215],[-84.10026,37.32064],[-84.10012,37.32058],[-84.09944,37.32069],[-84.09898,37.32093],[-84.09885,37.32121],[-84.09874,37.32174],[-84.09865,37.32181],[-84.09738,37.32101],[-84.09688,37.321],[-84.09632,37.32084],[-84.09609,37.32086],[-84.09583,37.321],[-84.09546,37.32086],[-84.09383,37.32072],[-84.0935,37.32064],[-84.09278,37.32027],[-84.09225,37.32016],[-84.09184,37.32017],[-84.09088,37.32038],[-84.08987,37.32018],[-84.08909,37.32041],[-84.08747,37.3205],[-84.08551,37.32086],[-84.08351,37.32057],[-84.08254,37.32059],[-84.08133,37.3201],[-84.08053,37.31963],[-84.07919,37.31944],[-84.07722,37.31931],[-84.07607,37.31935],[-84.07474,37.3198],[-84.07215,37.31938],[-84.07154,37.31918],[-84.0697,37.31939],[-84.06856,37.31913],[-84.06686,37.31956],[-84.06498,37.32039],[-84.06345,37.32075],[-84.06249,37.3209],[-84.06201,37.32077],[-84.061,37.32031],[-84.06048,37.31979],[-84.06024,37.31968],[-84.05941,37.3196],[-84.05874,37.31944],[-84.05853,37.31975],[-84.05738,37.31943],[-84.0567,37.31945],[-84.0565,37.3195],[-84.05579,37.3199],[-84.05466,37.32085],[-84.05194,37.32159],[-84.05151,37.32152],[-84.05118,37.32133],[-84.04997,37.32042],[-84.04948,37.31971],[-84.04913,37.31938],[-84.04824,37.31877],[-84.04745,37.31849],[-84.04712,37.31855],[-84.04502,37.31941],[-84.04413,37.32027],[-84.04367,37.32051],[-84.04093,37.32106],[-84.03904,37.32224],[-84.03821,37.32323],[-84.03755,37.32372],[-84.03699,37.324],[-84.03563,37.32451],[-84.03529,37.32472],[-84.03493,37.32512],[-84.03481,37.3254],[-84.03483,37.32557],[-84.03533,37.32637],[-84.03586,37.3269],[-84.03594,37.32705],[-84.03619,37.32832],[-84.03654,37.32894],[-84.0365,37.32919],[-84.03628,37.32924],[-84.03453,37.32905],[-84.03412,37.32917],[-84.03394,37.32952],[-84.03363,37.32978],[-84.03303,37.32972],[-84.03242,37.32952],[-84.03205,37.32956],[-84.03163,37.32978],[-84.0313,37.33014],[-84.03115,37.33059],[-84.0312,37.33144],[-84.03151,37.333],[-84.03139,37.33343],[-84.03097,37.33391],[-84.03055,37.33424],[-84.02847,37.33493],[-84.02833,37.33509],[-84.02816,37.3359],[-84.02805,37.33608],[-84.02778,37.33618],[-84.02564,37.33645],[-84.02506,37.3362],[-84.02461,37.33587],[-84.02439,37.33585],[-84.02224,37.3358],[-84.02172,37.33612],[-84.02151,37.33645],[-84.02159,37.33733],[-84.02143,37.33838],[-84.02139,37.33942],[-84.02054,37.34094],[-84.02012,37.34184],[-84.01968,37.3428],[-84.01958,37.3433],[-84.01839,37.34595],[-84.01778,37.34625],[-84.01651,37.3465],[-84.01407,37.34619],[-84.01147,37.34657],[-84.00834,37.34775],[-84.00815,37.34793],[-84.00781,37.34844],[-84.00748,37.34874],[-84.00659,37.34913],[-84.0054,37.34988],[-84.00479,37.34988],[-84.00441,37.34972],[-84.00351,37.349],[-84.00227,37.34851],[-84.00069,37.34747],[-83.99986,37.34736],[-83.99935,37.34737],[-83.9988,37.34694],[-83.99828,37.34603],[-83.99822,37.34575],[-83.99804,37.34539],[-83.99772,37.34506],[-83.99731,37.34482],[-83.99724,37.34469],[-83.9975,37.34383],[-83.99739,37.34321],[-83.99694,37.34192],[-83.99686,37.34141],[-83.99673,37.3412],[-83.99633,37.34094],[-83.99629,37.3408],[-83.99635,37.33869],[-83.99627,37.33795],[-83.9957,37.33735],[-83.9947,37.33669],[-83.99386,37.33631],[-83.99286,37.33599],[-83.99112,37.33584],[-83.9902,37.33609],[-83.98784,37.33705],[-83.98743,37.33713],[-83.98711,37.33712],[-83.98683,37.33706],[-83.98645,37.33684],[-83.98586,37.33625],[-83.98563,37.33588],[-83.98518,37.33581],[-83.98493,37.33593],[-83.98476,37.3361],[-83.98442,37.33624],[-83.98385,37.33624],[-83.98332,37.33596],[-83.98294,37.33558],[-83.98244,37.33521],[-83.9814,37.33461],[-83.98039,37.33446],[-83.98005,37.33415],[-83.979,37.33442],[-83.97751,37.33456],[-83.97759,37.33497],[-83.97759,37.33576],[-83.97736,37.33609],[-83.97692,37.33647],[-83.97561,37.33703],[-83.97492,37.3377],[-83.97464,37.33845],[-83.97466,37.33922],[-83.97477,37.34004],[-83.97453,37.34052],[-83.97432,37.34077],[-83.97274,37.34198],[-83.97129,37.34329],[-83.97066,37.34453],[-83.97032,37.34577],[-83.9702,37.34709],[-83.97051,37.34771],[-83.9708,37.34867],[-83.97148,37.35046],[-83.97145,37.35059],[-83.96998,37.35185],[-83.96988,37.35204],[-83.96979,37.35236],[-83.96979,37.35269],[-83.96989,37.35365],[-83.96741,37.35252],[-83.96714,37.35237],[-83.96648,37.35182],[-83.96612,37.35171],[-83.96545,37.35163],[-83.96511,37.35148],[-83.96488,37.35128],[-83.96461,37.35086],[-83.96345,37.34981],[-83.96314,37.34959],[-83.96234,37.34925],[-83.9617,37.34883],[-83.96125,37.34863],[-83.96051,37.34865],[-83.95956,37.34842],[-83.95844,37.34808],[-83.95771,37.34764],[-83.95687,37.34739],[-83.95611,37.34728],[-83.95564,37.34729],[-83.95486,37.34758],[-83.95381,37.34816],[-83.95323,37.34838],[-83.95312,37.34849],[-83.9531,37.34893],[-83.95299,37.3492],[-83.95264,37.34947],[-83.95203,37.3498],[-83.95159,37.35026],[-83.95056,37.35111],[-83.95031,37.35171],[-83.95006,37.35262],[-83.94979,37.3541],[-83.94967,37.35527],[-83.94938,37.35588],[-83.94831,37.35654],[-83.94691,37.35756],[-83.9451,37.35846],[-83.94441,37.35872],[-83.94373,37.35888],[-83.94274,37.35931],[-83.94153,37.36006],[-83.94137,37.36022],[-83.94106,37.36082],[-83.94049,37.3624],[-83.94027,37.3628],[-83.93955,37.36328],[-83.93929,37.36357],[-83.93874,37.36452],[-83.93836,37.3649],[-83.93786,37.36557],[-83.93699,37.3657],[-83.93617,37.3662],[-83.93521,37.36724],[-83.93476,37.36761],[-83.93459,37.36803],[-83.93385,37.36838],[-83.93331,37.36887],[-83.93328,37.36901],[-83.93344,37.36927],[-83.93369,37.36995],[-83.93367,37.37008],[-83.93354,37.37052],[-83.93333,37.37081],[-83.93282,37.37105],[-83.93254,37.3713],[-83.93226,37.37139],[-83.9321,37.37158],[-83.93208,37.37234],[-83.93186,37.37263],[-83.93187,37.37283],[-83.9321,37.37308],[-83.93227,37.3735],[-83.93219,37.37393],[-83.9321,37.37406],[-83.93153,37.37458],[-83.93116,37.37477],[-83.9296,37.37536],[-83.92908,37.3757],[-83.92821,37.37583],[-83.92772,37.37602],[-83.92755,37.37627],[-83.92747,37.37667],[-83.9275,37.37688],[-83.9278,37.37746],[-83.92794,37.37819],[-83.92819,37.37887],[-83.92828,37.3794],[-83.92841,37.37973],[-83.92871,37.38003],[-83.92925,37.37993],[-83.9298,37.37998],[-83.93066,37.38085],[-83.93134,37.38202],[-83.93146,37.38264],[-83.93141,37.3833],[-83.93092,37.38511],[-83.9308,37.38599],[-83.93087,37.38711],[-83.93101,37.38779],[-83.93111,37.388],[-83.93095,37.38822],[-83.93098,37.38857],[-83.93434,37.38899],[-83.93484,37.38916],[-83.93508,37.38941],[-83.93524,37.38969],[-83.93667,37.3926],[-83.94011,37.39564],[-83.94048,37.39592],[-83.94308,37.39744],[-83.94672,37.39983],[-83.94712,37.39998],[-83.94855,37.40025],[-83.94896,37.40042],[-83.94917,37.40069],[-83.94914,37.40128],[-83.94822,37.40358],[-83.94787,37.40431],[-83.94777,37.40482],[-83.94788,37.40522],[-83.94889,37.40647],[-83.94941,37.40759],[-83.94939,37.40786],[-83.94898,37.40904],[-83.94875,37.40944],[-83.94806,37.41011],[-83.9464,37.4112],[-83.94611,37.41196],[-83.94599,37.41207],[-83.94496,37.41254],[-83.94363,37.41342],[-83.94326,37.41377],[-83.94257,37.41473],[-83.94128,37.41632],[-83.941,37.41696],[-83.94066,37.41846],[-83.94079,37.41879],[-83.94111,37.41895],[-83.94341,37.41927],[-83.94378,37.41953],[-83.94437,37.42019],[-83.9447,37.42042],[-83.94512,37.42047],[-83.94605,37.42041],[-83.94645,37.42051],[-83.9468,37.42078],[-83.94741,37.42155],[-83.94773,37.42174],[-83.94769,37.42178],[-83.94739,37.42189],[-83.94624,37.42158],[-83.94566,37.42155],[-83.94532,37.42168],[-83.94475,37.42202],[-83.94378,37.42279],[-83.94348,37.42296],[-83.94187,37.42349],[-83.94146,37.42356],[-83.93999,37.42344],[-83.93902,37.4235],[-83.93768,37.42396],[-83.93691,37.42435],[-83.93655,37.42441],[-83.93593,37.4244],[-83.93505,37.4242],[-83.93322,37.4235],[-83.93252,37.42343],[-83.93164,37.42345],[-83.93125,37.42333],[-83.93035,37.42284],[-83.92996,37.42228],[-83.92941,37.42171],[-83.92926,37.42159],[-83.92877,37.4214],[-83.9284,37.42137],[-83.92777,37.42144],[-83.92694,37.42195],[-83.92664,37.42207],[-83.92524,37.42215],[-83.9243,37.42211],[-83.92392,37.42202],[-83.92323,37.42168],[-83.92309,37.42153],[-83.92297,37.42113],[-83.92282,37.4209],[-83.9223,37.42048],[-83.92184,37.4204],[-83.9206,37.42045],[-83.91852,37.4202],[-83.91811,37.42008],[-83.91687,37.41953],[-83.91617,37.41944],[-83.91581,37.41959],[-83.9156,37.41982],[-83.91545,37.42035],[-83.91543,37.42103],[-83.91548,37.42133],[-83.91578,37.42184],[-83.91614,37.42227],[-83.91618,37.42243],[-83.91598,37.42267],[-83.9156,37.42265],[-83.91443,37.42236],[-83.91361,37.42229],[-83.91093,37.42274],[-83.909,37.42254],[-83.90768,37.42231],[-83.90647,37.42232],[-83.90572,37.42267],[-83.90556,37.42283],[-83.90435,37.42497],[-83.90406,37.42525],[-83.90369,37.42544],[-83.90353,37.42545],[-83.90151,37.42619],[-83.90017,37.4265],[-83.89943,37.42675],[-83.89842,37.42725],[-83.89779,37.42767],[-83.89829,37.42701],[-83.89851,37.4265],[-83.8985,37.42614],[-83.89827,37.42571],[-83.89745,37.42499],[-83.8971,37.42477],[-83.89579,37.42442],[-83.89459,37.4242],[-83.89363,37.42385],[-83.89329,37.42361],[-83.89305,37.4233],[-83.89281,37.42247],[-83.89249,37.42193],[-83.89255,37.42034],[-83.89226,37.41883],[-83.89227,37.41864],[-83.89308,37.4176],[-83.89322,37.41748],[-83.89382,37.41726],[-83.89416,37.41706],[-83.89466,37.41656],[-83.89478,37.41625],[-83.89477,37.41551],[-83.89499,37.41495],[-83.89577,37.41371],[-83.89656,37.41313],[-83.89677,37.41252],[-83.89687,37.41205],[-83.89685,37.41181],[-83.89672,37.41142],[-83.89643,37.41099],[-83.89625,37.41085],[-83.89527,37.41079],[-83.89385,37.4114],[-83.8936,37.41157],[-83.89297,37.41298],[-83.89264,37.41349],[-83.8922,37.41403],[-83.89176,37.41433],[-83.8911,37.41458],[-83.89062,37.41466],[-83.88947,37.41442],[-83.88774,37.41459],[-83.88744,37.41457],[-83.88692,37.41439],[-83.88657,37.41448],[-83.88544,37.41536],[-83.88523,37.41563],[-83.88488,37.4164],[-83.88434,37.41681],[-83.88379,37.41761],[-83.88323,37.418],[-83.88326,37.41829],[-83.88334,37.41841],[-83.88407,37.41863],[-83.88464,37.41894],[-83.88479,37.41914],[-83.88489,37.41942],[-83.88544,37.42022],[-83.88549,37.42048],[-83.88534,37.4208],[-83.88559,37.42165],[-83.88558,37.42221],[-83.88619,37.42273],[-83.88653,37.42337],[-83.88654,37.42355],[-83.88638,37.42381],[-83.88509,37.4253],[-83.88469,37.42559],[-83.88398,37.42595],[-83.88349,37.42636],[-83.88324,37.42706],[-83.88204,37.4277],[-83.88162,37.42809],[-83.88097,37.42847],[-83.88029,37.42875],[-83.87966,37.42877],[-83.87955,37.42866],[-83.87933,37.42794],[-83.87917,37.42774],[-83.87891,37.42756],[-83.8787,37.42749],[-83.87818,37.42748],[-83.87757,37.42769],[-83.87713,37.42759],[-83.87624,37.4271],[-83.87603,37.42692],[-83.87589,37.42658],[-83.87582,37.42589],[-83.87567,37.42575],[-83.87543,37.42574],[-83.87492,37.42612],[-83.87447,37.42614],[-83.87305,37.42579],[-83.87222,37.42575],[-83.87129,37.42554],[-83.87106,37.42539],[-83.87085,37.42497],[-83.87088,37.42468],[-83.87125,37.42419],[-83.87136,37.42379],[-83.87079,37.42316],[-83.8705,37.42221],[-83.87027,37.42205],[-83.86996,37.42197],[-83.86918,37.42213],[-83.86873,37.42202],[-83.86835,37.42136],[-83.86792,37.42081],[-83.86762,37.42068],[-83.86703,37.42055],[-83.86657,37.42026],[-83.86634,37.42026],[-83.86627,37.42042],[-83.86667,37.42131],[-83.86658,37.42152],[-83.86638,37.42172],[-83.86624,37.42209],[-83.86567,37.423],[-83.86562,37.42333],[-83.86587,37.424],[-83.86585,37.42421],[-83.86487,37.42574],[-83.86432,37.42602],[-83.86297,37.42717],[-83.86288,37.42732],[-83.86331,37.42754],[-83.86356,37.42778],[-83.8637,37.42827],[-83.86367,37.42866],[-83.86342,37.42937],[-83.86349,37.42988],[-83.86311,37.43038],[-83.86284,37.43054],[-83.86238,37.43054],[-83.862,37.43036],[-83.86143,37.43022],[-83.86112,37.43101],[-83.86097,37.43103],[-83.86055,37.43096],[-83.85953,37.43033],[-83.85826,37.43001],[-83.85778,37.43001],[-83.85668,37.43028],[-83.85627,37.43035],[-83.85597,37.43033],[-83.85577,37.43013],[-83.85563,37.42964],[-83.85525,37.42911],[-83.85442,37.42885],[-83.85365,37.42833],[-83.85291,37.42829],[-83.8509,37.42885],[-83.85055,37.42889],[-83.85032,37.42903],[-83.85002,37.42956],[-83.84975,37.42975],[-83.84833,37.43001],[-83.84801,37.42992],[-83.84734,37.43012],[-83.8464,37.43063],[-83.84484,37.43099],[-83.84409,37.43133],[-83.84368,37.43159],[-83.84337,37.43159],[-83.84301,37.43149],[-83.8414,37.43159],[-83.8412,37.43184],[-83.84081,37.43214],[-83.84021,37.43233],[-83.83998,37.43252],[-83.83973,37.43309],[-83.83973,37.43331],[-83.84067,37.43381],[-83.8421,37.43439],[-83.843,37.43506],[-83.84338,37.43515],[-83.84492,37.4353],[-83.84572,37.43547],[-83.84601,37.43575],[-83.84605,37.43602],[-83.84546,37.43655],[-83.84521,37.43697],[-83.84511,37.43704],[-83.8447,37.43717],[-83.84404,37.43711],[-83.84353,37.4368],[-83.84333,37.43639],[-83.84315,37.43623],[-83.84283,37.4361],[-83.84259,37.43606],[-83.84145,37.43635],[-83.84026,37.43715],[-83.83966,37.4378],[-83.83941,37.43815],[-83.83966,37.43852],[-83.83929,37.43891],[-83.83851,37.43943],[-83.83782,37.4398],[-83.83771,37.43983],[-83.83705,37.43965],[-83.8367,37.43966],[-83.83616,37.43989],[-83.83562,37.44062],[-83.83431,37.44272],[-83.83396,37.44298],[-83.83343,37.44309],[-83.8326,37.44311],[-83.83107,37.44292],[-83.83034,37.44292],[-83.83013,37.44304],[-83.83004,37.44317],[-83.82999,37.44344],[-83.82979,37.44361],[-83.82743,37.4444],[-83.82644,37.44464],[-83.82345,37.44472],[-83.8226,37.44511],[-83.82155,37.44548],[-83.82006,37.44656],[-83.818,37.44747],[-83.81733,37.44797],[-83.81701,37.44811],[-83.81591,37.44901],[-83.81509,37.44959],[-83.81488,37.44985],[-83.81484,37.45018],[-83.81495,37.45054],[-83.81534,37.45113],[-83.81582,37.45165],[-83.81628,37.45185],[-83.81667,37.45194],[-83.8174,37.45232],[-83.81767,37.45232],[-83.81832,37.45186],[-83.81889,37.45166],[-83.8193,37.45139],[-83.81988,37.45122],[-83.82068,37.45075],[-83.8215,37.45044],[-83.82157,37.45027],[-83.8218,37.45012],[-83.82226,37.45009],[-83.82258,37.45023],[-83.82299,37.45062],[-83.8234,37.45113],[-83.8235,37.45139],[-83.82347,37.45173],[-83.82372,37.45223],[-83.82356,37.45305],[-83.82366,37.45348],[-83.82365,37.45386],[-83.82348,37.45451],[-83.82299,37.45503],[-83.8221,37.45567],[-83.82196,37.45585],[-83.82187,37.45618],[-83.82196,37.45653],[-83.82267,37.45781],[-83.82273,37.45819],[-83.82267,37.45841],[-83.82225,37.45888],[-83.82219,37.45953],[-83.82196,37.46008],[-83.82198,37.46041],[-83.82233,37.46114],[-83.82263,37.46158],[-83.82277,37.46169],[-83.82378,37.46172],[-83.82403,37.46183],[-83.8241,37.46194],[-83.8241,37.4624],[-83.82404,37.46253],[-83.82364,37.4629],[-83.8236,37.46319],[-83.82391,37.46366],[-83.82432,37.46407],[-83.82484,37.46436],[-83.82532,37.46472],[-83.82544,37.46484],[-83.82551,37.4651],[-83.82524,37.46553],[-83.82502,37.46571],[-83.82453,37.46594],[-83.82257,37.46661],[-83.82129,37.46716],[-83.82067,37.46731],[-83.82053,37.46751],[-83.82051,37.46802],[-83.82005,37.46859],[-83.81918,37.46879],[-83.81907,37.46891],[-83.81889,37.46929],[-83.81887,37.46958],[-83.81896,37.46976],[-83.81931,37.46996],[-83.81933,37.47026],[-83.81903,37.4707],[-83.81881,37.47088],[-83.81858,37.47139],[-83.81859,37.4717],[-83.81852,37.47186],[-83.81824,37.472],[-83.81819,37.47209],[-83.81813,37.47222],[-83.81813,37.47269],[-83.81738,37.47309],[-83.81681,37.47311],[-83.81626,37.4737],[-83.81619,37.47389],[-83.81625,37.47416],[-83.81642,37.47434],[-83.81709,37.47482],[-83.81744,37.47489],[-83.81784,37.47472],[-83.81812,37.47474],[-83.8186,37.47512],[-83.81863,37.47523],[-83.81856,37.47536],[-83.81797,37.47593],[-83.81785,37.47595],[-83.81732,37.47559],[-83.81696,37.47555],[-83.81654,37.47566],[-83.81515,37.47641],[-83.81464,37.4768],[-83.81462,37.47723],[-83.81456,37.47731],[-83.81301,37.4789],[-83.81219,37.48073],[-83.81178,37.4811],[-83.8118,37.48136],[-83.81224,37.48225],[-83.81245,37.48254],[-83.81259,37.48271],[-83.81307,37.48305],[-83.81381,37.48325],[-83.81615,37.48361],[-83.81746,37.48409],[-83.81805,37.48443],[-83.81815,37.48456],[-83.81814,37.48474],[-83.81791,37.48513],[-83.81759,37.48526],[-83.81725,37.48515],[-83.81692,37.48513],[-83.81591,37.48568],[-83.81559,37.48595],[-83.81554,37.48625],[-83.81568,37.4866],[-83.81644,37.48712],[-83.81711,37.48732],[-83.81774,37.48714],[-83.81866,37.4871],[-83.81937,37.48679],[-83.81965,37.48659],[-83.81994,37.48605],[-83.82032,37.48583],[-83.82179,37.48583],[-83.82306,37.48614],[-83.82335,37.48625],[-83.82369,37.48649],[-83.82376,37.48657],[-83.82377,37.48674],[-83.82317,37.48712],[-83.82294,37.48749],[-83.82224,37.48786],[-83.82191,37.4882],[-83.82189,37.48837],[-83.82216,37.48961],[-83.82241,37.48997],[-83.82298,37.49025],[-83.8235,37.49032],[-83.8238,37.49026],[-83.82408,37.49012],[-83.82406,37.48974],[-83.82433,37.4896],[-83.82591,37.48936],[-83.82642,37.48937],[-83.82722,37.48953],[-83.82764,37.48986],[-83.82828,37.49019],[-83.82891,37.49041],[-83.82961,37.49089],[-83.82986,37.49116],[-83.83009,37.49156],[-83.83023,37.49185],[-83.83026,37.49218],[-83.82982,37.49329],[-83.82962,37.49351],[-83.82871,37.49348],[-83.82731,37.49361],[-83.82503,37.49402],[-83.82463,37.49385],[-83.82431,37.49358],[-83.82355,37.49318],[-83.82272,37.49313],[-83.82066,37.49337],[-83.81797,37.49418],[-83.81704,37.49453],[-83.81683,37.49466],[-83.81616,37.49532],[-83.81618,37.49556],[-83.81635,37.49583],[-83.81637,37.49602],[-83.8161,37.49702],[-83.81585,37.49711],[-83.81568,37.49706],[-83.81546,37.49684],[-83.81516,37.4968],[-83.81506,37.49687],[-83.81462,37.49856],[-83.81451,37.49969],[-83.81429,37.50002],[-83.81408,37.5002],[-83.81364,37.50036],[-83.81208,37.50065],[-83.81103,37.50074],[-83.81006,37.50067],[-83.809,37.50103],[-83.80676,37.50195],[-83.80654,37.50209],[-83.8063,37.50244],[-83.80595,37.50327],[-83.80581,37.5034],[-83.80477,37.50395],[-83.80451,37.50414],[-83.80423,37.50448],[-83.80421,37.50485],[-83.80461,37.50562],[-83.8051,37.50605],[-83.80536,37.50614],[-83.80568,37.50619],[-83.8075,37.50615],[-83.80778,37.50605],[-83.80809,37.50565],[-83.8084,37.50545],[-83.80895,37.50537],[-83.80967,37.50537],[-83.80989,37.50541],[-83.81004,37.50552],[-83.81028,37.50597],[-83.8104,37.50605],[-83.81057,37.50612],[-83.81204,37.50627],[-83.81265,37.50662],[-83.81295,37.507],[-83.81304,37.50724],[-83.81334,37.50888],[-83.8133,37.50963],[-83.81285,37.51011],[-83.81281,37.51037],[-83.81293,37.51066],[-83.81321,37.51085],[-83.81363,37.51095],[-83.81418,37.51094],[-83.81501,37.51075],[-83.81541,37.51061],[-83.81556,37.51013],[-83.81574,37.50999],[-83.81626,37.50979],[-83.81712,37.50963],[-83.81835,37.50987],[-83.81951,37.50984],[-83.81999,37.50994],[-83.82032,37.51011],[-83.82066,37.51049],[-83.8207,37.51104],[-83.82065,37.51122],[-83.82044,37.51151],[-83.81985,37.51182],[-83.81953,37.51225],[-83.81908,37.51309],[-83.81882,37.51382],[-83.81878,37.5142],[-83.8189,37.51492],[-83.81907,37.51532],[-83.81934,37.51552],[-83.81952,37.51552],[-83.82007,37.51533],[-83.82033,37.51543],[-83.82043,37.51561],[-83.82068,37.51654],[-83.82125,37.51754],[-83.82159,37.518],[-83.82215,37.51842],[-83.82268,37.51855],[-83.82322,37.51884],[-83.82353,37.51919],[-83.82373,37.51976],[-83.82375,37.51997],[-83.82365,37.5204],[-83.82333,37.52081],[-83.82294,37.52115],[-83.82231,37.52147],[-83.82136,37.52182],[-83.82067,37.52233],[-83.8202,37.52256],[-83.81989,37.52269],[-83.81932,37.52277],[-83.81881,37.52265],[-83.81841,37.52241],[-83.81584,37.51959],[-83.81386,37.51806],[-83.81328,37.51771],[-83.81272,37.51751],[-83.8123,37.51747],[-83.8119,37.51756],[-83.81166,37.51794],[-83.81154,37.51799],[-83.81068,37.51796],[-83.80968,37.51777],[-83.8093,37.51781],[-83.80923,37.51791],[-83.8092,37.51818],[-83.80931,37.51873],[-83.80944,37.51896],[-83.80976,37.5193],[-83.81126,37.52021],[-83.81185,37.52065],[-83.81211,37.52142],[-83.8125,37.52202],[-83.81263,37.52388],[-83.81259,37.52431],[-83.81234,37.52489],[-83.81204,37.52517],[-83.81153,37.52543],[-83.81094,37.52558],[-83.81003,37.52557],[-83.80808,37.52494],[-83.80721,37.52427],[-83.80686,37.52417],[-83.80653,37.52418],[-83.80628,37.52437],[-83.80618,37.52466],[-83.80597,37.52496],[-83.80504,37.5251],[-83.80463,37.52523],[-83.8042,37.52557],[-83.80388,37.52604],[-83.80412,37.52699],[-83.80401,37.52755],[-83.80403,37.528],[-83.80425,37.52841],[-83.80451,37.52858],[-83.80484,37.52868],[-83.80571,37.52864],[-83.80654,37.52828],[-83.80876,37.52812],[-83.80948,37.52821],[-83.80966,37.52829],[-83.80984,37.52842],[-83.81006,37.52876],[-83.81013,37.52922],[-83.81002,37.52975],[-83.80956,37.53085],[-83.80922,37.5314],[-83.80903,37.53223],[-83.80914,37.53358],[-83.80966,37.53595],[-83.80961,37.53631],[-83.80952,37.53664],[-83.80903,37.53727],[-83.80878,37.53786],[-83.80857,37.53816],[-83.80827,37.53836],[-83.80788,37.53851],[-83.80721,37.53857],[-83.80589,37.53815],[-83.80424,37.53822],[-83.80389,37.53816],[-83.8025,37.53761],[-83.80222,37.53735],[-83.8022,37.53723],[-83.80229,37.53696],[-83.80354,37.53482],[-83.80399,37.53446],[-83.80405,37.53421],[-83.80384,37.53361],[-83.80328,37.53269],[-83.8025,37.53191],[-83.80197,37.53158],[-83.80078,37.53118],[-83.79883,37.53016],[-83.7983,37.53005],[-83.79779,37.52985],[-83.79747,37.52954],[-83.79619,37.5293],[-83.79422,37.52855],[-83.794,37.52808],[-83.79364,37.52797],[-83.7927,37.52806],[-83.7923,37.52821],[-83.79198,37.52863],[-83.79193,37.52899],[-83.79203,37.52958],[-83.79247,37.5302],[-83.7926,37.53029],[-83.793,37.53028],[-83.79321,37.53036],[-83.79351,37.53082],[-83.79375,37.53137],[-83.79393,37.532],[-83.7941,37.53339],[-83.79392,37.53402],[-83.7936,37.53447],[-83.79307,37.53477],[-83.79275,37.5348],[-83.79241,37.53476],[-83.79177,37.53451],[-83.79026,37.5341],[-83.78892,37.53392],[-83.78857,37.53397],[-83.78832,37.53426],[-83.78817,37.53431],[-83.78601,37.53435],[-83.78411,37.53463],[-83.78251,37.5353],[-83.78186,37.53578],[-83.78174,37.53615],[-83.78181,37.53651],[-83.78215,37.5372],[-83.78233,37.53774],[-83.78163,37.53802],[-83.78159,37.53755],[-83.78137,37.53691],[-83.78063,37.53558],[-83.78014,37.53505],[-83.7798,37.53478],[-83.77915,37.53444],[-83.7777,37.53427],[-83.77597,37.53437],[-83.77357,37.5344],[-83.77113,37.53421],[-83.77002,37.53398],[-83.76928,37.5334],[-83.76891,37.5328],[-83.76851,37.53177],[-83.76837,37.5309],[-83.76859,37.52846],[-83.76838,37.52769],[-83.76707,37.52568],[-83.76674,37.52508],[-83.76661,37.52466],[-83.76655,37.5242],[-83.76654,37.52171],[-83.76643,37.52118],[-83.76623,37.52101],[-83.7659,37.52086],[-83.76437,37.521],[-83.76339,37.52096],[-83.76249,37.52082],[-83.76181,37.52059],[-83.76099,37.52011],[-83.76048,37.51995],[-83.76,37.51992],[-83.75961,37.52004],[-83.7595,37.52013],[-83.75932,37.52052],[-83.75959,37.52162],[-83.75958,37.5229],[-83.75964,37.52337],[-83.75993,37.52432],[-83.76002,37.52504],[-83.75994,37.52563],[-83.75957,37.52643],[-83.75952,37.52679],[-83.75951,37.52699],[-83.7597,37.52769],[-83.7597,37.52829],[-83.75957,37.52888],[-83.75929,37.52934],[-83.7585,37.52999],[-83.75791,37.53058],[-83.75567,37.53319],[-83.75534,37.53369],[-83.75517,37.53444],[-83.75496,37.53471],[-83.75464,37.53497],[-83.75377,37.53542],[-83.75284,37.53577],[-83.75121,37.53614],[-83.75022,37.53655],[-83.74795,37.53734],[-83.74707,37.5373],[-83.74641,37.53705],[-83.745,37.53637],[-83.744,37.53634],[-83.74309,37.53648],[-83.74028,37.53775],[-83.73853,37.53886],[-83.73751,37.53969],[-83.73656,37.5399],[-83.73543,37.54],[-83.73423,37.54053],[-83.73293,37.5413],[-83.73273,37.54136],[-83.73253,37.54136],[-83.73227,37.54126],[-83.73173,37.54092],[-83.73121,37.54092],[-83.73093,37.54145],[-83.73056,37.54175],[-83.72917,37.54233],[-83.72872,37.54269],[-83.72884,37.54303],[-83.72898,37.54404],[-83.72863,37.54444],[-83.72819,37.54479],[-83.7092,37.55822],[-83.70761,37.55938],[-83.70731,37.55978],[-83.70712,37.56023],[-83.70706,37.56091],[-83.70711,37.56134],[-83.70725,37.56166],[-83.70774,37.56227],[-83.7087,37.56316],[-83.70994,37.5636],[-83.71027,37.56378],[-83.7107,37.56465],[-83.71143,37.56647],[-83.71148,37.56694],[-83.71134,37.56805],[-83.71152,37.56942],[-83.71067,37.56952],[-83.71098,37.57061],[-83.71157,37.57144],[-83.7128,37.57252],[-83.71349,37.57295],[-83.71559,37.57366],[-83.71955,37.574],[-83.72243,37.57399],[-83.72326,37.57394],[-83.72397,37.57379],[-83.72431,37.5738],[-83.72471,37.5741],[-83.72489,37.57534],[-83.72423,37.57801],[-83.72396,37.57852],[-83.72365,37.57893],[-83.72318,37.57935],[-83.72285,37.57955],[-83.72215,37.57975],[-83.7221,37.57943],[-83.72178,37.57917],[-83.72019,37.57942],[-83.7196,37.57942],[-83.71564,37.57846],[-83.71438,37.57805],[-83.7136,37.57758],[-83.71326,37.57722],[-83.71301,37.57682],[-83.71249,37.5755],[-83.71172,37.5741],[-83.71164,37.57373],[-83.71087,37.57349],[-83.70947,37.57294],[-83.70889,37.57265],[-83.70871,37.57252],[-83.70785,37.57143],[-83.70612,37.57141],[-83.70607,37.57205],[-83.70589,37.57243],[-83.70373,37.57469],[-83.7026,37.57533],[-83.70087,37.57589],[-83.69988,37.57654],[-83.69944,37.57708],[-83.69924,37.57767],[-83.69928,37.57838],[-83.69963,37.58033],[-83.69958,37.58057],[-83.69931,37.58124],[-83.69752,37.58438],[-83.69729,37.58522],[-83.69726,37.58573],[-83.69748,37.58692],[-83.69808,37.58815],[-83.69806,37.58836],[-83.69758,37.58947],[-83.6977,37.59024],[-83.69768,37.59062],[-83.69757,37.59093],[-83.69729,37.59133],[-83.69619,37.59191],[-83.69576,37.59226],[-83.69465,37.59362],[-83.69429,37.59436],[-83.69426,37.59473],[-83.6944,37.59528],[-83.69508,37.59642],[-83.69515,37.59693],[-83.69508,37.59744],[-83.69488,37.59777],[-83.6945,37.59817],[-83.69399,37.59843],[-83.6935,37.59854],[-83.69124,37.59879],[-83.69063,37.59903],[-83.68994,37.5995],[-83.68951,37.60001],[-83.68871,37.60154],[-83.68824,37.60225],[-83.68729,37.60331],[-83.68692,37.60391],[-83.68686,37.60446],[-83.6869,37.60491],[-83.68736,37.60654],[-83.68722,37.60703],[-83.68698,37.60731],[-83.68667,37.60752],[-83.68524,37.60835],[-83.68496,37.60859],[-83.68489,37.60873],[-83.68478,37.60912],[-83.68477,37.60958],[-83.6849,37.60987],[-83.68705,37.61231],[-83.68711,37.61259],[-83.68693,37.61299],[-83.68678,37.61316],[-83.68591,37.61361],[-83.68555,37.61414],[-83.68514,37.61781],[-83.68459,37.61862],[-83.6841,37.61839],[-83.68353,37.61783],[-83.68291,37.61746],[-83.6823,37.61791],[-83.68175,37.61843],[-83.68111,37.61872],[-83.68065,37.61882],[-83.68008,37.61884],[-83.67894,37.61869],[-83.6786,37.61873],[-83.67824,37.61886],[-83.67789,37.61907],[-83.67732,37.61966],[-83.67675,37.62005],[-83.67647,37.62014],[-83.67623,37.62017],[-83.67561,37.62006],[-83.67497,37.62023],[-83.67422,37.62006],[-83.67312,37.6206],[-83.67279,37.62083],[-83.67214,37.62154],[-83.67133,37.6228],[-83.67,37.62345],[-83.66975,37.62411],[-83.66948,37.62432],[-83.66931,37.62438],[-83.66806,37.62445],[-83.66768,37.62454],[-83.66735,37.62476],[-83.66723,37.62509],[-83.66658,37.62546],[-83.66417,37.6258],[-83.66374,37.62596],[-83.66356,37.62623],[-83.6633,37.62684],[-83.66314,37.62756],[-83.66229,37.62771],[-83.66197,37.62787],[-83.66166,37.62819],[-83.66109,37.62959],[-83.66072,37.6302],[-83.66043,37.63083],[-83.659,37.63237],[-83.65866,37.6333],[-83.65795,37.63426],[-83.6573,37.63528],[-83.6573,37.63719],[-83.65697,37.63745],[-83.65674,37.63776],[-83.65665,37.638],[-83.65668,37.63833],[-83.65687,37.63877],[-83.65726,37.63928],[-83.65829,37.64026],[-83.65846,37.64067],[-83.65829,37.64126],[-83.658,37.64123],[-83.6569,37.64154],[-83.65616,37.64167],[-83.65567,37.64185],[-83.65466,37.64185],[-83.65446,37.64195],[-83.65433,37.64215],[-83.65426,37.64249],[-83.65412,37.64261],[-83.65232,37.64293],[-83.65181,37.64296],[-83.65136,37.6429],[-83.65073,37.64264],[-83.64935,37.64228],[-83.64909,37.6423],[-83.64897,37.64237],[-83.64895,37.64254],[-83.64904,37.6427],[-83.65005,37.64332],[-83.65083,37.64416],[-83.65147,37.64448],[-83.65136,37.64544],[-83.6514,37.64558],[-83.65154,37.64575],[-83.65245,37.64615],[-83.65253,37.64628],[-83.65244,37.6464],[-83.65159,37.6462],[-83.65051,37.64627],[-83.65036,37.64623],[-83.64968,37.64568],[-83.64894,37.64567],[-83.64929,37.64669],[-83.64948,37.64841],[-83.64977,37.64971],[-83.6499,37.65119],[-83.64988,37.65144],[-83.64974,37.65183],[-83.64896,37.65268],[-83.64873,37.65302],[-83.64851,37.65357],[-83.64836,37.65421],[-83.64816,37.65562],[-83.64821,37.65614],[-83.64867,37.6572],[-83.64981,37.65846],[-83.65052,37.65935],[-83.65131,37.66148],[-83.65213,37.6629],[-83.65298,37.66414],[-83.65311,37.66486],[-83.65284,37.66813],[-83.65298,37.66875],[-83.65355,37.67003],[-83.65397,37.67078],[-83.65409,37.67132],[-83.65369,37.67365],[-83.6538,37.67479],[-83.6534,37.67672],[-83.65328,37.67854],[-83.65304,37.68007],[-83.65276,37.68084],[-83.65172,37.68229],[-83.65152,37.68279],[-83.65122,37.68463],[-83.65078,37.68636],[-83.65079,37.68654],[-83.65105,37.68677],[-83.65107,37.68697],[-83.6506,37.68726],[-83.65025,37.68899],[-83.65023,37.68926],[-83.65033,37.68999],[-83.65119,37.69318],[-83.65158,37.69493],[-83.65259,37.69807],[-83.65373,37.70261],[-83.65404,37.70343],[-83.65503,37.70563],[-83.65562,37.7066],[-83.65633,37.70809],[-83.65703,37.70907],[-83.65748,37.7095],[-83.65858,37.71098],[-83.65864,37.71122],[-83.65894,37.71144],[-83.66037,37.7133],[-83.65769,37.71361],[-83.65659,37.71385],[-83.65593,37.71412],[-83.65428,37.71526],[-83.65382,37.71566],[-83.65343,37.71626],[-83.65331,37.71665],[-83.65329,37.71697],[-83.65382,37.71844],[-83.65388,37.71886],[-83.65379,37.71914],[-83.65103,37.72456],[-83.65,37.72639],[-83.64981,37.72662],[-83.64937,37.72689],[-83.64846,37.72716],[-83.6479,37.7276],[-83.64743,37.72822],[-83.64596,37.73076],[-83.64576,37.73121],[-83.64559,37.73177],[-83.64565,37.73305],[-83.64585,37.73489],[-83.64573,37.73594],[-83.64463,37.73977],[-83.64446,37.74059],[-83.64371,37.74199],[-83.64279,37.74279],[-83.64195,37.74333],[-83.64147,37.74351],[-83.63656,37.74393],[-83.63551,37.74391],[-83.634,37.7437],[-83.63355,37.7438],[-83.63268,37.74428],[-83.63173,37.74463],[-83.63126,37.74465],[-83.6302,37.74441],[-83.62971,37.74448],[-83.62925,37.74488],[-83.62771,37.74657],[-83.62724,37.74691],[-83.62535,37.74741],[-83.62509,37.74739],[-83.62439,37.74716],[-83.62385,37.74728],[-83.62315,37.74804],[-83.62103,37.75009],[-83.61951,37.75145],[-83.61909,37.75166],[-83.61517,37.7524],[-83.61444,37.75241],[-83.61164,37.75222],[-83.60976,37.75258],[-83.60895,37.75287],[-83.60859,37.75259],[-83.60833,37.75247],[-83.60789,37.75238],[-83.60747,37.75238],[-83.60661,37.75255],[-83.60586,37.75289],[-83.60542,37.75317],[-83.60476,37.75337],[-83.60293,37.75304],[-83.60256,37.75289],[-83.60238,37.75274],[-83.60204,37.75203],[-83.60159,37.75145],[-83.60125,37.75126],[-83.59872,37.75022],[-83.59796,37.75001],[-83.59625,37.74995],[-83.59307,37.7491],[-83.59258,37.74891],[-83.59236,37.74866],[-83.59126,37.74593],[-83.59012,37.74447],[-83.58998,37.74458],[-83.59001,37.74524],[-83.59043,37.7461],[-83.5907,37.74646],[-83.59081,37.74689],[-83.59053,37.74688],[-83.59009,37.74705],[-83.58951,37.74786],[-83.58921,37.74796],[-83.58806,37.74774],[-83.58734,37.74769],[-83.58661,37.7485],[-83.58589,37.74908],[-83.5855,37.74949],[-83.5844,37.75032],[-83.5838,37.75054],[-83.58349,37.75057],[-83.58309,37.75044],[-83.58274,37.75009],[-83.58202,37.74858],[-83.58126,37.74805],[-83.58006,37.74767],[-83.57915,37.74645],[-83.579,37.74615],[-83.57885,37.74561],[-83.57871,37.74546],[-83.57827,37.74607],[-83.57815,37.74614],[-83.57775,37.74612],[-83.57734,37.74587],[-83.57703,37.74579],[-83.57678,37.74587],[-83.57641,37.74627],[-83.57616,37.74636],[-83.57579,37.74633],[-83.57561,37.74624],[-83.57545,37.74585],[-83.57523,37.74569],[-83.57465,37.74554],[-83.57407,37.74551],[-83.57387,37.74558],[-83.57371,37.74572],[-83.57329,37.7462],[-83.57277,37.74659],[-83.5727,37.74676],[-83.57278,37.74695],[-83.57317,37.74713],[-83.57325,37.74732],[-83.57368,37.74767],[-83.5738,37.74808],[-83.57393,37.74828],[-83.57442,37.74839],[-83.57442,37.74846],[-83.57413,37.74853],[-83.57397,37.74864],[-83.57376,37.749],[-83.57318,37.74908],[-83.57263,37.74943],[-83.57234,37.74973],[-83.57189,37.75067],[-83.57166,37.75096],[-83.5711,37.75141],[-83.57026,37.75182],[-83.5697,37.75193],[-83.56941,37.7519],[-83.56826,37.75125],[-83.56804,37.75131],[-83.56752,37.75165],[-83.56674,37.75163],[-83.56551,37.75187],[-83.56474,37.75191],[-83.56439,37.75208],[-83.56409,37.75263],[-83.56233,37.75311],[-83.56213,37.75327],[-83.56175,37.75385],[-83.56163,37.75395],[-83.56133,37.75402],[-83.56103,37.7539],[-83.56073,37.75359],[-83.56057,37.75273],[-83.56048,37.7526],[-83.56034,37.75264],[-83.56031,37.75271],[-83.56,37.75382],[-83.55981,37.75394],[-83.55897,37.75397],[-83.55792,37.75387],[-83.55623,37.75289],[-83.55587,37.75278],[-83.55531,37.75283],[-83.55494,37.75304],[-83.55465,37.75333],[-83.55453,37.75356],[-83.55447,37.75396],[-83.55451,37.75423],[-83.55463,37.75461],[-83.55594,37.75709],[-83.55609,37.75763],[-83.55575,37.75972],[-83.55552,37.76001],[-83.55445,37.7601],[-83.55419,37.76052],[-83.55387,37.76044],[-83.55264,37.76093],[-83.5521,37.76104],[-83.55154,37.7609],[-83.55115,37.76033],[-83.55051,37.76006],[-83.54989,37.75945],[-83.54903,37.7592],[-83.54858,37.75892],[-83.54786,37.75874],[-83.54765,37.75863],[-83.54698,37.75796],[-83.54644,37.75712],[-83.54587,37.75673],[-83.54548,37.75662],[-83.54534,37.75652],[-83.54539,37.7556],[-83.54535,37.75486],[-83.54542,37.75449],[-83.54562,37.75401],[-83.54557,37.75382],[-83.54529,37.75359],[-83.54482,37.75446],[-83.54446,37.75473],[-83.54292,37.75561],[-83.54243,37.75607],[-83.54235,37.75624],[-83.54228,37.75671],[-83.54242,37.75715],[-83.54325,37.75872],[-83.5433,37.75928],[-83.54312,37.75961],[-83.54287,37.75975],[-83.54127,37.75999],[-83.54101,37.76011],[-83.54091,37.76129],[-83.54057,37.76167],[-83.5404,37.76175],[-83.53961,37.7618],[-83.53845,37.76174],[-83.53755,37.7616],[-83.53725,37.76163],[-83.53684,37.76174],[-83.53593,37.76221],[-83.53569,37.76242],[-83.53567,37.76255],[-83.53583,37.76301],[-83.5363,37.76398],[-83.53708,37.76466],[-83.53737,37.76505],[-83.53754,37.76639],[-83.53781,37.76783],[-83.53765,37.76855],[-83.5377,37.76891],[-83.53795,37.7695],[-83.53785,37.77005],[-83.53829,37.77073],[-83.53839,37.77103],[-83.53817,37.77195],[-83.53787,37.77221],[-83.53713,37.77248],[-83.53682,37.77284],[-83.53688,37.77418],[-83.53683,37.77443],[-83.53671,37.7746],[-83.53654,37.77469],[-83.53575,37.77488],[-83.5356,37.77552],[-83.53578,37.77578],[-83.53603,37.77639],[-83.53769,37.77704],[-83.53825,37.77782],[-83.53828,37.77812],[-83.53784,37.77865],[-83.53776,37.77894],[-83.53784,37.77942],[-83.5381,37.77996],[-83.53813,37.78017],[-83.53768,37.78072],[-83.53766,37.78082],[-83.53841,37.78193],[-83.53906,37.78326],[-83.53843,37.78346],[-83.53747,37.7839],[-83.53671,37.78387],[-83.53576,37.78432],[-83.53473,37.78467],[-83.53446,37.78484],[-83.534,37.7852],[-83.53412,37.78623],[-83.53407,37.78646],[-83.53397,37.78662],[-83.53341,37.78698],[-83.53312,37.78705],[-83.53269,37.78695],[-83.53199,37.78652],[-83.53113,37.78612],[-83.53067,37.7858],[-83.53013,37.78522],[-83.52977,37.78499],[-83.52952,37.78552],[-83.52918,37.78582],[-83.5288,37.78599],[-83.52772,37.7863],[-83.52732,37.7865],[-83.52694,37.78693],[-83.52644,37.78779],[-83.52562,37.7883],[-83.52452,37.78857],[-83.52368,37.78865],[-83.5223,37.78862],[-83.52209,37.78871],[-83.52285,37.78937],[-83.5234,37.79006],[-83.52364,37.79051],[-83.5238,37.79064],[-83.52453,37.79088],[-83.52492,37.79128],[-83.52497,37.79155],[-83.5249,37.7921],[-83.52513,37.79291],[-83.52512,37.79334],[-83.52503,37.7935],[-83.52493,37.79413],[-83.52459,37.79466],[-83.52456,37.79497],[-83.52475,37.79512],[-83.52525,37.79517],[-83.52619,37.79511],[-83.52671,37.79535],[-83.52681,37.79551],[-83.5268,37.79651],[-83.52633,37.79702],[-83.52618,37.79742],[-83.52637,37.79826],[-83.52636,37.79847],[-83.5262,37.79861],[-83.52583,37.79877],[-83.5256,37.79962],[-83.52524,37.80025],[-83.52573,37.80108],[-83.52552,37.8013],[-83.52501,37.80157],[-83.52476,37.80189],[-83.52473,37.80205],[-83.52474,37.80226],[-83.52534,37.80318],[-83.52539,37.80346],[-83.52576,37.80354],[-83.52592,37.80377],[-83.52603,37.80432],[-83.52595,37.80467],[-83.52583,37.80483],[-83.52526,37.80482],[-83.52402,37.80423],[-83.52325,37.80351],[-83.52189,37.80335],[-83.52169,37.80325],[-83.5219,37.8031],[-83.52261,37.80295],[-83.52292,37.80282],[-83.52299,37.80264],[-83.52284,37.8023],[-83.52295,37.80201],[-83.52423,37.80063],[-83.52437,37.80039],[-83.52446,37.79984],[-83.52485,37.79948],[-83.5252,37.79839],[-83.52495,37.79772],[-83.52484,37.79768],[-83.52473,37.79787],[-83.52455,37.79791],[-83.52321,37.79862],[-83.52312,37.79863],[-83.52282,37.79847],[-83.52251,37.79823],[-83.52216,37.79784],[-83.52214,37.7977],[-83.52257,37.79709],[-83.52217,37.79687],[-83.52161,37.79723],[-83.52114,37.79717],[-83.5204,37.79673],[-83.52016,37.79652],[-83.51984,37.79605],[-83.51934,37.79573],[-83.51911,37.79536],[-83.51897,37.79498],[-83.51901,37.79482],[-83.51954,37.79422],[-83.51948,37.79418],[-83.51899,37.79436],[-83.51818,37.79497],[-83.5178,37.79515],[-83.51855,37.79598],[-83.51912,37.79643],[-83.51989,37.7972],[-83.521,37.79789],[-83.5221,37.79848],[-83.52357,37.79945],[-83.52369,37.79961],[-83.52372,37.79979],[-83.52366,37.80004],[-83.52332,37.80058],[-83.52236,37.80158],[-83.52104,37.80329],[-83.52065,37.80355],[-83.52051,37.80383],[-83.52057,37.8041],[-83.52066,37.80417],[-83.52104,37.80419],[-83.52165,37.80405],[-83.52218,37.80406],[-83.52249,37.80417],[-83.52341,37.80496],[-83.52325,37.8055],[-83.5234,37.80618],[-83.52331,37.80674],[-83.52299,37.80768],[-83.52235,37.80886],[-83.52222,37.80936],[-83.52226,37.80956],[-83.52235,37.80964],[-83.52417,37.81019],[-83.52467,37.81021],[-83.5252,37.8101],[-83.52652,37.80923],[-83.52779,37.80852],[-83.52911,37.80768],[-83.52942,37.80737],[-83.52973,37.80652],[-83.52995,37.80612],[-83.53104,37.80555],[-83.53134,37.80521],[-83.5325,37.80529],[-83.53303,37.80557],[-83.53284,37.806],[-83.53239,37.80665],[-83.53209,37.80742],[-83.53155,37.8079],[-83.53084,37.80828],[-83.53054,37.80856],[-83.53021,37.80876],[-83.52997,37.80899],[-83.5297,37.8094],[-83.52952,37.80998],[-83.5291,37.81091],[-83.52927,37.81135],[-83.5293,37.81189],[-83.52918,37.81228],[-83.52896,37.81266],[-83.52906,37.81302],[-83.52926,37.81256],[-83.53007,37.81189],[-83.53159,37.81224],[-83.53109,37.81271],[-83.531,37.81299],[-83.53194,37.81496],[-83.5321,37.81517],[-83.53277,37.81541],[-83.53315,37.81568],[-83.53395,37.81673],[-83.5344,37.81702],[-83.53433,37.81758],[-83.53362,37.81847],[-83.53431,37.81816],[-83.53465,37.81814],[-83.53416,37.81854],[-83.53356,37.82068],[-83.53345,37.82156],[-83.53416,37.82134],[-83.53452,37.82189],[-83.53442,37.82224],[-83.53406,37.82273],[-83.53382,37.82293],[-83.53322,37.82314],[-83.53253,37.82588],[-83.53225,37.82646],[-83.53171,37.82428],[-83.53157,37.82427],[-83.53071,37.82588],[-83.53166,37.8279],[-83.52993,37.82788],[-83.52901,37.8303],[-83.52974,37.83153],[-83.53117,37.82993],[-83.53392,37.83117],[-83.53332,37.82924],[-83.53364,37.8294],[-83.53375,37.82988],[-83.53391,37.83025],[-83.53431,37.83093],[-83.53466,37.83059],[-83.53514,37.8303],[-83.53573,37.83006],[-83.53662,37.8299],[-83.53804,37.82991],[-83.53858,37.82977],[-83.53945,37.82974],[-83.54046,37.82997],[-83.54151,37.82956],[-83.54075,37.82844],[-83.54182,37.82952],[-83.54194,37.8278],[-83.54074,37.82677],[-83.54061,37.82652],[-83.54066,37.82638],[-83.54095,37.82636],[-83.54178,37.82657],[-83.54185,37.82653],[-83.54187,37.82639],[-83.54155,37.82597],[-83.54156,37.82585],[-83.54166,37.82578],[-83.542,37.82575],[-83.54277,37.82617],[-83.54284,37.82607],[-83.54281,37.82569],[-83.54313,37.82552],[-83.54396,37.82657],[-83.54572,37.82568],[-83.54603,37.82756],[-83.54715,37.82738],[-83.54731,37.82562],[-83.54842,37.82435],[-83.54802,37.82627],[-83.54927,37.82825],[-83.54965,37.83047],[-83.54705,37.83197],[-83.54842,37.83232],[-83.5499,37.83366],[-83.54947,37.83437],[-83.54808,37.83722],[-83.54602,37.83735],[-83.54612,37.8382],[-83.54507,37.83939],[-83.54769,37.83823],[-83.54753,37.84014],[-83.54796,37.84235],[-83.54769,37.84571],[-83.54741,37.84783],[-83.54721,37.84769],[-83.54704,37.84768],[-83.5465,37.84806],[-83.54599,37.84861],[-83.54344,37.8495],[-83.54299,37.84981],[-83.5422,37.85094],[-83.54119,37.85159],[-83.54143,37.85196],[-83.54155,37.85251],[-83.54153,37.85414],[-83.54186,37.85465],[-83.54225,37.85562],[-83.54271,37.85574],[-83.54294,37.85569],[-83.54413,37.85493],[-83.54449,37.85477],[-83.54461,37.85482],[-83.5447,37.85501],[-83.54464,37.85552],[-83.54469,37.85586],[-83.54481,37.85613],[-83.5451,37.85628],[-83.54591,37.856],[-83.54681,37.85505],[-83.54703,37.85495],[-83.54727,37.85493],[-83.54884,37.8554],[-83.54978,37.85529],[-83.55138,37.85534],[-83.55178,37.85565],[-83.55219,37.85581],[-83.55229,37.8558],[-83.55269,37.85544],[-83.55312,37.85527],[-83.55363,37.85496],[-83.55407,37.85492],[-83.55597,37.85564],[-83.55649,37.85576],[-83.55704,37.85578],[-83.55735,37.85566],[-83.55783,37.85529],[-83.55792,37.85491],[-83.55793,37.85445],[-83.55778,37.85383],[-83.55818,37.85312],[-83.55847,37.8529],[-83.55942,37.8529],[-83.56003,37.85267],[-83.56026,37.85271],[-83.56091,37.85303],[-83.56107,37.85304],[-83.56133,37.85275],[-83.5638,37.852],[-83.56424,37.85181],[-83.56578,37.85142],[-83.56746,37.85279],[-83.56886,37.85252],[-83.56932,37.8527],[-83.56953,37.85296],[-83.56947,37.85327],[-83.56907,37.85415],[-83.56853,37.85464],[-83.56799,37.85536],[-83.56783,37.85542],[-83.56718,37.8553],[-83.56689,37.8554],[-83.56661,37.85561],[-83.56653,37.85574],[-83.56611,37.85751],[-83.56535,37.85867],[-83.56538,37.85891],[-83.56518,37.85948],[-83.56524,37.86137],[-83.56534,37.86172],[-83.56559,37.86193],[-83.56612,37.8622],[-83.567,37.8624],[-83.56727,37.86264],[-83.56648,37.86304],[-83.56597,37.86342],[-83.5656,37.86325],[-83.56509,37.86347],[-83.56386,37.8637],[-83.56246,37.86311],[-83.56222,37.86273],[-83.56174,37.86246],[-83.56156,37.86211],[-83.56154,37.86159],[-83.56133,37.86094],[-83.56171,37.86012],[-83.56143,37.85975],[-83.56138,37.85933],[-83.56172,37.85862],[-83.5616,37.85862],[-83.5611,37.85865],[-83.56057,37.85882],[-83.56053,37.85925],[-83.55989,37.85983],[-83.5592,37.85982],[-83.55917,37.85993],[-83.55945,37.86017],[-83.55959,37.86042],[-83.55957,37.86073],[-83.55945,37.86103],[-83.55977,37.86175],[-83.5597,37.86224],[-83.55945,37.86255],[-83.55902,37.8627],[-83.55899,37.86292],[-83.55918,37.86312],[-83.55917,37.86325],[-83.55908,37.86349],[-83.55875,37.86367],[-83.55764,37.86331],[-83.55734,37.86277],[-83.55466,37.86229],[-83.55246,37.86094],[-83.55118,37.86233],[-83.55033,37.86198],[-83.55093,37.86078],[-83.54842,37.85972],[-83.54803,37.86188],[-83.54712,37.86224],[-83.54708,37.86363],[-83.54347,37.86442],[-83.5454,37.86861],[-83.54618,37.87016],[-83.54621,37.86739],[-83.54738,37.86726],[-83.54758,37.86668],[-83.54978,37.86535],[-83.55197,37.86713],[-83.55216,37.86479],[-83.5534,37.86459],[-83.55452,37.86557],[-83.55472,37.87054],[-83.55596,37.87115],[-83.55693,37.86999],[-83.55736,37.86869],[-83.55707,37.8682],[-83.55728,37.86728],[-83.55724,37.86663],[-83.55716,37.86638],[-83.5565,37.86518],[-83.55663,37.86506],[-83.55881,37.86666],[-83.55937,37.86631],[-83.55958,37.86585],[-83.5598,37.86564],[-83.56014,37.8655],[-83.56068,37.86546],[-83.56076,37.86555],[-83.56061,37.86858],[-83.5619,37.86917],[-83.56321,37.86863],[-83.56407,37.86749],[-83.56407,37.86707],[-83.56423,37.86676],[-83.56457,37.86646],[-83.56495,37.86635],[-83.56512,37.86636],[-83.56542,37.86606],[-83.56576,37.86725],[-83.56631,37.86763],[-83.56671,37.8677],[-83.56722,37.867],[-83.56749,37.86597],[-83.56906,37.8676],[-83.56881,37.86798],[-83.56905,37.86805],[-83.56916,37.8682],[-83.56913,37.86842],[-83.569,37.86868],[-83.56824,37.86929],[-83.56782,37.87079],[-83.56753,37.87242],[-83.56682,37.87285],[-83.56684,37.87397],[-83.56518,37.87457],[-83.56548,37.87509],[-83.56591,37.87532],[-83.56722,37.87572],[-83.56734,37.87581],[-83.56716,37.8762],[-83.56594,37.87731],[-83.56653,37.87778],[-83.567,37.87849],[-83.567,37.87861],[-83.56662,37.87942],[-83.56618,37.87993],[-83.56482,37.88023],[-83.56462,37.88035],[-83.56473,37.88057],[-83.56459,37.88079],[-83.56461,37.88088],[-83.56502,37.88125],[-83.5654,37.88173],[-83.5652,37.882],[-83.56484,37.88218],[-83.56404,37.88235],[-83.56332,37.88284],[-83.56248,37.88322],[-83.56178,37.88341],[-83.56156,37.88363],[-83.56157,37.88424],[-83.56168,37.88441],[-83.56236,37.88449],[-83.56287,37.88441],[-83.5636,37.8844],[-83.56393,37.88449],[-83.56458,37.88447],[-83.56491,37.88459],[-83.5651,37.885],[-83.56472,37.88543],[-83.56492,37.886],[-83.56456,37.88653],[-83.56461,37.88731],[-83.5642,37.88767],[-83.56375,37.88782],[-83.56352,37.88801],[-83.56352,37.88839],[-83.56336,37.88887],[-83.56314,37.8892],[-83.56303,37.8893],[-83.56269,37.88942],[-83.56219,37.88948],[-83.56179,37.88963],[-83.56115,37.89004],[-83.56105,37.89019],[-83.56103,37.89045],[-83.56113,37.8906],[-83.56183,37.89082],[-83.56227,37.89108],[-83.56225,37.89168],[-83.56207,37.89196],[-83.56184,37.89264],[-83.56159,37.8928],[-83.56153,37.89296],[-83.56158,37.89317],[-83.56147,37.8934],[-83.56084,37.89404],[-83.56028,37.89448],[-83.55935,37.89508],[-83.55911,37.89542],[-83.55638,37.89649],[-83.55579,37.89689],[-83.55493,37.89717],[-83.55377,37.89703],[-83.55338,37.89727],[-83.55271,37.89739],[-83.5517,37.89726],[-83.55133,37.89731],[-83.55117,37.89746],[-83.55162,37.89768],[-83.55174,37.89783],[-83.55177,37.89804],[-83.55159,37.89892],[-83.55155,37.89945],[-83.55295,37.90125],[-83.55324,37.90203],[-83.55315,37.90286],[-83.55256,37.90574],[-83.55211,37.90703],[-83.55188,37.9075],[-83.54907,37.91185],[-83.54875,37.91253],[-83.54838,37.91376],[-83.5483,37.91387],[-83.54768,37.9136],[-83.54713,37.91352],[-83.54351,37.91349],[-83.54309,37.91355],[-83.54233,37.91394],[-83.54028,37.91518],[-83.53833,37.91573],[-83.53765,37.91581],[-83.5371,37.9157],[-83.53663,37.91547],[-83.53296,37.91409],[-83.53249,37.914],[-83.53138,37.91399],[-83.53072,37.91391],[-83.52735,37.91294],[-83.52371,37.91285],[-83.52242,37.91316],[-83.52164,37.91343],[-83.52131,37.91361],[-83.52015,37.91464],[-83.51928,37.91531],[-83.51897,37.91541],[-83.51803,37.91544],[-83.51772,37.91552],[-83.51759,37.91559],[-83.51722,37.91601],[-83.51611,37.91647],[-83.51561,37.91659],[-83.51397,37.9165],[-83.51345,37.9163],[-83.51252,37.9155],[-83.51215,37.91459],[-83.51198,37.91445],[-83.51175,37.91439],[-83.51103,37.91453],[-83.50937,37.91508],[-83.50865,37.91546],[-83.50758,37.91647],[-83.50726,37.91661],[-83.50701,37.91664],[-83.50574,37.91653],[-83.50532,37.91642],[-83.505,37.91621],[-83.50443,37.91535],[-83.50395,37.91557],[-83.50321,37.91613],[-83.50191,37.9173],[-83.50159,37.91749],[-83.50022,37.91807],[-83.49969,37.91822],[-83.49961,37.91843],[-83.49999,37.9192],[-83.50003,37.91945],[-83.49995,37.9197],[-83.49924,37.92039],[-83.49833,37.92106],[-83.49765,37.92215],[-83.49716,37.92261],[-83.49667,37.92283],[-83.49535,37.92261],[-83.49493,37.92268],[-83.49471,37.92281],[-83.49385,37.92363],[-83.49349,37.92388],[-83.49226,37.92427],[-83.49216,37.92457],[-83.49214,37.92513],[-83.49203,37.92532],[-83.49076,37.92583],[-83.4891,37.92597],[-83.48886,37.92627],[-83.4888,37.92651],[-83.48914,37.9271],[-83.48927,37.92751],[-83.48914,37.92797],[-83.48871,37.92867],[-83.4877,37.92958],[-83.48699,37.93053],[-83.4866,37.93072],[-83.48378,37.93134],[-83.48271,37.93175],[-83.4817,37.9318],[-83.48044,37.93224],[-83.47971,37.93266],[-83.47952,37.93283],[-83.47946,37.93292],[-83.47949,37.93317],[-83.48062,37.93522],[-83.4807,37.93574],[-83.48058,37.93624],[-83.48031,37.93666],[-83.47902,37.93776],[-83.4784,37.93871],[-83.47744,37.93948],[-83.47732,37.93966],[-83.47708,37.94046],[-83.47851,37.94123],[-83.47866,37.94139],[-83.47883,37.94173],[-83.47883,37.94225],[-83.47848,37.94271],[-83.47806,37.94291],[-83.47656,37.94312],[-83.47562,37.94342],[-83.47526,37.94376],[-83.47497,37.94431],[-83.47403,37.94476],[-83.47274,37.9459],[-83.47259,37.94611],[-83.47255,37.94633],[-83.47308,37.9475],[-83.47306,37.94769],[-83.47296,37.94781],[-83.47251,37.94791],[-83.47106,37.94775],[-83.46982,37.94791],[-83.4696,37.94781],[-83.46889,37.94714],[-83.46853,37.94703],[-83.46825,37.94715],[-83.46797,37.94779],[-83.46703,37.94809],[-83.46605,37.94865],[-83.46518,37.94892],[-83.46412,37.94948],[-83.4622,37.94931],[-83.46166,37.94939],[-83.46105,37.94962],[-83.46089,37.94977],[-83.46083,37.94993],[-83.46092,37.9514],[-83.46056,37.95382],[-83.46049,37.95486],[-83.45985,37.95486],[-83.45922,37.95477],[-83.45865,37.95459],[-83.45744,37.95407],[-83.45703,37.95407],[-83.45562,37.95444],[-83.45519,37.9544],[-83.45475,37.95417],[-83.45395,37.95352],[-83.45364,37.9534],[-83.4525,37.95351],[-83.45093,37.95429],[-83.44855,37.95516],[-83.44814,37.95513],[-83.44734,37.95423],[-83.44726,37.95416],[-83.44706,37.95414],[-83.44686,37.9543],[-83.44679,37.9546],[-83.44679,37.95502],[-83.44692,37.95571],[-83.44679,37.95611],[-83.44656,37.95627],[-83.44526,37.9567],[-83.4436,37.95768],[-83.44245,37.95807],[-83.43993,37.95812],[-83.43867,37.95827],[-83.43611,37.95871],[-83.43586,37.95883],[-83.43535,37.95948],[-83.43366,37.96006],[-83.43255,37.96059],[-83.43156,37.96083],[-83.43038,37.96193],[-83.42943,37.96362],[-83.42845,37.96436],[-83.42825,37.96518],[-83.42805,37.96545],[-83.42722,37.96626],[-83.42727,37.96668],[-83.42779,37.96755],[-83.42789,37.9682],[-83.42754,37.97],[-83.42733,37.9702],[-83.42673,37.97048],[-83.42656,37.97065],[-83.42668,37.97188],[-83.42665,37.97213],[-83.42655,37.97226],[-83.42631,37.97233],[-83.42604,37.97231],[-83.425,37.97186],[-83.42473,37.97181],[-83.42441,37.97184],[-83.4242,37.97203],[-83.42329,37.97343],[-83.42297,37.97373],[-83.42265,37.97393],[-83.42097,37.97469],[-83.42051,37.97479],[-83.41887,37.97436],[-83.41734,37.97448],[-83.41711,37.97433],[-83.41679,37.97379],[-83.41667,37.9737],[-83.41558,37.9735],[-83.41522,37.97337],[-83.41475,37.97289],[-83.41443,37.97268],[-83.4131,37.97262],[-83.41234,37.9728],[-83.4119,37.97272],[-83.41148,37.97252],[-83.4087,37.97074],[-83.40816,37.97051],[-83.40771,37.97042],[-83.40544,37.97034],[-83.40475,37.97022],[-83.40575,37.96869],[-83.40604,37.96866],[-83.40658,37.969],[-83.40705,37.96903],[-83.40609,37.96654],[-83.40677,37.96637],[-83.40729,37.96658],[-83.40764,37.96651],[-83.40797,37.96665],[-83.40829,37.96663],[-83.40868,37.9661],[-83.40847,37.96575],[-83.40852,37.96532],[-83.40796,37.96514],[-83.40768,37.96439],[-83.40717,37.96426],[-83.40658,37.96452],[-83.40603,37.96432],[-83.40505,37.9647],[-83.40496,37.9637],[-83.40593,37.9632],[-83.40679,37.96345],[-83.4075,37.96333],[-83.40852,37.9637],[-83.40895,37.96332],[-83.40982,37.96369],[-83.41002,37.96393],[-83.41149,37.96487],[-83.41184,37.96482],[-83.41218,37.9654],[-83.41321,37.96569],[-83.41376,37.96616],[-83.41377,37.96639],[-83.41557,37.9671],[-83.41665,37.96809],[-83.41699,37.96779],[-83.41834,37.96805],[-83.41874,37.96837],[-83.41915,37.96848],[-83.41963,37.96844],[-83.41989,37.96833],[-83.42038,37.9686],[-83.42168,37.96896],[-83.42185,37.96851],[-83.42223,37.96867],[-83.42239,37.96838],[-83.42352,37.96853],[-83.42361,37.96771],[-83.4233,37.96736],[-83.42221,37.96715],[-83.42102,37.96723],[-83.41925,37.96663],[-83.41865,37.96658],[-83.41835,37.96629],[-83.41804,37.96627],[-83.41758,37.966],[-83.4173,37.96618],[-83.41538,37.96453],[-83.4137,37.96391],[-83.41332,37.96324],[-83.41238,37.96297],[-83.4117,37.96219],[-83.41217,37.96177],[-83.41301,37.96196],[-83.41315,37.96158],[-83.41335,37.96129],[-83.4141,37.96107],[-83.41446,37.96055],[-83.41487,37.9604],[-83.41643,37.96105],[-83.41687,37.96089],[-83.41697,37.9605],[-83.41739,37.96046],[-83.41907,37.95956],[-83.42015,37.95948],[-83.42025,37.95902],[-83.41906,37.95899],[-83.4185,37.95871],[-83.41771,37.95896],[-83.41607,37.95909],[-83.41537,37.9588],[-83.41522,37.95855],[-83.41448,37.95852],[-83.41396,37.95842],[-83.41418,37.95765],[-83.41394,37.95729],[-83.41337,37.95725],[-83.41263,37.9576],[-83.41217,37.95751],[-83.41232,37.95701],[-83.41231,37.95677],[-83.41093,37.95634],[-83.41058,37.95635],[-83.4105,37.95609],[-83.41083,37.95556],[-83.41116,37.95537],[-83.41165,37.95552],[-83.41252,37.95565],[-83.41321,37.95567],[-83.41371,37.95549],[-83.41414,37.95501],[-83.41456,37.9549],[-83.41507,37.95487],[-83.41538,37.95467],[-83.41582,37.95419],[-83.41646,37.95378],[-83.4186,37.95362],[-83.41887,37.95342],[-83.41861,37.95319],[-83.41788,37.95336],[-83.41739,37.9533],[-83.41678,37.95312],[-83.41508,37.95384],[-83.41439,37.95368],[-83.41361,37.95397],[-83.41312,37.95447],[-83.41241,37.95422],[-83.41215,37.95373],[-83.41304,37.95225],[-83.41297,37.95117],[-83.41226,37.95054],[-83.41412,37.9498],[-83.41428,37.94931],[-83.41514,37.94875],[-83.41521,37.94816],[-83.4151,37.94755],[-83.41521,37.94724],[-83.41515,37.94654],[-83.41419,37.94629],[-83.41421,37.94605],[-83.41451,37.9458],[-83.41452,37.94512],[-83.41436,37.94489],[-83.41435,37.94413],[-83.41484,37.94367],[-83.41543,37.94366],[-83.41583,37.94326],[-83.41589,37.94276],[-83.41562,37.9422],[-83.41485,37.94167],[-83.41499,37.94127],[-83.4146,37.94063],[-83.41466,37.94047],[-83.41517,37.94049],[-83.4161,37.94067],[-83.41631,37.94065],[-83.41646,37.94079],[-83.41667,37.94083],[-83.41699,37.94078],[-83.42138,37.94209],[-83.42286,37.94278],[-83.42378,37.94253],[-83.42614,37.94236],[-83.4265,37.94239],[-83.42717,37.94276],[-83.42804,37.94374],[-83.42825,37.94385],[-83.42847,37.94205],[-83.42926,37.94192],[-83.42995,37.94165],[-83.43116,37.94157],[-83.43201,37.94139],[-83.43212,37.94101],[-83.43215,37.94062],[-83.43182,37.94054],[-83.43115,37.94089],[-83.43054,37.94101],[-83.42891,37.94107],[-83.42809,37.94128],[-83.42769,37.94125],[-83.42593,37.94087],[-83.42444,37.9407],[-83.42356,37.94043],[-83.42282,37.94008],[-83.42194,37.93952],[-83.42124,37.93926],[-83.4192,37.93886],[-83.41675,37.93866],[-83.41647,37.93853],[-83.41631,37.93819],[-83.41573,37.93824],[-83.41535,37.93816],[-83.41501,37.9379],[-83.41564,37.93709],[-83.41465,37.93684],[-83.41461,37.93614],[-83.41297,37.93626],[-83.41129,37.93796],[-83.41054,37.93843],[-83.41004,37.9383],[-83.40972,37.93888],[-83.40935,37.93877],[-83.40854,37.93906],[-83.40853,37.93955],[-83.40928,37.94035],[-83.40971,37.94046],[-83.41026,37.94034],[-83.41062,37.94073],[-83.41146,37.941],[-83.41169,37.94162],[-83.41146,37.94202],[-83.41157,37.94303],[-83.4112,37.94347],[-83.4111,37.94521],[-83.40986,37.94508],[-83.40875,37.94562],[-83.40834,37.94607],[-83.40794,37.94748],[-83.40701,37.94776],[-83.40609,37.94731],[-83.40531,37.94752],[-83.40506,37.94734],[-83.4047,37.94758],[-83.40888,37.95205],[-83.40798,37.9529],[-83.40778,37.95364],[-83.40707,37.95438],[-83.40811,37.95527],[-83.4079,37.95575],[-83.40812,37.95609],[-83.40797,37.95684],[-83.40837,37.95751],[-83.40885,37.95805],[-83.40712,37.95958],[-83.40682,37.9596],[-83.40642,37.95996],[-83.40622,37.96075],[-83.40571,37.9612],[-83.40465,37.96133],[-83.40389,37.96076],[-83.40207,37.96047],[-83.40149,37.96067],[-83.40159,37.96116],[-83.40136,37.96152],[-83.40164,37.96169],[-83.40236,37.96171],[-83.40254,37.962],[-83.40191,37.96297],[-83.40197,37.96399],[-83.39977,37.9647],[-83.39968,37.96478],[-83.39943,37.96541],[-83.39951,37.96604],[-83.40006,37.96738],[-83.40038,37.96931],[-83.4004,37.96998],[-83.40009,37.97067],[-83.40003,37.97137],[-83.39655,37.9718],[-83.39589,37.97093],[-83.39469,37.97179],[-83.39384,37.97112],[-83.39312,37.97135],[-83.3925,37.97107],[-83.39209,37.97124],[-83.3919,37.97082],[-83.39089,37.97091],[-83.39063,37.97067],[-83.39101,37.96915],[-83.39076,37.96873],[-83.39131,37.96736],[-83.39107,37.96661],[-83.3906,37.96636],[-83.38994,37.96656],[-83.38831,37.97006],[-83.38805,37.97013],[-83.38787,37.96984],[-83.38736,37.9699],[-83.38688,37.97059],[-83.38642,37.97033],[-83.38546,37.97043],[-83.38538,37.9698],[-83.3856,37.96935],[-83.38532,37.96887],[-83.38435,37.96847],[-83.38429,37.96816],[-83.38381,37.96785],[-83.38361,37.96724],[-83.38288,37.96713],[-83.38248,37.96636],[-83.3823,37.96627],[-83.38222,37.9663],[-83.38207,37.9666],[-83.38223,37.96874],[-83.38288,37.96964],[-83.38233,37.97027],[-83.38203,37.97004],[-83.38025,37.97025],[-83.37967,37.96996],[-83.37905,37.96993],[-83.37792,37.96928],[-83.37734,37.96936],[-83.37727,37.96973],[-83.37733,37.97078],[-83.37834,37.9714],[-83.37771,37.97151],[-83.37747,37.97136],[-83.37677,37.97173],[-83.37649,37.97171],[-83.37633,37.97196],[-83.37576,37.97176],[-83.37518,37.97195],[-83.37623,37.97024],[-83.37491,37.97042],[-83.37334,37.97044],[-83.37287,37.96916],[-83.3717,37.969],[-83.37148,37.96789],[-83.37122,37.96737],[-83.37167,37.96709],[-83.37142,37.96647],[-83.37095,37.96656],[-83.37076,37.9658],[-83.37171,37.96535],[-83.37101,37.9647],[-83.37208,37.95944],[-83.3721,37.95939],[-83.37274,37.95938],[-83.37292,37.95828],[-83.37363,37.95793],[-83.37346,37.95724],[-83.3741,37.95705],[-83.37392,37.95636],[-83.37459,37.95589],[-83.37453,37.95587],[-83.37461,37.95582],[-83.3746,37.95417],[-83.37454,37.95417],[-83.37419,37.95479],[-83.37301,37.95521],[-83.37176,37.95453],[-83.36887,37.95105],[-83.36684,37.95016],[-83.36274,37.95048],[-83.35657,37.95263],[-83.35377,37.94969],[-83.35043,37.94977],[-83.3501,37.95071],[-83.3497,37.9514],[-83.34929,37.95173],[-83.34865,37.95197],[-83.34515,37.9523],[-83.34442,37.95227],[-83.3429,37.95191],[-83.34266,37.95194],[-83.34202,37.95218],[-83.34187,37.95198],[-83.34569,37.94948],[-83.34722,37.9491],[-83.34915,37.94779],[-83.35934,37.94558],[-83.36134,37.94399],[-83.36226,37.9401],[-83.36276,37.94002],[-83.36238,37.93879],[-83.36315,37.93841],[-83.36267,37.93696],[-83.36297,37.93677],[-83.36364,37.93692],[-83.36451,37.93621],[-83.36653,37.93587],[-83.36666,37.93643],[-83.36729,37.93632],[-83.36733,37.93662],[-83.3678,37.93667],[-83.36787,37.93707],[-83.36994,37.93692],[-83.36997,37.935],[-83.37167,37.93485],[-83.37208,37.93338],[-83.37078,37.93109],[-83.36954,37.93166],[-83.36779,37.93071],[-83.36585,37.93067],[-83.36487,37.92777],[-83.36171,37.92528],[-83.36128,37.92428],[-83.36077,37.92467],[-83.35894,37.9232],[-83.35939,37.9228],[-83.35889,37.92267],[-83.3584,37.92215],[-83.35709,37.92291],[-83.35795,37.92421],[-83.3622,37.9276],[-83.36256,37.92918],[-83.36409,37.9321],[-83.36652,37.93336],[-83.36197,37.93529],[-83.36103,37.93622],[-83.3604,37.93741],[-83.35997,37.93879],[-83.35823,37.93771],[-83.35749,37.93708],[-83.35339,37.93501],[-83.34561,37.93257],[-83.34542,37.92845],[-83.34414,37.92758],[-83.34428,37.92648],[-83.34537,37.92431],[-83.34448,37.92442],[-83.34467,37.92374],[-83.3446,37.92372],[-83.34395,37.92433],[-83.34341,37.92518],[-83.34325,37.92573],[-83.34294,37.92575],[-83.34294,37.92609],[-83.34248,37.92611],[-83.34158,37.92703],[-83.34038,37.92774],[-83.34051,37.92977],[-83.34133,37.92949],[-83.34234,37.93326],[-83.34853,37.93643],[-83.34934,37.93623],[-83.35419,37.93825],[-83.35503,37.93906],[-83.35605,37.9392],[-83.35944,37.94108],[-83.35952,37.94281],[-83.3589,37.94343],[-83.35711,37.94427],[-83.35472,37.94357],[-83.35339,37.94427],[-83.35243,37.94394],[-83.34795,37.94564],[-83.34587,37.94657],[-83.34562,37.94578],[-83.34499,37.94573],[-83.34405,37.94681],[-83.34135,37.94894],[-83.33854,37.94907],[-83.33787,37.95],[-83.337,37.95005],[-83.33562,37.95227],[-83.33801,37.95534],[-83.34201,37.9569],[-83.34529,37.95677],[-83.34822,37.95687],[-83.35083,37.95598],[-83.35095,37.95574],[-83.35251,37.95532],[-83.35278,37.95654],[-83.35209,37.95675],[-83.352,37.95704],[-83.35253,37.95739],[-83.35142,37.95982],[-83.35189,37.9607],[-83.3514,37.96137],[-83.35104,37.96129],[-83.35088,37.96143],[-83.35106,37.96171],[-83.3496,37.96346],[-83.34949,37.96406],[-83.35119,37.96353],[-83.35131,37.96323],[-83.35392,37.9613],[-83.35354,37.96222],[-83.35463,37.96256],[-83.35524,37.96161],[-83.35595,37.96201],[-83.35674,37.96234],[-83.35654,37.96291],[-83.357,37.96299],[-83.35951,37.9624],[-83.36158,37.96078],[-83.36259,37.96274],[-83.36342,37.96239],[-83.36299,37.96117],[-83.36473,37.96087],[-83.36333,37.95778],[-83.36365,37.95365],[-83.36434,37.95293],[-83.3659,37.95271],[-83.36658,37.95367],[-83.36606,37.95451],[-83.36744,37.95565],[-83.36785,37.95533],[-83.36823,37.95556],[-83.36872,37.95516],[-83.36881,37.95523],[-83.36864,37.95613],[-83.36919,37.95634],[-83.3694,37.95598],[-83.36964,37.95613],[-83.37088,37.95656],[-83.37083,37.95685],[-83.3711,37.95707],[-83.36918,37.95871],[-83.36957,37.95915],[-83.36906,37.95995],[-83.36879,37.96119],[-83.36859,37.96272],[-83.36826,37.96331],[-83.36852,37.96567],[-83.36909,37.96736],[-83.36874,37.96801],[-83.36712,37.96803],[-83.36697,37.96955],[-83.36556,37.97123],[-83.35975,37.97188],[-83.35861,37.97258],[-83.35913,37.97376],[-83.35632,37.97387],[-83.35685,37.97487],[-83.35587,37.97556],[-83.35589,37.97595],[-83.35648,37.97628],[-83.35659,37.97718],[-83.35623,37.97753],[-83.35515,37.97721],[-83.35465,37.97759],[-83.35416,37.97773],[-83.35366,37.97761],[-83.35299,37.97817],[-83.35173,37.97829],[-83.35156,37.97913],[-83.35192,37.97954],[-83.35693,37.9807],[-83.35808,37.98277],[-83.35843,37.98288],[-83.35911,37.98329],[-83.36006,37.98248],[-83.36123,37.98255],[-83.36133,37.98193],[-83.35987,37.9818],[-83.35907,37.98073],[-83.36005,37.97973],[-83.3607,37.97896],[-83.36025,37.97858],[-83.36049,37.97826],[-83.36001,37.97789],[-83.3605,37.97732],[-83.36091,37.97759],[-83.36108,37.97753],[-83.36178,37.9783],[-83.36351,37.97823],[-83.36392,37.97814],[-83.36388,37.97748],[-83.36488,37.97712],[-83.36521,37.97671],[-83.36541,37.97594],[-83.36592,37.97578],[-83.36656,37.97504],[-83.36709,37.97495],[-83.36788,37.97407],[-83.36791,37.97353],[-83.36781,37.97299],[-83.37002,37.97103],[-83.37114,37.97301],[-83.37036,37.97447],[-83.37117,37.97681],[-83.37056,37.97735],[-83.37078,37.98115],[-83.37228,37.98117],[-83.37217,37.98195],[-83.37302,37.98252],[-83.3732,37.98358],[-83.37409,37.98416],[-83.37432,37.98479],[-83.37478,37.98497],[-83.37587,37.98519],[-83.37526,37.98592],[-83.37491,37.98613],[-83.37429,37.98667],[-83.37051,37.98897],[-83.37066,37.98981],[-83.37089,37.99063],[-83.37108,37.99186],[-83.3711,37.99249],[-83.37101,37.9927],[-83.37003,37.99357],[-83.36983,37.99369],[-83.36896,37.99397],[-83.36835,37.99432],[-83.3666,37.99459],[-83.36644,37.99471],[-83.36616,37.99526],[-83.36596,37.99543],[-83.36536,37.99565],[-83.36397,37.99668],[-83.36352,37.99675],[-83.3633,37.99672],[-83.36291,37.99622],[-83.36278,37.99595],[-83.36252,37.99567],[-83.36202,37.99564],[-83.3615,37.99578],[-83.36131,37.99603],[-83.36095,37.99709],[-83.3602,37.99854],[-83.35998,37.99866],[-83.35876,37.99867],[-83.35847,37.99882],[-83.35782,37.99947],[-83.35729,37.99986],[-83.3569,38.0],[-83.35655,37.99983],[-83.3561,37.99911],[-83.35579,37.99896],[-83.35348,37.9988],[-83.35284,37.9987],[-83.35112,37.9979],[-83.35041,37.99733],[-83.34958,37.99718],[-83.34875,37.99713],[-83.34683,37.99742],[-83.34592,37.99763],[-83.34456,37.99806],[-83.34334,37.99854],[-83.34302,37.99922],[-83.34253,37.99959],[-83.34182,38.00042],[-83.3415,38.00068],[-83.34122,38.00081],[-83.34106,38.00103],[-83.34111,38.00126],[-83.34152,38.00169],[-83.34159,38.0022],[-83.34178,38.00278],[-83.3418,38.00347],[-83.34163,38.00395],[-83.34118,38.00424],[-83.34095,38.00452],[-83.34081,38.00524],[-83.34047,38.00587],[-83.34048,38.00622],[-83.34082,38.00658],[-83.3409,38.00684],[-83.34075,38.00694],[-83.33972,38.00724],[-83.33783,38.00857],[-83.3377,38.00876],[-83.33797,38.00971],[-83.33811,38.01079],[-83.33882,38.01126],[-83.33889,38.01162],[-83.3388,38.012],[-83.33793,38.01321],[-83.33775,38.01327],[-83.33726,38.01434],[-83.33722,38.0148],[-83.33735,38.01505],[-83.33817,38.01547],[-83.33849,38.01575],[-83.33864,38.01637],[-83.33855,38.01675],[-83.33756,38.01852],[-83.3375,38.01897],[-83.33736,38.01924],[-83.337,38.01952],[-83.33593,38.01993],[-83.33572,38.01993],[-83.33445,38.02073],[-83.3333,38.02165],[-83.33336,38.02173],[-83.33335,38.0219],[-83.33319,38.02271],[-83.3326,38.02394],[-83.33196,38.02416],[-83.33096,38.02489],[-83.32851,38.02555],[-83.32599,38.02689],[-83.32452,38.0273],[-83.32363,38.02768],[-83.32269,38.02829],[-83.32057,38.03095],[-83.31997,38.03156],[-83.31893,38.03222],[-83.31697,38.03289],[-83.31572,38.03361],[-83.31568,38.03367],[-83.31581,38.03402],[-83.3157,38.03474],[-83.31513,38.03578],[-83.31488,38.0365],[-83.31491,38.0368],[-83.31514,38.03705],[-83.31517,38.03726],[-83.31507,38.03858],[-83.31515,38.03921],[-83.31512,38.03943],[-83.31478,38.03978],[-83.31405,38.0402],[-83.3131,38.04109],[-83.31291,38.0412],[-83.31246,38.0413],[-83.31176,38.04105],[-83.31149,38.04107],[-83.31114,38.04116],[-83.31061,38.04156],[-83.3095,38.04166],[-83.30926,38.04174],[-83.309,38.04202],[-83.3087,38.04271],[-83.30824,38.04304],[-83.30804,38.04311],[-83.30723,38.0432],[-83.30622,38.04295],[-83.30555,38.043],[-83.30538,38.04313],[-83.30514,38.04365],[-83.3046,38.04405],[-83.30425,38.04448],[-83.30387,38.04464],[-83.30252,38.04467],[-83.30105,38.04409],[-83.29941,38.04398],[-83.29878,38.044],[-83.29805,38.04444],[-83.29789,38.04444],[-83.29787,38.04437],[-83.29832,38.04358],[-83.29834,38.04344],[-83.29829,38.0434],[-83.29693,38.04333],[-83.29665,38.04341],[-83.29643,38.04356],[-83.29608,38.04414],[-83.29596,38.04456],[-83.29609,38.04592],[-83.29607,38.04645],[-83.29598,38.04683],[-83.29556,38.04761],[-83.29528,38.04788],[-83.29438,38.04847],[-83.29407,38.04966],[-83.29359,38.05025],[-83.29354,38.05046],[-83.29379,38.05113],[-83.29452,38.05181],[-83.29478,38.05221],[-83.29484,38.05265],[-83.2947,38.05345],[-83.29475,38.05375],[-83.29537,38.05477],[-83.29612,38.05674],[-83.29617,38.05703],[-83.29613,38.05774],[-83.29654,38.05852],[-83.29647,38.05877],[-83.29602,38.05931],[-83.29598,38.05957],[-83.29609,38.05983],[-83.2968,38.06072],[-83.29701,38.06122],[-83.29705,38.06169],[-83.29692,38.06208],[-83.29673,38.06226],[-83.29574,38.06265],[-83.29551,38.06278],[-83.29536,38.06296],[-83.2953,38.06319],[-83.29529,38.06416],[-83.29504,38.06456],[-83.29494,38.06466],[-83.29444,38.06487],[-83.29324,38.06524],[-83.29306,38.06548],[-83.293,38.06607],[-83.29314,38.06654],[-83.29327,38.06676],[-83.29443,38.0675],[-83.29466,38.06786],[-83.29473,38.06843],[-83.29468,38.06876],[-83.29421,38.06916],[-83.29408,38.0694],[-83.29402,38.06998],[-83.29413,38.07031],[-83.29499,38.07128],[-83.29521,38.07143],[-83.29541,38.07146],[-83.29649,38.07134],[-83.29679,38.07148],[-83.29734,38.07192],[-83.29806,38.072],[-83.29856,38.07228],[-83.29869,38.07249],[-83.29854,38.07325],[-83.29861,38.07344],[-83.29953,38.07436],[-83.30107,38.07649],[-83.30128,38.07706],[-83.30127,38.07798],[-83.30101,38.07833],[-83.30043,38.07891],[-83.29994,38.07924],[-83.29933,38.0794],[-83.29905,38.07937],[-83.29865,38.07922],[-83.297,38.07832],[-83.29614,38.07795],[-83.29583,38.07798],[-83.29532,38.07835],[-83.29513,38.07858],[-83.29503,38.07885],[-83.29517,38.07957],[-83.29509,38.07995],[-83.29489,38.08017],[-83.29445,38.08041],[-83.29415,38.08066],[-83.29394,38.08122],[-83.2935,38.08185],[-83.29326,38.08201],[-83.29301,38.08208],[-83.29195,38.08202],[-83.29148,38.08217],[-83.29143,38.08284],[-83.29159,38.0834],[-83.29245,38.08431],[-83.29267,38.08471],[-83.29271,38.08507],[-83.29241,38.08558],[-83.2917,38.08603],[-83.29147,38.08625],[-83.29129,38.0875],[-83.2911,38.08792],[-83.29079,38.08828],[-83.29016,38.08841],[-83.28914,38.08844],[-83.28873,38.08856],[-83.28856,38.0887],[-83.28816,38.08956],[-83.28779,38.08988],[-83.28751,38.08998],[-83.28708,38.08994],[-83.28584,38.08962],[-83.28495,38.08949],[-83.28301,38.08949],[-83.28278,38.08943],[-83.28233,38.08905],[-83.28212,38.08897],[-83.2817,38.08902],[-83.28152,38.08915],[-83.28121,38.08953],[-83.28066,38.09061],[-83.2799,38.09114],[-83.27955,38.09158],[-83.27951,38.09178],[-83.27962,38.09199],[-83.28039,38.09279],[-83.28088,38.09417],[-83.28081,38.09441],[-83.27917,38.09555],[-83.27801,38.09609],[-83.2779,38.09716],[-83.2778,38.09735],[-83.27747,38.09747],[-83.27638,38.09754],[-83.27573,38.09768],[-83.27418,38.09813],[-83.27348,38.09846],[-83.2733,38.09872],[-83.27331,38.09895],[-83.27353,38.09915],[-83.27394,38.09938],[-83.274,38.09954],[-83.27273,38.10182],[-83.27233,38.10224],[-83.27164,38.10257],[-83.27058,38.10293],[-83.27029,38.10312],[-83.2702,38.1032],[-83.26991,38.10389],[-83.26907,38.10498],[-83.2691,38.10513],[-83.26931,38.1053],[-83.27047,38.10591],[-83.27064,38.10609],[-83.27069,38.10631],[-83.27057,38.1066],[-83.27007,38.10716],[-83.26955,38.10798],[-83.26949,38.10835],[-83.26958,38.10891],[-83.26951,38.10926],[-83.26815,38.10992],[-83.26797,38.11013],[-83.26763,38.11098],[-83.26718,38.11149],[-83.26413,38.11389],[-83.26353,38.11481],[-83.26276,38.11632],[-83.26235,38.11656],[-83.26163,38.11674],[-83.26119,38.11701],[-83.26089,38.11755],[-83.26098,38.11905],[-83.26088,38.1194],[-83.26071,38.11964],[-83.26046,38.11986],[-83.25997,38.1201],[-83.25953,38.12015],[-83.2591,38.12009],[-83.25934,38.12039],[-83.26003,38.12088],[-83.26022,38.12115],[-83.2604,38.1227],[-83.26055,38.12306],[-83.26079,38.12336],[-83.26103,38.12352],[-83.26132,38.12358],[-83.2626,38.12362],[-83.26309,38.12374],[-83.2635,38.12396],[-83.26368,38.12414],[-83.26403,38.12496],[-83.26427,38.12481],[-83.26434,38.12422],[-83.26461,38.12391],[-83.26491,38.12374],[-83.26596,38.12339],[-83.26721,38.12325],[-83.26761,38.12314],[-83.26807,38.12282],[-83.26876,38.12216],[-83.26922,38.12197],[-83.27103,38.12183],[-83.27363,38.12194],[-83.27531,38.12242],[-83.27734,38.12311],[-83.27909,38.12357],[-83.27987,38.124],[-83.28029,38.12446],[-83.28111,38.12616],[-83.2813,38.12639],[-83.28234,38.12644],[-83.28383,38.12675],[-83.28412,38.12695],[-83.28446,38.12742],[-83.28479,38.12817],[-83.28504,38.12837],[-83.28562,38.12865],[-83.28587,38.12888],[-83.28594,38.12981],[-83.28623,38.13005],[-83.28662,38.13025],[-83.28675,38.1304],[-83.28688,38.13129],[-83.28765,38.13113],[-83.28833,38.13064],[-83.28882,38.1304],[-83.28909,38.13032],[-83.29036,38.1302],[-83.29073,38.13008],[-83.29159,38.12958],[-83.2922,38.12912],[-83.29291,38.12822],[-83.29436,38.12708],[-83.29362,38.12664],[-83.29332,38.12603],[-83.29323,38.12555],[-83.29327,38.12527],[-83.29339,38.12507],[-83.29426,38.12444],[-83.29451,38.12413],[-83.29456,38.12386],[-83.29437,38.12313],[-83.29445,38.1228],[-83.29543,38.12147],[-83.29613,38.12075],[-83.29796,38.11911],[-83.29833,38.11882],[-83.2986,38.11871],[-83.29918,38.11877],[-83.29982,38.11909],[-83.30021,38.11939],[-83.30043,38.11967],[-83.30083,38.12083],[-83.30148,38.12128],[-83.30309,38.12168],[-83.30351,38.12164],[-83.30383,38.12145],[-83.30408,38.12149],[-83.30464,38.12174],[-83.30754,38.12372],[-83.30796,38.12412],[-83.30847,38.12439],[-83.30968,38.1246],[-83.31079,38.12456],[-83.31124,38.12441],[-83.31137,38.12444],[-83.31174,38.12496],[-83.31198,38.12509],[-83.31221,38.12548],[-83.31336,38.12689],[-83.31357,38.12728],[-83.31428,38.12912],[-83.31439,38.12981],[-83.31432,38.13059],[-83.31437,38.13127],[-83.31503,38.13357],[-83.3153,38.13425],[-83.31588,38.13483],[-83.31668,38.13514],[-83.31778,38.13517],[-83.31994,38.13573],[-83.32118,38.13613],[-83.32215,38.13675],[-83.32339,38.13673],[-83.324,38.13682],[-83.32448,38.13704],[-83.32456,38.13715],[-83.32466,38.1376],[-83.32491,38.13784],[-83.32571,38.13783],[-83.32643,38.13769],[-83.32709,38.13738],[-83.32775,38.13692],[-83.32793,38.13686],[-83.32897,38.13673],[-83.3297,38.13672],[-83.33004,38.13681],[-83.33237,38.13804],[-83.33318,38.13839],[-83.33464,38.13969],[-83.33589,38.1406],[-83.33641,38.14109],[-83.33666,38.14158],[-83.33674,38.14212],[-83.33667,38.14232],[-83.3361,38.14294],[-83.33602,38.14327],[-83.33612,38.14342],[-83.33628,38.1435],[-83.3375,38.14368],[-83.33789,38.14554],[-83.33812,38.14575],[-83.33878,38.14611],[-83.33917,38.14642],[-83.33921,38.14676],[-83.33865,38.14794],[-83.3387,38.14819],[-83.33914,38.14864],[-83.33956,38.14943],[-83.34113,38.15016],[-83.3421,38.15075],[-83.34148,38.15117],[-83.34077,38.15192],[-83.34003,38.15309],[-83.33972,38.15344],[-83.33777,38.15406],[-83.3367,38.15406],[-83.33591,38.15444],[-83.3354,38.15444],[-83.33468,38.15413],[-83.33426,38.15407],[-83.33281,38.1543],[-83.33159,38.1546],[-83.33118,38.15496],[-83.33053,38.15584],[-83.32878,38.15711],[-83.32789,38.15747],[-83.32756,38.15768],[-83.32702,38.1582],[-83.32573,38.15979],[-83.32471,38.16057],[-83.32422,38.1611],[-83.32381,38.16139],[-83.32293,38.16186],[-83.32261,38.16193],[-83.32221,38.16182],[-83.32143,38.16129],[-83.32048,38.16039],[-83.32033,38.16032],[-83.31944,38.1603],[-83.31905,38.16019],[-83.31862,38.15984],[-83.3182,38.15937],[-83.31794,38.15922],[-83.31713,38.15934],[-83.31566,38.15983],[-83.3155,38.16],[-83.31509,38.16077],[-83.31438,38.1617],[-83.3148,38.16261],[-83.31547,38.16368],[-83.31547,38.16422],[-83.31517,38.16549],[-83.31494,38.16583],[-83.31418,38.16631],[-83.31225,38.16691],[-83.31181,38.16709],[-83.3117,38.16721],[-83.31165,38.16729],[-83.31166,38.16787],[-83.31196,38.16947],[-83.31191,38.16988],[-83.31161,38.17028],[-83.3112,38.1706],[-83.31077,38.17083],[-83.31001,38.17122],[-83.30947,38.1714],[-83.30912,38.17142],[-83.30813,38.17108],[-83.30721,38.17086],[-83.30638,38.17083],[-83.30537,38.17095],[-83.3047,38.17114],[-83.30429,38.17144],[-83.30397,38.1719],[-83.3046,38.17264],[-83.30481,38.17302],[-83.30485,38.17326],[-83.30472,38.17511],[-83.30488,38.17634],[-83.30463,38.17707],[-83.30475,38.17736],[-83.30549,38.17792],[-83.30608,38.17893],[-83.30698,38.17979],[-83.30778,38.18072],[-83.30788,38.1809],[-83.30795,38.18136],[-83.30803,38.18152],[-83.31043,38.18335],[-83.31123,38.1838],[-83.31148,38.1843],[-83.31181,38.18526],[-83.31233,38.1862],[-83.31316,38.18735],[-83.31344,38.18813],[-83.31406,38.18838],[-83.31409,38.18849],[-83.31469,38.18855],[-83.3152,38.18881],[-83.3154,38.18885],[-83.31648,38.18874],[-83.31659,38.18894],[-83.3196,38.18803],[-83.32334,38.18761],[-83.32657,38.18735],[-83.32842,38.18735],[-83.32907,38.18716],[-83.33089,38.18618],[-83.33138,38.18606],[-83.33211,38.18606],[-83.33535,38.18644],[-83.33572,38.18643],[-83.33623,38.18632],[-83.33662,38.18616],[-83.33781,38.18493],[-83.33843,38.18462],[-83.33898,38.18452],[-83.34272,38.18423],[-83.34431,38.18417],[-83.34463,38.18421],[-83.35238,38.18645],[-83.35312,38.18639],[-83.35274,38.18748],[-83.35267,38.18789],[-83.35312,38.18974],[-83.35311,38.19055],[-83.35294,38.19109],[-83.35307,38.19146],[-83.35289,38.19196],[-83.35242,38.19287],[-83.35233,38.19342],[-83.35239,38.19362],[-83.35265,38.19402],[-83.35277,38.19493],[-83.35351,38.19625],[-83.35363,38.19665],[-83.35339,38.19846],[-83.35333,38.19948],[-83.35304,38.20034],[-83.35314,38.20059],[-83.35309,38.20098],[-83.35282,38.20126],[-83.35182,38.20153],[-83.35162,38.20165],[-83.3514,38.20192],[-83.35111,38.20245],[-83.35055,38.20284],[-83.35008,38.2035],[-83.34932,38.20416],[-83.34918,38.20436],[-83.3491,38.20462],[-83.34906,38.20623],[-83.34861,38.20719],[-83.34822,38.20862],[-83.34823,38.20889],[-83.34839,38.20935],[-83.3487,38.20996],[-83.34873,38.21037],[-83.34798,38.21195],[-83.34765,38.21233],[-83.3474,38.21283],[-83.34725,38.21338],[-83.34642,38.21379],[-83.34495,38.21434],[-83.34474,38.21464],[-83.34454,38.21543],[-83.34426,38.21567],[-83.34389,38.21574],[-83.34307,38.21568],[-83.34044,38.21521],[-83.34015,38.21534],[-83.3401,38.21546],[-83.34031,38.21641],[-83.34012,38.21756],[-83.33978,38.21834],[-83.33991,38.2185],[-83.34048,38.21866],[-83.34053,38.2189],[-83.34002,38.21947],[-83.3398,38.21995],[-83.33973,38.22038],[-83.3391,38.22088],[-83.33829,38.2221],[-83.33762,38.2225],[-83.33597,38.22237],[-83.33508,38.22247],[-83.33491,38.22184],[-83.33496,38.22112],[-83.33464,38.22046],[-83.33387,38.22016],[-83.33312,38.22055],[-83.33273,38.22117],[-83.33125,38.22184],[-83.33088,38.22248],[-83.3307,38.22382],[-83.33081,38.22454],[-83.33052,38.22615],[-83.33087,38.22693],[-83.33261,38.227],[-83.33341,38.2271],[-83.33371,38.22772],[-83.33487,38.22888],[-83.33621,38.23003],[-83.33691,38.22961],[-83.33714,38.23004],[-83.33615,38.23123],[-83.3367,38.23172],[-83.33755,38.23329],[-83.33764,38.23424],[-83.33791,38.2354],[-83.33814,38.23578],[-83.33817,38.23607],[-83.33842,38.23609],[-83.33854,38.2368],[-83.34017,38.24012],[-83.34046,38.24051],[-83.3413,38.24096],[-83.34202,38.24164],[-83.3424,38.2422],[-83.34239,38.24248],[-83.34226,38.24274],[-83.34248,38.24301],[-83.34352,38.24323],[-83.34441,38.24352],[-83.34608,38.24326],[-83.34624,38.24329],[-83.34665,38.24356],[-83.34736,38.24322],[-83.34964,38.24174],[-83.34977,38.24168],[-83.35013,38.24171],[-83.35016,38.24184],[-83.34993,38.24256],[-83.34926,38.24383],[-83.34925,38.24459],[-83.34886,38.24521],[-83.34871,38.24583],[-83.34869,38.2469],[-83.34881,38.24739],[-83.34913,38.24775],[-83.35,38.24826],[-83.35024,38.24845],[-83.35033,38.24862],[-83.35016,38.24904],[-83.34911,38.24959],[-83.34896,38.24974],[-83.34896,38.25009],[-83.34949,38.25127],[-83.34947,38.25165],[-83.34903,38.2526],[-83.349,38.25293],[-83.34904,38.25322],[-83.34937,38.2541],[-83.34951,38.25489],[-83.34946,38.25506],[-83.34931,38.25523],[-83.34845,38.25574],[-83.34822,38.25603],[-83.34834,38.25702],[-83.34807,38.25754],[-83.34797,38.2576],[-83.34776,38.25797],[-83.34769,38.25828],[-83.34769,38.25859],[-83.34779,38.25888],[-83.34849,38.25925],[-83.3489,38.25973],[-83.34949,38.26099],[-83.3488,38.26176],[-83.34856,38.26213],[-83.34764,38.26293],[-83.34751,38.26314],[-83.3475,38.26327],[-83.34799,38.26379],[-83.34819,38.26412],[-83.34821,38.26431],[-83.34806,38.26452],[-83.34757,38.26485],[-83.34751,38.26508],[-83.34759,38.26549],[-83.34782,38.26608],[-83.34908,38.26723],[-83.34971,38.26796],[-83.35016,38.2695],[-83.35031,38.2704],[-83.35025,38.27092],[-83.35001,38.27172],[-83.34973,38.27216],[-83.34918,38.27249],[-83.34848,38.27313],[-83.34834,38.27357],[-83.34853,38.27465],[-83.34865,38.27498],[-83.34858,38.27522],[-83.34831,38.27541],[-83.34745,38.27554],[-83.34711,38.27576],[-83.3464,38.27737],[-83.34634,38.2774],[-83.34633,38.27755],[-83.346,38.27816],[-83.34548,38.27878],[-83.34537,38.27939],[-83.34537,38.27989],[-83.34531,38.27995],[-83.34375,38.28054],[-83.34147,38.28118],[-83.34053,38.28171],[-83.34044,38.28186],[-83.34043,38.28206],[-83.34056,38.28285],[-83.34044,38.28321],[-83.33966,38.28375],[-83.33942,38.28377],[-83.33891,38.28365],[-83.33813,38.28318],[-83.3372,38.28339],[-83.33658,38.2833],[-83.33595,38.28303],[-83.33507,38.28327],[-83.33477,38.28341],[-83.33408,38.28386],[-83.33389,38.28408],[-83.33355,38.28476],[-83.33338,38.28528],[-83.33362,38.28562],[-83.33413,38.28614],[-83.33462,38.28638],[-83.33481,38.28655],[-83.33487,38.28667],[-83.33475,38.28688],[-83.33372,38.28712],[-83.33307,38.28763],[-83.33275,38.28777],[-83.33192,38.28767],[-83.33164,38.2877],[-83.33081,38.28823],[-83.33017,38.28849],[-83.32984,38.28848],[-83.32889,38.28817],[-83.32856,38.28813],[-83.32785,38.28825],[-83.32727,38.28882],[-83.32619,38.29024],[-83.32616,38.29041],[-83.32622,38.29071],[-83.3263,38.29091],[-83.32647,38.29101],[-83.3277,38.29137],[-83.32834,38.29149],[-83.32863,38.29169],[-83.32912,38.29228],[-83.32927,38.29258],[-83.32926,38.29291],[-83.32911,38.29354],[-83.32914,38.29371],[-83.3294,38.29444],[-83.32964,38.2956],[-83.32982,38.29589],[-83.3307,38.29617],[-83.33264,38.29653],[-83.33275,38.29662],[-83.33284,38.29685],[-83.33289,38.29722],[-83.3337,38.29804],[-83.33459,38.29927],[-83.33469,38.29951],[-83.33467,38.2997],[-83.33408,38.30005],[-83.33367,38.3004],[-83.33317,38.3011],[-83.33261,38.3016],[-83.33226,38.30201],[-83.33212,38.30254],[-83.33175,38.30305],[-83.33224,38.30344],[-83.33349,38.30408],[-83.3348,38.30431],[-83.33556,38.30458],[-83.33581,38.30477],[-83.33568,38.30523],[-83.33547,38.3056],[-83.33506,38.30609],[-83.33487,38.30651],[-83.33491,38.30737],[-83.33483,38.30769],[-83.33491,38.30798],[-83.33534,38.30858],[-83.33592,38.30895],[-83.33643,38.30911],[-83.33705,38.30992],[-83.33717,38.31012],[-83.33727,38.31156],[-83.33744,38.31199],[-83.33776,38.31245],[-83.3386,38.31303],[-83.3411,38.31442],[-83.34105,38.31455],[-83.3405,38.315],[-83.33978,38.31608],[-83.34056,38.31679],[-83.34127,38.31787],[-83.34134,38.31837],[-83.34128,38.31957],[-83.34227,38.32004],[-83.34336,38.31986],[-83.34659,38.32035],[-83.34794,38.32107],[-83.349,38.32154],[-83.34973,38.32165],[-83.35186,38.32231],[-83.35222,38.32235],[-83.35315,38.32222],[-83.35472,38.32181],[-83.35532,38.32172],[-83.3557,38.32172],[-83.35624,38.32185],[-83.35666,38.32224],[-83.35711,38.32298],[-83.35773,38.32332],[-83.35876,38.32364],[-83.35897,38.3239],[-83.35878,38.32459],[-83.35854,38.32486],[-83.35749,38.32567],[-83.35745,38.32577],[-83.35739,38.32641],[-83.35746,38.32695],[-83.35766,38.32748],[-83.35792,38.32774],[-83.35858,38.32802],[-83.35934,38.32804],[-83.35977,38.32817],[-83.35992,38.32813],[-83.36143,38.32844],[-83.36208,38.32836],[-83.36315,38.32799],[-83.36405,38.32824],[-83.36424,38.32919],[-83.36413,38.32956],[-83.36382,38.32988],[-83.36219,38.33107],[-83.362,38.33133],[-83.36196,38.33162],[-83.36201,38.33187],[-83.36173,38.33231],[-83.3617,38.33257],[-83.36195,38.33301],[-83.36221,38.33324],[-83.36298,38.3337],[-83.3632,38.33399],[-83.36323,38.33415],[-83.3634,38.33433],[-83.36339,38.33447],[-83.36253,38.3349],[-83.3625,38.33507],[-83.36267,38.33526],[-83.36331,38.33571],[-83.36358,38.33604],[-83.3637,38.33638],[-83.3637,38.33656],[-83.36343,38.33739],[-83.36358,38.33766],[-83.36375,38.33775],[-83.36399,38.33819],[-83.36396,38.33828],[-83.36361,38.33856],[-83.36324,38.33897],[-83.3629,38.33952],[-83.36293,38.33973],[-83.36304,38.33986],[-83.36364,38.34015],[-83.3638,38.34092],[-83.36399,38.34122],[-83.36405,38.34146],[-83.36405,38.34157],[-83.36373,38.34186],[-83.3635,38.3423],[-83.36351,38.34281],[-83.36388,38.34325],[-83.36584,38.34391],[-83.36608,38.34447],[-83.36712,38.34557],[-83.36695,38.34604],[-83.36692,38.34636],[-83.36713,38.34659],[-83.36777,38.34703],[-83.36782,38.34789],[-83.36794,38.34823],[-83.36854,38.34836],[-83.36923,38.34821],[-83.3699,38.34846],[-83.37095,38.34856],[-83.37198,38.34886],[-83.37236,38.34912],[-83.37258,38.34942],[-83.37258,38.3495],[-83.37182,38.35076],[-83.37178,38.35104],[-83.3719,38.35123],[-83.37217,38.35135],[-83.37351,38.35144],[-83.37436,38.35157],[-83.37491,38.3519],[-83.3758,38.35326],[-83.37621,38.35338],[-83.37707,38.35333],[-83.37719,38.35339],[-83.37722,38.3535],[-83.37707,38.35395],[-83.37693,38.3548],[-83.37706,38.35549],[-83.3779,38.35645],[-83.37955,38.35762],[-83.37924,38.3581],[-83.37802,38.35893],[-83.37795,38.35907],[-83.37792,38.35932],[-83.37806,38.35979],[-83.37811,38.36045],[-83.37843,38.36105],[-83.37841,38.3613],[-83.3781,38.36204],[-83.37813,38.36233],[-83.37833,38.36266],[-83.37891,38.36282],[-83.37961,38.36274],[-83.38015,38.36277],[-83.38127,38.36397],[-83.38185,38.3644],[-83.38236,38.36464],[-83.38262,38.3647],[-83.38288,38.36467],[-83.38346,38.3645],[-83.38399,38.3642],[-83.38425,38.36421],[-83.38569,38.36518],[-83.38693,38.36554],[-83.38704,38.36562],[-83.38774,38.36732],[-83.38802,38.3676],[-83.38822,38.36768],[-83.38902,38.36769],[-83.38931,38.36753],[-83.38957,38.36712],[-83.38982,38.36637],[-83.39021,38.36606],[-83.39044,38.36599],[-83.39084,38.36599],[-83.39214,38.36645],[-83.39247,38.36677],[-83.3926,38.36723],[-83.39257,38.36765],[-83.39237,38.36811],[-83.39228,38.36863],[-83.39237,38.36937],[-83.39251,38.36953],[-83.39291,38.36975],[-83.39458,38.36992],[-83.3947,38.37],[-83.3947,38.37038],[-83.39446,38.37109],[-83.39439,38.37162],[-83.39457,38.37219],[-83.39495,38.37278],[-83.39525,38.37288],[-83.3961,38.37283],[-83.39656,38.37292],[-83.39666,38.3731],[-83.39667,38.37331],[-83.39649,38.37379],[-83.39651,38.37426],[-83.39747,38.37489],[-83.39762,38.37495],[-83.39969,38.37492],[-83.40021,38.3751],[-83.40039,38.37566],[-83.40038,38.37613],[-83.40027,38.3763],[-83.39994,38.37653],[-83.39993,38.37716],[-83.3998,38.37748],[-83.3996,38.37766],[-83.39866,38.37792],[-83.39836,38.37809],[-83.39817,38.37826],[-83.39812,38.37844],[-83.3982,38.37867],[-83.3986,38.37892],[-83.40093,38.37945],[-83.40124,38.3797],[-83.40113,38.38015],[-83.40059,38.38075],[-83.40051,38.38093],[-83.40036,38.3817],[-83.40052,38.38281],[-83.40081,38.38401],[-83.40079,38.38447],[-83.40071,38.38463],[-83.40027,38.38495],[-83.40005,38.38548],[-83.40008,38.38571],[-83.4002,38.38585],[-83.40132,38.38645],[-83.40142,38.38662],[-83.40139,38.38679],[-83.40108,38.3874],[-83.40058,38.389],[-83.40052,38.38955],[-83.40057,38.38973],[-83.401,38.38991],[-83.40143,38.38989],[-83.40268,38.38959],[-83.40291,38.38962],[-83.40307,38.38972],[-83.40331,38.39002],[-83.40337,38.39024],[-83.40329,38.39076],[-83.4034,38.39128],[-83.40374,38.39197],[-83.40402,38.39212],[-83.40434,38.39204],[-83.40513,38.39137],[-83.40563,38.39114],[-83.40587,38.3912],[-83.40627,38.39148],[-83.40673,38.39231],[-83.40726,38.39274],[-83.40747,38.39283],[-83.4077,38.39275],[-83.40831,38.39212],[-83.40898,38.39194],[-83.40929,38.39203],[-83.40955,38.39225],[-83.40966,38.3925],[-83.40944,38.39356],[-83.40963,38.39429],[-83.4098,38.39438],[-83.41017,38.39438],[-83.41104,38.39426],[-83.41158,38.39426],[-83.41191,38.39437],[-83.41219,38.39457],[-83.41229,38.39486],[-83.41195,38.39606],[-83.41206,38.39648],[-83.4128,38.39638],[-83.41403,38.39604],[-83.41472,38.39569],[-83.41508,38.39539],[-83.41529,38.39535],[-83.41552,38.39544],[-83.41643,38.3962],[-83.4169,38.3962],[-83.41715,38.39601],[-83.41733,38.39577],[-83.41778,38.39501],[-83.41854,38.39434],[-83.41908,38.39418],[-83.41974,38.3943],[-83.41996,38.39427],[-83.42045,38.39385],[-83.42103,38.39349],[-83.42173,38.39321],[-83.4224,38.39253],[-83.42271,38.39231],[-83.42325,38.39206],[-83.42373,38.3917],[-83.42463,38.3913],[-83.42538,38.3912],[-83.42569,38.39103],[-83.42581,38.39079],[-83.42542,38.3901],[-83.42542,38.38976],[-83.42549,38.38954],[-83.42619,38.38916],[-83.42709,38.38843],[-83.42747,38.38824],[-83.4283,38.38821],[-83.42924,38.38839],[-83.43072,38.38899],[-83.4317,38.38903],[-83.43224,38.38919],[-83.43274,38.38944],[-83.43314,38.38934],[-83.43386,38.38896],[-83.43418,38.38888],[-83.43516,38.38902],[-83.43552,38.38896],[-83.43653,38.38843],[-83.43701,38.38834],[-83.43894,38.38822],[-83.4402,38.38842],[-83.44079,38.388],[-83.44154,38.38788],[-83.44306,38.38734],[-83.44371,38.38736],[-83.4439,38.38729],[-83.44408,38.38716],[-83.44421,38.38689],[-83.44416,38.38674],[-83.44357,38.38603],[-83.44352,38.38586],[-83.44447,38.38494],[-83.44459,38.3847],[-83.44461,38.38451],[-83.4443,38.38376],[-83.44449,38.38315],[-83.44509,38.38249],[-83.44531,38.38205],[-83.44549,38.38144],[-83.446,38.38098],[-83.44644,38.38069],[-83.44689,38.38065],[-83.44775,38.38079],[-83.44884,38.38079],[-83.44998,38.38123],[-83.45114,38.38115],[-83.45173,38.38147],[-83.45291,38.38183],[-83.45283,38.38173],[-83.45279,38.38149],[-83.45295,38.38112],[-83.45324,38.38073],[-83.45353,38.37995],[-83.45363,38.37752],[-83.45372,38.37741],[-83.45462,38.37737],[-83.45485,38.37725],[-83.4551,38.37697],[-83.45538,38.37597],[-83.4557,38.37542],[-83.45624,38.37519],[-83.4565,38.37496],[-83.45684,38.37479],[-83.45688,38.37454],[-83.45658,38.3734],[-83.45647,38.37299],[-83.45632,38.37283],[-83.45639,38.37271],[-83.45739,38.37227],[-83.45781,38.37201],[-83.45826,38.372],[-83.45847,38.37203],[-83.45896,38.37225],[-83.45993,38.37299],[-83.46021,38.37304],[-83.46134,38.3729],[-83.46292,38.37321],[-83.46309,38.37318],[-83.46364,38.37284],[-83.46416,38.37236],[-83.4648,38.37199],[-83.46493,38.3718],[-83.46494,38.37164],[-83.46469,38.37116],[-83.46445,38.37088],[-83.46348,38.37029],[-83.46309,38.36954],[-83.46247,38.3688],[-83.46345,38.36807],[-83.46371,38.36796],[-83.4641,38.36767],[-83.46406,38.36746],[-83.46379,38.36705],[-83.46361,38.36691],[-83.46282,38.36672],[-83.46249,38.36656],[-83.46224,38.36611],[-83.46193,38.36512],[-83.46167,38.36486],[-83.46062,38.36456],[-83.46037,38.36443],[-83.46001,38.36395],[-83.45988,38.36306],[-83.45961,38.36259],[-83.45928,38.3624],[-83.45802,38.36202],[-83.45805,38.36193],[-83.45835,38.36172],[-83.46017,38.36094],[-83.46043,38.36065],[-83.46076,38.35994],[-83.46091,38.35979],[-83.46242,38.3597],[-83.4627,38.35958],[-83.46299,38.35922],[-83.46315,38.35852],[-83.46338,38.35835],[-83.46499,38.35812],[-83.46529,38.358],[-83.46622,38.35713],[-83.46704,38.35652],[-83.46885,38.35568],[-83.47018,38.35518],[-83.47034,38.35517],[-83.47168,38.35558],[-83.47191,38.35624],[-83.47235,38.3568],[-83.4727,38.35712],[-83.47274,38.35724],[-83.47268,38.35746],[-83.47246,38.35769],[-83.47145,38.3582],[-83.47128,38.35849],[-83.47133,38.35867],[-83.4732,38.36003],[-83.47351,38.3604],[-83.47374,38.36053],[-83.47421,38.36057],[-83.47498,38.36033],[-83.47594,38.35982],[-83.47617,38.3595],[-83.47656,38.35929],[-83.48132,38.35967],[-83.48282,38.35854],[-83.48319,38.35814],[-83.48331,38.35797],[-83.48338,38.35761],[-83.48352,38.35735],[-83.48388,38.35703],[-83.48423,38.35684],[-83.48472,38.35624],[-83.48517,38.35538],[-83.48531,38.35488],[-83.4859,38.35431],[-83.48619,38.35384],[-83.4878,38.35307],[-83.48791,38.35282],[-83.48784,38.35247],[-83.48787,38.35235],[-83.48812,38.35212],[-83.48865,38.35179],[-83.48907,38.35169],[-83.4901,38.35206],[-83.4906,38.35215],[-83.49088,38.3521],[-83.49105,38.35202],[-83.49176,38.35137],[-83.49294,38.35137],[-83.49321,38.35132],[-83.49384,38.35077],[-83.49438,38.35058],[-83.49515,38.35049],[-83.49635,38.35052],[-83.49691,38.35007],[-83.49856,38.34981],[-83.49898,38.34955],[-83.49925,38.34923],[-83.49932,38.34898],[-83.49928,38.34882],[-83.49896,38.34814],[-83.4988,38.34743],[-83.49834,38.34684],[-83.49772,38.34646],[-83.49775,38.34609],[-83.49825,38.3449],[-83.49854,38.34463],[-83.49976,38.34411],[-83.50072,38.34385],[-83.50111,38.34275],[-83.50134,38.34237],[-83.50081,38.34207],[-83.49972,38.34173],[-83.49949,38.34158],[-83.49925,38.34124],[-83.49911,38.34068],[-83.49891,38.34047],[-83.49851,38.34037],[-83.49797,38.34036],[-83.49672,38.33989],[-83.4957,38.3397],[-83.49565,38.33964],[-83.49571,38.33855],[-83.49603,38.33768],[-83.49597,38.33723],[-83.49565,38.33664],[-83.495,38.33616],[-83.49462,38.33599],[-83.49568,38.33492],[-83.49597,38.33473],[-83.49649,38.33445],[-83.49781,38.33396],[-83.49786,38.33385],[-83.49782,38.33364],[-83.4974,38.33264],[-83.49696,38.33242],[-83.49507,38.33228],[-83.49454,38.33199],[-83.49422,38.33162],[-83.49405,38.33123],[-83.49399,38.33085],[-83.49401,38.32984],[-83.49353,38.32935],[-83.49328,38.32894],[-83.49303,38.32821],[-83.49281,38.32797],[-83.492,38.3279],[-83.4915,38.32799],[-83.4914,38.32805],[-83.49066,38.32917],[-83.48958,38.32809],[-83.48865,38.32698],[-83.48832,38.32609],[-83.48808,38.32442],[-83.48894,38.32405],[-83.48915,38.32389],[-83.48955,38.32321],[-83.48986,38.3231],[-83.49014,38.3231],[-83.49066,38.32297],[-83.49098,38.32302],[-83.49125,38.32322],[-83.49134,38.32385],[-83.49159,38.32415],[-83.49223,38.32442],[-83.49319,38.3245],[-83.49514,38.32434],[-83.49524,38.3242],[-83.49514,38.32267],[-83.49518,38.32243],[-83.4954,38.32204],[-83.49555,38.32192],[-83.49627,38.32175],[-83.49688,38.32131],[-83.49733,38.32064],[-83.49744,38.32023],[-83.49743,38.31998],[-83.49756,38.31979],[-83.49795,38.31959],[-83.49903,38.3192],[-83.49922,38.31906],[-83.49941,38.31858],[-83.49939,38.31791],[-83.49948,38.31758],[-83.49969,38.31719],[-83.49991,38.31698],[-83.501,38.31651],[-83.50141,38.31613],[-83.50153,38.3159],[-83.5015,38.31542],[-83.50079,38.31331],[-83.50085,38.31288],[-83.50105,38.31241],[-83.50161,38.31143],[-83.50189,38.31124],[-83.5026,38.31097],[-83.50274,38.3108],[-83.50278,38.31067],[-83.5026,38.30969],[-83.50265,38.30895],[-83.50282,38.3086],[-83.50298,38.30842],[-83.50383,38.30788],[-83.50435,38.30704],[-83.50474,38.30617],[-83.50529,38.30456],[-83.50511,38.30417],[-83.50521,38.30323],[-83.50516,38.30267],[-83.50482,38.30146],[-83.50499,38.30075],[-83.50529,38.30002],[-83.50522,38.29983],[-83.5047,38.29928],[-83.50452,38.29895],[-83.50367,38.29825],[-83.50351,38.29764],[-83.50374,38.29656],[-83.50439,38.29514],[-83.50512,38.29425],[-83.50539,38.29403],[-83.50687,38.29359],[-83.50818,38.29358],[-83.51196,38.29329],[-83.51372,38.29253],[-83.5141,38.29221],[-83.51428,38.29174],[-83.51414,38.29064],[-83.51351,38.28898],[-83.51341,38.28759],[-83.51315,38.28701],[-83.51245,38.28609],[-83.51237,38.28589],[-83.51233,38.28555],[-83.5124,38.28477],[-83.51129,38.28499],[-83.50844,38.285],[-83.50805,38.2846],[-83.50775,38.28444],[-83.50497,38.28322],[-83.50322,38.28237],[-83.50234,38.28214],[-83.50175,38.28228],[-83.50128,38.28228],[-83.50113,38.28217],[-83.50108,38.28199],[-83.5012,38.28005],[-83.50132,38.27912],[-83.50129,38.27876],[-83.50117,38.27847],[-83.50073,38.27794],[-83.49991,38.27671],[-83.49969,38.27605],[-83.49972,38.27556],[-83.50006,38.275],[-83.50008,38.27451],[-83.49999,38.27437],[-83.49909,38.27436],[-83.49774,38.27378],[-83.49208,38.27185],[-83.48911,38.26981],[-83.48923,38.26848],[-83.48926,38.26725],[-83.48921,38.26656],[-83.48817,38.2664],[-83.48812,38.26628],[-83.48821,38.2648],[-83.48826,38.26471],[-83.48855,38.26455],[-83.48908,38.26438],[-83.48934,38.26414],[-83.48901,38.26146],[-83.48895,38.26137],[-83.48874,38.26129],[-83.48786,38.26144],[-83.48774,38.26141],[-83.48771,38.26131],[-83.4881,38.26065],[-83.48833,38.26007],[-83.48829,38.25858],[-83.48809,38.25754],[-83.48778,38.25676],[-83.48762,38.25659],[-83.48699,38.25616],[-83.4857,38.25554],[-83.48548,38.25538],[-83.48542,38.2552],[-83.48575,38.25478],[-83.48659,38.25414],[-83.48679,38.25391],[-83.48712,38.25336],[-83.48726,38.25286],[-83.48729,38.25169],[-83.48718,38.25105],[-83.48688,38.25059],[-83.48653,38.25027],[-83.48623,38.25009],[-83.48609,38.2497],[-83.48609,38.24933],[-83.48617,38.24899],[-83.48656,38.24809],[-83.48665,38.24773],[-83.48668,38.24709],[-83.4866,38.24665],[-83.48636,38.24604],[-83.48614,38.24571],[-83.48564,38.24536],[-83.4847,38.24492],[-83.48439,38.24459],[-83.48425,38.24433],[-83.48418,38.24395],[-83.4843,38.24332],[-83.48456,38.24254],[-83.48464,38.24192],[-83.4846,38.24155],[-83.48417,38.24033],[-83.48377,38.23989],[-83.48305,38.23933],[-83.48283,38.23884],[-83.4828,38.23835],[-83.48302,38.23629],[-83.48279,38.23564],[-83.48248,38.23506],[-83.4825,38.23474],[-83.48259,38.23452],[-83.48259,38.23413],[-83.48213,38.23287],[-83.48166,38.23219],[-83.48088,38.23151],[-83.48021,38.23053],[-83.48011,38.23014],[-83.48028,38.22778],[-83.4802,38.22692],[-83.47991,38.22609],[-83.47919,38.22503],[-83.47873,38.22456],[-83.47846,38.22445],[-83.47768,38.22434],[-83.47443,38.22397],[-83.47356,38.22368],[-83.47215,38.22301],[-83.47182,38.22295],[-83.47142,38.22309],[-83.47121,38.22307],[-83.47023,38.22217],[-83.46917,38.22139],[-83.46642,38.22482],[-83.46603,38.22431],[-83.46545,38.22488],[-83.46413,38.22473],[-83.46438,38.22531],[-83.4644,38.22734],[-83.46313,38.22886],[-83.46197,38.22936],[-83.46117,38.22961],[-83.45469,38.23138],[-83.454,38.2317],[-83.45319,38.23227],[-83.45267,38.23281],[-83.45188,38.23384],[-83.4504,38.23597],[-83.44886,38.23801],[-83.44758,38.24041],[-83.4465,38.24272],[-83.44604,38.24338],[-83.44564,38.24369],[-83.4421,38.24522],[-83.44094,38.24579],[-83.44018,38.24633],[-83.43953,38.2469],[-83.43888,38.24778],[-83.43867,38.2482],[-83.43834,38.24772],[-83.4382,38.24739],[-83.43815,38.24678],[-83.43819,38.24668],[-83.43812,38.24641],[-83.43761,38.24594],[-83.43747,38.24534],[-83.43853,38.24482],[-83.43905,38.2444],[-83.4391,38.24397],[-83.43873,38.24236],[-83.43881,38.24218],[-83.44059,38.24187],[-83.44077,38.24174],[-83.43952,38.24015],[-83.4387,38.23847],[-83.43833,38.23852],[-83.43855,38.23726],[-83.43912,38.23513],[-83.44042,38.2338],[-83.44557,38.22595],[-83.44612,38.2258],[-83.44679,38.22543],[-83.4478,38.22519],[-83.44771,38.22317],[-83.44872,38.22197],[-83.45033,38.2203],[-83.45871,38.2124],[-83.45936,38.21048],[-83.45995,38.21051],[-83.46103,38.21044],[-83.4629,38.20991],[-83.46331,38.20974],[-83.46369,38.20952],[-83.46406,38.20915],[-83.4641,38.20893],[-83.46377,38.20835],[-83.46376,38.20779],[-83.46383,38.20754],[-83.46453,38.20614],[-83.46493,38.20559],[-83.46542,38.20514],[-83.46664,38.20455],[-83.46686,38.20432],[-83.46693,38.20408],[-83.46688,38.20377],[-83.4667,38.20339],[-83.46614,38.20255],[-83.46548,38.20194],[-83.46428,38.201],[-83.46359,38.20008],[-83.46358,38.19991],[-83.46369,38.19974],[-83.46378,38.19922],[-83.4643,38.19841],[-83.4646,38.19805],[-83.46529,38.19745],[-83.46598,38.197],[-83.46718,38.19638],[-83.4682,38.19605],[-83.47099,38.19554],[-83.47171,38.19515],[-83.47363,38.19428],[-83.4741,38.19392],[-83.47439,38.19355],[-83.47514,38.19203],[-83.47643,38.18983],[-83.47676,38.18954],[-83.4772,38.18931],[-83.47734,38.18908],[-83.47727,38.1884],[-83.47709,38.18792],[-83.47677,38.1875],[-83.47603,38.1869],[-83.47604,38.18682],[-83.47675,38.18621],[-83.47714,38.18605],[-83.47859,38.18645],[-83.47874,38.18647],[-83.47911,38.18633],[-83.48053,38.1851],[-83.48217,38.18339],[-83.48259,38.18256],[-83.48271,38.18181],[-83.4829,38.18142],[-83.48307,38.18138],[-83.48467,38.18197],[-83.48565,38.18041],[-83.48618,38.1793],[-83.48669,38.17873],[-83.48708,38.17857],[-83.48895,38.17812],[-83.4897,38.17788],[-83.49169,38.17691],[-83.49459,38.17563],[-83.49529,38.17522],[-83.4957,38.17373],[-83.49627,38.17262],[-83.49666,38.1716],[-83.49678,38.17108],[-83.49683,38.16943],[-83.49676,38.16892],[-83.49678,38.16857],[-83.49711,38.16753],[-83.49755,38.16705],[-83.49835,38.16651],[-83.49941,38.16561],[-83.50044,38.16498],[-83.50289,38.16395],[-83.50322,38.1637],[-83.50533,38.15955],[-83.50648,38.15792],[-83.50697,38.15694],[-83.50817,38.15564],[-83.50848,38.1552],[-83.50864,38.15475],[-83.50874,38.15418],[-83.50876,38.15265],[-83.50891,38.15119],[-83.50933,38.15049],[-83.50974,38.14998],[-83.50987,38.14991],[-83.51033,38.1499],[-83.51108,38.15022],[-83.51138,38.15023],[-83.51171,38.14999],[-83.51184,38.14975],[-83.51254,38.14978],[-83.51328,38.14966],[-83.51371,38.14952],[-83.51635,38.14817],[-83.51656,38.14815],[-83.517,38.14846],[-83.51772,38.14883],[-83.51858,38.14904],[-83.51949,38.14901],[-83.52115,38.14865],[-83.52276,38.14819],[-83.52392,38.14776],[-83.52498,38.14727],[-83.52896,38.14517],[-83.53028,38.1446],[-83.53188,38.14407],[-83.53707,38.14265],[-83.53857,38.14177],[-83.53927,38.14155],[-83.54043,38.14159],[-83.54132,38.14183],[-83.54781,38.1412],[-83.5484,38.14036],[-83.54856,38.14002],[-83.5489,38.13904],[-83.54903,38.13831],[-83.54919,38.13643],[-83.54921,38.13468],[-83.54934,38.13383],[-83.54928,38.13336],[-83.54886,38.1321],[-83.54883,38.1314],[-83.5484,38.13046],[-83.54757,38.12895],[-83.5463,38.12737],[-83.54518,38.12626],[-83.54503,38.12604],[-83.54398,38.12333],[-83.5421,38.12211],[-83.54137,38.12177],[-83.54069,38.12156],[-83.53996,38.12152],[-83.53892,38.11374],[-83.54119,38.11282],[-83.54254,38.11557],[-83.54454,38.11566],[-83.54533,38.11561],[-83.54764,38.11515],[-83.54825,38.11146],[-83.54977,38.11118],[-83.55078,38.11083],[-83.5523,38.11078],[-83.5538,38.11106],[-83.55463,38.1114],[-83.55572,38.112],[-83.55684,38.11282],[-83.55889,38.11478],[-83.56115,38.11599],[-83.56165,38.11643],[-83.5619,38.11676],[-83.56207,38.11708],[-83.56209,38.11727],[-83.56185,38.12263],[-83.56185,38.12305],[-83.56197,38.12378],[-83.56222,38.12444],[-83.56283,38.12509],[-83.56368,38.1258],[-83.56416,38.12635],[-83.56468,38.12665],[-83.56538,38.1267],[-83.56679,38.12741],[-83.56729,38.12812],[-83.56779,38.12852],[-83.56866,38.12904],[-83.56922,38.12961],[-83.57002,38.13017],[-83.57313,38.13075],[-83.57356,38.13129],[-83.57449,38.13184],[-83.57713,38.13274],[-83.57761,38.13297],[-83.58032,38.1319],[-83.58292,38.13064],[-83.59525,38.12492],[-83.5966,38.12442],[-83.59769,38.1246],[-83.60049,38.12307],[-83.60323,38.12139],[-83.60448,38.12088],[-83.60579,38.12067],[-83.60998,38.12066],[-83.61287,38.12053],[-83.61347,38.12045],[-83.61413,38.12024],[-83.61523,38.11954],[-83.6182,38.11683],[-83.62073,38.11441],[-83.62311,38.11231],[-83.62385,38.11233],[-83.62448,38.11211],[-83.62484,38.11212],[-83.62533,38.11225],[-83.62542,38.11234],[-83.62531,38.11269],[-83.62533,38.11291],[-83.62525,38.11332],[-83.62511,38.11364],[-83.6251,38.11379],[-83.6252,38.11405],[-83.62539,38.1142],[-83.62679,38.11474],[-83.62717,38.11501],[-83.62731,38.11527],[-83.62721,38.116],[-83.62701,38.11625],[-83.62663,38.11638],[-83.62567,38.11625],[-83.62545,38.11656],[-83.62586,38.11733],[-83.62582,38.11772],[-83.6262,38.11834],[-83.62663,38.1188],[-83.62659,38.11907],[-83.62638,38.11919],[-83.62606,38.1192],[-83.62492,38.11883],[-83.62462,38.11902],[-83.62441,38.11928],[-83.62416,38.11929],[-83.62388,38.11874],[-83.62311,38.11817],[-83.62233,38.11785],[-83.62197,38.11781],[-83.62172,38.11794],[-83.62167,38.11812],[-83.6219,38.11854],[-83.62224,38.11889],[-83.62224,38.11916],[-83.62185,38.11937],[-83.621,38.11964],[-83.62133,38.11994],[-83.62139,38.12015],[-83.62091,38.12083],[-83.62139,38.12108],[-83.62143,38.12121],[-83.62132,38.12133],[-83.62009,38.12184],[-83.61928,38.12189],[-83.61921,38.12175],[-83.61938,38.12151],[-83.61952,38.12112],[-83.61953,38.12073],[-83.61911,38.12037],[-83.61878,38.1203],[-83.61816,38.12038],[-83.61682,38.12102],[-83.61602,38.12103],[-83.61594,38.12128],[-83.61642,38.12134],[-83.61719,38.12159],[-83.61801,38.12228],[-83.61851,38.12295],[-83.61889,38.1236],[-83.6194,38.12425],[-83.62002,38.12468],[-83.62344,38.12665],[-83.62492,38.12701],[-83.63141,38.12836],[-83.63208,38.12861],[-83.6326,38.12903],[-83.63301,38.12948],[-83.63453,38.13382],[-83.63485,38.13439],[-83.63518,38.13447],[-83.63542,38.13452],[-83.63576,38.13449],[-83.63658,38.13415],[-83.63724,38.13367],[-83.63762,38.13304],[-83.63873,38.13207],[-83.63938,38.13176],[-83.64035,38.13148],[-83.64077,38.13123],[-83.64078,38.13095],[-83.64045,38.13015],[-83.64083,38.12922],[-83.64111,38.12871],[-83.64136,38.12843],[-83.64167,38.12822],[-83.64293,38.12763],[-83.64346,38.12748],[-83.64357,38.12731],[-83.64359,38.12637],[-83.6435,38.1256],[-83.64336,38.12519],[-83.64368,38.12466],[-83.64401,38.12438],[-83.64411,38.12413],[-83.64374,38.12377],[-83.64296,38.12278],[-83.64241,38.1223],[-83.64331,38.12183],[-83.64389,38.12121],[-83.64437,38.121],[-83.6452,38.12076],[-83.64587,38.11999],[-83.64627,38.11985],[-83.64709,38.11979],[-83.64786,38.11943],[-83.64824,38.11982],[-83.64869,38.12007],[-83.64918,38.12024],[-83.64999,38.12026],[-83.65133,38.12011],[-83.65174,38.12029],[-83.65216,38.12061],[-83.65267,38.12087],[-83.65305,38.12096],[-83.65393,38.12094],[-83.65458,38.1208],[-83.65543,38.1205],[-83.6562,38.12034],[-83.65767,38.12091],[-83.65832,38.12088],[-83.66008,38.12126],[-83.66107,38.12068],[-83.66139,38.12029],[-83.66153,38.12],[-83.66197,38.11872],[-83.66321,38.11734],[-83.66388,38.11684],[-83.66455,38.11657],[-83.66525,38.11645],[-83.666,38.11651],[-83.66628,38.11661],[-83.66702,38.11719],[-83.66729,38.11748],[-83.66763,38.11773],[-83.6679,38.11784],[-83.66819,38.11783],[-83.6697,38.11738],[-83.67044,38.11706],[-83.67056,38.11686],[-83.67062,38.11605],[-83.67094,38.11531],[-83.67132,38.11499],[-83.67211,38.11458],[-83.67263,38.11423],[-83.67306,38.11376],[-83.67329,38.11336],[-83.67485,38.11423],[-83.67579,38.11448],[-83.67643,38.11495],[-83.67761,38.11544],[-83.67837,38.11598],[-83.67858,38.11645],[-83.67864,38.11702],[-83.67884,38.1172],[-83.68025,38.11748],[-83.68149,38.11761],[-83.68226,38.11777],[-83.68261,38.11795],[-83.68298,38.11839],[-83.68304,38.1188],[-83.68287,38.11916],[-83.68192,38.1202],[-83.68114,38.1208],[-83.68103,38.12102],[-83.68103,38.12157],[-83.68093,38.12197],[-83.68099,38.12207],[-83.68113,38.12211],[-83.68193,38.12184],[-83.68206,38.12191],[-83.6821,38.12202],[-83.68201,38.1229],[-83.68186,38.1235],[-83.68186,38.12412],[-83.68173,38.12434],[-83.68132,38.12458],[-83.6811,38.12501],[-83.68113,38.12525],[-83.68158,38.12579],[-83.6821,38.12618],[-83.68342,38.12678],[-83.68475,38.12718],[-83.68532,38.1272],[-83.68633,38.12696],[-83.68692,38.12689],[-83.68719,38.12699],[-83.68714,38.12725],[-83.68718,38.12734],[-83.6875,38.12724],[-83.68837,38.12715],[-83.68832,38.12701],[-83.68836,38.12639],[-83.68854,38.12578],[-83.68867,38.12568],[-83.68946,38.12553],[-83.69064,38.12519],[-83.69088,38.12509],[-83.69113,38.12488],[-83.69139,38.12425],[-83.69146,38.12348],[-83.69164,38.12321],[-83.692,38.12288],[-83.69206,38.12273],[-83.69199,38.1223],[-83.69222,38.12175],[-83.69224,38.12134],[-83.69266,38.12071],[-83.69271,38.12056],[-83.69265,38.11996],[-83.69305,38.11916],[-83.69343,38.11893],[-83.69438,38.11857],[-83.69551,38.11829],[-83.6964,38.11784],[-83.6979,38.11602],[-83.69896,38.11553],[-83.69947,38.11513],[-83.70006,38.11426],[-83.70085,38.11342],[-83.70138,38.11261],[-83.70178,38.11178],[-83.70196,38.11156],[-83.70223,38.11141],[-83.70443,38.11071],[-83.70512,38.11037],[-83.70668,38.11013],[-83.70784,38.10962],[-83.70828,38.10952],[-83.70881,38.10929],[-83.70929,38.10895],[-83.7098,38.10808],[-83.71016,38.10762],[-83.71005,38.10588],[-83.71021,38.10477],[-83.71155,38.10296],[-83.71201,38.1022],[-83.71218,38.10106],[-83.71257,38.1004],[-83.71257,38.0998],[-83.71227,38.09939],[-83.71169,38.09926],[-83.71109,38.09942],[-83.71035,38.09988],[-83.70923,38.10007],[-83.70888,38.10021],[-83.70847,38.10022],[-83.70797,38.10004],[-83.70664,38.09987],[-83.7065,38.09976],[-83.70627,38.09864],[-83.70549,38.09834],[-83.70542,38.09822],[-83.70534,38.09645],[-83.70501,38.09624],[-83.70415,38.09606],[-83.70337,38.0955],[-83.70321,38.09532],[-83.70303,38.09495],[-83.7021,38.09462],[-83.70191,38.09448],[-83.70182,38.09434],[-83.70182,38.09414],[-83.70193,38.09398],[-83.7023,38.09375],[-83.70245,38.09327],[-83.7028,38.09289],[-83.70308,38.09275],[-83.70317,38.09263],[-83.70343,38.09191],[-83.70437,38.09106],[-83.70434,38.09096],[-83.70414,38.09082],[-83.70415,38.09055],[-83.70376,38.09018],[-83.70385,38.08977],[-83.70412,38.08945],[-83.7041,38.08938],[-83.70401,38.08928],[-83.70363,38.08917],[-83.70343,38.08901],[-83.70336,38.08879],[-83.70336,38.08852],[-83.70348,38.08824],[-83.70382,38.08773],[-83.70442,38.08737],[-83.70519,38.08702],[-83.7063,38.08625],[-83.70648,38.08599],[-83.7065,38.0855],[-83.70671,38.08493],[-83.70688,38.08471],[-83.70739,38.08431],[-83.7083,38.08393],[-83.70882,38.0836],[-83.70913,38.08351],[-83.7097,38.08349],[-83.71077,38.08367],[-83.71103,38.08361],[-83.71141,38.08312],[-83.71161,38.0826],[-83.71285,38.08181],[-83.71377,38.08145],[-83.71502,38.08128],[-83.71555,38.08099],[-83.71564,38.08076],[-83.7156,38.07894],[-83.71602,38.07864],[-83.71678,38.07827],[-83.71745,38.07773],[-83.71779,38.07725],[-83.7179,38.07672],[-83.718,38.07653],[-83.71838,38.07655],[-83.71856,38.07649],[-83.71888,38.07624],[-83.71953,38.07593],[-83.72045,38.07519],[-83.72078,38.0751],[-83.72117,38.07463],[-83.72147,38.07465],[-83.72165,38.07458],[-83.72178,38.0744],[-83.72192,38.07397],[-83.72208,38.07383],[-83.72249,38.07384],[-83.72309,38.07354],[-83.72339,38.07348],[-83.72386,38.07363],[-83.72403,38.07362],[-83.72433,38.07325],[-83.72482,38.07305],[-83.7252,38.07277],[-83.72533,38.07251],[-83.72527,38.07232],[-83.72472,38.07205],[-83.72469,38.07176],[-83.72455,38.07136],[-83.72437,38.07109],[-83.72407,38.0709],[-83.72379,38.07081],[-83.72347,38.07057],[-83.72348,38.07037],[-83.72375,38.07013],[-83.72372,38.06997],[-83.72346,38.06973],[-83.72341,38.06955],[-83.72398,38.06925],[-83.72406,38.06909],[-83.72405,38.06892],[-83.72381,38.06883],[-83.72334,38.06905],[-83.72325,38.06898],[-83.72321,38.06866],[-83.72307,38.06851],[-83.72279,38.06847],[-83.72249,38.06852],[-83.72231,38.06845],[-83.72226,38.06835],[-83.72241,38.0681],[-83.72253,38.06741],[-83.72247,38.06723],[-83.72229,38.06713],[-83.72214,38.06671],[-83.72222,38.06662],[-83.72259,38.06654],[-83.72405,38.06569],[-83.72415,38.06561],[-83.72428,38.06527],[-83.72482,38.06488],[-83.72561,38.06473],[-83.72601,38.06455],[-83.72619,38.06431],[-83.72637,38.06352],[-83.72811,38.0639],[-83.72951,38.06411],[-83.73171,38.0649],[-83.73224,38.06499],[-83.7356,38.06597],[-83.73584,38.06112],[-83.73601,38.0605],[-83.73714,38.05911],[-83.73817,38.058],[-83.74051,38.05622],[-83.74089,38.05587],[-83.741,38.05561],[-83.74091,38.05511],[-83.73995,38.05337],[-83.7396,38.05253],[-83.7391,38.05167],[-83.7389,38.05097],[-83.73884,38.05005],[-83.73787,38.04856],[-83.73767,38.0479],[-83.73738,38.0473],[-83.73648,38.04602],[-83.73614,38.04526],[-83.73585,38.04439],[-83.73554,38.04412],[-83.73541,38.04392],[-83.73491,38.04238],[-83.73479,38.04171],[-83.73465,38.04136],[-83.73467,38.0408],[-83.73452,38.04007],[-83.73387,38.03802],[-83.73352,38.03765],[-83.73261,38.03715],[-83.73245,38.03699],[-83.73233,38.03648],[-83.73197,38.03588],[-83.73183,38.03505],[-83.73078,38.03251],[-83.73073,38.03197],[-83.73021,38.03121],[-83.72944,38.02881],[-83.72873,38.02883],[-83.7283,38.02861],[-83.72706,38.02742],[-83.72667,38.02727],[-83.72647,38.0271],[-83.72593,38.02599],[-83.72566,38.02583],[-83.7248,38.0257],[-83.72439,38.02531],[-83.72386,38.025],[-83.72365,38.02471],[-83.7235,38.02415],[-83.72325,38.02391],[-83.72312,38.02383],[-83.72188,38.02359],[-83.72126,38.02318],[-83.72082,38.02262],[-83.71974,38.02084],[-83.71908,38.01958],[-83.71896,38.01923],[-83.71859,38.01867],[-83.71814,38.01767],[-83.71813,38.01739],[-83.71847,38.01575],[-83.71806,38.01503],[-83.71796,38.01447],[-83.71859,38.01302],[-83.71861,38.01271],[-83.7183,38.01145],[-83.71797,38.01109],[-83.71786,38.01088],[-83.71763,38.00917],[-83.71731,38.00816],[-83.71721,38.00672],[-83.71743,38.00641],[-83.71747,38.00624],[-83.71729,38.005],[-83.71741,38.00396],[-83.71735,38.00325],[-83.71796,38.00173],[-83.71854,38.0007],[-83.7187,38.00009],[-83.71873,37.99928],[-83.7192,37.99786],[-83.7193,37.99694],[-83.71962,37.99664],[-83.72052,37.99618],[-83.72165,37.995],[-83.72172,37.9947],[-83.72162,37.99405],[-83.72174,37.99327],[-83.72072,37.99285],[-83.71995,37.99273],[-83.71611,37.99288],[-83.71471,37.99288],[-83.71384,37.99282],[-83.71288,37.99265],[-83.71242,37.99253],[-83.71202,37.99229],[-83.71124,37.99208],[-83.71092,37.99192],[-83.71061,37.99155],[-83.71053,37.99127],[-83.71051,37.99084],[-83.71042,37.99066],[-83.70944,37.99101],[-83.70916,37.99087],[-83.70876,37.99001],[-83.70888,37.98976],[-83.70895,37.98936],[-83.70928,37.98875],[-83.70928,37.98863],[-83.70922,37.98857],[-83.70871,37.98851],[-83.70833,37.98837],[-83.70803,37.98801],[-83.70793,37.98769],[-83.70795,37.98742],[-83.70846,37.98658],[-83.70856,37.98607],[-83.70844,37.98567],[-83.70819,37.98542],[-83.70766,37.98506],[-83.70689,37.98431],[-83.70619,37.98394],[-83.70589,37.9837],[-83.70547,37.98316],[-83.70502,37.98236],[-83.70456,37.98201],[-83.70426,37.98156],[-83.70402,37.98133],[-83.70375,37.98078],[-83.70273,37.97995],[-83.70231,37.97949],[-83.70138,37.97895],[-83.70105,37.97852],[-83.70097,37.97751],[-83.70038,37.97635],[-83.7003,37.97602],[-83.70042,37.97402],[-83.70033,37.97343],[-83.69983,37.97207],[-83.69939,37.97123],[-83.69913,37.97042],[-83.69733,37.97069],[-83.69315,37.97205],[-83.69145,37.97254],[-83.68903,37.97241],[-83.6867,37.97218],[-83.68479,37.97002],[-83.68424,37.96962],[-83.68328,37.96914],[-83.68195,37.96886],[-83.67937,37.96815],[-83.67903,37.96836],[-83.6772,37.97015],[-83.67573,37.97069],[-83.67517,37.9715],[-83.67507,37.97156],[-83.67477,37.97158],[-83.67449,37.97151],[-83.67422,37.97131],[-83.67404,37.97083],[-83.67429,37.96996],[-83.6742,37.96967],[-83.67293,37.96874],[-83.67179,37.96777],[-83.67143,37.96757],[-83.67033,37.96741],[-83.66776,37.96671],[-83.66642,37.96599],[-83.66568,37.96574],[-83.66045,37.9646],[-83.65936,37.96399],[-83.65851,37.96326],[-83.65764,37.96278],[-83.65635,37.96163],[-83.65574,37.96067],[-83.65377,37.95797],[-83.6535,37.95726],[-83.65309,37.95678],[-83.65286,37.95636],[-83.65048,37.95523],[-83.64987,37.95488],[-83.64951,37.95459],[-83.64807,37.95314],[-83.6472,37.9525],[-83.64646,37.95215],[-83.64843,37.94978],[-83.64877,37.94946],[-83.6502,37.94874],[-83.6512,37.94802],[-83.65255,37.94626],[-83.65287,37.94607],[-83.65401,37.94586],[-83.65456,37.94564],[-83.6552,37.94522],[-83.65593,37.94462],[-83.65643,37.94391],[-83.65664,37.94327],[-83.65649,37.94268],[-83.65633,37.94247],[-83.65546,37.94191],[-83.65456,37.94119],[-83.65423,37.9408],[-83.65414,37.94037],[-83.65462,37.93965],[-83.65471,37.93938],[-83.65477,37.9389],[-83.65469,37.93821],[-83.65473,37.93808],[-83.65482,37.93794],[-83.65589,37.93699],[-83.6564,37.93615],[-83.65716,37.93468],[-83.65744,37.93435],[-83.65831,37.9337],[-83.65868,37.93353],[-83.65934,37.93358],[-83.65955,37.93354],[-83.66227,37.9327],[-83.66302,37.93218],[-83.66382,37.9315],[-83.66608,37.92997],[-83.66767,37.9291],[-83.66963,37.9278],[-83.67028,37.92711],[-83.67091,37.92583],[-83.67254,37.92379],[-83.67312,37.92248],[-83.6745,37.9205],[-83.67493,37.92008],[-83.67526,37.91999],[-83.67875,37.92016],[-83.68016,37.91987],[-83.68256,37.91809],[-83.68353,37.91673],[-83.68398,37.91634],[-83.68875,37.91373],[-83.68926,37.91363],[-83.69171,37.91362],[-83.69209,37.91353],[-83.69326,37.91275],[-83.69407,37.91233],[-83.69638,37.91229],[-83.69875,37.91182],[-83.69954,37.91172],[-83.70013,37.91172],[-83.70145,37.91209],[-83.70253,37.91224],[-83.70351,37.91224],[-83.7046,37.91205],[-83.70519,37.91205],[-83.70637,37.91256],[-83.70743,37.91286],[-83.70975,37.91475],[-83.71117,37.91556],[-83.71165,37.9157],[-83.71257,37.9156],[-83.71352,37.91578],[-83.71402,37.91633],[-83.7144,37.91661],[-83.71526,37.91692],[-83.71625,37.91694],[-83.71686,37.91581],[-83.71687,37.91548],[-83.71698,37.91533],[-83.71864,37.91492],[-83.72076,37.91508],[-83.72113,37.91516],[-83.72193,37.91547],[-83.72227,37.91551],[-83.72268,37.91544],[-83.72397,37.91497],[-83.72448,37.91489],[-83.72781,37.91484],[-83.72809,37.91487],[-83.72892,37.91516],[-83.72945,37.91542],[-83.73144,37.91677],[-83.73281,37.91744],[-83.73378,37.91801],[-83.73445,37.91866],[-83.73469,37.91765],[-83.73482,37.91739],[-83.73684,37.91577],[-83.73702,37.91551],[-83.73769,37.91409],[-83.73926,37.9131],[-83.73967,37.91238],[-83.73999,37.91232],[-83.74085,37.91231],[-83.74122,37.91217],[-83.74179,37.91083],[-83.74164,37.91054],[-83.74078,37.91024],[-83.74084,37.91009],[-83.74139,37.90947],[-83.74149,37.90825],[-83.74144,37.90793],[-83.74074,37.90679],[-83.73984,37.90619],[-83.73932,37.90513],[-83.73871,37.90431],[-83.73863,37.90404],[-83.7386,37.90297],[-83.73848,37.90242],[-83.73851,37.9022],[-83.73882,37.90191],[-83.73999,37.90108],[-83.7405,37.90049],[-83.74078,37.90027],[-83.74128,37.90015],[-83.74267,37.90008],[-83.74342,37.89969],[-83.74382,37.89957],[-83.74499,37.8994],[-83.74604,37.89935],[-83.74692,37.89883],[-83.74736,37.89832],[-83.74776,37.898],[-83.74816,37.89731],[-83.7489,37.89643],[-83.74895,37.89626],[-83.74851,37.89386],[-83.74894,37.89333],[-83.74932,37.89261],[-83.75005,37.89199],[-83.75081,37.8908],[-83.75083,37.89063],[-83.75181,37.88967],[-83.75194,37.88939],[-83.75192,37.88848],[-83.752,37.88799],[-83.75247,37.8875],[-83.75258,37.88688],[-83.75267,37.88673],[-83.75408,37.8854],[-83.75447,37.88445],[-83.75551,37.88298],[-83.75608,37.88288],[-83.75747,37.88249],[-83.7586,37.88162],[-83.75874,37.88161],[-83.75902,37.88172],[-83.75919,37.88187],[-83.75949,37.88153],[-83.76013,37.88056],[-83.76016,37.88012],[-83.75994,37.87936],[-83.75996,37.87845],[-83.76015,37.87811],[-83.76087,37.87749],[-83.76096,37.87733],[-83.76103,37.87688],[-83.76089,37.87546],[-83.7609,37.87488],[-83.76107,37.8742],[-83.76129,37.87389],[-83.76151,37.8737],[-83.76263,37.87324],[-83.76353,37.87273],[-83.76475,37.87255],[-83.76592,37.87195],[-83.76683,37.87091],[-83.76736,37.87046],[-83.7675,37.87003],[-83.76778,37.86861],[-83.76793,37.86823],[-83.7692,37.8668],[-83.76978,37.86635],[-83.77035,37.86613],[-83.77135,37.86617],[-83.77184,37.86601],[-83.77355,37.86565],[-83.7745,37.86505],[-83.77539,37.86436],[-83.77482,37.86349],[-83.77441,37.86273],[-83.77434,37.86246],[-83.77445,37.86233],[-83.77495,37.86215],[-83.77528,37.86195],[-83.7759,37.86127],[-83.77598,37.86098],[-83.77593,37.86023],[-83.77656,37.85899],[-83.77689,37.85818],[-83.77738,37.85772],[-83.7789,37.85671],[-83.7815,37.85591],[-83.78164,37.8558],[-83.78169,37.8556],[-83.78165,37.85451],[-83.78202,37.85325],[-83.78201,37.85243],[-83.78225,37.85159],[-83.78139,37.85167],[-83.78073,37.85157],[-83.77879,37.85062],[-83.77868,37.84959],[-83.77855,37.84923],[-83.77789,37.84836],[-83.7771,37.8478],[-83.77642,37.84761],[-83.77547,37.8475],[-83.77308,37.84769],[-83.77227,37.84792],[-83.77144,37.84856],[-83.76958,37.84893],[-83.76858,37.84897],[-83.76268,37.84722],[-83.7611,37.84614],[-83.75971,37.84528],[-83.75806,37.84453],[-83.75714,37.84428],[-83.75656,37.8442],[-83.75526,37.84423],[-83.75462,37.84446],[-83.75398,37.84485],[-83.75349,37.8453],[-83.7533,37.84561],[-83.75305,37.84632],[-83.75302,37.84685],[-83.7531,37.84719],[-83.75351,37.84814],[-83.75351,37.84836],[-83.753,37.84981],[-83.75292,37.8506],[-83.75299,37.85126],[-83.75333,37.85233],[-83.75327,37.85268],[-83.75263,37.85388],[-83.75155,37.85466],[-83.75125,37.85506],[-83.75118,37.85536],[-83.75125,37.85616],[-83.7531,37.862],[-83.75306,37.86241],[-83.75285,37.86258],[-83.75242,37.86276],[-83.75109,37.86355],[-83.75038,37.86384],[-83.74992,37.86392],[-83.74716,37.86305],[-83.74504,37.86285],[-83.74374,37.86266],[-83.74144,37.86193],[-83.74106,37.86172],[-83.74062,37.8613],[-83.73939,37.8597],[-83.73761,37.85863],[-83.73627,37.85742],[-83.73575,37.85688],[-83.73496,37.85586],[-83.73438,37.85532],[-83.73252,37.85415],[-83.73211,37.85357],[-83.73171,37.85282],[-83.73167,37.85165],[-83.73156,37.85105],[-83.73138,37.85054],[-83.73125,37.85031],[-83.73062,37.84962],[-83.73008,37.84918],[-83.72941,37.84891],[-83.72723,37.84852],[-83.72612,37.84842],[-83.72529,37.84856],[-83.72505,37.84854],[-83.72466,37.84841],[-83.72373,37.84794],[-83.72333,37.84783],[-83.72288,37.8478],[-83.72205,37.84792],[-83.72193,37.84641],[-83.72313,37.84336],[-83.72343,37.84307],[-83.72354,37.84282],[-83.72381,37.84167],[-83.72437,37.84189],[-83.725,37.84186],[-83.72528,37.84169],[-83.72662,37.84045],[-83.72844,37.83966],[-83.72928,37.83937],[-83.7297,37.83932],[-83.73004,37.83911],[-83.73079,37.83891],[-83.73151,37.8389],[-83.7321,37.839],[-83.73248,37.83919],[-83.73326,37.83973],[-83.73446,37.84032],[-83.7347,37.84052],[-83.73499,37.84102],[-83.73505,37.84177],[-83.73488,37.84296],[-83.73491,37.8441],[-83.73479,37.84507],[-83.73499,37.84598],[-83.73506,37.84775],[-83.73494,37.84834],[-83.73449,37.84927],[-83.73441,37.85],[-83.7346,37.85152],[-83.73475,37.85187],[-83.73597,37.85334],[-83.73642,37.85374],[-83.73709,37.85409],[-83.73832,37.85453],[-83.7406,37.85566],[-83.7422,37.8561],[-83.74303,37.85624],[-83.7437,37.85628],[-83.74428,37.8562],[-83.74493,37.85597],[-83.74539,37.85572],[-83.74606,37.85516],[-83.74658,37.85432],[-83.74739,37.85333],[-83.74791,37.85238],[-83.7487,37.84926],[-83.74881,37.84816],[-83.74879,37.84689],[-83.74857,37.8456],[-83.74862,37.84437],[-83.74839,37.84274],[-83.74849,37.84242],[-83.74875,37.84231],[-83.74917,37.84231],[-83.74937,37.84212],[-83.74992,37.84195],[-83.75021,37.84196],[-83.75101,37.84173],[-83.75138,37.84172],[-83.75188,37.84159],[-83.7526,37.84152],[-83.75319,37.84157],[-83.75394,37.84146],[-83.75455,37.84158],[-83.75499,37.84154],[-83.75567,37.84132],[-83.75638,37.84145],[-83.75774,37.84133],[-83.75786,37.84128],[-83.75997,37.83868],[-83.75796,37.83383],[-83.75744,37.83293],[-83.7568,37.83204],[-83.75719,37.83136],[-83.75743,37.83108],[-83.75814,37.8307],[-83.7588,37.82995],[-83.76059,37.82738],[-83.76256,37.82845],[-83.76348,37.82869],[-83.76412,37.82872],[-83.76485,37.82865],[-83.76619,37.82809],[-83.76656,37.82802],[-83.76712,37.82812],[-83.76765,37.82846],[-83.76865,37.82976],[-83.77046,37.83173],[-83.77083,37.8323],[-83.77091,37.83267],[-83.7709,37.8331],[-83.77045,37.83421],[-83.77036,37.83463],[-83.77017,37.83721],[-83.77022,37.83762],[-83.77173,37.84091],[-83.77241,37.84143],[-83.77303,37.84172],[-83.77363,37.84191],[-83.77466,37.842],[-83.77586,37.84181],[-83.77622,37.84167],[-83.77672,37.84141],[-83.77942,37.83957],[-83.78064,37.83881],[-83.78108,37.83843],[-83.78157,37.83759],[-83.78187,37.83693],[-83.78253,37.83611],[-83.78297,37.83577],[-83.78461,37.83481],[-83.7849,37.83452],[-83.78506,37.83407],[-83.78495,37.83303],[-83.785,37.83254],[-83.7852,37.8318],[-83.78687,37.82884],[-83.78739,37.82833],[-83.78868,37.82759],[-83.78909,37.82743],[-83.79298,37.82706],[-83.7939,37.82702],[-83.79464,37.8271],[-83.80451,37.83093],[-83.80543,37.8311],[-83.80861,37.83115],[-83.80987,37.83136],[-83.81141,37.83198],[-83.81299,37.83285],[-83.81324,37.83309],[-83.81338,37.83337],[-83.81351,37.83417],[-83.81452,37.83302],[-83.81646,37.82874],[-83.81691,37.82724],[-83.81698,37.82527],[-83.81706,37.82464],[-83.81749,37.82368],[-83.81777,37.82286],[-83.81841,37.82154],[-83.81861,37.82073],[-83.8186,37.82045],[-83.81829,37.81893],[-83.8182,37.81882],[-83.81652,37.81755],[-83.81541,37.81714],[-83.81488,37.81679],[-83.81462,37.81649],[-83.81435,37.81601],[-83.81373,37.81442],[-83.81139,37.81216],[-83.81102,37.81161],[-83.81053,37.81049],[-83.81029,37.80895],[-83.81022,37.80765],[-83.81045,37.80705],[-83.81049,37.80673],[-83.80937,37.80439],[-83.80937,37.80404],[-83.80972,37.8034],[-83.81003,37.803],[-83.81141,37.80172],[-83.8115,37.80149],[-83.81274,37.80154],[-83.81291,37.80147],[-83.81308,37.80114],[-83.81351,37.79975],[-83.81361,37.79955],[-83.81377,37.79941],[-83.81481,37.79889],[-83.81582,37.79849],[-83.81696,37.79832],[-83.81815,37.79797],[-83.81896,37.79764],[-83.81916,37.79751],[-83.81944,37.79719],[-83.81992,37.79698],[-83.82013,37.79697],[-83.82068,37.79434],[-83.82095,37.7942],[-83.82148,37.7937],[-83.82159,37.79333],[-83.82168,37.79262],[-83.82181,37.79239],[-83.82218,37.79208],[-83.82284,37.79194],[-83.82484,37.79226],[-83.82496,37.79218],[-83.82513,37.79198],[-83.82529,37.79164],[-83.82579,37.78945],[-83.82592,37.7893],[-83.82631,37.78909],[-83.82709,37.78876],[-83.82724,37.78858],[-83.82733,37.78826],[-83.82742,37.78714],[-83.82752,37.7869],[-83.82796,37.78635],[-83.82795,37.78575],[-83.82801,37.78555],[-83.82811,37.78546],[-83.82895,37.78524],[-83.82863,37.78491],[-83.82819,37.78418],[-83.8282,37.78395],[-83.82848,37.78292],[-83.82839,37.7827],[-83.82795,37.78211],[-83.82795,37.78136],[-83.82779,37.78115],[-83.82759,37.78103],[-83.827,37.7809],[-83.82678,37.78074],[-83.82654,37.78004],[-83.8257,37.77925],[-83.82563,37.77897],[-83.82567,37.77847],[-83.82579,37.77812],[-83.82632,37.77766],[-83.8265,37.77742],[-83.82655,37.77723],[-83.82651,37.7769],[-83.82641,37.77667],[-83.82591,37.77597],[-83.82602,37.77561],[-83.82668,37.7747],[-83.82687,37.77415],[-83.82681,37.77368],[-83.82639,37.77291],[-83.82634,37.77262],[-83.82642,37.77232],[-83.8266,37.77214],[-83.82794,37.77165],[-83.82825,37.77108],[-83.82833,37.77064],[-83.82832,37.77022],[-83.82772,37.76953],[-83.82765,37.7692],[-83.82798,37.76792],[-83.82868,37.76722],[-83.82933,37.76679],[-83.83057,37.76634],[-83.83087,37.7658],[-83.83128,37.76554],[-83.83156,37.76518],[-83.83156,37.765],[-83.83128,37.7645],[-83.83125,37.76402],[-83.83145,37.76347],[-83.83145,37.76301],[-83.83167,37.76223],[-83.83213,37.76229],[-83.83375,37.76211],[-83.83436,37.76214],[-83.83687,37.76272],[-83.83725,37.76291],[-83.83769,37.76336],[-83.83779,37.76342],[-83.83815,37.76344],[-83.8387,37.76382],[-83.83901,37.76421],[-83.83917,37.76473],[-83.83931,37.76482],[-83.84,37.76473],[-83.8412,37.7642],[-83.84135,37.76416],[-83.84151,37.7642],[-83.84161,37.76438],[-83.84166,37.76494],[-83.84181,37.76528],[-83.84309,37.76621],[-83.84375,37.76689],[-83.84448,37.76727],[-83.84468,37.76749],[-83.84484,37.76795],[-83.84493,37.76892],[-83.84504,37.7694],[-83.84532,37.76987],[-83.84572,37.77014],[-83.84625,37.77019],[-83.84718,37.77005],[-83.84935,37.76914],[-83.84998,37.769],[-83.85073,37.76915],[-83.85192,37.76912],[-83.85309,37.76946],[-83.85448,37.76946],[-83.85633,37.7696],[-83.85667,37.76967],[-83.85708,37.76986],[-83.85892,37.77084],[-83.85964,37.77134],[-83.8599,37.77173],[-83.8602,37.77252],[-83.86039,37.77281],[-83.86062,37.77295],[-83.86131,37.77305],[-83.86162,37.77329],[-83.8623,37.77499],[-83.86288,37.77597],[-83.8631,37.77615],[-83.86371,37.77643],[-83.86419,37.77715],[-83.86488,37.77797],[-83.86587,37.77859],[-83.86723,37.77976],[-83.87452,37.78296],[-83.87531,37.78309],[-83.87575,37.78331],[-83.87605,37.78354],[-83.87642,37.78402],[-83.87746,37.78626],[-83.87893,37.78831],[-83.87932,37.78867],[-83.87949,37.78874],[-83.88167,37.78906],[-83.88242,37.78905],[-83.88325,37.78892],[-83.88499,37.78916],[-83.88681,37.7889],[-83.88792,37.78916],[-83.88882,37.7889],[-83.891,37.78876],[-83.89188,37.78879],[-83.89245,37.78896],[-83.8928,37.78922],[-83.89393,37.79048],[-83.89496,37.7911],[-83.89585,37.79182],[-83.89679,37.79243],[-83.89799,37.79288],[-83.89842,37.7932],[-83.89891,37.79384],[-83.89938,37.79411],[-83.90047,37.79441],[-83.90373,37.7964],[-83.90411,37.79681],[-83.9045,37.79752],[-83.90482,37.79787],[-83.90561,37.79821],[-83.90664,37.79834],[-83.90725,37.79856],[-83.90767,37.79878],[-83.90898,37.79971],[-83.91052,37.80093],[-83.91098,37.80143],[-83.91199,37.80287],[-83.91299,37.80385],[-83.91365,37.80489],[-83.9138,37.80503],[-83.91391,37.80505],[-83.91497,37.80457],[-83.91565,37.80435],[-83.91629,37.8037],[-83.91675,37.80337],[-83.91737,37.80327],[-83.91972,37.80314],[-83.9203,37.80293],[-83.92075,37.80257],[-83.92082,37.80224],[-83.92065,37.80178],[-83.92054,37.80085],[-83.92072,37.80049],[-83.92126,37.79985],[-83.9213,37.79964],[-83.92124,37.79949],[-83.92067,37.79882],[-83.92062,37.7986],[-83.92081,37.79782],[-83.92142,37.7966],[-83.92222,37.79593],[-83.92448,37.79444],[-83.92861,37.79135],[-83.93005,37.79019],[-83.93068,37.78958],[-83.93063,37.78928],[-83.93067,37.78679],[-83.93048,37.78485],[-83.93088,37.7838],[-83.93103,37.78321],[-83.93129,37.78284],[-83.9323,37.7821],[-83.93343,37.7809],[-83.9343,37.7802],[-83.93508,37.77968],[-83.93564,37.77948],[-83.93734,37.77931],[-83.93915,37.77873],[-83.93981,37.77843],[-83.94113,37.77749],[-83.94171,37.77755],[-83.9434,37.77805],[-83.94476,37.77872],[-83.94553,37.77894],[-83.94617,37.77939],[-83.94686,37.77964],[-83.94703,37.77989],[-83.94713,37.78051],[-83.94727,37.78082],[-83.94742,37.78095],[-83.94791,37.78111],[-83.94838,37.78116],[-83.94881,37.781],[-83.95084,37.78055],[-83.95227,37.78057],[-83.95306,37.78038],[-83.95358,37.78016],[-83.95395,37.77986],[-83.95464,37.77972],[-83.95556,37.77932],[-83.95649,37.77915],[-83.95699,37.77884],[-83.95727,37.77875],[-83.95781,37.77874],[-83.95793,37.77868],[-83.95797,37.77852],[-83.95845,37.77784],[-83.95895,37.77731],[-83.95935,37.77699],[-83.95996,37.77665],[-83.96017,37.77645],[-83.96032,37.77617],[-83.96123,37.77539],[-83.96157,37.77499],[-83.96279,37.77394],[-83.96306,37.77364],[-83.964,37.77294],[-83.96646,37.77003],[-83.96672,37.76963],[-83.9669,37.76928],[-83.96693,37.76884],[-83.96682,37.76841],[-83.9663,37.76747],[-83.9662,37.76676],[-83.9662,37.7658],[-83.96599,37.76559],[-83.96531,37.76532],[-83.96495,37.76501],[-83.9646,37.76447],[-83.96427,37.7642],[-83.96404,37.76379],[-83.96397,37.76336],[-83.96351,37.76272],[-83.96254,37.76247],[-83.96142,37.76198],[-83.96117,37.76154],[-83.961,37.76087],[-83.96046,37.7602],[-83.96029,37.7599],[-83.96028,37.75966],[-83.96064,37.75917],[-83.96057,37.75884],[-83.96017,37.75835],[-83.95982,37.75813],[-83.95954,37.75782],[-83.9593,37.75734],[-83.95925,37.75715],[-83.95949,37.75687],[-83.95952,37.7567],[-83.95911,37.75564],[-83.95925,37.75465],[-83.95907,37.75417],[-83.95892,37.75397],[-83.95821,37.75342],[-83.95799,37.75296],[-83.95727,37.75241],[-83.95714,37.75227],[-83.95707,37.75207],[-83.95674,37.75188],[-83.9566,37.75121],[-83.95639,37.75092],[-83.95579,37.75044],[-83.95541,37.75027],[-83.95506,37.75023],[-83.95354,37.74887],[-83.95369,37.74848],[-83.95364,37.7481],[-83.95251,37.74707],[-83.95185,37.74624],[-83.9518,37.74563],[-83.95185,37.74471],[-83.95251,37.74309],[-83.95357,37.74077],[-83.95366,37.74048],[-83.95367,37.73979],[-83.9538,37.73943],[-83.95421,37.73879],[-83.95457,37.73838],[-83.95559,37.7375],[-83.95589,37.73705],[-83.95759,37.73614],[-83.95829,37.73562],[-83.95984,37.73486],[-83.96152,37.73392],[-83.96291,37.73377],[-83.96314,37.73367],[-83.96416,37.73302],[-83.96482,37.73224],[-83.96627,37.73142],[-83.96744,37.73098],[-83.96809,37.73053],[-83.96876,37.72978],[-83.97006,37.72916],[-83.97119,37.72868],[-83.97221,37.72842],[-83.97327,37.72796],[-83.97388,37.72745],[-83.97462,37.72713],[-83.97889,37.72652],[-83.98013,37.72622],[-83.98047,37.72607],[-83.98186,37.72504],[-83.98244,37.72442],[-83.98386,37.72265],[-83.98312,37.72115],[-83.98154,37.71916],[-83.98055,37.71587],[-83.98012,37.71484],[-83.97986,37.71499],[-83.97937,37.71548],[-83.97843,37.71596],[-83.97781,37.71609],[-83.97713,37.7164],[-83.9766,37.71682],[-83.97592,37.7172],[-83.97569,37.71754],[-83.9755,37.7177],[-83.97421,37.71829],[-83.97408,37.71847],[-83.97407,37.71907],[-83.974,37.71927],[-83.9736,37.71962],[-83.97322,37.72011],[-83.97274,37.72095],[-83.97261,37.72106],[-83.97137,37.72168],[-83.97028,37.72176],[-83.96965,37.72176],[-83.96897,37.72164],[-83.96857,37.72144],[-83.9682,37.72106],[-83.96782,37.72042],[-83.96727,37.71874],[-83.96721,37.71753],[-83.96714,37.71739],[-83.9667,37.71731],[-83.96626,37.71769],[-83.96583,37.71827],[-83.96524,37.71872],[-83.96465,37.71873],[-83.96414,37.71829],[-83.96407,37.71776],[-83.96412,37.71729],[-83.96484,37.71567],[-83.96541,37.71459],[-83.96554,37.71418],[-83.96546,37.71403],[-83.96418,37.71411],[-83.9613,37.7146],[-83.95841,37.71522],[-83.95611,37.71584],[-83.95348,37.71612],[-83.95289,37.71609],[-83.95236,37.7159],[-83.95219,37.71544],[-83.95221,37.71534],[-83.95265,37.7149],[-83.95396,37.71411],[-83.95782,37.71286],[-83.96012,37.71219],[-83.96175,37.71151],[-83.96284,37.71098],[-83.96516,37.7098],[-83.96748,37.70852],[-83.96917,37.70732],[-83.97003,37.70638],[-83.97069,37.70517],[-83.97084,37.70461],[-83.97084,37.70427],[-83.97079,37.70407],[-83.97038,37.7033],[-83.96966,37.70282],[-83.96774,37.70188],[-83.967,37.70137],[-83.96442,37.70004],[-83.96062,37.69706],[-83.9601,37.69656],[-83.95882,37.69511],[-83.95805,37.69407],[-83.95579,37.69034],[-83.95516,37.69007],[-83.95492,37.69031],[-83.95491,37.69045],[-83.95546,37.69081],[-83.95501,37.69126],[-83.95442,37.6914],[-83.95416,37.69224],[-83.94563,37.68837],[-83.9454,37.68875],[-83.94476,37.68921],[-83.94489,37.6895],[-83.94487,37.68959],[-83.94434,37.69042],[-83.9429,37.69174],[-83.94171,37.69323],[-83.94117,37.69434],[-83.94076,37.69542],[-83.94073,37.69568],[-83.94025,37.69579],[-83.9393,37.69615],[-83.93814,37.69641],[-83.93724,37.69636],[-83.93649,37.69555],[-83.9357,37.69537],[-83.93397,37.69571],[-83.93196,37.69627],[-83.9302,37.69605],[-83.92941,37.69674],[-83.92912,37.69869],[-83.92927,37.69965],[-83.92923,37.69981],[-83.92825,37.70042],[-83.9263,37.70119],[-83.92348,37.70305],[-83.92248,37.70346],[-83.92213,37.70387],[-83.92162,37.70413],[-83.92102,37.70541],[-83.92054,37.70545],[-83.92011,37.7054],[-83.91987,37.70568],[-83.91919,37.70664],[-83.91899,37.70704],[-83.91877,37.70778],[-83.91843,37.70828],[-83.91743,37.70842],[-83.91584,37.70875],[-83.9148,37.70752],[-83.91388,37.70701],[-83.91308,37.70684],[-83.91229,37.70692],[-83.91165,37.70714],[-83.91096,37.70746],[-83.9104,37.70794],[-83.9091,37.70656],[-83.90872,37.70628],[-83.90833,37.70588],[-83.90821,37.70498],[-83.90839,37.70443],[-83.91023,37.70339],[-83.91865,37.70283],[-83.91901,37.70239],[-83.91961,37.70182],[-83.92045,37.70132],[-83.92097,37.70084],[-83.92166,37.69976],[-83.92282,37.69824],[-83.92321,37.69797],[-83.92362,37.69794],[-83.92369,37.69765],[-83.92396,37.69736],[-83.9243,37.69711],[-83.92512,37.6967],[-83.9257,37.69608],[-83.92633,37.69555],[-83.92707,37.69519],[-83.92723,37.69505],[-83.92783,37.69382],[-83.92786,37.69358],[-83.92774,37.69303],[-83.92723,37.69196],[-83.9274,37.69167],[-83.928,37.69123],[-83.92923,37.69068],[-83.92956,37.69059],[-83.93015,37.69057],[-83.93042,37.69035],[-83.93071,37.68983],[-83.93094,37.68975],[-83.93259,37.6899],[-83.93323,37.68981],[-83.93382,37.68987],[-83.93448,37.68972],[-83.93542,37.68988],[-83.93665,37.68966],[-83.93696,37.68944],[-83.93712,37.6891],[-83.93745,37.68893],[-83.93752,37.68868],[-83.93748,37.68847],[-83.93755,37.68832],[-83.93813,37.6882],[-83.93845,37.6877],[-83.93859,37.68713],[-83.9388,37.68674],[-83.93899,37.68658],[-83.94015,37.68606],[-83.94034,37.68593],[-83.94054,37.68567],[-83.94073,37.68558],[-83.94236,37.68558],[-83.94311,37.6854],[-83.94322,37.68547],[-83.94321,37.68581],[-83.94335,37.68592],[-83.94386,37.68595],[-83.9445,37.68582],[-83.94463,37.68556],[-83.94445,37.68528],[-83.94434,37.68494],[-83.9445,37.68456],[-83.94437,37.68446],[-83.94387,37.68443],[-83.94363,37.68433],[-83.94292,37.68368],[-83.94284,37.68329],[-83.9429,37.68313],[-83.94307,37.68299],[-83.94499,37.68211],[-83.94515,37.68192],[-83.94521,37.68165],[-83.94514,37.68149],[-83.94496,37.68137],[-83.94398,37.68121],[-83.94393,37.68087],[-83.94328,37.68058],[-83.94323,37.68034],[-83.94328,37.68014],[-83.9428,37.68012],[-83.94016,37.68037],[-83.93512,37.68102],[-83.93143,37.68207],[-83.92982,37.68245],[-83.92681,37.68272],[-83.9242,37.68254],[-83.91895,37.68203],[-83.91793,37.68185],[-83.91478,37.681],[-83.91302,37.68024],[-83.91116,37.67922],[-83.90895,37.6778],[-83.90509,37.67555],[-83.90174,37.67332],[-83.89945,37.67215],[-83.89886,37.67222],[-83.89697,37.67185],[-83.89686,37.67179],[-83.89597,37.67065],[-83.89581,37.67052],[-83.89404,37.66963],[-83.89259,37.66924],[-83.89195,37.66888],[-83.89117,37.66878],[-83.88611,37.66967],[-83.88496,37.67019],[-83.88511,37.67053],[-83.88508,37.67096],[-83.88497,37.67124],[-83.88223,37.67298],[-83.88067,37.67326],[-83.87931,37.67362],[-83.87776,37.67425],[-83.87655,37.67512],[-83.87603,37.67534],[-83.87532,37.67546],[-83.87392,37.67551],[-83.87346,37.67562],[-83.87295,37.67586],[-83.8725,37.67613],[-83.87212,37.67645],[-83.87173,37.677],[-83.87102,37.67827],[-83.87057,37.67864],[-83.86919,37.67893],[-83.86859,37.67897],[-83.86772,37.6787],[-83.86675,37.6783],[-83.86618,37.67814],[-83.86567,37.67812],[-83.86488,37.67834],[-83.86447,37.67856],[-83.86293,37.68017],[-83.86276,37.68027],[-83.86244,37.68032],[-83.86155,37.67999],[-83.86052,37.67993],[-83.86006,37.68004],[-83.85983,37.68022],[-83.85949,37.68063],[-83.85919,37.68054],[-83.85943,37.67977],[-83.85966,37.67858],[-83.85958,37.67769],[-83.85903,37.67437],[-83.85904,37.67414],[-83.85914,37.6739],[-83.86015,37.67266],[-83.86029,37.67241],[-83.86033,37.67216],[-83.86019,37.67183],[-83.85896,37.67069],[-83.85749,37.6699],[-83.85749,37.66985],[-83.86181,37.66723],[-83.86216,37.66757],[-83.86336,37.66846],[-83.8642,37.66888],[-83.8651,37.66907],[-83.86576,37.66912],[-83.86659,37.66895],[-83.86833,37.66834],[-83.86896,37.66802],[-83.86918,37.66786],[-83.8694,37.66751],[-83.86999,37.66601],[-83.87094,37.66313],[-83.87132,37.6624],[-83.87169,37.66201],[-83.8743,37.66055],[-83.87493,37.66012],[-83.87529,37.65942],[-83.87546,37.65888],[-83.87552,37.65726],[-83.87529,37.65688],[-83.87427,37.65576],[-83.87395,37.65546],[-83.87343,37.65512],[-83.87225,37.65475],[-83.87212,37.65463],[-83.87188,37.65416],[-83.87068,37.65306],[-83.87022,37.65252],[-83.86897,37.65172],[-83.86758,37.65103],[-83.86611,37.64987],[-83.86615,37.64978],[-83.86978,37.64605],[-83.87057,37.64546],[-83.8716,37.64495],[-83.87274,37.64463],[-83.87274,37.64419],[-83.87394,37.64374],[-83.87442,37.64357],[-83.87493,37.64352],[-83.87546,37.64365],[-83.87564,37.64381],[-83.87578,37.64406],[-83.87649,37.64616],[-83.87761,37.64743],[-83.87788,37.64786],[-83.87885,37.64901],[-83.87982,37.64984],[-83.88035,37.6501],[-83.88215,37.65072],[-83.88241,37.65092],[-83.88264,37.6516],[-83.8831,37.65254],[-83.88342,37.65289],[-83.88397,37.65386],[-83.88419,37.65459],[-83.88483,37.6558],[-83.88692,37.65738],[-83.88936,37.65803],[-83.8909,37.65818],[-83.89158,37.65845],[-83.89261,37.65898],[-83.89226,37.65975],[-83.8939,37.6604],[-83.89546,37.66115],[-83.89743,37.66262],[-83.89921,37.6636],[-83.90073,37.66393],[-83.90177,37.66374],[-83.90331,37.66435],[-83.90612,37.66448],[-83.90743,37.66489],[-83.90857,37.66513],[-83.90897,37.66552],[-83.90942,37.66583],[-83.91034,37.66674],[-83.91075,37.66702],[-83.91098,37.66746],[-83.91112,37.66758],[-83.91226,37.66784],[-83.91484,37.66891],[-83.91643,37.66978],[-83.91723,37.67049],[-83.91786,37.67117],[-83.91863,37.67172],[-83.91932,37.67213],[-83.92061,37.67254],[-83.92155,37.67399],[-83.92184,37.674],[-83.92275,37.67378],[-83.92353,37.6739],[-83.92422,37.67387],[-83.92682,37.67403],[-83.92771,37.67389],[-83.93001,37.67419],[-83.93102,37.67399],[-83.93211,37.67309],[-83.93292,37.67256],[-83.93484,37.67334],[-83.93518,37.6734],[-83.93549,37.67337],[-83.93573,37.6733],[-83.93636,37.6726],[-83.93849,37.67142],[-83.93912,37.67116],[-83.94079,37.67127],[-83.94467,37.6712],[-83.94649,37.67177],[-83.94806,37.6721],[-83.95113,37.67297],[-83.95266,37.6729],[-83.95354,37.67261],[-83.95516,37.67282],[-83.95581,37.67259],[-83.95609,37.6726],[-83.95631,37.67266],[-83.95668,37.67292],[-83.95746,37.67383],[-83.95813,37.6741],[-83.95846,37.67494],[-83.95901,37.67563],[-83.96056,37.67691],[-83.96139,37.67729],[-83.96348,37.67797],[-83.9665,37.67878],[-83.96729,37.67931],[-83.96915,37.68007],[-83.96932,37.68004],[-83.96952,37.67963],[-83.96981,37.67939],[-83.9703,37.67919],[-83.97181,37.6788],[-83.97233,37.67853],[-83.97392,37.67713],[-83.97454,37.67679],[-83.97529,37.67686],[-83.97793,37.67746],[-83.98056,37.67729],[-83.98301,37.67755],[-83.98332,37.67751],[-83.98418,37.67716],[-83.98495,37.67706],[-83.98582,37.67681],[-83.98622,37.67647],[-83.98718,37.67605],[-83.98807,37.67505],[-83.98811,37.67486],[-83.98783,37.6745],[-83.98796,37.67431],[-83.98815,37.6743],[-83.98863,37.67451],[-83.98877,37.6745],[-83.98953,37.67419],[-83.99072,37.67355],[-83.99203,37.67312],[-83.99304,37.67264],[-83.99434,37.67249],[-83.99476,37.67187],[-83.99507,37.67085],[-83.99502,37.6702],[-83.9948,37.66914],[-83.99441,37.66831],[-83.99421,37.66804],[-83.99276,37.66698],[-83.98956,37.66486],[-83.98872,37.66416],[-83.98813,37.66379],[-83.98735,37.66342],[-83.98647,37.66283],[-83.98588,37.66257],[-83.98475,37.66239],[-83.98428,37.66218],[-83.98276,37.66104],[-83.98213,37.66044],[-83.9819,37.66003],[-83.98185,37.65986],[-83.98189,37.65937],[-83.98207,37.65911],[-83.98225,37.65898],[-83.9826,37.65885],[-83.98361,37.65868],[-83.9852,37.65856],[-83.98531,37.6585],[-83.98588,37.65799],[-83.98722,37.65623],[-83.98747,37.65578],[-83.98756,37.65533],[-83.9875,37.65486],[-83.98624,37.65166],[-83.98486,37.65059],[-83.98443,37.65015],[-83.98414,37.64995],[-83.98383,37.64985],[-83.98334,37.64981],[-83.98033,37.64869],[-83.97707,37.64681],[-83.97697,37.64665],[-83.97642,37.64496],[-83.97597,37.64393],[-83.97544,37.64297],[-83.97521,37.64276],[-83.97378,37.64231],[-83.97302,37.64192],[-83.97156,37.64183],[-83.97092,37.6416],[-83.96964,37.64142],[-83.96955,37.64134],[-83.9686,37.63939],[-83.96782,37.63853],[-83.96749,37.63826],[-83.96504,37.63707],[-83.96408,37.63642],[-83.96285,37.63537],[-83.9618,37.63488],[-83.96099,37.6343],[-83.95998,37.63417],[-83.95827,37.6341],[-83.95776,37.63395],[-83.95733,37.63338],[-83.95712,37.63294],[-83.95705,37.63252],[-83.95709,37.63143],[-83.95719,37.63064],[-83.9567,37.62905],[-83.95554,37.62799],[-83.95423,37.62695],[-83.95377,37.62637],[-83.95336,37.62562],[-83.95331,37.62545],[-83.95334,37.62509],[-83.95349,37.62481],[-83.95385,37.62368],[-83.95391,37.62305],[-83.95373,37.62238],[-83.95343,37.6219],[-83.95298,37.62143],[-83.95258,37.62113],[-83.95157,37.62064],[-83.95088,37.62043],[-83.95,37.62028],[-83.94941,37.62036],[-83.94835,37.62071],[-83.94753,37.62119],[-83.94589,37.62283],[-83.94517,37.6234],[-83.94462,37.62369],[-83.94406,37.62381],[-83.94332,37.62384],[-83.94054,37.62359],[-83.94036,37.62354],[-83.9401,37.62335],[-83.93978,37.62273],[-83.93946,37.62125],[-83.93925,37.61873],[-83.93913,37.61836],[-83.93801,37.61713],[-83.93676,37.61614],[-83.93551,37.61494],[-83.93474,37.61441],[-83.93416,37.61417],[-83.93375,37.61409],[-83.93291,37.61409],[-83.93233,37.61418],[-83.93185,37.61436],[-83.92924,37.61623],[-83.92867,37.61653],[-83.92768,37.61677],[-83.9273,37.61672],[-83.92691,37.61652],[-83.92474,37.61443],[-83.92433,37.61389],[-83.92413,37.61335],[-83.92396,37.61198],[-83.92405,37.61154],[-83.92439,37.61072],[-83.9244,37.61021],[-83.92378,37.60698],[-83.92438,37.60507],[-83.92441,37.60488],[-83.92436,37.6047],[-83.92389,37.60394],[-83.92262,37.60237],[-83.92217,37.60239],[-83.92119,37.60216],[-83.92098,37.60204],[-83.92073,37.60167],[-83.92979,37.60281],[-83.92978,37.60297],[-83.92916,37.60401],[-83.92823,37.60477],[-83.92776,37.60538],[-83.92727,37.60589],[-83.92713,37.6062],[-83.92709,37.60694],[-83.92714,37.60752],[-83.92747,37.60858],[-83.92812,37.60997],[-83.92901,37.61047],[-83.92955,37.61066],[-83.93035,37.61068],[-83.93163,37.61055],[-83.93231,37.61059],[-83.93578,37.61101],[-83.93666,37.61125],[-83.93804,37.61146],[-83.93874,37.61153],[-83.93995,37.61151],[-83.94048,37.61169],[-83.94067,37.61187],[-83.94068,37.61216],[-83.94083,37.61232],[-83.94175,37.61242],[-83.9419,37.61293],[-83.94189,37.61353],[-83.94195,37.61382],[-83.94284,37.61647],[-83.94313,37.61677],[-83.94407,37.61731],[-83.94467,37.61775],[-83.94509,37.61795],[-83.94577,37.61804],[-83.94695,37.61774],[-83.94751,37.61753],[-83.94824,37.61703],[-83.949,37.61635],[-83.94979,37.61529],[-83.95021,37.61505],[-83.95072,37.61493],[-83.95133,37.61493],[-83.95205,37.6151],[-83.95263,37.61539],[-83.95313,37.61554],[-83.95363,37.61598],[-83.95447,37.61634],[-83.95523,37.61656],[-83.95663,37.61684],[-83.95734,37.61683],[-83.95789,37.61664],[-83.9582,37.616],[-83.95868,37.61616],[-83.959,37.61616],[-83.95913,37.61629],[-83.95929,37.61668],[-83.95951,37.61678],[-83.95913,37.6178],[-83.95913,37.61837],[-83.95929,37.61906],[-83.95973,37.6199],[-83.95989,37.62035],[-83.95996,37.62096],[-83.96005,37.6212],[-83.96111,37.62207],[-83.96169,37.62233],[-83.96223,37.62271],[-83.9626,37.62277],[-83.96291,37.62321],[-83.9632,37.62342],[-83.96332,37.62377],[-83.96396,37.62405],[-83.96549,37.62509],[-83.96803,37.62706],[-83.96833,37.62746],[-83.96812,37.62849],[-83.96815,37.62867],[-83.96876,37.63121],[-83.96898,37.63159],[-83.97007,37.63225],[-83.9707,37.63239],[-83.97104,37.63282],[-83.97234,37.63336],[-83.97326,37.63351],[-83.97407,37.63345],[-83.9747,37.63324],[-83.97754,37.63165],[-83.97797,37.63135],[-83.97991,37.63051],[-83.98117,37.63014],[-83.98306,37.62906],[-83.98436,37.62795],[-83.9849,37.62736],[-83.98614,37.62527],[-83.98675,37.62486],[-83.98781,37.62361],[-83.9883,37.62319],[-83.98907,37.62272],[-83.98967,37.62245],[-83.98997,37.62244],[-83.99076,37.62168],[-83.99136,37.6214],[-83.99192,37.62096],[-83.99228,37.62078],[-83.99216,37.61958],[-83.99595,37.61878],[-83.99747,37.6183],[-83.99993,37.61731],[-84.00175,37.61706],[-84.00325,37.6164],[-84.00418,37.6159],[-84.005,37.61537],[-84.00589,37.61461],[-84.00634,37.61411],[-84.00653,37.61376],[-84.00656,37.61223],[-84.00641,37.61171],[-84.00617,37.61132],[-84.00614,37.61111],[-84.00628,37.61086],[-84.0066,37.61066],[-84.0072,37.61042],[-84.0093,37.61047],[-84.00984,37.61062],[-84.00996,37.61057],[-84.0103,37.61094],[-84.01063,37.61108],[-84.01139,37.61132],[-84.01208,37.61145],[-84.01278,37.61132],[-84.01311,37.61132],[-84.01381,37.61146],[-84.0146,37.61128],[-84.01484,37.61133],[-84.0157,37.61132],[-84.01754,37.61159],[-84.01914,37.61124],[-84.02066,37.61106],[-84.0211,37.6109],[-84.02177,37.61041],[-84.02216,37.6098],[-84.02251,37.6094],[-84.02311,37.60892],[-84.0237,37.60834],[-84.02398,37.6082],[-84.02417,37.60769],[-84.02422,37.60726],[-84.02383,37.60595],[-84.02424,37.60552],[-84.0246,37.60525],[-84.02487,37.60477],[-84.02554,37.60396],[-84.02608,37.60343],[-84.02662,37.60302],[-84.02816,37.60211],[-84.02915,37.60193],[-84.02925,37.60194],[-84.02949,37.60222],[-84.02956,37.60221],[-84.03025,37.60178],[-84.03056,37.60175],[-84.03086,37.60162],[-84.03174,37.6],[-84.03207,37.59964],[-84.03274,37.5991],[-84.03303,37.59863],[-84.03308,37.5984],[-84.03329,37.59799],[-84.03403,37.59823],[-84.03577,37.599],[-84.0362,37.59913],[-84.03714,37.59913],[-84.03997,37.59866],[-84.04,37.59842],[-84.04063,37.59783],[-84.04133,37.59737],[-84.04245,37.59649],[-84.04297,37.59575],[-84.0433,37.59478],[-84.04335,37.59394],[-84.04326,37.59232],[-84.04344,37.59143],[-84.04382,37.59127],[-84.04419,37.59125],[-84.04624,37.59079],[-84.04768,37.59081],[-84.04827,37.59091],[-84.04929,37.59044],[-84.0495,37.5904],[-84.04986,37.59045],[-84.05003,37.59057],[-84.05142,37.59241],[-84.05174,37.59223],[-84.05222,37.59183],[-84.05272,37.59111],[-84.053,37.59084],[-84.05327,37.59011],[-84.05373,37.58965],[-84.05403,37.5892],[-84.05435,37.58851],[-84.05485,37.58797],[-84.05538,37.5869],[-84.05541,37.58665],[-84.0553,37.58624],[-84.05454,37.5842],[-84.05445,37.58376],[-84.05448,37.58348],[-84.05458,37.58326],[-84.05509,37.5833],[-84.05554,37.58351],[-84.05588,37.58347],[-84.0565,37.58374],[-84.05769,37.58372],[-84.0592,37.58348],[-84.06059,37.58308],[-84.06103,37.58274],[-84.06133,37.58262],[-84.06212,37.58249],[-84.06223,37.5832],[-84.06288,37.58388],[-84.0633,37.58458],[-84.06416,37.58531],[-84.06442,37.5854],[-84.06451,37.5854],[-84.06623,37.58446],[-84.06861,37.5837],[-84.06921,37.58356],[-84.06949,37.58358],[-84.06969,37.58373],[-84.06982,37.58397],[-84.07024,37.58522],[-84.07024,37.5856],[-84.07031,37.58576],[-84.0709,37.58639],[-84.07428,37.58746],[-84.07975,37.58577],[-84.08046,37.58541],[-84.08085,37.58508],[-84.08251,37.58404],[-84.0831,37.58382],[-84.08379,37.58361],[-84.08416,37.58358],[-84.08693,37.58353],[-84.08696,37.58318],[-84.08709,37.58289],[-84.08766,37.58259],[-84.08842,37.58169],[-84.08993,37.58069],[-84.0906,37.58049],[-84.09181,37.58038],[-84.09228,37.58021],[-84.09261,37.58017],[-84.09414,37.58043],[-84.09505,37.58072],[-84.09564,37.58103],[-84.09587,37.58117],[-84.0962,37.58153],[-84.09636,37.58207],[-84.0968,37.58309],[-84.09699,37.58333],[-84.09737,37.58364],[-84.09877,37.58435],[-84.09969,37.5845],[-84.1014,37.58511],[-84.10201,37.58517],[-84.10423,37.58497],[-84.10581,37.58514],[-84.10647,37.58509],[-84.10731,37.58485],[-84.10831,37.58413],[-84.10981,37.58478],[-84.11071,37.58507],[-84.11087,37.58406],[-84.11086,37.58345],[-84.11071,37.58264],[-84.11117,37.58274],[-84.11149,37.58264],[-84.11221,37.58181],[-84.11382,37.58063],[-84.11425,37.58052],[-84.11508,37.58052],[-84.11601,37.57941],[-84.11674,37.57814],[-84.1171,37.5778],[-84.11744,37.57761],[-84.11754,37.57743],[-84.1176,37.57707],[-84.1181,37.57656],[-84.11836,37.57639],[-84.1193,37.57603],[-84.11964,37.57579],[-84.11983,37.57575],[-84.11978,37.57537],[-84.12027,37.57454],[-84.12089,37.57388],[-84.122,37.57307],[-84.12233,37.57232],[-84.12263,37.57197],[-84.12331,37.5714],[-84.12354,37.57093],[-84.12403,37.57042],[-84.12425,37.57001],[-84.12462,37.56971],[-84.12477,37.56948],[-84.12494,37.569],[-84.12513,37.56877],[-84.12532,37.56835],[-84.12517,37.56772],[-84.12516,37.5673],[-84.12542,37.56654],[-84.12516,37.56572],[-84.12524,37.56557],[-84.12558,37.5653],[-84.12565,37.5651],[-84.12557,37.56409],[-84.12568,37.56384],[-84.12562,37.56364],[-84.12568,37.56318],[-84.12588,37.56254],[-84.12571,37.56188],[-84.1253,37.56145],[-84.12504,37.56102],[-84.12499,37.56011],[-84.12475,37.55979],[-84.12457,37.55903],[-84.12405,37.5579],[-84.12394,37.55628],[-84.12405,37.55584],[-84.12403,37.55542],[-84.12383,37.5547],[-84.12336,37.55391],[-84.12276,37.55323],[-84.1222,37.55303],[-84.12041,37.55209],[-84.11919,37.55179],[-84.11862,37.55135],[-84.11834,37.55105],[-84.11827,37.55088],[-84.11963,37.55072],[-84.11978,37.55059],[-84.11998,37.54992],[-84.12025,37.5497],[-84.12068,37.54952],[-84.12111,37.54936],[-84.12187,37.54947],[-84.12261,37.54971],[-84.12317,37.55009],[-84.12424,37.55015],[-84.12461,37.55031],[-84.12494,37.55036],[-84.12531,37.55089],[-84.12584,37.55149],[-84.12604,37.5516],[-84.12762,37.55158],[-84.12798,37.55168],[-84.12857,37.5524],[-84.12882,37.55285],[-84.1291,37.55356],[-84.12934,37.55368],[-84.13005,37.55376],[-84.13139,37.55424],[-84.13149,37.55404],[-84.13164,37.55321],[-84.13181,37.55182],[-84.13203,37.55127],[-84.13278,37.55074],[-84.13446,37.54995],[-84.13494,37.54979],[-84.13522,37.54978],[-84.13583,37.55002],[-84.13735,37.5508],[-84.13829,37.55093],[-84.13878,37.5507],[-84.14131,37.54995],[-84.14264,37.54937],[-84.14272,37.54915],[-84.1426,37.54741],[-84.14271,37.54709],[-84.14348,37.54601],[-84.14284,37.54509],[-84.14264,37.54472],[-84.14253,37.54427],[-84.14166,37.54342],[-84.14188,37.5427],[-84.14167,37.54217],[-84.14097,37.54107],[-84.13976,37.53998],[-84.1395,37.53994],[-84.1384,37.5401],[-84.13782,37.54008],[-84.13737,37.53982],[-84.13645,37.53907],[-84.13638,37.53888],[-84.13633,37.53735],[-84.13615,37.53653],[-84.13586,37.53611],[-84.13532,37.5356],[-84.13526,37.53538],[-84.13525,37.53465],[-84.13461,37.53385],[-84.13429,37.53358],[-84.13388,37.53341],[-84.13342,37.53329],[-84.13235,37.53317],[-84.13123,37.53277],[-84.13082,37.53273],[-84.13009,37.53302],[-84.12975,37.53309],[-84.12841,37.53287],[-84.12753,37.53217],[-84.12643,37.53179],[-84.12594,37.53155],[-84.12493,37.53027],[-84.12428,37.52964],[-84.1222,37.52874],[-84.12186,37.52867],[-84.12158,37.52868],[-84.12078,37.52894],[-84.12051,37.52897],[-84.11944,37.52878],[-84.11863,37.52753],[-84.11791,37.52667],[-84.11741,37.52573],[-84.11729,37.52538],[-84.11707,37.52451],[-84.11688,37.52303],[-84.11687,37.52198],[-84.11704,37.52109],[-84.11695,37.52082],[-84.11674,37.52064],[-84.11605,37.52076],[-84.11391,37.52155],[-84.11323,37.52172],[-84.10715,37.52186],[-84.106,37.52198],[-84.10531,37.52189],[-84.10428,37.52156],[-84.10353,37.52155],[-84.10242,37.52185],[-84.10202,37.52184],[-84.10099,37.5216],[-84.1002,37.52149],[-84.09915,37.52165],[-84.09901,37.52158],[-84.09899,37.52141],[-84.09913,37.52069],[-84.09834,37.51984],[-84.09811,37.51898],[-84.09797,37.51877],[-84.09782,37.51868],[-84.09765,37.51864],[-84.09709,37.51868],[-84.09618,37.5192],[-84.0949,37.51959],[-84.09449,37.51958],[-84.09416,37.51944],[-84.09324,37.51876],[-84.09311,37.51848],[-84.09329,37.51776],[-84.09314,37.51746],[-84.09299,37.51733],[-84.09262,37.51729],[-84.09145,37.51738],[-84.08965,37.51693],[-84.0889,37.51574],[-84.0887,37.51572],[-84.08836,37.51581],[-84.08711,37.51645],[-84.08689,37.5165],[-84.08656,37.51646],[-84.08636,37.5163],[-84.08621,37.51567],[-84.08604,37.51549],[-84.08508,37.51525],[-84.08472,37.51524],[-84.08432,37.51549],[-84.08283,37.51565],[-84.08258,37.51571],[-84.08235,37.51586],[-84.08224,37.51614],[-84.08242,37.51728],[-84.08229,37.5176],[-84.08198,37.51778],[-84.0788,37.5176],[-84.07768,37.51795],[-84.07651,37.51848],[-84.07544,37.51839],[-84.07461,37.5184],[-84.07432,37.51833],[-84.07392,37.51807],[-84.07331,37.51783],[-84.07257,37.51776],[-84.07189,37.51778],[-84.07127,37.5181],[-84.07036,37.51824],[-84.06997,37.51845],[-84.06974,37.51868],[-84.06939,37.51937],[-84.06918,37.51954],[-84.06792,37.51982],[-84.06707,37.52029],[-84.06604,37.52044],[-84.06546,37.52064],[-84.06463,37.52142],[-84.06436,37.52157],[-84.06292,37.5216],[-84.06271,37.52155],[-84.06236,37.52134],[-84.06148,37.52112],[-84.06091,37.52119],[-84.06002,37.5215],[-84.0593,37.52181],[-84.05897,37.52206],[-84.05846,37.52274],[-84.05842,37.52308],[-84.05871,37.52454],[-84.05867,37.52496],[-84.05845,37.52525],[-84.05815,37.52547],[-84.05744,37.52574],[-84.05587,37.52594],[-84.0552,37.52584],[-84.05444,37.52584],[-84.05368,37.5256],[-84.05299,37.52514],[-84.05167,37.52498],[-84.05133,37.52504],[-84.05061,37.52534],[-84.05007,37.52537],[-84.0497,37.52522],[-84.04924,37.52476],[-84.04886,37.52425],[-84.04859,37.52402],[-84.04779,37.52381],[-84.04646,37.52361],[-84.04582,37.52365],[-84.04495,37.52388],[-84.04384,37.52432],[-84.04086,37.52455],[-84.03938,37.52502],[-84.03866,37.52499],[-84.0378,37.52462],[-84.0375,37.52433],[-84.03734,37.5237],[-84.03716,37.52329],[-84.03706,37.52268],[-84.03663,37.52212],[-84.03642,37.52196],[-84.03561,37.5216],[-84.03441,37.52069],[-84.03392,37.52012],[-84.03386,37.51966],[-84.03442,37.51869],[-84.0343,37.51845],[-84.03277,37.5181],[-84.03156,37.51813],[-84.03114,37.51807],[-84.02953,37.51751],[-84.02925,37.51717],[-84.02892,37.51641],[-84.02911,37.51584],[-84.02959,37.51546],[-84.02969,37.51479],[-84.02927,37.51395],[-84.02927,37.5132],[-84.02953,37.51244],[-84.02957,37.51211],[-84.02931,37.51126],[-84.02923,37.51066],[-84.02998,37.50999],[-84.03142,37.50912],[-84.0329,37.50786],[-84.03359,37.50782],[-84.03412,37.50747],[-84.03443,37.50736],[-84.03488,37.50736],[-84.0358,37.50753],[-84.03697,37.50758],[-84.03808,37.50774],[-84.03852,37.50796],[-84.0392,37.50872],[-84.03953,37.50884],[-84.04003,37.50876],[-84.04019,37.50864],[-84.042,37.50652],[-84.04242,37.50635],[-84.04355,37.5063],[-84.044,37.50613],[-84.04417,37.506],[-84.04455,37.50544],[-84.04518,37.50489],[-84.04554,37.50439],[-84.04594,37.50338],[-84.04667,37.50244],[-84.04724,37.50143],[-84.04846,37.50054],[-84.04942,37.50009],[-84.04974,37.49954],[-84.05011,37.4992],[-84.05135,37.49868],[-84.0529,37.49839],[-84.05466,37.49787],[-84.05501,37.49768],[-84.0561,37.4968],[-84.05699,37.49629],[-84.05736,37.4962],[-84.06007,37.49618],[-84.06231,37.49628],[-84.06362,37.49647],[-84.0654,37.49533],[-84.06693,37.49463],[-84.06827,37.49373],[-84.06892,37.49362],[-84.06989,37.49368],[-84.07085,37.49363],[-84.07257,37.49335],[-84.07313,37.49311],[-84.07426,37.49236],[-84.07646,37.49059],[-84.07803,37.48977],[-84.07855,37.48886],[-84.07911,37.48815],[-84.07953,37.48658],[-84.08002,37.4856],[-84.08094,37.48479],[-84.08143,37.48374],[-84.08289,37.48397],[-84.08544,37.48483],[-84.0863,37.48504],[-84.08695,37.48508],[-84.08851,37.48499],[-84.089,37.48503],[-84.08963,37.48518],[-84.09114,37.48591],[-84.09194,37.486],[-84.09225,37.48598],[-84.09288,37.48571],[-84.09377,37.48479],[-84.09501,37.48411],[-84.09555,37.48344],[-84.09579,37.48276],[-84.09601,37.48259],[-84.09671,37.48235],[-84.0976,37.48236],[-84.0994,37.48329],[-84.10116,37.48354],[-84.10262,37.48407],[-84.10386,37.48428],[-84.10413,37.48426],[-84.10989,37.48287],[-84.11255,37.4828],[-84.11315,37.48289],[-84.11359,37.48309],[-84.11347,37.4829],[-84.11346,37.4824],[-84.11414,37.48013],[-84.11412,37.47956],[-84.11463,37.47852],[-84.11561,37.4773],[-84.11729,37.47589],[-84.11746,37.47561],[-84.11746,37.47526],[-84.11874,37.47506],[-84.11984,37.47467],[-84.12057,37.47414],[-84.12098,37.47372],[-84.12135,37.47346],[-84.12218,37.47307],[-84.12264,37.47275],[-84.12351,37.47198],[-84.12355,37.47185],[-84.1235,37.4717],[-84.12316,37.47131],[-84.12282,37.47073],[-84.12262,37.46927],[-84.12281,37.46893],[-84.12299,37.4688],[-84.1232,37.4679],[-84.12353,37.4672],[-84.12401,37.46655],[-84.12464,37.46592],[-84.12586,37.4652],[-84.12615,37.46437],[-84.1274,37.46345],[-84.12844,37.46284],[-84.1288,37.46251],[-84.12956,37.46135],[-84.12987,37.46047],[-84.13021,37.46003],[-84.13076,37.45959],[-84.13123,37.46],[-84.13179,37.4603],[-84.13228,37.46106],[-84.13278,37.46142],[-84.1331,37.46157],[-84.13448,37.4619],[-84.13488,37.46205],[-84.13674,37.46309],[-84.13794,37.46392],[-84.1389,37.46424],[-84.13907,37.46419],[-84.13942,37.46391],[-84.13965,37.46383],[-84.14002,37.46374],[-84.14039,37.46377],[-84.14158,37.46528],[-84.14196,37.46628],[-84.14261,37.46721],[-84.14329,37.46752],[-84.14389,37.46792],[-84.14467,37.46817],[-84.14532,37.46855],[-84.14624,37.46873],[-84.14643,37.46892],[-84.14676,37.46947],[-84.14695,37.46964],[-84.14773,37.46988],[-84.14835,37.47033],[-84.14855,37.47039],[-84.14945,37.47037],[-84.14966,37.47043],[-84.14983,37.47072],[-84.14989,37.4713],[-84.15071,37.47209],[-84.15098,37.47223],[-84.15178,37.47237],[-84.15204,37.47247],[-84.15285,37.47218],[-84.15407,37.47118],[-84.15433,37.47065],[-84.15485,37.47029],[-84.15534,37.47017],[-84.15599,37.46953],[-84.15615,37.46929],[-84.15633,37.46877],[-84.15649,37.46871],[-84.15839,37.46868],[-84.15931,37.46852],[-84.15974,37.46841],[-84.16144,37.46776],[-84.16232,37.46733],[-84.16269,37.46707],[-84.16356,37.46578],[-84.16371,37.46566],[-84.16507,37.46515],[-84.16574,37.46522],[-84.16612,37.46541],[-84.16639,37.46547],[-84.16669,37.46535],[-84.16744,37.46546],[-84.16813,37.46524],[-84.16865,37.46515],[-84.16955,37.46517],[-84.17045,37.46535],[-84.17171,37.46572],[-84.17222,37.466],[-84.17258,37.4661],[-84.17335,37.46694],[-84.17415,37.46805],[-84.17457,37.46831],[-84.17556,37.46826],[-84.17606,37.46817],[-84.17748,37.46756],[-84.1784,37.4676],[-84.17917,37.46809],[-84.17961,37.46822],[-84.18134,37.47082],[-84.18193,37.4703],[-84.18405,37.46964],[-84.18312,37.46571],[-84.18607,37.46533],[-84.18718,37.46527],[-84.18768,37.46533],[-84.188,37.4653],[-84.18902,37.46487],[-84.18927,37.46485],[-84.18963,37.46495],[-84.18986,37.4649],[-84.19006,37.46475],[-84.19012,37.46446],[-84.19034,37.46437],[-84.1906,37.46485],[-84.19084,37.46511],[-84.191,37.46519],[-84.19177,37.46532],[-84.19214,37.46549],[-84.19275,37.46598],[-84.19307,37.46632],[-84.19349,37.46653],[-84.19396,37.46702],[-84.19445,37.46722],[-84.19493,37.4672],[-84.19608,37.46686],[-84.19662,37.4668],[-84.19711,37.46684],[-84.19824,37.46645],[-84.19886,37.46644],[-84.19902,37.46635],[-84.19949,37.46562],[-84.20006,37.46542],[-84.20049,37.46544],[-84.20111,37.46568],[-84.20188,37.46568],[-84.2025,37.46558],[-84.20327,37.46531],[-84.20363,37.46549],[-84.20406,37.46587],[-84.20458,37.46642],[-84.20533,37.46749],[-84.20589,37.46804],[-84.20635,37.46834],[-84.20759,37.46881],[-84.20784,37.4688],[-84.20872,37.46805],[-84.20956,37.46751],[-84.2118,37.46699],[-84.21257,37.4669],[-84.21307,37.46701],[-84.21371,37.46704],[-84.21461,37.46747],[-84.21521,37.46784],[-84.21551,37.46792],[-84.21787,37.4674],[-84.21886,37.46683],[-84.21914,37.46678],[-84.22023,37.46702],[-84.22225,37.46776],[-84.22541,37.4694],[-84.22744,37.46759],[-84.2287,37.4666],[-84.22906,37.46598],[-84.22929,37.46515],[-84.22943,37.46488],[-84.23012,37.46398],[-84.23039,37.46386],[-84.23146,37.46416],[-84.2322,37.46446],[-84.23379,37.46535],[-84.2344,37.46585],[-84.23486,37.46637],[-84.23509,37.46682],[-84.23511,37.46744],[-84.23499,37.46851],[-84.23508,37.46884],[-84.23584,37.46951],[-84.23817,37.47024],[-84.23846,37.47021],[-84.23952,37.46986],[-84.23978,37.46985],[-84.24014,37.47005],[-84.24053,37.47062],[-84.24108,37.471],[-84.24133,37.47105],[-84.24192,37.47096],[-84.24223,37.47112],[-84.24236,37.47127],[-84.2425,37.47171],[-84.24271,37.47184],[-84.24301,37.47179],[-84.24333,37.47151],[-84.24396,37.47134],[-84.24408,37.47137],[-84.24439,37.47162],[-84.24459,37.47236],[-84.24497,37.47303],[-84.24511,37.47312],[-84.24555,37.47322],[-84.24612,37.47388],[-84.24629,37.47395],[-84.24722,37.474],[-84.24994,37.47431],[-84.2503,37.47426],[-84.2518,37.47383],[-84.2522,37.47381],[-84.25275,37.47392],[-84.25367,37.47449],[-84.25367,37.47376],[-84.25351,37.4725],[-84.25358,37.47223],[-84.25518,37.47119],[-84.25538,37.47099],[-84.25558,37.47048],[-84.256,37.46971],[-84.25704,37.46873],[-84.25761,37.46803],[-84.25837,37.46739],[-84.25858,37.46702],[-84.25851,37.46662],[-84.25852,37.4658],[-84.25864,37.46563],[-84.2593,37.46519],[-84.2595,37.46499],[-84.26051,37.46346],[-84.26064,37.46315],[-84.26107,37.4614],[-84.26112,37.46091],[-84.25967,37.45869],[-84.25939,37.4581],[-84.2591,37.4577],[-84.25891,37.45718],[-84.25884,37.45675],[-84.2589,37.45605],[-84.25913,37.45532],[-84.25936,37.45502],[-84.25982,37.45464],[-84.26077,37.45435],[-84.26279,37.45335],[-84.26432,37.45273],[-84.26454,37.45257],[-84.26605,37.45096],[-84.26622,37.45075],[-84.26659,37.44972],[-84.26689,37.44844],[-84.26747,37.44736],[-84.26799,37.44656],[-84.26808,37.44617],[-84.26796,37.44546],[-84.26812,37.44501],[-84.26997,37.44339],[-84.27095,37.44234],[-84.27115,37.44227],[-84.27276,37.44219],[-84.2734,37.44223],[-84.27458,37.44271],[-84.27483,37.44274],[-84.27645,37.44233],[-84.27664,37.44092],[-84.27692,37.43984],[-84.27672,37.43774],[-84.27679,37.43534],[-84.27695,37.43507],[-84.27719,37.4349],[-84.27816,37.43457],[-84.27946,37.43388],[-84.27978,37.43346],[-84.28043,37.43082],[-84.28023,37.42972],[-84.28025,37.42945],[-84.28048,37.42857],[-84.28171,37.42585],[-84.28193,37.42568],[-84.28285,37.42548],[-84.28373,37.42535],[-84.28506,37.42532],[-84.2868,37.42493],[-84.28733,37.42505],[-84.28838,37.42542],[-84.29048,37.42558],[-84.29229,37.42605],[-84.2928,37.42598],[-84.29384,37.42525],[-84.2946,37.42437],[-84.29488,37.42395],[-84.29619,37.42269],[-84.29629,37.42241],[-84.29664,37.42051],[-84.29679,37.42025],[-84.29731,37.4197],[-84.29314,37.41757],[-84.29296,37.41745],[-84.29288,37.41731],[-84.29286,37.41639],[-84.29294,37.41623],[-84.2938,37.41553],[-84.29398,37.41511],[-84.29416,37.41492],[-84.29527,37.41438],[-84.29546,37.41413],[-84.29505,37.41225],[-84.29443,37.41048],[-84.29451,37.41027],[-84.29514,37.40968],[-84.29539,37.40924],[-84.29281,37.40994],[-84.29185,37.41002],[-84.29121,37.40986],[-84.28971,37.40912],[-84.2889,37.4094],[-84.28823,37.4087],[-84.28806,37.40828],[-84.2881,37.40792],[-84.28833,37.4072],[-84.28847,37.40531],[-84.2883,37.40496],[-84.2876,37.40486],[-84.28744,37.40469],[-84.28784,37.4045],[-84.28859,37.40392],[-84.28875,37.40373],[-84.28902,37.40323],[-84.2892,37.40249],[-84.28898,37.40199],[-84.28865,37.40088],[-84.28809,37.39973],[-84.28774,37.39916],[-84.28768,37.39823],[-84.28728,37.398],[-84.28711,37.39761],[-84.2864,37.39685],[-84.28617,37.39645],[-84.28603,37.39632],[-84.28654,37.39546],[-84.28725,37.39468],[-84.2875,37.39423],[-84.28736,37.39425],[-84.28735,37.3941],[-84.2875,37.39369],[-84.28871,37.39238],[-84.2898,37.39169],[-84.29021,37.39118],[-84.2909,37.39096],[-84.29263,37.38991],[-84.29237,37.38827],[-84.29219,37.38774],[-84.28892,37.38213],[-84.28853,37.38154],[-84.28782,37.38068],[-84.28696,37.38007],[-84.28406,37.37872],[-84.28098,37.37742],[-84.27874,37.37658],[-84.27463,37.37479],[-84.274,37.37462],[-84.27333,37.37456],[-84.27286,37.37456],[-84.27162,37.37471],[-84.27026,37.37468],[-84.26983,37.37461],[-84.2695,37.37451],[-84.26857,37.37397],[-84.26806,37.37358],[-84.268,37.37339],[-84.26821,37.37322],[-84.26883,37.37233],[-84.26846,37.37171],[-84.26844,37.37151],[-84.26855,37.37127],[-84.26891,37.37099],[-84.27009,37.37038],[-84.27107,37.36955],[-84.27345,37.36818],[-84.27366,37.36796],[-84.27389,37.3673],[-84.27412,37.36638],[-84.27416,37.36597],[-84.27411,37.3653],[-84.27382,37.36448],[-84.2741,37.36393],[-84.27445,37.36355],[-84.27562,37.36262],[-84.27703,37.36111],[-84.27818,37.3597],[-84.27932,37.35903],[-84.28265,37.35765],[-84.28331,37.35701],[-84.28357,37.35628],[-84.28371,37.35498],[-84.28369,37.35407],[-84.28372,37.3539],[-84.28385,37.35373],[-84.28508,37.35323],[-84.28597,37.35274],[-84.28658,37.35248],[-84.28959,37.35206],[-84.29038,37.35161],[-84.29101,37.35101],[-84.29077,37.3508],[-84.28826,37.34929],[-84.28758,37.34912],[-84.28569,37.34893],[-84.28575,37.34861],[-84.28599,37.34846],[-84.28604,37.34836],[-84.28598,37.34782],[-84.28617,37.34739],[-84.28653,37.34683],[-84.2869,37.34649],[-84.28707,37.34617],[-84.28727,37.34519],[-84.28746,37.34495],[-84.28785,37.34468],[-84.28846,37.34457],[-84.28878,37.3436],[-84.28883,37.34299],[-84.28836,37.34204],[-84.28735,37.34066],[-84.28691,37.33955],[-84.28524,37.3393],[-84.28426,37.33894],[-84.28295,37.33869],[-84.28062,37.33843],[-84.27833,37.33845],[-84.27728,37.33822],[-84.27597,37.33753],[-84.27567,37.33726],[-84.27514,37.33667],[-84.27457,37.33573],[-84.27014,37.33327],[-84.26813,37.33184],[-84.26764,37.33093],[-84.26737,37.33008],[-84.26965,37.32849],[-84.26837,37.32851],[-84.26933,37.32724],[-84.26956,37.32677],[-84.26934,37.32547],[-84.26876,37.3244],[-84.26878,37.3237],[-84.26869,37.32344],[-84.26809,37.32244],[-84.26763,37.32191],[-84.26676,37.32128],[-84.26639,37.32061],[-84.26582,37.32031],[-84.26432,37.32024],[-84.26415,37.32008],[-84.26441,37.31974],[-84.26481,37.31949],[-84.26505,37.31946],[-84.2659,37.31951],[-84.2672,37.31979],[-84.26764,37.31975],[-84.26801,37.3196],[-84.26894,37.31864],[-84.27024,37.31744],[-84.27102,37.31628],[-84.27128,37.31576],[-84.27168,37.31539],[-84.27194,37.31519],[-84.2722,37.3151],[-84.27333,37.31495],[-84.27366,37.31466],[-84.27372,37.3141],[-84.27387,37.31386],[-84.27483,37.31354],[-84.27553,37.31308],[-84.27701,37.31262],[-84.27732,37.3126],[-84.27776,37.31271],[-84.27959,37.31264],[-84.27989,37.31255],[-84.28059,37.31214],[-84.281,37.31208],[-84.28229,37.31225],[-84.28296,37.31227],[-84.28365,37.31252],[-84.28401,37.31243],[-84.28456,37.31187],[-84.28489,37.31051],[-84.28541,37.30976],[-84.28538,37.30938],[-84.28544,37.30922],[-84.28555,37.30915],[-84.28639,37.30915],[-84.28664,37.30908],[-84.28746,37.30853],[-84.28814,37.3083],[-84.28894,37.30792],[-84.28943,37.30747],[-84.28949,37.30732],[-84.28949,37.30685],[-84.2896,37.30664],[-84.29079,37.30612],[-84.29111,37.3058],[-84.2916,37.30514],[-84.29331,37.30421],[-84.29367,37.30412],[-84.29383,37.30417],[-84.2944,37.30446],[-84.29445,37.30456],[-84.29496,37.30479],[-84.29514,37.30474],[-84.29567,37.30426],[-84.29601,37.30408],[-84.29777,37.30404],[-84.29985,37.30321],[-84.30023,37.30292],[-84.30057,37.30256],[-84.30035,37.30212],[-84.30035,37.30186],[-84.30057,37.30145],[-84.3007,37.30136],[-84.30121,37.30124],[-84.30184,37.30124],[-84.30333,37.30077],[-84.30473,37.30072],[-84.30507,37.30079],[-84.30544,37.30098],[-84.30617,37.30169],[-84.3065,37.30192],[-84.306,37.30016],[-84.30645,37.29885],[-84.30715,37.29724],[-84.30719,37.29692],[-84.30711,37.29615],[-84.30743,37.29407],[-84.30739,37.29343],[-84.30754,37.29313],[-84.30851,37.29228],[-84.30866,37.29148],[-84.30838,37.29057],[-84.30684,37.28821],[-84.30658,37.28717],[-84.30634,37.28658],[-84.30482,37.28425],[-84.30519,37.28334],[-84.30608,37.28204],[-84.30762,37.28011],[-84.3081,37.27907],[-84.30834,37.27881],[-84.30889,37.2785],[-84.30898,37.27837],[-84.30902,37.27804],[-84.30884,37.27716],[-84.30912,37.27542],[-84.30932,37.27457],[-84.3089,37.27328],[-84.3088,37.2723],[-84.30851,37.27167],[-84.30837,37.27114],[-84.30831,37.26983],[-84.3082,37.2694],[-84.30804,37.26915],[-84.30746,37.26854],[-84.30683,37.26801],[-84.30588,37.26769],[-84.30543,37.26745],[-84.3043,37.26676],[-84.30375,37.26627],[-84.3033,37.26553],[-84.30284,37.26495],[-84.30244,37.26411],[-84.30242,37.26376],[-84.3026,37.26338],[-84.30281,37.26315],[-84.30283,37.26301],[-84.30271,37.26293],[-84.30061,37.26261],[-84.30018,37.26262],[-84.29979,37.26271],[-84.29935,37.26269],[-84.29854,37.2622],[-84.29808,37.26151],[-84.29799,37.26116],[-84.29804,37.26071],[-84.29882,37.25979],[-84.29914,37.25917],[-84.29923,37.25859],[-84.29923,37.25806],[-84.29909,37.25673],[-84.29913,37.25614],[-84.29935,37.25575],[-84.29959,37.25548],[-84.29955,37.25482],[-84.30015,37.2534],[-84.30036,37.25228],[-84.30063,37.25159],[-84.3007,37.25112],[-84.30045,37.25072],[-84.30012,37.25047],[-84.2997,37.25034],[-84.29922,37.2504],[-84.2992,37.25031],[-84.29932,37.24999],[-84.29928,37.24975],[-84.2987,37.24906],[-84.29828,37.24791],[-84.2984,37.24706],[-84.2984,37.24617],[-84.29812,37.24524],[-84.29718,37.2433],[-84.29695,37.24266],[-84.29695,37.24228],[-84.29686,37.24202],[-84.29671,37.24187],[-84.29646,37.24142],[-84.29681,37.24135],[-84.29696,37.24139],[-84.29744,37.2417],[-84.29787,37.2418],[-84.298,37.2417],[-84.2982,37.24124],[-84.29865,37.2411],[-84.29896,37.2411],[-84.29992,37.2413],[-84.3013,37.24109],[-84.3018,37.24112],[-84.30232,37.24126],[-84.30279,37.24171],[-84.30336,37.24264],[-84.30395,37.24312],[-84.30435,37.24354],[-84.3046,37.24401],[-84.30543,37.24451],[-84.30577,37.24548],[-84.30584,37.24558],[-84.30608,37.24567],[-84.30636,37.24558],[-84.30721,37.24477],[-84.30761,37.24461],[-84.30827,37.24454],[-84.30896,37.24473],[-84.30925,37.2449],[-84.31028,37.24472],[-84.31104,37.24447],[-84.3117,37.24413],[-84.31159,37.24352],[-84.31163,37.24337],[-84.31173,37.24329],[-84.31198,37.24331],[-84.31226,37.24354],[-84.31245,37.24352],[-84.3166,37.2413],[-84.31778,37.24122],[-84.31858,37.2407],[-84.31919,37.24021],[-84.31916,37.23962],[-84.31935,37.23907],[-84.31939,37.23868],[-84.31949,37.23856],[-84.32103,37.23795],[-84.32163,37.23759],[-84.32205,37.23743],[-84.32285,37.23725],[-84.32463,37.23726],[-84.32586,37.23709],[-84.32687,37.23677],[-84.32713,37.23662],[-84.32759,37.23611],[-84.32755,37.2358],[-84.32767,37.23552],[-84.32879,37.23479],[-84.32927,37.23419],[-84.33056,37.23295],[-84.33107,37.23219],[-84.33154,37.23098],[-84.33198,37.2302],[-84.33157,37.22993],[-84.33066,37.22964],[-84.33035,37.22983],[-84.32999,37.23032],[-84.32974,37.2305],[-84.32959,37.23053],[-84.32892,37.23002],[-84.32885,37.2299],[-84.32876,37.22937],[-84.32883,37.22877],[-84.32881,37.2283],[-84.32875,37.22776],[-84.32851,37.227],[-84.32851,37.22678],[-84.32919,37.22478],[-84.32912,37.22448],[-84.32899,37.22435],[-84.32855,37.22404],[-84.32805,37.22387],[-84.32791,37.22376],[-84.32711,37.22405],[-84.32641,37.22396],[-84.3258,37.22374],[-84.32368,37.22269],[-84.32367,37.22162],[-84.32406,37.22068],[-84.32409,37.22043],[-84.32452,37.21986],[-84.32469,37.21944],[-84.32488,37.2188],[-84.32496,37.21801],[-84.32517,37.21743],[-84.32727,37.21488],[-84.32757,37.21457],[-84.32787,37.21439],[-84.32851,37.21357],[-84.3289,37.21341],[-84.33056,37.21343],[-84.33094,37.21333],[-84.33171,37.21269],[-84.33312,37.21127],[-84.33401,37.21054],[-84.33454,37.21019],[-84.33505,37.21],[-84.33597,37.20978],[-84.33637,37.20971],[-84.33718,37.20969],[-84.33772,37.20958],[-84.33807,37.20945],[-84.33845,37.20919],[-84.33992,37.20737],[-84.34028,37.20646],[-84.34077,37.20578],[-84.34107,37.20505],[-84.3412,37.20492],[-84.34172,37.20473],[-84.34297,37.20317],[-84.34309,37.20235],[-84.34305,37.20204],[-84.3431,37.20171],[-84.34366,37.20077],[-84.34376,37.20039],[-84.3441,37.19986],[-84.3445,37.19933],[-84.34512,37.19873],[-84.34563,37.19836],[-84.3457,37.19731],[-84.34593,37.19684],[-84.34598,37.19599],[-84.34614,37.19532],[-84.34624,37.19516],[-84.34663,37.19482],[-84.34689,37.19418],[-84.34693,37.19392],[-84.34667,37.19376],[-84.34662,37.19351],[-84.34673,37.1927],[-84.34696,37.19243],[-84.34784,37.19187],[-84.35002,37.19075],[-84.35042,37.19034],[-84.35124,37.18989],[-84.35184,37.18937],[-84.35302,37.1889],[-84.35326,37.18867],[-84.35399,37.18766],[-84.35414,37.18733],[-84.35482,37.1871],[-84.35553,37.18647],[-84.35647,37.18592],[-84.35659,37.18526],[-84.35665,37.18351],[-84.35597,37.18267],[-84.3558,37.18227],[-84.35633,37.18173],[-84.35668,37.18155],[-84.35706,37.18148],[-84.35797,37.18062],[-84.35871,37.18015],[-84.35905,37.17972],[-84.35997,37.17941],[-84.36056,37.17913],[-84.3602,37.17896],[-84.36006,37.17857],[-84.35989,37.17838],[-84.35914,37.17808],[-84.35838,37.17755],[-84.35783,37.17707],[-84.35759,37.17698],[-84.35736,37.17698],[-84.3567,37.17721],[-84.35652,37.17717],[-84.35539,37.17635],[-84.35512,37.17597],[-84.35505,37.17568],[-84.35512,37.17548],[-84.35544,37.17517],[-84.35547,37.17486],[-84.35526,37.17437],[-84.35449,37.17372],[-84.35437,37.17328],[-84.3543,37.17262],[-84.35308,37.17095],[-84.35284,37.17071],[-84.35186,37.17021],[-84.35169,37.17],[-84.35161,37.16976],[-84.35138,37.16951],[-84.3509,37.16926],[-84.35072,37.16878],[-84.35061,37.16864],[-84.3499,37.16852],[-84.34907,37.16868],[-84.34784,37.16877],[-84.34742,37.16861],[-84.34708,37.1683],[-84.34706,37.16804],[-84.34719,37.16765],[-84.3471,37.16743],[-84.34634,37.16649],[-84.34581,37.16615],[-84.34479,37.16601],[-84.34442,37.16606],[-84.34397,37.16624],[-84.34347,37.16597],[-84.34309,37.16587],[-84.34278,37.16587],[-84.34108,37.16621],[-84.34069,37.16625],[-84.34043,37.16618],[-84.34016,37.16582],[-84.33996,37.16399],[-84.34044,37.16333],[-84.34047,37.16186],[-84.33757,37.16094],[-84.33675,37.16062],[-84.33605,37.1602],[-84.33555,37.15964],[-84.3349,37.15911],[-84.33461,37.15895],[-84.3345,37.15896],[-84.33431,37.15867],[-84.3342,37.1583],[-84.33572,37.15799],[-84.33929,37.15672],[-84.34122,37.15627],[-84.3419,37.156],[-84.34268,37.15556],[-84.34315,37.15525],[-84.3444,37.15416],[-84.34681,37.15124],[-84.34843,37.14959],[-84.35003,37.14842],[-84.35076,37.14766],[-84.35112,37.14738],[-84.35234,37.14672],[-84.35343,37.14627],[-84.35373,37.14617],[-84.35689,37.14582],[-84.36079,37.145],[-84.36194,37.1447],[-84.3625,37.14434],[-84.36302,37.14381],[-84.36378,37.14335],[-84.36498,37.14311],[-84.36557,37.14311],[-84.36633,37.1433],[-84.36762,37.14399],[-84.37024,37.14404],[-84.37123,37.144],[-84.37064,37.14361],[-84.37039,37.14335],[-84.37,37.14267],[-84.36979,37.14203],[-84.36972,37.14129],[-84.36921,37.14065],[-84.3691,37.14034],[-84.3691,37.13987],[-84.36922,37.13953],[-84.36939,37.13932],[-84.36981,37.13919],[-84.37107,37.13892],[-84.37255,37.13838],[-84.37364,37.1382],[-84.37495,37.13711],[-84.37562,37.13648],[-84.37614,37.13585],[-84.37761,37.13518],[-84.3777,37.13509],[-84.3778,37.13467],[-84.37798,37.13303],[-84.37794,37.13222],[-84.378,37.1318],[-84.37817,37.13144],[-84.3788,37.13072],[-84.37927,37.13051],[-84.38017,37.13039],[-84.38113,37.12973],[-84.3829,37.13005],[-84.38307,37.12996],[-84.38336,37.12965],[-84.38366,37.12948],[-84.38461,37.12934],[-84.38536,37.129],[-84.38704,37.12892],[-84.38882,37.12859],[-84.39088,37.12751],[-84.39154,37.12698],[-84.39232,37.1261],[-84.39307,37.1256],[-84.39318,37.12527],[-84.39313,37.12486],[-84.39327,37.12427],[-84.39323,37.12301],[-84.39307,37.12239],[-84.39321,37.12168],[-84.39303,37.1211],[-84.39317,37.12056],[-84.39303,37.1202],[-84.39258,37.11953],[-84.392,37.11843],[-84.39193,37.11817],[-84.39129,37.11777],[-84.39108,37.11756],[-84.39079,37.11665],[-84.39038,37.11584],[-84.39015,37.11564],[-84.38998,37.11499],[-84.38898,37.11364],[-84.38844,37.11265],[-84.38828,37.11195],[-84.38794,37.11157],[-84.38793,37.11129],[-84.38813,37.11101],[-84.38831,37.11047],[-84.38837,37.10994],[-84.38831,37.10939],[-84.38809,37.10887],[-84.38738,37.10795],[-84.38731,37.10758],[-84.38739,37.10699],[-84.38735,37.10643],[-84.38761,37.10623],[-84.38778,37.10571],[-84.38797,37.1054],[-84.38864,37.10469],[-84.38918,37.10424],[-84.38995,37.10389],[-84.39064,37.10333],[-84.39103,37.10267],[-84.39123,37.10204],[-84.39179,37.10146],[-84.39235,37.1011],[-84.39378,37.10083],[-84.39456,37.10051],[-84.39572,37.09968],[-84.39601,37.09903],[-84.39688,37.09865],[-84.3976,37.09819],[-84.39865,37.09801],[-84.39945,37.09774],[-84.40027,37.09724],[-84.40208,37.09701],[-84.40266,37.09681],[-84.40351,37.09664],[-84.4051,37.09608],[-84.40596,37.09562],[-84.40708,37.09535],[-84.40813,37.09521],[-84.40901,37.09497],[-84.41008,37.09418],[-84.41048,37.09403],[-84.41141,37.09384],[-84.41203,37.09362],[-84.41294,37.09321],[-84.41347,37.09285],[-84.41373,37.09253],[-84.41377,37.09223],[-84.41351,37.09179],[-84.4132,37.09142],[-84.41311,37.09119],[-84.41325,37.09076],[-84.41398,37.08993],[-84.41434,37.08926],[-84.41436,37.08877],[-84.41403,37.08768],[-84.41403,37.08744],[-84.41422,37.08733],[-84.41457,37.08735],[-84.41535,37.08759],[-84.41547,37.08756],[-84.41629,37.08684],[-84.41718,37.08646],[-84.41794,37.08629],[-84.41806,37.0862],[-84.41823,37.08568],[-84.41844,37.08543],[-84.41988,37.08493],[-84.42055,37.08425],[-84.42191,37.08351],[-84.42237,37.08312],[-84.42256,37.08286],[-84.42289,37.08191],[-84.42337,37.07999],[-84.42332,37.07985],[-84.42322,37.0798],[-84.42243,37.0796],[-84.42233,37.07949],[-84.42257,37.07918],[-84.42371,37.07872],[-84.42412,37.07843],[-84.42448,37.07798],[-84.42368,37.07752],[-84.4221,37.07684],[-84.42158,37.07634],[-84.42152,37.07622],[-84.42153,37.07594],[-84.42173,37.07557],[-84.42201,37.07531],[-84.42409,37.07423],[-84.42518,37.07345],[-84.42618,37.07242],[-84.42671,37.07175],[-84.42717,37.07079],[-84.42719,37.07015],[-84.42706,37.06983],[-84.42673,37.06942],[-84.4261,37.06895],[-84.42381,37.06761],[-84.4221,37.06672],[-84.42071,37.06623],[-84.41955,37.06595],[-84.41843,37.06581],[-84.41492,37.06568],[-84.41424,37.0655],[-84.41366,37.06517],[-84.41343,37.06496],[-84.41276,37.06407],[-84.4122,37.06299],[-84.41205,37.06247],[-84.41198,37.06134],[-84.41223,37.06046],[-84.41256,37.06001],[-84.41273,37.05987],[-84.41326,37.05971],[-84.41631,37.06003],[-84.41713,37.06007],[-84.41797,37.05999],[-84.41944,37.06013],[-84.41999,37.0603],[-84.42088,37.06077],[-84.42328,37.0625],[-84.42376,37.06264],[-84.42411,37.06261],[-84.42445,37.0625],[-84.42489,37.06225],[-84.42551,37.06152],[-84.42607,37.06057],[-84.42644,37.05971],[-84.42752,37.05809],[-84.42806,37.05695],[-84.42835,37.05617],[-84.42853,37.05506],[-84.42855,37.05386],[-84.42841,37.05342],[-84.42799,37.05253],[-84.42796,37.05224],[-84.42803,37.05169],[-84.42816,37.05123],[-84.42866,37.05025],[-84.42885,37.05],[-84.42997,37.04891],[-84.4316,37.04691],[-84.43202,37.04646],[-84.43231,37.04626],[-84.43375,37.04548],[-84.43495,37.04495],[-84.4359,37.04488],[-84.43748,37.04497],[-84.43814,37.04475],[-84.43846,37.04427],[-84.43905,37.04252],[-84.43931,37.04216],[-84.4398,37.04185],[-84.44081,37.04168],[-84.44747,37.042],[-84.44948,37.04198],[-84.4505,37.04188],[-84.45216,37.04137],[-84.45309,37.04093],[-84.4546,37.04008],[-84.45619,37.03943],[-84.45814,37.0389],[-84.45956,37.03863],[-84.46192,37.03855],[-84.46264,37.03847],[-84.46334,37.03824],[-84.46364,37.03799],[-84.4638,37.03761],[-84.46381,37.0373],[-84.46371,37.03685],[-84.46351,37.03639],[-84.46286,37.0358],[-84.46062,37.03453],[-84.46002,37.03394],[-84.45922,37.03276],[-84.45863,37.03147],[-84.45812,37.02961],[-84.45768,37.02879],[-84.45502,37.02625],[-84.4526,37.02435],[-84.45224,37.02394],[-84.4522,37.02381],[-84.45222,37.02342],[-84.45248,37.02312],[-84.45309,37.02295],[-84.45468,37.0228],[-84.45563,37.0226],[-84.45783,37.02185],[-84.45932,37.02114],[-84.45978,37.02062],[-84.45988,37.02039],[-84.46042,37.01823],[-84.46129,37.01657],[-84.46132,37.01618],[-84.46127,37.01601],[-84.46093,37.01576],[-84.46061,37.01565],[-84.45808,37.01529],[-84.45703,37.01499],[-84.45619,37.01456],[-84.45372,37.01249],[-84.4515,37.01138],[-84.45038,37.01105],[-84.44945,37.01089],[-84.44883,37.01092],[-84.44794,37.01111],[-84.44613,37.01174],[-84.44567,37.01183],[-84.4453,37.01181],[-84.4449,37.01158],[-84.44447,37.01093],[-84.44426,37.01011],[-84.44432,37.00945],[-84.44465,37.00894],[-84.445,37.00868],[-84.44788,37.00706],[-84.44997,37.00603],[-84.4517,37.00531],[-84.4529,37.00489],[-84.45379,37.00479],[-84.45577,37.00473],[-84.4591,37.00506],[-84.4614,37.00546],[-84.46174,37.00544],[-84.46228,37.00523],[-84.46239,37.00513],[-84.46249,37.00487],[-84.46237,37.00409],[-84.46216,37.00352],[-84.46213,37.00319],[-84.46228,37.00268],[-84.46251,37.00242],[-84.46345,37.00162],[-84.46618,36.99974],[-84.4672,36.99926],[-84.46805,36.99901],[-84.46964,36.99875],[-84.47218,36.99857],[-84.47267,36.9986],[-84.47328,36.99874],[-84.47372,36.99898],[-84.4742,36.99953],[-84.4744,36.99993],[-84.47446,37.00129],[-84.47442,37.00155],[-84.47402,37.0025],[-84.47329,37.00349],[-84.47307,37.00398],[-84.47291,37.00452],[-84.47294,37.00514],[-84.47312,37.00541],[-84.47353,37.00561],[-84.47377,37.00565],[-84.47459,37.0057],[-84.47579,37.00562],[-84.477,37.00571],[-84.47761,37.00564],[-84.47791,37.00553],[-84.4785,37.00516],[-84.47872,37.00494],[-84.47959,37.0037],[-84.4802,37.00299],[-84.48047,37.00278],[-84.48093,37.00256],[-84.48185,37.00244],[-84.48422,37.00239],[-84.48505,37.00219],[-84.48554,37.00196],[-84.48585,37.00173],[-84.48614,37.00147],[-84.48647,37.00092],[-84.48655,37.00067],[-84.48658,36.99953],[-84.48643,36.99832],[-84.48659,36.99774],[-84.48678,36.99755],[-84.48741,36.99738],[-84.48798,36.99749],[-84.48861,36.9978],[-84.49017,36.99874],[-84.49121,36.99906],[-84.49199,36.99914],[-84.49227,36.99904],[-84.49252,36.99884],[-84.49272,36.99844],[-84.49343,36.99652],[-84.4945,36.99532],[-84.49472,36.99494],[-84.49475,36.99456],[-84.49462,36.99423],[-84.49438,36.99408],[-84.49406,36.99401],[-84.49259,36.99398],[-84.49201,36.99384],[-84.49176,36.99349],[-84.49172,36.99328],[-84.49181,36.99292],[-84.49209,36.99247],[-84.49234,36.9923],[-84.4927,36.9921],[-84.49382,36.9917],[-84.49521,36.99107],[-84.49606,36.99046],[-84.49657,36.98996],[-84.49739,36.98881],[-84.49774,36.988],[-84.49796,36.98723],[-84.49799,36.98596],[-84.4979,36.98524],[-84.49778,36.98474],[-84.49754,36.9843],[-84.49673,36.98324],[-84.49416,36.98025],[-84.49353,36.97969],[-84.49273,36.97916],[-84.49035,36.97796],[-84.48955,36.97744],[-84.4881,36.9762],[-84.48771,36.97563],[-84.48766,36.97528],[-84.48785,36.9747],[-84.48866,36.97358],[-84.49005,36.97219],[-84.49501,36.96749],[-84.49602,36.96615],[-84.49665,36.96518],[-84.49715,36.96393],[-84.49766,36.96203],[-84.49768,36.96119],[-84.49759,36.96067],[-84.4968,36.95842],[-84.49564,36.95479],[-84.49543,36.95399],[-84.49524,36.95245],[-84.49527,36.95141],[-84.49538,36.95078],[-84.49591,36.94953],[-84.49632,36.94888],[-84.49668,36.94848],[-84.49821,36.9474],[-84.4987,36.94721],[-84.49979,36.94698],[-84.50011,36.94697],[-84.50211,36.94737],[-84.50286,36.94761],[-84.50426,36.9478],[-84.50693,36.9478],[-84.50843,36.94771],[-84.50953,36.94757],[-84.51228,36.94704],[-84.52062,36.94468],[-84.52258,36.94431],[-84.52449,36.94441],[-84.52573,36.94471],[-84.52669,36.94523],[-84.52718,36.94561],[-84.52766,36.94618],[-84.52789,36.94685],[-84.52807,36.94784],[-84.52797,36.94847],[-84.52792,36.95035],[-84.52747,36.95289],[-84.52662,36.95559],[-84.52525,36.95815],[-84.52451,36.95942],[-84.5219,36.96292],[-84.52159,36.96324],[-84.52046,36.96482],[-84.5205,36.96491],[-84.5216,36.96547],[-84.52358,36.96635],[-84.52488,36.96703],[-84.52493,36.96745],[-84.52512,36.96797],[-84.52613,36.96843],[-84.52632,36.96866],[-84.52649,36.96917],[-84.52673,36.96922],[-84.5276,36.9691],[-84.52826,36.96927],[-84.52859,36.96929],[-84.52943,36.96906],[-84.53094,36.96915],[-84.53113,36.96913],[-84.53177,36.96881],[-84.53208,36.96877],[-84.53218,36.96946],[-84.53265,36.96966],[-84.53381,36.9693],[-84.534,36.96902],[-84.5344,36.96864],[-84.53503,36.96894],[-84.53536,36.96932],[-84.53633,36.96996],[-84.5371,36.97036],[-84.53831,36.97086],[-84.54002,36.97136],[-84.54017,36.97118],[-84.54038,36.97046],[-84.54059,36.97004],[-84.54104,36.96943],[-84.54207,36.96873],[-84.543,36.96837],[-84.5454,36.9678],[-84.55161,36.96745],[-84.55262,36.96731],[-84.55286,36.96708],[-84.5529,36.96678],[-84.55286,36.96644],[-84.55272,36.96609],[-84.55275,36.96585],[-84.55239,36.96555],[-84.55243,36.9653],[-84.55273,36.96524],[-84.5531,36.9654],[-84.55324,36.9654],[-84.55357,36.96528],[-84.55356,36.96513],[-84.5539,36.96431],[-84.55442,36.96362],[-84.55487,36.96342],[-84.55503,36.96305],[-84.55509,36.96249],[-84.55507,36.96167],[-84.55496,36.96131],[-84.55463,36.96067],[-84.55484,36.96048],[-84.55501,36.95982],[-84.55604,36.95835],[-84.55716,36.9579],[-84.55816,36.95707],[-84.55847,36.95696],[-84.55888,36.95695],[-84.55998,36.95708],[-84.56073,36.95747],[-84.56086,36.95734],[-84.56077,36.95692],[-84.56099,36.95638],[-84.56147,36.95575],[-84.56182,36.9554],[-84.56213,36.9552],[-84.56304,36.9549],[-84.56503,36.95515],[-84.56539,36.95481],[-84.56596,36.95466],[-84.56605,36.95439],[-84.56683,36.95376],[-84.56702,36.95367],[-84.56802,36.95357],[-84.56926,36.95327],[-84.56988,36.95328],[-84.57123,36.95303],[-84.57275,36.95241],[-84.57335,36.9521],[-84.57533,36.95211],[-84.57643,36.95243],[-84.57876,36.95325],[-84.57925,36.95285],[-84.57994,36.95194],[-84.58038,36.95114],[-84.58054,36.95054],[-84.58037,36.9494],[-84.58042,36.94913],[-84.58076,36.94844],[-84.58078,36.94817],[-84.57965,36.94787],[-84.57946,36.94775],[-84.57961,36.94681],[-84.57933,36.94594],[-84.57934,36.94538],[-84.5782,36.94443],[-84.57783,36.94403],[-84.57782,36.94379],[-84.57788,36.94369],[-84.57934,36.94278],[-84.57942,36.94254],[-84.57925,36.94204],[-84.57932,36.94187],[-84.57896,36.94142],[-84.57842,36.94101],[-84.57818,36.94067],[-84.57812,36.93957],[-84.57754,36.93869],[-84.57718,36.93825],[-84.57571,36.93843],[-84.57551,36.9386],[-84.57521,36.93872],[-84.57394,36.93842],[-84.57264,36.93861],[-84.57131,36.93894],[-84.57102,36.93891],[-84.57168,36.93856],[-84.57265,36.93789],[-84.57306,36.93732],[-84.57357,36.93698],[-84.57479,36.9366],[-84.57577,36.93603],[-84.57769,36.93472],[-84.57829,36.93442],[-84.57917,36.93412],[-84.57964,36.93378],[-84.57989,36.9337],[-84.58011,36.93347],[-84.58023,36.93319],[-84.58039,36.93307],[-84.58094,36.93298],[-84.58121,36.93282],[-84.58201,36.93141],[-84.58216,36.93077],[-84.58207,36.93061],[-84.5818,36.93051],[-84.57939,36.93069],[-84.57785,36.93065],[-84.57723,36.93059],[-84.5752,36.93016],[-84.5741,36.92966],[-84.57351,36.92919],[-84.57313,36.92849],[-84.57307,36.92816],[-84.57323,36.9276],[-84.57349,36.92727],[-84.57538,36.92551],[-84.57679,36.92475],[-84.57841,36.92419],[-84.58272,36.923],[-84.59276,36.92002],[-84.59931,36.91821],[-84.60022,36.91774],[-84.60069,36.91721],[-84.60172,36.91537],[-84.60207,36.91431],[-84.60214,36.91381],[-84.60212,36.91332],[-84.60195,36.91229],[-84.60165,36.91088],[-84.60122,36.90924],[-84.60087,36.90826],[-84.60056,36.90747],[-84.59985,36.90603],[-84.59885,36.90463],[-84.5983,36.90325],[-84.59825,36.90258],[-84.59849,36.90192],[-84.59891,36.90141],[-84.59991,36.90075],[-84.60068,36.90042],[-84.60188,36.90012],[-84.60483,36.89974],[-84.61382,36.89915],[-84.61671,36.8989],[-84.61746,36.89874],[-84.61883,36.89825],[-84.61949,36.89774],[-84.61985,36.89729],[-84.62012,36.89653],[-84.62011,36.89595],[-84.62,36.89531],[-84.61948,36.89446],[-84.61908,36.89412],[-84.6183,36.89361],[-84.61464,36.89145],[-84.61245,36.88935],[-84.60964,36.8858],[-84.60859,36.88502],[-84.6083,36.88472],[-84.60667,36.88226],[-84.60597,36.88138],[-84.60522,36.88057],[-84.60415,36.87961],[-84.60346,36.87931],[-84.60284,36.87913],[-84.60195,36.87918],[-84.60151,36.87932],[-84.60095,36.87962],[-84.59807,36.88234],[-84.59436,36.88571],[-84.59251,36.88814],[-84.59042,36.89256],[-84.58985,36.89351],[-84.58958,36.89372],[-84.58847,36.89436],[-84.58798,36.89457],[-84.58748,36.89469],[-84.58622,36.89473],[-84.58508,36.89457],[-84.58421,36.89422],[-84.58313,36.89357],[-84.58242,36.8929],[-84.58231,36.89273],[-84.58213,36.89212],[-84.58211,36.89086],[-84.58233,36.89005],[-84.58257,36.88961],[-84.58295,36.88923],[-84.58437,36.88849],[-84.58718,36.88672],[-84.58831,36.88583],[-84.58919,36.88479],[-84.58969,36.884],[-84.58983,36.88366],[-84.58986,36.88255],[-84.58973,36.88204],[-84.58932,36.88099],[-84.58912,36.88056],[-84.58859,36.87978],[-84.58601,36.87707],[-84.58505,36.8762],[-84.58259,36.87367],[-84.582,36.87315],[-84.58136,36.87228],[-84.57998,36.87059],[-84.57913,36.86971],[-84.57887,36.86931],[-84.57845,36.86848],[-84.57815,36.86718],[-84.5782,36.86582],[-84.57829,36.86544],[-84.57826,36.86516],[-84.57842,36.86432],[-84.57852,36.86411],[-84.5789,36.86367],[-84.5792,36.86347],[-84.5797,36.86322],[-84.58105,36.86286],[-84.58307,36.86274],[-84.584,36.86279],[-84.58739,36.86332],[-84.58821,36.86336],[-84.58975,36.86329],[-84.59061,36.86314],[-84.59156,36.86259],[-84.59171,36.86243],[-84.59198,36.86165],[-84.59202,36.86126],[-84.59196,36.86094],[-84.59016,36.85692],[-84.58965,36.85599],[-84.58908,36.85474],[-84.58703,36.8517],[-84.58613,36.85058],[-84.58496,36.85002],[-84.58346,36.84951],[-84.58155,36.84903],[-84.57804,36.84829],[-84.57397,36.84762],[-84.57342,36.84745],[-84.57291,36.8471],[-84.57279,36.84695],[-84.57253,36.84648],[-84.57249,36.84597],[-84.57287,36.84515],[-84.57373,36.84442],[-84.57437,36.84401],[-84.57573,36.84344],[-84.57823,36.84226],[-84.57972,36.84165],[-84.58043,36.84115],[-84.581,36.84088],[-84.58173,36.84064],[-84.58293,36.84047],[-84.59213,36.83999],[-84.59382,36.83954],[-84.59493,36.83913],[-84.5952,36.83899],[-84.59545,36.83874],[-84.59564,36.83837],[-84.59564,36.83824],[-84.5955,36.83752],[-84.59527,36.83709],[-84.595,36.83673],[-84.59463,36.83639],[-84.58726,36.83124],[-84.58672,36.83081],[-84.58477,36.82906],[-84.58324,36.82731],[-84.58295,36.82709],[-84.58262,36.8266],[-84.5822,36.82616],[-84.58189,36.82599],[-84.5811,36.82583],[-84.58014,36.82596],[-84.57973,36.82608],[-84.57913,36.82602],[-84.57882,36.82586],[-84.57806,36.82521],[-84.57786,36.82491],[-84.57765,36.8244],[-84.57749,36.82187],[-84.57754,36.82147],[-84.57768,36.82106],[-84.57756,36.81958],[-84.57762,36.81906],[-84.57778,36.81879],[-84.5788,36.81806],[-84.57958,36.81765],[-84.58151,36.81727],[-84.58189,36.81708],[-84.58231,36.8167],[-84.5823,36.81644],[-84.58162,36.81572],[-84.57952,36.81451],[-84.57937,36.81423],[-84.57962,36.81396],[-84.58,36.81373],[-84.58042,36.81357],[-84.58126,36.81338],[-84.58201,36.81304],[-84.58266,36.81259],[-84.58361,36.81164],[-84.58415,36.81098],[-84.5845,36.8107],[-84.58505,36.81053],[-84.5861,36.81036],[-84.58757,36.81031],[-84.58796,36.81021],[-84.58822,36.80986],[-84.58832,36.80953],[-84.5881,36.809],[-84.58738,36.80779],[-84.58689,36.80666],[-84.58665,36.80643],[-84.58597,36.80592],[-84.58512,36.80542],[-84.5841,36.80519],[-84.58245,36.80464],[-84.58181,36.80415],[-84.58163,36.80379],[-84.58163,36.80367],[-84.58185,36.80351],[-84.58228,36.80335],[-84.58311,36.80314],[-84.58406,36.80301],[-84.58543,36.80262],[-84.58604,36.80239],[-84.58657,36.802],[-84.58765,36.80145],[-84.58847,36.80138],[-84.58906,36.80159],[-84.5909,36.80289],[-84.59112,36.80308],[-84.59128,36.80342],[-84.59134,36.8038],[-84.5911,36.80438],[-84.59071,36.80471],[-84.58956,36.80516],[-84.58855,36.80534],[-84.58816,36.80567],[-84.58814,36.80593],[-84.5886,36.80638],[-84.59063,36.80733],[-84.59147,36.80788],[-84.59224,36.80823],[-84.59249,36.80834],[-84.59291,36.80833],[-84.59391,36.80782],[-84.59482,36.80682],[-84.59508,36.80639],[-84.59568,36.80563],[-84.59612,36.80544],[-84.59637,36.8054],[-84.59659,36.80543],[-84.59696,36.80562],[-84.59751,36.80613],[-84.59827,36.80766],[-84.59878,36.80827],[-84.59918,36.80855],[-84.59951,36.80864],[-84.59971,36.8086],[-84.60012,36.80844],[-84.6008,36.808],[-84.60242,36.80756],[-84.60276,36.8074],[-84.60314,36.80707],[-84.6032,36.80686],[-84.6031,36.80647],[-84.60289,36.80616],[-84.60258,36.80593],[-84.60233,36.80561],[-84.6014,36.80477],[-84.60106,36.80437],[-84.60062,36.80347],[-84.60051,36.80296],[-84.60033,36.80269],[-84.59962,36.80203],[-84.59688,36.80043],[-84.59647,36.80012],[-84.59624,36.79974],[-84.5962,36.79939],[-84.59635,36.79911],[-84.59679,36.79889],[-84.5979,36.79868],[-84.59952,36.79857],[-84.60061,36.79866],[-84.60192,36.79886],[-84.60338,36.79925],[-84.60444,36.79945],[-84.60664,36.80058],[-84.60739,36.80059],[-84.60774,36.80038],[-84.60798,36.80008],[-84.60849,36.79898],[-84.60869,36.79826],[-84.60857,36.79769],[-84.6085,36.79688],[-84.60824,36.79635],[-84.60793,36.79513],[-84.60806,36.79477],[-84.60838,36.7944],[-84.60887,36.79412],[-84.60958,36.79391],[-84.61088,36.79375],[-84.61277,36.79393],[-84.61382,36.79434],[-84.61555,36.79537],[-84.61637,36.79568],[-84.61672,36.7957],[-84.61737,36.79554],[-84.61821,36.79496],[-84.6185,36.79443],[-84.61867,36.79378],[-84.61897,36.79308],[-84.61924,36.79266],[-84.61973,36.79224],[-84.62033,36.79223],[-84.62091,36.79245],[-84.62141,36.79312],[-84.62216,36.79374],[-84.62262,36.79394],[-84.62309,36.79401],[-84.62357,36.79396],[-84.62419,36.79357],[-84.62501,36.7923],[-84.6261,36.79108],[-84.62684,36.79075],[-84.62829,36.7894],[-84.62915,36.78878],[-84.6297,36.78829],[-84.63056,36.78771],[-84.6308,36.78747],[-84.63087,36.78706],[-84.63087,36.7866],[-84.6308,36.78626],[-84.63055,36.78598],[-84.63012,36.78594],[-84.62978,36.78598],[-84.62869,36.78659],[-84.62769,36.78754],[-84.62727,36.78774],[-84.62689,36.7878],[-84.62656,36.78774],[-84.62494,36.78618],[-84.62359,36.78509],[-84.62302,36.78441],[-84.62296,36.78382],[-84.62325,36.78322],[-84.62349,36.78294],[-84.62379,36.78239],[-84.6242,36.78031],[-84.62445,36.77974],[-84.62457,36.77957],[-84.6248,36.77941],[-84.62527,36.77944],[-84.6256,36.77954],[-84.62749,36.77982],[-84.63271,36.78007],[-84.63344,36.7799],[-84.63389,36.77957],[-84.63394,36.77917],[-84.63368,36.77843],[-84.63355,36.77782],[-84.63313,36.77698],[-84.6326,36.77559],[-84.63259,36.77495],[-84.6328,36.77462],[-84.63331,36.77427],[-84.63545,36.77345],[-84.63573,36.77323],[-84.63596,36.77287],[-84.63601,36.77243],[-84.63482,36.77068],[-84.63437,36.76984],[-84.63422,36.76923],[-84.63427,36.76895],[-84.63444,36.76882],[-84.63459,36.76875],[-84.63522,36.76872],[-84.63621,36.76887],[-84.63728,36.76916],[-84.63862,36.76969],[-84.64018,36.77017],[-84.64061,36.77022],[-84.64096,36.77016],[-84.64139,36.76985],[-84.64156,36.76951],[-84.64151,36.76898],[-84.64136,36.76834],[-84.64134,36.7677],[-84.64139,36.76731],[-84.64166,36.76698],[-84.64211,36.76681],[-84.64469,36.76658],[-84.64602,36.76661],[-84.64721,36.76684],[-84.64768,36.76706],[-84.64863,36.76734],[-84.65034,36.76806],[-84.65084,36.7682],[-84.65197,36.76823],[-84.65254,36.76817],[-84.6534,36.76796],[-84.65406,36.76765],[-84.65445,36.76723],[-84.65512,36.76643],[-84.65546,36.76579],[-84.65628,36.76455],[-84.65667,36.76421],[-84.65705,36.76402],[-84.65842,36.76385],[-84.65876,36.76362],[-84.65896,36.76329],[-84.65904,36.76295],[-84.65925,36.76252],[-84.65955,36.76207],[-84.65979,36.76195],[-84.66027,36.76185],[-84.66234,36.76218],[-84.66334,36.76221],[-84.6651,36.76203],[-84.66553,36.76189],[-84.6659,36.76162],[-84.66606,36.76113],[-84.66589,36.76039],[-84.66503,36.75891],[-84.66461,36.75768],[-84.66468,36.75703],[-84.6648,36.75672],[-84.66518,36.75638],[-84.6657,36.75632],[-84.666,36.75636],[-84.66693,36.75683],[-84.6678,36.75736],[-84.66907,36.75797],[-84.67036,36.75844],[-84.67095,36.75879],[-84.67175,36.75948],[-84.67295,36.76081],[-84.67349,36.76117],[-84.67387,36.76125],[-84.67442,36.76123],[-84.67647,36.76035],[-84.67743,36.75985],[-84.67754,36.75952],[-84.67741,36.75914],[-84.67704,36.75883],[-84.67648,36.75859],[-84.6757,36.75851],[-84.67495,36.75858],[-84.67283,36.75908],[-84.6726,36.75905],[-84.67236,36.75856],[-84.67243,36.75796],[-84.67336,36.75464],[-84.6734,36.75419],[-84.67376,36.75263],[-84.67413,36.75142],[-84.6745,36.75119],[-84.67489,36.75123],[-84.67522,36.75141],[-84.67577,36.75242],[-84.67634,36.75297],[-84.67698,36.75346],[-84.67766,36.75388],[-84.67874,36.75434],[-84.67952,36.75446],[-84.68023,36.75445],[-84.68045,36.75436],[-84.68079,36.75404],[-84.68071,36.75333],[-84.68034,36.75285],[-84.67986,36.75261],[-84.67885,36.75224],[-84.67765,36.75195],[-84.67689,36.75157],[-84.67647,36.75119],[-84.6762,36.75069],[-84.67615,36.75008],[-84.67664,36.74965],[-84.67725,36.74941],[-84.67862,36.74903],[-84.67907,36.74875],[-84.67919,36.74851],[-84.67937,36.74774],[-84.67932,36.74639],[-84.67912,36.74536],[-84.67858,36.74396],[-84.67844,36.74364],[-84.67735,36.74187],[-84.67693,36.74141],[-84.6767,36.74128],[-84.6747,36.7406],[-84.67414,36.74018],[-84.67404,36.74009],[-84.67398,36.73981],[-84.67414,36.73939],[-84.67428,36.73922],[-84.67476,36.73902],[-84.67545,36.73894],[-84.6785,36.73874],[-84.6804,36.73871],[-84.68115,36.73883],[-84.68207,36.73909],[-84.683,36.73956],[-84.68388,36.74024],[-84.68466,36.74095],[-84.68573,36.74159],[-84.68634,36.74185],[-84.68717,36.74203],[-84.69008,36.74226],[-84.69094,36.74226],[-84.69494,36.74161],[-84.69515,36.74134],[-84.69522,36.74062],[-84.6951,36.74006],[-84.69478,36.73969],[-84.69441,36.73947],[-84.69376,36.73932],[-84.69211,36.73946],[-84.69178,36.73933],[-84.6916,36.73912],[-84.69153,36.73873],[-84.69156,36.73826],[-84.6912,36.73624],[-84.69067,36.73492],[-84.69019,36.73413],[-84.68958,36.73291],[-84.68959,36.73231],[-84.68983,36.73167],[-84.69053,36.73082],[-84.69146,36.72985],[-84.69173,36.72945],[-84.69203,36.72839],[-84.6921,36.7273],[-84.69225,36.727],[-84.69243,36.72695],[-84.6927,36.72702],[-84.6931,36.72739],[-84.6949,36.72951],[-84.69553,36.73062],[-84.69581,36.73093],[-84.69619,36.73107],[-84.6969,36.7311],[-84.69816,36.73105],[-84.69869,36.73094],[-84.69896,36.73072],[-84.69901,36.73058],[-84.69905,36.73015],[-84.699,36.72979],[-84.69888,36.7295],[-84.69845,36.72889],[-84.6975,36.72797],[-84.69733,36.7277],[-84.6973,36.72734],[-84.69738,36.72692],[-84.6977,36.72628],[-84.69789,36.72605],[-84.69831,36.72582],[-84.69872,36.7259],[-84.69981,36.72674],[-84.70083,36.72733],[-84.7016,36.72763],[-84.70389,36.72811],[-84.70429,36.72812],[-84.70482,36.72802],[-84.70495,36.72793],[-84.70506,36.7277],[-84.70496,36.72738],[-84.70389,36.72612],[-84.70171,36.72387],[-84.70157,36.72358],[-84.70151,36.72319],[-84.70155,36.72304],[-84.70229,36.72249],[-84.70654,36.72087],[-84.70711,36.7208],[-84.70961,36.72095],[-84.71023,36.72093],[-84.71046,36.72086],[-84.71076,36.72059],[-84.7108,36.72005],[-84.71058,36.71956],[-84.70968,36.71882],[-84.70834,36.71792],[-84.70833,36.71762],[-84.70856,36.71733],[-84.70924,36.71704],[-84.7104,36.71671],[-84.71198,36.71609],[-84.71272,36.71565],[-84.71361,36.71484],[-84.71453,36.71439],[-84.7179,36.71421],[-84.71999,36.71398],[-84.72149,36.71421],[-84.72273,36.71468],[-84.72336,36.71484],[-84.7236,36.71475],[-84.72389,36.71445],[-84.72435,36.71259],[-84.72434,36.71214],[-84.72423,36.7119],[-84.72372,36.71149],[-84.72255,36.7109],[-84.72156,36.71061],[-84.72025,36.71042],[-84.71936,36.71041],[-84.71559,36.71073],[-84.71518,36.7107],[-84.71465,36.71052],[-84.71428,36.71009],[-84.71415,36.70968],[-84.7144,36.70934],[-84.7146,36.70923],[-84.71511,36.70918],[-84.71661,36.70937],[-84.71718,36.70923],[-84.71746,36.70901],[-84.7176,36.70857],[-84.71768,36.7068],[-84.71751,36.70605],[-84.71732,36.70566],[-84.71709,36.70534],[-84.71661,36.70499],[-84.71567,36.7047],[-84.71396,36.70444],[-84.71218,36.70453],[-84.71144,36.70443],[-84.71113,36.70421],[-84.71088,36.70371],[-84.71086,36.70334],[-84.71114,36.70197],[-84.71141,36.70112],[-84.71155,36.70089],[-84.71174,36.70074],[-84.71206,36.70064],[-84.71249,36.7007],[-84.71404,36.70119],[-84.71576,36.7016],[-84.71636,36.70167],[-84.71691,36.70152],[-84.718,36.70101],[-84.71893,36.7005],[-84.71939,36.70015],[-84.71957,36.69976],[-84.71953,36.69941],[-84.71922,36.69878],[-84.71877,36.6981],[-84.71791,36.69697],[-84.71661,36.69618],[-84.71611,36.69581],[-84.71599,36.69567],[-84.71588,36.69537],[-84.71594,36.69511],[-84.71621,36.69492],[-84.71663,36.69475],[-84.71785,36.69466],[-84.71805,36.69454],[-84.71817,36.69428],[-84.71819,36.69405],[-84.71811,36.69295],[-84.71814,36.69276],[-84.71836,36.69247],[-84.7206,36.69192],[-84.72343,36.69137],[-84.72435,36.69092],[-84.72476,36.6905],[-84.72493,36.69023],[-84.72499,36.68997],[-84.72489,36.6895],[-84.72474,36.68925],[-84.72454,36.68909],[-84.7233,36.68832],[-84.72211,36.68769],[-84.72072,36.68726],[-84.71971,36.68704],[-84.71914,36.68677],[-84.71868,36.68646],[-84.7185,36.68625],[-84.71844,36.68593],[-84.71861,36.68558],[-84.71901,36.68546],[-84.72058,36.68569],[-84.72103,36.68564],[-84.72149,36.68547],[-84.72241,36.68491],[-84.72415,36.68334],[-84.72539,36.68243],[-84.72655,36.682],[-84.72831,36.68153],[-84.72913,36.68143],[-84.72943,36.68149],[-84.72986,36.68172],[-84.73064,36.68247],[-84.73138,36.6834],[-84.73234,36.68441],[-84.73319,36.68511],[-84.73339,36.6852],[-84.73379,36.68523],[-84.73411,36.68509],[-84.73423,36.68481],[-84.73416,36.68448],[-84.73379,36.68385],[-84.73367,36.6833],[-84.73373,36.68294],[-84.73453,36.6813],[-84.73487,36.68029],[-84.73497,36.67954],[-84.73498,36.67879],[-84.73485,36.6773],[-84.73495,36.67679],[-84.73521,36.67664],[-84.73597,36.67694],[-84.73687,36.67747],[-84.73787,36.67815],[-84.73808,36.67845],[-84.73809,36.67873],[-84.73788,36.67921],[-84.73686,36.68039],[-84.73668,36.68087],[-84.73667,36.68111],[-84.73674,36.68142],[-84.73709,36.68206],[-84.73814,36.68324],[-84.73821,36.68337],[-84.7382,36.68363],[-84.73805,36.6839],[-84.73715,36.68462],[-84.73627,36.68545],[-84.73615,36.68584],[-84.73619,36.68599],[-84.73638,36.68611],[-84.73742,36.6862],[-84.73797,36.68633],[-84.73844,36.68668],[-84.73852,36.68702],[-84.73848,36.68732],[-84.73809,36.68835],[-84.73817,36.68883],[-84.73863,36.6892],[-84.73943,36.68946],[-84.7408,36.68962],[-84.74105,36.68954],[-84.74121,36.68937],[-84.74127,36.68921],[-84.74123,36.68874],[-84.74071,36.68765],[-84.74056,36.68719],[-84.74061,36.68689],[-84.74072,36.68676],[-84.74107,36.68667],[-84.7435,36.68683],[-84.74556,36.68684],[-84.74636,36.6867],[-84.74718,36.68619],[-84.74768,36.68548],[-84.74781,36.68494],[-84.74766,36.68422],[-84.74678,36.68226],[-84.7467,36.68179],[-84.74679,36.68156],[-84.74706,36.68151],[-84.7489,36.68208],[-84.74956,36.68211],[-84.75016,36.68201],[-84.75065,36.68182],[-84.75143,36.68163],[-84.75255,36.68147],[-84.75307,36.68151],[-84.75354,36.68179],[-84.75401,36.68232],[-84.75471,36.6833],[-84.75523,36.68379],[-84.75543,36.6839],[-84.75608,36.68378],[-84.75809,36.68279],[-84.7612,36.68041],[-84.76305,36.67844],[-84.76328,36.67809],[-84.76331,36.67782],[-84.7632,36.67759],[-84.76298,36.6774],[-84.76205,36.67694],[-84.76104,36.67663],[-84.76056,36.67635],[-84.76039,36.67578],[-84.76043,36.67538],[-84.76077,36.67406],[-84.76117,36.67284],[-84.76141,36.67234],[-84.76164,36.67216],[-84.7619,36.67217],[-84.76378,36.67329],[-84.76497,36.67383],[-84.76561,36.67405],[-84.76673,36.67432],[-84.76723,36.67426],[-84.76755,36.67397],[-84.76778,36.67358],[-84.76789,36.67304],[-84.76784,36.67192],[-84.76794,36.67109],[-84.7679,36.67],[-84.76809,36.66955],[-84.76849,36.66937],[-84.76973,36.66928],[-84.77059,36.66903],[-84.77184,36.66878],[-84.77353,36.66852],[-84.7737,36.66812],[-84.77369,36.66735],[-84.77352,36.66624],[-84.77327,36.66354],[-84.77323,36.66186],[-84.77337,36.66067],[-84.77356,36.66022],[-84.77419,36.66004],[-84.77465,36.66002],[-84.77597,36.66022],[-84.77831,36.66083],[-84.77857,36.66082],[-84.77904,36.66059],[-84.77909,36.66033],[-84.7787,36.65964],[-84.77865,36.65927],[-84.77871,36.65905],[-84.77961,36.65796],[-84.77989,36.65772],[-84.78039,36.65694],[-84.78055,36.65619],[-84.7804,36.65547],[-84.78045,36.65507],[-84.7807,36.65423],[-84.78087,36.65335],[-84.78135,36.65253],[-84.78163,36.6522],[-84.78206,36.65187],[-84.78285,36.65147],[-84.78324,36.65143],[-84.78366,36.65147],[-84.78493,36.65181],[-84.78543,36.65185],[-84.78569,36.65173],[-84.78632,36.65106],[-84.7873,36.65035],[-84.78761,36.64984],[-84.78781,36.64963],[-84.78883,36.64875],[-84.78903,36.64865],[-84.78913,36.64849],[-84.78954,36.64922],[-84.79003,36.64949],[-84.79035,36.64982],[-84.79063,36.65025],[-84.79096,36.65056],[-84.79134,36.65071],[-84.79194,36.65072],[-84.7923,36.6511],[-84.79324,36.65233],[-84.7936,36.6526],[-84.79391,36.65273],[-84.79434,36.65267],[-84.79593,36.65185],[-84.79743,36.6514],[-84.79767,36.65137],[-84.79858,36.6516],[-84.79971,36.65129],[-84.80035,36.65123],[-84.80055,36.6513],[-84.80084,36.65163],[-84.80125,36.6518],[-84.80216,36.65272],[-84.8026,36.65292],[-84.80291,36.65292],[-84.80309,36.65286],[-84.80359,36.65247],[-84.80427,36.65169],[-84.8048,36.65129],[-84.80527,36.65116],[-84.80563,36.65114],[-84.80626,36.6513],[-84.80645,36.65155],[-84.8066,36.65285],[-84.80644,36.65328],[-84.80664,36.65365],[-84.80687,36.65364],[-84.80809,36.65319],[-84.80948,36.65309],[-84.81123,36.65346],[-84.81315,36.65403],[-84.81335,36.65416],[-84.81353,36.65449],[-84.81378,36.65535],[-84.81396,36.65566],[-84.81463,36.6565],[-84.81523,36.65706],[-84.8161,36.65816],[-84.81633,36.65827],[-84.81699,36.658],[-84.81829,36.65722],[-84.81901,36.65648],[-84.81912,36.65629],[-84.81918,36.65586],[-84.81925,36.65579],[-84.81953,36.6557],[-84.82029,36.65582],[-84.82058,36.65577],[-84.82154,36.65501],[-84.82235,36.65463],[-84.82297,36.65443],[-84.82333,36.65416],[-84.82402,36.65382],[-84.82423,36.65363],[-84.82457,36.65372],[-84.82589,36.65373],[-84.82704,36.65401],[-84.82744,36.65393],[-84.8276,36.65385],[-84.82851,36.65299],[-84.82947,36.65262],[-84.82992,36.6523],[-84.8306,36.65199],[-84.8314,36.65121],[-84.83237,36.65094],[-84.83289,36.65065],[-84.83294,36.65049],[-84.83278,36.65009],[-84.83311,36.64971],[-84.83309,36.64951],[-84.83286,36.64923],[-84.83245,36.64909],[-84.83234,36.64898],[-84.83236,36.64885],[-84.83305,36.64761],[-84.83301,36.64727],[-84.83262,36.64655],[-84.83269,36.64637],[-84.83305,36.64615],[-84.83334,36.64612],[-84.83364,36.64619],[-84.8338,36.64614],[-84.83397,36.64586],[-84.83435,36.64545],[-84.83378,36.6448],[-84.83332,36.64406],[-84.83219,36.64276],[-84.83196,36.6423],[-84.83235,36.64168],[-84.8323,36.6412],[-84.83287,36.64109],[-84.83311,36.64074],[-84.83401,36.6403],[-84.83476,36.63956],[-84.83477,36.63934],[-84.83456,36.6391],[-84.83461,36.63895],[-84.83513,36.63851],[-84.83583,36.637],[-84.83589,36.63664],[-84.83561,36.63637],[-84.83559,36.63619],[-84.83604,36.63534],[-84.83603,36.63487],[-84.8361,36.63452],[-84.83641,36.63418],[-84.83699,36.63399],[-84.83743,36.63395],[-84.83789,36.63402],[-84.83828,36.63419],[-84.83845,36.63416],[-84.83886,36.6333],[-84.83887,36.63246],[-84.83905,36.63227],[-84.83936,36.63218],[-84.84103,36.63228],[-84.84298,36.6323],[-84.84388,36.63246],[-84.84449,36.63265],[-84.84539,36.63263],[-84.84653,36.63283],[-84.84794,36.63276],[-84.84988,36.63239],[-84.85034,36.63219],[-84.85089,36.63174],[-84.85181,36.6306],[-84.8521,36.63009],[-84.85235,36.62901],[-84.85245,36.62756],[-84.85307,36.62624],[-84.85343,36.62586],[-84.85369,36.62573],[-84.85533,36.62573],[-84.8566,36.62554],[-84.85827,36.62555],[-84.85901,36.62547],[-84.85957,36.62559],[-84.86029,36.62589],[-84.86078,36.62589],[-84.86127,36.62576],[-84.86284,36.62508],[-84.86393,36.62436],[-84.86435,36.62377],[-84.86619,36.6225],[-84.86633,36.62235],[-84.86668,36.62162],[-84.86741,36.62082],[-84.86797,36.6205],[-84.86826,36.62017],[-84.86997,36.61899],[-84.87151,36.61723],[-84.87342,36.61585],[-84.87381,36.61529],[-84.87404,36.61466],[-84.87412,36.61439],[-84.87414,36.61343],[-84.87429,36.61295],[-84.87543,36.61152],[-84.87611,36.61076],[-84.87701,36.61029],[-84.87804,36.6095],[-84.87938,36.60864],[-84.88015,36.60794],[-84.8298,36.60448],[-84.76233,36.60287],[-84.74995,36.60259],[-84.74721,36.60261],[-84.73876,36.60242],[-84.72975,36.60212],[-84.72847,36.60216],[-84.69059,36.6013],[-84.67529,36.60105],[-84.67227,36.60093],[-84.65086,36.60052],[-84.64965,36.60041],[-84.63143,36.59976],[-84.61394,36.59904],[-84.60589,36.59875],[-84.60516,36.59877],[-84.60261,36.59863],[-84.54046,36.59631],[-84.51133,36.59649],[-84.49994,36.59666],[-84.44544,36.59614],[-84.41491,36.59558],[-84.38176,36.59475],[-84.33801,36.59351],[-84.33029,36.59336],[-84.28481,36.59211],[-84.28045,36.59193],[-84.27128,36.59173],[-84.2298,36.592],[-84.22704,36.59208],[-84.19851,36.59189],[-84.18391,36.59173],[-84.16315,36.59166],[-84.12618,36.59132],[-84.12584,36.59196],[-84.12578,36.59227],[-84.12597,36.59263],[-84.12634,36.59303],[-84.12647,36.59388],[-84.12601,36.59757],[-84.12592,36.59801],[-84.12573,36.59838],[-84.12583,36.59857],[-84.12578,36.59924],[-84.1254,36.60061],[-84.12508,36.60119],[-84.12475,36.60143],[-84.124,36.60252],[-84.12385,36.60279],[-84.1237,36.60328],[-84.12366,36.6041],[-84.12398,36.60619],[-84.12399,36.60706],[-84.12378,36.60776],[-84.12346,36.60832],[-84.12269,36.60906],[-84.12203,36.60983],[-84.12175,36.61036],[-84.12159,36.61111],[-84.12159,36.6119],[-84.12231,36.61485],[-84.1223,36.61572],[-84.12213,36.61637],[-84.12039,36.61879],[-84.11924,36.62022],[-84.1185,36.62096],[-84.11695,36.62216],[-84.11617,36.62264],[-84.1152,36.62314],[-84.1136,36.62384],[-84.11307,36.62417],[-84.11254,36.62505],[-84.11243,36.62566],[-84.11248,36.62632],[-84.11189,36.62647],[-84.1116,36.62665],[-84.1111,36.62739],[-84.1109,36.62787],[-84.1108,36.62832],[-84.11088,36.62948],[-84.11106,36.63039],[-84.11122,36.63099],[-84.11132,36.63105],[-84.11156,36.63172],[-84.11275,36.63304],[-84.1138,36.63402],[-84.11592,36.63619],[-84.11664,36.63702],[-84.11682,36.63735],[-84.11727,36.63875],[-84.11746,36.63991],[-84.11757,36.64017],[-84.11781,36.64049],[-84.12037,36.64287],[-84.12294,36.64437],[-84.12433,36.64511],[-84.12468,36.64544],[-84.12528,36.64623],[-84.1254,36.64664],[-84.12706,36.64828],[-84.12972,36.65108],[-84.12999,36.65154],[-84.13028,36.65228],[-84.13069,36.65449],[-84.13101,36.6553],[-84.13148,36.65609],[-84.13257,36.65751],[-84.1329,36.65808],[-84.13312,36.65873],[-84.13318,36.65948],[-84.13314,36.65987],[-84.13176,36.66586],[-84.13136,36.66715],[-84.13102,36.66779],[-84.13037,36.66877],[-84.12684,36.67313],[-84.12594,36.6745],[-84.12561,36.67547],[-84.12551,36.67609],[-84.12556,36.67729],[-84.12579,36.67823],[-84.12617,36.67896],[-84.12684,36.67985],[-84.12812,36.6811],[-84.12943,36.68207],[-84.13029,36.68259],[-84.13168,36.68329],[-84.13926,36.68681],[-84.14044,36.68761],[-84.141,36.68823],[-84.14137,36.68888],[-84.14149,36.68936],[-84.14151,36.68983],[-84.14053,36.6989],[-84.14063,36.69996],[-84.14076,36.7006],[-84.14116,36.70171],[-84.14176,36.70262],[-84.14252,36.70337],[-84.14923,36.70855],[-84.14979,36.70903],[-84.15049,36.70978],[-84.15112,36.71102],[-84.15223,36.71452],[-84.15283,36.71613],[-84.15403,36.71886],[-84.15992,36.72693],[-84.16009,36.72635],[-84.16028,36.726],[-84.16102,36.72533],[-84.16152,36.72492],[-84.1632,36.72378],[-84.16472,36.72293],[-84.1655,36.72262],[-84.16652,36.72237],[-84.16833,36.72237],[-84.16896,36.7223],[-84.17011,36.72188],[-84.17077,36.7218],[-84.17183,36.72194],[-84.17269,36.72219],[-84.17407,36.72281],[-84.17517,36.72342],[-84.17622,36.72429],[-84.17725,36.72526],[-84.17824,36.72599],[-84.1794,36.72655],[-84.1801,36.72679],[-84.18195,36.72709],[-84.18472,36.72725],[-84.18606,36.72717],[-84.18663,36.72705],[-84.18733,36.72678],[-84.18746,36.72689],[-84.1874,36.72707],[-84.18689,36.72732],[-84.18466,36.72761],[-84.18363,36.72792],[-84.18276,36.72843],[-84.18007,36.72824],[-84.17936,36.72831],[-84.17795,36.72795],[-84.17762,36.728],[-84.17728,36.72823],[-84.17683,36.7287],[-84.17651,36.7293],[-84.1759,36.72964],[-84.17541,36.73016],[-84.1745,36.73199],[-84.17439,36.73211],[-84.174,36.7323],[-84.17375,36.73232],[-84.17335,36.73249],[-84.16946,36.73485],[-84.1714,36.737],[-84.17163,36.73757],[-84.1724,36.74042],[-84.17466,36.74184],[-84.17508,36.74195],[-84.17588,36.74253],[-84.17617,36.74291],[-84.17638,36.74332],[-84.17648,36.74369],[-84.17638,36.74418],[-84.17618,36.74449],[-84.17612,36.74473],[-84.17618,36.74496],[-84.17629,36.7451],[-84.1775,36.74601],[-84.17802,36.74605],[-84.17836,36.74596],[-84.17862,36.74598],[-84.17958,36.74571],[-84.18001,36.74589],[-84.18035,36.74644],[-84.18063,36.74667],[-84.18159,36.74671],[-84.18208,36.74682],[-84.18218,36.74693],[-84.1822,36.74712],[-84.18193,36.74803],[-84.18192,36.74827],[-84.18199,36.74846],[-84.18251,36.74887],[-84.18299,36.74908],[-84.18366,36.74924],[-84.18469,36.74932],[-84.18495,36.74946],[-84.18508,36.74979],[-84.18497,36.75085],[-84.18504,36.75127],[-84.18654,36.75252],[-84.18801,36.75465],[-84.18841,36.75496],[-84.19007,36.75569],[-84.19066,36.75585],[-84.19092,36.75577],[-84.19147,36.75546],[-84.1919,36.75532],[-84.1922,36.75534],[-84.19231,36.75541],[-84.19239,36.75553],[-84.19236,36.75586],[-84.19194,36.75738],[-84.19193,36.7579],[-84.192,36.7582],[-84.19223,36.75857],[-84.19263,36.75894],[-84.1933,36.75917],[-84.19406,36.7592],[-84.19465,36.75934],[-84.19538,36.75992],[-84.19726,36.76216],[-84.1975,36.76229],[-84.19784,36.76224],[-84.19936,36.76172],[-84.19972,36.76182],[-84.19993,36.76203],[-84.19995,36.76217],[-84.19979,36.7624],[-84.19915,36.76308],[-84.19877,36.76339],[-84.19865,36.7636],[-84.19862,36.76387],[-84.19867,36.764],[-84.19887,36.76423],[-84.19907,36.76434],[-84.19958,36.76433],[-84.20165,36.76378],[-84.20232,36.76378],[-84.20279,36.76404],[-84.20393,36.76485],[-84.20456,36.76513],[-84.20485,36.7652],[-84.20678,36.76525],[-84.20715,36.76535],[-84.20761,36.76568],[-84.2078,36.76593],[-84.20837,36.76714],[-84.20869,36.76757],[-84.20908,36.7678],[-84.20969,36.76787],[-84.21025,36.76783],[-84.21094,36.76774],[-84.2114,36.76757],[-84.21192,36.76713],[-84.21503,36.76411],[-84.21701,36.76329],[-84.21858,36.76228],[-84.21931,36.76186],[-84.2195,36.76182],[-84.2198,36.76187],[-84.21994,36.762],[-84.22013,36.76248],[-84.22153,36.7647],[-84.22231,36.7656],[-84.22261,36.76577],[-84.22312,36.76594],[-84.22382,36.76598],[-84.2237,36.76625],[-84.22349,36.76637],[-84.22088,36.76741],[-84.21899,36.76863],[-84.21759,36.76902],[-84.21734,36.76913],[-84.21719,36.76929],[-84.21683,36.76993],[-84.21676,36.7703],[-84.21679,36.77104],[-84.21658,36.77145],[-84.21684,36.77432],[-84.21769,36.77515],[-84.21935,36.77611],[-84.22048,36.77804],[-84.22119,36.77943],[-84.22137,36.78037],[-84.22132,36.78147],[-84.22075,36.78401],[-84.22093,36.78506],[-84.22142,36.78669],[-84.22143,36.78713],[-84.22108,36.78836],[-84.2214,36.7902],[-84.22204,36.79063],[-84.22289,36.79216],[-84.22302,36.7923],[-84.22349,36.79255],[-84.22404,36.79269],[-84.2249,36.79257],[-84.22528,36.79259],[-84.22622,36.79339],[-84.22895,36.79432],[-84.23161,36.79438],[-84.23209,36.79445],[-84.23226,36.79458],[-84.23235,36.79475],[-84.23271,36.79623],[-84.2341,36.79743],[-84.23459,36.79804],[-84.23503,36.79827],[-84.23473,36.79906],[-84.23346,36.80024],[-84.23349,36.80145],[-84.23363,36.80178],[-84.23392,36.8021],[-84.23387,36.80238],[-84.23287,36.80339],[-84.23167,36.80415],[-84.23015,36.80544],[-84.22974,36.80587],[-84.2296,36.80621],[-84.2296,36.8065],[-84.23004,36.80929],[-84.23027,36.80981],[-84.23132,36.81092],[-84.23224,36.81207],[-84.23411,36.81228],[-84.23418,36.81233],[-84.23422,36.81324],[-84.23524,36.81634],[-84.23538,36.81717],[-84.23572,36.81846],[-84.23604,36.81864],[-84.23639,36.81922],[-84.23676,36.82034],[-84.23714,36.82095],[-84.23781,36.82164],[-84.23838,36.82182],[-84.23852,36.82194],[-84.23834,36.82297],[-84.23927,36.82335],[-84.24044,36.8241],[-84.24077,36.82432],[-84.24116,36.82481],[-84.24169,36.82609],[-84.24176,36.82652],[-84.24237,36.82822],[-84.24248,36.82924],[-84.24273,36.82951],[-84.24346,36.82998],[-84.24362,36.83033],[-84.2437,36.83066],[-84.24351,36.8313],[-84.24322,36.83195],[-84.24274,36.83266],[-84.24183,36.83375],[-84.24184,36.83386],[-84.24251,36.83491],[-84.24265,36.83556],[-84.24265,36.83642],[-84.24242,36.83703],[-84.24239,36.83742],[-84.2427,36.83821],[-84.2429,36.83915],[-84.24339,36.83969],[-84.24455,36.84043],[-84.24477,36.84065],[-84.24478,36.84126],[-84.24464,36.84204],[-84.24478,36.8429],[-84.24467,36.84387],[-84.24505,36.8446],[-84.2452,36.84568],[-84.24541,36.84573],[-84.24646,36.84565],[-84.24738,36.84548],[-84.24745,36.84571],[-84.24739,36.84622],[-84.24707,36.84698],[-84.24701,36.84728],[-84.24747,36.84849],[-84.2473,36.84907],[-84.24629,36.85039],[-84.24531,36.85189],[-84.24486,36.85235],[-84.2446,36.85334],[-84.24431,36.85408],[-84.24438,36.85458],[-84.24498,36.85677],[-84.24515,36.85778],[-84.24464,36.85875],[-84.24467,36.85885],[-84.24574,36.85884],[-84.24593,36.86018],[-84.24608,36.86077],[-84.24635,36.86135],[-84.24664,36.86224],[-84.24679,36.86297],[-84.24702,36.86339],[-84.24752,36.86378],[-84.24546,36.865],[-84.24495,36.865],[-84.24362,36.86467],[-84.24285,36.86461],[-84.24193,36.86457],[-84.24142,36.8647],[-84.24111,36.8651],[-84.24098,36.86544],[-84.24094,36.86628],[-84.23847,36.86773],[-84.23797,36.86793],[-84.2375,36.86794],[-84.23683,36.86774],[-84.23611,36.86769],[-84.23531,36.86743],[-84.23405,36.86734],[-84.23281,36.86757],[-84.23113,36.86778],[-84.23049,36.86822],[-84.22963,36.86855],[-84.2284,36.86881],[-84.22756,36.86926],[-84.22692,36.86971],[-84.22526,36.87069],[-84.22492,36.8712],[-84.22251,36.87193],[-84.22246,36.87179],[-84.2211,36.87102],[-84.21927,36.87061],[-84.21854,36.87052],[-84.21592,36.87043],[-84.21574,36.87034],[-84.21501,36.87058],[-84.21388,36.87133],[-84.21117,36.87361],[-84.20987,36.87509],[-84.20896,36.87629],[-84.20504,36.87794],[-84.20481,36.87799],[-84.20246,36.87801],[-84.20202,36.87813],[-84.20179,36.87827],[-84.20157,36.8785],[-84.20001,36.88081],[-84.19884,36.88216],[-84.18335,36.8952],[-84.18258,36.89612],[-84.1818,36.89755],[-84.18111,36.89812],[-84.18065,36.89833],[-84.17602,36.89959],[-84.16211,36.90559],[-84.15202,36.90983],[-84.15242,36.91036],[-84.15323,36.91114],[-84.15342,36.91141],[-84.15384,36.91226],[-84.15471,36.91433],[-84.1544,36.9155],[-84.15263,36.9167],[-84.15114,36.91846],[-84.15031,36.92026],[-84.14991,36.92096],[-84.14826,36.92278],[-84.14619,36.92586],[-84.14506,36.9279],[-84.14287,36.9283],[-84.14129,36.9293],[-84.13932,36.93074],[-84.13681,36.9321],[-84.13635,36.93253],[-84.13586,36.93285],[-84.13516,36.93307],[-84.13521,36.93356],[-84.13547,36.9344],[-84.13517,36.93527],[-84.13462,36.93644],[-84.13483,36.93821],[-84.13599,36.93919],[-84.13635,36.93957],[-84.13674,36.94022],[-84.13757,36.94095],[-84.13853,36.94161],[-84.14001,36.9424],[-84.14053,36.943],[-84.14246,36.94588],[-84.14382,36.94763],[-84.14424,36.94826],[-84.14498,36.94946],[-84.14604,36.95167],[-84.1465,36.95295],[-84.14673,36.95385],[-84.14711,36.95474],[-84.14696,36.95473],[-84.14709,36.95518],[-84.14207,36.95467],[-84.14112,36.95569],[-84.13836,36.95582],[-84.13772,36.95662],[-84.13647,36.95791],[-84.13495,36.95798],[-84.13485,36.95764],[-84.13251,36.95777],[-84.13304,36.95931],[-84.13395,36.9599],[-84.13344,36.962],[-84.13242,36.96483],[-84.1329,36.96677],[-84.13283,36.96679],[-84.12949,36.96758],[-84.12916,36.96723],[-84.12891,36.96675],[-84.12884,36.96624],[-84.12904,36.96596],[-84.12902,36.96565],[-84.12786,36.96418],[-84.12624,36.96511],[-84.12524,36.96415],[-84.12494,36.9637],[-84.12458,36.96344],[-84.12411,36.96369],[-84.12276,36.96317],[-84.12113,36.96423],[-84.12021,36.96604],[-84.1204,36.96622],[-84.12001,36.96644],[-84.11971,36.96745],[-84.11852,36.96738],[-84.1189,36.96667],[-84.11862,36.9661],[-84.11803,36.96517],[-84.11667,36.96452],[-84.11584,36.96371],[-84.11499,36.96544],[-84.11417,36.96647],[-84.11459,36.96613],[-84.11512,36.96921],[-84.11585,36.96942],[-84.11701,36.96955],[-84.1181,36.96925],[-84.11849,36.96952]]],[[[-83.65764,37.46534],[-83.65824,37.46562],[-83.65968,37.46663],[-83.66059,37.46698],[-83.66144,37.4662],[-83.66807,37.46096],[-83.67095,37.45856],[-83.67933,37.45179],[-83.67959,37.45154],[-83.67983,37.45099],[-83.67978,37.45041],[-83.67949,37.44976],[-83.67958,37.44954],[-83.68058,37.4495],[-83.68108,37.44931],[-83.68183,37.44874],[-83.68244,37.44807],[-83.6826,37.44775],[-83.68288,37.44741],[-83.684,37.44679],[-83.68458,37.44661],[-83.68568,37.44654],[-83.68593,37.44647],[-83.68616,37.44632],[-83.68663,37.44575],[-83.68701,37.44553],[-83.6877,37.44548],[-83.68948,37.44564],[-83.68978,37.44561],[-83.69001,37.44545],[-83.69015,37.44519],[-83.69016,37.44501],[-83.68993,37.4431],[-83.68991,37.44248],[-83.68997,37.44223],[-83.69019,37.44166],[-83.69054,37.44102],[-83.69075,37.44079],[-83.69104,37.44061],[-83.6918,37.44047],[-83.69202,37.44035],[-83.69219,37.43982],[-83.69219,37.43882],[-83.69248,37.43851],[-83.69282,37.43846],[-83.69417,37.43872],[-83.69449,37.43872],[-83.69476,37.43869],[-83.69555,37.43841],[-83.69615,37.43811],[-83.69693,37.43815],[-83.69772,37.43884],[-83.69808,37.43901],[-83.69956,37.43938],[-83.70027,37.43942],[-83.70082,37.43931],[-83.70212,37.4394],[-83.70596,37.43997],[-83.70657,37.44018],[-83.70724,37.4402],[-83.70747,37.4401],[-83.70766,37.43992],[-83.7082,37.43915],[-83.70895,37.43875],[-83.70952,37.43833],[-83.71063,37.43767],[-83.71171,37.43673],[-83.71232,37.43607],[-83.71253,37.43576],[-83.71253,37.43547],[-83.71243,37.43507],[-83.71225,37.43465],[-83.71225,37.43416],[-83.71233,37.43369],[-83.71297,37.43303],[-83.71315,37.43259],[-83.71365,37.4319],[-83.71413,37.43155],[-83.71457,37.43142],[-83.71623,37.43155],[-83.71649,37.43151],[-83.71687,37.43118],[-83.71733,37.43063],[-83.71785,37.42955],[-83.71789,37.42933],[-83.71789,37.42862],[-83.71757,37.42787],[-83.71735,37.42684],[-83.71739,37.42644],[-83.7176,37.42618],[-83.71788,37.42607],[-83.71811,37.42611],[-83.71971,37.4268],[-83.72081,37.42702],[-83.7214,37.42711],[-83.722,37.42711],[-83.72225,37.42705],[-83.72282,37.42677],[-83.72321,37.42619],[-83.72319,37.42606],[-83.72303,37.42595],[-83.72298,37.42581],[-83.72354,37.42495],[-83.72363,37.4246],[-83.72361,37.42414],[-83.72391,37.42385],[-83.72418,37.42375],[-83.72473,37.42374],[-83.72503,37.42381],[-83.72549,37.42406],[-83.72618,37.4243],[-83.72659,37.42437],[-83.72704,37.42434],[-83.72759,37.42408],[-83.72782,37.42409],[-83.72851,37.42444],[-83.72998,37.42502],[-83.73075,37.42505],[-83.73186,37.42496],[-83.73307,37.42455],[-83.73396,37.42382],[-83.7346,37.42358],[-83.73565,37.42365],[-83.73677,37.42352],[-83.73704,37.42363],[-83.73742,37.42394],[-83.73788,37.42474],[-83.73806,37.42491],[-83.73854,37.42498],[-83.73921,37.42483],[-83.73986,37.42419],[-83.74023,37.42331],[-83.74113,37.42199],[-83.74247,37.42049],[-83.74295,37.4197],[-83.743,37.41957],[-83.74297,37.41937],[-83.74274,37.4191],[-83.74219,37.41886],[-83.74098,37.41875],[-83.74022,37.41886],[-83.7388,37.41891],[-83.73773,37.41867],[-83.73704,37.41838],[-83.73649,37.41802],[-83.73612,37.41769],[-83.73596,37.41749],[-83.73586,37.41716],[-83.73588,37.41636],[-83.73601,37.41598],[-83.73633,37.41573],[-83.73689,37.4155],[-83.73771,37.41553],[-83.73841,37.41585],[-83.73866,37.41609],[-83.73916,37.41623],[-83.74019,37.41637],[-83.74063,37.41619],[-83.74163,37.41547],[-83.7418,37.41504],[-83.74252,37.41427],[-83.74341,37.41344],[-83.74417,37.41293],[-83.74521,37.41249],[-83.74581,37.4125],[-83.74641,37.41297],[-83.74667,37.41313],[-83.7468,37.41314],[-83.74701,37.41305],[-83.74727,37.41254],[-83.74774,37.41203],[-83.74847,37.41188],[-83.75042,37.41243],[-83.75065,37.4126],[-83.75107,37.41344],[-83.75119,37.41351],[-83.75173,37.41354],[-83.75213,37.41374],[-83.75222,37.41385],[-83.75242,37.41446],[-83.75281,37.41499],[-83.75299,37.41504],[-83.75331,37.415],[-83.7537,37.41475],[-83.75416,37.41468],[-83.75457,37.41481],[-83.75504,37.41523],[-83.75539,37.41525],[-83.75551,37.41521],[-83.75563,37.41502],[-83.75558,37.4141],[-83.75547,37.41339],[-83.75565,37.41302],[-83.75634,37.41253],[-83.75696,37.41232],[-83.75763,37.41142],[-83.75795,37.41138],[-83.75816,37.41128],[-83.75835,37.41065],[-83.75876,37.41025],[-83.75915,37.41011],[-83.76087,37.40978],[-83.76112,37.40975],[-83.76137,37.40982],[-83.76148,37.40993],[-83.76162,37.4103],[-83.76162,37.41072],[-83.76169,37.41098],[-83.7618,37.4112],[-83.76202,37.41122],[-83.76474,37.40971],[-83.76488,37.40954],[-83.76499,37.40916],[-83.76497,37.40884],[-83.76508,37.40852],[-83.76584,37.40825],[-83.76648,37.40783],[-83.76731,37.4072],[-83.7677,37.40667],[-83.76771,37.4063],[-83.76764,37.40599],[-83.76769,37.40584],[-83.76824,37.40526],[-83.76828,37.40513],[-83.76847,37.40382],[-83.76838,37.40327],[-83.76847,37.40314],[-83.76887,37.40294],[-83.77031,37.40287],[-83.77058,37.40275],[-83.77061,37.40254],[-83.77018,37.40196],[-83.77008,37.40172],[-83.77022,37.40079],[-83.77071,37.39967],[-83.77133,37.3989],[-83.77157,37.39841],[-83.77171,37.39792],[-83.77169,37.39768],[-83.77139,37.39733],[-83.77116,37.39728],[-83.77036,37.39738],[-83.76981,37.39736],[-83.76954,37.39726],[-83.7689,37.39721],[-83.76873,37.39706],[-83.76824,37.39559],[-83.76825,37.39515],[-83.76843,37.39431],[-83.76836,37.39375],[-83.76782,37.39316],[-83.76784,37.39278],[-83.76777,37.39264],[-83.76713,37.39248],[-83.76645,37.3924],[-83.76636,37.392],[-83.7664,37.39176],[-83.76673,37.39143],[-83.76769,37.39078],[-83.76845,37.39036],[-83.76921,37.3898],[-83.76978,37.38951],[-83.77086,37.38874],[-83.77116,37.38845],[-83.77144,37.38799],[-83.77155,37.38758],[-83.77185,37.38721],[-83.77302,37.3863],[-83.77325,37.38672],[-83.7742,37.38771],[-83.77493,37.38821],[-83.77576,37.38864],[-83.77642,37.38886],[-83.77745,37.38866],[-83.77775,37.38866],[-83.77836,37.3889],[-83.77855,37.38909],[-83.77882,37.38954],[-83.77882,37.38982],[-83.77849,37.39053],[-83.77865,37.39086],[-83.77918,37.39125],[-83.77936,37.39154],[-83.7794,37.39196],[-83.77933,37.3926],[-83.77944,37.39284],[-83.77954,37.39295],[-83.77981,37.39301],[-83.78072,37.39296],[-83.78116,37.39307],[-83.78141,37.39325],[-83.78184,37.39413],[-83.78207,37.39419],[-83.7828,37.39371],[-83.7836,37.39365],[-83.78383,37.39354],[-83.78476,37.39288],[-83.78514,37.39245],[-83.78512,37.39206],[-83.78522,37.39171],[-83.78535,37.39151],[-83.78568,37.39122],[-83.78622,37.39097],[-83.78714,37.39075],[-83.78742,37.39051],[-83.78753,37.3901],[-83.78788,37.38978],[-83.78923,37.38888],[-83.79011,37.3884],[-83.79082,37.3881],[-83.79189,37.38776],[-83.79248,37.38749],[-83.79276,37.38745],[-83.79314,37.3875],[-83.79362,37.38783],[-83.79399,37.38788],[-83.7947,37.38757],[-83.79513,37.38718],[-83.79558,37.38707],[-83.79621,37.38709],[-83.7965,37.38701],[-83.7967,37.38687],[-83.79682,37.38674],[-83.79704,37.38617],[-83.79722,37.38562],[-83.7972,37.38536],[-83.79703,37.385],[-83.79628,37.38424],[-83.79615,37.38403],[-83.79612,37.38344],[-83.79633,37.38281],[-83.79632,37.38238],[-83.79618,37.38198],[-83.79625,37.38171],[-83.79661,37.38099],[-83.79685,37.38059],[-83.79704,37.38042],[-83.79727,37.38027],[-83.79843,37.38],[-83.79891,37.37996],[-83.79949,37.38001],[-83.80006,37.38019],[-83.80038,37.38047],[-83.80077,37.38096],[-83.80102,37.38112],[-83.80136,37.38121],[-83.80184,37.38106],[-83.80258,37.38061],[-83.80346,37.38047],[-83.80357,37.38038],[-83.80362,37.38003],[-83.80325,37.37947],[-83.80313,37.37915],[-83.80317,37.37868],[-83.80419,37.37761],[-83.80476,37.37745],[-83.80496,37.37732],[-83.80535,37.37687],[-83.80606,37.37653],[-83.8066,37.37611],[-83.80707,37.3751],[-83.80787,37.37397],[-83.8081,37.37386],[-83.8087,37.37392],[-83.80905,37.37415],[-83.80958,37.37438],[-83.80992,37.37435],[-83.81077,37.3741],[-83.81046,37.37356],[-83.81035,37.37322],[-83.81128,37.372],[-83.81159,37.3713],[-83.81178,37.37068],[-83.81184,37.37018],[-83.81168,37.37003],[-83.81097,37.37015],[-83.81072,37.37016],[-83.81061,37.37009],[-83.81011,37.36899],[-83.80943,37.3685],[-83.8088,37.36792],[-83.80835,37.36771],[-83.80824,37.36746],[-83.80803,37.36639],[-83.80782,37.36568],[-83.80768,37.36555],[-83.80673,37.36511],[-83.80662,37.365],[-83.80654,37.36454],[-83.80634,37.36439],[-83.80609,37.36434],[-83.80538,37.36441],[-83.80515,37.36437],[-83.80486,37.36417],[-83.80383,37.36408],[-83.80287,37.36423],[-83.80245,37.36442],[-83.80227,37.36444],[-83.80134,37.36417],[-83.80131,37.36412],[-83.8019,37.36268],[-83.80218,37.36113],[-83.80215,37.36048],[-83.80184,37.35988],[-83.8009,37.35922],[-83.80056,37.35885],[-83.80023,37.35832],[-83.79999,37.35767],[-83.79993,37.3576],[-83.79972,37.35761],[-83.79813,37.35837],[-83.7974,37.35888],[-83.79722,37.35887],[-83.79686,37.35874],[-83.79659,37.35853],[-83.79624,37.35776],[-83.79501,37.35661],[-83.79506,37.35635],[-83.79565,37.35613],[-83.79643,37.35564],[-83.79675,37.3553],[-83.79687,37.3551],[-83.79688,37.35495],[-83.79681,37.35473],[-83.79654,37.35462],[-83.79626,37.3546],[-83.79582,37.35428],[-83.79548,37.35376],[-83.79516,37.35305],[-83.79491,37.3527],[-83.79486,37.35211],[-83.79497,37.35128],[-83.79489,37.35084],[-83.79475,37.35068],[-83.79455,37.35059],[-83.79423,37.35056],[-83.79391,37.35061],[-83.79282,37.35107],[-83.79181,37.35122],[-83.79164,37.35136],[-83.79157,37.35194],[-83.79091,37.35256],[-83.79006,37.35296],[-83.78976,37.35295],[-83.7891,37.35271],[-83.78848,37.35258],[-83.78821,37.35237],[-83.78816,37.3522],[-83.78812,37.35185],[-83.78822,37.3508],[-83.78813,37.35044],[-83.78797,37.35022],[-83.78802,37.34934],[-83.78786,37.34899],[-83.78748,37.34884],[-83.78633,37.34915],[-83.78606,37.34913],[-83.78466,37.34855],[-83.78459,37.34846],[-83.78441,37.34772],[-83.78424,37.34654],[-83.7839,37.34627],[-83.78291,37.3458],[-83.78251,37.34542],[-83.78242,37.345],[-83.78261,37.3446],[-83.78263,37.34438],[-83.78193,37.34348],[-83.78197,37.34315],[-83.78273,37.34251],[-83.78303,37.34196],[-83.78317,37.3414],[-83.78368,37.34056],[-83.78366,37.33986],[-83.78384,37.33963],[-83.78476,37.33882],[-83.78499,37.3385],[-83.78527,37.33793],[-83.78539,37.33747],[-83.78523,37.33698],[-83.78507,37.3368],[-83.78459,37.33648],[-83.78376,37.33631],[-83.78363,37.33619],[-83.78362,37.33476],[-83.78371,37.33455],[-83.78396,37.33434],[-83.78504,37.33434],[-83.787,37.33455],[-83.7875,37.33446],[-83.78824,37.33415],[-83.78847,37.33414],[-83.7889,37.3344],[-83.78926,37.3344],[-83.78979,37.33418],[-83.78993,37.33406],[-83.79054,37.33328],[-83.79056,37.33287],[-83.79026,37.33196],[-83.79024,37.33172],[-83.79032,37.33146],[-83.79117,37.33085],[-83.79194,37.33017],[-83.79219,37.33011],[-83.79281,37.33024],[-83.79348,37.33029],[-83.79418,37.32999],[-83.79503,37.32984],[-83.79621,37.3299],[-83.79657,37.32977],[-83.82167,37.33119],[-83.86304,37.30664],[-83.87493,37.30702],[-83.88194,37.30693],[-83.88101,37.30613],[-83.88076,37.30582],[-83.8808,37.30549],[-83.8815,37.30366],[-83.88179,37.3032],[-83.88182,37.30304],[-83.8817,37.30269],[-83.88155,37.30252],[-83.8808,37.30227],[-83.88025,37.30165],[-83.87956,37.30156],[-83.87925,37.30158],[-83.8789,37.30147],[-83.87873,37.30113],[-83.87867,37.30069],[-83.87832,37.29966],[-83.87859,37.29889],[-83.87938,37.29805],[-83.87993,37.29681],[-83.88032,37.29622],[-83.88041,37.29587],[-83.88043,37.29527],[-83.88036,37.29459],[-83.87693,37.29464],[-83.88756,37.28646],[-83.88803,37.28603],[-83.88823,37.28572],[-83.88828,37.28552],[-83.88813,37.28521],[-83.88738,37.28444],[-83.88725,37.28357],[-83.8869,37.28297],[-83.88692,37.28262],[-83.88701,37.28249],[-83.88782,37.28197],[-83.888,37.28179],[-83.88813,37.28149],[-83.88836,37.28029],[-83.88787,37.27943],[-83.88789,37.27923],[-83.88816,37.27917],[-83.88836,37.27876],[-83.8883,37.27811],[-83.88836,37.27758],[-83.88926,37.27698],[-83.88972,37.27696],[-83.88981,37.27678],[-83.88959,37.27619],[-83.88956,37.27573],[-83.89015,37.27449],[-83.89052,37.27432],[-83.89116,37.27449],[-83.89143,37.27438],[-83.89189,37.27359],[-83.89244,37.2732],[-83.89447,37.27216],[-83.89646,37.27094],[-83.89681,37.27033],[-83.89756,37.26998],[-83.89765,37.26979],[-83.89777,37.26909],[-83.89822,37.26858],[-83.8985,37.26781],[-83.89934,37.26727],[-83.89996,37.26677],[-83.90012,37.26616],[-83.90015,37.26545],[-83.9001,37.26521],[-83.89987,37.265],[-83.8995,37.26486],[-83.89889,37.2649],[-83.8984,37.26507],[-83.89813,37.26505],[-83.89808,37.26461],[-83.89794,37.26432],[-83.89734,37.2638],[-83.89709,37.2633],[-83.897,37.26279],[-83.89699,37.26221],[-83.8971,37.26194],[-83.89741,37.26188],[-83.89758,37.2621],[-83.89852,37.26254],[-83.89884,37.26261],[-83.89902,37.26248],[-83.89903,37.26175],[-83.89909,37.26162],[-83.89941,37.2614],[-83.89948,37.26123],[-83.89945,37.26087],[-83.89928,37.26026],[-83.89875,37.25875],[-83.89908,37.25811],[-83.89907,37.25752],[-83.8989,37.25707],[-83.89897,37.25692],[-83.89917,37.25683],[-83.90016,37.25695],[-83.90056,37.25689],[-83.90062,37.25617],[-83.90077,37.25553],[-83.90148,37.25457],[-83.90152,37.25395],[-83.9016,37.25378],[-83.90101,37.25359],[-83.89929,37.25334],[-83.89904,37.25319],[-83.89887,37.25295],[-83.89861,37.2514],[-83.89845,37.251],[-83.89815,37.25054],[-83.89799,37.24979],[-83.89773,37.24938],[-83.89764,37.249],[-83.89646,37.24771],[-83.89622,37.24756],[-83.8958,37.24749],[-83.89432,37.24761],[-83.89367,37.24741],[-83.8934,37.24715],[-83.89322,37.24673],[-83.89337,37.24619],[-83.89332,37.24569],[-83.89306,37.24518],[-83.89247,37.24467],[-83.89208,37.24449],[-83.89103,37.24442],[-83.8908,37.24453],[-83.89041,37.24495],[-83.89003,37.24523],[-83.88948,37.24527],[-83.88927,37.24517],[-83.88888,37.24459],[-83.88861,37.24401],[-83.88849,37.24358],[-83.88756,37.24234],[-83.88714,37.24112],[-83.88682,37.24059],[-83.88693,37.24015],[-83.88732,37.23957],[-83.88752,37.23915],[-83.88758,37.23874],[-83.88754,37.23847],[-83.88735,37.23828],[-83.88717,37.23821],[-83.88646,37.23811],[-83.88473,37.23818],[-83.88397,37.2385],[-83.88372,37.23845],[-83.8834,37.23819],[-83.88333,37.23808],[-83.88333,37.23781],[-83.88353,37.23724],[-83.88355,37.23655],[-83.88355,37.23633],[-83.88345,37.23603],[-83.88246,37.23485],[-83.88156,37.23395],[-83.88076,37.23342],[-83.87966,37.23285],[-83.87913,37.23235],[-83.87878,37.23166],[-83.87812,37.23084],[-83.87798,37.2304],[-83.87773,37.22998],[-83.87724,37.22953],[-83.87701,37.22923],[-83.87692,37.22902],[-83.87689,37.22869],[-83.87694,37.22821],[-83.8774,37.22736],[-83.87811,37.2268],[-83.87905,37.22623],[-83.87936,37.2259],[-83.87956,37.22558],[-83.8797,37.22503],[-83.87978,37.22425],[-83.88037,37.22273],[-83.88064,37.22231],[-83.88075,37.22191],[-83.88116,37.22126],[-83.88111,37.22071],[-83.88072,37.21971],[-83.88032,37.21901],[-83.88036,37.21881],[-83.88073,37.21847],[-83.88107,37.21833],[-83.88198,37.21827],[-83.88276,37.21831],[-83.88317,37.21813],[-83.88371,37.21739],[-83.88425,37.21684],[-83.88483,37.21629],[-83.88571,37.21569],[-83.88582,37.21554],[-83.88595,37.21479],[-83.88611,37.2144],[-83.88738,37.21333],[-83.8877,37.21295],[-83.88797,37.21234],[-83.88808,37.21189],[-83.88806,37.21141],[-83.88754,37.21041],[-83.88745,37.21006],[-83.88749,37.20942],[-83.88728,37.20886],[-83.88638,37.20808],[-83.88599,37.20784],[-83.88572,37.20772],[-83.88481,37.2076],[-83.88466,37.20747],[-83.88478,37.20712],[-83.88527,37.20673],[-83.88546,37.20618],[-83.88562,37.206],[-83.88625,37.20554],[-83.88724,37.20524],[-83.88752,37.20508],[-83.88759,37.20495],[-83.88764,37.20442],[-83.88781,37.20391],[-83.88815,37.20357],[-83.88853,37.20341],[-83.88968,37.20345],[-83.8908,37.20308],[-83.89176,37.20333],[-83.89266,37.20376],[-83.89304,37.20382],[-83.89336,37.2038],[-83.89378,37.20352],[-83.89396,37.20347],[-83.89444,37.20348],[-83.89467,37.20355],[-83.89517,37.20384],[-83.89575,37.20439],[-83.8965,37.20543],[-83.89686,37.20558],[-83.89711,37.20559],[-83.89741,37.2055],[-83.89765,37.20533],[-83.89804,37.20487],[-83.89856,37.20398],[-83.89898,37.20358],[-83.89916,37.20349],[-83.89965,37.20337],[-83.8999,37.20326],[-83.90011,37.20308],[-83.90061,37.20291],[-83.90125,37.20292],[-83.90219,37.20306],[-83.90251,37.20301],[-83.90297,37.20276],[-83.90319,37.20255],[-83.9034,37.20207],[-83.90346,37.20148],[-83.90371,37.20103],[-83.90388,37.20085],[-83.90416,37.20064],[-83.90475,37.20066],[-83.90537,37.20056],[-83.90572,37.20018],[-83.90594,37.1997],[-83.90614,37.19854],[-83.9067,37.19716],[-83.90702,37.19705],[-83.90774,37.19712],[-83.90796,37.19707],[-83.90803,37.19663],[-83.9086,37.19598],[-83.90872,37.19574],[-83.90859,37.19523],[-83.90823,37.19467],[-83.90729,37.19408],[-83.90557,37.19343],[-83.90443,37.1921],[-83.90407,37.19216],[-83.90354,37.19238],[-83.90317,37.19237],[-83.9031,37.19155],[-83.90208,37.19027],[-83.90184,37.18986],[-83.90166,37.18933],[-83.90167,37.18911],[-83.90189,37.18856],[-83.90249,37.18788],[-83.90359,37.18689],[-83.90389,37.18639],[-83.90405,37.18563],[-83.90395,37.18506],[-83.90361,37.18462],[-83.90314,37.18414],[-83.90238,37.18361],[-83.90109,37.18304],[-83.90091,37.18304],[-83.90058,37.18319],[-83.9,37.1838],[-83.89968,37.18383],[-83.89939,37.18364],[-83.89885,37.18303],[-83.89831,37.18299],[-83.89779,37.18283],[-83.89761,37.18263],[-83.89734,37.18211],[-83.8971,37.18185],[-83.89575,37.18101],[-83.89501,37.18021],[-83.89472,37.18006],[-83.89419,37.18007],[-83.89297,37.18066],[-83.89235,37.18082],[-83.89147,37.18077],[-83.89115,37.18089],[-83.89079,37.18152],[-83.8906,37.18201],[-83.89046,37.18292],[-83.89023,37.18309],[-83.88902,37.18314],[-83.88819,37.18333],[-83.88772,37.18303],[-83.88761,37.18281],[-83.88752,37.18235],[-83.88773,37.18161],[-83.88739,37.18158],[-83.88681,37.18199],[-83.88615,37.18198],[-83.88596,37.18191],[-83.88491,37.17985],[-83.88466,37.179],[-83.88415,37.17835],[-83.88415,37.17754],[-83.88422,37.17722],[-83.88505,37.17657],[-83.88537,37.17581],[-83.88546,37.17484],[-83.8855,37.17277],[-83.88558,37.17219],[-83.88613,37.1712],[-83.88636,37.17095],[-83.88695,37.17003],[-83.88717,37.16928],[-83.88716,37.16872],[-83.88702,37.16804],[-83.8866,37.16717],[-83.88633,37.16682],[-83.88571,37.16634],[-83.88518,37.16622],[-83.88458,37.16628],[-83.88442,37.16623],[-83.8843,37.16616],[-83.88417,37.1659],[-83.88412,37.16571],[-83.88415,37.16503],[-83.88422,37.1648],[-83.88442,37.16449],[-83.88456,37.16391],[-83.8846,37.16367],[-83.88455,37.16303],[-83.88465,37.16255],[-83.88472,37.16235],[-83.88496,37.16208],[-83.88535,37.1619],[-83.88573,37.16184],[-83.88596,37.1617],[-83.88607,37.16149],[-83.88624,37.16065],[-83.88653,37.16044],[-83.88707,37.16022],[-83.88764,37.16013],[-83.88791,37.15983],[-83.88802,37.1595],[-83.88771,37.15908],[-83.88773,37.15886],[-83.8883,37.15735],[-83.88886,37.15696],[-83.88951,37.1561],[-83.88982,37.15588],[-83.89005,37.15578],[-83.89093,37.15573],[-83.89124,37.15578],[-83.89206,37.15612],[-83.89268,37.1563],[-83.89334,37.1562],[-83.89364,37.15625],[-83.89384,37.15632],[-83.89419,37.15661],[-83.89438,37.15683],[-83.89446,37.15742],[-83.89444,37.15772],[-83.89452,37.158],[-83.89498,37.15872],[-83.89508,37.15931],[-83.89536,37.15978],[-83.89546,37.15985],[-83.89585,37.15983],[-83.8967,37.15934],[-83.89689,37.15945],[-83.89704,37.15998],[-83.89729,37.16034],[-83.8978,37.16071],[-83.89819,37.16088],[-83.89874,37.161],[-83.89929,37.16098],[-83.89977,37.16105],[-83.90009,37.16121],[-83.90118,37.16198],[-83.90188,37.16199],[-83.90248,37.16188],[-83.90355,37.16201],[-83.90392,37.16218],[-83.90422,37.16243],[-83.90442,37.16296],[-83.9046,37.1631],[-83.90536,37.16345],[-83.90578,37.16376],[-83.90635,37.16392],[-83.9074,37.16396],[-83.90823,37.16408],[-83.90862,37.16428],[-83.90922,37.16482],[-83.9095,37.16494],[-83.90981,37.16496],[-83.91004,37.16483],[-83.91009,37.16472],[-83.91005,37.16382],[-83.91011,37.16366],[-83.91033,37.16349],[-83.9109,37.16339],[-83.91108,37.16308],[-83.91102,37.1625],[-83.91086,37.162],[-83.91091,37.1614],[-83.91081,37.16107],[-83.91031,37.16014],[-83.91051,37.15965],[-83.91087,37.1593],[-83.91105,37.15884],[-83.91129,37.15856],[-83.91168,37.15848],[-83.91204,37.15857],[-83.91262,37.15893],[-83.91304,37.15937],[-83.91329,37.15945],[-83.91377,37.15921],[-83.91467,37.15854],[-83.91478,37.15854],[-83.91494,37.15857],[-83.91536,37.15886],[-83.91596,37.15962],[-83.91657,37.15983],[-83.91749,37.16005],[-83.9184,37.16011],[-83.91888,37.15994],[-83.91926,37.15993],[-83.9197,37.15977],[-83.9199,37.15978],[-83.92038,37.16014],[-83.92082,37.16019],[-83.92196,37.1595],[-83.92271,37.15921],[-83.92333,37.15884],[-83.92368,37.15824],[-83.9235,37.15731],[-83.92364,37.15711],[-83.92419,37.15678],[-83.92443,37.15653],[-83.92448,37.15635],[-83.92448,37.15561],[-83.92463,37.15534],[-83.92478,37.15525],[-83.92624,37.15516],[-83.92725,37.15482],[-83.92747,37.1548],[-83.92787,37.15494],[-83.92875,37.15574],[-83.92936,37.15607],[-83.92968,37.1561],[-83.93041,37.15587],[-83.9314,37.15528],[-83.9316,37.15502],[-83.93211,37.15363],[-83.93211,37.15337],[-83.9318,37.15286],[-83.93034,37.15155],[-83.93032,37.15126],[-83.93091,37.15036],[-83.9308,37.15011],[-83.9303,37.14969],[-83.92999,37.14956],[-83.92939,37.14946],[-83.92914,37.14931],[-83.92869,37.14895],[-83.9283,37.14845],[-83.92837,37.14823],[-83.92933,37.14765],[-83.92963,37.1474],[-83.92988,37.14712],[-83.93002,37.14665],[-83.93,37.14627],[-83.9299,37.14599],[-83.92936,37.14511],[-83.92943,37.14476],[-83.92982,37.14409],[-83.92966,37.14346],[-83.92937,37.14312],[-83.92921,37.14279],[-83.92915,37.14227],[-83.92938,37.1414],[-83.92929,37.14087],[-83.92929,37.14024],[-83.92936,37.13999],[-83.92948,37.13973],[-83.92972,37.13944],[-83.93039,37.13921],[-83.93066,37.139],[-83.93103,37.13849],[-83.9314,37.13838],[-83.93173,37.13846],[-83.93208,37.13877],[-83.9322,37.13892],[-83.93239,37.13958],[-83.9326,37.13975],[-83.93315,37.13973],[-83.93373,37.1401],[-83.93405,37.14021],[-83.93509,37.1401],[-83.93557,37.13995],[-83.93712,37.13914],[-83.9381,37.13842],[-83.93812,37.13817],[-83.93808,37.13778],[-83.93753,37.13709],[-83.93731,37.13623],[-83.93704,37.13564],[-83.93652,37.13511],[-83.93522,37.13454],[-83.9352,37.13425],[-83.93536,37.13326],[-83.93561,37.1326],[-83.93564,37.13236],[-83.93557,37.13205],[-83.93489,37.13083],[-83.93323,37.12928],[-83.93294,37.12869],[-83.93292,37.12847],[-83.93315,37.12747],[-83.93318,37.12701],[-83.93375,37.1265],[-83.93391,37.12626],[-83.93469,37.12563],[-83.93487,37.12445],[-83.93544,37.12356],[-83.93548,37.12294],[-83.9352,37.12235],[-83.93495,37.12139],[-83.93461,37.1208],[-83.93348,37.1198],[-83.93335,37.11977],[-83.93287,37.11923],[-83.93272,37.11892],[-83.93252,37.118],[-83.93214,37.11761],[-83.93066,37.11738],[-83.93002,37.11657],[-83.92964,37.11639],[-83.92901,37.11622],[-83.92858,37.11584],[-83.92849,37.11563],[-83.92783,37.11527],[-83.92756,37.11496],[-83.92741,37.11465],[-83.92706,37.1135],[-83.92681,37.11298],[-83.92662,37.11284],[-83.92546,37.1124],[-83.92552,37.11177],[-83.9253,37.11161],[-83.92366,37.11098],[-83.92332,37.11079],[-83.92231,37.11055],[-83.92189,37.11051],[-83.92096,37.11022],[-83.91977,37.10974],[-83.91954,37.10972],[-83.91893,37.11035],[-83.91873,37.1104],[-83.91803,37.11094],[-83.9178,37.11104],[-83.91665,37.11096],[-83.91605,37.11097],[-83.91586,37.11106],[-83.91565,37.11132],[-83.91548,37.11205],[-83.91527,37.11247],[-83.91493,37.11275],[-83.9147,37.11284],[-83.91441,37.1129],[-83.91408,37.1128],[-83.91331,37.11227],[-83.91292,37.1122],[-83.91112,37.11231],[-83.91043,37.11264],[-83.90975,37.11275],[-83.90875,37.11268],[-83.90777,37.11224],[-83.90692,37.11135],[-83.90653,37.11121],[-83.9051,37.1112],[-83.90448,37.11076],[-83.90382,37.11047],[-83.90289,37.11109],[-83.90255,37.1112],[-83.90216,37.11124],[-83.901,37.11107],[-83.90054,37.11111],[-83.89844,37.11182],[-83.89812,37.11204],[-83.89794,37.11248],[-83.8982,37.11309],[-83.89822,37.11344],[-83.89788,37.11387],[-83.89713,37.11439],[-83.89601,37.11457],[-83.89581,37.11481],[-83.89562,37.11539],[-83.89538,37.11565],[-83.89481,37.11583],[-83.89348,37.116],[-83.89308,37.11613],[-83.89178,37.11704],[-83.89141,37.11709],[-83.89025,37.11684],[-83.88963,37.11689],[-83.88845,37.11755],[-83.88729,37.11847],[-83.8864,37.11891],[-83.88617,37.11891],[-83.88581,37.11878],[-83.88485,37.11796],[-83.88366,37.11661],[-83.88323,37.11646],[-83.8829,37.11615],[-83.88252,37.11573],[-83.8819,37.11461],[-83.88165,37.11434],[-83.88096,37.11401],[-83.88133,37.11318],[-83.88158,37.11277],[-83.88196,37.1124],[-83.8839,37.11172],[-83.88383,37.11143],[-83.88378,37.11006],[-83.88369,37.10971],[-83.88332,37.10923],[-83.8828,37.10894],[-83.87969,37.1082],[-83.87856,37.10823],[-83.87821,37.10816],[-83.87771,37.10783],[-83.8768,37.10757],[-83.87593,37.10717],[-83.87493,37.10723],[-83.8743,37.10758],[-83.87358,37.10776],[-83.87317,37.10798],[-83.87225,37.10794],[-83.87164,37.10752],[-83.87025,37.10686],[-83.87009,37.10657],[-83.86997,37.10606],[-83.86965,37.10573],[-83.86895,37.10549],[-83.86689,37.10414],[-83.86609,37.10394],[-83.86536,37.10389],[-83.86534,37.10372],[-83.86695,37.10171],[-83.86713,37.10123],[-83.8671,37.10098],[-83.86626,37.09952],[-83.8663,37.09919],[-83.86664,37.0984],[-83.86721,37.09772],[-83.86741,37.09693],[-83.86732,37.09635],[-83.86663,37.09516],[-83.86645,37.09476],[-83.86631,37.09423],[-83.8659,37.09368],[-83.86553,37.09337],[-83.86514,37.09322],[-83.86425,37.09317],[-83.86296,37.09284],[-83.86254,37.09222],[-83.86245,37.09174],[-83.86281,37.09074],[-83.86329,37.09017],[-83.86437,37.08918],[-83.86499,37.08846],[-83.86537,37.08783],[-83.86555,37.08721],[-83.86581,37.08689],[-83.86687,37.08612],[-83.86776,37.0857],[-83.86821,37.08516],[-83.86824,37.08486],[-83.86809,37.08422],[-83.86767,37.08347],[-83.86765,37.08332],[-83.86778,37.08315],[-83.86842,37.08274],[-83.86904,37.08278],[-83.86988,37.08294],[-83.87011,37.08288],[-83.8702,37.08279],[-83.87026,37.08235],[-83.87055,37.08182],[-83.8708,37.0816],[-83.87182,37.08102],[-83.87223,37.08071],[-83.87264,37.08057],[-83.87332,37.0806],[-83.87383,37.08098],[-83.87424,37.08146],[-83.87479,37.08247],[-83.87506,37.08249],[-83.87597,37.08172],[-83.87696,37.08103],[-83.87749,37.08057],[-83.87773,37.08005],[-83.87793,37.07981],[-83.88003,37.07795],[-83.8807,37.07745],[-83.88163,37.07711],[-83.88231,37.07709],[-83.88414,37.07782],[-83.88433,37.07783],[-83.88492,37.07752],[-83.88577,37.0775],[-83.88605,37.0772],[-83.88627,37.07667],[-83.88636,37.07601],[-83.88672,37.07569],[-83.88785,37.07501],[-83.88787,37.07468],[-83.88763,37.0741],[-83.88756,37.07358],[-83.88747,37.0734],[-83.887,37.07295],[-83.88693,37.0728],[-83.88697,37.07218],[-83.8869,37.07196],[-83.88634,37.07112],[-83.88604,37.07022],[-83.8854,37.06902],[-83.88522,37.06885],[-83.88518,37.06787],[-83.8844,37.06727],[-83.88426,37.06699],[-83.88416,37.06641],[-83.88505,37.06448],[-83.88502,37.06408],[-83.88468,37.0637],[-83.88468,37.0635],[-83.88501,37.06272],[-83.885,37.06245],[-83.88479,37.06192],[-83.8846,37.06173],[-83.88433,37.06165],[-83.88404,37.06167],[-83.88276,37.06208],[-83.88144,37.06153],[-83.881,37.06157],[-83.87935,37.06256],[-83.87799,37.06309],[-83.87728,37.06279],[-83.87611,37.06248],[-83.87589,37.06139],[-83.87563,37.06096],[-83.87532,37.06077],[-83.87416,37.06061],[-83.87376,37.06049],[-83.87365,37.06039],[-83.87369,37.05961],[-83.87167,37.05845],[-83.87138,37.05803],[-83.87137,37.05779],[-83.87207,37.05651],[-83.87214,37.05612],[-83.87211,37.05575],[-83.87188,37.05535],[-83.87149,37.05506],[-83.87118,37.05497],[-83.87071,37.05497],[-83.87017,37.05509],[-83.86973,37.05511],[-83.86807,37.05482],[-83.86768,37.05488],[-83.86728,37.05504],[-83.86693,37.05484],[-83.86615,37.05322],[-83.86538,37.05275],[-83.86399,37.05251],[-83.86372,37.05238],[-83.86326,37.05187],[-83.86298,37.05166],[-83.86267,37.05159],[-83.86244,37.05181],[-83.86204,37.05259],[-83.86197,37.05322],[-83.86182,37.0538],[-83.8617,37.05393],[-83.8613,37.05405],[-83.86014,37.05411],[-83.85921,37.05453],[-83.85881,37.05464],[-83.85846,37.05444],[-83.8582,37.05422],[-83.85792,37.05362],[-83.8578,37.0525],[-83.85763,37.05165],[-83.85756,37.05106],[-83.85758,37.05031],[-83.85764,37.04987],[-83.8578,37.04945],[-83.85775,37.04895],[-83.85763,37.04873],[-83.8572,37.04832],[-83.85664,37.0479],[-83.85614,37.04742],[-83.856,37.04722],[-83.85598,37.04697],[-83.85615,37.04653],[-83.85631,37.04632],[-83.85656,37.0461],[-83.85768,37.04546],[-83.85788,37.04511],[-83.85819,37.04431],[-83.85809,37.04376],[-83.85791,37.04343],[-83.85763,37.04319],[-83.85713,37.043],[-83.85683,37.04281],[-83.85665,37.04254],[-83.85628,37.04239],[-83.85531,37.04294],[-83.85501,37.04305],[-83.85449,37.04304],[-83.85355,37.04277],[-83.85286,37.04241],[-83.85248,37.04239],[-83.85125,37.04256],[-83.84984,37.04249],[-83.84913,37.04258],[-83.84831,37.04259],[-83.84788,37.04252],[-83.84737,37.04232],[-83.84676,37.04232],[-83.84392,37.04325],[-83.8429,37.04325],[-83.84263,37.04312],[-83.84248,37.04287],[-83.84237,37.04179],[-83.84195,37.04143],[-83.84159,37.04098],[-83.84107,37.04056],[-83.8408,37.04048],[-83.83997,37.04073],[-83.83956,37.04073],[-83.83897,37.04054],[-83.8382,37.04015],[-83.83792,37.04008],[-83.83717,37.04014],[-83.83692,37.04022],[-83.83667,37.04043],[-83.83635,37.04104],[-83.836,37.04147],[-83.83562,37.04178],[-83.8349,37.04267],[-83.83411,37.04329],[-83.83368,37.04333],[-83.83292,37.04322],[-83.83164,37.04268],[-83.83105,37.04236],[-83.83091,37.04218],[-83.83077,37.0414],[-83.8306,37.04111],[-83.82976,37.04009],[-83.82943,37.03982],[-83.82921,37.0398],[-83.82823,37.04013],[-83.82747,37.04023],[-83.82625,37.04023],[-83.82551,37.0397],[-83.82549,37.03943],[-83.82558,37.03925],[-83.82691,37.03771],[-83.82755,37.03686],[-83.8277,37.03655],[-83.82802,37.03618],[-83.82832,37.03603],[-83.82873,37.03611],[-83.82921,37.03609],[-83.82945,37.03596],[-83.82959,37.03574],[-83.82958,37.03527],[-83.82967,37.03495],[-83.83008,37.0344],[-83.83106,37.03341],[-83.83177,37.03173],[-83.83182,37.0314],[-83.8317,37.03116],[-83.83147,37.03094],[-83.83029,37.03064],[-83.82992,37.03047],[-83.82971,37.03031],[-83.82969,37.03016],[-83.82937,37.0296],[-83.82917,37.02947],[-83.82796,37.02945],[-83.82725,37.02912],[-83.82699,37.02889],[-83.82663,37.02838],[-83.82638,37.02814],[-83.8261,37.02801],[-83.82551,37.02791],[-83.82516,37.0274],[-83.82482,37.02718],[-83.82446,37.02707],[-83.82324,37.02614],[-83.82272,37.026],[-83.8215,37.02682],[-83.82107,37.02701],[-83.82052,37.02706],[-83.81999,37.02685],[-83.81797,37.02699],[-83.81698,37.02689],[-83.81571,37.02693],[-83.81544,37.02682],[-83.81486,37.02705],[-83.81382,37.02772],[-83.81256,37.02882],[-83.81185,37.02923],[-83.8111,37.02923],[-83.80967,37.02991],[-83.80897,37.03015],[-83.80817,37.03028],[-83.80733,37.03069],[-83.80695,37.0308],[-83.80653,37.03116],[-83.80613,37.0314],[-83.80518,37.0323],[-83.80481,37.03292],[-83.80454,37.03311],[-83.80348,37.03345],[-83.80293,37.03379],[-83.80258,37.03393],[-83.80218,37.03399],[-83.80154,37.03373],[-83.80136,37.03358],[-83.80118,37.03317],[-83.80044,37.03255],[-83.79996,37.03257],[-83.79944,37.03274],[-83.79851,37.03327],[-83.79712,37.03375],[-83.79687,37.03411],[-83.79676,37.03432],[-83.79674,37.03492],[-83.79688,37.03547],[-83.79721,37.03616],[-83.79723,37.03678],[-83.79707,37.03697],[-83.79636,37.03701],[-83.79573,37.03697],[-83.79536,37.03687],[-83.79456,37.03577],[-83.79447,37.03549],[-83.79424,37.0354],[-83.79376,37.03536],[-83.79328,37.03518],[-83.79296,37.03475],[-83.79236,37.03449],[-83.79179,37.03446],[-83.79129,37.03468],[-83.7901,37.03586],[-83.78885,37.03662],[-83.78842,37.03702],[-83.78817,37.03703],[-83.78776,37.03685],[-83.78713,37.03628],[-83.78578,37.03457],[-83.78544,37.03435],[-83.78521,37.03428],[-83.7837,37.03476],[-83.7825,37.03486],[-83.78212,37.03495],[-83.78137,37.03517],[-83.78092,37.03538],[-83.78058,37.03564],[-83.78025,37.0369],[-83.77997,37.0373],[-83.77956,37.03755],[-83.77867,37.03767],[-83.77783,37.03762],[-83.77754,37.0375],[-83.78003,37.03503],[-83.77949,37.03373],[-83.77958,37.03364],[-83.78276,37.03244],[-83.78303,37.03228],[-83.78209,37.03147],[-83.78153,37.03109],[-83.78105,37.03043],[-83.77905,37.02981],[-83.77934,37.02906],[-83.77939,37.02847],[-83.77943,37.02772],[-83.77931,37.02663],[-83.77978,37.02605],[-83.78001,37.02551],[-83.78001,37.02527],[-83.77988,37.02504],[-83.7799,37.02483],[-83.7803,37.02379],[-83.78033,37.02291],[-83.78026,37.02267],[-83.78008,37.0226],[-83.77897,37.02252],[-83.77865,37.02234],[-83.77721,37.02074],[-83.77662,37.02028],[-83.77655,37.02017],[-83.77657,37.01987],[-83.77701,37.01898],[-83.77715,37.0183],[-83.77711,37.01788],[-83.77704,37.01766],[-83.77657,37.01689],[-83.77632,37.01663],[-83.77569,37.01572],[-83.77538,37.01542],[-83.77508,37.01531],[-83.77387,37.0154],[-83.77317,37.01565],[-83.77223,37.01584],[-83.77178,37.01613],[-83.7711,37.01689],[-83.77077,37.01697],[-83.77026,37.01694],[-83.76988,37.017],[-83.76908,37.01734],[-83.76844,37.01772],[-83.76782,37.01794],[-83.76684,37.01811],[-83.76616,37.01839],[-83.7659,37.01869],[-83.76603,37.01976],[-83.7658,37.02045],[-83.76518,37.02131],[-83.7644,37.02171],[-83.7639,37.02172],[-83.76329,37.02186],[-83.76285,37.02184],[-83.76267,37.02173],[-83.76263,37.02146],[-83.76249,37.02122],[-83.76206,37.02085],[-83.7617,37.02068],[-83.76068,37.02061],[-83.75983,37.02041],[-83.75947,37.02041],[-83.75903,37.0205],[-83.75824,37.02085],[-83.75773,37.02143],[-83.7573,37.02175],[-83.75643,37.02217],[-83.75615,37.02237],[-83.75543,37.02354],[-83.75493,37.0241],[-83.75447,37.02442],[-83.75411,37.02451],[-83.75347,37.02455],[-83.7527,37.02449],[-83.75194,37.02471],[-83.75175,37.02491],[-83.75148,37.02569],[-83.75112,37.02625],[-83.74981,37.02668],[-83.74892,37.02662],[-83.74833,37.0264],[-83.74769,37.026],[-83.74733,37.02588],[-83.74579,37.02555],[-83.74531,37.02555],[-83.74483,37.02566],[-83.74453,37.02584],[-83.74419,37.02623],[-83.74401,37.02663],[-83.7439,37.02674],[-83.74324,37.02535],[-83.74244,37.02458],[-83.74185,37.02384],[-83.74169,37.02314],[-83.74202,37.02286],[-83.74208,37.02254],[-83.74202,37.0223],[-83.74166,37.02176],[-83.74139,37.0215],[-83.74094,37.02143],[-83.74032,37.02118],[-83.7396,37.02083],[-83.73923,37.02055],[-83.73919,37.02042],[-83.73976,37.01936],[-83.73985,37.01899],[-83.73983,37.01829],[-83.73957,37.01763],[-83.73951,37.01732],[-83.73935,37.01702],[-83.73898,37.01689],[-83.73828,37.01685],[-83.73774,37.0171],[-83.73744,37.01731],[-83.73719,37.01753],[-83.73707,37.01777],[-83.73685,37.01801],[-83.73659,37.01821],[-83.73537,37.01868],[-83.73484,37.01837],[-83.73341,37.01701],[-83.73248,37.01643],[-83.73243,37.01599],[-83.73248,37.01577],[-83.73319,37.01431],[-83.733,37.01356],[-83.73301,37.0131],[-83.73321,37.01272],[-83.73348,37.0125],[-83.73387,37.01199],[-83.73403,37.01146],[-83.73416,37.01127],[-83.73421,37.01074],[-83.7343,37.01052],[-83.73512,37.00974],[-83.73512,37.00959],[-83.73485,37.00888],[-83.73487,37.00826],[-83.73522,37.008],[-83.73583,37.00784],[-83.73597,37.00767],[-83.73622,37.00688],[-83.73622,37.00661],[-83.73615,37.00647],[-83.73559,37.00601],[-83.73531,37.00564],[-83.73492,37.00542],[-83.73481,37.00529],[-83.73467,37.00507],[-83.73465,37.00451],[-83.73443,37.00414],[-83.73333,37.00353],[-83.73295,37.00341],[-83.73163,37.00399],[-83.73137,37.00406],[-83.7309,37.00405],[-83.73026,37.00368],[-83.7288,37.00232],[-83.72847,37.00212],[-83.72828,37.00208],[-83.72769,37.00214],[-83.72746,37.00225],[-83.72612,37.0032],[-83.72565,37.00323],[-83.72503,37.00342],[-83.72441,37.00347],[-83.72209,37.00345],[-83.72175,37.0034],[-83.72152,37.00326],[-83.72135,37.00299],[-83.72109,37.00202],[-83.7213,37.00118],[-83.7216,37.00065],[-83.72162,37.00041],[-83.72118,36.99941],[-83.72101,36.99841],[-83.72097,36.99724],[-83.71993,36.99599],[-83.7198,36.99525],[-83.71964,36.99511],[-83.71914,36.99531],[-83.71893,36.99533],[-83.71741,36.99517],[-83.71711,36.99521],[-83.71656,36.99601],[-83.71351,36.99603],[-83.71261,36.99586],[-83.71235,36.99588],[-83.7118,36.99611],[-83.71093,36.99631],[-83.7106,36.99625],[-83.71034,36.99605],[-83.71016,36.99546],[-83.71015,36.9951],[-83.70988,36.99451],[-83.70988,36.99427],[-83.71007,36.99358],[-83.7101,36.99314],[-83.71001,36.99272],[-83.70966,36.99237],[-83.70907,36.992],[-83.70826,36.99191],[-83.70732,36.99213],[-83.70665,36.99253],[-83.70636,36.99262],[-83.70578,36.9927],[-83.7051,36.99267],[-83.70379,36.99189],[-83.70344,36.99146],[-83.70351,36.99092],[-83.70371,36.99037],[-83.70375,36.98996],[-83.70368,36.98977],[-83.70257,36.98933],[-83.70169,36.98887],[-83.70132,36.9886],[-83.7012,36.98847],[-83.70067,36.98696],[-83.70042,36.98676],[-83.70007,36.98668],[-83.69989,36.98671],[-83.69911,36.98703],[-83.69781,36.9874],[-83.69662,36.98738],[-83.69621,36.98729],[-83.69556,36.98703],[-83.69502,36.98661],[-83.69465,36.98606],[-83.69456,36.98591],[-83.69455,36.98534],[-83.69444,36.98505],[-83.69369,36.98415],[-83.69336,36.98344],[-83.69266,36.98305],[-83.69196,36.98275],[-83.69132,36.98259],[-83.69071,36.9826],[-83.69032,36.98267],[-83.68929,36.98315],[-83.68895,36.9832],[-83.6872,36.98271],[-83.68673,36.9824],[-83.68635,36.9818],[-83.68626,36.9817],[-83.68618,36.9817],[-83.6848,36.98225],[-83.68422,36.98263],[-83.68309,36.98359],[-83.68281,36.98371],[-83.68249,36.98371],[-83.68153,36.98333],[-83.68116,36.98297],[-83.68088,36.9823],[-83.6806,36.98049],[-83.67912,36.97975],[-83.67868,36.97977],[-83.67835,36.97993],[-83.67736,36.98109],[-83.67688,36.98125],[-83.67628,36.9813],[-83.67543,36.98173],[-83.67484,36.98161],[-83.67355,36.98091],[-83.67334,36.98058],[-83.67344,36.98016],[-83.67386,36.97958],[-83.67387,36.9792],[-83.67366,36.97891],[-83.67308,36.97837],[-83.67286,36.97801],[-83.67265,36.97743],[-83.67277,36.97701],[-83.67308,36.97663],[-83.67327,36.97623],[-83.67324,36.97615],[-83.67202,36.97585],[-83.66976,36.97505],[-83.66891,36.97516],[-83.66791,36.97548],[-83.66747,36.97569],[-83.66696,36.976],[-83.66654,36.97639],[-83.66612,36.97697],[-83.666,36.97705],[-83.66582,36.97706],[-83.66504,36.97677],[-83.66463,36.97672],[-83.66354,36.97689],[-83.66318,36.97687],[-83.66174,36.97656],[-83.6609,36.97655],[-83.66064,36.97647],[-83.66044,36.97622],[-83.66032,36.97505],[-83.66004,36.97479],[-83.65748,36.97334],[-83.65678,36.97281],[-83.65518,36.9724],[-83.65498,36.97222],[-83.6544,36.9711],[-83.65401,36.9707],[-83.65378,36.97026],[-83.6538,36.97008],[-83.65423,36.96922],[-83.65456,36.96827],[-83.65459,36.96801],[-83.65449,36.96786],[-83.6529,36.96768],[-83.65269,36.96768],[-83.65235,36.96782],[-83.65219,36.96782],[-83.65147,36.96765],[-83.65119,36.96749],[-83.65018,36.96661],[-83.64954,36.96622],[-83.64933,36.96553],[-83.64887,36.96481],[-83.64876,36.96428],[-83.64862,36.96404],[-83.64807,36.96368],[-83.64759,36.9635],[-83.64686,36.96335],[-83.64566,36.9633],[-83.64495,36.96314],[-83.64461,36.96299],[-83.64381,36.96245],[-83.64241,36.96076],[-83.64181,36.95987],[-83.6415,36.95967],[-83.64104,36.95958],[-83.64061,36.95958],[-83.63872,36.95968],[-83.63758,36.95995],[-83.63653,36.96036],[-83.63596,36.96067],[-83.63522,36.9613],[-83.63501,36.96139],[-83.63473,36.96187],[-83.63457,36.962],[-83.6339,36.96225],[-83.63343,36.96227],[-83.63295,36.96196],[-83.6321,36.96103],[-83.63167,36.96072],[-83.63034,36.96001],[-83.6298,36.95985],[-83.62927,36.95989],[-83.62873,36.96011],[-83.62822,36.96016],[-83.62782,36.96008],[-83.62724,36.95986],[-83.62651,36.95951],[-83.62585,36.95887],[-83.62467,36.95883],[-83.62422,36.95868],[-83.62383,36.95871],[-83.62339,36.95886],[-83.6213,36.96019],[-83.62097,36.96052],[-83.62075,36.96107],[-83.62011,36.96171],[-83.61985,36.96174],[-83.61943,36.96145],[-83.61884,36.96134],[-83.61824,36.96157],[-83.6171,36.96188],[-83.61659,36.9621],[-83.61626,36.96214],[-83.61582,36.96196],[-83.61462,36.96036],[-83.61368,36.95999],[-83.61249,36.95979],[-83.61168,36.95931],[-83.61153,36.95913],[-83.61152,36.95896],[-83.61168,36.95857],[-83.61174,36.95763],[-83.61161,36.95596],[-83.61147,36.9555],[-83.61097,36.95521],[-83.61051,36.95508],[-83.60969,36.95472],[-83.60896,36.95429],[-83.60811,36.95327],[-83.608,36.95291],[-83.60784,36.95266],[-83.6077,36.95264],[-83.60656,36.95277],[-83.60602,36.95296],[-83.60577,36.95309],[-83.60539,36.95352],[-83.60473,36.95392],[-83.60428,36.95433],[-83.60399,36.95446],[-83.60369,36.95446],[-83.6018,36.9541],[-83.60091,36.95416],[-83.59964,36.9547],[-83.59709,36.95507],[-83.59592,36.95534],[-83.59516,36.95559],[-83.59238,36.95686],[-83.59108,36.95761],[-83.59061,36.95756],[-83.59026,36.95743],[-83.58978,36.9571],[-83.58972,36.95696],[-83.58954,36.95562],[-83.58956,36.95507],[-83.58945,36.95476],[-83.58947,36.95432],[-83.58951,36.95407],[-83.58965,36.95383],[-83.59024,36.95335],[-83.59033,36.95291],[-83.59069,36.952],[-83.59069,36.95174],[-83.5906,36.95156],[-83.59043,36.95145],[-83.58921,36.95118],[-83.58893,36.951],[-83.58875,36.95083],[-83.58852,36.95032],[-83.58754,36.94955],[-83.58735,36.94921],[-83.58721,36.94838],[-83.58685,36.94741],[-83.58668,36.94708],[-83.58625,36.94654],[-83.58597,36.9459],[-83.58574,36.9447],[-83.58546,36.94372],[-83.58526,36.94338],[-83.58456,36.94261],[-83.58439,36.94233],[-83.58427,36.94186],[-83.58402,36.94149],[-83.58383,36.94138],[-83.58325,36.9413],[-83.58093,36.9413],[-83.5807,36.94126],[-83.5804,36.9411],[-83.58029,36.94086],[-83.58004,36.93977],[-83.57968,36.93908],[-83.57919,36.93835],[-83.57882,36.93797],[-83.57859,36.93783],[-83.57782,36.93786],[-83.5769,36.93814],[-83.5754,36.93904],[-83.57484,36.93943],[-83.57386,36.94029],[-83.5735,36.94047],[-83.5732,36.94047],[-83.5724,36.9401],[-83.57181,36.93992],[-83.57055,36.93976],[-83.56991,36.9396],[-83.56977,36.93947],[-83.56974,36.939],[-83.56982,36.9384],[-83.56994,36.9381],[-83.57012,36.93788],[-83.57023,36.93744],[-83.57008,36.93713],[-83.56973,36.93672],[-83.56957,36.93642],[-83.56951,36.93608],[-83.56958,36.93582],[-83.57009,36.93523],[-83.57016,36.93508],[-83.57013,36.93499],[-83.57008,36.93492],[-83.56949,36.93469],[-83.56896,36.93427],[-83.56851,36.93378],[-83.56713,36.93285],[-83.56622,36.93184],[-83.56618,36.93169],[-83.56643,36.93125],[-83.56708,36.93056],[-83.5675,36.92985],[-83.56761,36.92944],[-83.56761,36.92866],[-83.5677,36.92845],[-83.56844,36.92806],[-83.5695,36.92777],[-83.57014,36.92775],[-83.57046,36.92785],[-83.57085,36.92807],[-83.57147,36.92815],[-83.5717,36.9281],[-83.57196,36.92751],[-83.57208,36.92687],[-83.57239,36.92642],[-83.57319,36.92574],[-83.57357,36.92524],[-83.57394,36.92465],[-83.57402,36.92419],[-83.57415,36.92395],[-83.57508,36.92323],[-83.5757,36.92264],[-83.57578,36.92234],[-83.5756,36.92152],[-83.57553,36.92026],[-83.57506,36.91928],[-83.57504,36.91858],[-83.57522,36.91809],[-83.57518,36.91781],[-83.5746,36.91713],[-83.57392,36.91542],[-83.57405,36.91423],[-83.57432,36.91344],[-83.57465,36.91282],[-83.57506,36.91235],[-83.57575,36.91181],[-83.57348,36.91077],[-83.57316,36.91071],[-83.57254,36.91121],[-83.57037,36.91377],[-83.56926,36.9145],[-83.56881,36.9147],[-83.5682,36.91479],[-83.56733,36.91471],[-83.56692,36.9146],[-83.56656,36.91443],[-83.56631,36.91422],[-83.56611,36.91383],[-83.56589,36.91357],[-83.565,36.91331],[-83.56357,36.91264],[-83.56318,36.91308],[-83.56277,36.91334],[-83.56172,36.91361],[-83.56134,36.91364],[-83.56097,36.91353],[-83.56059,36.91289],[-83.56009,36.91257],[-83.55891,36.912],[-83.55866,36.91177],[-83.55859,36.91159],[-83.55859,36.91134],[-83.55913,36.91059],[-83.56015,36.90981],[-83.56073,36.90883],[-83.56094,36.90806],[-83.56089,36.90774],[-83.56038,36.90623],[-83.56036,36.90562],[-83.56087,36.90462],[-83.56156,36.90382],[-83.56141,36.90248],[-83.56179,36.90217],[-83.562,36.90183],[-83.56226,36.90044],[-83.56212,36.90003],[-83.5621,36.89974],[-83.56223,36.89885],[-83.56221,36.89824],[-83.56183,36.89699],[-83.56165,36.89677],[-83.56108,36.89632],[-83.55976,36.89625],[-83.55946,36.89616],[-83.55861,36.89542],[-83.55825,36.89524],[-83.55792,36.89516],[-83.5577,36.89518],[-83.55747,36.89529],[-83.55647,36.896],[-83.55585,36.89622],[-83.55551,36.89623],[-83.55499,36.89608],[-83.5539,36.89544],[-83.55327,36.89521],[-83.55217,36.89528],[-83.55158,36.89561],[-83.55148,36.8962],[-83.55153,36.89661],[-83.55177,36.89749],[-83.55213,36.89843],[-83.55206,36.89922],[-83.55182,36.8998],[-83.55141,36.90033],[-83.55073,36.90087],[-83.55036,36.90104],[-83.5497,36.90119],[-83.54943,36.90138],[-83.54888,36.90211],[-83.54801,36.90248],[-83.54746,36.90279],[-83.54693,36.90338],[-83.54641,36.90356],[-83.5458,36.90356],[-83.54437,36.90317],[-83.544,36.903],[-83.5438,36.90278],[-83.54317,36.90131],[-83.54268,36.90072],[-83.54175,36.90042],[-83.54093,36.9004],[-83.54006,36.90063],[-83.53899,36.9012],[-83.5387,36.90122],[-83.53797,36.90087],[-83.53736,36.90087],[-83.53691,36.90068],[-83.53588,36.89927],[-83.53502,36.89894],[-83.5345,36.89892],[-83.53418,36.89903],[-83.5337,36.89947],[-83.53318,36.89976],[-83.53097,36.90064],[-83.52995,36.90087],[-83.52904,36.90091],[-83.52851,36.90083],[-83.52684,36.90037],[-83.52606,36.90033],[-83.52569,36.90054],[-83.52508,36.90138],[-83.52472,36.90175],[-83.52401,36.90229],[-83.52317,36.90283],[-83.52181,36.90344],[-83.52116,36.90404],[-83.5203,36.9052],[-83.51994,36.90546],[-83.51955,36.9055],[-83.5169,36.90424],[-83.51626,36.90425],[-83.51589,36.9044],[-83.51555,36.90472],[-83.51521,36.90523],[-83.51455,36.90674],[-83.51384,36.90768],[-83.51336,36.90818],[-83.51282,36.90846],[-83.5112,36.90842],[-83.51088,36.9085],[-83.5106,36.90883],[-83.50999,36.9098],[-83.50979,36.90994],[-83.50813,36.91071],[-83.50733,36.9114],[-83.50706,36.91146],[-83.50619,36.9114],[-83.50521,36.9111],[-83.50474,36.91084],[-83.50415,36.91032],[-83.50384,36.90975],[-83.50354,36.90686],[-83.50335,36.90629],[-83.50335,36.90594],[-83.50345,36.90567],[-83.5038,36.90526],[-83.50407,36.90468],[-83.50469,36.90408],[-83.50473,36.90375],[-83.50419,36.90276],[-83.50362,36.90188],[-83.50339,36.90141],[-83.50333,36.90098],[-83.5034,36.90071],[-83.50411,36.89987],[-83.50438,36.89925],[-83.5044,36.89886],[-83.50427,36.89859],[-83.50377,36.89819],[-83.50327,36.89795],[-83.50279,36.8978],[-83.50186,36.89778],[-83.50154,36.89771],[-83.50122,36.89754],[-83.50091,36.89725],[-83.5005,36.89628],[-83.50039,36.8958],[-83.50019,36.89549],[-83.49992,36.89544],[-83.49786,36.89558],[-83.4977,36.89562],[-83.49694,36.89615],[-83.49665,36.89623],[-83.49569,36.8961],[-83.49369,36.89546],[-83.49335,36.89541],[-83.49299,36.89572],[-83.49262,36.89704],[-83.49186,36.89641],[-83.49049,36.89616],[-83.49002,36.89593],[-83.48971,36.89555],[-83.48904,36.89438],[-83.48891,36.89424],[-83.48829,36.89389],[-83.48774,36.89327],[-83.48753,36.89322],[-83.48642,36.89336],[-83.48531,36.8936],[-83.48389,36.8934],[-83.48364,36.89342],[-83.48346,36.89357],[-83.48297,36.89429],[-83.48266,36.89434],[-83.48179,36.8942],[-83.4803,36.8944],[-83.4796,36.89472],[-83.47879,36.89548],[-83.47816,36.8959],[-83.47743,36.8962],[-83.4768,36.89627],[-83.47645,36.89622],[-83.47602,36.89593],[-83.47443,36.89371],[-83.47409,36.8926],[-83.47377,36.89199],[-83.47302,36.89171],[-83.47182,36.8915],[-83.47116,36.89128],[-83.47065,36.89094],[-83.47001,36.89024],[-83.46978,36.89013],[-83.46878,36.88994],[-83.46766,36.8896],[-83.46575,36.88946],[-83.46535,36.88915],[-83.46506,36.88879],[-83.46508,36.88788],[-83.46485,36.88708],[-83.46469,36.88694],[-83.46408,36.88663],[-83.46313,36.88627],[-83.46242,36.88632],[-83.46086,36.88617],[-83.4596,36.88586],[-83.45944,36.88575],[-83.45908,36.88515],[-83.45802,36.88414],[-83.45768,36.88332],[-83.45759,36.88325],[-83.45689,36.88335],[-83.45633,36.88333],[-83.45598,36.88347],[-83.45579,36.88375],[-83.4557,36.88453],[-83.45545,36.88533],[-83.45524,36.88567],[-83.45504,36.88645],[-83.45481,36.887],[-83.45468,36.88763],[-83.45458,36.88875],[-83.45404,36.89054],[-83.45378,36.89093],[-83.45342,36.89126],[-83.45243,36.89199],[-83.45188,36.89227],[-83.45156,36.89222],[-83.45034,36.89172],[-83.44933,36.8915],[-83.44898,36.89123],[-83.44823,36.89033],[-83.44741,36.8899],[-83.44709,36.88981],[-83.44604,36.89031],[-83.44487,36.89063],[-83.44471,36.89081],[-83.4446,36.89113],[-83.44431,36.8916],[-83.44421,36.89173],[-83.44408,36.89178],[-83.44223,36.89183],[-83.4407,36.89151],[-83.44051,36.89152],[-83.44018,36.89163],[-83.43914,36.89216],[-83.43808,36.89242],[-83.43649,36.89345],[-83.43565,36.89386],[-83.43399,36.89435],[-83.43362,36.89387],[-83.43349,36.89341],[-83.43359,36.89312],[-83.43399,36.89252],[-83.43426,36.89193],[-83.43436,36.8916],[-83.43436,36.89111],[-83.4341,36.89029],[-83.43381,36.88983],[-83.4334,36.88932],[-83.43274,36.88877],[-83.43145,36.88906],[-83.43066,36.88934],[-83.43021,36.88938],[-83.42957,36.88913],[-83.42906,36.88919],[-83.42862,36.88933],[-83.42806,36.88928],[-83.4273,36.88914],[-83.42646,36.88879],[-83.42574,36.88865],[-83.42533,36.88896],[-83.42466,36.88974],[-83.42416,36.88991],[-83.42381,36.88989],[-83.4231,36.88966],[-83.42261,36.88974],[-83.42233,36.8897],[-83.42098,36.88917],[-83.42042,36.88903],[-83.41995,36.88902],[-83.41935,36.88922],[-83.41797,36.88997],[-83.41745,36.89008],[-83.41686,36.89007],[-83.41586,36.8897],[-83.41429,36.88963],[-83.41398,36.88968],[-83.41344,36.88992],[-83.41262,36.88987],[-83.41121,36.88991],[-83.41041,36.89008],[-83.40957,36.89038],[-83.40858,36.8904],[-83.40821,36.89075],[-83.40813,36.89105],[-83.40801,36.8912],[-83.40709,36.89204],[-83.40662,36.89222],[-83.40547,36.89247],[-83.40513,36.89269],[-83.4045,36.89378],[-83.40377,36.89459],[-83.40356,36.89501],[-83.40303,36.89579],[-83.40279,36.89651],[-83.40204,36.89704],[-83.40164,36.89749],[-83.40103,36.898],[-83.4007,36.89843],[-83.40029,36.89878],[-83.39923,36.89914],[-83.39901,36.89915],[-83.39752,36.8987],[-83.39685,36.89879],[-83.39631,36.89905],[-83.39621,36.89936],[-83.39632,36.90019],[-83.39618,36.90119],[-83.39652,36.90219],[-83.39651,36.90231],[-83.39566,36.90356],[-83.39347,36.90358],[-83.39196,36.90382],[-83.39115,36.90376],[-83.39002,36.90317],[-83.38977,36.90298],[-83.38963,36.90231],[-83.38996,36.90167],[-83.38978,36.90118],[-83.38946,36.90087],[-83.38853,36.9005],[-83.38747,36.90029],[-83.38688,36.89935],[-83.38651,36.89901],[-83.38607,36.89878],[-83.3855,36.89861],[-83.38424,36.89851],[-83.38318,36.89802],[-83.38261,36.89801],[-83.38224,36.89807],[-83.3817,36.89901],[-83.3808,36.90009],[-83.38007,36.90073],[-83.37957,36.90092],[-83.37904,36.90122],[-83.37853,36.90223],[-83.37762,36.90303],[-83.37738,36.90303],[-83.37491,36.9024],[-83.37416,36.90163],[-83.37361,36.90129],[-83.37322,36.90117],[-83.37229,36.90105],[-83.37103,36.90112],[-83.37021,36.90128],[-83.36947,36.90157],[-83.36897,36.90129],[-83.36889,36.90099],[-83.36734,36.90064],[-83.36572,36.90165],[-83.3656,36.90211],[-83.36553,36.90319],[-83.36543,36.90374],[-83.36539,36.90484],[-83.36526,36.90554],[-83.36494,36.90626],[-83.36664,36.90662],[-83.36661,36.90701],[-83.36634,36.9075],[-83.36587,36.9078],[-83.36487,36.90808],[-83.364,36.90852],[-83.36372,36.90859],[-83.36292,36.90851],[-83.36208,36.90809],[-83.36108,36.90789],[-83.36077,36.90791],[-83.35946,36.90841],[-83.35885,36.90855],[-83.35683,36.90843],[-83.35648,36.90852],[-83.35615,36.90882],[-83.35605,36.90922],[-83.35629,36.91033],[-83.35627,36.91097],[-83.35635,36.91174],[-83.35628,36.91242],[-83.35609,36.91309],[-83.35564,36.91389],[-83.35527,36.91425],[-83.35505,36.9143],[-83.35464,36.91417],[-83.3545,36.91401],[-83.35422,36.91331],[-83.35389,36.91291],[-83.35338,36.91242],[-83.3528,36.91198],[-83.35139,36.91126],[-83.34998,36.9107],[-83.34988,36.91055],[-83.34989,36.91007],[-83.35047,36.9084],[-83.3507,36.90727],[-83.35067,36.90671],[-83.35043,36.90616],[-83.3501,36.90568],[-83.3496,36.90526],[-83.34869,36.90509],[-83.34787,36.90505],[-83.34606,36.90513],[-83.34581,36.90506],[-83.34572,36.90494],[-83.34576,36.90476],[-83.34638,36.90383],[-83.34666,36.90323],[-83.34674,36.90257],[-83.34666,36.90202],[-83.34662,36.90184],[-83.34596,36.90119],[-83.34548,36.90028],[-83.34497,36.89878],[-83.34466,36.8976],[-83.3444,36.89696],[-83.34394,36.89534],[-83.34327,36.89544],[-83.34197,36.89579],[-83.34124,36.89591],[-83.33711,36.89613],[-83.33493,36.8968],[-83.33416,36.89694],[-83.33068,36.89719],[-83.33037,36.89729],[-83.32975,36.89763],[-83.32909,36.89786],[-83.32727,36.89833],[-83.3264,36.89845],[-83.32185,36.89869],[-83.32044,36.89868],[-83.31951,36.89859],[-83.31834,36.89833],[-83.31687,36.89819],[-83.3136,36.898],[-83.31234,36.89807],[-83.31164,36.89822],[-83.31076,36.89871],[-83.30854,36.90032],[-83.30731,36.90085],[-83.30667,36.90105],[-83.30577,36.90154],[-83.30541,36.90164],[-83.30459,36.90169],[-83.30418,36.90151],[-83.30383,36.90112],[-83.30366,36.90102],[-83.30341,36.90104],[-83.30278,36.90125],[-83.30273,36.90139],[-83.30258,36.90147],[-83.30184,36.90223],[-83.30123,36.90255],[-83.30039,36.90282],[-83.29953,36.90295],[-83.2989,36.90313],[-83.29791,36.90374],[-83.29778,36.90397],[-83.29758,36.90407],[-83.29676,36.90426],[-83.29535,36.90424],[-83.29482,36.90433],[-83.29442,36.90448],[-83.29317,36.90524],[-83.29266,36.90545],[-83.29178,36.90539],[-83.2912,36.90552],[-83.28848,36.90588],[-83.28811,36.90611],[-83.28795,36.90666],[-83.28586,36.90759],[-83.28467,36.9079],[-83.28213,36.90843],[-83.28115,36.90886],[-83.28012,36.90942],[-83.27863,36.91054],[-83.27824,36.91076],[-83.27809,36.91098],[-83.27712,36.91123],[-83.27626,36.91132],[-83.27562,36.91148],[-83.27478,36.91178],[-83.27407,36.91218],[-83.27333,36.91238],[-83.27262,36.9127],[-83.27097,36.91296],[-83.27021,36.91292],[-83.26974,36.91297],[-83.26811,36.91361],[-83.26741,36.91377],[-83.26594,36.91395],[-83.26445,36.91436],[-83.26244,36.91523],[-83.26134,36.9155],[-83.26036,36.91588],[-83.25968,36.91623],[-83.25831,36.91712],[-83.25787,36.91762],[-83.25675,36.9177],[-83.256,36.91815],[-83.25585,36.91815],[-83.25554,36.91802],[-83.255,36.91803],[-83.25311,36.91773],[-83.2526,36.91783],[-83.25165,36.91831],[-83.25035,36.91886],[-83.2494,36.91904],[-83.24831,36.91914],[-83.2472,36.91979],[-83.24621,36.92028],[-83.2445,36.92094],[-83.24385,36.92113],[-83.24126,36.92244],[-83.23994,36.92268],[-83.23811,36.92313],[-83.2376,36.92306],[-83.23674,36.92277],[-83.23623,36.92274],[-83.2356,36.92287],[-83.23385,36.9234],[-83.23283,36.92384],[-83.23218,36.924],[-83.22969,36.92517],[-83.22806,36.92606],[-83.2251,36.92707],[-83.22262,36.92783],[-83.22174,36.92789],[-83.22002,36.9283],[-83.21847,36.92878],[-83.21804,36.92905],[-83.21792,36.92903],[-83.21771,36.92885],[-83.21758,36.92886],[-83.21567,36.92999],[-83.21548,36.93003],[-83.21518,36.92999],[-83.21467,36.9298],[-83.21419,36.92977],[-83.21198,36.93055],[-83.20996,36.93099],[-83.20859,36.93143],[-83.2076,36.93155],[-83.20716,36.93167],[-83.20683,36.93166],[-83.20574,36.93188],[-83.20433,36.93243],[-83.2034,36.93268],[-83.20224,36.93273],[-83.20124,36.93258],[-83.20053,36.93271],[-83.19903,36.93325],[-83.19786,36.93382],[-83.19766,36.93387],[-83.19687,36.93365],[-83.19673,36.93368],[-83.19611,36.93423],[-83.19593,36.93427],[-83.19542,36.93416],[-83.1949,36.93425],[-83.19443,36.93475],[-83.19378,36.93489],[-83.19279,36.93534],[-83.19222,36.93542],[-83.19071,36.93594],[-83.19003,36.93604],[-83.18801,36.93669],[-83.18752,36.93674],[-83.18726,36.93686],[-83.18588,36.9379],[-83.18532,36.93852],[-83.18489,36.93885],[-83.18424,36.93919],[-83.18286,36.94008],[-83.18255,36.94018],[-83.18195,36.94062],[-83.18076,36.9413],[-83.17975,36.94169],[-83.1782,36.94249],[-83.1777,36.94286],[-83.17734,36.94294],[-83.17684,36.94318],[-83.17642,36.9437],[-83.1756,36.94435],[-83.17529,36.94455],[-83.17445,36.9448],[-83.17386,36.9454],[-83.17319,36.94579],[-83.17189,36.94625],[-83.16868,36.94693],[-83.16856,36.94714],[-83.16842,36.94724],[-83.16778,36.94755],[-83.16671,36.94766],[-83.16316,36.94877],[-83.1616,36.94944],[-83.16006,36.95],[-83.1591,36.95013],[-83.15832,36.95045],[-83.15796,36.95069],[-83.15693,36.95111],[-83.15571,36.95185],[-83.15308,36.95292],[-83.15216,36.95349],[-83.15068,36.95423],[-83.15285,36.95599],[-83.15345,36.95665],[-83.15385,36.95722],[-83.15397,36.95755],[-83.15391,36.95826],[-83.15387,36.95853],[-83.15354,36.95927],[-83.15229,36.96025],[-83.15133,36.96127],[-83.15054,36.96176],[-83.15019,36.96209],[-83.1501,36.96227],[-83.15,36.96325],[-83.14991,36.96352],[-83.14952,36.96426],[-83.14918,36.96475],[-83.14919,36.96496],[-83.14927,36.96521],[-83.1497,36.96553],[-83.15055,36.96579],[-83.15097,36.96604],[-83.15168,36.96685],[-83.15195,36.96752],[-83.15216,36.96833],[-83.15226,36.96856],[-83.15267,36.96907],[-83.15323,36.97044],[-83.15357,36.97108],[-83.15366,36.97142],[-83.15354,36.97175],[-83.15282,36.97225],[-83.15158,36.97273],[-83.15054,36.97295],[-83.15021,36.97309],[-83.1487,36.97504],[-83.14761,36.97703],[-83.14755,36.97756],[-83.1476,36.97785],[-83.1477,36.97807],[-83.14843,36.97885],[-83.14889,36.97945],[-83.14914,36.9801],[-83.14921,36.98068],[-83.14917,36.98164],[-83.14863,36.98244],[-83.14796,36.98422],[-83.14764,36.98464],[-83.14743,36.98481],[-83.14701,36.985],[-83.14644,36.98506],[-83.14441,36.98504],[-83.14408,36.98513],[-83.14356,36.98548],[-83.14265,36.98626],[-83.1414,36.98705],[-83.141,36.98769],[-83.14078,36.98787],[-83.13982,36.98834],[-83.13928,36.98871],[-83.13902,36.98925],[-83.13863,36.98962],[-83.13837,36.98978],[-83.13736,36.99017],[-83.13632,36.99025],[-83.13607,36.99034],[-83.13561,36.99063],[-83.13526,36.99104],[-83.13454,36.99153],[-83.1343,36.99163],[-83.13377,36.99169],[-83.13248,36.99156],[-83.13213,36.9916],[-83.13115,36.99187],[-83.13053,36.99188],[-83.12961,36.99157],[-83.12873,36.99141],[-83.12659,36.99136],[-83.12637,36.9914],[-83.12613,36.99156],[-83.12588,36.99177],[-83.12539,36.99247],[-83.12519,36.99311],[-83.12527,36.99393],[-83.12606,36.99505],[-83.12616,36.99532],[-83.12614,36.99551],[-83.12586,36.99621],[-83.12573,36.99698],[-83.12564,36.9972],[-83.12507,36.99772],[-83.12466,36.99786],[-83.12441,36.99802],[-83.12396,36.99883],[-83.12305,36.99973],[-83.12256,37.00043],[-83.12207,37.00087],[-83.122,37.001],[-83.12234,37.0015],[-83.12248,37.00186],[-83.12249,37.00277],[-83.12271,37.00344],[-83.12275,37.00377],[-83.12263,37.00415],[-83.12267,37.00428],[-83.12282,37.0044],[-83.12346,37.0047],[-83.12368,37.00508],[-83.12383,37.00551],[-83.12398,37.00564],[-83.12432,37.00568],[-83.12674,37.00385],[-83.12796,37.00316],[-83.12844,37.00298],[-83.12855,37.003],[-83.12865,37.00324],[-83.12858,37.00377],[-83.12861,37.00396],[-83.12911,37.00512],[-83.12942,37.00561],[-83.1297,37.00585],[-83.13014,37.00601],[-83.1304,37.00601],[-83.13098,37.00581],[-83.13184,37.00517],[-83.1323,37.00493],[-83.13267,37.0049],[-83.13363,37.00522],[-83.13392,37.00523],[-83.13497,37.0049],[-83.13623,37.00435],[-83.13688,37.00427],[-83.13717,37.00437],[-83.13791,37.00524],[-83.13833,37.00537],[-83.13908,37.0052],[-83.13969,37.00526],[-83.14033,37.00552],[-83.14109,37.0057],[-83.14166,37.006],[-83.14259,37.00668],[-83.14263,37.00689],[-83.14242,37.00736],[-83.14242,37.00774],[-83.14279,37.0081],[-83.14328,37.00845],[-83.14357,37.00888],[-83.14361,37.00907],[-83.14355,37.00958],[-83.14332,37.01064],[-83.14348,37.01098],[-83.14385,37.01148],[-83.14388,37.01199],[-83.14382,37.0124],[-83.14388,37.0129],[-83.14426,37.01371],[-83.14436,37.01376],[-83.14464,37.01376],[-83.14702,37.0129],[-83.14828,37.01267],[-83.1493,37.013],[-83.1498,37.01308],[-83.15033,37.01307],[-83.15066,37.01317],[-83.15105,37.01339],[-83.15131,37.01374],[-83.15158,37.01475],[-83.15174,37.01509],[-83.15189,37.01522],[-83.15355,37.01545],[-83.1548,37.0155],[-83.15546,37.01543],[-83.15569,37.01535],[-83.15732,37.01458],[-83.15805,37.01432],[-83.1589,37.01378],[-83.1598,37.01385],[-83.15998,37.01392],[-83.16056,37.01486],[-83.16063,37.01525],[-83.16059,37.01605],[-83.16069,37.01632],[-83.16123,37.01723],[-83.16131,37.01787],[-83.16129,37.01877],[-83.16106,37.0195],[-83.16099,37.02],[-83.16071,37.02057],[-83.16073,37.0207],[-83.16097,37.02086],[-83.16207,37.02107],[-83.16303,37.02084],[-83.16474,37.02124],[-83.16487,37.02122],[-83.16543,37.02084],[-83.16574,37.02075],[-83.16708,37.02067],[-83.1674,37.0206],[-83.16783,37.02037],[-83.16935,37.01851],[-83.16977,37.01819],[-83.17126,37.01736],[-83.17168,37.01728],[-83.17425,37.01713],[-83.17524,37.01724],[-83.17563,37.01742],[-83.17596,37.01776],[-83.17605,37.01798],[-83.17616,37.01876],[-83.17626,37.01893],[-83.1764,37.01904],[-83.17723,37.01938],[-83.17745,37.01958],[-83.17807,37.01995],[-83.1789,37.02013],[-83.17959,37.02019],[-83.18012,37.02036],[-83.18076,37.02084],[-83.18151,37.02126],[-83.18205,37.02119],[-83.18401,37.02125],[-83.18488,37.02115],[-83.18508,37.02119],[-83.18526,37.02136],[-83.1853,37.02156],[-83.18516,37.02324],[-83.18527,37.02368],[-83.1855,37.02422],[-83.18583,37.02476],[-83.18603,37.02567],[-83.18605,37.02629],[-83.18594,37.0266],[-83.18571,37.02685],[-83.1849,37.02736],[-83.18461,37.02761],[-83.18442,37.02813],[-83.18432,37.02893],[-83.18448,37.02935],[-83.18551,37.03011],[-83.18598,37.03133],[-83.18665,37.03212],[-83.18634,37.03315],[-83.18676,37.03402],[-83.18679,37.0343],[-83.18637,37.03498],[-83.18597,37.03533],[-83.18566,37.03539],[-83.18454,37.03528],[-83.18427,37.03532],[-83.18286,37.03623],[-83.18211,37.03649],[-83.17986,37.03757],[-83.17921,37.03775],[-83.17858,37.03811],[-83.17831,37.03837],[-83.17827,37.03924],[-83.17832,37.04003],[-83.1783,37.04048],[-83.17817,37.04107],[-83.1782,37.04141],[-83.17836,37.0423],[-83.17876,37.04309],[-83.17842,37.04371],[-83.1784,37.04387],[-83.17847,37.04395],[-83.18004,37.04435],[-83.18042,37.04463],[-83.1815,37.0451],[-83.18185,37.04535],[-83.18237,37.04641],[-83.18231,37.04673],[-83.18201,37.04743],[-83.18185,37.04848],[-83.18168,37.04895],[-83.18144,37.04929],[-83.18041,37.04995],[-83.1795,37.05044],[-83.17883,37.05078],[-83.17842,37.05089],[-83.17664,37.05112],[-83.17547,37.05199],[-83.17467,37.0522],[-83.17459,37.05231],[-83.17475,37.0526],[-83.17532,37.05306],[-83.17579,37.05391],[-83.17643,37.05437],[-83.17725,37.05476],[-83.17803,37.05493],[-83.17888,37.05498],[-83.17956,37.05519],[-83.18063,37.05597],[-83.18075,37.05618],[-83.18076,37.05638],[-83.18044,37.05698],[-83.17908,37.05861],[-83.17902,37.05909],[-83.17927,37.06017],[-83.17919,37.06084],[-83.17899,37.06135],[-83.17838,37.06222],[-83.17817,37.06241],[-83.17759,37.06278],[-83.17698,37.063],[-83.17407,37.06377],[-83.1738,37.06378],[-83.17341,37.0636],[-83.17304,37.06323],[-83.17266,37.06322],[-83.17127,37.06353],[-83.17046,37.06402],[-83.16908,37.06413],[-83.16856,37.06425],[-83.16751,37.06465],[-83.1667,37.06514],[-83.16656,37.06529],[-83.16644,37.06549],[-83.16627,37.06606],[-83.16592,37.06672],[-83.16565,37.06748],[-83.16563,37.06825],[-83.16583,37.06938],[-83.16586,37.07026],[-83.16598,37.07101],[-83.16595,37.07142],[-83.16577,37.07187],[-83.16552,37.07224],[-83.16454,37.07329],[-83.1643,37.07372],[-83.16435,37.07383],[-83.16463,37.07392],[-83.16606,37.07364],[-83.16688,37.07357],[-83.16756,37.07368],[-83.16785,37.0738],[-83.16802,37.0739],[-83.1685,37.0745],[-83.16866,37.07486],[-83.1689,37.07515],[-83.16913,37.0753],[-83.17007,37.0756],[-83.17025,37.07583],[-83.1704,37.07665],[-83.17023,37.07788],[-83.17027,37.07876],[-83.17034,37.07895],[-83.17084,37.07944],[-83.1715,37.07961],[-83.17212,37.07967],[-83.17371,37.07957],[-83.17511,37.07975],[-83.17581,37.08003],[-83.17641,37.08049],[-83.17666,37.08083],[-83.17616,37.08179],[-83.17611,37.08318],[-83.176,37.08359],[-83.17586,37.08385],[-83.17528,37.08448],[-83.17426,37.08505],[-83.17265,37.08538],[-83.16834,37.08781],[-83.16829,37.08801],[-83.16845,37.08836],[-83.16863,37.08855],[-83.1696,37.08919],[-83.17019,37.08973],[-83.17122,37.0909],[-83.17133,37.09113],[-83.17122,37.09127],[-83.17052,37.09172],[-83.16927,37.09234],[-83.16906,37.09251],[-83.16862,37.09325],[-83.16841,37.09347],[-83.16781,37.09384],[-83.16736,37.09422],[-83.16728,37.09441],[-83.16724,37.09492],[-83.16737,37.0953],[-83.16816,37.09642],[-83.16829,37.09692],[-83.1682,37.09757],[-83.16826,37.09776],[-83.16861,37.0983],[-83.16891,37.09859],[-83.16906,37.09888],[-83.16916,37.09958],[-83.16931,37.1001],[-83.16928,37.10029],[-83.16916,37.10043],[-83.16834,37.10088],[-83.16783,37.10126],[-83.16719,37.10199],[-83.16711,37.10212],[-83.16712,37.10223],[-83.16733,37.10233],[-83.16781,37.1024],[-83.1688,37.10228],[-83.16936,37.10237],[-83.16967,37.1025],[-83.17006,37.10277],[-83.17141,37.10389],[-83.17186,37.10414],[-83.17271,37.10436],[-83.17411,37.10427],[-83.17511,37.10435],[-83.17603,37.10476],[-83.17715,37.10549],[-83.17734,37.10551],[-83.17817,37.10536],[-83.17867,37.10563],[-83.17897,37.10595],[-83.17924,37.10604],[-83.181,37.10629],[-83.18184,37.10652],[-83.18219,37.10669],[-83.18252,37.1069],[-83.18283,37.10727],[-83.18329,37.10813],[-83.18335,37.10886],[-83.18311,37.11018],[-83.18305,37.11069],[-83.18309,37.11097],[-83.18324,37.11136],[-83.18351,37.11167],[-83.18428,37.11219],[-83.18453,37.11217],[-83.18533,37.11144],[-83.18609,37.11112],[-83.1867,37.11097],[-83.18725,37.11074],[-83.18758,37.11069],[-83.18874,37.11093],[-83.18886,37.11091],[-83.1893,37.11059],[-83.18981,37.1101],[-83.19022,37.10997],[-83.19068,37.11013],[-83.19123,37.11022],[-83.19203,37.11021],[-83.19251,37.10998],[-83.19323,37.10937],[-83.1938,37.10901],[-83.19437,37.10894],[-83.19476,37.10903],[-83.19535,37.1095],[-83.19546,37.10969],[-83.19591,37.1101],[-83.19649,37.11055],[-83.19648,37.11069],[-83.19621,37.11108],[-83.19608,37.11145],[-83.19612,37.11176],[-83.19684,37.11318],[-83.19693,37.1135],[-83.19688,37.11376],[-83.19647,37.1144],[-83.19639,37.11466],[-83.19645,37.11504],[-83.1963,37.11573],[-83.19594,37.11645],[-83.19608,37.11736],[-83.1965,37.11771],[-83.19685,37.11779],[-83.1981,37.11737],[-83.19904,37.11695],[-83.19939,37.11689],[-83.20008,37.11712],[-83.20073,37.11716],[-83.20091,37.11736],[-83.20143,37.11823],[-83.20169,37.11909],[-83.20176,37.12056],[-83.20195,37.12145],[-83.20202,37.12213],[-83.20213,37.12232],[-83.20257,37.12254],[-83.20348,37.12261],[-83.20394,37.12271],[-83.20461,37.12297],[-83.206,37.12371],[-83.20606,37.12387],[-83.20596,37.12423],[-83.20606,37.1251],[-83.20625,37.1258],[-83.2064,37.12712],[-83.2063,37.12774],[-83.20559,37.12892],[-83.20894,37.12884],[-83.2098,37.12894],[-83.21022,37.12913],[-83.21062,37.12951],[-83.21086,37.13005],[-83.21101,37.13069],[-83.21126,37.13104],[-83.21138,37.13111],[-83.2121,37.13128],[-83.21336,37.13118],[-83.21425,37.13122],[-83.21483,37.13146],[-83.21489,37.13166],[-83.21474,37.13223],[-83.21477,37.13258],[-83.21517,37.13342],[-83.21532,37.13388],[-83.21557,37.13414],[-83.2162,37.13422],[-83.21665,37.13437],[-83.21801,37.13502],[-83.21985,37.13456],[-83.22065,37.13448],[-83.22134,37.13449],[-83.22206,37.1346],[-83.22234,37.13472],[-83.22249,37.13484],[-83.22304,37.13566],[-83.22385,37.13533],[-83.2244,37.13527],[-83.22483,37.13533],[-83.22536,37.13554],[-83.22606,37.13622],[-83.22722,37.13658],[-83.2274,37.13682],[-83.22751,37.13738],[-83.22746,37.138],[-83.22722,37.13843],[-83.22676,37.13895],[-83.22401,37.14078],[-83.2232,37.1416],[-83.2226,37.14178],[-83.22173,37.14177],[-83.22126,37.14187],[-83.21929,37.1433],[-83.21828,37.14383],[-83.21814,37.14402],[-83.21807,37.1443],[-83.21804,37.14484],[-83.21812,37.14608],[-83.21849,37.14781],[-83.21875,37.14866],[-83.21888,37.14886],[-83.21932,37.14893],[-83.22115,37.14856],[-83.22147,37.14855],[-83.22219,37.14875],[-83.22564,37.15005],[-83.2268,37.15062],[-83.22688,37.15087],[-83.22665,37.15144],[-83.22661,37.15179],[-83.22709,37.15343],[-83.2271,37.15396],[-83.22694,37.15453],[-83.22662,37.15502],[-83.22642,37.15552],[-83.22624,37.15561],[-83.22585,37.15556],[-83.22524,37.15565],[-83.22477,37.15596],[-83.22449,37.1563],[-83.2241,37.15709],[-83.22346,37.15814],[-83.22307,37.15847],[-83.22091,37.15932],[-83.21948,37.16008],[-83.21915,37.16002],[-83.21889,37.15985],[-83.21764,37.1593],[-83.2172,37.15876],[-83.217,37.15797],[-83.21654,37.15761],[-83.21592,37.1574],[-83.21531,37.15732],[-83.21491,37.15734],[-83.21454,37.15746],[-83.21403,37.15785],[-83.21348,37.15865],[-83.21254,37.15927],[-83.21232,37.15958],[-83.21232,37.16002],[-83.21283,37.16124],[-83.21278,37.16161],[-83.2124,37.16227],[-83.21243,37.16247],[-83.21271,37.1629],[-83.21275,37.16314],[-83.21226,37.16393],[-83.21225,37.16461],[-83.21214,37.16483],[-83.21164,37.16504],[-83.21087,37.16509],[-83.2103,37.16522],[-83.20975,37.16565],[-83.20881,37.16592],[-83.2082,37.16646],[-83.20776,37.16673],[-83.20719,37.1669],[-83.20613,37.16695],[-83.20213,37.16663],[-83.20188,37.16669],[-83.20171,37.16697],[-83.20159,37.16737],[-83.2016,37.16769],[-83.20176,37.16814],[-83.20235,37.16899],[-83.20336,37.16978],[-83.20372,37.17017],[-83.20391,37.17056],[-83.20409,37.17127],[-83.20431,37.17183],[-83.20413,37.17218],[-83.20332,37.17292],[-83.20295,37.17317],[-83.20191,37.17369],[-83.20188,37.17387],[-83.20212,37.17442],[-83.20279,37.17553],[-83.20307,37.1757],[-83.20383,37.17561],[-83.20425,37.17563],[-83.20479,37.17572],[-83.20549,37.17595],[-83.20572,37.17593],[-83.20628,37.17551],[-83.2074,37.17483],[-83.20814,37.17459],[-83.20843,37.17466],[-83.20873,37.17488],[-83.21026,37.17635],[-83.21188,37.17691],[-83.2122,37.17692],[-83.2125,37.17683],[-83.21347,37.17599],[-83.21401,37.17586],[-83.2143,37.1759],[-83.21515,37.1763],[-83.21578,37.17705],[-83.21616,37.17822],[-83.21653,37.17983],[-83.21677,37.1801],[-83.21915,37.18084],[-83.21948,37.18072],[-83.22005,37.18012],[-83.22046,37.17994],[-83.22179,37.17996],[-83.22256,37.17985],[-83.22376,37.18002],[-83.22431,37.18024],[-83.22464,37.18049],[-83.22482,37.18083],[-83.22499,37.18171],[-83.22516,37.18208],[-83.22583,37.18249],[-83.22692,37.18333],[-83.22714,37.18359],[-83.22757,37.18436],[-83.22784,37.18463],[-83.22832,37.18472],[-83.22858,37.18469],[-83.22872,37.18461],[-83.22948,37.18486],[-83.23013,37.18493],[-83.23069,37.18476],[-83.23163,37.18436],[-83.23229,37.18435],[-83.23274,37.18454],[-83.23295,37.18478],[-83.23364,37.18613],[-83.23472,37.18648],[-83.23488,37.1866],[-83.23499,37.18679],[-83.23503,37.18731],[-83.23493,37.18773],[-83.23495,37.18802],[-83.23485,37.18833],[-83.23499,37.18903],[-83.23486,37.18946],[-83.23489,37.18995],[-83.23508,37.19057],[-83.23517,37.19118],[-83.23543,37.19139],[-83.23626,37.19161],[-83.23655,37.19178],[-83.23721,37.19262],[-83.23755,37.19284],[-83.23782,37.19285],[-83.2386,37.19272],[-83.23896,37.19283],[-83.23908,37.19301],[-83.23927,37.19377],[-83.23969,37.19463],[-83.23994,37.19501],[-83.24065,37.19579],[-83.24103,37.19591],[-83.24149,37.19586],[-83.24261,37.19549],[-83.24317,37.19514],[-83.24374,37.19488],[-83.24445,37.19473],[-83.24487,37.19474],[-83.24628,37.19503],[-83.24754,37.1947],[-83.2482,37.19465],[-83.24858,37.19472],[-83.24917,37.19501],[-83.24929,37.19521],[-83.24941,37.19597],[-83.24938,37.19641],[-83.24959,37.19679],[-83.25003,37.19725],[-83.2503,37.19731],[-83.25074,37.19753],[-83.251,37.19786],[-83.25157,37.19838],[-83.25176,37.19862],[-83.25199,37.1991],[-83.25208,37.19935],[-83.25209,37.19962],[-83.25202,37.20146],[-83.25239,37.20305],[-83.25254,37.20339],[-83.25269,37.20353],[-83.25304,37.20365],[-83.25381,37.20373],[-83.25469,37.20412],[-83.25534,37.20416],[-83.25571,37.20405],[-83.25606,37.20391],[-83.25695,37.20333],[-83.25745,37.20313],[-83.25809,37.203],[-83.25902,37.2026],[-83.2599,37.20201],[-83.26043,37.20176],[-83.26138,37.20116],[-83.2623,37.20076],[-83.26263,37.2005],[-83.26337,37.20021],[-83.2635,37.20056],[-83.26368,37.20079],[-83.26387,37.20092],[-83.26462,37.20116],[-83.26558,37.20134],[-83.267,37.20141],[-83.26753,37.20125],[-83.26802,37.20091],[-83.26818,37.20087],[-83.26926,37.20122],[-83.27073,37.20156],[-83.27203,37.20158],[-83.27376,37.20195],[-83.27419,37.20212],[-83.2745,37.20232],[-83.27564,37.20323],[-83.2759,37.20331],[-83.27684,37.20319],[-83.27698,37.20324],[-83.2783,37.20411],[-83.27844,37.20427],[-83.27845,37.20472],[-83.27836,37.20515],[-83.27846,37.20549],[-83.27882,37.20585],[-83.28059,37.20703],[-83.2809,37.20717],[-83.28147,37.20724],[-83.28184,37.20738],[-83.28251,37.2087],[-83.28272,37.20924],[-83.28291,37.20944],[-83.28348,37.20977],[-83.28362,37.20993],[-83.28383,37.21098],[-83.28433,37.21188],[-83.28453,37.21238],[-83.28463,37.21279],[-83.28487,37.21479],[-83.28499,37.21498],[-83.28513,37.21506],[-83.28618,37.21515],[-83.28662,37.21532],[-83.28698,37.21631],[-83.28698,37.21719],[-83.28706,37.21733],[-83.28848,37.21746],[-83.28895,37.21771],[-83.28945,37.21782],[-83.29042,37.21753],[-83.29094,37.21746],[-83.29177,37.2176],[-83.29225,37.21758],[-83.29284,37.21724],[-83.293,37.21704],[-83.29313,37.21664],[-83.29325,37.2155],[-83.29359,37.21454],[-83.29414,37.21436],[-83.2958,37.21428],[-83.29652,37.21407],[-83.2974,37.2143],[-83.29874,37.21451],[-83.29955,37.21493],[-83.30032,37.21557],[-83.30045,37.21585],[-83.30056,37.21672],[-83.30071,37.21719],[-83.30094,37.21734],[-83.30261,37.21777],[-83.30317,37.21802],[-83.30349,37.21822],[-83.30385,37.21869],[-83.30387,37.21957],[-83.30371,37.22097],[-83.30372,37.22191],[-83.30414,37.22269],[-83.30447,37.22304],[-83.30486,37.22318],[-83.30604,37.2231],[-83.30694,37.22348],[-83.30811,37.2235],[-83.30873,37.22385],[-83.30889,37.22404],[-83.30907,37.22471],[-83.30905,37.22496],[-83.3088,37.2258],[-83.30813,37.22731],[-83.30804,37.22784],[-83.30809,37.22807],[-83.30851,37.22864],[-83.30932,37.22895],[-83.31063,37.22972],[-83.31096,37.22978],[-83.31203,37.2291],[-83.31296,37.22877],[-83.31392,37.22886],[-83.31404,37.22879],[-83.31435,37.22846],[-83.31453,37.22803],[-83.31471,37.22744],[-83.31467,37.22716],[-83.31483,37.22663],[-83.31519,37.22641],[-83.31656,37.22632],[-83.31705,37.22619],[-83.31745,37.22659],[-83.31793,37.22724],[-83.31814,37.22739],[-83.31845,37.22792],[-83.31862,37.22797],[-83.31877,37.22793],[-83.31938,37.22747],[-83.31976,37.22744],[-83.32077,37.22721],[-83.32126,37.22699],[-83.32148,37.22635],[-83.32165,37.22605],[-83.32219,37.22561],[-83.32251,37.22546],[-83.3228,37.22509],[-83.32316,37.22486],[-83.32332,37.22485],[-83.32431,37.2252],[-83.32462,37.22537],[-83.32462,37.22722],[-83.32473,37.22775],[-83.325,37.22828],[-83.32525,37.22914],[-83.3252,37.22998],[-83.32545,37.231],[-83.32556,37.23105],[-83.32753,37.23091],[-83.32835,37.23067],[-83.329,37.23026],[-83.32908,37.23028],[-83.32941,37.23052],[-83.33001,37.23082],[-83.33111,37.23224],[-83.33121,37.23256],[-83.33087,37.23325],[-83.33088,37.23338],[-83.33134,37.23391],[-83.33158,37.23451],[-83.33193,37.23507],[-83.33232,37.23529],[-83.33312,37.23528],[-83.3353,37.2349],[-83.33591,37.23497],[-83.33658,37.23576],[-83.33724,37.23675],[-83.33728,37.23697],[-83.33713,37.23751],[-83.33644,37.23819],[-83.33478,37.23949],[-83.33371,37.24012],[-83.33291,37.24038],[-83.33226,37.24112],[-83.33203,37.24157],[-83.33237,37.24248],[-83.33246,37.24311],[-83.3327,37.24386],[-83.33273,37.24429],[-83.33282,37.24445],[-83.3329,37.24447],[-83.33333,37.24437],[-83.33381,37.24436],[-83.33435,37.24465],[-83.33452,37.24492],[-83.33474,37.24568],[-83.33502,37.24611],[-83.33488,37.24632],[-83.33391,37.24654],[-83.33385,37.24661],[-83.33377,37.24703],[-83.33381,37.24737],[-83.33397,37.24754],[-83.33448,37.24792],[-83.33498,37.24817],[-83.33681,37.24846],[-83.33731,37.24938],[-83.33757,37.24959],[-83.33866,37.2501],[-83.33926,37.25047],[-83.33929,37.2506],[-83.3392,37.251],[-83.33876,37.25196],[-83.3384,37.25227],[-83.33716,37.25266],[-83.33668,37.25301],[-83.33583,37.2541],[-83.33589,37.25433],[-83.33652,37.25483],[-83.33736,37.25599],[-83.33876,37.25638],[-83.33978,37.2568],[-83.34123,37.25721],[-83.34175,37.25727],[-83.34199,37.25736],[-83.34216,37.25757],[-83.34229,37.25797],[-83.34241,37.25813],[-83.34328,37.25855],[-83.34365,37.2588],[-83.34418,37.25958],[-83.34431,37.26007],[-83.34418,37.26046],[-83.34222,37.26297],[-83.34214,37.26319],[-83.34208,37.26396],[-83.34186,37.26426],[-83.34133,37.26462],[-83.34089,37.26475],[-83.34059,37.2648],[-83.33959,37.26468],[-83.33936,37.26479],[-83.33956,37.26535],[-83.33957,37.26582],[-83.33964,37.26607],[-83.34019,37.26682],[-83.34095,37.26735],[-83.34141,37.26788],[-83.34148,37.26837],[-83.34136,37.26882],[-83.34128,37.26892],[-83.34099,37.26905],[-83.33964,37.26924],[-83.33865,37.26981],[-83.33847,37.26999],[-83.33834,37.27025],[-83.33824,37.2708],[-83.33813,37.27104],[-83.3377,37.27155],[-83.33712,37.27199],[-83.33589,37.27252],[-83.33581,37.27262],[-83.33584,37.2727],[-83.33679,37.27288],[-83.33727,37.27305],[-83.33772,37.27331],[-83.33787,37.27352],[-83.3381,37.27431],[-83.33838,37.27459],[-83.33862,37.2747],[-83.33991,37.27495],[-83.34013,37.27507],[-83.34068,37.27581],[-83.3408,37.27609],[-83.34097,37.27701],[-83.34135,37.27767],[-83.34207,37.27783],[-83.34279,37.27783],[-83.34299,37.27789],[-83.34385,37.27862],[-83.34496,37.27922],[-83.34522,37.27963],[-83.34528,37.28014],[-83.34514,37.28069],[-83.34471,37.2815],[-83.34528,37.28312],[-83.34678,37.28336],[-83.34718,37.28362],[-83.34773,37.2838],[-83.3488,37.28368],[-83.34901,37.28371],[-83.35055,37.28426],[-83.35188,37.28428],[-83.3534,37.28415],[-83.35355,37.28424],[-83.35395,37.28493],[-83.35401,37.28515],[-83.35387,37.28577],[-83.35324,37.28682],[-83.35314,37.28735],[-83.35319,37.28754],[-83.35332,37.28769],[-83.35406,37.28812],[-83.35425,37.28867],[-83.35439,37.28945],[-83.35451,37.28969],[-83.35479,37.28999],[-83.35503,37.29059],[-83.35537,37.29082],[-83.35552,37.29125],[-83.35547,37.29142],[-83.35497,37.29219],[-83.35457,37.29263],[-83.35325,37.29296],[-83.35263,37.29328],[-83.35249,37.29346],[-83.35177,37.2954],[-83.35175,37.2956],[-83.35214,37.29632],[-83.35246,37.29722],[-83.35337,37.298],[-83.35391,37.29819],[-83.3552,37.29831],[-83.35632,37.29872],[-83.35728,37.29897],[-83.35841,37.29982],[-83.35898,37.30014],[-83.35919,37.30019],[-83.35942,37.30016],[-83.35984,37.29995],[-83.36023,37.2995],[-83.36068,37.29915],[-83.36095,37.29904],[-83.36163,37.29899],[-83.36253,37.29909],[-83.363,37.29926],[-83.36319,37.29939],[-83.36392,37.30039],[-83.36412,37.30046],[-83.36567,37.30055],[-83.3666,37.30051],[-83.36687,37.30035],[-83.36747,37.29941],[-83.36837,37.2987],[-83.36858,37.29857],[-83.36978,37.29822],[-83.37016,37.29805],[-83.3705,37.29735],[-83.37163,37.29652],[-83.37236,37.29558],[-83.37286,37.29547],[-83.37308,37.29549],[-83.37324,37.29556],[-83.37339,37.29573],[-83.37389,37.29661],[-83.37421,37.29729],[-83.37431,37.2978],[-83.37394,37.29914],[-83.37404,37.30053],[-83.37387,37.30089],[-83.37273,37.30209],[-83.3729,37.30246],[-83.37384,37.30355],[-83.37405,37.30393],[-83.37433,37.30461],[-83.37442,37.3053],[-83.37456,37.30547],[-83.37491,37.30569],[-83.37571,37.30603],[-83.37602,37.30606],[-83.37833,37.30492],[-83.37873,37.30481],[-83.37969,37.30479],[-83.38088,37.30432],[-83.38115,37.30436],[-83.38152,37.3045],[-83.38182,37.30471],[-83.38253,37.30527],[-83.38309,37.30584],[-83.38336,37.30594],[-83.38522,37.30583],[-83.38563,37.30576],[-83.38625,37.30554],[-83.38682,37.30548],[-83.38737,37.30556],[-83.3876,37.3058],[-83.38776,37.30628],[-83.3883,37.30706],[-83.38839,37.30741],[-83.38835,37.30777],[-83.38798,37.30835],[-83.38784,37.30871],[-83.38786,37.30903],[-83.38829,37.30947],[-83.38869,37.30974],[-83.38903,37.30987],[-83.38992,37.31011],[-83.3908,37.31013],[-83.39104,37.31007],[-83.39159,37.30959],[-83.39193,37.30951],[-83.39336,37.30969],[-83.39395,37.30965],[-83.39481,37.30946],[-83.39523,37.30947],[-83.39555,37.30955],[-83.39585,37.30972],[-83.39611,37.30996],[-83.39627,37.31025],[-83.39634,37.31104],[-83.39646,37.31137],[-83.39686,37.31171],[-83.39694,37.31192],[-83.39692,37.31224],[-83.39641,37.31358],[-83.39635,37.31406],[-83.39639,37.3142],[-83.39646,37.31433],[-83.39741,37.31493],[-83.39794,37.31564],[-83.39801,37.31593],[-83.39804,37.31639],[-83.3976,37.31745],[-83.39737,37.31826],[-83.39706,37.31883],[-83.39704,37.31905],[-83.39722,37.31937],[-83.39762,37.31968],[-83.39838,37.32068],[-83.39856,37.32072],[-83.39981,37.32022],[-83.40028,37.32038],[-83.40046,37.32054],[-83.4008,37.32124],[-83.40148,37.32213],[-83.40221,37.32253],[-83.40296,37.32326],[-83.40309,37.32342],[-83.40312,37.32358],[-83.40305,37.32375],[-83.40287,37.32392],[-83.40166,37.32423],[-83.40077,37.32459],[-83.39997,37.32469],[-83.39952,37.32503],[-83.39924,37.32516],[-83.3981,37.32518],[-83.39776,37.32531],[-83.39723,37.32565],[-83.39632,37.32537],[-83.39588,37.32532],[-83.39556,37.32538],[-83.39531,37.32554],[-83.3952,37.32567],[-83.39451,37.3282],[-83.39422,37.32886],[-83.39374,37.32941],[-83.39347,37.32959],[-83.39242,37.32984],[-83.39224,37.33001],[-83.39213,37.33024],[-83.39207,37.33066],[-83.39319,37.33148],[-83.39351,37.33161],[-83.39521,37.33182],[-83.39544,37.33198],[-83.39578,37.3321],[-83.39622,37.33216],[-83.39656,37.33203],[-83.39679,37.33186],[-83.39721,37.33131],[-83.39842,37.33054],[-83.39872,37.33043],[-83.39904,37.33037],[-83.40197,37.33037],[-83.40302,37.33029],[-83.40357,37.33029],[-83.40378,37.33037],[-83.4039,37.33053],[-83.40389,37.33062],[-83.40379,37.33086],[-83.40353,37.33113],[-83.40326,37.3313],[-83.40237,37.33154],[-83.40209,37.33169],[-83.4021,37.33185],[-83.40286,37.33234],[-83.40318,37.33262],[-83.4032,37.33368],[-83.40314,37.33417],[-83.40298,37.33439],[-83.40261,37.33453],[-83.40216,37.33453],[-83.40154,37.3344],[-83.40086,37.33417],[-83.40027,37.33413],[-83.39972,37.33421],[-83.3994,37.33438],[-83.39935,37.33466],[-83.39957,37.33491],[-83.39995,37.33515],[-83.4005,37.33533],[-83.40113,37.33573],[-83.4012,37.33601],[-83.40108,37.33633],[-83.40055,37.33679],[-83.40027,37.3373],[-83.40022,37.33764],[-83.40049,37.33818],[-83.4011,37.33829],[-83.40332,37.33825],[-83.40405,37.33835],[-83.40545,37.33904],[-83.40628,37.33988],[-83.40767,37.34071],[-83.40801,37.34115],[-83.40811,37.34153],[-83.40806,37.34265],[-83.40839,37.34379],[-83.40859,37.34412],[-83.40924,37.34471],[-83.40958,37.34491],[-83.41041,37.34468],[-83.4125,37.34481],[-83.41272,37.34493],[-83.41279,37.3451],[-83.41275,37.34573],[-83.41306,37.34661],[-83.41319,37.34681],[-83.41397,37.34705],[-83.41415,37.34724],[-83.41412,37.34768],[-83.4139,37.34872],[-83.41387,37.3505],[-83.41379,37.35124],[-83.41383,37.35146],[-83.41483,37.35209],[-83.41614,37.35341],[-83.41684,37.35392],[-83.41728,37.35403],[-83.41888,37.35397],[-83.41913,37.35365],[-83.41975,37.35204],[-83.41996,37.35131],[-83.42021,37.35097],[-83.42072,37.35072],[-83.42139,37.35057],[-83.42189,37.35061],[-83.42218,37.35076],[-83.42304,37.35194],[-83.42385,37.35275],[-83.42425,37.35289],[-83.42515,37.35291],[-83.42541,37.35298],[-83.42611,37.35374],[-83.42692,37.35436],[-83.42713,37.35462],[-83.4271,37.35495],[-83.42655,37.35546],[-83.42592,37.35638],[-83.42566,37.35706],[-83.42575,37.35725],[-83.42595,37.3574],[-83.42767,37.35781],[-83.42837,37.35809],[-83.42864,37.35824],[-83.42948,37.35923],[-83.42991,37.35954],[-83.4313,37.36003],[-83.43167,37.3601],[-83.4321,37.3604],[-83.43225,37.36064],[-83.43225,37.36112],[-83.43211,37.36152],[-83.4316,37.36217],[-83.43137,37.36258],[-83.4316,37.36288],[-83.43191,37.36304],[-83.43239,37.36316],[-83.43404,37.36316],[-83.43605,37.3635],[-83.43641,37.36367],[-83.4365,37.36387],[-83.43649,37.36411],[-83.43631,37.36455],[-83.43596,37.3651],[-83.43579,37.36561],[-83.43568,37.3661],[-83.43576,37.36634],[-83.43626,37.36671],[-83.43686,37.36688],[-83.43889,37.36718],[-83.43925,37.36735],[-83.4395,37.36761],[-83.43984,37.36829],[-83.4402,37.36871],[-83.44081,37.36905],[-83.44287,37.36974],[-83.44542,37.37041],[-83.44569,37.37052],[-83.44614,37.37088],[-83.44734,37.37273],[-83.44747,37.37334],[-83.44739,37.3751],[-83.44739,37.37667],[-83.44746,37.37753],[-83.44788,37.37826],[-83.44848,37.37861],[-83.44956,37.37895],[-83.45029,37.37795],[-83.45074,37.37746],[-83.45149,37.37703],[-83.45176,37.37694],[-83.45206,37.37696],[-83.4525,37.37716],[-83.45349,37.37788],[-83.45395,37.37813],[-83.4542,37.37819],[-83.45475,37.37815],[-83.45639,37.37772],[-83.45683,37.37748],[-83.45714,37.3772],[-83.45811,37.376],[-83.45858,37.3756],[-83.45885,37.37551],[-83.46045,37.37533],[-83.46096,37.37518],[-83.46212,37.37393],[-83.46248,37.37374],[-83.46278,37.37375],[-83.46447,37.37422],[-83.46655,37.37461],[-83.47012,37.3751],[-83.47264,37.37557],[-83.47352,37.37581],[-83.47374,37.37593],[-83.47472,37.37677],[-83.476,37.37746],[-83.47653,37.37762],[-83.47684,37.37764],[-83.47691,37.37759],[-83.47689,37.37696],[-83.47719,37.37653],[-83.47836,37.3757],[-83.479,37.37543],[-83.47953,37.37529],[-83.47968,37.3751],[-83.48008,37.37439],[-83.48056,37.37375],[-83.48068,37.37258],[-83.48091,37.37227],[-83.48123,37.37201],[-83.48176,37.37185],[-83.48247,37.37176],[-83.48418,37.37184],[-83.48462,37.37174],[-83.48478,37.37154],[-83.48513,37.36989],[-83.48502,37.36941],[-83.4846,37.36881],[-83.48402,37.36832],[-83.4838,37.368],[-83.48374,37.36776],[-83.48376,37.36746],[-83.48436,37.36647],[-83.48493,37.36585],[-83.48606,37.36489],[-83.48698,37.3644],[-83.4871,37.36423],[-83.48668,37.36346],[-83.48669,37.36322],[-83.48681,37.36291],[-83.48703,37.36263],[-83.48729,37.36193],[-83.48728,37.36131],[-83.48721,37.36059],[-83.48661,37.35885],[-83.48667,37.35869],[-83.48817,37.35794],[-83.48862,37.35782],[-83.48949,37.35786],[-83.49102,37.35823],[-83.49155,37.35826],[-83.49196,37.35813],[-83.49203,37.35797],[-83.49196,37.35773],[-83.49097,37.35635],[-83.49081,37.35589],[-83.49085,37.35556],[-83.49109,37.35522],[-83.49203,37.35464],[-83.49262,37.35415],[-83.49327,37.35347],[-83.4935,37.35334],[-83.49382,37.35327],[-83.49467,37.35329],[-83.4956,37.35352],[-83.49617,37.35349],[-83.49705,37.35305],[-83.49872,37.35247],[-83.49948,37.35198],[-83.50034,37.35125],[-83.50078,37.35019],[-83.50119,37.34946],[-83.50293,37.34846],[-83.50302,37.34828],[-83.50304,37.34758],[-83.50319,37.34687],[-83.50319,37.34643],[-83.50316,37.34625],[-83.50278,37.34553],[-83.50271,37.34513],[-83.50348,37.34404],[-83.50354,37.34383],[-83.50345,37.3431],[-83.50351,37.3427],[-83.50412,37.34193],[-83.50464,37.34177],[-83.50631,37.34148],[-83.50685,37.34158],[-83.50763,37.34195],[-83.50777,37.34195],[-83.50855,37.34152],[-83.50962,37.34135],[-83.51245,37.34049],[-83.51262,37.34049],[-83.51283,37.34059],[-83.51367,37.3413],[-83.51394,37.34142],[-83.51452,37.34153],[-83.51561,37.34138],[-83.51586,37.3414],[-83.51641,37.34165],[-83.51655,37.34165],[-83.51682,37.34147],[-83.51693,37.34126],[-83.51705,37.34058],[-83.51701,37.34036],[-83.51691,37.34009],[-83.51651,37.33956],[-83.51623,37.33901],[-83.51574,37.33769],[-83.51571,37.33747],[-83.5158,37.33721],[-83.51628,37.33675],[-83.51654,37.33659],[-83.51726,37.3363],[-83.51756,37.33632],[-83.51846,37.33709],[-83.51893,37.33758],[-83.51929,37.33879],[-83.51968,37.33923],[-83.51988,37.33934],[-83.52043,37.33943],[-83.52083,37.33942],[-83.52166,37.33924],[-83.52251,37.33915],[-83.5227,37.33891],[-83.52318,37.33763],[-83.52361,37.33718],[-83.52439,37.3367],[-83.52588,37.3362],[-83.52714,37.33636],[-83.52786,37.33633],[-83.52892,37.33617],[-83.52977,37.33579],[-83.53089,37.33496],[-83.53233,37.33431],[-83.53281,37.33393],[-83.53327,37.33331],[-83.53352,37.33309],[-83.53448,37.33245],[-83.53524,37.33203],[-83.53546,37.3317],[-83.53563,37.33113],[-83.53637,37.33027],[-83.53722,37.33016],[-83.53762,37.33018],[-83.53877,37.33057],[-83.53909,37.33075],[-83.53944,37.33122],[-83.54083,37.33103],[-83.5414,37.33102],[-83.54226,37.33112],[-83.54266,37.33142],[-83.54282,37.33162],[-83.54298,37.33204],[-83.54352,37.33217],[-83.54446,37.33253],[-83.54474,37.33267],[-83.54485,37.33294],[-83.54524,37.33319],[-83.54659,37.33361],[-83.54721,37.33392],[-83.54769,37.33443],[-83.54745,37.33478],[-83.54734,37.33528],[-83.54709,37.33555],[-83.54518,37.33643],[-83.54456,37.33656],[-83.54391,37.33659],[-83.54346,37.33674],[-83.54291,37.33722],[-83.5427,37.33751],[-83.54257,37.33784],[-83.54248,37.33833],[-83.54248,37.33873],[-83.54273,37.33967],[-83.54275,37.34007],[-83.54262,37.34059],[-83.54239,37.34095],[-83.54228,37.34136],[-83.54221,37.34175],[-83.54219,37.34272],[-83.54155,37.34411],[-83.54155,37.34457],[-83.54176,37.34519],[-83.54187,37.34608],[-83.54181,37.34636],[-83.54147,37.34691],[-83.54131,37.34705],[-83.54114,37.34709],[-83.53993,37.34714],[-83.53968,37.34722],[-83.53945,37.34731],[-83.53872,37.34784],[-83.53831,37.3482],[-83.5381,37.34852],[-83.53804,37.34937],[-83.5377,37.35005],[-83.5372,37.35044],[-83.53564,37.35087],[-83.53537,37.351],[-83.53495,37.35144],[-83.53462,37.3521],[-83.53415,37.35276],[-83.53425,37.35289],[-83.53574,37.35316],[-83.53621,37.35333],[-83.53635,37.35345],[-83.53665,37.35393],[-83.53676,37.35428],[-83.53679,37.35464],[-83.53697,37.35514],[-83.53766,37.35574],[-83.5383,37.35603],[-83.53853,37.35603],[-83.53892,37.35583],[-83.53999,37.35603],[-83.54024,37.35616],[-83.54084,37.35711],[-83.5411,37.35841],[-83.54119,37.35858],[-83.54141,37.35868],[-83.54235,37.35886],[-83.5426,37.35912],[-83.54267,37.35938],[-83.54264,37.36007],[-83.54249,37.36056],[-83.54244,37.36097],[-83.54311,37.36139],[-83.54334,37.36144],[-83.54428,37.36141],[-83.54531,37.3619],[-83.54531,37.36205],[-83.5447,37.3626],[-83.5445,37.36287],[-83.54436,37.36309],[-83.54434,37.36326],[-83.54435,37.36352],[-83.54456,37.36403],[-83.54517,37.36482],[-83.5451,37.36512],[-83.54474,37.36549],[-83.54344,37.36599],[-83.54299,37.36623],[-83.54286,37.36653],[-83.54292,37.36763],[-83.54327,37.36812],[-83.54391,37.36846],[-83.54451,37.36838],[-83.54524,37.36847],[-83.54643,37.36886],[-83.54673,37.36905],[-83.54694,37.3692],[-83.54742,37.37002],[-83.54798,37.37071],[-83.54875,37.37153],[-83.54884,37.3717],[-83.54887,37.3721],[-83.54882,37.37365],[-83.54821,37.3751],[-83.5482,37.37642],[-83.54842,37.37682],[-83.5496,37.37789],[-83.54992,37.37837],[-83.54986,37.37854],[-83.54937,37.37912],[-83.54894,37.37954],[-83.54881,37.37959],[-83.54732,37.37929],[-83.54698,37.37935],[-83.54523,37.38078],[-83.54469,37.38087],[-83.54427,37.38115],[-83.54377,37.38133],[-83.5435,37.3815],[-83.54271,37.3822],[-83.5417,37.38324],[-83.54175,37.38334],[-83.54265,37.38358],[-83.54338,37.38391],[-83.54368,37.38413],[-83.54402,37.38467],[-83.54404,37.38522],[-83.54396,37.38574],[-83.54381,37.38605],[-83.54305,37.38705],[-83.54272,37.3877],[-83.54263,37.38802],[-83.54293,37.38863],[-83.54324,37.38884],[-83.54355,37.38884],[-83.54488,37.38827],[-83.54545,37.38813],[-83.54585,37.38822],[-83.54617,37.38844],[-83.54643,37.38869],[-83.54692,37.38935],[-83.5471,37.38976],[-83.54689,37.39107],[-83.54724,37.39141],[-83.54847,37.39199],[-83.54883,37.39231],[-83.54901,37.39285],[-83.54919,37.39372],[-83.5492,37.39427],[-83.54901,37.39468],[-83.54887,37.39542],[-83.5484,37.39642],[-83.5475,37.39709],[-83.54647,37.39741],[-83.54613,37.39758],[-83.54599,37.39789],[-83.54583,37.39865],[-83.54574,37.39873],[-83.54399,37.39937],[-83.54176,37.39879],[-83.54156,37.39889],[-83.54139,37.39934],[-83.54109,37.39984],[-83.54095,37.40026],[-83.54101,37.40193],[-83.5406,37.40341],[-83.54066,37.40385],[-83.54099,37.4042],[-83.54091,37.40486],[-83.54072,37.40514],[-83.54022,37.40553],[-83.53877,37.40624],[-83.53865,37.40639],[-83.53858,37.40671],[-83.53859,37.40704],[-83.53868,37.40718],[-83.5398,37.40808],[-83.54005,37.40835],[-83.54021,37.40865],[-83.54035,37.40908],[-83.54048,37.41006],[-83.54036,37.41115],[-83.54027,37.41136],[-83.54002,37.41163],[-83.53906,37.41227],[-83.53852,37.4124],[-83.53647,37.41258],[-83.53601,37.4127],[-83.53574,37.41287],[-83.53528,37.41343],[-83.53513,37.41373],[-83.53519,37.4139],[-83.53547,37.41419],[-83.53551,37.41449],[-83.5343,37.41748],[-83.53478,37.4188],[-83.53568,37.41971],[-83.53595,37.41972],[-83.53621,37.41965],[-83.53756,37.41908],[-83.53772,37.41891],[-83.53812,37.41822],[-83.53863,37.41769],[-83.53884,37.41753],[-83.53909,37.41748],[-83.53943,37.41753],[-83.53984,37.41769],[-83.54069,37.41778],[-83.54094,37.41789],[-83.54178,37.41877],[-83.54195,37.41971],[-83.54209,37.42005],[-83.54276,37.42019],[-83.54345,37.4202],[-83.54356,37.42027],[-83.54366,37.42059],[-83.54371,37.42135],[-83.54471,37.42226],[-83.54404,37.42309],[-83.54368,37.42376],[-83.54329,37.42507],[-83.54326,37.42539],[-83.54333,37.42556],[-83.54562,37.42656],[-83.54607,37.42682],[-83.54653,37.42722],[-83.54767,37.42847],[-83.5486,37.42914],[-83.54865,37.42932],[-83.54842,37.42998],[-83.54839,37.43041],[-83.54918,37.43132],[-83.55114,37.4318],[-83.55173,37.43225],[-83.55242,37.43295],[-83.55249,37.43306],[-83.55246,37.43311],[-83.55212,37.43338],[-83.55199,37.43357],[-83.55176,37.43443],[-83.55135,37.43487],[-83.55133,37.43597],[-83.55119,37.43639],[-83.55187,37.43722],[-83.55223,37.43753],[-83.5525,37.43763],[-83.55318,37.43771],[-83.55382,37.43791],[-83.55429,37.43814],[-83.55457,37.43839],[-83.55396,37.4396],[-83.55377,37.44091],[-83.55281,37.44132],[-83.55183,37.44197],[-83.55169,37.44225],[-83.55151,37.44309],[-83.55107,37.44434],[-83.55093,37.44458],[-83.5505,37.44501],[-83.54977,37.44565],[-83.54908,37.44578],[-83.54751,37.44512],[-83.54666,37.44501],[-83.5465,37.44515],[-83.54618,37.4458],[-83.5455,37.44687],[-83.54551,37.44696],[-83.54805,37.44848],[-83.54864,37.44895],[-83.54916,37.44908],[-83.54985,37.44942],[-83.54996,37.44962],[-83.55012,37.45028],[-83.55046,37.45062],[-83.55068,37.45114],[-83.55083,37.45189],[-83.55178,37.45442],[-83.55208,37.45465],[-83.55266,37.45494],[-83.55398,37.45509],[-83.55577,37.45507],[-83.55616,37.45477],[-83.55622,37.45433],[-83.55611,37.45389],[-83.55605,37.45301],[-83.55612,37.45209],[-83.55618,37.45188],[-83.55656,37.45156],[-83.55791,37.45123],[-83.55911,37.45117],[-83.55938,37.45118],[-83.56071,37.45149],[-83.56154,37.4515],[-83.56179,37.45145],[-83.56207,37.45119],[-83.5623,37.45081],[-83.56244,37.44976],[-83.5626,37.44928],[-83.56288,37.44893],[-83.56332,37.44863],[-83.56466,37.4484],[-83.56548,37.44845],[-83.56643,37.44862],[-83.56677,37.44879],[-83.5675,37.44946],[-83.56771,37.44958],[-83.56786,37.44957],[-83.5681,37.44945],[-83.56826,37.44928],[-83.56912,37.44802],[-83.56955,37.44752],[-83.56985,37.44722],[-83.57017,37.44702],[-83.57071,37.44692],[-83.57207,37.4471],[-83.57309,37.44742],[-83.57404,37.44786],[-83.57472,37.44796],[-83.57549,37.44773],[-83.57614,37.44709],[-83.57661,37.44708],[-83.57743,37.44754],[-83.57794,37.44792],[-83.57918,37.44919],[-83.57959,37.44942],[-83.57991,37.44947],[-83.5803,37.44967],[-83.58073,37.4501],[-83.58095,37.45023],[-83.58148,37.45031],[-83.58273,37.45031],[-83.58323,37.45049],[-83.5835,37.45073],[-83.58364,37.45127],[-83.58399,37.45199],[-83.58444,37.45239],[-83.58508,37.45257],[-83.58605,37.45313],[-83.58623,37.45335],[-83.58645,37.45386],[-83.58666,37.45401],[-83.58698,37.45404],[-83.58785,37.4537],[-83.58845,37.45381],[-83.58909,37.45458],[-83.58935,37.45504],[-83.58986,37.45566],[-83.59003,37.45633],[-83.5902,37.45664],[-83.59055,37.4571],[-83.59084,37.45733],[-83.59139,37.45741],[-83.59315,37.45688],[-83.5944,37.45663],[-83.59495,37.45663],[-83.59541,37.45686],[-83.59571,37.45719],[-83.59573,37.45744],[-83.59559,37.45831],[-83.59578,37.45873],[-83.59639,37.45896],[-83.5979,37.45888],[-83.59829,37.45879],[-83.60022,37.45894],[-83.60037,37.45876],[-83.60069,37.4578],[-83.60093,37.45741],[-83.60124,37.4572],[-83.60218,37.45702],[-83.60272,37.45709],[-83.6031,37.45722],[-83.60373,37.4578],[-83.6043,37.4581],[-83.60444,37.4581],[-83.60479,37.45792],[-83.60506,37.45787],[-83.60614,37.45803],[-83.60705,37.45826],[-83.60931,37.45801],[-83.60999,37.45825],[-83.61099,37.45884],[-83.61166,37.45906],[-83.61223,37.45914],[-83.61268,37.459],[-83.61367,37.45796],[-83.61396,37.45799],[-83.61421,37.45808],[-83.6144,37.45824],[-83.6148,37.45894],[-83.61491,37.46001],[-83.61505,37.46032],[-83.61554,37.46051],[-83.61731,37.46073],[-83.6178,37.46095],[-83.6185,37.46148],[-83.61939,37.46238],[-83.62017,37.4636],[-83.62082,37.46418],[-83.62114,37.46438],[-83.62155,37.46442],[-83.62196,37.46437],[-83.62233,37.46424],[-83.62302,37.46385],[-83.62369,37.46373],[-83.62396,37.46374],[-83.62492,37.46416],[-83.62592,37.4649],[-83.62632,37.46506],[-83.62792,37.46594],[-83.62856,37.46617],[-83.62906,37.46626],[-83.62954,37.46615],[-83.62984,37.46599],[-83.63009,37.46577],[-83.63041,37.46533],[-83.6313,37.46469],[-83.63202,37.46446],[-83.63324,37.46437],[-83.63394,37.46448],[-83.63461,37.46488],[-83.63534,37.46509],[-83.63567,37.46508],[-83.63678,37.46485],[-83.63797,37.46438],[-83.63856,37.46377],[-83.63869,37.46346],[-83.63886,37.46198],[-83.63869,37.45959],[-83.63876,37.4592],[-83.63898,37.45874],[-83.63965,37.4581],[-83.64228,37.45663],[-83.64488,37.4556],[-83.64592,37.45713],[-83.64698,37.45839],[-83.64772,37.45902],[-83.64829,37.45938],[-83.64894,37.45967],[-83.65066,37.4602],[-83.65276,37.46109],[-83.65309,37.46131],[-83.6533,37.46154],[-83.6536,37.46229],[-83.65431,37.46313],[-83.65718,37.46538],[-83.65764,37.46534]]],[[[-83.47791,37.81202],[-83.47774,37.81248],[-83.47771,37.81277],[-83.47797,37.81353],[-83.47852,37.81332],[-83.47906,37.8132],[-83.47996,37.81215],[-83.48037,37.81176],[-83.48067,37.81169],[-83.48223,37.81163],[-83.48219,37.8113],[-83.48232,37.8104],[-83.48225,37.80976],[-83.48243,37.80928],[-83.48243,37.80891],[-83.4824,37.80823],[-83.4822,37.80698],[-83.48238,37.80629],[-83.4824,37.80566],[-83.48277,37.80522],[-83.48229,37.80477],[-83.48217,37.80472],[-83.48202,37.80477],[-83.4819,37.80455],[-83.48201,37.80424],[-83.48227,37.80433],[-83.48265,37.80459],[-83.48242,37.80477],[-83.48273,37.80508],[-83.48283,37.80511],[-83.48302,37.80487],[-83.48344,37.8047],[-83.48428,37.80401],[-83.48432,37.80367],[-83.48424,37.80311],[-83.48426,37.80206],[-83.48369,37.80241],[-83.48247,37.80266],[-83.48189,37.80288],[-83.48144,37.80326],[-83.48134,37.80359],[-83.4813,37.805],[-83.48064,37.80556],[-83.47979,37.80556],[-83.47947,37.8054],[-83.47901,37.80593],[-83.47889,37.80797],[-83.47875,37.80864],[-83.479,37.80959],[-83.479,37.80984],[-83.47837,37.81031],[-83.47814,37.81058],[-83.47803,37.81091],[-83.47814,37.81154],[-83.47791,37.81202]]],[[[-84.11421,36.96283],[-84.11397,36.96275],[-84.11358,36.96181],[-84.11231,36.96221],[-84.11132,36.96191],[-84.1101,36.96338],[-84.11049,36.96445],[-84.11165,36.96569],[-84.11216,36.96511],[-84.1131,36.96492],[-84.1135,36.96406],[-84.11413,36.96351],[-84.11454,36.96295],[-84.11421,36.96283]]],[[[-84.06717,37.09675],[-84.06755,37.09755],[-84.06903,37.09663],[-84.06925,37.09521],[-84.06889,37.09513],[-84.06717,37.09675]]],[[[-84.07848,37.08974],[-84.07954,37.09004],[-84.08034,37.08928],[-84.07953,37.08874],[-84.07848,37.08974]]]]}}]}