{"type":"FeatureCollection","note":"KPC computed overlaps of mapped boundaries (~20 m accuracy). A Possible POTA 2-Fer must be verified before activating; geographic overlap does not guarantee both references count.","built":"2026-10-10","features":[{"type":"Feature","geometry":{"type":"MultiPolygon","coordinates":[[[[-84.34351,36.83719],[-84.34441,36.83935],[-84.34373,36.84007],[-84.34373,36.84133],[-84.34283,36.84205],[-84.34261,36.84367],[-84.33991,36.84493],[-84.33766,36.84493],[-84.33204,36.84619],[-84.33046,36.84817],[-84.32934,36.85213],[-84.32776,36.85375],[-84.32417,36.85501],[-84.32304,36.85483],[-84.31989,36.85537],[-84.31629,36.85537],[-84.31269,36.85393],[-84.31314,36.85321],[-84.32754,36.84349],[-84.32574,36.83719],[-84.32821,36.83755],[-84.33181,36.83881],[-84.33541,36.83863],[-84.33856,36.83683],[-84.34036,36.83629],[-84.34261,36.83647],[-84.34351,36.83719]]],[[[-84.32147,36.83125],[-84.32844,36.82801],[-84.32956,36.82801],[-84.33091,36.82909],[-84.33564,36.82837],[-84.33789,36.82873],[-84.33946,36.82783],[-84.34036,36.82801],[-84.34373,36.82585],[-84.34643,36.82675],[-84.34711,36.82729],[-84.35003,36.82801],[-84.35161,36.82927],[-84.3534,36.82873],[-84.35385,36.82891],[-84.35408,36.83035],[-84.35318,36.83161],[-84.3534,36.83359],[-84.34913,36.83449],[-84.34756,36.83647],[-84.34576,36.83647],[-84.34531,36.83683],[-84.34598,36.83719],[-84.34823,36.83701],[-84.34801,36.84061],[-84.34846,36.84097],[-84.35228,36.84187],[-84.35385,36.84187],[-84.3579,36.83719],[-84.3588,36.83683],[-84.3615,36.83683],[-84.36308,36.83575],[-84.36375,36.83467],[-84.3642,36.83197],[-84.36555,36.83035],[-84.36847,36.83035],[-84.36735,36.84187],[-84.36645,36.84187],[-84.36533,36.84241],[-84.36173,36.84205],[-84.36173,36.84421],[-84.36398,36.84493],[-84.36465,36.84331],[-84.36712,36.84295],[-84.36712,36.84403],[-84.36802,36.84439],[-84.3678,36.84871],[-84.37297,36.85159],[-84.37297,36.85213],[-84.36825,36.85717],[-84.36825,36.85807],[-84.3651,36.85897],[-84.36398,36.85735],[-84.36083,36.85663],[-84.3624,36.85249],[-84.36555,36.85195],[-84.36667,36.84835],[-84.36488,36.84727],[-84.36398,36.84619],[-84.36263,36.84673],[-84.36173,36.84961],[-84.3597,36.84943],[-84.3597,36.84889],[-84.3606,36.84817],[-84.36038,36.84655],[-84.35183,36.84475],[-84.35026,36.84475],[-84.34981,36.84619],[-84.34801,36.84727],[-84.34576,36.84763],[-84.34306,36.84709],[-84.33901,36.84835],[-84.33856,36.84745],[-84.33878,36.84565],[-84.34036,36.84565],[-84.34171,36.84511],[-84.34373,36.84367],[-84.34373,36.84295],[-84.34508,36.84205],[-84.34576,36.84079],[-84.34531,36.83755],[-84.34441,36.83629],[-84.34283,36.83539],[-84.34036,36.83521],[-84.33811,36.83593],[-84.33654,36.83701],[-84.33384,36.83809],[-84.33181,36.83809],[-84.32754,36.83611],[-84.32529,36.83593],[-84.32147,36.83179],[-84.32147,36.83125]]]]},"properties":{"kind":"2fer","acres":1940,"areas":["Cumberland Falls State Resort Park","Daniel Boone National Forest"],"types":["Resort state park","National Forest"],"pota":[["US-1277","Cumberland Falls State Park"],["US-4484","Daniel Boone National Forest"]],"kff":[["KFF-1277","Cumberland Falls"],["KFF-4511","Daniel Boone"],["KFF-6873","William H. Martin"]],"sota":[]}},{"type":"Feature","geometry":{"type":"MultiPolygon","coordinates":[[[[-84.34365,36.83737],[-84.34433,36.83935],[-84.34365,36.84007],[-84.34388,36.84079],[-84.34298,36.84205],[-84.34253,36.84367],[-84.34005,36.84493],[-84.33556,36.84529],[-84.33173,36.84637],[-84.32993,36.84925],[-84.32971,36.85141],[-84.32858,36.85303],[-84.32723,36.85411],[-84.32409,36.85501],[-84.32319,36.85483],[-84.32004,36.85537],[-84.31621,36.85537],[-84.31531,36.85501],[-84.31531,36.85447],[-84.31644,36.85429],[-84.31756,36.85339],[-84.31869,36.85303],[-84.32071,36.85321],[-84.32161,36.85375],[-84.32274,36.85339],[-84.32409,36.85357],[-84.32633,36.85267],[-84.32768,36.85087],[-84.32768,36.84943],[-84.32836,36.84889],[-84.32858,36.84745],[-84.33106,36.84439],[-84.33353,36.84385],[-84.33466,36.84457],[-84.33646,36.84457],[-84.33736,36.84421],[-84.33938,36.84439],[-84.34005,36.84403],[-84.34073,36.84223],[-84.3423,36.84007],[-84.3423,36.83971],[-84.3414,36.83935],[-84.34185,36.83863],[-84.3414,36.83791],[-84.3396,36.83791],[-84.33691,36.83953],[-84.33556,36.83989],[-84.33286,36.83971],[-84.33196,36.84025],[-84.33038,36.83971],[-84.32858,36.83989],[-84.32588,36.83863],[-84.32566,36.83719],[-84.32813,36.83755],[-84.33173,36.83881],[-84.33488,36.83881],[-84.33848,36.83683],[-84.3405,36.83629],[-84.34208,36.83629],[-84.34365,36.83737]]],[[[-84.32386,36.83413],[-84.32521,36.83359],[-84.32656,36.83359],[-84.32701,36.83467],[-84.32836,36.83449],[-84.32971,36.83485],[-84.33083,36.83575],[-84.33308,36.83647],[-84.33398,36.83647],[-84.33421,36.83557],[-84.33556,36.83539],[-84.33646,36.83449],[-84.33826,36.83377],[-84.34073,36.83377],[-84.34253,36.83467],[-84.3432,36.83467],[-84.34568,36.83611],[-84.34523,36.83683],[-84.34658,36.83719],[-84.3468,36.83827],[-84.3459,36.84223],[-84.34433,36.84457],[-84.3432,36.84511],[-84.34275,36.84601],[-84.34005,36.84727],[-84.33871,36.84727],[-84.33871,36.84565],[-84.34028,36.84565],[-84.34163,36.84511],[-84.34388,36.84349],[-84.34388,36.84295],[-84.345,36.84205],[-84.34568,36.84079],[-84.34523,36.83701],[-84.3432,36.83557],[-84.34028,36.83521],[-84.33398,36.83809],[-84.33173,36.83809],[-84.32971,36.83737],[-84.32768,36.83611],[-84.32521,36.83593],[-84.32386,36.83413]]],[[[-84.33016,36.82837],[-84.33016,36.82909],[-84.32926,36.82963],[-84.32881,36.83053],[-84.32656,36.83107],[-84.32364,36.83323],[-84.32251,36.83305],[-84.32139,36.83179],[-84.32139,36.83125],[-84.32791,36.82819],[-84.32971,36.82801],[-84.33016,36.82837]]],[[[-84.34388,36.82585],[-84.34433,36.82585],[-84.34478,36.82657],[-84.3441,36.82657],[-84.34388,36.82585]]]]},"properties":{"kind":"2fer","acres":439,"areas":["Cumberland Falls State Resort Park","Cumberland River Wild River"],"types":["Resort state park","Wild River (State)"],"pota":[["US-1277","Cumberland Falls State Park"],["US-10103","The Cumberland River Wilderness Area"]],"kff":[["KFF-1277","Cumberland Falls"]],"sota":[]}},{"type":"Feature","geometry":{"type":"MultiPolygon","coordinates":[[[[-83.43002,37.29536],[-83.4341,37.29644],[-83.43545,37.29626],[-83.43636,37.2968],[-83.43681,37.2977],[-83.43817,37.29824],[-83.43907,37.29788],[-83.44156,37.29824],[-83.44315,37.29878],[-83.44383,37.2995],[-83.44405,37.29896],[-83.44473,37.29896],[-83.44518,37.29842],[-83.447,37.29824],[-83.4479,37.2977],[-83.44971,37.29824],[-83.4479,37.30238],[-83.44654,37.30256],[-83.44654,37.30166],[-83.44564,37.30058],[-83.44541,37.30238],[-83.44586,37.3031],[-83.44405,37.30436],[-83.44315,37.30454],[-83.44337,37.3049],[-83.44496,37.30472],[-83.44586,37.30382],[-83.447,37.30364],[-83.44632,37.30544],[-83.447,37.30562],[-83.44722,37.3067],[-83.44903,37.3085],[-83.44881,37.30994],[-83.44609,37.31264],[-83.44518,37.31282],[-83.44315,37.31228],[-83.44179,37.31048],[-83.44111,37.31066],[-83.43681,37.3139],[-83.43591,37.3139],[-83.43478,37.31318],[-83.43342,37.313],[-83.43251,37.31228],[-83.43002,37.31264],[-83.42867,37.3121],[-83.42685,37.31192],[-83.42708,37.30886],[-83.4298,37.30886],[-83.43048,37.3085],[-83.4307,37.30778],[-83.43251,37.30724],[-83.43161,37.3049],[-83.43296,37.30292],[-83.43161,37.30058],[-83.43183,37.29842],[-83.4298,37.29644],[-83.43002,37.29536]],[[-83.44473,37.29932],[-83.44451,37.29968],[-83.44518,37.3004],[-83.44541,37.30004],[-83.44473,37.29932]]]]},"properties":{"kind":"2fer","acres":632,"areas":["Buckhorn Lake State Resort Park","Daniel Boone National Forest"],"types":["Resort state park","National Forest"],"pota":[["US-1275","Buckhorn Lake State Park"],["US-4484","Daniel Boone National Forest"]],"kff":[["KFF-1275","Buckhorn Lake"],["KFF-4511","Daniel Boone"],["KFF-6873","William H. Martin"]],"sota":[]}},{"type":"Feature","geometry":{"type":"MultiPolygon","coordinates":[[[[-83.99187,38.42966],[-83.99256,38.42966],[-83.99348,38.43074],[-83.99325,38.43344],[-83.99279,38.43344],[-83.99256,38.43254],[-83.99187,38.43326],[-83.99118,38.4329],[-83.99118,38.43146],[-83.99187,38.42966]]],[[[-83.99348,38.4257],[-83.9944,38.42516],[-83.99693,38.42534],[-83.99693,38.42732],[-83.99325,38.4266],[-83.99348,38.4257]]],[[[-83.98957,38.42192],[-83.99394,38.42264],[-83.99279,38.4257],[-83.99164,38.4257],[-83.98957,38.42192]]]]},"properties":{"kind":"pota_wwff","acres":61,"areas":["Blue Licks Battlefield State Resort Park","Blue Licks State Park State Nature Preserve"],"types":["Resort state park","State Nature Preserve"],"pota":[["US-1274","Blue Licks Battlefield State Park"]],"kff":[["KFF-1274","Blue Licks Battlefield"],["KFF-6877","Blue Licks"]],"sota":[]}},{"type":"Feature","geometry":{"type":"MultiPolygon","coordinates":[[[[-83.69318,37.74797],[-83.69614,37.74851],[-83.6966,37.75031],[-83.69728,37.75085],[-83.69842,37.75103],[-83.69888,37.75049],[-83.7007,37.75067],[-83.70047,37.75301],[-83.70115,37.75427],[-83.70047,37.75481],[-83.70161,37.75571],[-83.70093,37.75823],[-83.70161,37.76039],[-83.70024,37.76111],[-83.70093,37.76201],[-83.70229,37.76201],[-83.7032,37.76345],[-83.70457,37.76345],[-83.70616,37.76507],[-83.70616,37.76561],[-83.70548,37.76615],[-83.70639,37.76705],[-83.70616,37.76777],[-83.70753,37.76813],[-83.70753,37.76921],[-83.70616,37.76993],[-83.70571,37.77137],[-83.70434,37.77281],[-83.70525,37.77317],[-83.70594,37.77407],[-83.70707,37.77425],[-83.71072,37.77713],[-83.71049,37.77803],[-83.70844,37.77947],[-83.70912,37.78019],[-83.71095,37.78055],[-83.71163,37.78163],[-83.70981,37.78235],[-83.70844,37.78379],[-83.70457,37.78361],[-83.70161,37.78469],[-83.7007,37.78469],[-83.6991,37.78379],[-83.69614,37.78343],[-83.6941,37.78019],[-83.69,37.78037],[-83.6859,37.77569],[-83.68066,37.77623],[-83.67952,37.77443],[-83.67952,37.77389],[-83.68112,37.77353],[-83.68157,37.77209],[-83.68317,37.77137],[-83.68476,37.77173],[-83.68544,37.77119],[-83.68567,37.76939],[-83.68704,37.76849],[-83.68726,37.76669],[-83.68886,37.76543],[-83.68863,37.76453],[-83.68931,37.76399],[-83.69068,37.76381],[-83.69136,37.76417],[-83.69227,37.76363],[-83.69364,37.76381],[-83.6941,37.76345],[-83.6941,37.76255],[-83.69501,37.76147],[-83.69318,37.74797]]]]},"properties":{"kind":"pota_wwff","acres":1251,"areas":["Natural Bridge State Resort Park","Natural Bridge State Park State Nature Preserve"],"types":["Resort state park","State Nature Preserve"],"pota":[["US-1286","Natural Bridge State Park"]],"kff":[["KFF-1286","Natural Bridge"],["KFF-6863","Natural Bridge"]],"sota":[]}},{"type":"Feature","geometry":{"type":"MultiPolygon","coordinates":[[[[-83.69568,37.74833],[-83.69659,37.74869],[-83.69682,37.75049],[-83.69727,37.75085],[-83.69864,37.75103],[-83.69887,37.75049],[-83.70092,37.75067],[-83.70069,37.75319],[-83.70137,37.75427],[-83.70069,37.75481],[-83.7016,37.75571],[-83.70092,37.75895],[-83.7016,37.76057],[-83.70023,37.76111],[-83.70092,37.76201],[-83.70228,37.76201],[-83.70319,37.76345],[-83.70479,37.76327],[-83.70615,37.76489],[-83.70615,37.76579],[-83.70547,37.76615],[-83.70638,37.76705],[-83.70615,37.76777],[-83.70775,37.76813],[-83.70752,37.76921],[-83.70638,37.76975],[-83.7057,37.77137],[-83.70433,37.77281],[-83.70524,37.77317],[-83.70593,37.77407],[-83.70706,37.77425],[-83.70775,37.77263],[-83.71071,37.77263],[-83.71344,37.77191],[-83.71458,37.77245],[-83.71594,37.77389],[-83.71708,37.77371],[-83.71754,37.77425],[-83.7164,37.77479],[-83.71412,37.77497],[-83.71139,37.77641],[-83.71025,37.77641],[-83.71071,37.77767],[-83.70843,37.77947],[-83.70911,37.78019],[-83.71093,37.78055],[-83.71162,37.78109],[-83.71162,37.78181],[-83.7098,37.78235],[-83.70889,37.78361],[-83.7082,37.78397],[-83.70706,37.78361],[-83.70479,37.78361],[-83.7016,37.78469],[-83.69932,37.78415],[-83.69864,37.78613],[-83.6975,37.78703],[-83.69682,37.78703],[-83.69636,37.78793],[-83.69386,37.78811],[-83.69226,37.78685],[-83.69226,37.78559],[-83.69158,37.78523],[-83.69158,37.78289],[-83.68999,37.78253],[-83.68839,37.78325],[-83.68384,37.78343],[-83.68293,37.78289],[-83.68179,37.78109],[-83.68088,37.78127],[-83.67928,37.78235],[-83.67769,37.78235],[-83.67678,37.78307],[-83.67496,37.78631],[-83.6745,37.78793],[-83.67336,37.78793],[-83.67177,37.78721],[-83.67177,37.78649],[-83.67245,37.78559],[-83.67131,37.78487],[-83.66972,37.78235],[-83.66972,37.78145],[-83.6704,37.78055],[-83.66995,37.78037],[-83.66881,37.78073],[-83.66835,37.77983],[-83.66699,37.78001],[-83.66653,37.77947],[-83.66653,37.77857],[-83.66835,37.77839],[-83.66904,37.77785],[-83.66881,37.77641],[-83.66972,37.77587],[-83.66904,37.77425],[-83.6679,37.77533],[-83.66653,37.77515],[-83.66676,37.77641],[-83.66562,37.77749],[-83.66221,37.77857],[-83.66221,37.77749],[-83.66357,37.77551],[-83.66243,37.77515],[-83.66266,37.77371],[-83.66357,37.77299],[-83.66312,37.77245],[-83.66221,37.77335],[-83.6613,37.77335],[-83.6613,37.77425],[-83.65993,37.77587],[-83.65788,37.77587],[-83.65788,37.77551],[-83.65947,37.77497],[-83.66038,37.77407],[-83.66038,37.76993],[-83.66107,37.76849],[-83.66221,37.76795],[-83.66243,37.76669],[-83.66084,37.76579],[-83.65925,37.76579],[-83.65834,37.76489],[-83.65651,37.76507],[-83.65651,37.76435],[-83.65902,37.76183],[-83.65993,37.76147],[-83.65993,37.76201],[-83.66084,37.76291],[-83.66312,37.76309],[-83.66312,37.76453],[-83.66357,37.76507],[-83.66403,37.76471],[-83.66562,37.76507],[-83.66562,37.76597],[-83.66517,37.76615],[-83.66539,37.76705],[-83.66676,37.76561],[-83.66904,37.76597],[-83.66972,37.76651],[-83.67268,37.76651],[-83.67359,37.76489],[-83.67177,37.76435],[-83.67018,37.76291],[-83.67018,37.76183],[-83.67131,37.76039],[-83.6704,37.75859],[-83.67291,37.75715],[-83.67519,37.75715],[-83.67519,37.75769],[-83.67359,37.75895],[-83.67427,37.75949],[-83.67405,37.76075],[-83.67519,37.76255],[-83.67587,37.76219],[-83.67678,37.76075],[-83.67632,37.75985],[-83.67723,37.75931],[-83.6786,37.75913],[-83.67769,37.75859],[-83.67769,37.75823],[-83.67906,37.75787],[-83.68088,37.75895],[-83.68088,37.75967],[-83.6852,37.76147],[-83.68725,37.76273],[-83.68748,37.76327],[-83.68088,37.76615],[-83.67928,37.76723],[-83.67837,37.76723],[-83.67769,37.76669],[-83.67792,37.76543],[-83.67701,37.76543],[-83.67655,37.76579],[-83.67701,37.76633],[-83.67655,37.76741],[-83.67883,37.76885],[-83.67997,37.76867],[-83.67974,37.76957],[-83.6786,37.77047],[-83.67746,37.77065],[-83.67815,37.77245],[-83.67906,37.77299],[-83.67997,37.77191],[-83.68202,37.77191],[-83.68293,37.77137],[-83.68384,37.77137],[-83.68429,37.77173],[-83.6852,37.77137],[-83.68566,37.77083],[-83.68566,37.76939],[-83.68703,37.76849],[-83.68748,37.76633],[-83.68862,37.76561],[-83.68862,37.76453],[-83.68999,37.76363],[-83.69135,37.76417],[-83.69226,37.76345],[-83.69363,37.76381],[-83.695,37.76147],[-83.69317,37.74797],[-83.69568,37.74833]],[[-83.67177,37.77677],[-83.67154,37.77641],[-83.67109,37.77659],[-83.67154,37.77695],[-83.67177,37.77677]],[[-83.67291,37.77605],[-83.67268,37.77587],[-83.67223,37.77623],[-83.67268,37.77641],[-83.67291,37.77605]],[[-83.66949,37.77155],[-83.66926,37.77227],[-83.66858,37.77263],[-83.66926,37.77299],[-83.66972,37.77281],[-83.66949,37.77155]]]]},"properties":{"kind":"2fer","acres":2550,"areas":["Natural Bridge State Resort Park","Daniel Boone National Forest"],"types":["Resort state park","National Forest"],"pota":[["US-1286","Natural Bridge State Park"],["US-4484","Daniel Boone National Forest"]],"kff":[["KFF-1286","Natural Bridge"],["KFF-6863","Natural Bridge"],["KFF-4511","Daniel Boone"],["KFF-6873","William H. Martin"]],"sota":[]}},{"type":"Feature","geometry":{"type":"MultiPolygon","coordinates":[[[[-83.12662,38.37556],[-83.12983,38.37592],[-83.13466,38.37898],[-83.13443,38.38474],[-83.12914,38.38294],[-83.12731,38.38276],[-83.12593,38.37898],[-83.12593,38.37754],[-83.12662,38.37556]]]]},"properties":{"kind":"2fer","acres":141,"areas":["Carter Caves State Resort Park","Bat Cave State Nature Preserve"],"types":["Resort state park","State Nature Preserve"],"pota":[["US-1276","Carter Caves State Park"],["US-12971","Bat Cave State Nature Preserve"]],"kff":[["KFF-1276","Carter Caves"]],"sota":[]}},{"type":"Feature","geometry":{"type":"MultiPolygon","coordinates":[[[[-83.11439,38.35583],[-83.11416,38.35799],[-83.11255,38.35799],[-83.11163,38.35835],[-83.10979,38.35817],[-83.10842,38.35853],[-83.10842,38.35817],[-83.11094,38.35655],[-83.11324,38.35655],[-83.11393,38.35583],[-83.11439,38.35583]]]]},"properties":{"kind":"2fer","acres":22,"areas":["Carter Caves State Resort Park","Cascade Caverns State Nature Preserve"],"types":["Resort state park","State Nature Preserve"],"pota":[["US-1276","Carter Caves State Park"],["US-12972","Cascade Caverns State Nature Preserve"]],"kff":[["KFF-1276","Carter Caves"]],"sota":[]}},{"type":"Feature","geometry":{"type":"MultiPolygon","coordinates":[[[[-83.5238,38.0925],[-83.52357,38.09376],[-83.52242,38.09376],[-83.52128,38.09322],[-83.52037,38.0934],[-83.52265,38.09466],[-83.52311,38.09538],[-83.52242,38.09592],[-83.52105,38.09574],[-83.52037,38.09754],[-83.51831,38.09862],[-83.51808,38.09952],[-83.51671,38.10042],[-83.51533,38.10024],[-83.51465,38.09934],[-83.51328,38.09862],[-83.51305,38.09772],[-83.5119,38.09808],[-83.50824,38.0979],[-83.50779,38.09736],[-83.5055,38.09736],[-83.50321,38.09682],[-83.5007,38.09682],[-83.49955,38.09754],[-83.49749,38.09736],[-83.49612,38.09772],[-83.49201,38.097],[-83.49086,38.09718],[-83.49132,38.09538],[-83.49223,38.09394],[-83.49406,38.09232],[-83.49475,38.09214],[-83.49475,38.0916],[-83.49681,38.09196],[-83.49704,38.0916],[-83.49658,38.09142],[-83.49658,38.09088],[-83.5007,38.09106],[-83.50321,38.08998],[-83.50436,38.09034],[-83.50573,38.0898],[-83.50527,38.08926],[-83.50641,38.08854],[-83.50733,38.0871],[-83.50779,38.0871],[-83.50824,38.08782],[-83.50893,38.08602],[-83.50802,38.0853],[-83.50802,38.0844],[-83.5087,38.0835],[-83.50824,38.08224],[-83.50916,38.08206],[-83.51007,38.07936],[-83.51076,38.07936],[-83.51076,38.08152],[-83.51122,38.08224],[-83.51396,38.08422],[-83.51419,38.08638],[-83.5135,38.08674],[-83.51328,38.08746],[-83.51488,38.08746],[-83.5151,38.08818],[-83.51556,38.08584],[-83.51625,38.08584],[-83.51899,38.08926],[-83.5238,38.0925]]]]},"properties":{"kind":"2fer","acres":706,"areas":["Twin Knobs Campground","Daniel Boone National Forest"],"types":["Public hunting area","National Forest"],"pota":[["US-10170","Twin Knobs Campground Wildlife Management Area"],["US-4484","Daniel Boone National Forest"]],"kff":[["KFF-4511","Daniel Boone"],["KFF-6873","William H. Martin"]],"sota":[]}},{"type":"Feature","geometry":{"type":"MultiPolygon","coordinates":[[[[-83.47028,37.04715],[-83.47254,37.04607],[-83.47705,37.04535],[-83.47909,37.04409],[-83.47976,37.04265],[-83.48067,37.04265],[-83.48473,37.04445],[-83.48992,37.04301],[-83.4915,37.04391],[-83.49421,37.04427],[-83.49601,37.04733],[-83.49782,37.04751],[-83.50053,37.04859],[-83.50075,37.04931],[-83.49985,37.05057],[-83.5003,37.05093],[-83.5091,37.05273],[-83.51113,37.05147],[-83.51226,37.04967],[-83.51317,37.04985],[-83.51384,37.05057],[-83.51678,37.05039],[-83.51791,37.05507],[-83.51836,37.05525],[-83.51971,37.05453],[-83.52264,37.05399],[-83.5231,37.05597],[-83.52219,37.05723],[-83.52242,37.05813],[-83.52603,37.05957],[-83.52671,37.06065],[-83.52919,37.06119],[-83.53145,37.06461],[-83.5337,37.06623],[-83.53731,37.06731],[-83.53799,37.06911],[-83.53935,37.07037],[-83.54093,37.07307],[-83.54386,37.07667],[-83.54431,37.07991],[-83.54273,37.08171],[-83.5398,37.08189],[-83.53867,37.08153],[-83.53686,37.08153],[-83.53574,37.08099],[-83.5328,37.08135],[-83.53145,37.07991],[-83.52919,37.07901],[-83.52806,37.07901],[-83.52806,37.08081],[-83.52716,37.08171],[-83.52648,37.08513],[-83.52806,37.08513],[-83.52829,37.08549],[-83.53551,37.08567],[-83.53574,37.08711],[-83.53731,37.08693],[-83.54363,37.08873],[-83.54431,37.08837],[-83.54499,37.08711],[-83.54679,37.08747],[-83.54657,37.08909],[-83.5477,37.09053],[-83.54634,37.09053],[-83.54431,37.09359],[-83.54792,37.09467],[-83.5477,37.09701],[-83.54725,37.09701],[-83.54679,37.09629],[-83.54273,37.09665],[-83.53957,37.09737],[-83.53754,37.09683],[-83.53799,37.09503],[-83.5407,37.08963],[-83.54047,37.08945],[-83.53777,37.08963],[-83.53686,37.09071],[-83.53709,37.09179],[-83.53506,37.09449],[-83.53416,37.09449],[-83.53551,37.10007],[-83.53551,37.10331],[-83.53641,37.10385],[-83.53844,37.10889],[-83.53912,37.10907],[-83.54093,37.10835],[-83.54409,37.10583],[-83.54544,37.10583],[-83.54679,37.10835],[-83.54815,37.10727],[-83.54995,37.10655],[-83.55176,37.10637],[-83.55199,37.10601],[-83.55289,37.10601],[-83.55402,37.10691],[-83.55582,37.10745],[-83.55582,37.10799],[-83.55334,37.10907],[-83.55402,37.11069],[-83.55266,37.11267],[-83.55334,37.11357],[-83.55266,37.11519],[-83.54973,37.11375],[-83.54973,37.11321],[-83.55063,37.11231],[-83.55041,37.11033],[-83.5477,37.10907],[-83.54747,37.11231],[-83.54521,37.11609],[-83.54725,37.11699],[-83.54973,37.11753],[-83.55108,37.11915],[-83.55131,37.12221],[-83.55672,37.12257],[-83.55672,37.12311],[-83.5556,37.12401],[-83.55582,37.12473],[-83.5565,37.12491],[-83.5583,37.12437],[-83.55988,37.12437],[-83.56192,37.12563],[-83.5644,37.12473],[-83.56553,37.12473],[-83.5662,37.12599],[-83.56756,37.12617],[-83.56711,37.12743],[-83.56733,37.12833],[-83.56508,37.12869],[-83.56327,37.13157],[-83.5644,37.13319],[-83.56756,37.13157],[-83.56824,37.13157],[-83.56936,37.13247],[-83.57094,37.13265],[-83.57162,37.13553],[-83.57072,37.13607],[-83.57117,37.13661],[-83.5723,37.13643],[-83.57275,37.13697],[-83.57139,37.13949],[-83.57252,37.14093],[-83.57275,37.14201],[-83.5741,37.14309],[-83.57546,37.14327],[-83.58042,37.14255],[-83.58674,37.14093],[-83.59035,37.14039],[-83.59193,37.14057],[-83.59329,37.14219],[-83.59329,37.14327],[-83.59148,37.14633],[-83.59058,37.14597],[-83.5899,37.14453],[-83.58855,37.14381],[-83.58697,37.14381],[-83.58539,37.14435],[-83.58291,37.14417],[-83.58065,37.14489],[-83.57997,37.14543],[-83.57952,37.14705],[-83.57862,37.14813],[-83.57952,37.14993],[-83.58245,37.15065],[-83.58268,37.15119],[-83.582,37.15155],[-83.58313,37.15173],[-83.58494,37.15281],[-83.58652,37.15443],[-83.5881,37.15533],[-83.589,37.15659],[-83.589,37.15713],[-83.58719,37.15839],[-83.58652,37.15839],[-83.58426,37.15713],[-83.58449,37.15605],[-83.58358,37.15443],[-83.58268,37.15389],[-83.57975,37.15407],[-83.58065,37.15623],[-83.57952,37.15677],[-83.57907,37.15767],[-83.57929,37.15893],[-83.58065,37.15947],[-83.58155,37.16037],[-83.58403,37.16091],[-83.58268,37.16397],[-83.5811,37.16397],[-83.5811,37.16325],[-83.58245,37.16325],[-83.58155,37.16145],[-83.57997,37.16127],[-83.57749,37.16019],[-83.57591,37.16091],[-83.57636,37.16271],[-83.57568,37.16325],[-83.57207,37.16253],[-83.57185,37.16145],[-83.57297,37.16019],[-83.57275,37.15713],[-83.57388,37.15605],[-83.57388,37.15533],[-83.57297,37.15443],[-83.57162,37.15407],[-83.57004,37.15461],[-83.56914,37.15443],[-83.56914,37.15263],[-83.56846,37.15209],[-83.56846,37.15155],[-83.56936,37.15083],[-83.56936,37.15029],[-83.56891,37.14975],[-83.56598,37.14849],[-83.56485,37.14921],[-83.56598,37.14993],[-83.56643,37.15119],[-83.56575,37.15371],[-83.5662,37.15803],[-83.56485,37.16001],[-83.56327,37.15983],[-83.56327,37.15785],[-83.56282,37.15749],[-83.56101,37.15875],[-83.55966,37.15875],[-83.55808,37.16019],[-83.55244,37.16019],[-83.55289,37.15677],[-83.55153,37.15497],[-83.54995,37.15443],[-83.54883,37.15461],[-83.5486,37.15371],[-83.54702,37.15299],[-83.54454,37.15425],[-83.54386,37.15497],[-83.54363,37.15641],[-83.54251,37.15857],[-83.5477,37.16073],[-83.54883,37.16217],[-83.54883,37.16307],[-83.5477,37.16397],[-83.5477,37.16469],[-83.54476,37.16613],[-83.54025,37.16631],[-83.53731,37.16523],[-83.53077,37.16577],[-83.53077,37.16289],[-83.53032,37.16271],[-83.52603,37.16343],[-83.52513,37.16271],[-83.52377,37.15983],[-83.51226,37.15857],[-83.51113,37.15875],[-83.50752,37.15587],[-83.50685,37.15677],[-83.50617,37.15677],[-83.50639,37.15533],[-83.50775,37.15443],[-83.50775,37.15317],[-83.5073,37.15281],[-83.50685,37.15299],[-83.50662,37.15425],[-83.50527,37.15533],[-83.50075,37.15335],[-83.49917,37.15299],[-83.49737,37.15317],[-83.49488,37.15479],[-83.49308,37.15461],[-83.49376,37.15137],[-83.49353,37.15083],[-83.48179,37.15029],[-83.48134,37.15353],[-83.47976,37.15335],[-83.47796,37.15209],[-83.47389,37.15029],[-83.47322,37.14939],[-83.47435,37.14885],[-83.47435,37.14687],[-83.4748,37.14651],[-83.47773,37.14687],[-83.47863,37.14633],[-83.47863,37.14561],[-83.48225,37.14453],[-83.47954,37.14057],[-83.4757,37.14201],[-83.47367,37.14345],[-83.47096,37.14255],[-83.4678,37.13931],[-83.4678,37.13841],[-83.4687,37.13661],[-83.47051,37.13751],[-83.47096,37.13715],[-83.47141,37.13463],[-83.46893,37.13283],[-83.46667,37.13391],[-83.466,37.13391],[-83.46306,37.13175],[-83.45968,37.13031],[-83.45742,37.13013],[-83.45764,37.12959],[-83.45922,37.12887],[-83.45494,37.12437],[-83.45313,37.12473],[-83.452,37.12545],[-83.45065,37.12851],[-83.44884,37.12851],[-83.44771,37.12797],[-83.44568,37.12833],[-83.44343,37.12725],[-83.4353,37.12149],[-83.4362,37.12023],[-83.43823,37.11861],[-83.43711,37.11645],[-83.43417,37.11555],[-83.43372,37.11375],[-83.43304,37.11303],[-83.43304,37.11123],[-83.43214,37.11141],[-83.43079,37.11069],[-83.42876,37.11123],[-83.42943,37.10979],[-83.43034,37.10925],[-83.43124,37.10601],[-83.43237,37.10529],[-83.43079,37.10349],[-83.43124,37.10169],[-83.43011,37.10007],[-83.43011,37.09935],[-83.43101,37.09899],[-83.43192,37.09899],[-83.43237,37.09935],[-83.43553,37.09899],[-83.43643,37.09953],[-83.43801,37.09917],[-83.44072,37.09701],[-83.44162,37.09521],[-83.44275,37.09413],[-83.44455,37.09323],[-83.44839,37.09251],[-83.44975,37.09143],[-83.45042,37.08927],[-83.4511,37.08927],[-83.45268,37.09053],[-83.45291,37.09215],[-83.45336,37.09251],[-83.45719,37.09251],[-83.45855,37.08855],[-83.45968,37.08765],[-83.46035,37.08765],[-83.46306,37.09179],[-83.46577,37.09323],[-83.4687,37.09197],[-83.46825,37.08891],[-83.47028,37.08855],[-83.47073,37.08819],[-83.47073,37.08675],[-83.47299,37.08621],[-83.47322,37.08423],[-83.47367,37.08423],[-83.47593,37.08639],[-83.47705,37.08513],[-83.47841,37.08459],[-83.47096,37.07847],[-83.47051,37.07019],[-83.46758,37.07037],[-83.46667,37.07001],[-83.4669,37.06929],[-83.46848,37.06767],[-83.4678,37.06749],[-83.46735,37.06587],[-83.46735,37.06425],[-83.46825,37.06299],[-83.46758,37.06173],[-83.46577,37.06065],[-83.46351,37.06137],[-83.46126,37.06083],[-83.45968,37.06083],[-83.45945,37.05903],[-83.45652,37.05849],[-83.45674,37.05777],[-83.459,37.05651],[-83.46148,37.05381],[-83.46509,37.05255],[-83.466,37.05183],[-83.46712,37.04967],[-83.47028,37.04715]],[[-83.54002,37.15569],[-83.53957,37.15605],[-83.5398,37.15767],[-83.54093,37.15803],[-83.54115,37.15731],[-83.54002,37.15569]],[[-83.52829,37.14507],[-83.52558,37.14813],[-83.5249,37.15083],[-83.52738,37.15299],[-83.53145,37.15317],[-83.53438,37.15083],[-83.53303,37.14993],[-83.53348,37.14759],[-83.53212,37.14651],[-83.53054,37.14633],[-83.52829,37.14507]],[[-83.47638,37.13931],[-83.47435,37.13823],[-83.47277,37.13913],[-83.47344,37.14003],[-83.47186,37.14165],[-83.47231,37.14183],[-83.47638,37.13931]],[[-83.53506,37.10421],[-83.53416,37.10511],[-83.53506,37.10871],[-83.53686,37.10997],[-83.53777,37.10925],[-83.53641,37.10727],[-83.53641,37.10583],[-83.53551,37.10529],[-83.53574,37.10439],[-83.53506,37.10421]],[[-83.49692,37.06785],[-83.4924,37.06731],[-83.48292,37.06749],[-83.48247,37.06983],[-83.4845,37.07019],[-83.49624,37.07073],[-83.49669,37.07001],[-83.49692,37.06785]],[[-83.50075,37.06641],[-83.49985,37.06767],[-83.50301,37.06911],[-83.50369,37.06839],[-83.50256,37.06713],[-83.50075,37.06641]],[[-83.52896,37.06569],[-83.52806,37.06551],[-83.52784,37.06623],[-83.52874,37.06641],[-83.52896,37.06569]],[[-83.48428,37.05723],[-83.48428,37.05795],[-83.48541,37.05831],[-83.49917,37.05993],[-83.49962,37.06047],[-83.49985,37.06029],[-83.49985,37.05633],[-83.49872,37.05597],[-83.48924,37.05507],[-83.48721,37.05651],[-83.48698,37.05705],[-83.48428,37.05723]]]]},"properties":{"kind":"2fer","acres":24072,"areas":["Redbird WMA","Daniel Boone National Forest"],"types":["Wildlife Management Area","National Forest"],"pota":[["US-10159","Redbird Wildlife Management Area"],["US-4484","Daniel Boone National Forest"]],"kff":[["KFF-4511","Daniel Boone"],["KFF-6873","William H. Martin"]],"sota":[]}},{"type":"Feature","geometry":{"type":"MultiPolygon","coordinates":[[[[-84.09808,37.39326],[-84.09763,37.39344],[-84.09649,37.39542],[-84.09627,37.39722],[-84.09536,37.39884],[-84.09287,37.40028],[-84.09287,37.40154],[-84.09196,37.40262],[-84.09196,37.40406],[-84.09083,37.4064],[-84.09196,37.40766],[-84.09174,37.40892],[-84.0897,37.40982],[-84.08834,37.40964],[-84.0872,37.41108],[-84.08471,37.41252],[-84.08403,37.4136],[-84.08539,37.4163],[-84.08358,37.41846],[-84.08403,37.42062],[-84.08267,37.4235],[-84.08267,37.42458],[-84.08131,37.42458],[-84.08063,37.42332],[-84.07995,37.42314],[-84.07293,37.4262],[-84.07338,37.42782],[-84.0727,37.428],[-84.07202,37.42908],[-84.06998,37.43034],[-84.06591,37.43376],[-84.06273,37.4334],[-84.05888,37.43142],[-84.05707,37.4316],[-84.05684,37.43052],[-84.0573,37.42998],[-84.0573,37.42818],[-84.0582,37.4253],[-84.05798,37.4244],[-84.05367,37.42692],[-84.05254,37.42818],[-84.05073,37.4289],[-84.04755,37.42854],[-84.04733,37.42656],[-84.04982,37.42674],[-84.0505,37.42638],[-84.05005,37.42566],[-84.04891,37.4253],[-84.04891,37.42476],[-84.05005,37.42296],[-84.05095,37.4226],[-84.05095,37.42188],[-84.04982,37.42134],[-84.04823,37.4226],[-84.04778,37.42368],[-84.04461,37.42386],[-84.04438,37.42332],[-84.04189,37.4217],[-84.04166,37.42044],[-84.0403,37.4199],[-84.04212,37.41738],[-84.04166,37.41342],[-84.04189,37.41054],[-84.04574,37.40838],[-84.04393,37.40604],[-84.03872,37.40604],[-84.03872,37.40226],[-84.03826,37.40028],[-84.03532,37.40208],[-84.03079,37.40352],[-84.03056,37.40784],[-84.03011,37.40802],[-84.03237,37.41072],[-84.03215,37.41144],[-84.03079,37.41162],[-84.02444,37.40946],[-84.02354,37.41],[-84.02331,37.41144],[-84.02082,37.41162],[-84.02036,37.41198],[-84.01946,37.41432],[-84.01787,37.41468],[-84.01674,37.41558],[-84.01538,37.41576],[-84.01447,37.4163],[-84.01425,37.41738],[-84.01493,37.41774],[-84.01493,37.41828],[-84.01538,37.41864],[-84.01764,37.419],[-84.01719,37.4226],[-84.0181,37.42332],[-84.01787,37.42422],[-84.01379,37.42332],[-84.01198,37.42548],[-84.0113,37.4253],[-84.01039,37.42566],[-84.00858,37.42494],[-84.00677,37.42494],[-84.00632,37.42548],[-84.00269,37.4253],[-84.00246,37.42458],[-84.00292,37.42314],[-84.00201,37.42188],[-84.00088,37.42242],[-83.99952,37.42512],[-83.97799,37.42422],[-83.97595,37.42224],[-83.9755,37.42026],[-83.97505,37.4199],[-83.97324,37.42098],[-83.97188,37.42116],[-83.96984,37.42008],[-83.96734,37.4172],[-83.96349,37.4154],[-83.961,37.4136],[-83.961,37.41252],[-83.96417,37.40406],[-83.96327,37.40352],[-83.95851,37.40334],[-83.95805,37.4028],[-83.95737,37.4028],[-83.95737,37.40244],[-83.96055,37.40082],[-83.95624,37.3974],[-83.95579,37.39668],[-83.9542,37.39578],[-83.95352,37.39578],[-83.95284,37.39326],[-83.94605,37.39272],[-83.94605,37.39182],[-83.94899,37.38984],[-83.94944,37.38984],[-83.9499,37.39056],[-83.95352,37.3911],[-83.9542,37.39092],[-83.95398,37.38336],[-83.95556,37.38336],[-83.95692,37.3839],[-83.95964,37.38606],[-83.96077,37.38768],[-83.96191,37.38732],[-83.96304,37.3875],[-83.96417,37.38678],[-83.96598,37.3866],[-83.96734,37.38912],[-83.96893,37.3884],[-83.96984,37.3884],[-83.97142,37.3875],[-83.97301,37.38768],[-83.97392,37.38732],[-83.97799,37.38714],[-83.97981,37.38642],[-83.98275,37.38048],[-83.98026,37.38048],[-83.98026,37.3749],[-83.97913,37.37364],[-83.97913,37.37292],[-83.99385,37.37148],[-83.99385,37.37238],[-83.99227,37.37616],[-83.99363,37.37724],[-83.99363,37.37778],[-83.98864,37.3794],[-83.98955,37.38066],[-83.98978,37.38174],[-83.99114,37.383],[-83.99204,37.3821],[-83.99657,37.3803],[-83.99635,37.3794],[-83.99748,37.37868],[-83.99861,37.37634],[-83.99861,37.37382],[-83.99952,37.37382],[-84.00405,37.37562],[-84.00428,37.37436],[-84.007,37.37364],[-84.01017,37.37418],[-84.01153,37.3749],[-84.01221,37.37418],[-84.01221,37.37238],[-84.01311,37.37238],[-84.01674,37.37418],[-84.01991,37.37364],[-84.0215,37.3722],[-84.02195,37.36914],[-84.02376,37.36878],[-84.02399,37.36986],[-84.02807,37.3668],[-84.02875,37.3668],[-84.02988,37.36536],[-84.03033,37.36536],[-84.03215,37.36788],[-84.03373,37.36842],[-84.036,37.37004],[-84.03713,37.37022],[-84.03872,37.37112],[-84.03917,37.37004],[-84.03826,37.36878],[-84.04257,37.3659],[-84.04415,37.36428],[-84.04506,37.3641],[-84.04687,37.36464],[-84.04801,37.36554],[-84.04801,37.36698],[-84.04529,37.36698],[-84.04279,37.3686],[-84.04302,37.36896],[-84.04347,37.3686],[-84.04438,37.3686],[-84.04529,37.36914],[-84.04506,37.3704],[-84.04415,37.37166],[-84.04393,37.37346],[-84.04144,37.37292],[-84.0403,37.3731],[-84.03826,37.37508],[-84.03758,37.37634],[-84.03577,37.37778],[-84.03668,37.37904],[-84.03486,37.37958],[-84.03441,37.38012],[-84.03464,37.38084],[-84.03418,37.3812],[-84.03554,37.38318],[-84.03736,37.38282],[-84.03781,37.38336],[-84.03894,37.38372],[-84.03894,37.38408],[-84.03713,37.38426],[-84.036,37.38498],[-84.03418,37.3848],[-84.0326,37.38552],[-84.03169,37.38552],[-84.03079,37.38462],[-84.03079,37.3839],[-84.02943,37.38372],[-84.02897,37.38318],[-84.02852,37.3839],[-84.02761,37.38408],[-84.02739,37.38462],[-84.02648,37.38498],[-84.02308,37.3848],[-84.02354,37.38732],[-84.02286,37.38822],[-84.02671,37.39236],[-84.02761,37.392],[-84.03033,37.3965],[-84.03305,37.39884],[-84.03396,37.39884],[-84.03373,37.39758],[-84.03486,37.39452],[-84.03894,37.39164],[-84.03713,37.38984],[-84.03396,37.3893],[-84.03237,37.3875],[-84.03237,37.3866],[-84.036,37.3857],[-84.03736,37.3857],[-84.03849,37.38714],[-84.04325,37.38732],[-84.0437,37.38228],[-84.04098,37.38174],[-84.04098,37.37994],[-84.04189,37.37868],[-84.04347,37.37832],[-84.04801,37.38318],[-84.04846,37.38264],[-84.04869,37.38048],[-84.04755,37.3803],[-84.04778,37.37454],[-84.04869,37.37454],[-84.05208,37.37562],[-84.05276,37.37868],[-84.05548,37.3803],[-84.05662,37.3794],[-84.0573,37.3794],[-84.05843,37.38246],[-84.06296,37.38534],[-84.06455,37.38606],[-84.06704,37.38588],[-84.0693,37.38714],[-84.07202,37.38696],[-84.07384,37.38786],[-84.07384,37.3884],[-84.07225,37.38966],[-84.07316,37.39092],[-84.07565,37.38984],[-84.07791,37.38948],[-84.08313,37.38642],[-84.08584,37.38606],[-84.08652,37.3875],[-84.08426,37.39092],[-84.08517,37.39218],[-84.0872,37.39254],[-84.08902,37.38984],[-84.0897,37.38984],[-84.09128,37.3911],[-84.09287,37.3911],[-84.094,37.39038],[-84.09559,37.39056],[-84.09808,37.39326]],[[-84.00088,37.41756],[-84.00541,37.419],[-84.00836,37.41846],[-84.00926,37.41738],[-84.00836,37.41594],[-84.007,37.4154],[-84.00541,37.41414],[-84.0045,37.41396],[-84.00088,37.41756]],[[-84.01742,37.37652],[-84.02036,37.37778],[-84.02082,37.3776],[-84.02014,37.37634],[-84.0181,37.37598],[-84.01742,37.37652]]]]},"properties":{"kind":"2fer","acres":13089,"areas":["Mill Creek WMA","Daniel Boone National Forest"],"types":["Wildlife Management Area","National Forest"],"pota":[["US-10146","Mill Creek Wildlife Management Area"],["US-4484","Daniel Boone National Forest"]],"kff":[["KFF-4511","Daniel Boone"],["KFF-6873","William H. Martin"]],"sota":[]}},{"type":"Feature","geometry":{"type":"MultiPolygon","coordinates":[[[[-83.87636,37.59724],[-83.8759,37.5985],[-83.87431,37.59814],[-83.87318,37.5985],[-83.87136,37.5985],[-83.86954,37.59742],[-83.86932,37.59796],[-83.86841,37.59814],[-83.86841,37.59976],[-83.86636,37.59976],[-83.86364,37.60102],[-83.86454,37.60138],[-83.86386,37.60318],[-83.86159,37.60372],[-83.86023,37.60534],[-83.85909,37.60606],[-83.85909,37.60732],[-83.8625,37.6075],[-83.86545,37.60876],[-83.8675,37.6102],[-83.86773,37.61092],[-83.86704,37.61128],[-83.86545,37.61146],[-83.86432,37.61038],[-83.86159,37.60894],[-83.85932,37.60858],[-83.85818,37.60894],[-83.85705,37.60984],[-83.85409,37.61344],[-83.85364,37.61344],[-83.85296,37.6129],[-83.84841,37.61128],[-83.84614,37.61128],[-83.84523,37.61056],[-83.8441,37.61056],[-83.83864,37.61794],[-83.83796,37.61812],[-83.83683,37.6174],[-83.83569,37.61758],[-83.83614,37.61848],[-83.83592,37.6201],[-83.8341,37.61992],[-83.83364,37.61812],[-83.83387,37.6174],[-83.83205,37.61506],[-83.83183,37.61344],[-83.83205,37.61308],[-83.83342,37.6129],[-83.83433,37.61236],[-83.8341,37.61146],[-83.83455,37.61092],[-83.83364,37.60894],[-83.83205,37.60786],[-83.83092,37.6084],[-83.82978,37.60822],[-83.8291,37.60876],[-83.8291,37.61092],[-83.82956,37.6111],[-83.82956,37.61164],[-83.82865,37.61164],[-83.82819,37.612],[-83.82774,37.61398],[-83.82456,37.61398],[-83.82501,37.6111],[-83.82751,37.6066],[-83.82865,37.60696],[-83.83024,37.6057],[-83.8291,37.60534],[-83.82887,37.6048],[-83.83069,37.6048],[-83.8316,37.60372],[-83.83433,37.60192],[-83.83433,37.60138],[-83.83819,37.59958],[-83.83932,37.59832],[-83.84023,37.5958],[-83.84001,37.59274],[-83.83887,37.58968],[-83.83932,37.5895],[-83.84001,37.58968],[-83.84114,37.59148],[-83.84296,37.5922],[-83.84341,37.59274],[-83.84341,37.5967],[-83.84523,37.59706],[-83.84614,37.59868],[-83.84864,37.60102],[-83.85137,37.59994],[-83.85069,37.5985],[-83.85069,37.59688],[-83.85137,37.59454],[-83.85409,37.59508],[-83.85409,37.594],[-83.85909,37.59418],[-83.85818,37.59562],[-83.85818,37.59634],[-83.85864,37.5967],[-83.86045,37.59652],[-83.86205,37.59706],[-83.86386,37.59616],[-83.86545,37.59598],[-83.86591,37.59634],[-83.86841,37.5958],[-83.86795,37.59706],[-83.86932,37.5976],[-83.86932,37.59616],[-83.87022,37.59616],[-83.87068,37.59544],[-83.87159,37.59544],[-83.87113,37.59634],[-83.87136,37.5967],[-83.87272,37.59688],[-83.87477,37.59652],[-83.87522,37.59706],[-83.87636,37.59724]],[[-83.83501,37.61092],[-83.83728,37.6129],[-83.83728,37.61362],[-83.83842,37.61434],[-83.84092,37.6111],[-83.84001,37.61056],[-83.83751,37.6102],[-83.83501,37.61092]],[[-83.85523,37.60642],[-83.85546,37.6075],[-83.85568,37.6066],[-83.85523,37.60642]],[[-83.85864,37.60336],[-83.85841,37.60318],[-83.8575,37.60372],[-83.85796,37.6039],[-83.85864,37.60336]]]]},"properties":{"kind":"2fer","acres":1344,"areas":["Ross Creek WMA","Daniel Boone National Forest"],"types":["Wildlife Management Area","National Forest"],"pota":[["US-10162","Ross Creek Wildlife Management Area"],["US-4484","Daniel Boone National Forest"]],"kff":[["KFF-4511","Daniel Boone"],["KFF-6873","William H. Martin"]],"sota":[]}},{"type":"Feature","geometry":{"type":"MultiPolygon","coordinates":[[[[-88.05555,36.50136],[-88.05667,36.50298],[-88.05846,36.50316],[-88.05869,36.50478],[-88.05667,36.5055],[-88.05533,36.5073],[-88.05555,36.50766],[-88.05802,36.50766],[-88.05824,36.5109],[-88.05376,36.51018],[-88.05264,36.51144],[-88.05219,36.51144],[-88.05287,36.50964],[-88.05555,36.50928],[-88.05511,36.50892],[-88.05421,36.50892],[-88.05309,36.5073],[-88.05399,36.50586],[-88.05354,36.5046],[-88.05645,36.50424],[-88.05511,36.50334],[-88.05555,36.50244],[-88.05443,36.5019],[-88.05421,36.501],[-88.05555,36.50136]]]]},"properties":{"kind":"2fer","acres":81,"areas":["Kentucky Lake WMA","Fort Donelson National Battlefield"],"types":["Wildlife Management Area","National Park Service unit"],"pota":[["US-10140","Kentucky Lake Wildlife Management Area"],["US-0703","Fort Donelson National Battlefield"],["US-3790","Fort Heiman National Battlefield"]],"kff":[["KFF-3790","Fort Heiman"]],"sota":[]}},{"type":"Feature","geometry":{"type":"MultiPolygon","coordinates":[[[[-83.50356,38.05451],[-83.50333,38.05577],[-83.49944,38.05577],[-83.49761,38.05775],[-83.4983,38.05901],[-83.49716,38.05901],[-83.49693,38.05739],[-83.49876,38.05523],[-83.5015,38.05397],[-83.50241,38.05397],[-83.50356,38.05451]]],[[[-83.50813,38.04065],[-83.51065,38.04119],[-83.51293,38.03993],[-83.51476,38.04011],[-83.5159,38.03975],[-83.52048,38.03723],[-83.52505,38.03723],[-83.52619,38.03633],[-83.52551,38.03363],[-83.52733,38.03345],[-83.52871,38.03273],[-83.53328,38.03237],[-83.53808,38.03039],[-83.54014,38.03039],[-83.54562,38.03165],[-83.55111,38.03111],[-83.5566,38.03147],[-83.55843,38.03327],[-83.56003,38.03417],[-83.56346,38.03471],[-83.56528,38.03453],[-83.5662,38.03615],[-83.56803,38.03741],[-83.56917,38.03939],[-83.57031,38.04011],[-83.57237,38.04047],[-83.57214,38.04137],[-83.57283,38.04227],[-83.57237,38.04353],[-83.57374,38.04497],[-83.57443,38.04641],[-83.57534,38.04713],[-83.57649,38.04713],[-83.57649,38.04875],[-83.57763,38.05127],[-83.57809,38.05379],[-83.57694,38.05505],[-83.57649,38.05667],[-83.57557,38.05793],[-83.57694,38.05955],[-83.57969,38.06153],[-83.57992,38.06549],[-83.57923,38.06603],[-83.57717,38.06585],[-83.57626,38.06621],[-83.57511,38.06729],[-83.57329,38.07089],[-83.571,38.07197],[-83.56917,38.07359],[-83.56574,38.07467],[-83.56483,38.07539],[-83.56277,38.07845],[-83.563,38.08025],[-83.5614,38.08223],[-83.563,38.08457],[-83.56368,38.08709],[-83.56643,38.08853],[-83.56666,38.09177],[-83.56551,38.09285],[-83.5646,38.09321],[-83.563,38.09321],[-83.56003,38.09249],[-83.55774,38.09249],[-83.55751,38.09177],[-83.55865,38.09051],[-83.55843,38.09033],[-83.55591,38.09213],[-83.55523,38.09177],[-83.55477,38.09213],[-83.55385,38.09213],[-83.54997,38.09069],[-83.54882,38.09123],[-83.54791,38.09123],[-83.54791,38.09033],[-83.54905,38.08961],[-83.5486,38.08943],[-83.5486,38.08889],[-83.54928,38.08781],[-83.55065,38.08691],[-83.55065,38.08601],[-83.5518,38.08565],[-83.55202,38.08403],[-83.55317,38.08367],[-83.55271,38.08313],[-83.55271,38.08169],[-83.55111,38.08403],[-83.54997,38.08385],[-83.5502,38.08475],[-83.54905,38.08547],[-83.54677,38.08835],[-83.54562,38.08853],[-83.54585,38.08943],[-83.54494,38.08997],[-83.54517,38.09177],[-83.54334,38.09141],[-83.54311,38.09231],[-83.54105,38.09267],[-83.54105,38.09051],[-83.54151,38.08943],[-83.54128,38.08853],[-83.53968,38.09051],[-83.53991,38.09123],[-83.53945,38.09195],[-83.53899,38.09195],[-83.53854,38.09087],[-83.53762,38.09141],[-83.53785,38.09249],[-83.53739,38.09249],[-83.53625,38.09123],[-83.53556,38.09141],[-83.53488,38.09015],[-83.53351,38.08907],[-83.53351,38.08835],[-83.53579,38.08691],[-83.53625,38.08547],[-83.53716,38.08457],[-83.53602,38.08421],[-83.53465,38.08601],[-83.53396,38.08637],[-83.53259,38.08619],[-83.53168,38.08673],[-83.53031,38.08547],[-83.53076,38.08385],[-83.53031,38.08367],[-83.52985,38.08403],[-83.52871,38.08403],[-83.52688,38.08277],[-83.52665,38.08151],[-83.52756,38.07935],[-83.52733,38.07863],[-83.52688,38.07881],[-83.52688,38.07935],[-83.52596,38.08043],[-83.5239,38.08133],[-83.52116,38.07971],[-83.52048,38.07971],[-83.5207,38.07899],[-83.51956,38.07863],[-83.5191,38.07791],[-83.51888,38.07629],[-83.51727,38.07269],[-83.51727,38.07161],[-83.51842,38.07035],[-83.51979,38.07017],[-83.52208,38.07053],[-83.52253,38.07125],[-83.52208,38.07233],[-83.52253,38.07287],[-83.52368,38.07053],[-83.52642,38.07035],[-83.52711,38.07107],[-83.52756,38.06999],[-83.52825,38.06981],[-83.52916,38.06999],[-83.52962,38.07053],[-83.52985,38.06927],[-83.53168,38.06855],[-83.53145,38.06801],[-83.53076,38.06855],[-83.52871,38.06837],[-83.52322,38.06873],[-83.51933,38.06711],[-83.51956,38.06621],[-83.52048,38.06603],[-83.52048,38.06513],[-83.52368,38.06225],[-83.52368,38.06171],[-83.52253,38.06243],[-83.52139,38.06225],[-83.52116,38.06279],[-83.51773,38.06531],[-83.51659,38.06549],[-83.51636,38.06513],[-83.51567,38.06513],[-83.51522,38.06603],[-83.51316,38.06639],[-83.51179,38.06621],[-83.51065,38.06477],[-83.51065,38.06405],[-83.50996,38.06387],[-83.50904,38.06279],[-83.50859,38.06441],[-83.50927,38.06495],[-83.50904,38.06585],[-83.51019,38.06639],[-83.51042,38.06729],[-83.50882,38.06837],[-83.5063,38.06891],[-83.50402,38.06837],[-83.50241,38.06711],[-83.50196,38.06765],[-83.50264,38.06855],[-83.50264,38.06927],[-83.50173,38.07071],[-83.50081,38.07125],[-83.50104,38.07179],[-83.4999,38.07413],[-83.49807,38.07503],[-83.49647,38.07503],[-83.49579,38.07467],[-83.49784,38.07251],[-83.49487,38.06999],[-83.49418,38.06747],[-83.49167,38.06603],[-83.49167,38.06513],[-83.49236,38.06441],[-83.49487,38.06333],[-83.49647,38.06135],[-83.49761,38.06171],[-83.49739,38.06351],[-83.49853,38.06279],[-83.49899,38.06189],[-83.50013,38.06171],[-83.49807,38.06063],[-83.49784,38.05973],[-83.49921,38.05955],[-83.50356,38.06261],[-83.50516,38.06225],[-83.5063,38.06099],[-83.50813,38.05991],[-83.51065,38.05973],[-83.5127,38.06009],[-83.51453,38.05937],[-83.51453,38.05901],[-83.51362,38.05865],[-83.5127,38.05919],[-83.51316,38.05721],[-83.51156,38.05433],[-83.51065,38.05397],[-83.50996,38.05451],[-83.50882,38.05451],[-83.5079,38.05361],[-83.50744,38.05415],[-83.50744,38.05505],[-83.50676,38.05523],[-83.50424,38.05271],[-83.50424,38.05235],[-83.5047,38.05235],[-83.5063,38.05379],[-83.5063,38.05253],[-83.50927,38.05235],[-83.50744,38.05181],[-83.50722,38.05145],[-83.50653,38.05163],[-83.50516,38.05109],[-83.50402,38.05019],[-83.50402,38.04947],[-83.5047,38.04875],[-83.50699,38.04767],[-83.50882,38.04731],[-83.51065,38.04587],[-83.51225,38.04623],[-83.51247,38.04551],[-83.51339,38.04497],[-83.5159,38.04461],[-83.51705,38.04533],[-83.51705,38.04569],[-83.51385,38.04605],[-83.51545,38.04731],[-83.5159,38.04857],[-83.51796,38.05127],[-83.5191,38.05199],[-83.5207,38.05217],[-83.52208,38.05325],[-83.52459,38.05271],[-83.52276,38.05055],[-83.52162,38.04767],[-83.51979,38.04695],[-83.51796,38.04533],[-83.5175,38.04533],[-83.51705,38.04425],[-83.5207,38.04263],[-83.52322,38.04227],[-83.52345,38.04263],[-83.52413,38.04209],[-83.52688,38.04173],[-83.52733,38.04137],[-83.52711,38.04101],[-83.52665,38.04137],[-83.52482,38.04083],[-83.52002,38.04101],[-83.51865,38.04173],[-83.5175,38.04173],[-83.51613,38.04227],[-83.51362,38.04227],[-83.51339,38.04263],[-83.51042,38.04353],[-83.50859,38.04353],[-83.50836,38.04263],[-83.50744,38.04209],[-83.50813,38.04065]],[[-83.51202,38.04731],[-83.5111,38.04695],[-83.50973,38.04785],[-83.50607,38.04929],[-83.50562,38.05019],[-83.50584,38.05037],[-83.5063,38.04983],[-83.50767,38.04947],[-83.50973,38.04947],[-83.51202,38.04731]]]]},"properties":{"kind":"2fer","acres":7791,"areas":["Pioneer Weapons WMA","Daniel Boone National Forest"],"types":["Wildlife Management Area","National Forest"],"pota":[["US-10158","Pioneer Weapons Wildlife Management Area"],["US-4484","Daniel Boone National Forest"]],"kff":[["KFF-4511","Daniel Boone"],["KFF-6873","William H. Martin"]],"sota":[]}},{"type":"Feature","geometry":{"type":"MultiPolygon","coordinates":[[[[-83.49139,36.68238],[-83.49139,36.68274],[-83.48757,36.684],[-83.48039,36.68562],[-83.48039,36.68526],[-83.49139,36.68238]]],[[[-83.4952,36.68148],[-83.4952,36.68184],[-83.49206,36.68238],[-83.49206,36.68202],[-83.4952,36.68148]]],[[[-83.4979,36.68058],[-83.49722,36.68184],[-83.4961,36.68166],[-83.4961,36.6813],[-83.49677,36.6813],[-83.49745,36.68058],[-83.4979,36.68058]]],[[[-83.50351,36.67914],[-83.50283,36.68004],[-83.49924,36.68022],[-83.49924,36.67986],[-83.50059,36.67986],[-83.50238,36.67914],[-83.50351,36.67914]]],[[[-83.50665,36.67752],[-83.50665,36.67788],[-83.50553,36.6786],[-83.50418,36.67896],[-83.50418,36.6786],[-83.50553,36.6777],[-83.50665,36.67752]]],[[[-83.50867,36.67626],[-83.50844,36.67716],[-83.5071,36.67752],[-83.5071,36.67716],[-83.50867,36.67626]]],[[[-83.51271,36.67392],[-83.5136,36.67374],[-83.51585,36.67464],[-83.51607,36.67518],[-83.51338,36.6741],[-83.51271,36.67428],[-83.51271,36.67392]]],[[[-83.58496,36.66096],[-83.58541,36.66096],[-83.58564,36.66204],[-83.58519,36.66204],[-83.58496,36.66096]]],[[[-83.5816,36.6588],[-83.58205,36.6588],[-83.58227,36.66024],[-83.5816,36.66006],[-83.5816,36.6588]]],[[[-83.58272,36.65754],[-83.58339,36.65772],[-83.58362,36.65844],[-83.58272,36.65826],[-83.58272,36.65754]]],[[[-83.5816,36.65214],[-83.58182,36.6543],[-83.5816,36.65484],[-83.58115,36.65484],[-83.58115,36.65214],[-83.5816,36.65214]]]]},"properties":{"kind":"2fer","acres":61,"areas":["Shillalah Creek WMA","Cumberland Gap National Historical Park"],"types":["Wildlife Management Area","National Park Service unit"],"pota":[["US-10164","Shillalah Creek Wildlife Management Area"],["US-0019","Cumberland Gap National Historical Park"]],"kff":[["KFF-0019","Cumberland Gap (KY)"]],"sota":[]}},{"type":"Feature","geometry":{"type":"MultiPolygon","coordinates":[[[[-84.72891,36.60221],[-84.72824,36.60401],[-84.72442,36.60653],[-84.72173,36.60725],[-84.72061,36.60797],[-84.71859,36.61103],[-84.71814,36.61373],[-84.71679,36.61481],[-84.71612,36.61607],[-84.71365,36.61679],[-84.71298,36.61751],[-84.71208,36.61751],[-84.71118,36.61697],[-84.70916,36.61697],[-84.70534,36.61787],[-84.70355,36.61787],[-84.69928,36.61985],[-84.69838,36.62057],[-84.69861,36.62165],[-84.69816,36.62219],[-84.69569,36.62219],[-84.69479,36.62291],[-84.69277,36.62363],[-84.68851,36.62363],[-84.68694,36.62399],[-84.68604,36.62291],[-84.68514,36.62273],[-84.6802,36.62309],[-84.67908,36.62273],[-84.67683,36.62057],[-84.67459,36.62147],[-84.67302,36.62129],[-84.67145,36.62219],[-84.671,36.62219],[-84.67032,36.62111],[-84.66853,36.62111],[-84.66381,36.62399],[-84.66404,36.62597],[-84.66314,36.62651],[-84.66157,36.62669],[-84.66067,36.62597],[-84.6591,36.62579],[-84.65753,36.62705],[-84.65596,36.62741],[-84.65483,36.62831],[-84.65371,36.62831],[-84.65259,36.62921],[-84.65169,36.63065],[-84.65169,36.63209],[-84.65057,36.63245],[-84.649,36.63371],[-84.64653,36.63443],[-84.64541,36.63551],[-84.64294,36.63659],[-84.64092,36.63875],[-84.63934,36.63965],[-84.63777,36.63947],[-84.63755,36.63821],[-84.6362,36.63839],[-84.63508,36.63749],[-84.63373,36.63731],[-84.63351,36.63803],[-84.63396,36.63893],[-84.63351,36.63911],[-84.63351,36.64001],[-84.63149,36.64091],[-84.63149,36.64325],[-84.62902,36.64271],[-84.6243,36.64433],[-84.62273,36.64433],[-84.62161,36.64523],[-84.61981,36.64523],[-84.61824,36.64613],[-84.61712,36.64613],[-84.61757,36.64451],[-84.6142,36.64199],[-84.60971,36.64595],[-84.60612,36.64595],[-84.605,36.64541],[-84.60388,36.64613],[-84.60163,36.64613],[-84.60118,36.64541],[-84.60028,36.64523],[-84.59894,36.64595],[-84.59849,36.64685],[-84.59737,36.64721],[-84.59647,36.64595],[-84.5949,36.64541],[-84.59288,36.64541],[-84.5922,36.64577],[-84.59041,36.64559],[-84.58951,36.64649],[-84.58884,36.64847],[-84.58816,36.64901],[-84.58704,36.64919],[-84.58502,36.65063],[-84.5839,36.65333],[-84.5821,36.65315],[-84.58143,36.65351],[-84.57604,36.65351],[-84.57559,36.65243],[-84.57424,36.65423],[-84.57492,36.65567],[-84.57357,36.65639],[-84.5702,36.65639],[-84.56818,36.65747],[-84.56549,36.65783],[-84.56594,36.65711],[-84.56459,36.65675],[-84.56324,36.65585],[-84.56257,36.65675],[-84.56077,36.65711],[-84.56437,36.65963],[-84.56392,36.66035],[-84.56437,36.66125],[-84.56347,36.66377],[-84.56145,36.66665],[-84.56145,36.66737],[-84.56055,36.66719],[-84.55988,36.66863],[-84.5601,36.66899],[-84.56122,36.66917],[-84.561,36.67007],[-84.56212,36.67169],[-84.55696,36.67313],[-84.55965,36.67475],[-84.561,36.67619],[-84.561,36.67709],[-84.55808,36.68195],[-84.55539,36.68105],[-84.55426,36.68285],[-84.55247,36.68393],[-84.55067,36.68357],[-84.5491,36.68375],[-84.54843,36.68555],[-84.54843,36.68735],[-84.54506,36.68843],[-84.54506,36.68915],[-84.54551,36.68951],[-84.54775,36.68825],[-84.54775,36.68915],[-84.54708,36.68987],[-84.54888,36.69095],[-84.54843,36.69221],[-84.54865,36.69329],[-84.54775,36.69437],[-84.54775,36.69581],[-84.54573,36.69725],[-84.54326,36.69653],[-84.54282,36.69671],[-84.54304,36.69815],[-84.54439,36.69815],[-84.54371,36.69905],[-84.54394,36.69977],[-84.54349,36.70103],[-84.54933,36.71291],[-84.55337,36.72011],[-84.55314,36.72119],[-84.55067,36.72371],[-84.54753,36.72317],[-84.54686,36.72263],[-84.54663,36.72335],[-84.54439,36.72659],[-84.54506,36.72875],[-84.54484,36.73055],[-84.54843,36.73469],[-84.5509,36.73883],[-84.55269,36.73973],[-84.56122,36.74567],[-84.56369,36.74657],[-84.56392,36.74729],[-84.56594,36.74675],[-84.56706,36.74765],[-84.56886,36.74729],[-84.56975,36.74747],[-84.57043,36.74819],[-84.57088,36.74747],[-84.57245,36.74783],[-84.57492,36.74783],[-84.57626,36.74855],[-84.57671,36.75071],[-84.57424,36.75341],[-84.57245,36.75341],[-84.57133,36.75431],[-84.5702,36.75719],[-84.5702,36.75899],[-84.56751,36.76187],[-84.56459,36.76403],[-84.56145,36.76529],[-84.55875,36.77303],[-84.55875,36.77447],[-84.5592,36.77483],[-84.5601,36.77483],[-84.56055,36.77627],[-84.56033,36.77681],[-84.55786,36.77861],[-84.55494,36.77933],[-84.55561,36.78275],[-84.55202,36.78455],[-84.5482,36.78473],[-84.54753,36.78527],[-84.54843,36.78617],[-84.5482,36.78869],[-84.53698,36.79085],[-84.53631,36.79139],[-84.53451,36.79715],[-84.52351,36.79517],[-84.52351,36.79391],[-84.52822,36.78509],[-84.52733,36.78473],[-84.52598,36.78527],[-84.52418,36.78545],[-84.52171,36.78401],[-84.51947,36.78311],[-84.51745,36.78275],[-84.51655,36.78203],[-84.51588,36.78023],[-84.51588,36.77933],[-84.51655,36.77843],[-84.51633,36.77717],[-84.51453,36.77627],[-84.51116,36.77591],[-84.50825,36.77393],[-84.5078,36.77177],[-84.52216,36.76853],[-84.52396,36.76871],[-84.528,36.77123],[-84.53451,36.76709],[-84.54304,36.75665],[-84.54169,36.75413],[-84.52688,36.74819],[-84.52575,36.74333],[-84.52463,36.73523],[-84.52418,36.73397],[-84.52531,36.73325],[-84.52418,36.73199],[-84.52418,36.73145],[-84.53002,36.72659],[-84.53765,36.72659],[-84.53833,36.72623],[-84.53833,36.72479],[-84.54124,36.72497],[-84.54169,36.72407],[-84.54035,36.72371],[-84.5399,36.72335],[-84.5399,36.72263],[-84.54304,36.72281],[-84.54371,36.72137],[-84.54259,36.72101],[-84.54282,36.72029],[-84.54169,36.71957],[-84.5408,36.72011],[-84.53945,36.72029],[-84.53922,36.71993],[-84.5381,36.71993],[-84.53788,36.72065],[-84.53631,36.72065],[-84.53608,36.71903],[-84.53653,36.71885],[-84.53563,36.71831],[-84.53586,36.71669],[-84.53541,36.71561],[-84.53473,36.71543],[-84.53339,36.71417],[-84.53249,36.71453],[-84.52957,36.71129],[-84.52867,36.71093],[-84.52867,36.71021],[-84.53024,36.70967],[-84.53114,36.70895],[-84.53047,36.70751],[-84.52957,36.70805],[-84.528,36.70805],[-84.52755,36.70751],[-84.52643,36.70733],[-84.5262,36.70841],[-84.52508,36.70877],[-84.52261,36.70751],[-84.52194,36.70679],[-84.52216,36.70607],[-84.52508,36.70679],[-84.52733,36.70427],[-84.52822,36.70391],[-84.53024,36.70409],[-84.53092,36.70337],[-84.53047,36.70229],[-84.5298,36.70265],[-84.52867,36.70229],[-84.52822,36.70283],[-84.52733,36.70283],[-84.52688,36.70229],[-84.52598,36.70337],[-84.52508,36.70337],[-84.52486,36.70301],[-84.52418,36.70355],[-84.52127,36.70373],[-84.52127,36.70049],[-84.52194,36.70067],[-84.52329,36.69923],[-84.52396,36.69923],[-84.52508,36.70013],[-84.52575,36.70013],[-84.52643,36.70085],[-84.52688,36.70049],[-84.52822,36.70067],[-84.53002,36.69959],[-84.53002,36.69779],[-84.53159,36.69797],[-84.53271,36.69671],[-84.53361,36.69671],[-84.53406,36.69707],[-84.53473,36.69689],[-84.53406,36.69635],[-84.53182,36.69581],[-84.53182,36.69545],[-84.53384,36.69401],[-84.53563,36.69401],[-84.53653,36.69293],[-84.53653,36.69203],[-84.53563,36.69149],[-84.53451,36.69167],[-84.53496,36.68861],[-84.53451,36.68825],[-84.53473,36.68735],[-84.53316,36.68285],[-84.53249,36.68393],[-84.53182,36.68411],[-84.52935,36.68213],[-84.5289,36.68213],[-84.52822,36.68303],[-84.51655,36.68177],[-84.5152,36.67907],[-84.51902,36.67079],[-84.51857,36.67043],[-84.51722,36.67043],[-84.51498,36.65495],[-84.51206,36.64703],[-84.51027,36.64361],[-84.50982,36.64091],[-84.50914,36.63983],[-84.50937,36.63911],[-84.51071,36.63875],[-84.50825,36.63389],[-84.51027,36.63281],[-84.50914,36.63101],[-84.50892,36.62903],[-84.50937,36.62849],[-84.50937,36.62633],[-84.51027,36.62561],[-84.51094,36.62417],[-84.50825,36.62147],[-84.506,36.62093],[-84.50578,36.62039],[-84.5042,36.61949],[-84.50398,36.61823],[-84.50308,36.61697],[-84.50331,36.61535],[-84.50376,36.61499],[-84.50286,36.61409],[-84.50286,36.61283],[-84.5051,36.61103],[-84.50488,36.61013],[-84.506,36.60869],[-84.506,36.60761],[-84.5051,36.60653],[-84.50173,36.60419],[-84.50173,36.60383],[-84.50286,36.60365],[-84.50376,36.60419],[-84.50465,36.60365],[-84.506,36.60473],[-84.5078,36.60473],[-84.50825,36.60527],[-84.51004,36.60581],[-84.51049,36.60509],[-84.51161,36.60509],[-84.51206,36.60437],[-84.51341,36.60437],[-84.51318,36.59987],[-84.51431,36.59843],[-84.51857,36.59663],[-84.52575,36.59645],[-84.55696,36.59699],[-84.65618,36.60077],[-84.72891,36.60221]]]]},"properties":{"kind":"2fer","acres":31194,"areas":["Daniel Boone National Forest","Big South Fork National River and Recreation Area"],"types":["National Forest","National Park Service unit"],"pota":[["US-4484","Daniel Boone National Forest"],["US-0686","Big South Fork National Recreation Area"]],"kff":[["KFF-4511","Daniel Boone"],["KFF-6873","William H. Martin"]],"sota":[]}},{"type":"Feature","geometry":{"type":"MultiPolygon","coordinates":[[[[-84.60757,36.59901],[-84.60757,36.60099],[-84.60914,36.60207],[-84.60982,36.60333],[-84.60892,36.60387],[-84.60668,36.60369],[-84.60533,36.60423],[-84.60488,36.60495],[-84.60533,36.60603],[-84.60533,36.60783],[-84.60107,36.60837],[-84.59905,36.60819],[-84.5986,36.60855],[-84.5986,36.60945],[-84.59726,36.61089],[-84.59726,36.61161],[-84.59815,36.61251],[-84.60062,36.61323],[-84.60062,36.61467],[-84.59793,36.61485],[-84.59748,36.61521],[-84.5977,36.61593],[-84.59905,36.61683],[-84.59905,36.61737],[-84.59838,36.61827],[-84.59838,36.61917],[-84.59726,36.61881],[-84.59524,36.62061],[-84.59591,36.62169],[-84.59613,36.62313],[-84.59569,36.62421],[-84.59434,36.62547],[-84.59232,36.62583],[-84.59165,36.62493],[-84.59075,36.62493],[-84.58537,36.62817],[-84.58357,36.62781],[-84.58021,36.62781],[-84.57505,36.62691],[-84.57415,36.62799],[-84.57415,36.62853],[-84.57213,36.62943],[-84.57101,36.62925],[-84.56899,36.62709],[-84.56809,36.62673],[-84.56742,36.62727],[-84.5672,36.62979],[-84.56608,36.63051],[-84.5654,36.63033],[-84.56383,36.62781],[-84.56338,36.62781],[-84.56226,36.62943],[-84.56114,36.62997],[-84.56024,36.62907],[-84.56002,36.62727],[-84.55912,36.62637],[-84.55845,36.62619],[-84.558,36.62745],[-84.55621,36.62799],[-84.55441,36.62583],[-84.55105,36.62637],[-84.54858,36.62619],[-84.54566,36.62727],[-84.54163,36.62781],[-84.53759,36.62745],[-84.53467,36.63051],[-84.53579,36.63177],[-84.53804,36.63249],[-84.53804,36.63339],[-84.54073,36.63663],[-84.53916,36.63843],[-84.53916,36.64023],[-84.54275,36.64185],[-84.54252,36.64257],[-84.53916,36.64311],[-84.53804,36.64401],[-84.53893,36.64581],[-84.54095,36.64743],[-84.54185,36.64995],[-84.5432,36.65211],[-84.5423,36.65517],[-84.54387,36.65607],[-84.54432,36.65751],[-84.54364,36.65787],[-84.5423,36.65769],[-84.5405,36.65877],[-84.53826,36.65841],[-84.5349,36.65985],[-84.53467,36.66111],[-84.53534,36.66309],[-84.53445,36.66435],[-84.53467,36.66579],[-84.53333,36.66615],[-84.53288,36.66687],[-84.534,36.66813],[-84.53422,36.66921],[-84.53512,36.66993],[-84.53579,36.66957],[-84.53781,36.66957],[-84.53983,36.66777],[-84.54028,36.66597],[-84.54163,36.66615],[-84.54364,36.66471],[-84.54544,36.66471],[-84.54566,36.66975],[-84.54387,36.67101],[-84.54252,36.67281],[-84.53983,36.67443],[-84.53647,36.67425],[-84.5349,36.67461],[-84.53265,36.67317],[-84.52929,36.67281],[-84.52884,36.67227],[-84.52906,36.67119],[-84.52862,36.67083],[-84.52749,36.67083],[-84.52772,36.66939],[-84.52705,36.66885],[-84.52525,36.66849],[-84.52525,36.66795],[-84.52772,36.66633],[-84.52772,36.66291],[-84.52906,36.66147],[-84.52862,36.66039],[-84.52862,36.65841],[-84.52705,36.65697],[-84.5266,36.65553],[-84.52817,36.65571],[-84.52951,36.65643],[-84.53063,36.65643],[-84.53377,36.65481],[-84.5349,36.65355],[-84.53736,36.65283],[-84.53602,36.65139],[-84.53624,36.64995],[-84.53467,36.64779],[-84.53445,36.64635],[-84.5331,36.64509],[-84.53153,36.64437],[-84.53176,36.64329],[-84.53265,36.64293],[-84.53333,36.64203],[-84.53288,36.63933],[-84.53422,36.63807],[-84.53445,36.63699],[-84.53243,36.63573],[-84.52996,36.63303],[-84.52547,36.63231],[-84.52525,36.63195],[-84.52547,36.63069],[-84.52951,36.62979],[-84.52996,36.62943],[-84.53086,36.62763],[-84.53019,36.62547],[-84.53086,36.62385],[-84.53265,36.62295],[-84.53333,36.62295],[-84.53534,36.62475],[-84.53893,36.62349],[-84.5432,36.62349],[-84.54544,36.62205],[-84.54589,36.62115],[-84.54813,36.62223],[-84.54993,36.62061],[-84.55105,36.62079],[-84.55172,36.62187],[-84.55508,36.62151],[-84.5571,36.62223],[-84.55823,36.62223],[-84.55912,36.62169],[-84.55912,36.62097],[-84.56069,36.61953],[-84.56181,36.61971],[-84.56294,36.62133],[-84.56518,36.61971],[-84.5672,36.61935],[-84.56967,36.62151],[-84.57124,36.62169],[-84.57258,36.62133],[-84.57303,36.61971],[-84.57393,36.61935],[-84.5746,36.62043],[-84.57617,36.62169],[-84.57841,36.62223],[-84.58021,36.62205],[-84.58155,36.61971],[-84.58268,36.61953],[-84.58425,36.62151],[-84.58537,36.62151],[-84.59053,36.61647],[-84.59008,36.61539],[-84.59053,36.61413],[-84.59008,36.61125],[-84.58828,36.60981],[-84.58739,36.60837],[-84.58739,36.60729],[-84.58873,36.60603],[-84.59165,36.60603],[-84.59232,36.60513],[-84.59524,36.60297],[-84.59636,36.60243],[-84.5986,36.60225],[-84.59927,36.60135],[-84.5995,36.59865],[-84.60757,36.59901]]]]},"properties":{"kind":"2fer","acres":2577,"areas":["Big South Fork National River and Recreation Area","Big South Fork Wild River"],"types":["Public hunting area","Wild River (State)"],"pota":[["US-0686","Big South Fork National Recreation Area"],["US-10107","Big South Fork National Wild and Scenic River"]],"kff":[],"sota":[]}},{"type":"Feature","geometry":{"type":"MultiPolygon","coordinates":[[[[-84.34445,36.69766],[-84.34445,36.6982],[-84.34356,36.69928],[-84.34064,36.69892],[-84.33997,36.69946],[-84.33997,36.70072],[-84.33884,36.70396],[-84.33638,36.70486],[-84.33593,36.7054],[-84.33772,36.7063],[-84.33839,36.70774],[-84.34109,36.70864],[-84.34109,36.70918],[-84.34019,36.70972],[-84.33929,36.71116],[-84.33772,36.7117],[-84.33346,36.71008],[-84.33301,36.71044],[-84.33323,36.71188],[-84.33054,36.71188],[-84.32785,36.7063],[-84.32785,36.70558],[-84.32875,36.70504],[-84.32852,36.70288],[-84.32919,36.69874],[-84.32987,36.69766],[-84.33054,36.69766],[-84.33077,36.69802],[-84.33211,36.69784],[-84.33346,36.69604],[-84.33503,36.69496],[-84.3357,36.69496],[-84.33727,36.69748],[-84.33817,36.69658],[-84.33862,36.69658],[-84.33884,36.69694],[-84.34086,36.69676],[-84.34131,36.6973],[-84.34445,36.69766]],[[-84.33772,36.70252],[-84.33705,36.70324],[-84.3375,36.7036],[-84.33839,36.70306],[-84.33772,36.70252]]],[[[-84.23472,36.6568],[-84.23832,36.66184],[-84.23899,36.66346],[-84.23517,36.6649],[-84.23248,36.66724],[-84.23405,36.66742],[-84.2345,36.66958],[-84.23293,36.66886],[-84.23091,36.66958],[-84.23158,36.67354],[-84.23226,36.67354],[-84.23674,36.67138],[-84.23899,36.67174],[-84.24056,36.67282],[-84.24146,36.67264],[-84.24146,36.67498],[-84.2428,36.67606],[-84.2446,36.6784],[-84.24527,36.68038],[-84.24325,36.6802],[-84.24235,36.68146],[-84.24078,36.68182],[-84.23742,36.6811],[-84.23674,36.68056],[-84.23315,36.68128],[-84.23024,36.68128],[-84.22822,36.68002],[-84.22844,36.67912],[-84.22777,36.6784],[-84.22822,36.67642],[-84.22799,36.67516],[-84.22395,36.67606],[-84.22149,36.67516],[-84.22036,36.67714],[-84.21991,36.67714],[-84.21969,36.6748],[-84.2179,36.67372],[-84.217,36.67246],[-84.21543,36.67228],[-84.21206,36.67426],[-84.21296,36.6757],[-84.21139,36.67588],[-84.21071,36.67534],[-84.2078,36.6775],[-84.20757,36.6793],[-84.20645,36.6811],[-84.21273,36.68398],[-84.21363,36.68362],[-84.21386,36.68722],[-84.21588,36.68416],[-84.21632,36.68416],[-84.21677,36.68452],[-84.217,36.6883],[-84.21745,36.68938],[-84.21969,36.68704],[-84.21991,36.68614],[-84.22485,36.68686],[-84.22642,36.69586],[-84.2253,36.69604],[-84.22373,36.6955],[-84.22238,36.6964],[-84.22283,36.6973],[-84.22238,36.69892],[-84.22261,36.7063],[-84.22328,36.7072],[-84.22261,36.70954],[-84.22351,36.7108],[-84.22552,36.70882],[-84.22642,36.70918],[-84.22687,36.709],[-84.22867,36.70522],[-84.22844,36.7045],[-84.22889,36.7027],[-84.23001,36.70162],[-84.23024,36.69676],[-84.23158,36.69586],[-84.22956,36.69478],[-84.22956,36.69424],[-84.23069,36.69298],[-84.23069,36.6919],[-84.23113,36.69136],[-84.23091,36.69046],[-84.23203,36.69028],[-84.23158,36.68848],[-84.23293,36.68848],[-84.23495,36.68992],[-84.2354,36.69172],[-84.23674,36.69316],[-84.23652,36.69964],[-84.23697,36.69964],[-84.23876,36.70126],[-84.23921,36.7009],[-84.24011,36.69676],[-84.24078,36.69586],[-84.24056,36.69496],[-84.24123,36.69496],[-84.24168,36.69568],[-84.24123,36.6973],[-84.24392,36.69748],[-84.2437,36.69856],[-84.24235,36.70072],[-84.24235,36.70396],[-84.24415,36.70396],[-84.24527,36.70342],[-84.24639,36.70432],[-84.24729,36.70288],[-84.24909,36.7027],[-84.24998,36.70126],[-84.25133,36.70072],[-84.25178,36.7],[-84.2529,36.7],[-84.25447,36.70054],[-84.25268,36.7027],[-84.25268,36.7045],[-84.25582,36.70576],[-84.25582,36.70666],[-84.25155,36.70522],[-84.24909,36.7081],[-84.24684,36.70846],[-84.2455,36.70756],[-84.2446,36.70756],[-84.24348,36.709],[-84.24594,36.7126],[-84.24572,36.71386],[-84.24617,36.71494],[-84.24594,36.71548],[-84.24325,36.71512],[-84.24325,36.72016],[-84.2455,36.72124],[-84.24594,36.72286],[-84.24572,36.72358],[-84.24796,36.72556],[-84.24796,36.72628],[-84.24572,36.72682],[-84.24505,36.72592],[-84.24348,36.72628],[-84.24235,36.72556],[-84.24078,36.72538],[-84.24033,36.72376],[-84.23832,36.72376],[-84.23674,36.72322],[-84.23495,36.72178],[-84.23428,36.72034],[-84.23226,36.71962],[-84.23181,36.72034],[-84.22889,36.7225],[-84.23001,36.7243],[-84.23001,36.72484],[-84.22889,36.72592],[-84.22889,36.73042],[-84.2271,36.73078],[-84.2262,36.7279],[-84.22665,36.72628],[-84.22552,36.72574],[-84.22418,36.72628],[-84.22238,36.72916],[-84.22306,36.7315],[-84.22261,36.7315],[-84.21924,36.72826],[-84.21969,36.72682],[-84.21947,36.7234],[-84.22036,36.72268],[-84.22059,36.7216],[-84.22171,36.72016],[-84.22306,36.71926],[-84.22104,36.7144],[-84.22104,36.71368],[-84.22261,36.7117],[-84.22171,36.70972],[-84.22104,36.70954],[-84.22036,36.71044],[-84.22104,36.71116],[-84.22104,36.71188],[-84.22036,36.71242],[-84.21969,36.71224],[-84.21924,36.71116],[-84.21408,36.71242],[-84.21341,36.71008],[-84.21453,36.709],[-84.21475,36.7081],[-84.2143,36.70594],[-84.21341,36.7054],[-84.21296,36.70396],[-84.21161,36.70468],[-84.20914,36.70432],[-84.20847,36.7036],[-84.20623,36.70414],[-84.20466,36.7027],[-84.20264,36.70252],[-84.20129,36.7027],[-84.20039,36.7036],[-84.20039,36.70432],[-84.19837,36.70396],[-84.19725,36.7027],[-84.19456,36.70432],[-84.18895,36.70504],[-84.18828,36.7054],[-84.18738,36.71152],[-84.18738,36.71692],[-84.18872,36.71818],[-84.1894,36.72016],[-84.19029,36.72052],[-84.19097,36.7216],[-84.19142,36.72412],[-84.19029,36.72412],[-84.18805,36.72322],[-84.18132,36.72358],[-84.17863,36.72502],[-84.17795,36.72502],[-84.18356,36.71512],[-84.18491,36.7072],[-84.18132,36.70648],[-84.1802,36.70666],[-84.18065,36.70882],[-84.18042,36.71134],[-84.17818,36.7144],[-84.16628,36.72142],[-84.16696,36.71746],[-84.16853,36.71458],[-84.16853,36.71152],[-84.16561,36.71098],[-84.16471,36.71152],[-84.16135,36.71152],[-84.16,36.71224],[-84.15843,36.71224],[-84.15641,36.71062],[-84.15529,36.71116],[-84.15506,36.71026],[-84.15596,36.70954],[-84.15282,36.70684],[-84.15282,36.70594],[-84.15529,36.70468],[-84.15551,36.70378],[-84.15753,36.70306],[-84.15978,36.70288],[-84.16247,36.70324],[-84.16471,36.70198],[-84.16539,36.70126],[-84.16561,36.70018],[-84.16382,36.69802],[-84.16112,36.69604],[-84.15933,36.69532],[-84.15664,36.69604],[-84.15305,36.6964],[-84.15237,36.69676],[-84.15215,36.69856],[-84.14833,36.70162],[-84.14631,36.70054],[-84.14452,36.6991],[-84.14452,36.69874],[-84.14586,36.69748],[-84.14721,36.69694],[-84.14901,36.69712],[-84.14923,36.6964],[-84.15147,36.69604],[-84.15103,36.69316],[-84.15192,36.69334],[-84.15417,36.69298],[-84.15484,36.69388],[-84.15551,36.69316],[-84.15619,36.69316],[-84.15731,36.69388],[-84.15821,36.69244],[-84.15888,36.69226],[-84.16763,36.6973],[-84.16786,36.69694],[-84.16741,36.69568],[-84.16786,36.6955],[-84.16741,36.69316],[-84.1692,36.69334],[-84.17077,36.69442],[-84.17234,36.69424],[-84.17369,36.69208],[-84.17414,36.68974],[-84.1683,36.68614],[-84.16763,36.68632],[-84.16628,36.68506],[-84.16449,36.68488],[-84.16359,36.68416],[-84.16337,36.68308],[-84.16157,36.68218],[-84.16247,36.68002],[-84.16359,36.6802],[-84.16426,36.67984],[-84.16494,36.68038],[-84.16539,36.6802],[-84.16516,36.67912],[-84.16561,36.67858],[-84.16628,36.67858],[-84.16741,36.68038],[-84.16741,36.682],[-84.16943,36.68308],[-84.171,36.68452],[-84.1802,36.68506],[-84.18042,36.68542],[-84.18491,36.68236],[-84.18065,36.67642],[-84.1784,36.67444],[-84.17504,36.673],[-84.17436,36.67336],[-84.17212,36.67318],[-84.17212,36.67246],[-84.17369,36.67012],[-84.17391,36.66868],[-84.17795,36.66994],[-84.1784,36.6685],[-84.17773,36.66454],[-84.17885,36.66418],[-84.1793,36.66364],[-84.18177,36.66382],[-84.18356,36.66436],[-84.18446,36.664],[-84.18334,36.66256],[-84.1867,36.66256],[-84.18693,36.6622],[-84.18738,36.6622],[-84.18895,36.66454],[-84.19097,36.66328],[-84.19254,36.6631],[-84.19366,36.66346],[-84.19613,36.66256],[-84.19792,36.66292],[-84.1986,36.66346],[-84.20017,36.66292],[-84.20084,36.65932],[-84.20241,36.65842],[-84.20825,36.6586],[-84.2078,36.66058],[-84.21139,36.66274],[-84.21094,36.66472],[-84.21161,36.6649],[-84.21745,36.66274],[-84.21475,36.66184],[-84.21318,36.66202],[-84.21341,36.66094],[-84.2179,36.6559],[-84.22081,36.65608],[-84.22104,36.65662],[-84.2244,36.65698],[-84.22351,36.66148],[-84.22754,36.66382],[-84.22979,36.6658],[-84.23607,36.66112],[-84.23383,36.65842],[-84.23383,36.65752],[-84.23428,36.6568],[-84.23472,36.6568]],[[-84.24191,36.7189],[-84.24101,36.71926],[-84.24101,36.7207],[-84.2428,36.72052],[-84.2428,36.7198],[-84.24191,36.7189]],[[-84.17526,36.70414],[-84.17391,36.70216],[-84.17032,36.70198],[-84.16539,36.70594],[-84.16494,36.70594],[-84.16471,36.70486],[-84.16382,36.70432],[-84.16247,36.70468],[-84.15776,36.70432],[-84.15686,36.70486],[-84.15708,36.70684],[-84.15641,36.7081],[-84.15888,36.70864],[-84.16561,36.70882],[-84.1692,36.70594],[-84.17234,36.7054],[-84.17526,36.70576],[-84.17526,36.70414]],[[-84.19142,36.6676],[-84.19209,36.66868],[-84.19882,36.67282],[-84.19994,36.6712],[-84.19613,36.66796],[-84.19523,36.66634],[-84.19142,36.6676]]],[[[-84.20735,36.6352],[-84.20735,36.63592],[-84.20555,36.63592],[-84.20488,36.63646],[-84.20735,36.64006],[-84.20735,36.6406],[-84.20623,36.64042],[-84.20533,36.64096],[-84.20443,36.64042],[-84.20174,36.6406],[-84.20151,36.6424],[-84.20264,36.6478],[-84.19837,36.64852],[-84.19703,36.65104],[-84.19456,36.6514],[-84.19344,36.65068],[-84.18872,36.65086],[-84.18356,36.65284],[-84.1802,36.65284],[-84.17818,36.65248],[-84.17526,36.65302],[-84.17347,36.65374],[-84.17077,36.65356],[-84.16853,36.65392],[-84.16786,36.65212],[-84.16494,36.65212],[-84.16449,36.65176],[-84.1618,36.65194],[-84.1618,36.64996],[-84.16247,36.64798],[-84.16382,36.64816],[-84.16494,36.64744],[-84.16561,36.64744],[-84.16628,36.64816],[-84.16718,36.64816],[-84.16741,36.64888],[-84.16696,36.64924],[-84.16786,36.64978],[-84.16987,36.64996],[-84.17369,36.6523],[-84.17481,36.65212],[-84.17504,36.65122],[-84.17436,36.64978],[-84.17189,36.6478],[-84.16898,36.6469],[-84.16898,36.64654],[-84.17391,36.64618],[-84.17638,36.64708],[-84.17661,36.6469],[-84.17593,36.64618],[-84.1775,36.64456],[-84.17952,36.6433],[-84.18087,36.6433],[-84.18222,36.6451],[-84.18311,36.64366],[-84.18424,36.64276],[-84.18603,36.64384],[-84.18715,36.64384],[-84.19097,36.64024],[-84.18985,36.63952],[-84.18828,36.63934],[-84.18895,36.6379],[-84.19052,36.63718],[-84.19007,36.63556],[-84.18715,36.6343],[-84.18513,36.63466],[-84.18311,36.6343],[-84.18222,36.63466],[-84.18042,36.63466],[-84.18042,36.63412],[-84.18872,36.63124],[-84.19119,36.6307],[-84.19097,36.63142],[-84.19187,36.63268],[-84.19164,36.63466],[-84.19815,36.63934],[-84.20241,36.6388],[-84.20286,36.63844],[-84.20196,36.6361],[-84.19882,36.63466],[-84.19725,36.63304],[-84.19635,36.63034],[-84.19478,36.6289],[-84.19523,36.62818],[-84.19613,36.62818],[-84.19613,36.6289],[-84.1968,36.62962],[-84.19815,36.62944],[-84.19972,36.63124],[-84.20062,36.63142],[-84.20241,36.63304],[-84.20533,36.63376],[-84.20735,36.6352]]],[[[-84.1526,36.59776],[-84.15484,36.60388],[-84.15484,36.60514],[-84.1517,36.60946],[-84.15103,36.60928],[-84.14586,36.6118],[-84.14407,36.61234],[-84.14272,36.61216],[-84.1425,36.61378],[-84.14115,36.61378],[-84.14048,36.61342],[-84.13981,36.6145],[-84.13868,36.61468],[-84.13846,36.61216],[-84.13801,36.61198],[-84.13756,36.6109],[-84.13599,36.61],[-84.13487,36.61072],[-84.13442,36.61072],[-84.13397,36.61],[-84.1333,36.6136],[-84.1324,36.61306],[-84.13105,36.61306],[-84.13016,36.61252],[-84.12881,36.61234],[-84.12791,36.61126],[-84.12657,36.61072],[-84.12702,36.60856],[-84.12544,36.6082],[-84.12544,36.60784],[-84.12791,36.6055],[-84.12836,36.6055],[-84.12904,36.60622],[-84.13105,36.60496],[-84.13195,36.60514],[-84.13218,36.60442],[-84.13352,36.60388],[-84.13801,36.60478],[-84.13891,36.6046],[-84.13622,36.60208],[-84.13599,36.6001],[-84.13756,36.60028],[-84.13891,36.59956],[-84.14183,36.59956],[-84.13936,36.59722],[-84.13936,36.59668],[-84.14115,36.59614],[-84.14205,36.59686],[-84.1434,36.59596],[-84.14452,36.59596],[-84.14631,36.5965],[-84.14654,36.59434],[-84.14811,36.59452],[-84.14833,36.5956],[-84.14923,36.5956],[-84.14923,36.5965],[-84.14968,36.59686],[-84.1526,36.59776]]]]},"properties":{"kind":"2fer","acres":10462,"areas":["University of the Cumberlands WMA","Daniel Boone National Forest"],"types":["Wildlife Management Area","National Forest"],"pota":[["US-12083","University of the Cumberlands Wildlife Management Area"],["US-4484","Daniel Boone National Forest"]],"kff":[["KFF-4511","Daniel Boone"],["KFF-6873","William H. Martin"]],"sota":[]}},{"type":"Feature","geometry":{"type":"MultiPolygon","coordinates":[[[[-83.46997,38.07104],[-83.47134,38.07104],[-83.4718,38.0705],[-83.47912,38.06996],[-83.48094,38.06942],[-83.48232,38.06942],[-83.48323,38.0705],[-83.48415,38.07032],[-83.48597,38.07122],[-83.48849,38.07014],[-83.49009,38.0714],[-83.49238,38.07158],[-83.49626,38.07464],[-83.49718,38.07482],[-83.49741,38.07572],[-83.49512,38.07572],[-83.49443,38.07644],[-83.49283,38.07644],[-83.49055,38.0759],[-83.49032,38.07464],[-83.48872,38.07446],[-83.48712,38.07374],[-83.4862,38.07428],[-83.4862,38.07464],[-83.48552,38.07464],[-83.48415,38.07338],[-83.48346,38.07446],[-83.483,38.07446],[-83.48254,38.07374],[-83.48094,38.07428],[-83.48003,38.07338],[-83.47934,38.07392],[-83.47706,38.0741],[-83.47591,38.07392],[-83.47637,38.07284],[-83.47614,38.07248],[-83.4718,38.07338],[-83.4702,38.0723],[-83.46997,38.07104]]]]},"properties":{"kind":"2fer","acres":231,"areas":["Zilpo Campground","Daniel Boone National Forest"],"types":["Public hunting area","National Forest"],"pota":[["US-10171","Zilpo Campground Wildlife Management Area"],["US-4484","Daniel Boone National Forest"]],"kff":[["KFF-4511","Daniel Boone"],["KFF-6873","William H. Martin"]],"sota":[]}},{"type":"Feature","geometry":{"type":"MultiPolygon","coordinates":[[[[-83.69762,37.14534],[-83.69875,37.14534],[-83.7001,37.14714],[-83.70033,37.1511],[-83.70394,37.14876],[-83.7062,37.14642],[-83.70688,37.14642],[-83.70801,37.14768],[-83.70891,37.14768],[-83.71027,37.14696],[-83.71343,37.15002],[-83.71479,37.1502],[-83.71524,37.15092],[-83.71524,37.15164],[-83.71275,37.15326],[-83.71366,37.15506],[-83.7132,37.15758],[-83.71388,37.15848],[-83.71388,37.15938],[-83.7132,37.16046],[-83.7123,37.161],[-83.71185,37.16208],[-83.71162,37.16424],[-83.7123,37.1655],[-83.71253,37.16712],[-83.70733,37.17126],[-83.70349,37.17072],[-83.70304,37.17108],[-83.70169,37.1709],[-83.69988,37.17162],[-83.69852,37.17144],[-83.69739,37.17198],[-83.69649,37.17198],[-83.69604,37.17036],[-83.69265,37.17054],[-83.6922,37.17036],[-83.6922,37.16874],[-83.6931,37.16586],[-83.69197,37.16496],[-83.68949,37.1646],[-83.68791,37.16352],[-83.68813,37.16262],[-83.68972,37.16226],[-83.68949,37.1601],[-83.69107,37.15668],[-83.69084,37.15452],[-83.69152,37.15344],[-83.69017,37.15218],[-83.69039,37.14876],[-83.69197,37.14822],[-83.69355,37.14714],[-83.69536,37.14732],[-83.69649,37.14696],[-83.69762,37.14534]]]]},"properties":{"kind":"2fer","acres":1259,"areas":["Burchell-Beech Creek WMA","Daniel Boone National Forest"],"types":["Wildlife Management Area","National Forest"],"pota":[["US-3799","Burchell-Beech Wildlife Management Area"],["US-4484","Daniel Boone National Forest"]],"kff":[["KFF-3799","Burchell-Beech"],["KFF-4511","Daniel Boone"],["KFF-6873","William H. Martin"]],"sota":[]}},{"type":"Feature","geometry":{"type":"MultiPolygon","coordinates":[[[[-84.28589,36.99782],[-84.28702,36.99836],[-84.28837,37.00052],[-84.28792,37.00664],[-84.29063,37.0106],[-84.29176,37.01114],[-84.29446,37.01096],[-84.29627,37.01168],[-84.29784,37.01276],[-84.29649,37.0142],[-84.29852,37.01564],[-84.30078,37.01384],[-84.30213,37.01384],[-84.30303,37.01438],[-84.30461,37.01672],[-84.30619,37.0169],[-84.30777,37.01654],[-84.3134,37.01834],[-84.31566,37.01942],[-84.31566,37.02122],[-84.31476,37.02284],[-84.31092,37.0241],[-84.31002,37.025],[-84.30889,37.02698],[-84.30777,37.03166],[-84.30619,37.03436],[-84.3028,37.0385],[-84.3028,37.04066],[-84.30371,37.04102],[-84.30326,37.04264],[-84.30867,37.04498],[-84.30777,37.0484],[-84.30574,37.0511],[-84.30483,37.05146],[-84.3019,37.05398],[-84.29852,37.05506],[-84.29672,37.05488],[-84.29559,37.05434],[-84.29469,37.05434],[-84.29311,37.05344],[-84.2904,37.0529],[-84.2886,37.05326],[-84.28522,37.0556],[-84.28386,37.05776],[-84.28251,37.05902],[-84.28251,37.06172],[-84.28206,37.06298],[-84.28229,37.06406],[-84.28183,37.06496],[-84.28229,37.06712],[-84.28183,37.06802],[-84.2771,37.06856],[-84.27665,37.06928],[-84.27597,37.06928],[-84.27484,37.07036],[-84.27304,37.07018],[-84.27214,37.06946],[-84.27214,37.06874],[-84.27327,37.0673],[-84.27259,37.06496],[-84.27169,37.0637],[-84.26785,37.0637],[-84.26695,37.06424],[-84.26605,37.06424],[-84.26132,37.06226],[-84.26132,37.05686],[-84.26199,37.05488],[-84.26289,37.05398],[-84.26289,37.05326],[-84.26515,37.05092],[-84.26492,37.04912],[-84.2656,37.0484],[-84.2656,37.0448],[-84.26515,37.0439],[-84.26582,37.04264],[-84.25929,37.04174],[-84.25861,37.04264],[-84.25793,37.04264],[-84.25703,37.04138],[-84.25545,37.04156],[-84.2532,37.03976],[-84.25139,37.03886],[-84.25027,37.03958],[-84.24959,37.03958],[-84.24936,37.03904],[-84.25162,37.03706],[-84.25207,37.03364],[-84.25139,37.03328],[-84.24305,37.03184],[-84.24328,37.03094],[-84.2417,37.02968],[-84.2408,37.02608],[-84.24125,37.025],[-84.24418,37.02392],[-84.24846,37.02158],[-84.25004,37.02032],[-84.25703,37.01042],[-84.26041,37.01042],[-84.26244,37.01006],[-84.2665,37.01024],[-84.26785,37.00988],[-84.26921,37.0088],[-84.27372,37.00178],[-84.27462,37.00106],[-84.27778,37.00052],[-84.28048,36.99854],[-84.28274,36.99854],[-84.28431,36.99782],[-84.28589,36.99782]],[[-84.26605,37.0421],[-84.26582,37.04246],[-84.26628,37.04264],[-84.2665,37.04246],[-84.26605,37.0421]],[[-84.27642,37.03814],[-84.27597,37.0376],[-84.2753,37.03778],[-84.27552,37.0385],[-84.2762,37.0385],[-84.27642,37.03814]],[[-84.28161,37.01276],[-84.27981,37.01348],[-84.278,37.01654],[-84.28026,37.01744],[-84.28003,37.01798],[-84.28251,37.01906],[-84.28274,37.0196],[-84.28454,37.01852],[-84.28567,37.01582],[-84.28431,37.01474],[-84.28341,37.01456],[-84.28341,37.0142],[-84.28161,37.01276]]]]},"properties":{"kind":"2fer","acres":6697,"areas":["Cane Creek WMA","Daniel Boone National Forest"],"types":["Wildlife Management Area","National Forest"],"pota":[["US-10121","Cane Creek Wildlife Management Area"],["US-4484","Daniel Boone National Forest"]],"kff":[["KFF-7270","Cane Creek"],["KFF-4511","Daniel Boone"],["KFF-6873","William H. Martin"]],"sota":[]}},{"type":"Feature","geometry":{"type":"MultiPolygon","coordinates":[[[[-84.30821,37.03021],[-84.30618,37.03435],[-84.3028,37.03849],[-84.3028,37.04065],[-84.3037,37.04101],[-84.30325,37.04263],[-84.30416,37.04299],[-84.30416,37.04335],[-84.30325,37.04353],[-84.30213,37.04281],[-84.30077,37.04263],[-84.29942,37.04173],[-84.29716,37.04191],[-84.29716,37.04101],[-84.29897,37.04083],[-84.30077,37.04011],[-84.30077,37.03723],[-84.30438,37.03273],[-84.30596,37.02985],[-84.30821,37.03021]]]]},"properties":{"kind":"2fer","acres":104,"areas":["Cane Creek WMA","Rockcastle River Wild River"],"types":["Wildlife Management Area","Wild River (State)"],"pota":[["US-10121","Cane Creek Wildlife Management Area"],["US-10106","The Rockcastle National Wild and Scenic River"]],"kff":[["KFF-7270","Cane Creek"]],"sota":[]}},{"type":"Feature","geometry":{"type":"MultiPolygon","coordinates":[[[[-84.4789,36.83468],[-84.4798,36.83558],[-84.47912,36.83738],[-84.47912,36.83864],[-84.48115,36.84188],[-84.48317,36.84386],[-84.4843,36.84584],[-84.48993,36.85016],[-84.49038,36.85088],[-84.4888,36.85412],[-84.4888,36.85502],[-84.48993,36.85718],[-84.4879,36.8588],[-84.48722,36.86366],[-84.4861,36.86402],[-84.48722,36.86438],[-84.48677,36.8669],[-84.48745,36.86708],[-84.48858,36.86816],[-84.48858,36.8687],[-84.48767,36.86924],[-84.48925,36.87104],[-84.49038,36.8705],[-84.49015,36.87158],[-84.48903,36.87284],[-84.4906,36.87356],[-84.49173,36.875],[-84.49285,36.87536],[-84.49263,36.87626],[-84.4906,36.87806],[-84.48948,36.88022],[-84.4915,36.88112],[-84.4933,36.87824],[-84.4951,36.87788],[-84.49533,36.88184],[-84.49375,36.88958],[-84.49398,36.893],[-84.49488,36.89624],[-84.4924,36.89696],[-84.49128,36.89768],[-84.48948,36.89714],[-84.4861,36.8975],[-84.48542,36.89714],[-84.47845,36.89696],[-84.4771,36.8966],[-84.47665,36.89696],[-84.4762,36.89912],[-84.47507,36.90002],[-84.47327,36.90074],[-84.47282,36.90254],[-84.47057,36.9047],[-84.46832,36.9056],[-84.46269,36.90578],[-84.46157,36.90632],[-84.46134,36.90758],[-84.46044,36.90884],[-84.45841,36.90938],[-84.45751,36.91046],[-84.45684,36.91226],[-84.45684,36.91388],[-84.45549,36.9155],[-84.45571,36.91658],[-84.45526,36.91766],[-84.45391,36.91892],[-84.45301,36.92072],[-84.45324,36.9218],[-84.45481,36.92252],[-84.45481,36.92396],[-84.45369,36.9254],[-84.45324,36.9272],[-84.45144,36.9299],[-84.44919,36.9299],[-84.44761,36.93062],[-84.44761,36.93314],[-84.44829,36.93404],[-84.44806,36.93584],[-84.44851,36.93638],[-84.44851,36.93692],[-84.44739,36.93836],[-84.44784,36.93998],[-84.44468,36.94034],[-84.44423,36.94088],[-84.44446,36.94196],[-84.44378,36.94268],[-84.43883,36.94502],[-84.43591,36.94574],[-84.43546,36.9461],[-84.43591,36.94736],[-84.43275,36.9497],[-84.42735,36.95078],[-84.4215,36.94808],[-84.42173,36.947],[-84.42375,36.94484],[-84.42285,36.94358],[-84.42128,36.94376],[-84.41745,36.94268],[-84.41565,36.94538],[-84.41587,36.94628],[-84.40597,36.9479],[-84.40484,36.94772],[-84.40417,36.94664],[-84.40372,36.94718],[-84.40372,36.94808],[-84.40259,36.94844],[-84.39719,36.9488],[-84.39404,36.94934],[-84.39337,36.9488],[-84.39292,36.9497],[-84.38684,36.9506],[-84.38571,36.95114],[-84.38481,36.95096],[-84.38414,36.95168],[-84.37964,36.95348],[-84.37333,36.95852],[-84.37018,36.96014],[-84.36793,36.96194],[-84.36658,36.96212],[-84.36591,36.96176],[-84.3641,36.96176],[-84.3605,36.95996],[-84.35915,36.95888],[-84.35893,36.95798],[-84.36073,36.95492],[-84.36343,36.9533],[-84.36478,36.95312],[-84.36523,36.95222],[-84.36838,36.95096],[-84.36951,36.9497],[-84.36996,36.94808],[-84.36973,36.94538],[-84.36883,36.94484],[-84.36816,36.94322],[-84.37018,36.94124],[-84.37018,36.93962],[-84.37131,36.938],[-84.37153,36.93656],[-84.37356,36.93458],[-84.37378,36.93386],[-84.37851,36.93188],[-84.37874,36.93044],[-84.38076,36.93008],[-84.38391,36.92828],[-84.38639,36.92774],[-84.38841,36.92684],[-84.38931,36.92684],[-84.39111,36.92774],[-84.39201,36.92774],[-84.39314,36.9272],[-84.39449,36.92738],[-84.39584,36.92792],[-84.39674,36.929],[-84.39787,36.92684],[-84.39742,36.92198],[-84.39652,36.92108],[-84.39404,36.92036],[-84.39134,36.91856],[-84.39111,36.91496],[-84.39337,36.9119],[-84.39472,36.91082],[-84.39562,36.90758],[-84.39742,36.90542],[-84.39742,36.90182],[-84.39944,36.90038],[-84.40057,36.90002],[-84.40507,36.89984],[-84.40597,36.89804],[-84.41137,36.89534],[-84.41452,36.89588],[-84.41497,36.8957],[-84.41497,36.89318],[-84.40597,36.8867],[-84.40507,36.88526],[-84.40372,36.88508],[-84.40372,36.88292],[-84.40169,36.8804],[-84.40057,36.87968],[-84.40124,36.87842],[-84.40282,36.87752],[-84.40349,36.87644],[-84.40462,36.87626],[-84.40687,36.87662],[-84.40867,36.8786],[-84.40935,36.8786],[-84.41047,36.8777],[-84.41227,36.87698],[-84.41407,36.8768],[-84.41542,36.8759],[-84.41677,36.87572],[-84.41812,36.8741],[-84.42105,36.87248],[-84.42173,36.87122],[-84.42128,36.86978],[-84.42465,36.86636],[-84.42533,36.86474],[-84.42533,36.8633],[-84.42488,36.86258],[-84.4233,36.86168],[-84.4233,36.86078],[-84.42578,36.85898],[-84.42668,36.85736],[-84.42825,36.85826],[-84.4314,36.86258],[-84.43411,36.86456],[-84.43546,36.86618],[-84.43546,36.86708],[-84.43681,36.86744],[-84.43748,36.86636],[-84.44018,36.8642],[-84.43591,36.86042],[-84.43366,36.85952],[-84.43433,36.85844],[-84.43568,36.85844],[-84.43658,36.857],[-84.44153,36.85322],[-84.44423,36.85376],[-84.44581,36.85286],[-84.44739,36.8525],[-84.44851,36.85106],[-84.44964,36.85034],[-84.45076,36.84998],[-84.45324,36.84998],[-84.45459,36.84944],[-84.45549,36.84764],[-84.45751,36.84512],[-84.45751,36.84206],[-84.46157,36.83918],[-84.46292,36.83882],[-84.46494,36.839],[-84.46652,36.83828],[-84.47147,36.8372],[-84.47237,36.83648],[-84.47394,36.83324],[-84.47462,36.83324],[-84.47575,36.83432],[-84.478,36.83432],[-84.4789,36.83468]],[[-84.39314,36.91604],[-84.39292,36.91676],[-84.39337,36.91766],[-84.39562,36.91838],[-84.39629,36.91802],[-84.39697,36.91694],[-84.39494,36.91586],[-84.39314,36.91604]],[[-84.45414,36.87482],[-84.45324,36.87608],[-84.45346,36.8777],[-84.45481,36.87842],[-84.45684,36.87662],[-84.45414,36.87482]],[[-84.44041,36.86816],[-84.44153,36.86978],[-84.44378,36.8714],[-84.44581,36.87176],[-84.44874,36.8705],[-84.44851,36.86852],[-84.44581,36.8669],[-84.44266,36.86708],[-84.44041,36.86816]],[[-84.47417,36.86078],[-84.47214,36.86078],[-84.47124,36.86384],[-84.47237,36.86456],[-84.47372,36.86348],[-84.47439,36.86132],[-84.47417,36.86078]],[[-84.47327,36.84296],[-84.47282,36.84278],[-84.46809,36.84386],[-84.46787,36.8444],[-84.46832,36.84602],[-84.46562,36.84728],[-84.46809,36.84836],[-84.47327,36.84296]]]]},"properties":{"kind":"2fer","acres":17780,"areas":["Beaver Creek WMA","Daniel Boone National Forest"],"types":["Wildlife Management Area","National Forest"],"pota":[["US-3794","Beaver Creek Wildlife Management Area"],["US-4484","Daniel Boone National Forest"]],"kff":[["KFF-3794","Beaver Creek"],["KFF-4511","Daniel Boone"],["KFF-6873","William H. Martin"]],"sota":[]}},{"type":"Feature","geometry":{"type":"MultiPolygon","coordinates":[[[[-84.31634,37.08482],[-84.31679,37.08482],[-84.3186,37.08788],[-84.32334,37.08968],[-84.32627,37.08752],[-84.32695,37.08752],[-84.32921,37.0886],[-84.32921,37.08932],[-84.32718,37.09238],[-84.32785,37.09418],[-84.3274,37.0958],[-84.32921,37.09778],[-84.33259,37.09688],[-84.33463,37.0967],[-84.33733,37.09994],[-84.33937,37.1012],[-84.34162,37.1012],[-84.34207,37.10066],[-84.3423,37.09904],[-84.34343,37.09904],[-84.34388,37.10084],[-84.34275,37.10606],[-84.3414,37.10732],[-84.34185,37.1075],[-84.34456,37.1066],[-84.34817,37.10714],[-84.35088,37.11452],[-84.35155,37.11542],[-84.3581,37.11272],[-84.35923,37.1129],[-84.36013,37.11362],[-84.36013,37.11416],[-84.35945,37.11434],[-84.35923,37.11488],[-84.36103,37.11758],[-84.36103,37.11812],[-84.3581,37.12064],[-84.36397,37.12424],[-84.3651,37.12406],[-84.36465,37.12874],[-84.36058,37.13576],[-84.35584,37.1363],[-84.3502,37.13522],[-84.34478,37.13144],[-84.34478,37.1309],[-84.34569,37.12982],[-84.34546,37.12838],[-84.34817,37.1264],[-84.34997,37.12172],[-84.34862,37.11812],[-84.34298,37.121],[-84.34253,37.121],[-84.3423,37.11902],[-84.34162,37.11812],[-84.33914,37.11848],[-84.33891,37.11884],[-84.33982,37.12226],[-84.34275,37.12172],[-84.3432,37.12352],[-84.34253,37.12334],[-84.34185,37.12406],[-84.34117,37.12406],[-84.34004,37.12478],[-84.33372,37.1255],[-84.33214,37.12442],[-84.33169,37.12532],[-84.33282,37.12604],[-84.33282,37.1264],[-84.33214,37.12622],[-84.33192,37.12676],[-84.33056,37.12748],[-84.32921,37.12748],[-84.32515,37.1264],[-84.32492,37.12694],[-84.32537,37.12802],[-84.32447,37.12784],[-84.32221,37.12622],[-84.31363,37.12622],[-84.31273,37.1246],[-84.31183,37.12388],[-84.3098,37.12334],[-84.30867,37.12208],[-84.30325,37.1192],[-84.30258,37.11938],[-84.30167,37.12064],[-84.29851,37.12208],[-84.29738,37.12208],[-84.29626,37.121],[-84.2949,37.12064],[-84.2958,37.11758],[-84.29919,37.112],[-84.301,37.112],[-84.30212,37.11002],[-84.30325,37.1102],[-84.3037,37.11074],[-84.30461,37.11056],[-84.30573,37.11254],[-84.30709,37.11344],[-84.30799,37.11326],[-84.30844,37.11434],[-84.30799,37.11578],[-84.30912,37.1174],[-84.31047,37.11794],[-84.31025,37.11902],[-84.3107,37.11974],[-84.31228,37.12064],[-84.31318,37.12064],[-84.31521,37.1228],[-84.32266,37.12262],[-84.32785,37.11596],[-84.32831,37.1147],[-84.3335,37.11596],[-84.33508,37.11362],[-84.33666,37.11362],[-84.33621,37.11146],[-84.33937,37.10606],[-84.33711,37.10498],[-84.33711,37.10282],[-84.33621,37.10246],[-84.33305,37.10246],[-84.33192,37.1048],[-84.33305,37.10606],[-84.33395,37.10804],[-84.33485,37.1084],[-84.33508,37.11002],[-84.33463,37.1111],[-84.33395,37.1111],[-84.33259,37.10894],[-84.33169,37.10894],[-84.33079,37.10984],[-84.32853,37.10948],[-84.32695,37.11038],[-84.3274,37.11218],[-84.32605,37.11236],[-84.32311,37.10804],[-84.31747,37.10732],[-84.31589,37.10786],[-84.31521,37.10894],[-84.31318,37.10858],[-84.31273,37.10552],[-84.30889,37.10894],[-84.30686,37.10876],[-84.30506,37.1075],[-84.30664,37.10516],[-84.30596,37.10354],[-84.30596,37.10246],[-84.30664,37.10138],[-84.31318,37.09994],[-84.31386,37.0994],[-84.31544,37.09634],[-84.32289,37.09562],[-84.32334,37.09508],[-84.32379,37.09328],[-84.32199,37.09292],[-84.32221,37.0913],[-84.31567,37.0904],[-84.31634,37.08482]],[[-84.30122,37.11542],[-84.30032,37.11704],[-84.3019,37.11758],[-84.30258,37.11596],[-84.30122,37.11542]]]]},"properties":{"kind":"2fer","acres":2988,"areas":["Rockcastle River WMA","Daniel Boone National Forest"],"types":["Wildlife Management Area","National Forest"],"pota":[["US-10160","Rockcastle River Wildlife Management Area"],["US-4484","Daniel Boone National Forest"]],"kff":[["KFF-4511","Daniel Boone"],["KFF-6873","William H. Martin"]],"sota":[]}},{"type":"Feature","geometry":{"type":"MultiPolygon","coordinates":[[[[-84.29557,37.11812],[-84.29602,37.11812],[-84.29647,37.11938],[-84.2976,37.11992],[-84.2994,37.11992],[-84.30053,37.12028],[-84.30076,37.121],[-84.2985,37.12208],[-84.29692,37.1219],[-84.29624,37.121],[-84.29489,37.12064],[-84.29557,37.11812]]]]},"properties":{"kind":"2fer","acres":30,"areas":["Rockcastle River WMA","Rockcastle River Wild River"],"types":["Wildlife Management Area","Wild River (State)"],"pota":[["US-10160","Rockcastle River Wildlife Management Area"],["US-10106","The Rockcastle National Wild and Scenic River"]],"kff":[],"sota":[]}},{"type":"Feature","geometry":{"type":"MultiPolygon","coordinates":[[[[-83.2767,36.91138],[-83.2767,36.91174],[-83.27534,36.91192],[-83.27534,36.91156],[-83.2767,36.91138]]]]},"properties":{"kind":"2fer","acres":2,"areas":["Kentenia State Forest","Daniel Boone National Forest"],"types":["Public hunting area","National Forest"],"pota":[["US-4688","Kentenia State Forest"],["US-4484","Daniel Boone National Forest"]],"kff":[["KFF-6865","Kentenia"],["KFF-4511","Daniel Boone"],["KFF-6873","William H. Martin"]],"sota":[]}},{"type":"Feature","geometry":{"type":"MultiPolygon","coordinates":[[[[-83.40206,37.1132],[-83.40319,37.11338],[-83.40432,37.115],[-83.40657,37.11608],[-83.40838,37.1177],[-83.41131,37.11644],[-83.41379,37.11626],[-83.41424,37.11662],[-83.41491,37.12022],[-83.41356,37.12202],[-83.41311,37.12382],[-83.41491,37.12976],[-83.41559,37.12994],[-83.41559,37.13048],[-83.41446,37.13048],[-83.41379,37.12814],[-83.41266,37.12868],[-83.41334,37.12958],[-83.41334,37.1303],[-83.41266,37.13048],[-83.41243,37.1312],[-83.41131,37.1321],[-83.41198,37.13246],[-83.41198,37.13318],[-83.41153,37.13354],[-83.41221,37.13426],[-83.40995,37.13588],[-83.4086,37.13606],[-83.4086,37.13498],[-83.40905,37.13444],[-83.40928,37.13264],[-83.41018,37.1321],[-83.41063,37.13012],[-83.4104,37.12994],[-83.40905,37.1312],[-83.4086,37.1312],[-83.40838,37.12868],[-83.40544,37.1285],[-83.40206,37.13246],[-83.39981,37.13372],[-83.39913,37.13372],[-83.3962,37.1312],[-83.39643,37.1303],[-83.39372,37.12868],[-83.39372,37.12832],[-83.39823,37.12814],[-83.39868,37.124],[-83.40229,37.124],[-83.40364,37.12454],[-83.40635,37.12256],[-83.4068,37.12256],[-83.40928,37.12562],[-83.41063,37.13012],[-83.41131,37.12814],[-83.41288,37.12796],[-83.41131,37.1222],[-83.40792,37.1222],[-83.40499,37.12022],[-83.40522,37.11968],[-83.40161,37.11662],[-83.40206,37.11536],[-83.40206,37.1132]]],[[[-83.38628,37.11194],[-83.38628,37.1123],[-83.38425,37.1132],[-83.3838,37.1141],[-83.38313,37.11428],[-83.3829,37.115],[-83.38155,37.11518],[-83.38065,37.11284],[-83.38042,37.1132],[-83.37907,37.11302],[-83.37907,37.11212],[-83.37411,37.11374],[-83.37163,37.1141],[-83.37095,37.11482],[-83.3696,37.11464],[-83.3678,37.11716],[-83.36847,37.11806],[-83.36757,37.11842],[-83.36599,37.11842],[-83.36509,37.1195],[-83.36261,37.1186],[-83.36103,37.12112],[-83.35607,37.12022],[-83.35743,37.11788],[-83.3572,37.1177],[-83.35472,37.11824],[-83.35224,37.1195],[-83.35157,37.1195],[-83.35157,37.11896],[-83.35314,37.1168],[-83.35946,37.11518],[-83.36148,37.11518],[-83.36171,37.11482],[-83.36261,37.11482],[-83.36261,37.11446],[-83.36126,37.11446],[-83.35788,37.11302],[-83.3563,37.11302],[-83.3554,37.11356],[-83.35405,37.11536],[-83.35292,37.11626],[-83.35224,37.11626],[-83.35044,37.11554],[-83.35044,37.11482],[-83.34909,37.11338],[-83.34931,37.11284],[-83.35179,37.1123],[-83.35224,37.11302],[-83.35292,37.11248],[-83.35224,37.11122],[-83.35179,37.10672],[-83.35495,37.1078],[-83.3554,37.10942],[-83.35833,37.11194],[-83.35855,37.11176],[-83.35743,37.1105],[-83.35652,37.10996],[-83.35765,37.10852],[-83.35698,37.10816],[-83.35585,37.10816],[-83.35652,37.1069],[-83.35833,37.10618],[-83.35855,37.10906],[-83.359,37.10924],[-83.35991,37.1087],[-83.35968,37.10564],[-83.36126,37.1051],[-83.36667,37.10438],[-83.36802,37.10474],[-83.3669,37.10816],[-83.36915,37.10924],[-83.3705,37.10942],[-83.37185,37.1105],[-83.37456,37.10924],[-83.37591,37.10924],[-83.37839,37.10852],[-83.38245,37.11014],[-83.382,37.11122],[-83.38222,37.11194],[-83.38628,37.11194]],[[-83.36442,37.11392],[-83.36419,37.11374],[-83.36351,37.11446],[-83.36396,37.11464],[-83.36442,37.11392]],[[-83.35743,37.1096],[-83.3572,37.10978],[-83.35765,37.11032],[-83.3581,37.10996],[-83.35743,37.1096]]],[[[-83.36216,37.08206],[-83.36284,37.08224],[-83.3687,37.08854],[-83.3687,37.08962],[-83.3669,37.0943],[-83.36892,37.09502],[-83.37073,37.09628],[-83.37073,37.097],[-83.36937,37.09808],[-83.3687,37.09934],[-83.36554,37.0997],[-83.35991,37.09898],[-83.36013,37.09682],[-83.35946,37.09592],[-83.35765,37.09484],[-83.3572,37.09286],[-83.3554,37.09088],[-83.3554,37.09052],[-83.35675,37.08998],[-83.35743,37.08836],[-83.35855,37.08746],[-83.35878,37.08656],[-83.36036,37.0844],[-83.36058,37.08332],[-83.36216,37.08206]]],[[[-83.45053,37.0682],[-83.45121,37.0682],[-83.45504,37.07018],[-83.4582,37.07126],[-83.45887,37.07198],[-83.45865,37.0727],[-83.45684,37.07306],[-83.45662,37.07342],[-83.4591,37.0736],[-83.45932,37.07522],[-83.45775,37.07612],[-83.45617,37.0754],[-83.45527,37.07576],[-83.45639,37.07666],[-83.45594,37.079],[-83.45549,37.079],[-83.45346,37.07684],[-83.45256,37.07522],[-83.44963,37.07414],[-83.44963,37.06874],[-83.45053,37.0682]]],[[[-83.48457,37.05722],[-83.48705,37.05722],[-83.4875,37.0565],[-83.48931,37.05542],[-83.49968,37.05632],[-83.49968,37.05974],[-83.48457,37.05794],[-83.48457,37.05722]]],[[[-83.39846,37.04228],[-83.40003,37.043],[-83.40026,37.04498],[-83.39733,37.04624],[-83.39665,37.04696],[-83.40026,37.05074],[-83.39958,37.0529],[-83.40094,37.05308],[-83.40184,37.052],[-83.40184,37.05038],[-83.40116,37.04912],[-83.39755,37.04714],[-83.39823,37.04642],[-83.40296,37.04804],[-83.40544,37.04948],[-83.4059,37.05092],[-83.40499,37.05236],[-83.40522,37.05488],[-83.40725,37.0547],[-83.40657,37.05596],[-83.40657,37.05686],[-83.40792,37.0592],[-83.4077,37.06064],[-83.4095,37.06244],[-83.40973,37.06316],[-83.40905,37.06424],[-83.4077,37.0646],[-83.40747,37.06496],[-83.40702,37.06496],[-83.40635,37.06424],[-83.40432,37.06424],[-83.40432,37.06352],[-83.40342,37.06316],[-83.40206,37.06406],[-83.39936,37.06406],[-83.39801,37.06334],[-83.3971,37.06154],[-83.39665,37.06244],[-83.39801,37.06424],[-83.39891,37.0646],[-83.40387,37.06478],[-83.40387,37.06514],[-83.39823,37.06784],[-83.39485,37.06892],[-83.39372,37.06892],[-83.39169,37.06982],[-83.39057,37.06946],[-83.38989,37.06838],[-83.38989,37.06784],[-83.39034,37.06766],[-83.39012,37.06532],[-83.38831,37.0637],[-83.38809,37.06262],[-83.38854,37.06172],[-83.38741,37.0601],[-83.38718,37.0574],[-83.38606,37.05668],[-83.38268,37.05686],[-83.38177,37.05596],[-83.3811,37.05434],[-83.37907,37.05506],[-83.37681,37.05488],[-83.37569,37.05524],[-83.37681,37.05758],[-83.37569,37.05938],[-83.37524,37.05938],[-83.37501,37.05812],[-83.37095,37.05506],[-83.37208,37.04966],[-83.37907,37.04894],[-83.38335,37.05074],[-83.38718,37.04876],[-83.38854,37.0448],[-83.39012,37.04228],[-83.39553,37.04264],[-83.39846,37.04228]],[[-83.39958,37.0529],[-83.39688,37.05614],[-83.39665,37.05902],[-83.39733,37.06064],[-83.39778,37.06046],[-83.39755,37.05686],[-83.39958,37.0538],[-83.39958,37.0529]]],[[[-83.27018,37.02266],[-83.2686,37.02302],[-83.265,37.0223],[-83.26319,37.02158],[-83.26274,37.02086],[-83.25936,37.0205],[-83.2544,37.01906],[-83.25327,37.01978],[-83.25282,37.02158],[-83.25418,37.02194],[-83.25485,37.02338],[-83.25192,37.02464],[-83.24877,37.025],[-83.24854,37.02788],[-83.24741,37.02806],[-83.24674,37.0268],[-83.24516,37.02698],[-83.24403,37.02608],[-83.23885,37.02374],[-83.2384,37.02284],[-83.23659,37.02212],[-83.23704,37.02086],[-83.23614,37.0205],[-83.23614,37.02014],[-83.23727,37.01942],[-83.23704,37.01834],[-83.23795,37.01816],[-83.23817,37.0178],[-83.25891,37.016],[-83.25914,37.01582],[-83.25666,37.0142],[-83.25621,37.01348],[-83.25981,37.01276],[-83.26162,37.01798],[-83.26928,37.02104],[-83.27018,37.02266]]],[[[-83.22532,37.01078],[-83.22577,37.01312],[-83.22442,37.01384],[-83.22397,37.01222],[-83.22487,37.01078],[-83.22532,37.01078]]],[[[-83.3173,37.00736],[-83.31843,37.00736],[-83.31865,37.00916],[-83.31955,37.01078],[-83.32226,37.01258],[-83.32226,37.01294],[-83.31865,37.01474],[-83.3182,37.01474],[-83.31798,37.01312],[-83.31369,37.01276],[-83.31369,37.0124],[-83.31707,37.00952],[-83.3173,37.00736]]],[[[-83.30648,37.00304],[-83.30625,37.00502],[-83.30287,37.01042],[-83.29881,37.01456],[-83.29926,37.0151],[-83.29904,37.01564],[-83.29724,37.01618],[-83.29588,37.01618],[-83.29476,37.01546],[-83.2934,37.01564],[-83.29182,37.01492],[-83.29002,37.0151],[-83.28889,37.01564],[-83.28844,37.01654],[-83.28889,37.01762],[-83.28844,37.01942],[-83.28777,37.01996],[-83.28461,37.0205],[-83.28416,37.02086],[-83.28461,37.02212],[-83.2801,37.02374],[-83.27762,37.0232],[-83.27559,37.0232],[-83.27492,37.0241],[-83.27402,37.0241],[-83.27649,37.02104],[-83.27649,37.01906],[-83.27785,37.01834],[-83.28078,37.01798],[-83.27988,37.01672],[-83.27988,37.016],[-83.28123,37.01402],[-83.28236,37.01402],[-83.28574,37.01492],[-83.28619,37.01474],[-83.28641,37.0142],[-83.28326,37.0124],[-83.28326,37.0115],[-83.28664,37.00538],[-83.28732,37.00538],[-83.28732,37.00592],[-83.28506,37.00934],[-83.28641,37.00988],[-83.28889,37.0124],[-83.28934,37.01222],[-83.29002,37.01042],[-83.28934,37.01024],[-83.2898,37.00844],[-83.29295,37.00376],[-83.29205,37.0016],[-83.29228,37.0007],[-83.29476,37.00016],[-83.29836,37.00304],[-83.29971,37.00484],[-83.30558,37.00304],[-83.30648,37.00304]]],[[[-83.25846,36.99692],[-83.26004,36.99692],[-83.26004,36.99854],[-83.25959,36.99854],[-83.25846,36.99746],[-83.25846,36.99692]]],[[[-83.23795,36.99494],[-83.23479,37.00178],[-83.23163,37.00124],[-83.23231,36.99746],[-83.23795,36.99494]]],[[[-83.25598,36.98864],[-83.25688,36.99224],[-83.25778,36.99278],[-83.25778,36.99314],[-83.25553,36.99476],[-83.25485,36.99476],[-83.25327,36.99332],[-83.24786,36.99494],[-83.24764,36.99854],[-83.25192,37.00034],[-83.25215,37.00088],[-83.25102,37.00142],[-83.25057,37.0025],[-83.24313,37.00466],[-83.24223,37.0052],[-83.24358,37.00682],[-83.24629,37.00808],[-83.24606,37.00934],[-83.24448,37.0115],[-83.24471,37.01168],[-83.24967,37.0106],[-83.24967,37.01096],[-83.24336,37.01402],[-83.24223,37.01402],[-83.23907,37.01276],[-83.23885,37.01186],[-83.23727,37.01132],[-83.23547,37.0151],[-83.23569,37.01618],[-83.23501,37.01708],[-83.23253,37.016],[-83.23118,37.01456],[-83.22915,37.0151],[-83.22893,37.0142],[-83.23163,37.01204],[-83.23208,37.01204],[-83.23276,37.01312],[-83.23366,37.01258],[-83.23389,37.01006],[-83.23569,37.00844],[-83.23704,37.00574],[-83.23817,37.00592],[-83.23862,37.00538],[-83.23749,37.00412],[-83.23727,37.00232],[-83.24065,36.9935],[-83.24854,36.98936],[-83.24877,36.98882],[-83.25598,36.98864]]],[[[-83.28664,36.98792],[-83.28687,36.98864],[-83.28777,36.989],[-83.28777,36.99008],[-83.28371,36.99242],[-83.28303,36.99458],[-83.27965,36.99782],[-83.27762,36.99782],[-83.27695,36.9962],[-83.27988,36.9944],[-83.27988,36.99296],[-83.27695,36.99296],[-83.27627,36.99332],[-83.27424,36.99332],[-83.27424,36.99296],[-83.28326,36.98774],[-83.28439,36.98756],[-83.28664,36.98792]]],[[[-83.2925,36.98432],[-83.29228,36.9863],[-83.29273,36.98684],[-83.29273,36.9881],[-83.29182,36.98756],[-83.28912,36.98774],[-83.28822,36.98828],[-83.28822,36.98702],[-83.28754,36.98558],[-83.2916,36.98432],[-83.2925,36.98432]]],[[[-83.38673,36.89954],[-83.38741,36.90044],[-83.38899,36.90116],[-83.38966,36.90368],[-83.38854,36.90476],[-83.38786,36.90746],[-83.38651,36.90872],[-83.38628,36.91052],[-83.38425,36.91232],[-83.37839,36.91502],[-83.37794,36.91844],[-83.37591,36.91844],[-83.37591,36.91772],[-83.37681,36.91754],[-83.37749,36.91646],[-83.37456,36.91628],[-83.37456,36.91502],[-83.37704,36.91358],[-83.37727,36.91232],[-83.37636,36.91178],[-83.37636,36.91142],[-83.37997,36.90782],[-83.38065,36.9062],[-83.38245,36.90422],[-83.38448,36.9035],[-83.3838,36.90278],[-83.38628,36.89954],[-83.38673,36.89954]]]]},"properties":{"kind":"2fer","acres":5506,"areas":["Hoskins WMA","Daniel Boone National Forest"],"types":["Wildlife Management Area","National Forest"],"pota":[["US-10138","Hoskins Wildlife Management Area"],["US-4484","Daniel Boone National Forest"]],"kff":[["KFF-7369","Hoskins"],["KFF-4511","Daniel Boone"],["KFF-6873","William H. Martin"]],"sota":[]}},{"type":"Feature","geometry":{"type":"MultiPolygon","coordinates":[[[[-83.7835,37.31651],[-83.78735,37.31849],[-83.78962,37.31867],[-83.78894,37.32011],[-83.78758,37.32101],[-83.78554,37.32425],[-83.78735,37.32605],[-83.78735,37.32677],[-83.78871,37.32821],[-83.7912,37.32821],[-83.79097,37.32911],[-83.79165,37.32947],[-83.79188,37.33019],[-83.79007,37.33181],[-83.79052,37.33343],[-83.78962,37.33433],[-83.78758,37.33415],[-83.7835,37.33469],[-83.7835,37.33613],[-83.78509,37.33703],[-83.78531,37.33775],[-83.7835,37.33991],[-83.7835,37.34081],[-83.78237,37.34297],[-83.78147,37.34333],[-83.78147,37.34297],[-83.7792,37.34099],[-83.77807,37.34063],[-83.77649,37.33937],[-83.7749,37.33937],[-83.77422,37.33829],[-83.77445,37.33631],[-83.77377,37.33523],[-83.77626,37.33523],[-83.77603,37.33433],[-83.77671,37.33397],[-83.77649,37.33235],[-83.77694,37.33181],[-83.77535,37.32893],[-83.77558,37.32749],[-83.77513,37.32659],[-83.774,37.32569],[-83.77445,37.32317],[-83.77716,37.32245],[-83.77807,37.32263],[-83.78033,37.32407],[-83.78124,37.32407],[-83.78237,37.32353],[-83.78282,37.32209],[-83.78147,37.32137],[-83.78147,37.32065],[-83.78215,37.31993],[-83.78147,37.31777],[-83.78169,37.31741],[-83.78237,37.31759],[-83.78282,37.31669],[-83.7835,37.31651]]]]},"properties":{"kind":"2fer","acres":623,"areas":["Little Sexton Creek WMA","Daniel Boone National Forest"],"types":["Wildlife Management Area","National Forest"],"pota":[["US-12079","Little Sextons Creek Wildlife Management Area"],["US-4484","Daniel Boone National Forest"]],"kff":[["KFF-4511","Daniel Boone"],["KFF-6873","William H. Martin"]],"sota":[]}},{"type":"Feature","geometry":{"type":"MultiPolygon","coordinates":[[[[-83.38704,38.21964],[-83.38704,38.22],[-83.38383,38.22198],[-83.37993,38.22576],[-83.37833,38.22558],[-83.37718,38.22432],[-83.37329,38.22378],[-83.37375,38.22288],[-83.38016,38.2173],[-83.38108,38.2173],[-83.3836,38.21802],[-83.38429,38.21856],[-83.3852,38.21856],[-83.38704,38.21964]]]]},"properties":{"kind":"2fer","acres":147,"areas":["Sunny Brook WMA","Daniel Boone National Forest"],"types":["Wildlife Management Area","National Forest"],"pota":[["US-10168","Sunny Brook Wildlife Management Area"],["US-4484","Daniel Boone National Forest"]],"kff":[["KFF-4511","Daniel Boone"],["KFF-6873","William H. Martin"]],"sota":[]}},{"type":"Feature","geometry":{"type":"MultiPolygon","coordinates":[[[[-82.77176,37.06813],[-82.77311,37.07065],[-82.7765,37.07371],[-82.7774,37.07515],[-82.7765,37.07623],[-82.77785,37.07695],[-82.77695,37.08127],[-82.77695,37.08361],[-82.77898,37.08829],[-82.77898,37.08991],[-82.77717,37.09207],[-82.77446,37.09387],[-82.77424,37.09441],[-82.76702,37.10035],[-82.76454,37.10179],[-82.76341,37.10377],[-82.76205,37.10485],[-82.7607,37.10485],[-82.75935,37.10431],[-82.75867,37.10467],[-82.75641,37.10449],[-82.75596,37.10413],[-82.75461,37.10431],[-82.75348,37.10323],[-82.75371,37.09945],[-82.75325,37.09621],[-82.75393,37.09495],[-82.75596,37.09315],[-82.75732,37.08955],[-82.75799,37.08919],[-82.75777,37.08577],[-82.75867,37.08523],[-82.75732,37.08469],[-82.75732,37.08415],[-82.77063,37.08001],[-82.76837,37.07911],[-82.76499,37.07965],[-82.76499,37.07929],[-82.76634,37.07839],[-82.76724,37.07839],[-82.7677,37.07803],[-82.76882,37.07533],[-82.7686,37.07371],[-82.76905,37.07317],[-82.76905,37.07227],[-82.7686,37.07191],[-82.76837,37.06993],[-82.76905,37.06921],[-82.77018,37.06939],[-82.77131,37.06813],[-82.77176,37.06813]]]]},"properties":{"kind":"2fer","acres":1221,"areas":["Bad Branch State Nature Preserve","Bad Branch Wild River"],"types":["State Nature Preserve","Wild River (State)"],"pota":[["US-7966","Bad Branch State Nature Preserve"],["US-10112","Bad Branch National Wild and Scenic River"]],"kff":[["KFF-6875","Bad Branch"]],"sota":[]}},{"type":"Feature","geometry":{"type":"MultiPolygon","coordinates":[[[[-83.18877,36.93661],[-83.19079,36.94129],[-83.19079,36.94219],[-83.18786,36.94417],[-83.18786,36.94525],[-83.18696,36.94633],[-83.18651,36.94633],[-83.18516,36.94507],[-83.18404,36.94561],[-83.18313,36.94543],[-83.18246,36.94615],[-83.18133,36.94615],[-83.18088,36.94561],[-83.18021,36.94633],[-83.18111,36.94687],[-83.18156,36.94795],[-83.18043,36.94867],[-83.18043,36.94921],[-83.17931,36.94957],[-83.17953,36.95029],[-83.17863,36.95101],[-83.17908,36.95209],[-83.1784,36.95209],[-83.17773,36.95101],[-83.17705,36.95119],[-83.17548,36.95227],[-83.17593,36.95371],[-83.1757,36.95461],[-83.17435,36.95479],[-83.17345,36.95371],[-83.173,36.95407],[-83.173,36.95479],[-83.17232,36.95479],[-83.17165,36.95389],[-83.17232,36.95263],[-83.17232,36.95155],[-83.16985,36.94705],[-83.17345,36.94597],[-83.17705,36.94309],[-83.18133,36.94129],[-83.18629,36.93769],[-83.18877,36.93661]]]]},"properties":{"kind":"pota_wwff","acres":360,"areas":["James E. Bickford State Nature Preserve","Daniel Boone National Forest"],"types":["State Nature Preserve","National Forest"],"pota":[["US-4484","Daniel Boone National Forest"]],"kff":[["KFF-6883","James E Bickford"],["KFF-4511","Daniel Boone"],["KFF-6873","William H. Martin"]],"sota":[]}},{"type":"Feature","geometry":{"type":"MultiPolygon","coordinates":[[[[-83.69319,37.74794],[-83.69615,37.7483],[-83.6966,37.75046],[-83.69706,37.75082],[-83.69842,37.751],[-83.69888,37.75046],[-83.7007,37.75046],[-83.70047,37.75298],[-83.70138,37.75424],[-83.70047,37.75478],[-83.70161,37.75568],[-83.70093,37.7582],[-83.70161,37.76036],[-83.70024,37.76108],[-83.7007,37.76162],[-83.70229,37.76198],[-83.70343,37.76342],[-83.70503,37.76378],[-83.70639,37.7654],[-83.70616,37.76684],[-83.70639,37.76756],[-83.70753,37.7681],[-83.70753,37.76918],[-83.70616,37.7699],[-83.70594,37.77116],[-83.70457,37.77278],[-83.70594,37.77422],[-83.70707,37.77422],[-83.71049,37.77674],[-83.71072,37.77782],[-83.70867,37.77926],[-83.70912,37.78016],[-83.71003,37.78016],[-83.71163,37.78106],[-83.71163,37.7816],[-83.70958,37.7825],[-83.70821,37.78394],[-83.70685,37.78358],[-83.70457,37.78358],[-83.70366,37.78412],[-83.70252,37.78412],[-83.70161,37.78484],[-83.70093,37.78484],[-83.69911,37.78376],[-83.69615,37.7834],[-83.6941,37.78016],[-83.69,37.78034],[-83.6859,37.77566],[-83.68066,37.7762],[-83.67952,37.7744],[-83.67952,37.77386],[-83.68066,37.77386],[-83.68112,37.7735],[-83.68157,37.77206],[-83.68317,37.77134],[-83.6843,37.7717],[-83.68522,37.77134],[-83.6859,37.76882],[-83.68681,37.76846],[-83.68726,37.76666],[-83.68886,37.7654],[-83.68863,37.7645],[-83.68977,37.7636],[-83.69182,37.76396],[-83.69227,37.7636],[-83.6941,37.76342],[-83.6941,37.76252],[-83.69501,37.76144],[-83.69319,37.74794]]]]},"properties":{"kind":"pota_wwff","acres":1259,"areas":["Natural Bridge State Park State Nature Preserve","Daniel Boone National Forest"],"types":["State Nature Preserve","National Forest"],"pota":[["US-4484","Daniel Boone National Forest"]],"kff":[["KFF-6863","Natural Bridge"],["KFF-4511","Daniel Boone"],["KFF-6873","William H. Martin"]],"sota":[]}},{"type":"Feature","geometry":{"type":"MultiPolygon","coordinates":[[[[-84.24458,37.09952],[-84.24436,37.1033],[-84.24481,37.10456],[-84.24368,37.10798],[-84.24278,37.10816],[-84.24255,37.11014],[-84.2412,37.11104],[-84.24007,37.11104],[-84.24007,37.11032],[-84.2412,37.10924],[-84.24074,37.1087],[-84.23736,37.10888],[-84.23578,37.10834],[-84.23465,37.10924],[-84.23262,37.10996],[-84.23217,37.11068],[-84.2254,37.11014],[-84.22585,37.10942],[-84.23149,37.10618],[-84.23036,37.10564],[-84.22765,37.10564],[-84.22517,37.1051],[-84.22427,37.10402],[-84.22314,37.10366],[-84.22337,37.10276],[-84.22811,37.1015],[-84.22878,37.10078],[-84.23104,37.10024],[-84.23172,37.09934],[-84.23443,37.09916],[-84.23443,37.10042],[-84.23578,37.10474],[-84.23623,37.1051],[-84.23713,37.10492],[-84.23826,37.10582],[-84.24007,37.106],[-84.24029,37.1069],[-84.24142,37.1069],[-84.24232,37.10798],[-84.24255,37.10582],[-84.24368,37.10474],[-84.24278,37.10366],[-84.24165,37.10366],[-84.2412,37.10276],[-84.24413,37.09952],[-84.24458,37.09952]]]]},"properties":{"kind":"2fer","acres":318,"areas":["Sinking Creek State Natural Area","Daniel Boone National Forest"],"types":["State Natural Area","National Forest"],"pota":[["US-7970","Sinking Creek State Natural Area"],["US-4484","Daniel Boone National Forest"]],"kff":[["KFF-6872","Sinking Creek"],["KFF-4511","Daniel Boone"],["KFF-6873","William H. Martin"]],"sota":[]}},{"type":"Feature","geometry":{"type":"MultiPolygon","coordinates":[[[[-84.60757,36.59901],[-84.60757,36.60099],[-84.60914,36.60207],[-84.60982,36.60333],[-84.60892,36.60387],[-84.60668,36.60369],[-84.60533,36.60423],[-84.60488,36.60495],[-84.60533,36.60603],[-84.60533,36.60783],[-84.60107,36.60837],[-84.59905,36.60819],[-84.5986,36.60855],[-84.5986,36.60945],[-84.59726,36.61089],[-84.59726,36.61161],[-84.59815,36.61251],[-84.60062,36.61323],[-84.60062,36.61467],[-84.59793,36.61485],[-84.59748,36.61521],[-84.5977,36.61593],[-84.59905,36.61683],[-84.59905,36.61737],[-84.59838,36.61827],[-84.59838,36.61917],[-84.59726,36.61881],[-84.59524,36.62061],[-84.59591,36.62169],[-84.59613,36.62313],[-84.59569,36.62421],[-84.59434,36.62547],[-84.59232,36.62583],[-84.59165,36.62493],[-84.59075,36.62493],[-84.58537,36.62817],[-84.58357,36.62781],[-84.58021,36.62781],[-84.57505,36.62691],[-84.57415,36.62799],[-84.57415,36.62853],[-84.57213,36.62943],[-84.57101,36.62925],[-84.56899,36.62709],[-84.56809,36.62673],[-84.56742,36.62727],[-84.5672,36.62979],[-84.56608,36.63051],[-84.5654,36.63033],[-84.56383,36.62781],[-84.56338,36.62781],[-84.56226,36.62943],[-84.56114,36.62997],[-84.56024,36.62907],[-84.56002,36.62727],[-84.55912,36.62637],[-84.55845,36.62619],[-84.558,36.62745],[-84.55621,36.62799],[-84.55441,36.62583],[-84.55105,36.62637],[-84.54858,36.62619],[-84.54566,36.62727],[-84.54163,36.62781],[-84.53759,36.62745],[-84.53467,36.63051],[-84.53579,36.63177],[-84.53804,36.63249],[-84.53804,36.63339],[-84.54073,36.63663],[-84.53916,36.63843],[-84.53916,36.64023],[-84.54275,36.64185],[-84.54252,36.64257],[-84.53916,36.64311],[-84.53804,36.64401],[-84.53893,36.64581],[-84.54095,36.64743],[-84.54185,36.64995],[-84.5432,36.65211],[-84.5423,36.65517],[-84.54387,36.65607],[-84.54432,36.65751],[-84.54364,36.65787],[-84.5423,36.65769],[-84.5405,36.65877],[-84.53826,36.65841],[-84.5349,36.65985],[-84.53467,36.66111],[-84.53534,36.66309],[-84.53445,36.66435],[-84.53467,36.66579],[-84.53333,36.66615],[-84.53288,36.66687],[-84.534,36.66813],[-84.53422,36.66921],[-84.53512,36.66993],[-84.53579,36.66957],[-84.53781,36.66957],[-84.53983,36.66777],[-84.54028,36.66597],[-84.54163,36.66615],[-84.54364,36.66471],[-84.54544,36.66471],[-84.54566,36.66975],[-84.54387,36.67101],[-84.54252,36.67281],[-84.53983,36.67443],[-84.53647,36.67425],[-84.5349,36.67461],[-84.53265,36.67317],[-84.52929,36.67281],[-84.52884,36.67227],[-84.52906,36.67119],[-84.52862,36.67083],[-84.52749,36.67083],[-84.52772,36.66939],[-84.52705,36.66885],[-84.52525,36.66849],[-84.52525,36.66795],[-84.52772,36.66633],[-84.52772,36.66291],[-84.52906,36.66147],[-84.52862,36.66039],[-84.52862,36.65841],[-84.52705,36.65697],[-84.5266,36.65553],[-84.52817,36.65571],[-84.52951,36.65643],[-84.53063,36.65643],[-84.53377,36.65481],[-84.5349,36.65355],[-84.53736,36.65283],[-84.53602,36.65139],[-84.53624,36.64995],[-84.53467,36.64779],[-84.53445,36.64635],[-84.5331,36.64509],[-84.53153,36.64437],[-84.53176,36.64329],[-84.53265,36.64293],[-84.53333,36.64203],[-84.53288,36.63933],[-84.53422,36.63807],[-84.53445,36.63699],[-84.53243,36.63573],[-84.52996,36.63303],[-84.52547,36.63231],[-84.52525,36.63195],[-84.52547,36.63069],[-84.52951,36.62979],[-84.52996,36.62943],[-84.53086,36.62763],[-84.53019,36.62547],[-84.53086,36.62385],[-84.53265,36.62295],[-84.53333,36.62295],[-84.53534,36.62475],[-84.53893,36.62349],[-84.5432,36.62349],[-84.54544,36.62205],[-84.54589,36.62115],[-84.54813,36.62223],[-84.54993,36.62061],[-84.55105,36.62079],[-84.55172,36.62187],[-84.55508,36.62151],[-84.5571,36.62223],[-84.55823,36.62223],[-84.55912,36.62169],[-84.55912,36.62097],[-84.56069,36.61953],[-84.56181,36.61971],[-84.56294,36.62133],[-84.56518,36.61971],[-84.5672,36.61935],[-84.56967,36.62151],[-84.57124,36.62169],[-84.57258,36.62133],[-84.57303,36.61971],[-84.57393,36.61935],[-84.5746,36.62043],[-84.57617,36.62169],[-84.57841,36.62223],[-84.58021,36.62205],[-84.58155,36.61971],[-84.58268,36.61953],[-84.58425,36.62151],[-84.58537,36.62151],[-84.59053,36.61647],[-84.59008,36.61539],[-84.59053,36.61413],[-84.59008,36.61125],[-84.58828,36.60981],[-84.58739,36.60837],[-84.58739,36.60729],[-84.58873,36.60603],[-84.59165,36.60603],[-84.59232,36.60513],[-84.59524,36.60297],[-84.59636,36.60243],[-84.5986,36.60225],[-84.59927,36.60135],[-84.5995,36.59865],[-84.60757,36.59901]]]]},"properties":{"kind":"2fer","acres":2577,"areas":["Daniel Boone National Forest","Big South Fork Wild River"],"types":["National Forest","Wild River (State)"],"pota":[["US-4484","Daniel Boone National Forest"],["US-10107","Big South Fork National Wild and Scenic River"]],"kff":[["KFF-4511","Daniel Boone"],["KFF-6873","William H. Martin"]],"sota":[]}},{"type":"Feature","geometry":{"type":"MultiPolygon","coordinates":[[[[-84.28498,36.75127],[-84.28588,36.75127],[-84.2879,36.75271],[-84.29038,36.75361],[-84.29105,36.75433],[-84.29127,36.75631],[-84.29307,36.75541],[-84.2951,36.75523],[-84.29577,36.75559],[-84.296,36.75649],[-84.29532,36.75757],[-84.29622,36.75883],[-84.29802,36.75883],[-84.29869,36.75811],[-84.30072,36.75829],[-84.30386,36.76081],[-84.30499,36.76045],[-84.30499,36.75739],[-84.30589,36.75721],[-84.30611,36.75757],[-84.30724,36.75775],[-84.30769,36.75703],[-84.30701,36.75541],[-84.30791,36.75469],[-84.30904,36.75451],[-84.31061,36.75487],[-84.31241,36.75397],[-84.31376,36.75289],[-84.31331,36.75145],[-84.31353,36.75091],[-84.31533,36.75109],[-84.31668,36.75235],[-84.31803,36.75145],[-84.3187,36.75145],[-84.31938,36.75199],[-84.32185,36.75199],[-84.32275,36.75325],[-84.32163,36.75469],[-84.32163,36.75523],[-84.3232,36.75685],[-84.32365,36.75667],[-84.32387,36.75451],[-84.32702,36.75541],[-84.32905,36.75667],[-84.3295,36.75649],[-84.32927,36.75523],[-84.32972,36.75523],[-84.33017,36.75703],[-84.33287,36.75901],[-84.33512,36.76315],[-84.33602,36.76369],[-84.33736,36.76369],[-84.33781,36.76405],[-84.33781,36.76477],[-84.33714,36.76549],[-84.33714,36.76621],[-84.33826,36.76675],[-84.33781,36.76783],[-84.33916,36.76909],[-84.34074,36.76963],[-84.34074,36.76999],[-84.33916,36.77035],[-84.33849,36.77125],[-84.33849,36.77215],[-84.33916,36.77251],[-84.33894,36.77377],[-84.33939,36.77413],[-84.34119,36.77431],[-84.34164,36.77341],[-84.34299,36.77251],[-84.34433,36.77233],[-84.34478,36.77413],[-84.34568,36.77467],[-84.34703,36.77449],[-84.34748,36.77575],[-84.34906,36.77719],[-84.35018,36.77683],[-84.3513,36.77539],[-84.354,36.77557],[-84.35333,36.77665],[-84.3504,36.77791],[-84.34973,36.77881],[-84.35108,36.78079],[-84.35153,36.78259],[-84.35153,36.78493],[-84.35085,36.78655],[-84.35085,36.78745],[-84.35153,36.78799],[-84.35153,36.78853],[-84.3504,36.78889],[-84.3504,36.78961],[-84.35085,36.79015],[-84.3522,36.78997],[-84.3522,36.79177],[-84.35445,36.79213],[-84.35468,36.79285],[-84.35378,36.79339],[-84.35198,36.79375],[-84.35198,36.79483],[-84.35265,36.79627],[-84.35198,36.79771],[-84.35198,36.79915],[-84.34973,36.80239],[-84.34748,36.80365],[-84.34703,36.80563],[-84.34748,36.80581],[-84.34816,36.80527],[-84.3504,36.80599],[-84.35265,36.80599],[-84.35378,36.80563],[-84.354,36.80671],[-84.35692,36.80869],[-84.3576,36.81049],[-84.3594,36.81121],[-84.3594,36.81175],[-84.3585,36.81265],[-84.3594,36.81355],[-84.35985,36.81535],[-84.35648,36.81481],[-84.3549,36.81571],[-84.3531,36.81733],[-84.35333,36.81895],[-84.35108,36.81985],[-84.35243,36.82237],[-84.35085,36.82291],[-84.34838,36.82183],[-84.34748,36.82273],[-84.34658,36.82291],[-84.34501,36.82453],[-84.34523,36.82633],[-84.34388,36.82651],[-84.34321,36.82561],[-84.34186,36.82543],[-84.34051,36.82633],[-84.33871,36.82651],[-84.33714,36.82723],[-84.33602,36.82723],[-84.33377,36.82867],[-84.33174,36.82849],[-84.3295,36.82939],[-84.32882,36.83047],[-84.32747,36.83065],[-84.325,36.83191],[-84.32387,36.83317],[-84.32185,36.83299],[-84.32005,36.83425],[-84.32095,36.83479],[-84.32298,36.83407],[-84.3241,36.83425],[-84.32522,36.83353],[-84.32657,36.83353],[-84.32702,36.83461],[-84.32837,36.83443],[-84.33107,36.83587],[-84.33377,36.83641],[-84.33422,36.83569],[-84.33557,36.83533],[-84.33647,36.83461],[-84.33826,36.83389],[-84.34006,36.83371],[-84.34321,36.83461],[-84.34478,36.83587],[-84.34658,36.83659],[-84.34681,36.83947],[-84.34591,36.84217],[-84.34433,36.84451],[-84.34366,36.84469],[-84.34254,36.84595],[-84.34029,36.84721],[-84.33691,36.84739],[-84.33489,36.84685],[-84.33309,36.84757],[-84.33152,36.84991],[-84.33152,36.85207],[-84.33084,36.85243],[-84.32995,36.85423],[-84.32747,36.85639],[-84.32343,36.85801],[-84.32185,36.85765],[-84.32028,36.85783],[-84.31848,36.85711],[-84.31735,36.85765],[-84.31668,36.85873],[-84.31691,36.85945],[-84.32073,36.86071],[-84.32208,36.86161],[-84.32387,36.86179],[-84.32365,36.86287],[-84.32657,36.86593],[-84.32657,36.86737],[-84.32702,36.86827],[-84.32702,36.87097],[-84.32657,36.87169],[-84.3268,36.87313],[-84.32545,36.87295],[-84.3223,36.87169],[-84.32253,36.87025],[-84.32185,36.86971],[-84.3223,36.86773],[-84.32118,36.86647],[-84.32118,36.86539],[-84.31983,36.86467],[-84.31915,36.86467],[-84.31735,36.86305],[-84.31488,36.86287],[-84.31241,36.86089],[-84.31218,36.86017],[-84.31286,36.85891],[-84.31286,36.85693],[-84.31353,36.85585],[-84.31533,36.85441],[-84.31646,36.85423],[-84.31893,36.85297],[-84.3205,36.85315],[-84.32163,36.85369],[-84.32275,36.85333],[-84.3241,36.85351],[-84.32635,36.85261],[-84.32747,36.85135],[-84.3277,36.84937],[-84.32837,36.84883],[-84.3286,36.84757],[-84.32927,36.84703],[-84.33039,36.84487],[-84.33197,36.84397],[-84.33377,36.84397],[-84.33489,36.84469],[-84.33984,36.84415],[-84.34074,36.84217],[-84.34164,36.84145],[-84.34231,36.83965],[-84.34141,36.83929],[-84.34186,36.83839],[-84.34119,36.83785],[-84.33961,36.83785],[-84.33669,36.83965],[-84.33287,36.83965],[-84.33197,36.84037],[-84.33129,36.84037],[-84.33084,36.83983],[-84.3286,36.84001],[-84.32792,36.83929],[-84.32612,36.83875],[-84.32522,36.83875],[-84.32387,36.84019],[-84.32298,36.84037],[-84.32253,36.83947],[-84.32073,36.83821],[-84.32005,36.83875],[-84.31893,36.83893],[-84.3178,36.83785],[-84.31623,36.83875],[-84.31556,36.83875],[-84.31398,36.83731],[-84.31488,36.83605],[-84.31511,36.83407],[-84.31578,36.83299],[-84.31511,36.83227],[-84.31511,36.83155],[-84.31691,36.83101],[-84.31915,36.82867],[-84.32073,36.82867],[-84.32118,36.82831],[-84.32118,36.82633],[-84.32163,36.82597],[-84.3232,36.82615],[-84.32365,36.82741],[-84.32455,36.82651],[-84.32612,36.82669],[-84.32635,36.82525],[-84.32927,36.82525],[-84.32927,36.82381],[-84.33039,36.82291],[-84.33107,36.82291],[-84.33219,36.82417],[-84.33354,36.82435],[-84.33759,36.82255],[-84.34029,36.82075],[-84.34299,36.82075],[-84.34546,36.81841],[-84.34478,36.81787],[-84.34478,36.81715],[-84.34591,36.81643],[-84.34613,36.81535],[-84.34726,36.81517],[-84.34838,36.81553],[-84.34861,36.81445],[-84.34951,36.81391],[-84.35063,36.81391],[-84.35265,36.81211],[-84.35243,36.81175],[-84.35108,36.81157],[-84.35108,36.81085],[-84.35153,36.81049],[-84.35243,36.81049],[-84.35243,36.80995],[-84.35108,36.80977],[-84.34973,36.80905],[-84.34861,36.80923],[-84.34771,36.80995],[-84.34658,36.80995],[-84.34523,36.80905],[-84.34141,36.80761],[-84.33984,36.80617],[-84.34029,36.80491],[-84.34254,36.80473],[-84.34254,36.80365],[-84.34344,36.80275],[-84.34231,36.80095],[-84.34231,36.79987],[-84.34299,36.79987],[-84.34388,36.80059],[-84.34501,36.80005],[-84.34523,36.79825],[-84.34681,36.79825],[-84.34726,36.79735],[-84.34793,36.79699],[-84.34726,36.79645],[-84.34726,36.79591],[-84.34838,36.79519],[-84.34838,36.79465],[-84.34726,36.79303],[-84.34726,36.79177],[-84.34658,36.79141],[-84.34681,36.79087],[-84.34613,36.79051],[-84.34658,36.78943],[-84.34658,36.78763],[-84.34771,36.78511],[-84.34793,36.78205],[-84.34591,36.78079],[-84.34636,36.77989],[-84.34501,36.77935],[-84.34433,36.77809],[-84.34276,36.77773],[-84.34254,36.77953],[-84.34164,36.77971],[-84.34074,36.77809],[-84.33939,36.77827],[-84.33826,36.77755],[-84.33736,36.77755],[-84.33669,36.77593],[-84.33579,36.77575],[-84.33557,36.77539],[-84.33489,36.77611],[-84.33399,36.77593],[-84.33467,36.77323],[-84.33422,36.77269],[-84.33197,36.77269],[-84.33152,36.77233],[-84.33152,36.77161],[-84.33264,36.77125],[-84.33467,36.77125],[-84.33512,36.77089],[-84.33512,36.77053],[-84.33377,36.76981],[-84.33444,36.76855],[-84.33242,36.76693],[-84.33107,36.76675],[-84.33107,36.76639],[-84.33197,36.76621],[-84.33264,36.76549],[-84.33174,36.76495],[-84.33174,36.76405],[-84.33062,36.76243],[-84.32905,36.76207],[-84.3286,36.76063],[-84.32635,36.76153],[-84.32455,36.76153],[-84.3214,36.76081],[-84.31983,36.75991],[-84.3178,36.76009],[-84.31668,36.75937],[-84.31713,36.75775],[-84.31668,36.75757],[-84.31533,36.75829],[-84.31421,36.76045],[-84.31218,36.76225],[-84.30994,36.76297],[-84.30904,36.76387],[-84.30724,36.76405],[-84.30566,36.76495],[-84.30386,36.76531],[-84.30342,36.76567],[-84.30319,36.76711],[-84.30207,36.76729],[-84.30094,36.76459],[-84.30027,36.76405],[-84.29959,36.76477],[-84.29869,36.76477],[-84.29824,36.76369],[-84.29667,36.76261],[-84.29555,36.76315],[-84.29622,36.76477],[-84.29352,36.76513],[-84.2924,36.76315],[-84.29172,36.76387],[-84.29105,36.76387],[-84.29082,36.76243],[-84.2888,36.76225],[-84.2879,36.76171],[-84.28633,36.75775],[-84.28475,36.75631],[-84.28408,36.75487],[-84.28341,36.75433],[-84.28093,36.75397],[-84.28093,36.75343],[-84.28498,36.75127]]]]},"properties":{"kind":"2fer","acres":3289,"areas":["Daniel Boone National Forest","Cumberland River Wild River"],"types":["National Forest","Wild River (State)"],"pota":[["US-4484","Daniel Boone National Forest"],["US-10103","The Cumberland River Wilderness Area"]],"kff":[["KFF-4511","Daniel Boone"],["KFF-6873","William H. Martin"]],"sota":[]}},{"type":"Feature","geometry":{"type":"MultiPolygon","coordinates":[[[[-84.66579,36.7603],[-84.66602,36.76138],[-84.66489,36.7621],[-84.6595,36.7621],[-84.65883,36.76354],[-84.65838,36.7639],[-84.6568,36.76408],[-84.65478,36.76696],[-84.65276,36.76822],[-84.65006,36.76822],[-84.64714,36.76696],[-84.64399,36.7666],[-84.64174,36.76696],[-84.6413,36.76732],[-84.64152,36.76984],[-84.64085,36.7702],[-84.63905,36.77002],[-84.63635,36.76894],[-84.63455,36.76876],[-84.6341,36.76948],[-84.6359,36.77236],[-84.6359,36.77308],[-84.6332,36.77434],[-84.63253,36.77506],[-84.63388,36.77974],[-84.63276,36.7801],[-84.63006,36.7801],[-84.62466,36.77956],[-84.62399,36.78046],[-84.62377,36.78244],[-84.62287,36.7837],[-84.62332,36.78496],[-84.62646,36.78784],[-84.62781,36.78766],[-84.62804,36.78712],[-84.62961,36.78604],[-84.63073,36.78622],[-84.63073,36.78766],[-84.62556,36.79162],[-84.62421,36.79342],[-84.62309,36.79414],[-84.62219,36.79396],[-84.62039,36.79234],[-84.61905,36.7927],[-84.61815,36.79504],[-84.6168,36.79576],[-84.61567,36.79558],[-84.61275,36.79396],[-84.61006,36.79378],[-84.60871,36.79414],[-84.60781,36.79522],[-84.60848,36.79702],[-84.60848,36.79918],[-84.60736,36.80062],[-84.60646,36.80062],[-84.60376,36.79936],[-84.59972,36.79864],[-84.59657,36.799],[-84.59612,36.79954],[-84.59635,36.80026],[-84.59994,36.80242],[-84.60107,36.80476],[-84.60309,36.80638],[-84.60309,36.8071],[-84.60241,36.80764],[-84.60107,36.80782],[-84.59904,36.80872],[-84.59837,36.80818],[-84.59747,36.8062],[-84.59657,36.80548],[-84.595,36.80548],[-84.59567,36.80476],[-84.59747,36.80512],[-84.59949,36.808],[-84.60197,36.80656],[-84.60017,36.80476],[-84.59882,36.80242],[-84.59545,36.80026],[-84.59545,36.799],[-84.59612,36.79774],[-84.5959,36.79504],[-84.59545,36.79414],[-84.59567,36.79216],[-84.59635,36.79216],[-84.59725,36.79342],[-84.59994,36.79522],[-84.59927,36.79684],[-84.59972,36.79756],[-84.60309,36.7981],[-84.60646,36.79936],[-84.60713,36.799],[-84.60736,36.7972],[-84.60668,36.79594],[-84.60668,36.79432],[-84.60803,36.79288],[-84.60983,36.79216],[-84.60938,36.78928],[-84.61118,36.78802],[-84.61433,36.78766],[-84.61545,36.78838],[-84.61567,36.79],[-84.61523,36.79144],[-84.61365,36.7936],[-84.61657,36.79468],[-84.6195,36.79108],[-84.62219,36.79],[-84.62332,36.79],[-84.62489,36.79108],[-84.62983,36.7873],[-84.62938,36.78694],[-84.62804,36.78748],[-84.62736,36.78856],[-84.62399,36.7882],[-84.62264,36.78748],[-84.62242,36.7864],[-84.62129,36.7855],[-84.62084,36.78442],[-84.6195,36.7837],[-84.6195,36.78262],[-84.62152,36.78136],[-84.62242,36.77938],[-84.62399,36.77776],[-84.62534,36.7729],[-84.62579,36.7729],[-84.62624,36.77434],[-84.62714,36.77542],[-84.62691,36.7774],[-84.62804,36.77884],[-84.63231,36.77884],[-84.63276,36.77848],[-84.63141,36.77614],[-84.63118,36.7738],[-84.62983,36.77218],[-84.62916,36.77056],[-84.63163,36.76822],[-84.63343,36.76732],[-84.63343,36.7666],[-84.63433,36.76552],[-84.63523,36.76534],[-84.6359,36.76624],[-84.6368,36.76642],[-84.63703,36.76696],[-84.63658,36.76786],[-84.63815,36.76858],[-84.63927,36.76858],[-84.63995,36.76732],[-84.64197,36.76552],[-84.64399,36.7657],[-84.64512,36.76516],[-84.64624,36.76516],[-84.64736,36.76606],[-84.64939,36.76624],[-84.65029,36.76588],[-84.65073,36.76642],[-84.65208,36.76678],[-84.65411,36.76588],[-84.65568,36.76354],[-84.65725,36.76228],[-84.6586,36.76174],[-84.65927,36.76048],[-84.66062,36.7594],[-84.6613,36.7594],[-84.66467,36.76084],[-84.66579,36.7603]]],[[[-84.66422,36.75634],[-84.66512,36.75562],[-84.66692,36.75562],[-84.67029,36.75814],[-84.67231,36.75868],[-84.67276,36.75922],[-84.67456,36.75868],[-84.67658,36.75868],[-84.67725,36.75904],[-84.67748,36.75976],[-84.67613,36.76066],[-84.67366,36.76138],[-84.67029,36.7585],[-84.66849,36.75796],[-84.66557,36.75634],[-84.66467,36.75688],[-84.66467,36.7585],[-84.66422,36.7585],[-84.66422,36.75634]]]]},"properties":{"kind":"2fer","acres":762,"areas":["Daniel Boone National Forest","Little South Fork Wild River"],"types":["National Forest","Wild River (State)"],"pota":[["US-4484","Daniel Boone National Forest"],["US-7962","Little South Fork State Natural Area"]],"kff":[["KFF-4511","Daniel Boone"],["KFF-6873","William H. Martin"],["KFF-6870","Little South Fork"]],"sota":[]}},{"type":"Feature","geometry":{"type":"MultiPolygon","coordinates":[[[[-83.52277,37.79874],[-83.52437,37.79802],[-83.52505,37.7982],[-83.52437,37.80054],[-83.52277,37.80216],[-83.52277,37.80288],[-83.52209,37.80324],[-83.52254,37.8036],[-83.52323,37.8036],[-83.52414,37.8045],[-83.5255,37.80486],[-83.52596,37.80414],[-83.52528,37.8036],[-83.52459,37.80198],[-83.5255,37.80126],[-83.52642,37.80108],[-83.52824,37.80162],[-83.52915,37.80306],[-83.52983,37.80252],[-83.5312,37.80234],[-83.53143,37.80306],[-83.53029,37.80432],[-83.53393,37.80486],[-83.53462,37.8054],[-83.5353,37.80792],[-83.53712,37.80918],[-83.53804,37.80612],[-83.53895,37.80576],[-83.53986,37.80576],[-83.541,37.8063],[-83.54168,37.80612],[-83.54054,37.8045],[-83.54031,37.8027],[-83.54123,37.80306],[-83.54214,37.80468],[-83.54373,37.80558],[-83.54419,37.80504],[-83.54487,37.80162],[-83.54555,37.80108],[-83.54647,37.80108],[-83.54669,37.80252],[-83.54624,37.80468],[-83.5476,37.8054],[-83.54738,37.80702],[-83.54669,37.8081],[-83.54715,37.80846],[-83.54943,37.80864],[-83.55034,37.80918],[-83.54988,37.80972],[-83.54874,37.80954],[-83.54738,37.8099],[-83.54669,37.80954],[-83.54647,37.8099],[-83.5476,37.81044],[-83.54783,37.81134],[-83.5492,37.81224],[-83.55034,37.81458],[-83.55079,37.81476],[-83.55102,37.8144],[-83.55193,37.8144],[-83.55148,37.81548],[-83.55239,37.81602],[-83.55239,37.81638],[-83.5533,37.81692],[-83.55398,37.81656],[-83.55353,37.8144],[-83.5549,37.81296],[-83.55581,37.81296],[-83.55649,37.81368],[-83.55649,37.81674],[-83.55717,37.8171],[-83.55991,37.8171],[-83.55991,37.81782],[-83.55945,37.81818],[-83.55831,37.81818],[-83.55763,37.81854],[-83.55786,37.8198],[-83.56173,37.81908],[-83.5631,37.81818],[-83.56424,37.81836],[-83.56515,37.81764],[-83.56674,37.81818],[-83.56788,37.81818],[-83.5672,37.82034],[-83.56492,37.82178],[-83.56424,37.82286],[-83.56446,37.8234],[-83.57016,37.81872],[-83.57221,37.81836],[-83.57381,37.8216],[-83.57358,37.82304],[-83.57221,37.82394],[-83.5713,37.82394],[-83.57062,37.82322],[-83.56948,37.82268],[-83.56902,37.82466],[-83.56674,37.8261],[-83.56674,37.82682],[-83.56765,37.8279],[-83.56743,37.83006],[-83.56652,37.83006],[-83.56538,37.82934],[-83.56492,37.82772],[-83.56355,37.82736],[-83.56287,37.82646],[-83.5615,37.82682],[-83.56059,37.82664],[-83.56059,37.82304],[-83.55922,37.82322],[-83.55922,37.82268],[-83.56059,37.82196],[-83.56036,37.82142],[-83.55626,37.82304],[-83.5549,37.82286],[-83.55376,37.82322],[-83.55102,37.82286],[-83.55011,37.82232],[-83.55011,37.82178],[-83.55216,37.8207],[-83.55398,37.82034],[-83.55467,37.8198],[-83.55467,37.81926],[-83.55148,37.81908],[-83.54966,37.81746],[-83.54806,37.81728],[-83.54647,37.81836],[-83.54578,37.81836],[-83.5451,37.8171],[-83.54419,37.81656],[-83.54419,37.81584],[-83.54647,37.81386],[-83.54647,37.8135],[-83.54373,37.80972],[-83.54396,37.80864],[-83.54601,37.80648],[-83.54578,37.8063],[-83.54328,37.80792],[-83.541,37.80774],[-83.54031,37.80936],[-83.53895,37.80936],[-83.53849,37.81044],[-83.53872,37.81296],[-83.53758,37.81314],[-83.5369,37.8117],[-83.53507,37.80972],[-83.53348,37.81152],[-83.53257,37.81116],[-83.53257,37.81044],[-83.53325,37.80954],[-83.53325,37.80864],[-83.5328,37.8081],[-83.53166,37.80882],[-83.53074,37.80882],[-83.53302,37.80576],[-83.53257,37.8054],[-83.53143,37.80522],[-83.53052,37.80594],[-83.52938,37.80612],[-83.52801,37.80504],[-83.52778,37.80576],[-83.52642,37.80666],[-83.52437,37.80648],[-83.52323,37.80702],[-83.52323,37.80504],[-83.52209,37.80414],[-83.52049,37.80432],[-83.52049,37.8036],[-83.52118,37.80324],[-83.52368,37.8],[-83.52277,37.79874]]],[[[-83.51844,37.79478],[-83.5189,37.79478],[-83.51912,37.79586],[-83.52095,37.7973],[-83.52231,37.79712],[-83.52209,37.79838],[-83.52118,37.7982],[-83.51867,37.7964],[-83.51799,37.7955],[-83.51844,37.79478]]]]},"properties":{"kind":"2fer","acres":781,"areas":["Daniel Boone National Forest","Red River Wild River"],"types":["National Forest","Wild River (State)"],"pota":[["US-4484","Daniel Boone National Forest"],["US-10104","Red River National Wild and Scenic River"]],"kff":[["KFF-4511","Daniel Boone"],["KFF-6873","William H. Martin"],["KFF-7268","Red River"]],"sota":[]}},{"type":"Feature","geometry":{"type":"MultiPolygon","coordinates":[[[[-84.74398,36.60283],[-84.74376,36.60337],[-84.74241,36.60355],[-84.74219,36.60571],[-84.74152,36.60661],[-84.74062,36.60697],[-84.73793,36.60697],[-84.73703,36.60805],[-84.73815,36.60877],[-84.74062,36.60931],[-84.74152,36.61039],[-84.74264,36.61039],[-84.74398,36.61093],[-84.74466,36.61165],[-84.74466,36.61345],[-84.74421,36.61435],[-84.74039,36.61417],[-84.73995,36.61471],[-84.73995,36.61723],[-84.73927,36.61813],[-84.73927,36.61903],[-84.73972,36.61957],[-84.74129,36.62011],[-84.74152,36.62173],[-84.74017,36.62245],[-84.73748,36.62263],[-84.73591,36.62209],[-84.73546,36.62119],[-84.73434,36.62083],[-84.73344,36.61975],[-84.73209,36.61957],[-84.73142,36.62011],[-84.73164,36.62137],[-84.73254,36.62227],[-84.73209,36.62389],[-84.73322,36.62533],[-84.73322,36.62587],[-84.73254,36.62659],[-84.73187,36.62929],[-84.7312,36.62965],[-84.73097,36.63037],[-84.73232,36.63073],[-84.73322,36.63019],[-84.73434,36.63019],[-84.73479,36.63055],[-84.73523,36.63235],[-84.73479,36.63523],[-84.73411,36.63541],[-84.73277,36.63685],[-84.73097,36.63685],[-84.7303,36.63721],[-84.7294,36.63721],[-84.72895,36.63685],[-84.72873,36.63793],[-84.72783,36.63793],[-84.72693,36.63739],[-84.72671,36.63775],[-84.72716,36.63865],[-84.72648,36.63901],[-84.72491,36.63865],[-84.72334,36.63901],[-84.72222,36.63865],[-84.72177,36.63667],[-84.722,36.63523],[-84.72087,36.63451],[-84.71796,36.63523],[-84.71773,36.63649],[-84.71886,36.63757],[-84.71953,36.63757],[-84.7193,36.64027],[-84.71751,36.64099],[-84.71818,36.64153],[-84.71886,36.64369],[-84.71773,36.64477],[-84.71773,36.64603],[-84.71571,36.64675],[-84.71527,36.64747],[-84.7128,36.64819],[-84.71145,36.64981],[-84.7119,36.65035],[-84.7119,36.65125],[-84.71145,36.65233],[-84.70831,36.65359],[-84.70719,36.65359],[-84.70607,36.65233],[-84.70562,36.65269],[-84.70562,36.65359],[-84.70382,36.65377],[-84.70225,36.65359],[-84.70001,36.65269],[-84.69956,36.65161],[-84.69866,36.65233],[-84.69821,36.65341],[-84.69754,36.65341],[-84.69709,36.65287],[-84.69664,36.65305],[-84.69687,36.65413],[-84.69619,36.65485],[-84.69709,36.65521],[-84.69754,36.65629],[-84.69687,36.65737],[-84.69799,36.65791],[-84.69821,36.65917],[-84.69844,36.65881],[-84.69956,36.65881],[-84.70001,36.65917],[-84.70023,36.66205],[-84.70001,36.66241],[-84.69866,36.66277],[-84.69911,36.66403],[-84.69821,36.66439],[-84.69597,36.66421],[-84.69552,36.66457],[-84.69507,36.66781],[-84.69418,36.66907],[-84.69216,36.67051],[-84.68901,36.67141],[-84.68565,36.67177],[-84.68408,36.67069],[-84.68453,36.66943],[-84.68408,36.66871],[-84.68341,36.66979],[-84.68251,36.66979],[-84.68161,36.67051],[-84.67982,36.67105],[-84.67802,36.67087],[-84.67735,36.67141],[-84.67757,36.67267],[-84.67398,36.67537],[-84.67196,36.67537],[-84.67039,36.67627],[-84.6677,36.67609],[-84.66591,36.67519],[-84.66568,36.67339],[-84.66478,36.67321],[-84.66299,36.67411],[-84.66232,36.67411],[-84.65962,36.67231],[-84.65895,36.67087],[-84.6594,36.66997],[-84.65828,36.66925],[-84.65805,36.66799],[-84.6603,36.66637],[-84.65917,36.66565],[-84.6585,36.66277],[-84.65715,36.66277],[-84.65648,36.66151],[-84.65536,36.66205],[-84.65536,36.66385],[-84.65424,36.66457],[-84.65132,36.66493],[-84.6493,36.66349],[-84.64818,36.66421],[-84.64639,36.66403],[-84.64639,36.66565],[-84.64437,36.66637],[-84.64347,36.66637],[-84.64257,36.66511],[-84.64122,36.66529],[-84.64078,36.66493],[-84.64055,36.66295],[-84.63965,36.66241],[-84.63965,36.66421],[-84.63898,36.66421],[-84.63876,36.66385],[-84.63831,36.66493],[-84.63898,36.66583],[-84.63876,36.66673],[-84.63562,36.66619],[-84.63494,36.66547],[-84.63427,36.66565],[-84.63472,36.66655],[-84.63449,36.66709],[-84.63292,36.66691],[-84.6318,36.66601],[-84.63113,36.66619],[-84.63158,36.66745],[-84.63405,36.66853],[-84.63405,36.66889],[-84.6327,36.66943],[-84.63247,36.66997],[-84.63292,36.67105],[-84.6309,36.67267],[-84.62978,36.67285],[-84.62888,36.67195],[-84.62799,36.67195],[-84.62687,36.67483],[-84.62485,36.67537],[-84.62395,36.67465],[-84.62372,36.67339],[-84.62328,36.67303],[-84.62238,36.67303],[-84.62058,36.67195],[-84.62036,36.67267],[-84.62103,36.67429],[-84.62058,36.67465],[-84.61946,36.67429],[-84.61879,36.67537],[-84.61767,36.67537],[-84.6161,36.67375],[-84.61654,36.67231],[-84.61542,36.67159],[-84.61587,36.66997],[-84.61475,36.66943],[-84.61453,36.66781],[-84.61273,36.66691],[-84.61273,36.66781],[-84.61363,36.66817],[-84.61408,36.66889],[-84.61385,36.67033],[-84.61295,36.67087],[-84.61228,36.67069],[-84.61138,36.67231],[-84.60914,36.67339],[-84.60757,36.67321],[-84.60667,36.67177],[-84.60578,36.67213],[-84.60398,36.67195],[-84.60308,36.67249],[-84.60174,36.67177],[-84.60106,36.67321],[-84.60196,36.67357],[-84.60241,36.67429],[-84.60219,36.67753],[-84.60061,36.67825],[-84.59904,36.68005],[-84.59702,36.67987],[-84.59658,36.68203],[-84.59433,36.68203],[-84.59523,36.68275],[-84.59792,36.68329],[-84.5977,36.68509],[-84.59837,36.68563],[-84.59815,36.68689],[-84.59658,36.69031],[-84.59478,36.69229],[-84.59456,36.69355],[-84.5959,36.69409],[-84.59658,36.69517],[-84.59792,36.69607],[-84.59792,36.69769],[-84.5968,36.70183],[-84.59478,36.70309],[-84.59433,36.70435],[-84.59366,36.70489],[-84.59052,36.70309],[-84.58985,36.70219],[-84.59029,36.70039],[-84.58917,36.69985],[-84.58895,36.69859],[-84.5867,36.69769],[-84.58536,36.69769],[-84.58446,36.69499],[-84.58558,36.69373],[-84.58513,36.69265],[-84.58648,36.69175],[-84.58693,36.68797],[-84.59029,36.68725],[-84.58805,36.68653],[-84.58693,36.68491],[-84.58693,36.68365],[-84.58401,36.68365],[-84.58424,36.68239],[-84.58289,36.68149],[-84.58267,36.67969],[-84.58424,36.67771],[-84.58603,36.67681],[-84.58626,36.67573],[-84.5885,36.67411],[-84.58985,36.67393],[-84.59164,36.67555],[-84.59231,36.67519],[-84.59231,36.67465],[-84.59119,36.67357],[-84.58917,36.67249],[-84.58917,36.67195],[-84.59119,36.66997],[-84.59299,36.67051],[-84.59523,36.66979],[-84.59613,36.66745],[-84.59568,36.66583],[-84.59725,36.66475],[-84.59747,36.66313],[-84.59837,36.66205],[-84.60241,36.66205],[-84.60533,36.66295],[-84.60735,36.66277],[-84.61004,36.65989],[-84.61094,36.65989],[-84.61183,36.65881],[-84.61295,36.65881],[-84.6134,36.65971],[-84.61385,36.65935],[-84.61385,36.65863],[-84.61453,36.65845],[-84.61542,36.65917],[-84.61744,36.65935],[-84.61901,36.65989],[-84.61991,36.66061],[-84.61991,36.66151],[-84.61901,36.66277],[-84.61946,36.66295],[-84.62036,36.66241],[-84.62126,36.66241],[-84.62126,36.66367],[-84.62058,36.66493],[-84.62171,36.66601],[-84.6235,36.66601],[-84.62417,36.66673],[-84.62507,36.66493],[-84.62462,36.66457],[-84.6235,36.66457],[-84.62305,36.66313],[-84.62552,36.66295],[-84.62417,36.66061],[-84.62529,36.65971],[-84.62619,36.65971],[-84.62799,36.65845],[-84.62866,36.65863],[-84.62956,36.66061],[-84.63068,36.66007],[-84.6327,36.65989],[-84.63292,36.65935],[-84.6309,36.65791],[-84.6309,36.65719],[-84.63203,36.65611],[-84.63337,36.65629],[-84.63472,36.65593],[-84.63494,36.65503],[-84.63562,36.65485],[-84.63651,36.65575],[-84.63651,36.65647],[-84.63741,36.65683],[-84.63831,36.65629],[-84.63786,36.65485],[-84.63876,36.65431],[-84.63876,36.65377],[-84.64033,36.65413],[-84.641,36.65359],[-84.64212,36.65359],[-84.64437,36.65431],[-84.64526,36.65503],[-84.64504,36.65647],[-84.64392,36.65827],[-84.64594,36.65827],[-84.64616,36.65719],[-84.64796,36.65665],[-84.6493,36.65503],[-84.65087,36.65503],[-84.6511,36.65611],[-84.65155,36.65629],[-84.65199,36.65593],[-84.65177,36.65377],[-84.65244,36.65305],[-84.65514,36.65233],[-84.6576,36.65215],[-84.65873,36.65251],[-84.65917,36.65323],[-84.65895,36.65449],[-84.6594,36.65503],[-84.6603,36.65503],[-84.66097,36.65377],[-84.66254,36.65377],[-84.66501,36.65539],[-84.66501,36.65701],[-84.66635,36.65701],[-84.66748,36.65773],[-84.66882,36.66025],[-84.66882,36.66115],[-84.6677,36.66331],[-84.66815,36.66385],[-84.66994,36.66439],[-84.67264,36.66223],[-84.67421,36.66043],[-84.676,36.66007],[-84.67847,36.65845],[-84.68184,36.65827],[-84.68251,36.65683],[-84.68475,36.65719],[-84.6843,36.65611],[-84.68296,36.65521],[-84.68318,36.65395],[-84.6843,36.65215],[-84.6861,36.65053],[-84.68767,36.65035],[-84.68812,36.64855],[-84.68946,36.64783],[-84.69081,36.64639],[-84.6935,36.64513],[-84.6935,36.64459],[-84.69418,36.64423],[-84.69418,36.64369],[-84.69552,36.64225],[-84.69821,36.64315],[-84.69911,36.64261],[-84.69934,36.64045],[-84.70091,36.64045],[-84.7018,36.64135],[-84.7045,36.64171],[-84.70562,36.64135],[-84.70629,36.64045],[-84.70809,36.63937],[-84.70831,36.63631],[-84.70943,36.63469],[-84.70898,36.63217],[-84.71078,36.63199],[-84.71033,36.62983],[-84.71325,36.62803],[-84.7137,36.62803],[-84.71459,36.62893],[-84.71527,36.62893],[-84.71616,36.62983],[-84.71661,36.62929],[-84.71661,36.62695],[-84.71751,36.62605],[-84.7193,36.62569],[-84.72043,36.62713],[-84.72087,36.62677],[-84.72087,36.62587],[-84.72289,36.62497],[-84.7211,36.62155],[-84.722,36.62101],[-84.72177,36.62029],[-84.72245,36.61939],[-84.72424,36.61957],[-84.72446,36.61813],[-84.72402,36.61723],[-84.72626,36.61381],[-84.72626,36.61219],[-84.72716,36.61147],[-84.73007,36.61201],[-84.73209,36.61345],[-84.73277,36.61453],[-84.73366,36.61471],[-84.73411,36.61435],[-84.73411,36.61165],[-84.73299,36.61057],[-84.73187,36.61039],[-84.73209,36.60895],[-84.72985,36.60859],[-84.72873,36.60751],[-84.72873,36.60679],[-84.73052,36.60571],[-84.7312,36.60463],[-84.73209,36.60463],[-84.73277,36.60517],[-84.73322,36.60499],[-84.73299,36.60229],[-84.74398,36.60283]]]]},"properties":{"kind":"2fer","acres":6361,"areas":["Daniel Boone National Forest","Rock Creek Wild River"],"types":["National Forest","Wild River (State)"],"pota":[["US-4484","Daniel Boone National Forest"],["US-10111","Rock Creek National Wild and Scenic River"]],"kff":[["KFF-4511","Daniel Boone"],["KFF-6873","William H. Martin"]],"sota":[]}},{"type":"Feature","geometry":{"type":"MultiPolygon","coordinates":[[[[-84.31047,37.03075],[-84.31047,37.03165],[-84.30663,37.03705],[-84.30686,37.03741],[-84.30911,37.03615],[-84.31272,37.03597],[-84.31408,37.03471],[-84.31475,37.03471],[-84.31566,37.03597],[-84.31566,37.03723],[-84.31791,37.03867],[-84.31904,37.03885],[-84.3204,37.03795],[-84.3213,37.03813],[-84.31972,37.04065],[-84.31995,37.04209],[-84.32062,37.04299],[-84.32017,37.04497],[-84.32062,37.04533],[-84.32198,37.04533],[-84.32175,37.04659],[-84.32378,37.04749],[-84.32401,37.04857],[-84.32265,37.04983],[-84.31927,37.04947],[-84.31837,37.04983],[-84.31837,37.05199],[-84.31995,37.05361],[-84.31995,37.05415],[-84.31859,37.05487],[-84.31859,37.05595],[-84.3204,37.05793],[-84.32288,37.05901],[-84.32423,37.05901],[-84.32784,37.05757],[-84.32875,37.05757],[-84.32988,37.05811],[-84.3301,37.06117],[-84.3283,37.06135],[-84.32807,37.06225],[-84.32875,37.06351],[-84.32739,37.06387],[-84.32649,37.06621],[-84.32717,37.06675],[-84.32739,37.06819],[-84.33033,37.06963],[-84.33033,37.07035],[-84.32988,37.07071],[-84.32807,37.07089],[-84.32672,37.07197],[-84.32581,37.07215],[-84.32468,37.07341],[-84.32311,37.07395],[-84.32085,37.07377],[-84.31972,37.07269],[-84.31904,37.07341],[-84.31724,37.07737],[-84.31475,37.07953],[-84.31363,37.08007],[-84.31092,37.08007],[-84.30889,37.08079],[-84.31024,37.08151],[-84.31024,37.08205],[-84.30911,37.08277],[-84.30911,37.08367],[-84.30798,37.08367],[-84.30663,37.08241],[-84.30663,37.08133],[-84.30573,37.08043],[-84.30505,37.08169],[-84.30595,37.08241],[-84.30595,37.08313],[-84.30528,37.08439],[-84.30437,37.08511],[-84.30505,37.08745],[-84.30166,37.08979],[-84.30212,37.09249],[-84.30099,37.09339],[-84.29986,37.09339],[-84.29828,37.09177],[-84.2967,37.09141],[-84.29557,37.08961],[-84.29377,37.08943],[-84.29173,37.08997],[-84.29083,37.08925],[-84.29015,37.08925],[-84.28903,37.09015],[-84.28654,37.09015],[-84.28632,37.09051],[-84.2888,37.09321],[-84.2897,37.09627],[-84.28745,37.09789],[-84.287,37.09969],[-84.28451,37.09951],[-84.28271,37.10077],[-84.28226,37.10149],[-84.28451,37.10311],[-84.28519,37.10437],[-84.2879,37.10671],[-84.29264,37.10905],[-84.29309,37.10959],[-84.29286,37.11049],[-84.29467,37.11211],[-84.29557,37.11211],[-84.29625,37.11301],[-84.29625,37.11535],[-84.2958,37.11607],[-84.29422,37.11625],[-84.29264,37.11733],[-84.28948,37.11751],[-84.2888,37.11697],[-84.2879,37.11823],[-84.28609,37.11733],[-84.28496,37.11751],[-84.28406,37.11607],[-84.28316,37.11625],[-84.28158,37.11589],[-84.28,37.11733],[-84.28068,37.11859],[-84.28203,37.11949],[-84.28451,37.11949],[-84.28474,37.12021],[-84.28609,37.12093],[-84.287,37.12075],[-84.28812,37.12111],[-84.28858,37.12075],[-84.28993,37.12093],[-84.29061,37.12021],[-84.29173,37.12021],[-84.29512,37.11787],[-84.2958,37.11787],[-84.29647,37.11931],[-84.2976,37.11985],[-84.30031,37.12021],[-84.30099,37.12075],[-84.30099,37.12165],[-84.29963,37.12345],[-84.30099,37.12669],[-84.30054,37.12831],[-84.29896,37.12849],[-84.29805,37.12921],[-84.29715,37.12939],[-84.29557,37.12777],[-84.29489,37.12867],[-84.29377,37.12885],[-84.29309,37.12831],[-84.29151,37.12957],[-84.29399,37.13191],[-84.29354,37.13281],[-84.29377,37.13353],[-84.29693,37.13515],[-84.29693,37.13623],[-84.29828,37.13947],[-84.29828,37.14145],[-84.29535,37.14199],[-84.29467,37.14091],[-84.29377,37.14037],[-84.29354,37.14163],[-84.29693,37.14451],[-84.29647,37.14559],[-84.2976,37.14739],[-84.29625,37.14775],[-84.29647,37.14847],[-84.29873,37.14901],[-84.29896,37.14991],[-84.2976,37.15063],[-84.29783,37.15207],[-84.2967,37.15243],[-84.29399,37.15549],[-84.29286,37.15603],[-84.29015,37.15567],[-84.29015,37.15765],[-84.29128,37.16089],[-84.29264,37.16161],[-84.29557,37.16197],[-84.29918,37.16377],[-84.30121,37.16575],[-84.30212,37.16845],[-84.30212,37.17007],[-84.30054,37.17223],[-84.30009,37.17385],[-84.29918,37.17403],[-84.29873,37.17313],[-84.29693,37.17223],[-84.2967,37.16845],[-84.2958,37.16755],[-84.29399,37.16719],[-84.29151,37.16863],[-84.29038,37.16881],[-84.28812,37.16683],[-84.28564,37.16179],[-84.28451,37.15837],[-84.28564,37.15495],[-84.28564,37.15423],[-84.28451,37.15351],[-84.28496,37.15225],[-84.28474,37.15081],[-84.28722,37.15027],[-84.28835,37.14937],[-84.28812,37.14829],[-84.28677,37.14775],[-84.28632,37.14541],[-84.2879,37.14505],[-84.28858,37.14451],[-84.28858,37.14361],[-84.28903,37.14325],[-84.28903,37.14235],[-84.28767,37.14145],[-84.287,37.14037],[-84.28722,37.13947],[-84.28835,37.13839],[-84.2888,37.13731],[-84.28835,37.13659],[-84.28519,37.13659],[-84.28496,37.13551],[-84.28745,37.13407],[-84.28835,37.13299],[-84.28812,37.13227],[-84.28632,37.13209],[-84.28587,37.12939],[-84.28722,37.12849],[-84.2888,37.12615],[-84.28722,37.12615],[-84.28654,37.12561],[-84.28384,37.12561],[-84.28316,37.12489],[-84.28203,37.12597],[-84.28135,37.12597],[-84.2809,37.12525],[-84.28135,37.12291],[-84.2809,37.12255],[-84.27887,37.12219],[-84.27752,37.12309],[-84.27684,37.12309],[-84.27684,37.12003],[-84.27594,37.11823],[-84.27639,37.11535],[-84.27955,37.11247],[-84.28271,37.11301],[-84.28654,37.11283],[-84.2879,37.11337],[-84.2888,37.11337],[-84.28948,37.11283],[-84.28858,37.11121],[-84.2879,37.11085],[-84.28677,37.11085],[-84.28632,37.10959],[-84.28429,37.10815],[-84.28293,37.10779],[-84.28068,37.10527],[-84.27864,37.10509],[-84.27503,37.10581],[-84.27481,37.10491],[-84.27639,37.10311],[-84.27594,37.10113],[-84.2791,37.09933],[-84.27955,37.09861],[-84.2818,37.09699],[-84.28248,37.09591],[-84.28384,37.09501],[-84.28384,37.09393],[-84.28271,37.09321],[-84.28203,37.09213],[-84.2818,37.08817],[-84.28293,37.08781],[-84.28406,37.08673],[-84.28587,37.08673],[-84.287,37.08709],[-84.287,37.08601],[-84.28767,37.08511],[-84.28948,37.08565],[-84.29286,37.08565],[-84.29512,37.08601],[-84.29693,37.08511],[-84.30009,37.08277],[-84.29963,37.08097],[-84.30076,37.08025],[-84.29941,37.07953],[-84.29851,37.07809],[-84.29851,37.07719],[-84.29896,37.07683],[-84.30076,37.07719],[-84.30347,37.07683],[-84.30573,37.07611],[-84.30618,37.07557],[-84.30708,37.07575],[-84.30753,37.07485],[-84.30844,37.07485],[-84.31182,37.07593],[-84.31295,37.07485],[-84.31205,37.07377],[-84.31227,37.07269],[-84.31453,37.07107],[-84.31588,37.06927],[-84.31791,37.06801],[-84.3213,37.06495],[-84.32175,37.06297],[-84.32017,37.06243],[-84.31769,37.06351],[-84.31724,37.06315],[-84.31701,37.06153],[-84.31498,37.05991],[-84.3143,37.05883],[-84.31385,37.05667],[-84.3134,37.05631],[-84.31182,37.05685],[-84.31114,37.05541],[-84.31114,37.05469],[-84.3125,37.05415],[-84.31408,37.04749],[-84.31521,37.04569],[-84.31521,37.04191],[-84.31385,37.04155],[-84.3125,37.03975],[-84.31092,37.03993],[-84.30979,37.04065],[-84.30979,37.04137],[-84.30911,37.04191],[-84.30979,37.04443],[-84.30889,37.04461],[-84.3055,37.04317],[-84.30324,37.04353],[-84.30212,37.04281],[-84.30076,37.04263],[-84.29941,37.04173],[-84.29715,37.04191],[-84.29693,37.04155],[-84.29715,37.04101],[-84.29896,37.04083],[-84.30076,37.04011],[-84.30076,37.03723],[-84.30437,37.03273],[-84.30595,37.02985],[-84.31047,37.03075]],[[-84.30663,37.03723],[-84.30528,37.03813],[-84.30482,37.03885],[-84.30505,37.03939],[-84.30686,37.03759],[-84.30663,37.03723]]]]},"properties":{"kind":"2fer","acres":3644,"areas":["Daniel Boone National Forest","Rockcastle River Wild River"],"types":["National Forest","Wild River (State)"],"pota":[["US-4484","Daniel Boone National Forest"],["US-10106","The Rockcastle National Wild and Scenic River"]],"kff":[["KFF-4511","Daniel Boone"],["KFF-6873","William H. Martin"]],"sota":[]}},{"type":"Feature","geometry":{"type":"MultiPolygon","coordinates":[[[[-83.60883,37.76831],[-83.60951,37.76867],[-83.60951,37.77029],[-83.6111,37.77173],[-83.6111,37.77227],[-83.61042,37.77299],[-83.60837,37.77371],[-83.60723,37.77515],[-83.60837,37.77695],[-83.60814,37.77893],[-83.60541,37.77893],[-83.60449,37.78001],[-83.60427,37.78181],[-83.60153,37.78415],[-83.60199,37.78523],[-83.60404,37.78541],[-83.60404,37.78595],[-83.6029,37.78649],[-83.60222,37.78739],[-83.59994,37.78721],[-83.59811,37.78937],[-83.59811,37.79027],[-83.59652,37.79063],[-83.59583,37.79117],[-83.59538,37.79117],[-83.59538,37.79045],[-83.59447,37.78991],[-83.5915,37.78973],[-83.59036,37.79045],[-83.59036,37.79117],[-83.59082,37.79153],[-83.59036,37.79333],[-83.5915,37.79441],[-83.59241,37.79459],[-83.59287,37.79531],[-83.59196,37.79693],[-83.59105,37.79765],[-83.59059,37.79981],[-83.58968,37.80071],[-83.59036,37.80251],[-83.59014,37.80395],[-83.58786,37.80647],[-83.58968,37.80701],[-83.58968,37.80935],[-83.58763,37.81115],[-83.58581,37.81115],[-83.58444,37.81151],[-83.58421,37.81187],[-83.5833,37.81187],[-83.58261,37.81241],[-83.58216,37.81439],[-83.58125,37.81493],[-83.57851,37.81529],[-83.57783,37.81601],[-83.57806,37.81745],[-83.57532,37.81835],[-83.57418,37.81961],[-83.57509,37.82105],[-83.57578,37.82141],[-83.5817,37.82105],[-83.58193,37.82159],[-83.58079,37.82285],[-83.58079,37.82447],[-83.58147,37.82537],[-83.5833,37.82555],[-83.58489,37.82627],[-83.58581,37.82627],[-83.58694,37.82555],[-83.58786,37.82069],[-83.58968,37.81961],[-83.59378,37.82033],[-83.59561,37.82105],[-83.59675,37.82195],[-83.5972,37.82267],[-83.59697,37.82645],[-83.59811,37.82753],[-83.59902,37.83041],[-83.60039,37.83131],[-83.60449,37.83059],[-83.60427,37.83239],[-83.60472,37.83293],[-83.60586,37.83311],[-83.60563,37.83365],[-83.60404,37.83437],[-83.60404,37.83491],[-83.60472,37.83527],[-83.60427,37.83653],[-83.60518,37.83707],[-83.60518,37.83743],[-83.60404,37.83815],[-83.60427,37.84049],[-83.6029,37.84139],[-83.60199,37.84445],[-83.60108,37.84463],[-83.59994,37.84553],[-83.59994,37.84679],[-83.5988,37.84877],[-83.59925,37.84913],[-83.60336,37.84877],[-83.60427,37.84895],[-83.60472,37.84949],[-83.60609,37.84931],[-83.60609,37.84967],[-83.60723,37.85003],[-83.60791,37.85075],[-83.60791,37.85129],[-83.60677,37.85255],[-83.60267,37.85237],[-83.60267,37.85291],[-83.60336,37.85327],[-83.60586,37.85345],[-83.60563,37.85453],[-83.60609,37.85507],[-83.60632,37.85723],[-83.60495,37.85687],[-83.60313,37.85507],[-83.60176,37.85579],[-83.60108,37.85579],[-83.60062,37.85489],[-83.60016,37.85525],[-83.5988,37.85525],[-83.59743,37.85651],[-83.5988,37.85741],[-83.59925,37.85831],[-83.60108,37.85777],[-83.60176,37.85795],[-83.60153,37.85921],[-83.59971,37.86047],[-83.59971,37.86083],[-83.60039,37.86101],[-83.6029,37.85993],[-83.60336,37.86011],[-83.60336,37.86083],[-83.60267,37.86137],[-83.60267,37.86263],[-83.60313,37.86299],[-83.60427,37.86299],[-83.60472,37.86245],[-83.60677,37.86227],[-83.60723,37.86317],[-83.60905,37.86389],[-83.61019,37.86497],[-83.61202,37.86497],[-83.61316,37.86551],[-83.61589,37.86497],[-83.61635,37.86569],[-83.61817,37.86695],[-83.61977,37.86713],[-83.62068,37.86785],[-83.62227,37.86803],[-83.62387,37.86893],[-83.62387,37.86929],[-83.62068,37.86857],[-83.61954,37.86911],[-83.6184,37.86821],[-83.61452,37.86821],[-83.61384,37.86785],[-83.61179,37.86821],[-83.61088,37.86767],[-83.61019,37.86821],[-83.60996,37.86929],[-83.60928,37.86947],[-83.60928,37.86839],[-83.60814,37.86695],[-83.60495,37.86749],[-83.60427,37.86677],[-83.60267,37.86623],[-83.60244,37.86641],[-83.60313,37.86731],[-83.60313,37.86857],[-83.60449,37.86911],[-83.60655,37.87109],[-83.60723,37.87073],[-83.6086,37.87109],[-83.60883,37.87181],[-83.60837,37.87253],[-83.60905,37.87289],[-83.60905,37.87343],[-83.60837,37.87379],[-83.6086,37.87415],[-83.61088,37.87433],[-83.61521,37.87307],[-83.61521,37.87343],[-83.6143,37.87397],[-83.6143,37.87451],[-83.61316,37.87505],[-83.61316,37.87559],[-83.61475,37.87685],[-83.61612,37.87703],[-83.61589,37.87793],[-83.6143,37.87829],[-83.61156,37.87649],[-83.6111,37.87901],[-83.61065,37.87901],[-83.61065,37.87829],[-83.60996,37.87775],[-83.60974,37.87685],[-83.60928,37.87649],[-83.6086,37.87667],[-83.60769,37.87577],[-83.60655,37.87577],[-83.60563,37.87415],[-83.60472,37.87343],[-83.60381,37.87325],[-83.60358,37.87235],[-83.60222,37.87109],[-83.60176,37.87145],[-83.60176,37.87415],[-83.60085,37.87433],[-83.6013,37.87487],[-83.60427,37.87523],[-83.60404,37.87649],[-83.60563,37.87847],[-83.60677,37.87847],[-83.60677,37.87955],[-83.60746,37.87973],[-83.60974,37.88189],[-83.61133,37.88243],[-83.6127,37.88405],[-83.61361,37.88423],[-83.61316,37.88531],[-83.61338,37.88711],[-83.61247,37.88693],[-83.61065,37.88459],[-83.60996,37.88531],[-83.60951,37.88531],[-83.60928,37.88423],[-83.607,37.88243],[-83.60632,37.88261],[-83.60609,37.88423],[-83.60563,37.88423],[-83.60404,37.88279],[-83.60404,37.88207],[-83.60518,37.88117],[-83.60472,37.88081],[-83.60381,37.88099],[-83.60381,37.87991],[-83.60108,37.87793],[-83.60062,37.87811],[-83.60016,37.87955],[-83.60039,37.88117],[-83.59994,37.88189],[-83.60062,37.88351],[-83.59971,37.88351],[-83.59925,37.88495],[-83.59834,37.88477],[-83.59743,37.88567],[-83.59606,37.88531],[-83.59378,37.88639],[-83.59287,37.88639],[-83.5915,37.88279],[-83.59082,37.88171],[-83.58991,37.88117],[-83.58808,37.88117],[-83.58763,37.88207],[-83.58626,37.88207],[-83.58535,37.88261],[-83.58512,37.88315],[-83.58626,37.88405],[-83.58786,37.88459],[-83.58831,37.88531],[-83.58717,37.88585],[-83.58581,37.88567],[-83.58535,37.88603],[-83.58489,37.88999],[-83.58512,37.89017],[-83.58694,37.88891],[-83.58808,37.88873],[-83.58831,37.89035],[-83.58945,37.89035],[-83.59014,37.89071],[-83.59219,37.89053],[-83.59219,37.89125],[-83.59105,37.89287],[-83.58694,37.89215],[-83.58649,37.89233],[-83.58672,37.89323],[-83.58877,37.89413],[-83.58877,37.89449],[-83.58763,37.89503],[-83.58831,37.89629],[-83.5874,37.89683],[-83.58854,37.89773],[-83.59036,37.89827],[-83.59036,37.89881],[-83.58945,37.89953],[-83.58922,37.90025],[-83.59105,37.90187],[-83.59059,37.90385],[-83.58854,37.90313],[-83.58831,37.90421],[-83.58763,37.90475],[-83.58717,37.90475],[-83.58626,37.90367],[-83.58672,37.90295],[-83.58626,37.89935],[-83.58558,37.89899],[-83.58421,37.89971],[-83.58284,37.89971],[-83.58261,37.89881],[-83.58421,37.89701],[-83.58444,37.89611],[-83.58375,37.89557],[-83.58239,37.89575],[-83.58216,37.89539],[-83.58261,37.89395],[-83.58353,37.89305],[-83.58239,37.89287],[-83.58193,37.89233],[-83.58216,37.89143],[-83.5817,37.89017],[-83.58216,37.88927],[-83.5817,37.88891],[-83.5817,37.88801],[-83.58216,37.88693],[-83.58147,37.88549],[-83.58261,37.88423],[-83.58216,37.88297],[-83.58102,37.88225],[-83.58102,37.88189],[-83.58239,37.88081],[-83.58239,37.88027],[-83.5817,37.87919],[-83.58011,37.87919],[-83.57942,37.87865],[-83.57988,37.87775],[-83.57806,37.87685],[-83.57851,37.87613],[-83.57965,37.87595],[-83.57988,37.87469],[-83.58056,37.87415],[-83.58034,37.87379],[-83.57851,37.87397],[-83.57851,37.87343],[-83.57965,37.87253],[-83.57988,37.87145],[-83.58056,37.87073],[-83.57965,37.87055],[-83.5776,37.87109],[-83.57509,37.87001],[-83.57509,37.87127],[-83.57441,37.87145],[-83.57441,37.87091],[-83.57281,37.87001],[-83.57167,37.87091],[-83.5719,37.87235],[-83.57099,37.87271],[-83.57122,37.87343],[-83.57008,37.87415],[-83.57008,37.87469],[-83.57236,37.87631],[-83.57259,37.87739],[-83.57053,37.87811],[-83.5719,37.87919],[-83.57418,37.88009],[-83.57532,37.88225],[-83.57281,37.88117],[-83.5719,37.88117],[-83.57076,37.88045],[-83.57031,37.88063],[-83.57031,37.88135],[-83.56894,37.88135],[-83.56871,37.88369],[-83.56803,37.88387],[-83.57053,37.88495],[-83.57076,37.88549],[-83.56826,37.88621],[-83.5678,37.88693],[-83.56917,37.88783],[-83.56917,37.88945],[-83.57099,37.89017],[-83.57008,37.89161],[-83.57099,37.89269],[-83.57099,37.89359],[-83.57236,37.89449],[-83.57213,37.89611],[-83.57304,37.89683],[-83.57304,37.89809],[-83.57418,37.89863],[-83.57418,37.89953],[-83.57486,37.89971],[-83.58011,37.89899],[-83.58011,37.89953],[-83.57897,37.90043],[-83.57897,37.90097],[-83.58125,37.90133],[-83.5817,37.90169],[-83.58102,37.90367],[-83.58125,37.90583],[-83.5792,37.90673],[-83.57623,37.90583],[-83.57578,37.90673],[-83.576,37.90817],[-83.57578,37.90871],[-83.57532,37.90871],[-83.57441,37.90763],[-83.57464,37.90601],[-83.57259,37.90367],[-83.57304,37.90241],[-83.57213,37.90187],[-83.57213,37.90043],[-83.57031,37.89917],[-83.57076,37.89827],[-83.56871,37.89557],[-83.56848,37.89395],[-83.56712,37.89233],[-83.56666,37.89017],[-83.56598,37.88945],[-83.56506,37.89089],[-83.56484,37.89431],[-83.56324,37.89521],[-83.56324,37.89611],[-83.56187,37.89611],[-83.56142,37.89647],[-83.56119,37.89773],[-83.55891,37.89719],[-83.55618,37.89827],[-83.55276,37.89791],[-83.55344,37.89719],[-83.55572,37.89701],[-83.55891,37.89557],[-83.56142,37.89359],[-83.5621,37.89125],[-83.56096,37.89071],[-83.56096,37.89017],[-83.56165,37.88963],[-83.56279,37.88945],[-83.5637,37.88783],[-83.56461,37.88747],[-83.56438,37.88657],[-83.56506,37.88513],[-83.56461,37.88459],[-83.56165,37.88459],[-83.56142,37.88369],[-83.56529,37.88189],[-83.56461,37.88099],[-83.56461,37.88027],[-83.56598,37.88009],[-83.56666,37.87937],[-83.56689,37.87847],[-83.56598,37.87721],[-83.56712,37.87595],[-83.56552,37.87541],[-83.56529,37.87469],[-83.56666,37.87397],[-83.56666,37.87289],[-83.56757,37.87217],[-83.56803,37.86947],[-83.56894,37.86875],[-83.56894,37.86767],[-83.56757,37.86623],[-83.56689,37.86767],[-83.5662,37.86767],[-83.56552,37.86659],[-83.56461,37.86641],[-83.56392,37.86695],[-83.56324,37.86857],[-83.56233,37.86911],[-83.56119,37.86911],[-83.56051,37.86875],[-83.56073,37.86569],[-83.55982,37.86551],[-83.55914,37.86659],[-83.55845,37.86659],[-83.55709,37.86569],[-83.55709,37.86965],[-83.55618,37.87109],[-83.55549,37.87109],[-83.55458,37.87055],[-83.55435,37.86551],[-83.55321,37.86461],[-83.55207,37.86515],[-83.55184,37.86695],[-83.55139,37.86695],[-83.54957,37.86551],[-83.54797,37.86641],[-83.54729,37.86731],[-83.54637,37.86749],[-83.54615,37.86947],[-83.54569,37.86947],[-83.54364,37.86515],[-83.54387,37.86425],[-83.54706,37.86353],[-83.54706,37.86227],[-83.54797,37.86173],[-83.5482,37.85993],[-83.55048,37.86065],[-83.55025,37.86209],[-83.55093,37.86245],[-83.55207,37.86119],[-83.55253,37.86119],[-83.55458,37.86245],[-83.55731,37.86281],[-83.55868,37.86371],[-83.55914,37.86335],[-83.55914,37.86263],[-83.55959,37.86245],[-83.55937,37.85993],[-83.56051,37.85939],[-83.56073,37.85867],[-83.56142,37.85867],[-83.56119,37.85939],[-83.56165,37.86047],[-83.56119,37.86119],[-83.56165,37.86263],[-83.56347,37.86371],[-83.5662,37.86335],[-83.56757,37.86245],[-83.56871,37.86101],[-83.56848,37.85957],[-83.56894,37.85903],[-83.56871,37.85831],[-83.56689,37.85651],[-83.56666,37.85543],[-83.5678,37.85543],[-83.56939,37.85363],[-83.56939,37.85291],[-83.56871,37.85255],[-83.56712,37.85273],[-83.56575,37.85147],[-83.56392,37.85183],[-83.56324,37.84733],[-83.56347,37.84571],[-83.56301,37.84535],[-83.56279,37.84355],[-83.56073,37.84355],[-83.55982,37.84319],[-83.55959,37.84229],[-83.55823,37.84049],[-83.5564,37.84067],[-83.55504,37.83887],[-83.55435,37.83635],[-83.55276,37.83491],[-83.55093,37.83419],[-83.55116,37.83347],[-83.55048,37.83293],[-83.54911,37.83329],[-83.54797,37.83221],[-83.54774,37.83149],[-83.54957,37.83059],[-83.54911,37.82807],[-83.54797,37.82645],[-83.54797,37.82483],[-83.54729,37.82555],[-83.54706,37.82753],[-83.54592,37.82771],[-83.54546,37.82591],[-83.54364,37.82645],[-83.54296,37.82555],[-83.54273,37.82609],[-83.54159,37.82591],[-83.54136,37.82645],[-83.54045,37.82663],[-83.54182,37.82789],[-83.54182,37.82915],[-83.54136,37.82915],[-83.53976,37.82771],[-83.53863,37.82753],[-83.5384,37.82807],[-83.53794,37.82807],[-83.53657,37.82699],[-83.53635,37.82807],[-83.5368,37.82969],[-83.53498,37.82987],[-83.53429,37.82825],[-83.53407,37.82879],[-83.53316,37.82897],[-83.53361,37.83095],[-83.5311,37.83005],[-83.52996,37.83113],[-83.52928,37.83113],[-83.52905,37.82951],[-83.52974,37.82789],[-83.53156,37.82789],[-83.53065,37.82609],[-83.5311,37.82501],[-83.53179,37.82483],[-83.53247,37.82663],[-83.53384,37.82627],[-83.53429,37.82501],[-83.53612,37.82429],[-83.53543,37.81961],[-83.53498,37.81835],[-83.53452,37.81817],[-83.53452,37.81619],[-83.53247,37.81439],[-83.53293,37.81115],[-83.53475,37.80845],[-83.53407,37.80665],[-83.53316,37.80575],[-83.53156,37.80521],[-83.52996,37.80521],[-83.52928,37.80485],[-83.52928,37.80431],[-83.53042,37.80359],[-83.53065,37.80179],[-83.5311,37.80143],[-83.53384,37.80089],[-83.53498,37.80233],[-83.53635,37.80143],[-83.53635,37.80107],[-83.53771,37.80053],[-83.53817,37.79945],[-83.53885,37.79945],[-83.54022,37.80035],[-83.54113,37.80035],[-83.54068,37.80125],[-83.54113,37.80341],[-83.5409,37.80413],[-83.54273,37.80683],[-83.54432,37.80683],[-83.54546,37.80593],[-83.54501,37.80485],[-83.54569,37.80287],[-83.54615,37.80287],[-83.54592,37.80395],[-83.5466,37.80539],[-83.54774,37.80539],[-83.54888,37.80467],[-83.54957,37.80467],[-83.55412,37.80683],[-83.55823,37.80503],[-83.55823,37.80395],[-83.55709,37.80395],[-83.55663,37.80323],[-83.55618,37.80089],[-83.55823,37.80053],[-83.55937,37.79909],[-83.55868,37.79621],[-83.55959,37.79603],[-83.55959,37.79513],[-83.56096,37.79387],[-83.56096,37.79063],[-83.56005,37.79045],[-83.56005,37.79009],[-83.56279,37.78757],[-83.56233,37.78613],[-83.56347,37.78559],[-83.56165,37.78487],[-83.56119,37.78361],[-83.56187,37.78289],[-83.56301,37.78307],[-83.56324,37.78271],[-83.56279,37.78235],[-83.55959,37.78235],[-83.56028,37.78055],[-83.56119,37.78055],[-83.56165,37.78019],[-83.56165,37.77947],[-83.56096,37.77911],[-83.56005,37.77983],[-83.55891,37.77983],[-83.55709,37.78199],[-83.55663,37.78199],[-83.55526,37.78001],[-83.55549,37.77965],[-83.55663,37.77965],[-83.55823,37.77803],[-83.55914,37.77785],[-83.55959,37.77713],[-83.56301,37.77839],[-83.56347,37.77785],[-83.56256,37.77749],[-83.56165,37.77605],[-83.55891,37.77497],[-83.55891,37.77389],[-83.55959,37.77317],[-83.55845,37.77245],[-83.55845,37.77173],[-83.55731,37.77101],[-83.55709,37.77011],[-83.55845,37.76993],[-83.5621,37.77191],[-83.5637,37.77209],[-83.56506,37.77065],[-83.56598,37.77065],[-83.56689,37.77137],[-83.57031,37.76885],[-83.57259,37.76885],[-83.57441,37.77083],[-83.57441,37.77245],[-83.57555,37.77299],[-83.576,37.77389],[-83.57737,37.77425],[-83.5792,37.77371],[-83.58034,37.77209],[-83.58239,37.77209],[-83.58375,37.76975],[-83.59014,37.76939],[-83.59173,37.77029],[-83.59378,37.76921],[-83.59469,37.76921],[-83.59492,37.77011],[-83.59583,37.77065],[-83.59675,37.77065],[-83.59743,37.77011],[-83.59971,37.76993],[-83.60039,37.77047],[-83.60313,37.77083],[-83.60381,37.76975],[-83.60518,37.76975],[-83.60632,37.76903],[-83.60883,37.76831]]]]},"properties":{"kind":"2fer","acres":12723,"areas":["Daniel Boone National Forest","Clifty Wilderness"],"types":["National Forest",""],"pota":[["US-4484","Daniel Boone National Forest"],["US-3801","Clifty Wilderness Area"]],"kff":[["KFF-4511","Daniel Boone"],["KFF-6873","William H. Martin"],["KFF-3801","Clifty"]],"sota":[]}},{"type":"Feature","geometry":{"type":"MultiPolygon","coordinates":[[[[-86.26745,37.21262],[-86.26655,37.21532],[-86.26519,37.2164],[-86.26384,37.21676],[-86.26361,37.2173],[-86.26384,37.21748],[-86.26632,37.21622],[-86.26723,37.21622],[-86.26768,37.21784],[-86.2661,37.21766],[-86.26564,37.21874],[-86.26429,37.21928],[-86.26271,37.21928],[-86.26135,37.22],[-86.25841,37.21928],[-86.25819,37.22144],[-86.25751,37.22252],[-86.25683,37.22252],[-86.2566,37.22216],[-86.2566,37.21964],[-86.25547,37.21892],[-86.25389,37.2191],[-86.24982,37.21622],[-86.24847,37.2191],[-86.24553,37.22108],[-86.24417,37.22126],[-86.2435,37.22108],[-86.2435,37.21982],[-86.2453,37.2173],[-86.2453,37.21676],[-86.24463,37.21586],[-86.24214,37.21406],[-86.24124,37.2128],[-86.24124,37.20974],[-86.23988,37.2083],[-86.23988,37.20776],[-86.24101,37.20704],[-86.24101,37.20668],[-86.24056,37.20632],[-86.23898,37.20614],[-86.2383,37.2065],[-86.23717,37.20866],[-86.23649,37.21244],[-86.23423,37.2146],[-86.23129,37.21568],[-86.22722,37.21604],[-86.22609,37.21802],[-86.22519,37.21856],[-86.22451,37.21856],[-86.22383,37.21712],[-86.22316,37.21676],[-86.22293,37.21586],[-86.22225,37.21532],[-86.22022,37.21496],[-86.21909,37.21712],[-86.21841,37.21766],[-86.21728,37.21784],[-86.21547,37.2155],[-86.21457,37.21532],[-86.21231,37.21568],[-86.21073,37.21478],[-86.2105,37.21334],[-86.2114,37.21208],[-86.21073,37.21064],[-86.2096,37.20956],[-86.20643,37.20848],[-86.20508,37.20722],[-86.20417,37.20686],[-86.20056,37.20974],[-86.19784,37.20992],[-86.19558,37.20848],[-86.19491,37.20848],[-86.19287,37.2074],[-86.19152,37.2056],[-86.19152,37.20506],[-86.19039,37.20434],[-86.18745,37.2056],[-86.18609,37.20542],[-86.18587,37.2047],[-86.18654,37.20362],[-86.18767,37.20308],[-86.18745,37.20092],[-86.18677,37.20002],[-86.18745,37.19876],[-86.187,37.19768],[-86.18767,37.19642],[-86.18632,37.19588],[-86.18564,37.19516],[-86.18587,37.1939],[-86.18451,37.19372],[-86.18157,37.19444],[-86.18067,37.19372],[-86.18067,37.19318],[-86.17931,37.19246],[-86.17886,37.19102],[-86.17818,37.1903],[-86.17592,37.1903],[-86.17457,37.19066],[-86.17344,37.19048],[-86.17344,37.18994],[-86.17434,37.18904],[-86.17434,37.18814],[-86.17389,37.18724],[-86.17321,37.18688],[-86.17231,37.18688],[-86.17072,37.18832],[-86.16959,37.18832],[-86.16846,37.18724],[-86.16485,37.18742],[-86.16146,37.18688],[-86.16101,37.18598],[-86.15807,37.18364],[-86.15807,37.18292],[-86.15716,37.1822],[-86.15694,37.1795],[-86.15626,37.17824],[-86.15581,37.17878],[-86.15581,37.1813],[-86.15445,37.18382],[-86.15423,37.1858],[-86.15174,37.18616],[-86.14677,37.1894],[-86.14677,37.19228],[-86.14586,37.19228],[-86.14315,37.19084],[-86.14202,37.1912],[-86.13886,37.19372],[-86.13818,37.19354],[-86.13728,37.1921],[-86.13163,37.19174],[-86.12959,37.19138],[-86.12801,37.19066],[-86.12643,37.19102],[-86.1253,37.193],[-86.12372,37.193],[-86.12372,37.19156],[-86.12281,37.19084],[-86.12304,37.18904],[-86.1201,37.18778],[-86.11739,37.1876],[-86.11671,37.18706],[-86.11626,37.18472],[-86.11558,37.18364],[-86.11468,37.1831],[-86.114,37.18472],[-86.11242,37.18634],[-86.11242,37.1885],[-86.11196,37.18922],[-86.11219,37.19048],[-86.11151,37.19138],[-86.11151,37.193],[-86.11083,37.19372],[-86.11151,37.19498],[-86.11151,37.19642],[-86.1097,37.19912],[-86.1097,37.20002],[-86.11083,37.2011],[-86.11242,37.2011],[-86.1149,37.19948],[-86.11558,37.19948],[-86.11558,37.20002],[-86.11332,37.20218],[-86.11355,37.20416],[-86.11309,37.20578],[-86.11377,37.20704],[-86.11377,37.20812],[-86.11242,37.21064],[-86.11242,37.21262],[-86.11061,37.21334],[-86.10948,37.21532],[-86.1097,37.21694],[-86.10903,37.21784],[-86.10835,37.22036],[-86.10609,37.22414],[-86.10405,37.22504],[-86.10202,37.22522],[-86.09953,37.22612],[-86.09501,37.22918],[-86.0923,37.22954],[-86.09072,37.22846],[-86.09004,37.22612],[-86.08936,37.22576],[-86.08823,37.22576],[-86.0871,37.2236],[-86.08597,37.2227],[-86.08484,37.22234],[-86.08168,37.22594],[-86.07852,37.22828],[-86.07806,37.22954],[-86.07761,37.22954],[-86.07716,37.22864],[-86.07535,37.22918],[-86.074,37.229],[-86.07264,37.23044],[-86.07106,37.2308],[-86.0688,37.2299],[-86.06677,37.22792],[-86.06631,37.22666],[-86.06541,37.22684],[-86.06405,37.22846],[-86.06112,37.22936],[-86.06202,37.22702],[-86.06202,37.22396],[-86.06157,37.22324],[-86.05818,37.2209],[-86.05705,37.22108],[-86.05547,37.22288],[-86.05501,37.22288],[-86.05456,37.22144],[-86.05298,37.22126],[-86.0514,37.22216],[-86.0514,37.22342],[-86.05049,37.22486],[-86.05072,37.22666],[-86.05004,37.22702],[-86.04846,37.22702],[-86.04733,37.22846],[-86.04733,37.22954],[-86.04575,37.23026],[-86.04394,37.23044],[-86.04236,37.23188],[-86.04326,37.23512],[-86.04078,37.23836],[-86.04078,37.23944],[-86.04168,37.2416],[-86.04145,37.24232],[-86.04078,37.24232],[-86.03897,37.24124],[-86.03716,37.24124],[-86.0349,37.2425],[-86.03354,37.24484],[-86.03219,37.24592],[-86.03083,37.2497],[-86.02993,37.25024],[-86.02767,37.25006],[-86.02744,37.24934],[-86.02789,37.24376],[-86.03015,37.24106],[-86.03128,37.23746],[-86.0349,37.23746],[-86.0358,37.23692],[-86.03671,37.23566],[-86.03671,37.23476],[-86.03603,37.23422],[-86.03626,37.23278],[-86.03535,37.23206],[-86.03626,37.23008],[-86.03535,37.22774],[-86.03671,37.22558],[-86.03648,37.2245],[-86.03761,37.22414],[-86.03942,37.22468],[-86.041,37.2245],[-86.04462,37.22306],[-86.04462,37.22198],[-86.04349,37.21892],[-86.04371,37.21496],[-86.04801,37.21424],[-86.05298,37.21262],[-86.05524,37.2128],[-86.05592,37.21352],[-86.0584,37.21478],[-86.06451,37.21424],[-86.06405,37.21676],[-86.06496,37.21874],[-86.06699,37.22],[-86.06925,37.22],[-86.06993,37.22054],[-86.07038,37.22198],[-86.07219,37.2227],[-86.07219,37.22396],[-86.07287,37.22378],[-86.07332,37.22306],[-86.07422,37.22306],[-86.07513,37.2236],[-86.07603,37.22306],[-86.07603,37.22234],[-86.07445,37.22126],[-86.0749,37.22036],[-86.07468,37.2191],[-86.07693,37.2191],[-86.07761,37.21802],[-86.07897,37.21766],[-86.08191,37.21784],[-86.08439,37.21748],[-86.08484,37.21712],[-86.08575,37.21766],[-86.0871,37.2173],[-86.08756,37.2182],[-86.08914,37.21946],[-86.09162,37.22],[-86.09208,37.22108],[-86.09908,37.22036],[-86.10089,37.21892],[-86.10157,37.21532],[-86.10112,37.21262],[-86.1027,37.21208],[-86.10428,37.2101],[-86.10744,37.20758],[-86.10744,37.20704],[-86.10654,37.20632],[-86.10428,37.20578],[-86.10338,37.20488],[-86.1036,37.20236],[-86.10315,37.20146],[-86.10315,37.19912],[-86.10202,37.19786],[-86.09999,37.19714],[-86.09931,37.19642],[-86.09931,37.1957],[-86.10157,37.19408],[-86.10202,37.193],[-86.10315,37.19264],[-86.10428,37.19138],[-86.10451,37.18958],[-86.10315,37.18868],[-86.10292,37.1876],[-86.10428,37.18742],[-86.10518,37.18652],[-86.1036,37.18238],[-86.1036,37.18058],[-86.10496,37.17734],[-86.10699,37.17608],[-86.10903,37.17662],[-86.10948,37.17716],[-86.11129,37.17788],[-86.11287,37.17788],[-86.11468,37.17752],[-86.11603,37.1768],[-86.11694,37.1768],[-86.11784,37.17734],[-86.11852,37.1786],[-86.12123,37.1804],[-86.12281,37.18202],[-86.12439,37.18166],[-86.1253,37.18058],[-86.12643,37.18004],[-86.12756,37.18022],[-86.12778,37.18148],[-86.12711,37.18274],[-86.12801,37.18292],[-86.12937,37.18184],[-86.13004,37.18184],[-86.1305,37.18238],[-86.13027,37.184],[-86.13253,37.18472],[-86.13208,37.18562],[-86.1323,37.18616],[-86.13411,37.18598],[-86.13524,37.18688],[-86.13592,37.18688],[-86.13637,37.18652],[-86.13615,37.1849],[-86.1375,37.18346],[-86.13818,37.18364],[-86.14021,37.18598],[-86.14247,37.18562],[-86.1436,37.18508],[-86.14383,37.18418],[-86.14338,37.18328],[-86.14428,37.18328],[-86.14383,37.18184],[-86.14451,37.18094],[-86.14609,37.18076],[-86.1479,37.18256],[-86.1488,37.18202],[-86.15038,37.18004],[-86.15038,37.17932],[-86.14858,37.17842],[-86.14835,37.17698],[-86.14609,37.1768],[-86.14473,37.1759],[-86.14451,37.17446],[-86.14632,37.17428],[-86.14767,37.17356],[-86.14767,37.17302],[-86.14632,37.1714],[-86.1479,37.16834],[-86.14745,37.16636],[-86.1479,37.16582],[-86.15106,37.16582],[-86.15197,37.16528],[-86.15151,37.16204],[-86.15197,37.16168],[-86.154,37.16186],[-86.15513,37.1633],[-86.15649,37.1642],[-86.15829,37.16438],[-86.1601,37.16528],[-86.16168,37.16546],[-86.16349,37.16672],[-86.16485,37.16834],[-86.16733,37.16888],[-86.16711,37.16942],[-86.16417,37.17014],[-86.16281,37.17122],[-86.16281,37.1732],[-86.16191,37.1741],[-86.16236,37.17662],[-86.16643,37.1786],[-86.16575,37.18004],[-86.16598,37.18076],[-86.16688,37.18094],[-86.16779,37.18022],[-86.16914,37.18022],[-86.16982,37.18166],[-86.17118,37.18184],[-86.17321,37.18112],[-86.17457,37.18022],[-86.1766,37.17968],[-86.17773,37.18004],[-86.17773,37.18058],[-86.17683,37.18112],[-86.17683,37.18364],[-86.1818,37.18508],[-86.1827,37.18508],[-86.18609,37.18364],[-86.18677,37.18364],[-86.187,37.18796],[-86.18903,37.18904],[-86.19174,37.1894],[-86.19265,37.19066],[-86.19265,37.19228],[-86.19513,37.19264],[-86.19536,37.19372],[-86.19468,37.1957],[-86.19536,37.1966],[-86.19581,37.19894],[-86.19694,37.20056],[-86.20078,37.20038],[-86.20236,37.19984],[-86.2044,37.1984],[-86.20666,37.1984],[-86.20847,37.20074],[-86.21118,37.20146],[-86.21321,37.20308],[-86.21479,37.20362],[-86.21773,37.20542],[-86.21954,37.20722],[-86.22157,37.20848],[-86.22361,37.20848],[-86.22474,37.20722],[-86.22609,37.20704],[-86.22632,37.20956],[-86.227,37.21028],[-86.2279,37.2083],[-86.22926,37.20758],[-86.22971,37.20632],[-86.23197,37.2038],[-86.22994,37.20092],[-86.23084,37.19912],[-86.23197,37.19822],[-86.23378,37.1975],[-86.23468,37.1975],[-86.23536,37.19858],[-86.23717,37.20002],[-86.24101,37.19912],[-86.24395,37.19894],[-86.24711,37.20056],[-86.24915,37.20254],[-86.24937,37.20434],[-86.24734,37.2074],[-86.24802,37.20848],[-86.25141,37.20848],[-86.25163,37.20974],[-86.25095,37.21082],[-86.25163,37.2119],[-86.25254,37.211],[-86.25344,37.211],[-86.25367,37.21136],[-86.25547,37.21154],[-86.25706,37.21298],[-86.25796,37.2128],[-86.25909,37.21316],[-86.25977,37.21262],[-86.25999,37.21154],[-86.25819,37.21046],[-86.25819,37.20992],[-86.25999,37.20812],[-86.26158,37.20776],[-86.26587,37.21028],[-86.26745,37.21262]]]]},"properties":{"kind":"2fer","acres":7005,"areas":["Mammoth Cave National Park","Green River Wild River"],"types":["National Park Service unit","Wild River (State)"],"pota":[["US-0050","Mammoth Cave National Park"],["US-10105","The Green National Wild and Scenic River"]],"kff":[["KFF-0050","Mammoth Cave"]],"sota":[]}},{"type":"Feature","geometry":{"type":"MultiPolygon","coordinates":[[[[-83.52938,37.80414],[-83.53029,37.80396],[-83.53052,37.8045],[-83.53393,37.80486],[-83.53462,37.8054],[-83.5353,37.80792],[-83.53712,37.80918],[-83.53804,37.80612],[-83.53895,37.80576],[-83.53986,37.80576],[-83.541,37.8063],[-83.54168,37.80612],[-83.54054,37.8045],[-83.54031,37.8027],[-83.54077,37.8027],[-83.54168,37.80558],[-83.54282,37.80684],[-83.54373,37.80702],[-83.54373,37.80756],[-83.54328,37.80792],[-83.541,37.80774],[-83.54031,37.80936],[-83.53895,37.80936],[-83.53849,37.81044],[-83.53872,37.81296],[-83.53758,37.81314],[-83.5369,37.8117],[-83.53507,37.80972],[-83.53416,37.81098],[-83.53302,37.81152],[-83.53302,37.81098],[-83.53462,37.809],[-83.53416,37.80684],[-83.5328,37.80558],[-83.52983,37.80504],[-83.52938,37.80414]]],[[[-83.54578,37.8027],[-83.54624,37.8027],[-83.54601,37.80486],[-83.54669,37.8054],[-83.5476,37.8054],[-83.54738,37.80702],[-83.54669,37.8081],[-83.54715,37.80846],[-83.54943,37.80864],[-83.55034,37.80918],[-83.54988,37.80972],[-83.54874,37.80954],[-83.54738,37.8099],[-83.54669,37.80954],[-83.54647,37.8099],[-83.5476,37.81044],[-83.54783,37.81134],[-83.5492,37.81224],[-83.55034,37.81458],[-83.55079,37.81476],[-83.55102,37.8144],[-83.55193,37.8144],[-83.55148,37.81548],[-83.5533,37.81692],[-83.55398,37.81656],[-83.55353,37.81494],[-83.55376,37.81404],[-83.5549,37.81296],[-83.55581,37.81296],[-83.55626,37.81332],[-83.55649,37.81674],[-83.55717,37.8171],[-83.55991,37.8171],[-83.55991,37.81782],[-83.55945,37.81818],[-83.55831,37.81818],[-83.55763,37.81854],[-83.55786,37.8198],[-83.56173,37.81908],[-83.5631,37.81818],[-83.56424,37.81836],[-83.56515,37.81764],[-83.56674,37.81818],[-83.56788,37.81818],[-83.5672,37.82034],[-83.56492,37.82178],[-83.56424,37.82286],[-83.56469,37.8234],[-83.56697,37.8216],[-83.56788,37.82034],[-83.57016,37.81872],[-83.5713,37.81836],[-83.57244,37.81854],[-83.57381,37.8216],[-83.57358,37.82304],[-83.57221,37.82394],[-83.5713,37.82394],[-83.57062,37.82322],[-83.56948,37.82268],[-83.56902,37.82466],[-83.56674,37.8261],[-83.56674,37.82682],[-83.56765,37.8279],[-83.56743,37.83006],[-83.56652,37.83006],[-83.56538,37.82934],[-83.56492,37.82772],[-83.56355,37.82736],[-83.56287,37.82646],[-83.5615,37.82682],[-83.56059,37.82664],[-83.56059,37.82304],[-83.55922,37.82322],[-83.55922,37.82268],[-83.56059,37.82196],[-83.56036,37.82142],[-83.55626,37.82304],[-83.5549,37.82286],[-83.55376,37.82322],[-83.55102,37.82286],[-83.55011,37.82232],[-83.55011,37.82178],[-83.55216,37.8207],[-83.55398,37.82034],[-83.55467,37.8198],[-83.55467,37.81926],[-83.55148,37.81908],[-83.54966,37.81746],[-83.54806,37.81728],[-83.54647,37.81836],[-83.54578,37.81836],[-83.5451,37.8171],[-83.54419,37.81656],[-83.54419,37.81584],[-83.54647,37.81386],[-83.54624,37.81296],[-83.54373,37.80972],[-83.54441,37.80792],[-83.54601,37.80648],[-83.54533,37.8063],[-83.5451,37.8054],[-83.54533,37.80306],[-83.54578,37.8027]]],[[[-83.5312,37.80234],[-83.53143,37.80306],[-83.53074,37.80342],[-83.53052,37.80234],[-83.5312,37.80234]]]]},"properties":{"kind":"2fer","acres":623,"areas":["Red River Wild River","Clifty Wilderness"],"types":["Wild River (State)",""],"pota":[["US-10104","Red River National Wild and Scenic River"],["US-3801","Clifty Wilderness Area"]],"kff":[["KFF-7268","Red River"],["KFF-3801","Clifty"]],"sota":[]}},{"type":"Feature","geometry":{"type":"MultiPolygon","coordinates":[[[[-82.72314,37.08718],[-82.72357,37.08841],[-82.72282,37.08989],[-82.72375,37.09079],[-82.72482,37.09144],[-82.72509,37.09198],[-82.72464,37.09274],[-82.72377,37.09332],[-82.73271,37.09895],[-82.73828,37.10685],[-82.7367,37.10881],[-82.73683,37.1095],[-82.73671,37.10989],[-82.73755,37.11076],[-82.73976,37.11035],[-82.74038,37.10978],[-82.73993,37.1093],[-82.73996,37.10509],[-82.74016,37.10483],[-82.74957,37.10091],[-82.74958,37.1004],[-82.7467,37.09907],[-82.74614,37.09823],[-82.74449,37.09761],[-82.74401,37.09661],[-82.74339,37.09652],[-82.74346,37.09588],[-82.74293,37.09568],[-82.74138,37.09196],[-82.73852,37.08883],[-82.73823,37.08819],[-82.73826,37.08777],[-82.73751,37.08744],[-82.73682,37.08746],[-82.7352,37.08682],[-82.73378,37.08705],[-82.73291,37.08696],[-82.73197,37.08643],[-82.73196,37.08608],[-82.73269,37.08538],[-82.73246,37.08445],[-82.73256,37.08393],[-82.73149,37.08302],[-82.7303,37.08342],[-82.731,37.08437],[-82.73019,37.08514],[-82.72765,37.0832],[-82.72813,37.08286],[-82.72767,37.08243],[-82.72651,37.08221],[-82.72585,37.08274],[-82.72336,37.08279],[-82.72185,37.0844],[-82.72294,37.08491],[-82.72314,37.08718]]],[[[-82.5323,37.20723],[-82.53079,37.20835],[-82.53165,37.2091],[-82.53215,37.21018],[-82.53208,37.21055],[-82.53223,37.21104],[-82.53193,37.21141],[-82.53202,37.21212],[-82.53179,37.2123],[-82.53386,37.21382],[-82.53508,37.21322],[-82.53681,37.21193],[-82.5377,37.21155],[-82.53862,37.21122],[-82.54049,37.21111],[-82.54108,37.2109],[-82.53947,37.20693],[-82.53864,37.20652],[-82.53828,37.20642],[-82.53775,37.20654],[-82.53713,37.2072],[-82.53661,37.2068],[-82.53549,37.20684],[-82.53499,37.20659],[-82.53338,37.20651],[-82.53263,37.20674],[-82.5323,37.20723]]]]},"properties":{"kind":"2fer","shared":true,"areas":["Jefferson National Forest"],"types":["Public hunting area"],"pota":[["US-4526","George Washington & Jefferson National Forest"],["US-10139","Jefferson National Forest Wildlife Management Area"]],"kff":[["KFF-6295","Jefferson (KY)"]],"sota":[]}},{"type":"Feature","geometry":{"type":"MultiPolygon","coordinates":[[[[-87.85821,36.49623],[-87.85674,36.49561],[-87.85638,36.49595],[-87.85505,36.49504],[-87.85523,36.49483],[-87.85096,36.49252],[-87.8503,36.49238],[-87.84995,36.49208],[-87.85009,36.49165],[-87.8504,36.49168],[-87.85053,36.49202],[-87.85128,36.49201],[-87.85212,36.49218],[-87.85218,36.49173],[-87.85186,36.49147],[-87.85219,36.48863],[-87.85258,36.48838],[-87.85234,36.48801],[-87.85256,36.48727],[-87.85277,36.48622],[-87.85261,36.48508],[-87.85241,36.48528],[-87.8522,36.4851],[-87.85164,36.48517],[-87.85137,36.4868],[-87.85102,36.48729],[-87.85077,36.48736],[-87.85093,36.48796],[-87.85017,36.48932],[-87.84946,36.49232],[-87.84938,36.49235],[-87.84796,36.49191],[-87.84782,36.49182],[-87.84781,36.49175],[-87.84772,36.49181],[-87.84747,36.49172],[-87.84676,36.49171],[-87.84629,36.49161],[-87.8469,36.48599],[-87.84595,36.4859],[-87.84688,36.48556],[-87.84859,36.48559],[-87.84929,36.48588],[-87.8495,36.48582],[-87.8493,36.48579],[-87.84932,36.48529],[-87.84978,36.48526],[-87.8513,36.4848],[-87.85163,36.48406],[-87.85381,36.48144],[-87.85365,36.48124],[-87.85205,36.48058],[-87.8502,36.47964],[-87.84998,36.48026],[-87.84815,36.48141],[-87.84694,36.48153],[-87.84544,36.48069],[-87.84483,36.48057],[-87.84425,36.48096],[-87.84401,36.48101],[-87.8441,36.48161],[-87.84283,36.48117],[-87.84283,36.48091],[-87.84174,36.48089],[-87.84172,36.48103],[-87.84159,36.48089],[-87.84125,36.48088],[-87.84125,36.48077],[-87.84079,36.48078],[-87.8408,36.48089],[-87.84025,36.48094],[-87.83996,36.48129],[-87.83875,36.48024],[-87.83935,36.48051],[-87.84033,36.4791],[-87.84131,36.47931],[-87.84096,36.47987],[-87.8418,36.4798],[-87.84347,36.47947],[-87.84315,36.47862],[-87.84314,36.47814],[-87.84308,36.478],[-87.84327,36.4769],[-87.84345,36.47663],[-87.8441,36.47687],[-87.84378,36.47729],[-87.84558,36.47785],[-87.84559,36.47717],[-87.84514,36.47704],[-87.84527,36.47574],[-87.84708,36.47538],[-87.84709,36.47556],[-87.84845,36.47521],[-87.84777,36.47605],[-87.84713,36.4763],[-87.84726,36.4771],[-87.84706,36.47803],[-87.84922,36.47798],[-87.84875,36.47846],[-87.85027,36.47859],[-87.85089,36.47858],[-87.85322,36.47995],[-87.85358,36.47978],[-87.85473,36.4802],[-87.85928,36.48154],[-87.86074,36.48141],[-87.86142,36.48127],[-87.8628,36.48149],[-87.864,36.48122],[-87.86487,36.48089],[-87.86411,36.48138],[-87.86427,36.48162],[-87.86477,36.48129],[-87.86553,36.48166],[-87.86651,36.48167],[-87.86674,36.48118],[-87.86668,36.4808],[-87.8668,36.48079],[-87.86702,36.48057],[-87.86749,36.48141],[-87.86797,36.48469],[-87.86736,36.48482],[-87.86827,36.48598],[-87.86816,36.48932],[-87.86688,36.48995],[-87.86647,36.49073],[-87.86771,36.49048],[-87.86731,36.49076],[-87.86582,36.49092],[-87.86417,36.49146],[-87.86357,36.49134],[-87.86349,36.49192],[-87.86308,36.49241],[-87.86037,36.49339],[-87.85927,36.49242],[-87.85977,36.49388],[-87.85897,36.49509],[-87.85892,36.49563],[-87.85861,36.49547],[-87.85882,36.49587],[-87.8586,36.49614],[-87.85821,36.49623]]],[[[-87.83591,36.48888],[-87.83594,36.48866],[-87.83669,36.48873],[-87.8368,36.48851],[-87.83717,36.48855],[-87.83704,36.48922],[-87.83605,36.48917],[-87.83591,36.48888]]],[[[-87.85318,36.47363],[-87.85304,36.47283],[-87.85327,36.47283],[-87.85326,36.47219],[-87.85366,36.4722],[-87.85369,36.47344],[-87.85318,36.47363]]],[[[-87.85321,36.47027],[-87.85397,36.47027],[-87.85391,36.47094],[-87.8537,36.47178],[-87.85325,36.47179],[-87.85321,36.47027]]],[[[-87.85433,36.4731],[-87.85419,36.47249],[-87.85386,36.47261],[-87.85388,36.47179],[-87.85414,36.47067],[-87.85416,36.47026],[-87.85407,36.46944],[-87.85424,36.46853],[-87.85456,36.46841],[-87.85642,36.4684],[-87.85682,36.46849],[-87.85686,36.46866],[-87.85675,36.46978],[-87.85647,36.47031],[-87.85638,36.47069],[-87.85615,36.4706],[-87.85577,36.4706],[-87.8556,36.46945],[-87.8546,36.46964],[-87.85478,36.47085],[-87.85558,36.47065],[-87.85563,36.47078],[-87.85611,36.47073],[-87.85626,36.4708],[-87.85714,36.47164],[-87.85619,36.47224],[-87.85433,36.4731]]],[[[-87.85591,36.46826],[-87.85598,36.4675],[-87.85554,36.4675],[-87.8555,36.46788],[-87.85533,36.46787],[-87.8553,36.4683],[-87.85456,36.46828],[-87.85426,36.46834],[-87.8541,36.46846],[-87.85403,36.4686],[-87.8539,36.46943],[-87.85394,36.46983],[-87.85329,36.46981],[-87.85387,36.46526],[-87.85754,36.46568],[-87.85718,36.46834],[-87.85769,36.46837],[-87.85776,36.46975],[-87.85764,36.47057],[-87.8581,36.471],[-87.85727,36.47156],[-87.8566,36.4709],[-87.85655,36.47072],[-87.85663,36.47037],[-87.85692,36.46981],[-87.85702,36.46851],[-87.85673,36.46831],[-87.85591,36.46826]]],[[[-87.83145,36.4776],[-87.82989,36.47726],[-87.82915,36.47757],[-87.82768,36.47801],[-87.8275,36.47801],[-87.82857,36.47722],[-87.82946,36.47525],[-87.82954,36.47476],[-87.8298,36.47442],[-87.83029,36.47415],[-87.83048,36.47387],[-87.83228,36.47356],[-87.83212,36.47312],[-87.83504,36.47003],[-87.83691,36.46999],[-87.83667,36.4719],[-87.84052,36.47211],[-87.84017,36.47362],[-87.84167,36.47385],[-87.84202,36.47235],[-87.8438,36.47263],[-87.84279,36.47627],[-87.84214,36.47719],[-87.84161,36.47708],[-87.84221,36.47626],[-87.84015,36.47613],[-87.83994,36.47702],[-87.83888,36.47698],[-87.83887,36.47587],[-87.83738,36.47587],[-87.83738,36.47696],[-87.83624,36.4773],[-87.83635,36.47755],[-87.83378,36.47814],[-87.83145,36.4776]]],[[[-88.05259,36.51016],[-88.05283,36.50984],[-88.05291,36.50934],[-88.05301,36.50926],[-88.05344,36.50935],[-88.05353,36.50947],[-88.0542,36.50933],[-88.05546,36.50939],[-88.05577,36.50934],[-88.05572,36.50922],[-88.05548,36.5091],[-88.05436,36.50876],[-88.05379,36.50846],[-88.05335,36.50804],[-88.05326,36.50785],[-88.05321,36.5077],[-88.05331,36.50731],[-88.0533,36.50678],[-88.05354,36.50621],[-88.05381,36.50602],[-88.05434,36.50599],[-88.05434,36.50591],[-88.05405,36.50572],[-88.05397,36.5056],[-88.05364,36.50487],[-88.05363,36.50451],[-88.05367,36.50442],[-88.05413,36.50424],[-88.05422,36.50415],[-88.05437,36.50414],[-88.05462,36.50455],[-88.0548,36.50455],[-88.05552,36.50428],[-88.05627,36.50426],[-88.05654,36.50412],[-88.05651,36.50401],[-88.056,36.5037],[-88.05527,36.50351],[-88.05504,36.50332],[-88.05499,36.50302],[-88.05512,36.50281],[-88.05533,36.50268],[-88.05556,36.50231],[-88.05515,36.50192],[-88.05482,36.50203],[-88.0546,36.50202],[-88.05443,36.5018],[-88.05426,36.5013],[-88.05428,36.50105],[-88.05437,36.50074],[-88.05461,36.50041],[-88.05531,36.49979],[-88.05547,36.49927],[-88.0561,36.49864],[-88.05688,36.49809],[-88.05729,36.49769],[-88.05751,36.49732],[-88.05778,36.49652],[-88.05834,36.49632],[-88.05871,36.49646],[-88.05868,36.49751],[-88.05877,36.49764],[-88.05917,36.49792],[-88.05936,36.49846],[-88.05932,36.49874],[-88.05916,36.49894],[-88.05877,36.49922],[-88.05828,36.49977],[-88.0582,36.49989],[-88.05823,36.50005],[-88.05815,36.50022],[-88.05779,36.50042],[-88.05745,36.50052],[-88.05738,36.50057],[-88.0574,36.50065],[-88.05839,36.50129],[-88.05907,36.50132],[-88.05966,36.50188],[-88.06005,36.50208],[-88.06071,36.50209],[-88.06078,36.50203],[-88.06053,36.50148],[-88.06068,36.50102],[-88.0606,36.50086],[-88.06108,36.50056],[-88.06091,36.50042],[-88.06037,36.50025],[-88.06027,36.50013],[-88.06038,36.49964],[-88.06081,36.49922],[-88.06088,36.49885],[-88.06088,36.49816],[-88.06103,36.4979],[-88.06186,36.49758],[-88.06222,36.49762],[-88.06241,36.49773],[-88.06203,36.49854],[-88.06317,36.4979],[-88.06349,36.49779],[-88.06397,36.49782],[-88.06434,36.49801],[-88.06473,36.49768],[-88.06485,36.4977],[-88.06492,36.49794],[-88.06481,36.4988],[-88.06493,36.49906],[-88.06489,36.49934],[-88.06474,36.49963],[-88.06495,36.50022],[-88.06501,36.50034],[-88.0651,36.50037],[-88.06507,36.50061],[-88.06515,36.50068],[-88.06541,36.50062],[-88.06585,36.49942],[-88.06611,36.49944],[-88.06638,36.49962],[-88.06653,36.49962],[-88.06709,36.49937],[-88.06766,36.4994],[-88.06788,36.49947],[-88.06815,36.49973],[-88.06822,36.49987],[-88.06828,36.50055],[-88.06861,36.50063],[-88.06895,36.5008],[-88.06935,36.50075],[-88.07018,36.50089],[-88.07031,36.50106],[-88.07032,36.50165],[-88.07039,36.50167],[-88.07075,36.5017],[-88.07094,36.50164],[-88.07145,36.50107],[-88.07166,36.50058],[-88.07193,36.49956],[-88.07316,36.49898],[-88.07339,36.49902],[-88.07356,36.49921],[-88.07358,36.49967],[-88.07322,36.50018],[-88.07299,36.50038],[-88.07296,36.50055],[-88.07306,36.50056],[-88.07288,36.50513],[-88.07274,36.50527],[-88.07273,36.50554],[-88.07286,36.50552],[-88.07277,36.50766],[-88.06416,36.50764],[-88.06359,36.50844],[-88.06278,36.50989],[-88.06246,36.51065],[-88.06214,36.51061],[-88.06199,36.5105],[-88.06192,36.51026],[-88.06097,36.51023],[-88.06086,36.51029],[-88.06075,36.51068],[-88.06051,36.51099],[-88.0599,36.51132],[-88.05827,36.51076],[-88.05574,36.51049],[-88.05415,36.51004],[-88.05379,36.51008],[-88.05338,36.51071],[-88.05289,36.51091],[-88.05227,36.5119],[-88.05215,36.51175],[-88.05211,36.51145],[-88.05259,36.51016]]]]},"properties":{"kind":"2fer","shared":true,"areas":["Fort Donelson National Battlefield"],"types":["National Park Service unit"],"pota":[["US-0703","Fort Donelson National Battlefield"],["US-3790","Fort Heiman National Battlefield"]],"kff":[["KFF-3790","Fort Heiman"]],"sota":[]}},{"type":"Feature","geometry":{"type":"MultiLineString","coordinates":[[[-84.31725,36.85529],[-84.31855,36.8552],[-84.31984,36.85508],[-84.3211,36.85487],[-84.32268,36.85491],[-84.32394,36.85466],[-84.32522,36.85452],[-84.32662,36.85408],[-84.32797,36.85331],[-84.3289,36.85241],[-84.32948,36.85131],[-84.32984,36.84998],[-84.33028,36.84857],[-84.33086,36.84725],[-84.33175,36.84609],[-84.33251,36.84493],[-84.33441,36.8441],[-84.33601,36.84388],[-84.33729,36.84393],[-84.33711,36.843],[-84.33679,36.84239],[-84.33774,36.84299],[-84.33894,36.84366],[-84.33989,36.84352],[-84.33991,36.84285],[-84.34103,36.84339],[-84.34219,36.84233],[-84.34256,36.84116],[-84.34336,36.84033],[-84.34379,36.83882],[-84.34382,36.83783],[-84.34267,36.83686],[-84.34123,36.83637],[-84.34062,36.83647]],[[-84.34016,36.8351],[-84.33875,36.83537],[-84.33711,36.83631],[-84.33615,36.83716],[-84.33462,36.83753],[-84.33309,36.83752],[-84.33183,36.83724],[-84.33064,36.83689],[-84.32949,36.83639],[-84.32835,36.83583],[-84.32693,36.8354],[-84.32563,36.8353],[-84.32486,36.83529]],[[-84.3216,36.83128],[-84.32278,36.83078],[-84.32397,36.83029],[-84.32516,36.82979],[-84.32646,36.82922],[-84.32772,36.82852],[-84.32799,36.82828]]]},"properties":{"kind":"2fer","trail":"Sheltowee Trace","miles":3.9,"areas":["Sheltowee Trace","Cumberland Falls State Resort Park"],"types":["Trail","Resort state park"],"pota":[["US-11181","Sheltowee Trace National Recreation Trail"],["US-1277","Cumberland Falls State Park"]],"kff":[],"sota":[]}},{"type":"Feature","geometry":{"type":"MultiLineString","coordinates":[[[-83.69967,37.76041],[-83.70067,37.76078]],[[-83.6707,37.78337],[-83.67151,37.78339],[-83.67232,37.78296],[-83.67315,37.78255],[-83.67362,37.78176],[-83.67408,37.78067],[-83.67519,37.77997],[-83.67588,37.77882],[-83.67626,37.77752],[-83.67719,37.77629],[-83.67637,37.77523],[-83.67681,37.77425],[-83.67788,37.77349],[-83.6783,37.77316],[-83.67804,37.77439],[-83.67899,37.77501],[-83.67944,37.77453],[-83.67981,37.77366],[-83.68069,37.77404],[-83.68135,37.77361],[-83.68186,37.77204],[-83.68294,37.7715]],[[-83.6854,37.77129],[-83.68583,37.76993],[-83.68589,37.76933]],[[-83.68844,37.76578],[-83.68885,37.76462]],[[-83.69425,37.76326],[-83.69438,37.76207]],[[-83.69524,37.76127],[-83.69645,37.76093],[-83.69786,37.76133],[-83.69912,37.76088],[-83.69967,37.76041]]]},"properties":{"kind":"2fer","trail":"Sheltowee Trace","miles":2.1,"areas":["Sheltowee Trace","Natural Bridge State Resort Park"],"types":["Trail","Resort state park"],"pota":[["US-11181","Sheltowee Trace National Recreation Trail"],["US-1286","Natural Bridge State Park"]],"kff":[],"sota":[]}},{"type":"Feature","geometry":{"type":"MultiLineString","coordinates":[[[-84.07176,37.39071],[-84.07285,37.3909]],[[-84.07598,37.38985],[-84.07712,37.38958]],[[-84.06881,37.39408],[-84.0698,37.39354],[-84.0702,37.39257],[-84.07126,37.39193],[-84.07136,37.39124],[-84.07176,37.39071]],[[-84.06604,37.43342],[-84.06463,37.4332],[-84.06307,37.43311],[-84.06222,37.43251],[-84.06163,37.43146],[-84.06069,37.43138],[-84.05999,37.43076],[-84.0611,37.43097],[-84.06155,37.43006],[-84.06082,37.42867],[-84.06095,37.4275],[-84.06095,37.42671],[-84.06118,37.42578],[-84.06115,37.42471],[-84.06126,37.42398],[-84.06162,37.42298],[-84.06107,37.42231],[-84.06078,37.42124],[-84.06025,37.42023],[-84.05942,37.41957],[-84.05976,37.41893],[-84.06012,37.41806],[-84.0606,37.41751],[-84.05998,37.41684],[-84.06054,37.41629],[-84.06075,37.41563],[-84.06135,37.41496],[-84.06113,37.41455],[-84.06057,37.41416],[-84.06067,37.41339],[-84.06113,37.41293],[-84.06126,37.41226],[-84.06011,37.4112],[-84.05928,37.4104],[-84.05827,37.4099],[-84.05856,37.40916],[-84.05842,37.40882],[-84.05855,37.40788],[-84.05848,37.40656],[-84.05753,37.40635],[-84.05713,37.40578],[-84.05638,37.40509],[-84.057,37.40435],[-84.05799,37.40437],[-84.05888,37.40317],[-84.05871,37.40253],[-84.0588,37.40113],[-84.06,37.40081],[-84.06097,37.40157],[-84.0618,37.40194],[-84.06302,37.40151],[-84.0628,37.40072],[-84.06185,37.40009],[-84.06139,37.39919],[-84.06261,37.39888],[-84.06409,37.39875],[-84.06447,37.39775],[-84.06481,37.39695],[-84.06571,37.39639],[-84.06684,37.39576],[-84.06707,37.39508],[-84.06818,37.39432],[-84.06875,37.39414]]]},"properties":{"kind":"2fer","trail":"Sheltowee Trace","miles":4.4,"areas":["Sheltowee Trace","Mill Creek WMA"],"types":["Trail","Wildlife Management Area"],"pota":[["US-11181","Sheltowee Trace National Recreation Trail"],["US-10146","Mill Creek Wildlife Management Area"]],"kff":[],"sota":[]}},{"type":"Feature","geometry":{"type":"MultiLineString","coordinates":[[[-83.5658,38.09262],[-83.56418,38.09247],[-83.56268,38.09219],[-83.56138,38.09162],[-83.55995,38.09139],[-83.56053,38.09102],[-83.56173,38.09091],[-83.56216,38.09024],[-83.56318,38.08938],[-83.56306,38.08832],[-83.56176,38.08784],[-83.56177,38.08718],[-83.56242,38.08621],[-83.56335,38.08565]]]},"properties":{"kind":"2fer","trail":"Sheltowee Trace","miles":0.9,"areas":["Sheltowee Trace","Pioneer Weapons WMA"],"types":["Trail","Wildlife Management Area"],"pota":[["US-11181","Sheltowee Trace National Recreation Trail"],["US-10158","Pioneer Weapons Wildlife Management Area"]],"kff":[],"sota":[]}},{"type":"Feature","geometry":{"type":"MultiLineString","coordinates":[[[-84.52685,36.7887],[-84.5282,36.78881],[-84.52946,36.78838],[-84.53058,36.7877],[-84.53181,36.78717],[-84.5331,36.7866],[-84.53444,36.78571],[-84.53574,36.78495],[-84.53646,36.78366],[-84.53667,36.78242],[-84.5359,36.78113],[-84.53435,36.78059],[-84.53311,36.78079],[-84.53182,36.78127],[-84.53053,36.78157],[-84.52931,36.78175],[-84.52798,36.78187],[-84.52676,36.78214],[-84.52515,36.78185],[-84.52392,36.78146],[-84.52277,36.78104],[-84.52195,36.77972],[-84.52181,36.77848],[-84.52179,36.77718],[-84.5221,36.77565],[-84.5214,36.77472],[-84.5214,36.77404],[-84.5228,36.77456],[-84.52415,36.7745],[-84.52494,36.77394],[-84.526,36.7735],[-84.52742,36.77314],[-84.52871,36.77263],[-84.53,36.7723],[-84.53156,36.77213],[-84.53302,36.77178],[-84.53432,36.77106],[-84.53546,36.77021],[-84.53666,36.76974],[-84.53761,36.76904],[-84.53893,36.76894],[-84.54037,36.76855],[-84.54183,36.76825],[-84.54304,36.7677],[-84.54417,36.76683],[-84.54514,36.76555],[-84.54564,36.76445],[-84.54653,36.76368],[-84.5472,36.76225],[-84.54755,36.76108],[-84.54804,36.75988],[-84.54943,36.75939],[-84.55096,36.75891],[-84.55235,36.75859],[-84.55329,36.75791],[-84.55346,36.75673],[-84.55312,36.75562],[-84.55257,36.75423],[-84.55141,36.75327],[-84.54979,36.75249],[-84.54854,36.75141],[-84.54776,36.7503],[-84.54741,36.74906],[-84.54714,36.74737],[-84.5472,36.74596],[-84.54705,36.74464],[-84.54618,36.74389],[-84.545,36.74439],[-84.54404,36.74546],[-84.54323,36.74667],[-84.54226,36.74788],[-84.54111,36.74847],[-84.53973,36.74877],[-84.53841,36.74884],[-84.5369,36.74876],[-84.53528,36.74814],[-84.53399,36.74763],[-84.53316,36.74665],[-84.53228,36.74559],[-84.53184,36.74434],[-84.53151,36.74315],[-84.53126,36.74251],[-84.53242,36.74134],[-84.5331,36.74015],[-84.53423,36.73929],[-84.53531,36.73857],[-84.53602,36.7374],[-84.5349,36.73664],[-84.53374,36.73625],[-84.53258,36.73579],[-84.53141,36.73531],[-84.53036,36.73469],[-84.52941,36.73394],[-84.5281,36.7334],[-84.52773,36.73214],[-84.52704,36.73108],[-84.52696,36.72956],[-84.52703,36.72917]],[[-84.52814,36.72819],[-84.5295,36.72813],[-84.53079,36.72797],[-84.53201,36.72798],[-84.53382,36.7282],[-84.53506,36.72847],[-84.53639,36.72846],[-84.53762,36.72866],[-84.53884,36.72864],[-84.53999,36.72821],[-84.54102,36.72737],[-84.54206,36.72648],[-84.54336,36.72538],[-84.54464,36.72512],[-84.54572,36.72404],[-84.54638,36.72268],[-84.54644,36.72116],[-84.54601,36.71984],[-84.54529,36.71882],[-84.54448,36.71785],[-84.54373,36.71691],[-84.54517,36.71626],[-84.54613,36.71577]],[[-84.54622,36.71532],[-84.54756,36.71465],[-84.54821,36.71348]],[[-84.62569,36.64384],[-84.62719,36.64345],[-84.62855,36.64288],[-84.63,36.64298],[-84.63133,36.64336],[-84.63164,36.64341]],[[-84.63192,36.64081],[-84.63313,36.6402],[-84.63398,36.6393],[-84.63412,36.63902]],[[-84.634,36.63811],[-84.63434,36.63721]],[[-84.63758,36.63816],[-84.63746,36.63903]],[[-84.64109,36.63883],[-84.64228,36.63747],[-84.64264,36.63698]],[[-84.65238,36.6317],[-84.6522,36.63039]],[[-84.66906,36.62112],[-84.67042,36.62111],[-84.67096,36.62197]],[[-84.67665,36.62064],[-84.67756,36.62116],[-84.678,36.6217]],[[-84.68318,36.62289],[-84.68444,36.62276],[-84.68577,36.62287],[-84.68678,36.62363]],[[-84.68877,36.62369],[-84.68982,36.62376]]]},"properties":{"kind":"2fer","trail":"Sheltowee Trace","miles":11.4,"areas":["Sheltowee Trace","Big South Fork National River and Recreation Area"],"types":["Trail","Public hunting area"],"pota":[["US-11181","Sheltowee Trace National Recreation Trail"],["US-0686","Big South Fork National Recreation Area"]],"kff":[],"sota":[]}},{"type":"Feature","geometry":{"type":"MultiLineString","coordinates":[[[-84.28207,37.06739],[-84.2818,37.06596],[-84.2818,37.06484],[-84.28183,37.06336],[-84.28137,37.06212],[-84.28108,37.06085],[-84.28098,37.05951],[-84.28089,37.05834],[-84.28096,37.05705],[-84.28121,37.05595],[-84.28144,37.0549],[-84.28176,37.05349],[-84.28175,37.05219],[-84.28152,37.05154],[-84.28223,37.05033],[-84.28313,37.04918],[-84.28387,37.04808],[-84.28397,37.04715],[-84.28385,37.04574],[-84.28362,37.04443],[-84.2835,37.0431],[-84.28347,37.04168],[-84.28374,37.04011],[-84.28429,37.03905],[-84.28561,37.03864],[-84.28548,37.0375],[-84.28516,37.03632],[-84.28483,37.03513],[-84.28451,37.03395],[-84.28411,37.03277],[-84.28361,37.03148],[-84.28316,37.0302],[-84.28289,37.02889],[-84.28214,37.02791],[-84.2813,37.02682],[-84.28126,37.02569],[-84.28123,37.02464],[-84.28162,37.02353],[-84.28254,37.02271],[-84.28324,37.02295],[-84.28382,37.02312],[-84.285,37.02226],[-84.28591,37.02139],[-84.28638,37.0207],[-84.28514,37.02034],[-84.28584,37.01956],[-84.28684,37.01858],[-84.28703,37.01745],[-84.28641,37.01603],[-84.28607,37.01478],[-84.28608,37.01333],[-84.28634,37.01203],[-84.28665,37.0105],[-84.28617,37.00923],[-84.28539,37.00791],[-84.28471,37.00699],[-84.28457,37.00582],[-84.28451,37.00427],[-84.28488,37.00329],[-84.28592,37.00213],[-84.28584,37.00125],[-84.2864,36.99989],[-84.28611,36.9988],[-84.28495,36.99779]]]},"properties":{"kind":"2fer","trail":"Sheltowee Trace","miles":5.3,"areas":["Sheltowee Trace","Cane Creek WMA"],"types":["Trail","Wildlife Management Area"],"pota":[["US-11181","Sheltowee Trace National Recreation Trail"],["US-10121","Cane Creek Wildlife Management Area"]],"kff":[],"sota":[]}},{"type":"Feature","geometry":{"type":"MultiLineString","coordinates":[[[-84.23666,37.10847],[-84.23721,37.10749],[-84.23675,37.1061],[-84.23723,37.10501]]]},"properties":{"kind":"2fer","trail":"Sheltowee Trace","miles":0.3,"areas":["Sheltowee Trace","Sinking Creek State Natural Area"],"types":["Trail","State Natural Area"],"pota":[["US-11181","Sheltowee Trace National Recreation Trail"],["US-7970","Sinking Creek State Natural Area"]],"kff":[],"sota":[]}},{"type":"Feature","geometry":{"type":"MultiLineString","coordinates":[[[-84.28101,37.07101],[-84.28181,37.07004],[-84.28228,37.06922],[-84.28197,37.0681],[-84.28217,37.06702],[-84.28174,37.06574],[-84.28201,37.06439],[-84.28167,37.0631],[-84.28135,37.06175],[-84.28099,37.06055],[-84.28091,37.0592],[-84.28082,37.05797],[-84.28113,37.05676],[-84.28121,37.05581],[-84.28141,37.05454],[-84.2819,37.05317],[-84.28144,37.05213],[-84.28171,37.05128],[-84.28241,37.05009],[-84.28332,37.04891],[-84.28397,37.0479],[-84.28393,37.04687],[-84.28379,37.04541],[-84.28356,37.0441],[-84.28349,37.04276],[-84.28349,37.04126],[-84.28387,37.03984],[-84.2847,37.03891],[-84.28566,37.03853],[-84.2854,37.03721],[-84.28508,37.03602],[-84.28475,37.03484],[-84.28441,37.03366],[-84.28401,37.03248],[-84.28348,37.03115],[-84.28306,37.02989],[-84.28276,37.02861],[-84.28194,37.02768],[-84.28119,37.02657],[-84.28132,37.02534],[-84.2809,37.02459],[-84.28186,37.02324],[-84.28281,37.02297],[-84.28329,37.02303],[-84.28423,37.02303],[-84.28522,37.02205],[-84.28613,37.02118],[-84.28611,37.02048],[-84.28511,37.02028],[-84.28613,37.01937],[-84.28704,37.01832],[-84.28686,37.01709],[-84.28627,37.01568],[-84.286,37.01448],[-84.28614,37.013],[-84.28648,37.01167],[-84.28653,37.01018],[-84.28596,37.00889],[-84.28523,37.0076],[-84.28474,37.00668],[-84.28439,37.00558],[-84.28468,37.00398],[-84.2851,37.00318],[-84.28607,37.00183],[-84.28589,37.00093],[-84.28655,36.99961],[-84.28579,36.99854],[-84.28474,36.99747],[-84.28361,36.99757],[-84.28228,36.99776],[-84.28106,36.99781],[-84.27964,36.99827],[-84.27856,36.99942],[-84.27797,36.99998],[-84.27624,36.9998],[-84.2759,36.99849],[-84.27489,36.99753],[-84.27434,36.99622],[-84.27394,36.99496],[-84.27515,36.99398],[-84.27627,36.99397],[-84.27729,36.99368],[-84.27865,36.99351],[-84.27856,36.99288],[-84.27762,36.99265],[-84.2763,36.99283],[-84.27508,36.99155],[-84.27373,36.99064],[-84.27247,36.99023],[-84.27127,36.9894],[-84.27026,36.9887],[-84.2698,36.98782],[-84.27056,36.98701],[-84.26994,36.98599],[-84.27128,36.98589],[-84.27249,36.98564],[-84.27364,36.98536],[-84.27258,36.98492],[-84.27106,36.98469],[-84.27081,36.98347],[-84.27012,36.98389],[-84.2692,36.98476],[-84.26778,36.98416],[-84.26805,36.983],[-84.26726,36.98337],[-84.26633,36.98357],[-84.26531,36.98226],[-84.26482,36.98092],[-84.26412,36.98169],[-84.26318,36.98219],[-84.26203,36.98299],[-84.26121,36.98239],[-84.26047,36.98304],[-84.25947,36.98175],[-84.26004,36.98087],[-84.2589,36.98045],[-84.25902,36.97965],[-84.26072,36.97964],[-84.26156,36.97923],[-84.26272,36.9794],[-84.26319,36.97872],[-84.2642,36.97848],[-84.26548,36.97817],[-84.26642,36.97744],[-84.26611,36.97696],[-84.26483,36.9766],[-84.26349,36.97633],[-84.26231,36.97572],[-84.26307,36.97484],[-84.26328,36.9742],[-84.26222,36.97363],[-84.26112,36.9733],[-84.26108,36.97208],[-84.26043,36.97099],[-84.26095,36.97135],[-84.26174,36.97085],[-84.26233,36.97123],[-84.26229,36.9718],[-84.26356,36.97293],[-84.26387,36.97194],[-84.26416,36.97122],[-84.26418,36.97045],[-84.26507,36.97059],[-84.26565,36.97145],[-84.26653,36.97147],[-84.26755,36.97135],[-84.26697,36.97022],[-84.2667,36.96852],[-84.26686,36.96753],[-84.26792,36.96715],[-84.26919,36.96625],[-84.2698,36.96529],[-84.26964,36.96418],[-84.26839,36.96343],[-84.26793,36.96211],[-84.26833,36.96032],[-84.26867,36.9593],[-84.26765,36.95815],[-84.26691,36.95684],[-84.2676,36.95648],[-84.2679,36.95514],[-84.26726,36.95401],[-84.26838,36.95334],[-84.26967,36.95302],[-84.27093,36.95294],[-84.27238,36.95308],[-84.27344,36.95231],[-84.27424,36.95267],[-84.27566,36.95343],[-84.27676,36.95333],[-84.2781,36.95272],[-84.27967,36.95284],[-84.28114,36.9527],[-84.28254,36.95266],[-84.28285,36.95359],[-84.28396,36.95312],[-84.28487,36.95377],[-84.28611,36.95346],[-84.2871,36.9526],[-84.28777,36.95141],[-84.28699,36.95077],[-84.28758,36.95],[-84.28866,36.9493],[-84.2898,36.94862],[-84.29099,36.94803],[-84.29262,36.94711],[-84.29414,36.94641],[-84.29524,36.9456],[-84.29557,36.94428],[-84.29533,36.94282],[-84.29548,36.94135],[-84.29611,36.94026],[-84.29676,36.93909],[-84.29717,36.93842],[-84.29692,36.93686],[-84.29782,36.93773]],[[-84.29782,36.93773],[-84.29895,36.93731],[-84.2999,36.93653],[-84.30084,36.93575],[-84.30226,36.93505],[-84.30342,36.93449],[-84.30457,36.93385],[-84.30568,36.9333],[-84.30686,36.93277],[-84.30812,36.93226],[-84.30933,36.93157],[-84.31043,36.93075],[-84.31144,36.92958],[-84.31231,36.92883],[-84.31234,36.92713],[-84.31161,36.92593],[-84.31028,36.92524],[-84.30893,36.92438],[-84.3077,36.92362],[-84.3065,36.92259],[-84.30598,36.92121],[-84.30548,36.92019],[-84.30523,36.9189],[-84.30471,36.91772],[-84.3044,36.91629],[-84.30408,36.91504],[-84.30371,36.91356],[-84.3034,36.91175],[-84.30396,36.91048],[-84.30517,36.90959],[-84.30648,36.90914],[-84.30706,36.9087],[-84.30578,36.90806],[-84.30544,36.9075],[-84.30663,36.9082],[-84.30811,36.90826],[-84.30994,36.90792],[-84.3113,36.90761],[-84.31258,36.90697],[-84.31357,36.90625],[-84.31459,36.90544],[-84.31552,36.90439],[-84.31617,36.90302],[-84.31622,36.90161],[-84.31584,36.90059],[-84.31672,36.89981],[-84.31759,36.89885],[-84.31868,36.89797],[-84.31981,36.89724],[-84.32126,36.89631],[-84.32208,36.89504],[-84.3224,36.89354],[-84.3219,36.89209],[-84.32113,36.89092],[-84.32035,36.88991],[-84.31911,36.88916],[-84.31802,36.88858],[-84.31691,36.88796],[-84.31578,36.88718],[-84.31494,36.88603],[-84.31436,36.88461],[-84.31414,36.88326],[-84.31412,36.88194],[-84.31474,36.88071],[-84.31508,36.87934],[-84.31564,36.87807],[-84.31662,36.8771],[-84.31768,36.87612],[-84.31867,36.87536],[-84.32007,36.87456],[-84.32155,36.87385],[-84.32274,36.8732],[-84.32369,36.8722],[-84.32447,36.87115],[-84.32492,36.86992],[-84.32483,36.86887],[-84.32493,36.86748],[-84.32401,36.86617],[-84.32383,36.86559],[-84.32297,36.86449],[-84.3219,36.86376],[-84.32081,36.86316],[-84.3197,36.86247],[-84.31858,36.86182],[-84.3173,36.86141],[-84.31586,36.861],[-84.31467,36.86009],[-84.31421,36.8594],[-84.31432,36.85805],[-84.31479,36.85677],[-84.31577,36.85591],[-84.31725,36.85529],[-84.31855,36.8552],[-84.31984,36.85508],[-84.3211,36.85487],[-84.32268,36.85491],[-84.32394,36.85466],[-84.32522,36.85452],[-84.32662,36.85408],[-84.32797,36.85331],[-84.3289,36.85241],[-84.32948,36.85131],[-84.32984,36.84998],[-84.33028,36.84857],[-84.33086,36.84725],[-84.33175,36.84609],[-84.33251,36.84493],[-84.33441,36.8441],[-84.33601,36.84388],[-84.33729,36.84393],[-84.33711,36.843],[-84.33679,36.84239],[-84.33774,36.84299],[-84.33894,36.84366],[-84.33989,36.84352],[-84.33991,36.84285],[-84.34103,36.84339],[-84.34219,36.84233],[-84.34256,36.84116],[-84.34336,36.84033],[-84.34379,36.83882],[-84.34382,36.83783],[-84.34267,36.83686],[-84.34123,36.83637],[-84.34062,36.83647]],[[-84.29742,36.93751],[-84.29774,36.93655],[-84.2983,36.93526],[-84.29876,36.93385],[-84.29886,36.93248],[-84.29974,36.93168],[-84.30079,36.93095],[-84.30164,36.92976],[-84.30175,36.92839],[-84.30051,36.92699],[-84.30042,36.92578],[-84.29919,36.92569],[-84.29771,36.92506],[-84.29756,36.92422],[-84.29679,36.92336],[-84.296,36.92216],[-84.29481,36.92117],[-84.29396,36.92035]],[[-84.29397,36.92036],[-84.29485,36.91951],[-84.29604,36.9187],[-84.29664,36.91758],[-84.29789,36.917],[-84.29889,36.91578],[-84.3003,36.9148],[-84.30066,36.91335],[-84.30118,36.91186],[-84.30139,36.91066],[-84.30259,36.91017],[-84.30352,36.90931],[-84.30496,36.90864],[-84.30453,36.90774],[-84.3036,36.90743]],[[-84.34062,36.83647],[-84.34026,36.8358],[-84.33939,36.83524],[-84.33772,36.83587],[-84.33658,36.83678],[-84.33542,36.83727],[-84.33375,36.83759],[-84.33245,36.8374],[-84.33123,36.83705],[-84.33006,36.83667],[-84.32892,36.83611],[-84.32776,36.83562],[-84.32632,36.83533],[-84.32486,36.83529],[-84.32356,36.83546],[-84.32227,36.83564],[-84.32084,36.83561],[-84.31939,36.83529],[-84.31891,36.83421],[-84.3197,36.8326],[-84.32099,36.8316],[-84.32219,36.83103],[-84.32338,36.83053],[-84.32457,36.83004],[-84.32582,36.82947],[-84.32718,36.82901],[-84.32832,36.82811],[-84.32962,36.8276],[-84.33104,36.8274],[-84.33233,36.82724],[-84.33352,36.82694],[-84.33502,36.82678],[-84.33623,36.82649],[-84.33777,36.82633],[-84.3393,36.82586],[-84.34063,36.82505],[-84.34192,36.82455],[-84.34315,36.82359],[-84.3442,36.82289],[-84.34547,36.8221],[-84.34662,36.82138],[-84.34761,36.82071],[-84.34861,36.81976],[-84.34951,36.81868],[-84.35066,36.81785],[-84.3516,36.81698],[-84.35254,36.8161],[-84.35368,36.8153],[-84.35472,36.81453],[-84.35577,36.81378],[-84.35682,36.81257],[-84.35719,36.81108],[-84.35679,36.80963],[-84.35608,36.8084],[-84.35617,36.80805],[-84.35706,36.80796],[-84.35778,36.80825],[-84.35865,36.80935],[-84.35976,36.81013],[-84.36126,36.81057],[-84.36247,36.81134],[-84.36376,36.8124],[-84.36496,36.81248],[-84.36646,36.81192],[-84.36744,36.81282],[-84.36874,36.81358],[-84.36993,36.81418],[-84.37086,36.81418],[-84.37187,36.81326],[-84.37259,36.81173],[-84.37356,36.81053],[-84.37416,36.80916],[-84.37443,36.80782],[-84.37444,36.80654],[-84.37356,36.80501],[-84.3725,36.80419],[-84.3713,36.80344],[-84.3707,36.80212],[-84.36965,36.80162],[-84.36977,36.80088],[-84.37104,36.80128],[-84.37243,36.80137],[-84.37393,36.80168],[-84.37515,36.80215],[-84.37658,36.80238],[-84.37784,36.80298],[-84.37808,36.80243],[-84.37747,36.80125],[-84.37725,36.79991],[-84.3775,36.79865],[-84.37802,36.79729],[-84.37788,36.79627],[-84.3785,36.79496],[-84.37953,36.79381],[-84.37889,36.79362],[-84.3792,36.79303],[-84.37991,36.79199],[-84.38037,36.79086],[-84.38081,36.78977],[-84.38191,36.78886],[-84.38286,36.78773],[-84.38375,36.78684],[-84.38514,36.78582],[-84.38623,36.78499],[-84.38746,36.78438],[-84.38832,36.78388],[-84.38802,36.78363],[-84.38838,36.78363]],[[-84.38838,36.78363],[-84.38957,36.78373],[-84.39086,36.78392],[-84.39224,36.78411],[-84.3935,36.78382],[-84.39462,36.78439],[-84.396,36.78415],[-84.39714,36.78429],[-84.39662,36.78472],[-84.39588,36.78509],[-84.39717,36.78525],[-84.39848,36.78444],[-84.39806,36.78308],[-84.39763,36.78173],[-84.39852,36.78247],[-84.39954,36.78342],[-84.40074,36.78398],[-84.40177,36.78411],[-84.4024,36.78449],[-84.4032,36.78529],[-84.40394,36.78633],[-84.40517,36.78683],[-84.40539,36.78591],[-84.40494,36.78496],[-84.40513,36.78383],[-84.4047,36.78257],[-84.40497,36.78238],[-84.40592,36.78346],[-84.4069,36.78301],[-84.4081,36.78351],[-84.40806,36.78227],[-84.40762,36.78107],[-84.40824,36.78115],[-84.40939,36.7823],[-84.41051,36.78244],[-84.41044,36.78292],[-84.4095,36.78377],[-84.40952,36.78528],[-84.41103,36.78473],[-84.41211,36.78494],[-84.41253,36.78419],[-84.41301,36.78273],[-84.41279,36.78143],[-84.41309,36.78113],[-84.41382,36.78223],[-84.41422,36.78345],[-84.41547,36.78366],[-84.4168,36.78276],[-84.4177,36.78222],[-84.41717,36.78148],[-84.41718,36.78043],[-84.41773,36.77982],[-84.41856,36.78031],[-84.41917,36.77921],[-84.42034,36.77889],[-84.4216,36.7785],[-84.42223,36.77711],[-84.42267,36.77601],[-84.42395,36.77536],[-84.42518,36.77571],[-84.42691,36.77597],[-84.42829,36.77642],[-84.42928,36.77685],[-84.42981,36.77708],[-84.43098,36.77617],[-84.43135,36.7752],[-84.43265,36.77443],[-84.43372,36.7745],[-84.43515,36.77514],[-84.43679,36.77506],[-84.43826,36.77503],[-84.43912,36.77436],[-84.43881,36.77338],[-84.43999,36.77301],[-84.44137,36.77259],[-84.44288,36.772],[-84.44401,36.77136],[-84.44524,36.77192],[-84.44646,36.77276],[-84.44738,36.77369],[-84.44813,36.7747],[-84.44909,36.77553],[-84.44978,36.77668],[-84.45071,36.77751],[-84.45165,36.77834],[-84.45275,36.77898],[-84.45407,36.77924],[-84.45531,36.77946],[-84.4562,36.77992],[-84.45755,36.78012],[-84.45912,36.7797],[-84.4603,36.78023],[-84.46137,36.77999],[-84.46268,36.78007],[-84.46345,36.77973],[-84.46391,36.78061],[-84.46539,36.7811],[-84.46657,36.7816],[-84.46771,36.78176],[-84.4689,36.78161],[-84.47019,36.7814],[-84.47108,36.78059],[-84.47243,36.77983],[-84.47383,36.78015],[-84.47424,36.78003],[-84.47493,36.77936],[-84.4768,36.77942],[-84.47734,36.77882],[-84.47857,36.77881],[-84.47943,36.7799],[-84.47976,36.77942],[-84.48036,36.77895],[-84.48128,36.77963],[-84.48191,36.78092],[-84.48172,36.78225],[-84.4818,36.78358],[-84.48178,36.78485],[-84.48123,36.78594],[-84.48057,36.78704],[-84.48038,36.78732]],[[-84.48483,36.79517],[-84.48535,36.79549],[-84.48633,36.79643],[-84.487,36.79767],[-84.48786,36.7988],[-84.48911,36.79952],[-84.49035,36.79993],[-84.49168,36.80031],[-84.49319,36.80024],[-84.49449,36.79994],[-84.49557,36.79932],[-84.49648,36.7981],[-84.49733,36.79716],[-84.49846,36.79629],[-84.49993,36.79658],[-84.50142,36.79684],[-84.50268,36.79667],[-84.50404,36.79614],[-84.50569,36.79545],[-84.50715,36.79497],[-84.5083,36.79437],[-84.50934,36.79372],[-84.51047,36.7925],[-84.51114,36.79123],[-84.51192,36.79048],[-84.51366,36.78984],[-84.51484,36.78961],[-84.51618,36.78947],[-84.51729,36.78857],[-84.51847,36.78744],[-84.5198,36.78738],[-84.52076,36.78787],[-84.52225,36.78851],[-84.52356,36.78816],[-84.52488,36.78797],[-84.52619,36.7885],[-84.52685,36.7887]],[[-84.48038,36.78732],[-84.47977,36.7883],[-84.48071,36.78909],[-84.48108,36.79024],[-84.4817,36.79145],[-84.48163,36.79278],[-84.48146,36.79333],[-84.48151,36.79431],[-84.48244,36.79486],[-84.48376,36.79516],[-84.48483,36.79517]],[[-84.52685,36.7887],[-84.5282,36.78881],[-84.52946,36.78838],[-84.53058,36.7877],[-84.53181,36.78717],[-84.5331,36.7866],[-84.53444,36.78571],[-84.53574,36.78495],[-84.53646,36.78366],[-84.53667,36.78242],[-84.5359,36.78113],[-84.53435,36.78059],[-84.53311,36.78079],[-84.53182,36.78127],[-84.53053,36.78157],[-84.52931,36.78175],[-84.52798,36.78187],[-84.52676,36.78214],[-84.52515,36.78185],[-84.52392,36.78146],[-84.52277,36.78104],[-84.52195,36.77972],[-84.52181,36.77848],[-84.52179,36.77718],[-84.5221,36.77565],[-84.5214,36.77472],[-84.5214,36.77404],[-84.5228,36.77456],[-84.52415,36.7745],[-84.52494,36.77394],[-84.526,36.7735],[-84.52742,36.77314],[-84.52871,36.77263],[-84.53,36.7723],[-84.53156,36.77213],[-84.53302,36.77178],[-84.53432,36.77106],[-84.53546,36.77021],[-84.53666,36.76974],[-84.53761,36.76904],[-84.53893,36.76894],[-84.54037,36.76855],[-84.54183,36.76825],[-84.54304,36.7677],[-84.54417,36.76683],[-84.54514,36.76555],[-84.54564,36.76445],[-84.54653,36.76368],[-84.5472,36.76225],[-84.54755,36.76108],[-84.54804,36.75988],[-84.54943,36.75939],[-84.55096,36.75891],[-84.55235,36.75859],[-84.55329,36.75791],[-84.55346,36.75673],[-84.55312,36.75562],[-84.55257,36.75423],[-84.55141,36.75327],[-84.54979,36.75249],[-84.54854,36.75141],[-84.54776,36.7503],[-84.54741,36.74906],[-84.54714,36.74737],[-84.5472,36.74596],[-84.54705,36.74464],[-84.54618,36.74389],[-84.545,36.74439],[-84.54404,36.74546],[-84.54323,36.74667],[-84.54226,36.74788],[-84.54111,36.74847],[-84.53973,36.74877],[-84.53841,36.74884],[-84.5369,36.74876],[-84.53528,36.74814],[-84.53399,36.74763],[-84.53316,36.74665],[-84.53228,36.74559],[-84.53184,36.74434],[-84.53151,36.74315],[-84.53126,36.74251],[-84.53242,36.74134],[-84.5331,36.74015],[-84.53423,36.73929],[-84.53531,36.73857],[-84.53602,36.7374],[-84.5349,36.73664],[-84.53374,36.73625],[-84.53258,36.73579],[-84.53141,36.73531],[-84.53036,36.73469],[-84.52941,36.73394],[-84.5281,36.7334],[-84.52773,36.73214],[-84.52704,36.73108],[-84.52696,36.72956],[-84.52672,36.72858],[-84.52814,36.72819],[-84.5295,36.72813],[-84.53079,36.72797],[-84.53201,36.72798],[-84.53382,36.7282],[-84.53506,36.72847],[-84.53639,36.72846],[-84.53762,36.72866],[-84.53884,36.72864],[-84.53999,36.72821],[-84.54102,36.72737],[-84.54206,36.72648],[-84.54336,36.72538],[-84.54464,36.72512],[-84.54572,36.72404],[-84.54638,36.72268],[-84.54644,36.72116],[-84.54601,36.71984],[-84.54529,36.71882],[-84.54448,36.71785],[-84.54373,36.71691],[-84.54517,36.71626],[-84.54613,36.71577],[-84.54661,36.71521],[-84.54782,36.71446],[-84.54811,36.71312],[-84.54742,36.71197],[-84.54666,36.71108],[-84.54637,36.70965],[-84.5469,36.70809],[-84.54767,36.70703],[-84.54869,36.70612],[-84.54965,36.70536],[-84.55099,36.7049],[-84.55209,36.7039],[-84.55317,36.70272],[-84.55352,36.70149],[-84.55346,36.7001],[-84.55327,36.69855],[-84.55342,36.69743],[-84.55456,36.69673],[-84.55548,36.69624],[-84.55627,36.69629],[-84.55749,36.69573],[-84.55848,36.69467],[-84.55926,36.6938],[-84.5602,36.69272],[-84.56071,36.69125],[-84.56046,36.68999],[-84.55976,36.68902],[-84.56044,36.68781],[-84.56168,36.68811],[-84.56287,36.68766],[-84.56392,36.68681],[-84.56535,36.68608],[-84.56602,36.68556],[-84.56703,36.68547],[-84.56823,36.68517],[-84.56886,36.68433],[-84.56931,36.68393],[-84.57027,36.68348],[-84.57154,36.68376],[-84.57289,36.68433],[-84.57356,36.68431],[-84.57465,36.68378],[-84.57596,36.68279],[-84.57669,36.68191],[-84.57793,36.6809],[-84.5789,36.67976],[-84.57905,36.67876],[-84.57923,36.67808],[-84.5797,36.67688],[-84.5808,36.67741],[-84.5812,36.67687],[-84.58084,36.67615],[-84.58123,36.67571],[-84.5819,36.67463],[-84.58325,36.67387],[-84.58416,36.67273],[-84.58529,36.67168],[-84.58603,36.67056],[-84.58705,36.66983],[-84.5875,36.66858],[-84.5875,36.66748],[-84.58731,36.66605],[-84.58713,36.66488],[-84.58834,36.66452],[-84.58963,36.66419]],[[-84.58962,36.6642],[-84.59032,36.66443],[-84.58948,36.66313],[-84.58976,36.66234],[-84.591,36.66097],[-84.5914,36.65975],[-84.59178,36.65832],[-84.59207,36.65699],[-84.59209,36.65577],[-84.59268,36.65608],[-84.59331,36.65729],[-84.59426,36.658],[-84.59558,36.65803],[-84.59662,36.65764],[-84.59797,36.65676],[-84.59823,36.65512],[-84.599,36.65493],[-84.60013,36.65383],[-84.6013,36.6534],[-84.60276,36.65304],[-84.60354,36.65287],[-84.60434,36.65247],[-84.60565,36.65231],[-84.60685,36.65207],[-84.60824,36.65171],[-84.60978,36.65169],[-84.61096,36.65129],[-84.61223,36.65134],[-84.61364,36.652],[-84.61449,36.65082],[-84.61568,36.65],[-84.61696,36.64936],[-84.61804,36.64845],[-84.61922,36.64742],[-84.61851,36.64629],[-84.61927,36.64563],[-84.62045,36.64512],[-84.62166,36.64525],[-84.62265,36.64467],[-84.6239,36.64439],[-84.62536,36.64409],[-84.62685,36.64361],[-84.62821,36.64298],[-84.62955,36.64268],[-84.63097,36.64305],[-84.63201,36.64307],[-84.63193,36.64187],[-84.6322,36.64064],[-84.63345,36.64007],[-84.63412,36.63902],[-84.63388,36.63761],[-84.63472,36.63732],[-84.63585,36.63814],[-84.637,36.63848],[-84.63773,36.63838],[-84.63768,36.63944],[-84.63902,36.63966],[-84.64032,36.63936],[-84.64128,36.63828],[-84.64235,36.63725],[-84.64358,36.63646],[-84.64479,36.63589],[-84.64599,36.63531],[-84.64699,36.63435],[-84.64836,36.63395],[-84.64975,36.63337],[-84.65087,36.63244],[-84.65238,36.6317],[-84.6522,36.63039],[-84.65298,36.62902],[-84.6544,36.62841],[-84.65558,36.62801],[-84.65709,36.62719],[-84.65849,36.62638],[-84.6595,36.62575],[-84.66099,36.62628],[-84.66224,36.62668],[-84.66352,36.62642],[-84.66456,36.62568],[-84.66421,36.62467],[-84.66472,36.62355],[-84.66577,36.62284],[-84.6671,36.6223],[-84.66855,36.62127],[-84.67007,36.62104],[-84.67096,36.62197],[-84.67236,36.62199],[-84.67362,36.62138],[-84.67531,36.62135],[-84.67665,36.62064],[-84.67756,36.62116],[-84.67851,36.6222],[-84.67965,36.62286],[-84.68104,36.62302],[-84.68255,36.62295],[-84.68381,36.62283],[-84.68507,36.6227],[-84.6866,36.62325],[-84.68705,36.62396],[-84.68841,36.62379],[-84.68982,36.62376],[-84.69121,36.62383],[-84.69181,36.62492],[-84.69254,36.62592],[-84.6936,36.62651],[-84.69527,36.62722],[-84.69655,36.62822],[-84.69678,36.62955],[-84.69649,36.63074],[-84.69761,36.63191],[-84.6988,36.63272],[-84.69926,36.63406],[-84.69982,36.6354],[-84.69965,36.63687],[-84.70101,36.6376],[-84.70249,36.6379],[-84.70378,36.63785],[-84.70483,36.63825],[-84.70486,36.6392],[-84.70613,36.64046],[-84.70751,36.64092],[-84.70872,36.64107],[-84.70983,36.64211],[-84.71101,36.64316],[-84.71196,36.64337],[-84.71323,36.64258],[-84.71309,36.64149],[-84.71204,36.64032],[-84.71188,36.63916],[-84.71232,36.63783],[-84.71267,36.63661],[-84.71291,36.63527],[-84.71328,36.63402],[-84.71385,36.63278],[-84.71416,36.63193],[-84.71486,36.63257],[-84.71614,36.63214],[-84.71737,36.63164],[-84.7188,36.63042],[-84.72002,36.62959],[-84.72168,36.62967],[-84.72308,36.63016],[-84.7243,36.63131],[-84.72534,36.63197],[-84.72651,36.63167],[-84.72604,36.63064],[-84.7253,36.62955],[-84.72447,36.62829],[-84.72394,36.62711],[-84.7245,36.62622],[-84.72565,36.62562],[-84.72692,36.62571],[-84.72743,36.62532],[-84.72647,36.62376],[-84.72692,36.62262],[-84.72766,36.62157],[-84.72728,36.62023],[-84.72698,36.61904],[-84.72685,36.61783],[-84.72688,36.61655],[-84.7273,36.61526],[-84.72788,36.61403],[-84.729,36.61324],[-84.72985,36.61408],[-84.73055,36.61491],[-84.73196,36.61503],[-84.73358,36.61522],[-84.73496,36.61468],[-84.7357,36.61363],[-84.73645,36.61263],[-84.73643,36.6114],[-84.73566,36.61023],[-84.73473,36.60935],[-84.73396,36.60807],[-84.7329,36.6072],[-84.73322,36.60653],[-84.73442,36.60623],[-84.73521,36.60504],[-84.73659,36.6045],[-84.73813,36.60418],[-84.73925,36.60306],[-84.73939,36.60273]],[[-84.26131,37.09526],[-84.26224,37.09443],[-84.26342,37.09376],[-84.26486,37.09324],[-84.26454,37.09284],[-84.2636,37.09196],[-84.26252,37.09127],[-84.26183,37.09021],[-84.26075,37.08918],[-84.25932,37.08891],[-84.25879,37.08793],[-84.25898,37.08652],[-84.26005,37.08666],[-84.26126,37.08663],[-84.26265,37.08631],[-84.26415,37.08642],[-84.26578,37.0859],[-84.26704,37.08578],[-84.26859,37.08528],[-84.2698,37.08444],[-84.27051,37.08331],[-84.27095,37.08208],[-84.27213,37.08148],[-84.27282,37.08064],[-84.27341,37.07935],[-84.27383,37.07819],[-84.27478,37.07702],[-84.27591,37.07645],[-84.27709,37.07555],[-84.27772,37.07422],[-84.27862,37.07345],[-84.27958,37.07268],[-84.28041,37.07168],[-84.28102,37.071]],[[-84.25082,37.13032],[-84.24962,37.13018],[-84.24807,37.12967],[-84.24767,37.12845],[-84.24773,37.12713],[-84.24652,37.1263],[-84.24532,37.12556],[-84.24478,37.1241],[-84.24374,37.12298],[-84.24297,37.12176],[-84.24274,37.12073],[-84.24341,37.12036],[-84.24326,37.11881],[-84.2425,37.11757],[-84.24182,37.11664],[-84.24064,37.11568],[-84.23926,37.11475],[-84.23775,37.11559],[-84.23691,37.11628],[-84.23566,37.11581],[-84.23447,37.11557],[-84.23407,37.11421],[-84.23396,37.11276],[-84.23299,37.11155],[-84.23408,37.11052],[-84.23524,37.11001],[-84.23576,37.10871],[-84.23682,37.10838],[-84.23709,37.10712],[-84.23681,37.10581],[-84.23737,37.10475],[-84.23763,37.10389],[-84.23672,37.10275],[-84.23573,37.10173],[-84.23655,37.10091],[-84.2379,37.10088],[-84.23923,37.10137],[-84.24016,37.10234],[-84.24107,37.10246],[-84.24144,37.10129],[-84.24231,37.10023],[-84.24195,37.09957],[-84.24051,37.09927],[-84.24148,37.09883],[-84.24221,37.09781],[-84.24337,37.09784],[-84.24379,37.09646],[-84.24507,37.09682],[-84.24648,37.09743],[-84.24774,37.09824],[-84.2489,37.09831],[-84.24917,37.09737],[-84.2484,37.09641],[-84.24792,37.09525],[-84.24876,37.09464],[-84.25005,37.09504],[-84.25122,37.09494],[-84.25249,37.09421],[-84.25427,37.0943],[-84.2557,37.09445],[-84.25557,37.09598],[-84.25571,37.0972],[-84.25635,37.09838],[-84.25758,37.09928],[-84.25843,37.0983],[-84.2595,37.09777],[-84.26054,37.09674],[-84.26108,37.09552],[-84.26131,37.09526]],[[-84.2489,37.13335],[-84.24958,37.13222],[-84.25048,37.131],[-84.25083,37.13031]],[[-84.23916,37.15006],[-84.23995,37.14882],[-84.24063,37.14755],[-84.24145,37.14633],[-84.24144,37.14498],[-84.24057,37.14387],[-84.24077,37.14232],[-84.24082,37.14089],[-84.24205,37.14062],[-84.24344,37.14015],[-84.24495,37.13949],[-84.24551,37.13814],[-84.2456,37.13719],[-84.24569,37.13609],[-84.24623,37.13475],[-84.24559,37.13428],[-84.24597,37.13396],[-84.24538,37.13344],[-84.24477,37.13236],[-84.24583,37.13294],[-84.24734,37.13358],[-84.24886,37.13342]],[[-84.24262,37.16493],[-84.24212,37.16436],[-84.2409,37.16365],[-84.24055,37.16289],[-84.24136,37.16201],[-84.24029,37.16185],[-84.23958,37.16135],[-84.24037,37.16083],[-84.24199,37.16038],[-84.24267,37.15913],[-84.24184,37.15932],[-84.24082,37.15896],[-84.24143,37.15749],[-84.2409,37.15641],[-84.24011,37.15575],[-84.23995,37.15505],[-84.24011,37.15419],[-84.23951,37.15324],[-84.23926,37.15224],[-84.2389,37.15201],[-84.23903,37.15117],[-84.23915,37.15004]],[[-84.14849,37.32697],[-84.14726,37.32618],[-84.14605,37.32625],[-84.14473,37.32591],[-84.1433,37.32536],[-84.14264,37.3241],[-84.14207,37.32262],[-84.14132,37.32149],[-84.14038,37.32047],[-84.13926,37.31994],[-84.1384,37.31875],[-84.13787,37.31737],[-84.1374,37.31609],[-84.13671,37.31479],[-84.13623,37.31357],[-84.13669,37.3123],[-84.13707,37.31113],[-84.13836,37.31002],[-84.13993,37.30965],[-84.14127,37.30964],[-84.14264,37.30957],[-84.14393,37.30961],[-84.14519,37.30975],[-84.14651,37.31],[-84.14773,37.31041],[-84.14886,37.31104],[-84.1501,37.31164],[-84.15136,37.31194],[-84.15257,37.31156],[-84.15361,37.31055],[-84.15315,37.30942],[-84.15219,37.30823],[-84.15112,37.30744],[-84.14999,37.30684],[-84.14889,37.30615],[-84.14779,37.305],[-84.14833,37.30314],[-84.1498,37.30299],[-84.15111,37.30292],[-84.15237,37.30282],[-84.15358,37.30276],[-84.15486,37.30351],[-84.15583,37.30427],[-84.15737,37.30449],[-84.15865,37.30447],[-84.16004,37.30404],[-84.16053,37.30272],[-84.16081,37.30132],[-84.15969,37.30059],[-84.15847,37.30001],[-84.15717,37.29952],[-84.15589,37.29904],[-84.15471,37.29849],[-84.15358,37.29761],[-84.15336,37.29629],[-84.15269,37.29478],[-84.1517,37.29384],[-84.15045,37.29367],[-84.14924,37.29371],[-84.14789,37.29323],[-84.14662,37.29236],[-84.14534,37.2914],[-84.14373,37.29012],[-84.14225,37.29002],[-84.1413,37.2894],[-84.1408,37.28808],[-84.14134,37.28791],[-84.14188,37.28899],[-84.14332,37.28895],[-84.14483,37.28848],[-84.14503,37.28743],[-84.1448,37.2862],[-84.14483,37.28509],[-84.14355,37.28385],[-84.14397,37.28338],[-84.1453,37.28342],[-84.14655,37.28378],[-84.14761,37.28452],[-84.14859,37.28533],[-84.1494,37.28638],[-84.14994,37.28754],[-84.15117,37.2884],[-84.15178,37.28744],[-84.1522,37.28737],[-84.15381,37.28749],[-84.15472,37.28762],[-84.15577,37.28776],[-84.15694,37.28674],[-84.15732,37.28541],[-84.15764,37.28431],[-84.15856,37.28329],[-84.16028,37.28243],[-84.16174,37.28243],[-84.16253,37.2833],[-84.16308,37.28437],[-84.16328,37.28342],[-84.16399,37.28247],[-84.16506,37.28195],[-84.166,37.28138],[-84.16722,37.27992],[-84.16682,37.27841],[-84.16678,37.27718],[-84.16586,37.27644],[-84.16593,37.27589],[-84.16681,37.27485],[-84.1671,37.2731],[-84.16825,37.27276],[-84.16944,37.27315],[-84.17077,37.27232],[-84.17021,37.27134],[-84.1703,37.27011],[-84.17103,37.26903],[-84.17159,37.26889],[-84.17318,37.26959],[-84.17481,37.26968],[-84.17632,37.26964],[-84.17759,37.26988],[-84.17885,37.27064],[-84.18046,37.27069],[-84.1817,37.27028],[-84.18265,37.27123],[-84.18351,37.27166],[-84.18424,37.27241],[-84.18478,37.27367],[-84.1857,37.27469],[-84.18525,37.27541],[-84.18612,37.27537],[-84.18738,37.27483],[-84.18885,37.27464],[-84.18988,37.27396],[-84.1898,37.27476],[-84.19163,37.27502],[-84.19316,37.27462],[-84.19441,37.27467],[-84.19409,37.2738],[-84.19493,37.27289],[-84.19577,37.27243],[-84.19583,37.27372],[-84.19673,37.2738],[-84.19737,37.27269],[-84.19802,37.27216],[-84.19898,37.27209],[-84.19872,37.27093],[-84.19916,37.26972],[-84.19939,37.26844],[-84.19911,37.26701],[-84.19975,37.26617],[-84.2009,37.26575],[-84.20136,37.26484],[-84.20084,37.2639],[-84.20149,37.26269],[-84.20067,37.26228],[-84.20085,37.26145],[-84.19976,37.26058],[-84.19887,37.25967],[-84.19832,37.25832],[-84.19756,37.25701],[-84.19692,37.25619],[-84.1959,37.25544],[-84.19497,37.25467],[-84.19394,37.25324],[-84.19396,37.25191],[-84.19467,37.25055],[-84.1953,37.24933],[-84.19643,37.24855],[-84.19743,37.24746],[-84.19763,37.2463],[-84.19854,37.24492],[-84.19853,37.24325],[-84.19844,37.24194],[-84.19879,37.2408],[-84.19811,37.23972],[-84.19762,37.23862],[-84.19679,37.23757],[-84.19627,37.2368],[-84.19611,37.23529],[-84.19623,37.23408],[-84.19721,37.23304],[-84.19621,37.23241],[-84.19486,37.23217],[-84.19476,37.23153],[-84.19614,37.23112],[-84.19741,37.23123],[-84.19878,37.23102],[-84.1991,37.22939],[-84.2001,37.22841],[-84.20098,37.2294],[-84.20205,37.23017],[-84.20363,37.2305],[-84.20503,37.23033],[-84.20666,37.23039],[-84.20791,37.23099],[-84.20881,37.23211],[-84.20962,37.23316],[-84.21065,37.23286],[-84.21131,37.2318],[-84.21198,37.23074],[-84.21265,37.22968],[-84.21332,37.22862],[-84.21406,37.22759],[-84.21491,37.22664],[-84.21577,37.22571],[-84.21664,37.22482],[-84.21779,37.22401],[-84.21863,37.22437],[-84.21981,37.22383],[-84.22124,37.22442],[-84.22239,37.2247],[-84.22386,37.22435],[-84.22471,37.22463],[-84.22559,37.22349],[-84.2265,37.22218],[-84.22787,37.22154],[-84.22856,37.2206],[-84.22954,37.21942],[-84.22952,37.21844],[-84.22971,37.21773],[-84.23043,37.21679],[-84.2312,37.2158],[-84.23164,37.21487],[-84.23141,37.21392],[-84.23064,37.21271],[-84.22938,37.21303],[-84.22877,37.21215],[-84.22848,37.21081],[-84.22836,37.20957],[-84.22798,37.20828],[-84.22837,37.20657],[-84.22857,37.20556],[-84.22763,37.20462],[-84.22794,37.20337],[-84.22786,37.20179],[-84.22862,37.20083],[-84.22934,37.19986],[-84.22964,37.1993],[-84.2308,37.19894],[-84.23228,37.19866],[-84.23269,37.19796],[-84.23379,37.19717],[-84.23452,37.19632],[-84.23531,37.19533],[-84.23606,37.19429],[-84.23735,37.19329],[-84.23819,37.19223],[-84.23829,37.19106],[-84.23743,37.19031],[-84.23665,37.18913],[-84.23674,37.18789],[-84.23657,37.18664],[-84.2358,37.18565],[-84.23638,37.18404],[-84.23756,37.18296],[-84.23876,37.18198],[-84.23994,37.18109],[-84.24098,37.18047],[-84.24079,37.17885],[-84.24093,37.17774],[-84.2405,37.17693],[-84.23942,37.17565],[-84.23852,37.17614],[-84.2379,37.1762],[-84.23704,37.1757],[-84.238,37.17535],[-84.23883,37.1741],[-84.24,37.17385],[-84.2409,37.17367],[-84.2412,37.17372],[-84.24183,37.17412],[-84.24287,37.17309],[-84.24362,37.17197],[-84.24301,37.17085],[-84.24327,37.1697],[-84.24293,37.16813],[-84.24158,37.16757],[-84.24286,37.1671],[-84.24235,37.16572],[-84.24092,37.16511],[-84.24198,37.1649],[-84.24262,37.16493]],[[-84.07176,37.39071],[-84.07299,37.39071],[-84.07441,37.39041],[-84.07598,37.38985],[-84.0774,37.38944],[-84.07856,37.38882],[-84.07989,37.38812],[-84.0814,37.38755],[-84.0823,37.38691],[-84.08352,37.38625],[-84.08486,37.38606],[-84.0864,37.38583],[-84.08771,37.38508],[-84.08886,37.3842],[-84.09,37.38341],[-84.09119,37.38296],[-84.09212,37.38228],[-84.09323,37.38054],[-84.09352,37.37908],[-84.09393,37.37787],[-84.09534,37.37736],[-84.09654,37.3771],[-84.09775,37.37684],[-84.0991,37.37638],[-84.10028,37.37642],[-84.10173,37.37646],[-84.10269,37.37604],[-84.10411,37.37519],[-84.10527,37.37495],[-84.10663,37.37518],[-84.10795,37.37514],[-84.10918,37.37425],[-84.11028,37.37322],[-84.1109,37.37194],[-84.11163,37.37087],[-84.11266,37.36991],[-84.11397,37.36928],[-84.11497,37.37051],[-84.11608,37.36973],[-84.11729,37.36889],[-84.1184,37.36766],[-84.11938,37.36671],[-84.1203,37.36585],[-84.1219,37.36547],[-84.12319,37.36629],[-84.12474,37.36665],[-84.12636,37.36656],[-84.12759,37.36705],[-84.12872,37.3675],[-84.12991,37.36777],[-84.13107,37.36826],[-84.13267,37.368],[-84.1337,37.36711],[-84.13471,37.36653],[-84.13482,37.36567],[-84.13438,37.36471],[-84.13322,37.3639],[-84.13192,37.36289],[-84.13082,37.36212],[-84.12971,37.36104],[-84.12922,37.35959],[-84.12895,37.35825],[-84.12885,37.35686],[-84.12988,37.35618],[-84.1313,37.35598],[-84.13255,37.35559],[-84.13378,37.35509],[-84.13497,37.35438],[-84.13652,37.35392],[-84.13755,37.35334],[-84.13815,37.35199],[-84.13712,37.35089],[-84.13557,37.35046],[-84.1343,37.35],[-84.13313,37.34928],[-84.13345,37.34787],[-84.13385,37.34676],[-84.13375,37.34543],[-84.13389,37.34398],[-84.13522,37.34281],[-84.13665,37.34317],[-84.13784,37.3437],[-84.13902,37.3441],[-84.14027,37.34416],[-84.14098,37.34277],[-84.14129,37.34146],[-84.14134,37.33996],[-84.14053,37.33902],[-84.13957,37.33784],[-84.13851,37.33691],[-84.13739,37.33626],[-84.13616,37.33598],[-84.13489,37.33592],[-84.13517,37.335],[-84.13574,37.33389],[-84.1357,37.33239],[-84.13611,37.33088],[-84.13669,37.32989],[-84.13786,37.32986],[-84.13913,37.32988],[-84.14074,37.32992],[-84.1418,37.33059],[-84.1431,37.33095],[-84.14433,37.33138],[-84.14551,37.33051],[-84.1465,37.32936],[-84.14649,37.32813],[-84.1475,37.3272],[-84.14849,37.32697]],[[-84.06881,37.39408],[-84.0698,37.39354],[-84.0702,37.39257],[-84.07126,37.39193],[-84.07136,37.39124],[-84.07176,37.39071]],[[-84.02765,37.45579],[-84.02841,37.45489],[-84.02902,37.45401],[-84.02958,37.45284],[-84.03086,37.4516],[-84.0323,37.45095],[-84.03341,37.45045],[-84.0345,37.45001],[-84.03574,37.44956],[-84.03687,37.44833],[-84.03799,37.44774],[-84.0392,37.44729],[-84.04013,37.44657],[-84.04118,37.44583],[-84.04252,37.44577],[-84.04412,37.4462],[-84.04539,37.44571],[-84.04659,37.44483],[-84.0482,37.44529],[-84.04836,37.44659],[-84.04899,37.44746],[-84.05038,37.44728],[-84.05156,37.4475],[-84.05232,37.44836],[-84.05316,37.44924],[-84.05355,37.44993],[-84.05494,37.45022],[-84.05654,37.44958],[-84.05782,37.44924],[-84.05907,37.44966],[-84.06046,37.44965],[-84.06211,37.44964],[-84.0633,37.44887],[-84.06384,37.4484],[-84.06548,37.44819],[-84.06671,37.44762],[-84.0671,37.4465],[-84.06681,37.44597],[-84.06713,37.44508],[-84.06736,37.4442],[-84.06732,37.4432],[-84.06757,37.44192],[-84.06701,37.44032],[-84.06708,37.43895],[-84.06731,37.43803],[-84.06735,37.43745],[-84.06762,37.43625],[-84.0676,37.43505],[-84.06773,37.43438],[-84.06655,37.4336],[-84.0654,37.43339],[-84.06383,37.43305],[-84.06255,37.43276],[-84.06162,37.43192],[-84.0614,37.43146],[-84.06016,37.43112],[-84.06059,37.43097],[-84.06136,37.43051],[-84.06143,37.42944],[-84.06095,37.42812],[-84.06099,37.42719],[-84.06083,37.4261],[-84.06126,37.42519],[-84.06119,37.42429],[-84.06118,37.42364],[-84.06155,37.42272],[-84.06073,37.42172],[-84.06067,37.42086],[-84.05959,37.41984],[-84.0597,37.41921],[-84.05965,37.41835],[-84.06057,37.41774],[-84.06021,37.41717],[-84.0601,37.41661],[-84.06071,37.41605],[-84.06086,37.41515],[-84.06141,37.41476],[-84.06081,37.41435],[-84.06051,37.41382],[-84.06097,37.41321],[-84.06134,37.41251],[-84.06104,37.41181],[-84.05961,37.41072],[-84.05864,37.41028],[-84.05819,37.40957],[-84.05885,37.40889],[-84.05812,37.40857],[-84.05871,37.4072],[-84.05812,37.40659],[-84.05725,37.40604],[-84.05658,37.40542],[-84.05669,37.40475],[-84.05759,37.40432],[-84.05841,37.40382],[-84.05869,37.40296],[-84.05889,37.402],[-84.05896,37.40081],[-84.06073,37.40136],[-84.06136,37.40189],[-84.06235,37.40161],[-84.0629,37.4011],[-84.06205,37.40034],[-84.06173,37.39981],[-84.06165,37.39889],[-84.06365,37.39897],[-84.064,37.39824],[-84.06447,37.39747],[-84.06528,37.3965],[-84.0662,37.3962],[-84.06717,37.39537],[-84.0674,37.39456],[-84.06875,37.39414]],[[-83.9673,37.47795],[-83.96838,37.47763],[-83.96985,37.47805],[-83.97108,37.4781],[-83.9724,37.47796],[-83.97362,37.47824],[-83.97526,37.47807],[-83.97663,37.47729],[-83.97758,37.47765],[-83.97784,37.47838],[-83.97986,37.4787],[-83.98133,37.47836],[-83.98181,37.47759],[-83.98232,37.47667],[-83.98271,37.47625],[-83.98426,37.47581],[-83.98358,37.47519],[-83.98357,37.47487],[-83.98474,37.47446],[-83.98557,37.47376],[-83.98544,37.47264],[-83.98548,37.47152],[-83.98541,37.4706],[-83.98545,37.46954],[-83.98628,37.4683],[-83.98643,37.46751],[-83.98687,37.46676],[-83.98676,37.46558],[-83.98676,37.4647],[-83.98741,37.46417],[-83.98666,37.46368],[-83.98579,37.46289],[-83.98628,37.46174],[-83.98723,37.4606],[-83.98811,37.46064],[-83.98875,37.46029],[-83.98912,37.45962],[-83.99,37.45871],[-83.99117,37.45759],[-83.99266,37.45659],[-83.99432,37.45644],[-83.99544,37.45626],[-83.99566,37.4552],[-83.9969,37.45494],[-83.99773,37.45455],[-83.9988,37.45414],[-83.99994,37.45375],[-84.00026,37.45316],[-84.00117,37.45249],[-84.00297,37.45181],[-84.00377,37.45173],[-84.00386,37.45113],[-84.00406,37.45111],[-84.00413,37.4518],[-84.00452,37.45239],[-84.00473,37.45196],[-84.00558,37.45153],[-84.00547,37.45113],[-84.00639,37.45098],[-84.0079,37.45073],[-84.00959,37.45005],[-84.01043,37.44921],[-84.0108,37.44863],[-84.01069,37.44782],[-84.01228,37.4475],[-84.0132,37.44719],[-84.01453,37.44698],[-84.01576,37.44733],[-84.01686,37.44739],[-84.01825,37.44812],[-84.01907,37.44935],[-84.01909,37.45058],[-84.01911,37.45181],[-84.0195,37.45299],[-84.02005,37.45406],[-84.02044,37.4555],[-84.02131,37.45604],[-84.02258,37.45637],[-84.02384,37.45669],[-84.02519,37.45682],[-84.02658,37.45676],[-84.02765,37.45579]],[[-83.92342,37.46707],[-83.92416,37.46684],[-83.92521,37.46654],[-83.9267,37.46601],[-83.92804,37.46596],[-83.92888,37.46619],[-83.92955,37.46568],[-83.93077,37.46557],[-83.93227,37.46586],[-83.93362,37.46605],[-83.93493,37.46586],[-83.93636,37.4654],[-83.93728,37.46532],[-83.93812,37.46564],[-83.94001,37.46597],[-83.94152,37.46562],[-83.94303,37.46605],[-83.9438,37.46693],[-83.94487,37.46773],[-83.94609,37.46874],[-83.94675,37.46956],[-83.948,37.47036],[-83.94937,37.47088],[-83.95058,37.47116],[-83.95178,37.47124],[-83.95328,37.47138],[-83.95438,37.47218],[-83.95559,37.47286],[-83.95711,37.47311],[-83.95836,37.47387],[-83.95824,37.47541],[-83.95842,37.47579],[-83.95936,37.47468],[-83.96016,37.4753],[-83.96001,37.47639],[-83.96096,37.47681],[-83.96072,37.47792],[-83.96155,37.47912],[-83.96288,37.47878],[-83.96392,37.47868],[-83.96502,37.47895],[-83.96608,37.47867],[-83.9673,37.47795]],[[-83.91762,37.46612],[-83.91817,37.46615],[-83.91896,37.46637],[-83.91907,37.46646]],[[-83.91918,37.46654],[-83.92032,37.46686],[-83.92096,37.46697],[-83.92207,37.46721],[-83.92297,37.46715],[-83.92342,37.46707]],[[-83.77349,37.54788],[-83.77436,37.54693],[-83.77522,37.54597],[-83.77609,37.54502],[-83.7771,37.54427],[-83.77828,37.54356],[-83.77929,37.54265],[-83.77978,37.54152],[-83.78033,37.54036],[-83.781,37.53919],[-83.78156,37.5381],[-83.7816,37.53794]],[[-83.78215,37.53693],[-83.78341,37.53655],[-83.78457,37.53558],[-83.78573,37.53467],[-83.78704,37.53449],[-83.78833,37.53444],[-83.78985,37.53448],[-83.79104,37.53466],[-83.79223,37.53484],[-83.79367,37.53481],[-83.79453,37.53392],[-83.79493,37.53266],[-83.79519,37.53129],[-83.79602,37.53062],[-83.79722,37.53103],[-83.79841,37.53144],[-83.79955,37.53193],[-83.80051,37.53267],[-83.80148,37.53341],[-83.80255,37.53398],[-83.80264,37.53525],[-83.80206,37.53636],[-83.80184,37.53762],[-83.80305,37.53874],[-83.8043,37.53885],[-83.80569,37.53902],[-83.80692,37.53887],[-83.80831,37.53855],[-83.8096,37.53798],[-83.81026,37.53705],[-83.81013,37.53583],[-83.81024,37.53433],[-83.81025,37.53287],[-83.81017,37.53164],[-83.8101,37.53081],[-83.81035,37.52957],[-83.8102,37.5283],[-83.809,37.52795],[-83.80784,37.52771],[-83.80719,37.52625],[-83.80822,37.52546],[-83.80952,37.52551],[-83.8107,37.52574],[-83.81239,37.52508],[-83.81298,37.52388],[-83.81286,37.52255],[-83.81258,37.52112],[-83.81195,37.51995],[-83.81214,37.51932],[-83.81328,37.5195],[-83.81462,37.52019],[-83.81578,37.52057],[-83.81688,37.5214],[-83.81808,37.52268],[-83.81985,37.52309],[-83.82124,37.52257],[-83.82258,37.52174],[-83.8238,37.5208],[-83.82424,37.51941],[-83.82368,37.51829],[-83.82259,37.51726],[-83.8212,37.51641],[-83.82076,37.51534],[-83.82053,37.51391],[-83.82105,37.51256],[-83.8221,37.51206],[-83.82341,37.51122],[-83.82478,37.51118],[-83.82576,37.51201],[-83.82679,37.5128],[-83.82781,37.51358],[-83.82932,37.5144],[-83.83055,37.51493],[-83.83148,37.51551],[-83.83284,37.5157],[-83.83404,37.51593],[-83.83513,37.51653],[-83.83633,37.51694],[-83.83729,37.51739],[-83.83751,37.51639],[-83.83698,37.51549],[-83.83766,37.51528],[-83.83839,37.51615],[-83.83977,37.51623],[-83.84147,37.51626],[-83.84285,37.5163],[-83.8441,37.51679],[-83.8452,37.51749],[-83.84514,37.51838],[-83.8444,37.51926],[-83.8447,37.52043],[-83.84619,37.52056],[-83.84759,37.52088],[-83.84905,37.52088],[-83.85042,37.52125],[-83.85185,37.52149],[-83.85317,37.52133],[-83.8545,37.52146],[-83.85567,37.52205],[-83.85669,37.52113],[-83.85653,37.51983],[-83.8575,37.5187],[-83.85759,37.51735],[-83.85723,37.51634],[-83.85851,37.51577],[-83.85981,37.51582],[-83.86116,37.5159],[-83.86254,37.5159],[-83.86404,37.5159],[-83.86542,37.51595],[-83.86689,37.51582],[-83.86822,37.51577],[-83.86947,37.51593],[-83.87074,37.51629],[-83.87196,37.51681],[-83.87317,37.51664],[-83.87456,37.51648],[-83.87593,37.51641],[-83.87718,37.51593],[-83.87848,37.51568],[-83.87984,37.51571],[-83.8814,37.51569],[-83.88253,37.51601],[-83.88378,37.51641],[-83.88501,37.51716],[-83.88561,37.51674],[-83.88559,37.51552],[-83.88608,37.51448],[-83.88748,37.51455],[-83.88877,37.51444],[-83.89009,37.51413],[-83.89152,37.5138],[-83.89274,37.51337],[-83.89393,37.51344],[-83.89485,37.51226],[-83.89605,37.51237],[-83.89729,37.51179],[-83.89868,37.51154],[-83.8999,37.5119],[-83.90138,37.51245],[-83.90199,37.51159],[-83.90304,37.51206],[-83.90427,37.5126],[-83.90554,37.51351],[-83.9066,37.51366],[-83.90721,37.51492],[-83.90845,37.51555],[-83.90952,37.51623],[-83.91064,37.51693],[-83.91189,37.51607],[-83.91261,37.51466],[-83.9126,37.51314],[-83.91147,37.51229],[-83.91023,37.51197],[-83.90903,37.5115],[-83.908,37.51079],[-83.90709,37.50998],[-83.9065,37.50889],[-83.90731,37.50823],[-83.90875,37.50818],[-83.90998,37.50756],[-83.91128,37.50757],[-83.91263,37.50753],[-83.91388,37.5073],[-83.91403,37.50633],[-83.91349,37.50487],[-83.91242,37.50466],[-83.91119,37.50502],[-83.90965,37.50481],[-83.90863,37.50409],[-83.90687,37.50376],[-83.90542,37.50341],[-83.90424,37.50358],[-83.90341,37.50412],[-83.90301,37.50302],[-83.90327,37.50226],[-83.90265,37.50152],[-83.90358,37.50125],[-83.90488,37.50172],[-83.90605,37.50208],[-83.90749,37.50204],[-83.90905,37.50202],[-83.90997,37.50095],[-83.90961,37.49991],[-83.90837,37.49966],[-83.9072,37.49921],[-83.9064,37.498],[-83.90657,37.4967],[-83.90777,37.49582],[-83.90865,37.49456],[-83.90775,37.49379],[-83.90651,37.49379],[-83.90525,37.49387],[-83.90392,37.49346],[-83.90308,37.49251],[-83.90392,37.49153],[-83.9046,37.49047],[-83.90598,37.49085],[-83.90721,37.49045],[-83.90848,37.49005],[-83.90976,37.48951],[-83.91088,37.48873],[-83.91106,37.48764],[-83.9098,37.487],[-83.91015,37.48669],[-83.90944,37.48623],[-83.90839,37.48562],[-83.9075,37.48552],[-83.9083,37.48461],[-83.90911,37.4837],[-83.91002,37.48276],[-83.91101,37.48197],[-83.91199,37.48114],[-83.9129,37.47996],[-83.91389,37.47913],[-83.91492,37.47832],[-83.91602,37.47767],[-83.9172,37.4773],[-83.91836,37.47727],[-83.91768,37.47663],[-83.91632,37.47616],[-83.91481,37.47587],[-83.9137,37.4754],[-83.91237,37.47502],[-83.91154,37.4739],[-83.9123,37.47252],[-83.91368,37.47221],[-83.91511,37.47205],[-83.91623,37.47151],[-83.9173,37.47055],[-83.91829,37.46953],[-83.91893,37.4682],[-83.91825,37.46704],[-83.91875,37.46646],[-83.91907,37.46646]],[[-83.69967,37.76041],[-83.70109,37.76082],[-83.70178,37.75979],[-83.7012,37.75829],[-83.70159,37.75739],[-83.70182,37.75628],[-83.70171,37.75532],[-83.70125,37.75399],[-83.70096,37.75279],[-83.70115,37.75144],[-83.70083,37.75035],[-83.69956,37.75019],[-83.69815,37.75056],[-83.69716,37.75001],[-83.69653,37.7486],[-83.69492,37.74791],[-83.69337,37.74791],[-83.69289,37.74681],[-83.69284,37.74554],[-83.69172,37.74455],[-83.69061,37.74372],[-83.68969,37.74283],[-83.68826,37.74298],[-83.68778,37.74219],[-83.68881,37.7405],[-83.68908,37.73922],[-83.68976,37.73804],[-83.69082,37.73714],[-83.69191,37.73714],[-83.69304,37.73637],[-83.69417,37.73545],[-83.69506,37.73412],[-83.69609,37.73346],[-83.69652,37.73228],[-83.69718,37.73144],[-83.69844,37.73138],[-83.7002,37.73153],[-83.70084,37.73068],[-83.70019,37.7295],[-83.70038,37.72832],[-83.6998,37.72739],[-83.7005,37.72626],[-83.70153,37.72543],[-83.70177,37.72422],[-83.70102,37.72322],[-83.70086,37.72202],[-83.70199,37.72134],[-83.70265,37.72028],[-83.70231,37.71904],[-83.7025,37.7181],[-83.70353,37.71718],[-83.70475,37.71716],[-83.70606,37.71669],[-83.7072,37.71648],[-83.70864,37.71628],[-83.70954,37.71722],[-83.7105,37.71816],[-83.71146,37.71906],[-83.71261,37.71999],[-83.71349,37.71967],[-83.71458,37.7189],[-83.71591,37.71859],[-83.717,37.71806],[-83.71818,37.71768],[-83.71946,37.7174],[-83.72074,37.71661],[-83.72196,37.71609],[-83.72314,37.71553],[-83.72375,37.71414],[-83.72421,37.71299],[-83.7238,37.71178],[-83.7236,37.71088],[-83.72439,37.70997],[-83.72516,37.70894],[-83.72554,37.70742],[-83.72604,37.70626],[-83.72547,37.70521],[-83.72628,37.70402],[-83.72703,37.70306],[-83.72741,37.70193],[-83.72709,37.70063],[-83.72708,37.69923],[-83.72758,37.69795],[-83.72882,37.69749],[-83.72992,37.69678],[-83.73098,37.69621],[-83.73208,37.69557],[-83.7326,37.69445],[-83.73355,37.69352],[-83.73519,37.6927],[-83.73644,37.69212],[-83.73748,37.6915],[-83.7385,37.69081],[-83.73944,37.68974],[-83.7397,37.68857],[-83.74053,37.68746],[-83.74127,37.68577],[-83.74209,37.68476],[-83.74285,37.68397],[-83.74393,37.68335],[-83.7449,37.68247],[-83.74589,37.6816],[-83.74685,37.68078],[-83.74828,37.6804],[-83.74907,37.67939],[-83.74956,37.67828],[-83.75072,37.67767],[-83.75224,37.67689],[-83.75281,37.67594],[-83.75299,37.67453],[-83.75362,37.67315],[-83.75435,37.67191],[-83.7547,37.67106],[-83.75476,37.6698],[-83.75469,37.66851],[-83.75547,37.66769],[-83.75628,37.66678],[-83.7573,37.66584],[-83.75865,37.66514],[-83.75947,37.66384],[-83.76033,37.66269],[-83.75962,37.6616],[-83.75925,37.6603],[-83.75995,37.65925],[-83.76007,37.65802],[-83.76004,37.65654],[-83.76076,37.65508],[-83.76108,37.65382],[-83.76129,37.65245],[-83.76096,37.65085],[-83.75991,37.65004],[-83.75995,37.64904],[-83.75853,37.64903],[-83.75741,37.64942],[-83.75726,37.65052],[-83.75627,37.64995],[-83.75722,37.64904],[-83.7578,37.64872],[-83.7585,37.6474],[-83.75751,37.64632],[-83.75681,37.64566],[-83.75717,37.64438],[-83.7574,37.64319],[-83.75656,37.64277],[-83.75601,37.64214],[-83.75627,37.64133],[-83.75716,37.64049],[-83.75686,37.63946],[-83.7579,37.63845],[-83.75904,37.63807],[-83.75939,37.63714],[-83.75896,37.63612],[-83.75995,37.63549],[-83.76089,37.63456],[-83.76156,37.63363],[-83.76192,37.63249],[-83.76291,37.63138],[-83.76264,37.6302],[-83.76183,37.62882],[-83.76203,37.62786],[-83.76281,37.62703],[-83.76452,37.62706],[-83.76514,37.62595],[-83.76546,37.62462],[-83.7663,37.62348],[-83.76732,37.62255],[-83.76839,37.62166],[-83.77004,37.62192],[-83.77102,37.6231],[-83.7723,37.62359],[-83.77335,37.62466],[-83.77476,37.62459],[-83.77616,37.62448],[-83.77688,37.62346],[-83.77781,37.6239],[-83.77825,37.62437],[-83.77943,37.6239],[-83.7806,37.62328],[-83.78184,37.62271],[-83.78345,37.62305],[-83.78451,37.62446],[-83.78598,37.6252],[-83.78702,37.62605],[-83.7885,37.62587],[-83.78936,37.62445],[-83.79051,37.62377],[-83.79196,37.62333],[-83.79383,37.62297],[-83.79494,37.62234],[-83.7958,37.62145],[-83.7952,37.62015],[-83.79512,37.6187],[-83.79447,37.61746],[-83.79378,37.61637],[-83.79269,37.61496],[-83.79314,37.61385],[-83.79332,37.61255],[-83.79372,37.6111],[-83.79396,37.60975],[-83.79269,37.60872],[-83.79203,37.60742],[-83.79092,37.60683],[-83.78952,37.60626],[-83.789,37.60472],[-83.78884,37.60348],[-83.78867,37.60225],[-83.78817,37.60096],[-83.78673,37.60034],[-83.78538,37.60011],[-83.78444,37.59877],[-83.7842,37.59742],[-83.7839,37.59608],[-83.78261,37.59546],[-83.78146,37.59439],[-83.78143,37.59306],[-83.78206,37.59181],[-83.78159,37.59017],[-83.78045,37.5895],[-83.77886,37.58924],[-83.77729,37.58877],[-83.77601,37.58889],[-83.77451,37.58885],[-83.77346,37.58822],[-83.77248,37.58747],[-83.77109,37.58689],[-83.77005,37.58611],[-83.76906,37.58499],[-83.76816,37.58393],[-83.76741,37.58252],[-83.76706,37.58119],[-83.76656,37.57998],[-83.76575,37.57894],[-83.76424,37.57848],[-83.76287,37.57776],[-83.76248,37.57651],[-83.76298,37.57536],[-83.76388,37.57424],[-83.76398,37.57269],[-83.76504,37.57216],[-83.76613,37.57159],[-83.76715,37.57085],[-83.76816,37.5701],[-83.76925,37.56934],[-83.77098,37.56899],[-83.77165,37.56826],[-83.77055,37.56753],[-83.76973,37.56649],[-83.7704,37.56558],[-83.77197,37.56548],[-83.77294,37.56464],[-83.77202,37.5641],[-83.77257,37.56268],[-83.77175,37.56146],[-83.77117,37.56],[-83.77084,37.55873],[-83.77066,37.55748],[-83.77,37.55631],[-83.76996,37.55517],[-83.7713,37.55429],[-83.77232,37.55348],[-83.77186,37.55225],[-83.7718,37.55084],[-83.772,37.54948],[-83.77285,37.54857],[-83.77349,37.54788]],[[-83.59334,37.88159],[-83.59356,37.88012],[-83.5939,37.87938],[-83.5942,37.87806],[-83.5949,37.87687],[-83.59469,37.87581],[-83.59621,37.87485],[-83.59697,37.87411],[-83.59651,37.87401],[-83.59567,37.87384],[-83.59678,37.87292],[-83.59788,37.8722],[-83.59867,37.87127],[-83.59813,37.87064],[-83.59838,37.86998],[-83.59923,37.86882],[-83.59985,37.86732],[-83.59974,37.86602],[-83.59987,37.86438],[-83.59934,37.86311],[-83.59816,37.86275],[-83.59695,37.86218],[-83.59637,37.86102],[-83.59656,37.85971],[-83.59608,37.85871],[-83.59499,37.85731],[-83.59406,37.85651],[-83.59492,37.85641],[-83.59628,37.85572],[-83.59748,37.8551],[-83.59857,37.85471],[-83.59942,37.8542],[-83.6001,37.85393],[-83.60132,37.85394],[-83.60213,37.85438],[-83.60277,37.85425],[-83.60341,37.8541],[-83.60365,37.85373],[-83.60279,37.85357],[-83.60162,37.85317],[-83.60092,37.85257],[-83.59976,37.85196],[-83.60009,37.85106],[-83.60114,37.8505],[-83.60273,37.8501],[-83.6026,37.84942],[-83.60233,37.84806],[-83.60159,37.84718],[-83.60256,37.84677],[-83.60315,37.84686],[-83.60411,37.84653],[-83.60466,37.84613],[-83.6052,37.84556],[-83.60566,37.84471],[-83.60644,37.84457],[-83.60762,37.84518],[-83.60835,37.84524],[-83.60861,37.84509],[-83.60806,37.84426],[-83.60753,37.84369],[-83.60813,37.84244],[-83.60905,37.84142],[-83.61003,37.84177],[-83.61093,37.84203],[-83.61136,37.84256],[-83.61178,37.84225],[-83.61201,37.84197],[-83.61233,37.84303],[-83.61343,37.84378],[-83.61392,37.84439],[-83.61464,37.84415],[-83.61583,37.84478],[-83.61667,37.84562],[-83.61728,37.84634],[-83.61809,37.84598],[-83.61775,37.84548],[-83.61758,37.84513],[-83.61683,37.84441],[-83.61748,37.8439],[-83.61756,37.84342],[-83.61687,37.84299],[-83.61613,37.84282],[-83.6162,37.84236],[-83.61725,37.84251],[-83.61744,37.84202],[-83.61755,37.84154],[-83.6176,37.84066],[-83.61786,37.83987],[-83.6184,37.84055],[-83.6186,37.84137],[-83.61905,37.84181],[-83.61997,37.84208],[-83.61958,37.84274],[-83.62035,37.843],[-83.62049,37.84387],[-83.62031,37.84462],[-83.62119,37.84503],[-83.6214,37.84387],[-83.62225,37.84329],[-83.62247,37.84295],[-83.62195,37.84218],[-83.62311,37.84147],[-83.62243,37.84134],[-83.62151,37.84043],[-83.62168,37.83989],[-83.62241,37.83975],[-83.62249,37.83916],[-83.62148,37.83877],[-83.62051,37.83848],[-83.6197,37.83783],[-83.61909,37.83663],[-83.62002,37.83614],[-83.6215,37.83648],[-83.62258,37.83733],[-83.62367,37.83814],[-83.62414,37.83945],[-83.62433,37.83922],[-83.62427,37.83823],[-83.62353,37.83697],[-83.6233,37.83601],[-83.62382,37.83574],[-83.62502,37.8361],[-83.62476,37.83541],[-83.62377,37.83453],[-83.62354,37.83325],[-83.62393,37.83209],[-83.62464,37.83287],[-83.62563,37.834],[-83.62537,37.83289],[-83.625,37.83174],[-83.62484,37.83025],[-83.62569,37.82955],[-83.62527,37.8284],[-83.62492,37.828],[-83.62438,37.82708],[-83.62424,37.82587],[-83.62418,37.82475],[-83.62519,37.82378],[-83.62593,37.82292],[-83.62599,37.82112],[-83.62625,37.82041],[-83.62494,37.82052],[-83.62573,37.82016],[-83.62466,37.81924],[-83.62358,37.81836],[-83.62255,37.81755],[-83.62239,37.81631],[-83.6227,37.8148],[-83.62223,37.81346],[-83.62154,37.81232],[-83.62115,37.81157],[-83.62046,37.81065],[-83.62048,37.8099],[-83.62134,37.80921],[-83.62166,37.80862],[-83.62184,37.80786],[-83.62332,37.8084],[-83.6244,37.8084],[-83.62536,37.8073],[-83.62618,37.80759],[-83.62601,37.80809],[-83.62691,37.80858],[-83.62729,37.80925],[-83.62866,37.80936],[-83.62961,37.80838],[-83.63034,37.80813],[-83.63168,37.80832],[-83.63305,37.80837],[-83.63437,37.80859],[-83.63465,37.80933],[-83.63457,37.8103],[-83.63578,37.81048],[-83.63653,37.81066],[-83.63813,37.81046],[-83.63973,37.81015],[-83.63985,37.80945],[-83.63991,37.80789],[-83.64078,37.80748],[-83.64185,37.80725],[-83.6433,37.80808],[-83.64352,37.80929],[-83.64453,37.81024],[-83.64542,37.81006],[-83.64641,37.80921],[-83.64739,37.80871],[-83.64869,37.80836],[-83.64982,37.80778],[-83.65122,37.80744],[-83.6526,37.80752],[-83.65403,37.80778],[-83.65546,37.80755],[-83.65608,37.80632],[-83.65518,37.80517],[-83.6546,37.80444],[-83.65394,37.80363],[-83.65397,37.80266],[-83.65316,37.80153],[-83.6536,37.80026],[-83.6542,37.79917],[-83.65409,37.79777],[-83.65469,37.79705],[-83.65509,37.79685],[-83.65496,37.79652],[-83.6556,37.79511],[-83.65523,37.79394],[-83.65496,37.79327],[-83.6555,37.79234],[-83.656,37.79148],[-83.65647,37.79047],[-83.65704,37.78919],[-83.65739,37.78806],[-83.6584,37.78726],[-83.65974,37.78694],[-83.66014,37.78644],[-83.66047,37.78582],[-83.66122,37.78543],[-83.66238,37.78557],[-83.66375,37.78588],[-83.66481,37.78551],[-83.66574,37.78524],[-83.66645,37.78452],[-83.66749,37.78447],[-83.66883,37.78458],[-83.67003,37.78403],[-83.67055,37.7838],[-83.67109,37.78346],[-83.67176,37.7833],[-83.67303,37.78268],[-83.67339,37.78246],[-83.67372,37.78108],[-83.67447,37.78023],[-83.67593,37.77961],[-83.67597,37.77822],[-83.67698,37.77699],[-83.67666,37.77578],[-83.67641,37.77438],[-83.67754,37.77426],[-83.67817,37.77306],[-83.67816,37.77372],[-83.67836,37.77489],[-83.67936,37.77493],[-83.67952,37.77396],[-83.68029,37.77355],[-83.6811,37.77411],[-83.68146,37.77264],[-83.68265,37.77177],[-83.68377,37.77129],[-83.68507,37.77138],[-83.6858,37.77024],[-83.68607,37.76877],[-83.68708,37.768],[-83.68751,37.76652],[-83.68844,37.76578],[-83.68897,37.76426],[-83.69033,37.76346],[-83.69199,37.7638],[-83.69352,37.76342],[-83.69437,37.76261],[-83.69524,37.76127],[-83.69645,37.76093],[-83.69786,37.76133],[-83.69912,37.76088],[-83.69967,37.76041]],[[-83.62475,37.82784],[-83.62492,37.82655],[-83.62502,37.82526],[-83.62587,37.82409],[-83.62693,37.82339],[-83.62803,37.82294]],[[-83.58532,37.91978],[-83.58437,37.91891],[-83.58441,37.9177],[-83.58508,37.91647],[-83.58548,37.91533],[-83.58595,37.91411],[-83.58746,37.9142],[-83.58894,37.91397],[-83.59044,37.91436],[-83.59174,37.91368],[-83.59279,37.91291],[-83.59321,37.91183],[-83.59395,37.91106],[-83.59519,37.91036],[-83.59639,37.91027],[-83.59768,37.9104],[-83.59851,37.90915],[-83.59947,37.90835],[-83.6006,37.9077],[-83.60171,37.90704],[-83.60183,37.90598],[-83.60183,37.90465],[-83.60206,37.90327],[-83.60185,37.90201],[-83.60197,37.90048],[-83.6028,37.89961],[-83.6031,37.89853],[-83.60399,37.89739],[-83.60484,37.8965],[-83.60393,37.89534],[-83.60302,37.89504],[-83.6018,37.89509],[-83.60129,37.89397],[-83.60054,37.89282],[-83.59945,37.89204],[-83.59838,37.89121],[-83.59665,37.89116],[-83.59579,37.89031],[-83.59502,37.88939],[-83.59378,37.88871],[-83.5938,37.8879],[-83.59337,37.88664],[-83.5937,37.88629],[-83.59465,37.88505],[-83.59397,37.88392],[-83.59329,37.88238],[-83.59334,37.88159]],[[-83.48979,38.1322],[-83.49084,38.13124],[-83.49084,38.13],[-83.48994,38.12875],[-83.49051,38.12789],[-83.49173,38.1273],[-83.49279,38.1266],[-83.49235,38.12522],[-83.49338,38.12435],[-83.49442,38.12382],[-83.49587,38.12364],[-83.49713,38.12352],[-83.49838,38.12334],[-83.4992,38.1228],[-83.50038,38.12228],[-83.50174,38.12136],[-83.50304,38.12096],[-83.50443,38.1216],[-83.50597,38.12161],[-83.50722,38.12206],[-83.50753,38.12358],[-83.50788,38.12385],[-83.5087,38.12403],[-83.50977,38.12302],[-83.51132,38.12367],[-83.51238,38.12451],[-83.5137,38.12436],[-83.51495,38.12465],[-83.51585,38.12582],[-83.51668,38.12707],[-83.51805,38.1268],[-83.51876,38.12633],[-83.52026,38.12613],[-83.52118,38.12528],[-83.52219,38.12415],[-83.52338,38.12361],[-83.52498,38.12383],[-83.5263,38.12383],[-83.52781,38.12397],[-83.52886,38.12361],[-83.52998,38.1233],[-83.53099,38.12233],[-83.53218,38.12169],[-83.53295,38.12077],[-83.53307,38.11956],[-83.5332,38.11835],[-83.53332,38.11714],[-83.53345,38.11592],[-83.53357,38.11471],[-83.53311,38.11362],[-83.53277,38.11217],[-83.53241,38.11045],[-83.53344,38.11042],[-83.53454,38.10956],[-83.53473,38.10795],[-83.53534,38.1075],[-83.53603,38.10873],[-83.53732,38.10889],[-83.53869,38.10856],[-83.54008,38.10826],[-83.54114,38.10799],[-83.54239,38.10802],[-83.54388,38.10773],[-83.54501,38.10736],[-83.54622,38.10687],[-83.54748,38.1066],[-83.54838,38.10617],[-83.54947,38.10518],[-83.55006,38.10588],[-83.55086,38.10541],[-83.5517,38.10418],[-83.55114,38.10304],[-83.54968,38.10313],[-83.54853,38.10231],[-83.54895,38.10146],[-83.55004,38.10157],[-83.55091,38.10188],[-83.55186,38.10155],[-83.55306,38.1019],[-83.55437,38.10168],[-83.55582,38.10175],[-83.55722,38.10195],[-83.55876,38.10232],[-83.55995,38.10304],[-83.56072,38.10171],[-83.56132,38.10126],[-83.56169,38.10216],[-83.56284,38.10265],[-83.56371,38.10309],[-83.56456,38.10192],[-83.56602,38.10211],[-83.56699,38.10157],[-83.56603,38.10054],[-83.56525,38.09905],[-83.56535,38.09786],[-83.56695,38.09744],[-83.56826,38.09772],[-83.56938,38.09801],[-83.56951,38.09656],[-83.56945,38.09547],[-83.57034,38.0949],[-83.57037,38.09432],[-83.56925,38.09365],[-83.56847,38.09245],[-83.56836,38.09087],[-83.56747,38.0909],[-83.5665,38.0922],[-83.56484,38.09257],[-83.56349,38.09247],[-83.56202,38.09186],[-83.56074,38.09149],[-83.55997,38.09117],[-83.56125,38.0911],[-83.56194,38.0905],[-83.56269,38.08973],[-83.56347,38.08877],[-83.56244,38.08812],[-83.56131,38.08763],[-83.56218,38.08681],[-83.56304,38.08584],[-83.56375,38.08487],[-83.5642,38.08368],[-83.56307,38.08332],[-83.56224,38.08219],[-83.56279,38.08108],[-83.56362,38.08025],[-83.5631,38.07883],[-83.56374,38.07766],[-83.56481,38.07644],[-83.56574,38.07519],[-83.56716,38.07464],[-83.56843,38.07439],[-83.56985,38.07357],[-83.5708,38.0724],[-83.57183,38.07175],[-83.57325,38.07157],[-83.57403,38.07031],[-83.57477,38.06891],[-83.57555,38.06757],[-83.57656,38.06675],[-83.57792,38.06617],[-83.57938,38.06631],[-83.58062,38.06627],[-83.58061,38.06519],[-83.57995,38.06398],[-83.58004,38.06244],[-83.58002,38.06151],[-83.58026,38.06075],[-83.57864,38.05986],[-83.57797,38.05897],[-83.57776,38.05793],[-83.57826,38.05757],[-83.57931,38.05625],[-83.58025,38.05537],[-83.5807,38.0546],[-83.58129,38.05352],[-83.58195,38.05236],[-83.58272,38.05128],[-83.58343,38.04985],[-83.58445,38.04903],[-83.58557,38.04848],[-83.58665,38.04885],[-83.58754,38.0497],[-83.58804,38.05062],[-83.58908,38.05137],[-83.58963,38.05238],[-83.5908,38.05333],[-83.59188,38.0534],[-83.59268,38.05294],[-83.59175,38.0524],[-83.59178,38.05148],[-83.59238,38.0508],[-83.59264,38.05048],[-83.59133,38.04989],[-83.59,38.04917],[-83.59058,38.0486],[-83.59101,38.04855],[-83.59156,38.04865],[-83.59138,38.04804],[-83.59088,38.04736],[-83.59236,38.0481],[-83.59333,38.04816],[-83.59413,38.04703],[-83.59339,38.04762],[-83.59383,38.04669],[-83.59498,38.04583],[-83.5959,38.04531],[-83.59621,38.04389],[-83.59656,38.04257],[-83.59625,38.04119],[-83.59562,38.04047],[-83.59437,38.03964],[-83.59325,38.03948],[-83.59442,38.03913],[-83.59597,38.03924],[-83.59718,38.03863],[-83.59837,38.03808],[-83.59865,38.03713],[-83.5995,38.03641],[-83.5993,38.03537],[-83.59873,38.03418],[-83.59972,38.03367],[-83.60055,38.03291],[-83.59988,38.03157],[-83.60029,38.03043],[-83.59966,38.02915],[-83.59803,38.029],[-83.59824,38.02882],[-83.59806,38.02773],[-83.59787,38.0263],[-83.59752,38.02566],[-83.59885,38.02549],[-83.60012,38.02482],[-83.60135,38.02535],[-83.60236,38.02497],[-83.6023,38.02346],[-83.60193,38.02249],[-83.60284,38.02219],[-83.60366,38.02154],[-83.60464,38.02078],[-83.60451,38.0194],[-83.60561,38.01854],[-83.60601,38.01775],[-83.60486,38.01702],[-83.60544,38.01619],[-83.60683,38.01594],[-83.60691,38.01464],[-83.60589,38.0139],[-83.60645,38.01276],[-83.60713,38.01192],[-83.60734,38.01096],[-83.60693,38.01085],[-83.60764,38.01075],[-83.60726,38.00991],[-83.60801,38.00869],[-83.6091,38.00772],[-83.60858,38.00657],[-83.60713,38.00613],[-83.60787,38.00611],[-83.60854,38.0054],[-83.60913,38.0041],[-83.60905,38.0031],[-83.60931,38.00181],[-83.60996,38.00101],[-83.61116,38.0014],[-83.61265,38.00152],[-83.61327,38.00039],[-83.61278,38.00025],[-83.61267,37.99967],[-83.6122,37.99929],[-83.61221,37.99893],[-83.61292,37.99839],[-83.61426,37.9981],[-83.61407,37.99694],[-83.6145,37.99627],[-83.61438,37.99538],[-83.6142,37.99424],[-83.6147,37.99278],[-83.61518,37.99209],[-83.61469,37.99069],[-83.61378,37.98994],[-83.61287,37.98909],[-83.61239,37.98772],[-83.61119,37.98711],[-83.60954,37.98648],[-83.60828,37.98614],[-83.6069,37.98589],[-83.60577,37.98648],[-83.60454,37.98698],[-83.60312,37.98672],[-83.60177,37.98668],[-83.60077,37.98582],[-83.60065,37.98451],[-83.60021,37.9836],[-83.60038,37.98236],[-83.60082,37.9813],[-83.60074,37.98008],[-83.59972,37.97927],[-83.5995,37.97821],[-83.59997,37.97726],[-83.59881,37.97746],[-83.59786,37.97679],[-83.59888,37.9756],[-83.59902,37.9752],[-83.59874,37.97489],[-83.59747,37.97493],[-83.59617,37.97507],[-83.59483,37.97533],[-83.59352,37.97565],[-83.59207,37.97625],[-83.59083,37.97621],[-83.58959,37.97617],[-83.58824,37.97608],[-83.58685,37.97548],[-83.58616,37.97437],[-83.58566,37.973],[-83.58451,37.97205],[-83.58309,37.97167],[-83.5819,37.97153],[-83.58072,37.97113],[-83.57919,37.97102],[-83.57797,37.97089],[-83.57694,37.96996],[-83.57651,37.96881],[-83.57665,37.96757],[-83.57655,37.9663],[-83.5772,37.96492],[-83.57762,37.96348],[-83.57728,37.96209],[-83.57701,37.96051],[-83.57754,37.95902],[-83.57841,37.95787],[-83.57989,37.95687],[-83.58086,37.95616],[-83.58176,37.95534],[-83.58261,37.95434],[-83.58293,37.95302],[-83.58321,37.9518],[-83.58351,37.95047],[-83.58456,37.94972],[-83.58572,37.94884],[-83.58565,37.94762],[-83.58577,37.9464],[-83.58553,37.9448],[-83.5849,37.9435],[-83.5841,37.94247],[-83.58451,37.94121],[-83.58429,37.93973],[-83.58302,37.93891],[-83.58201,37.93773],[-83.5821,37.93641],[-83.58149,37.9351],[-83.58145,37.93355],[-83.58115,37.93227],[-83.58003,37.93151],[-83.57992,37.93029],[-83.57939,37.92922],[-83.57857,37.92798],[-83.57825,37.92691],[-83.5771,37.92633],[-83.57715,37.92513],[-83.57816,37.92438],[-83.57899,37.92346],[-83.57952,37.92227],[-83.58032,37.92123],[-83.58151,37.92034],[-83.58262,37.91991],[-83.5836,37.92064],[-83.58468,37.92175],[-83.58536,37.92303],[-83.58668,37.92312],[-83.5861,37.92232],[-83.58541,37.92125],[-83.58522,37.92007],[-83.58532,37.91978]],[[-83.50336,38.15008],[-83.50219,38.151],[-83.50107,38.15172],[-83.50004,38.15235],[-83.49902,38.15298],[-83.4977,38.15342],[-83.49635,38.1537],[-83.49508,38.15384],[-83.49393,38.15338],[-83.4928,38.15273],[-83.49167,38.15207],[-83.4905,38.15152],[-83.48915,38.15126],[-83.48793,38.15107],[-83.48671,38.15088],[-83.4855,38.15065],[-83.48438,38.15023],[-83.48327,38.14969],[-83.48388,38.14837],[-83.4843,38.14727],[-83.48494,38.14697],[-83.48567,38.14588],[-83.48592,38.14456],[-83.48659,38.14478],[-83.48802,38.1449],[-83.4888,38.14529],[-83.48993,38.14528],[-83.49121,38.14521],[-83.49251,38.14483],[-83.49247,38.14341],[-83.49152,38.14283],[-83.49078,38.14226],[-83.49139,38.1411],[-83.49109,38.13961],[-83.4901,38.13843],[-83.48928,38.13749],[-83.48977,38.13618],[-83.48894,38.13516],[-83.48911,38.13378],[-83.48979,38.1322]],[[-83.38092,38.27637],[-83.38071,38.27548],[-83.37939,38.27517],[-83.37803,38.27469],[-83.37811,38.27407],[-83.3797,38.27324],[-83.38065,38.2724],[-83.38187,38.27172],[-83.38267,38.2705],[-83.38364,38.26937],[-83.38437,38.26823],[-83.38567,38.26762],[-83.38595,38.26652],[-83.38713,38.26583],[-83.38802,38.26458],[-83.38898,38.26357],[-83.38853,38.26245],[-83.38899,38.26122],[-83.39029,38.26075],[-83.39119,38.25989],[-83.39066,38.25868],[-83.3912,38.25769],[-83.39123,38.25685],[-83.39083,38.2557],[-83.39196,38.2551],[-83.39322,38.25383],[-83.39321,38.25255],[-83.39377,38.25147],[-83.39512,38.25095],[-83.39616,38.25007],[-83.39737,38.24994],[-83.39903,38.24991],[-83.39994,38.24905],[-83.4011,38.24872],[-83.40228,38.24843],[-83.40349,38.24819],[-83.40395,38.24748],[-83.40304,38.24648],[-83.40351,38.24528],[-83.40473,38.24475],[-83.406,38.24459],[-83.40741,38.24452],[-83.40719,38.24365],[-83.40586,38.24292],[-83.40454,38.24268],[-83.40391,38.24169],[-83.40378,38.24028],[-83.40351,38.23897],[-83.40421,38.23762],[-83.40365,38.23632],[-83.40421,38.2351],[-83.40497,38.23411],[-83.40416,38.23306],[-83.40408,38.23208],[-83.40317,38.23116],[-83.40436,38.23046],[-83.40586,38.23009],[-83.40667,38.22897],[-83.40783,38.22933],[-83.4083,38.2304],[-83.40993,38.23016],[-83.41131,38.23014],[-83.41221,38.22928],[-83.41295,38.22832],[-83.41375,38.2273],[-83.41437,38.22643],[-83.41286,38.22574],[-83.41241,38.22479],[-83.41287,38.22367],[-83.41235,38.22256],[-83.41375,38.22151],[-83.41501,38.22137],[-83.41673,38.22129],[-83.41811,38.22072],[-83.41924,38.22081],[-83.42033,38.22131],[-83.42101,38.22239],[-83.42231,38.2226],[-83.42392,38.22229],[-83.42517,38.2227],[-83.42678,38.22245],[-83.42808,38.22203],[-83.4289,38.22078],[-83.42994,38.21983],[-83.43143,38.22014],[-83.43266,38.21996],[-83.43362,38.21908],[-83.43361,38.21792],[-83.43455,38.21651],[-83.43551,38.2163],[-83.43707,38.21579],[-83.43746,38.21477],[-83.43853,38.21397],[-83.43807,38.21291],[-83.43772,38.21169],[-83.43837,38.21094],[-83.43937,38.20959],[-83.44006,38.20832],[-83.44154,38.208],[-83.44185,38.20673],[-83.44261,38.2059],[-83.44312,38.20457],[-83.44429,38.20431],[-83.44558,38.20435],[-83.44686,38.20429],[-83.44791,38.20354],[-83.44921,38.20265],[-83.44961,38.20134],[-83.45017,38.20025],[-83.45142,38.19968],[-83.45248,38.19877],[-83.45286,38.1974],[-83.45235,38.19602],[-83.4519,38.19491],[-83.45243,38.19396],[-83.4538,38.19373],[-83.45497,38.19257],[-83.45676,38.19269],[-83.45809,38.19338],[-83.45929,38.19295],[-83.46043,38.19243],[-83.46161,38.19192],[-83.46273,38.19097],[-83.46205,38.18959],[-83.46053,38.1891],[-83.45903,38.18878],[-83.45861,38.18736],[-83.45861,38.18592],[-83.45877,38.18478],[-83.46016,38.18458],[-83.46148,38.18436],[-83.46266,38.18367],[-83.46341,38.18264],[-83.4645,38.18257],[-83.46407,38.18167],[-83.46396,38.18049],[-83.46527,38.18068],[-83.46664,38.18102],[-83.46797,38.18125],[-83.46897,38.18198],[-83.46986,38.18287],[-83.471,38.18388],[-83.4721,38.18454],[-83.47327,38.18511],[-83.47444,38.18568],[-83.47555,38.18633],[-83.47581,38.18651]],[[-83.47633,38.18714],[-83.47692,38.18836],[-83.47716,38.18894]],[[-83.4966,38.17166],[-83.49677,38.1707]],[[-83.50933,38.15041],[-83.50808,38.15028],[-83.507,38.14974],[-83.50602,38.14875],[-83.50488,38.14859],[-83.50388,38.14959],[-83.50336,38.15008]],[[-83.37585,38.29349],[-83.37707,38.29301],[-83.37686,38.29144],[-83.37767,38.29042],[-83.37771,38.28921],[-83.37718,38.28816],[-83.37647,38.28716],[-83.37575,38.28616],[-83.37504,38.28516],[-83.37432,38.28416],[-83.37342,38.28319],[-83.37246,38.2824],[-83.3726,38.28154],[-83.3734,38.28052],[-83.37384,38.27935],[-83.37415,38.2779],[-83.37538,38.27769],[-83.37682,38.27721],[-83.37787,38.27714],[-83.37925,38.27691],[-83.38073,38.27729],[-83.38092,38.27637]],[[-83.36486,38.32709],[-83.36568,38.32565],[-83.3667,38.32475],[-83.36765,38.32379],[-83.36728,38.32221],[-83.367,38.32089],[-83.36726,38.31964],[-83.36727,38.31821],[-83.36691,38.31698],[-83.36584,38.31772],[-83.36618,38.31637],[-83.36696,38.31535],[-83.36722,38.31411],[-83.36619,38.31313],[-83.36516,38.31249],[-83.36407,38.31158],[-83.36475,38.31137],[-83.36531,38.3104],[-83.36534,38.30918],[-83.367,38.30924],[-83.368,38.30871],[-83.36893,38.30953],[-83.36969,38.30984],[-83.3711,38.30915],[-83.37206,38.30857],[-83.37254,38.30714],[-83.37259,38.30579],[-83.37259,38.30449],[-83.37225,38.30304],[-83.37237,38.30177],[-83.37233,38.30066],[-83.37289,38.2991],[-83.37329,38.29751],[-83.37381,38.29638],[-83.37442,38.2951],[-83.375,38.2938],[-83.37585,38.29349]],[[-83.41654,38.38497],[-83.41518,38.38552],[-83.41387,38.38622],[-83.41269,38.38687],[-83.41166,38.38793],[-83.41203,38.38894],[-83.41262,38.39029],[-83.41188,38.39173],[-83.41048,38.39236],[-83.40902,38.39168],[-83.40762,38.39253],[-83.4066,38.39156],[-83.40538,38.39099],[-83.40434,38.3918],[-83.40358,38.39101],[-83.4035,38.38979],[-83.40225,38.38937],[-83.40082,38.38955],[-83.40102,38.38837],[-83.40145,38.38702],[-83.40111,38.38601],[-83.4003,38.38525],[-83.40092,38.38457],[-83.40092,38.38334],[-83.40065,38.38197],[-83.40085,38.38067],[-83.4013,38.37934],[-83.40011,38.37901],[-83.39889,38.37872],[-83.39855,38.37817],[-83.39978,38.37766],[-83.40022,38.37649],[-83.40051,38.37517],[-83.3991,38.37485],[-83.39771,38.37487],[-83.39668,38.37425],[-83.39675,38.37302],[-83.39584,38.37278],[-83.39493,38.37258],[-83.39455,38.37102],[-83.39468,38.36984],[-83.39334,38.36971],[-83.39242,38.36892],[-83.39269,38.36715],[-83.39191,38.36626],[-83.39053,38.36591],[-83.38991,38.36629]],[[-83.38912,38.36761],[-83.38774,38.36708],[-83.38725,38.36585],[-83.3864,38.36528],[-83.38523,38.36471],[-83.38409,38.36412],[-83.38297,38.36459],[-83.38166,38.3641],[-83.38072,38.36316],[-83.37936,38.3627],[-83.37822,38.36225],[-83.37853,38.36097],[-83.37815,38.35971],[-83.37805,38.35899]],[[-83.37933,38.35802],[-83.3791,38.35715],[-83.37799,38.35637],[-83.37715,38.35541],[-83.37715,38.354],[-83.37716,38.35325],[-83.37577,38.35294],[-83.375,38.35182],[-83.3736,38.35136],[-83.37226,38.35127],[-83.3722,38.35016],[-83.37246,38.34904],[-83.37048,38.34846],[-83.36898,38.3482],[-83.36791,38.34781],[-83.36723,38.34651],[-83.36722,38.34549],[-83.36639,38.34461],[-83.36561,38.34372],[-83.36431,38.34328],[-83.36359,38.34222],[-83.36409,38.34114],[-83.36344,38.33992],[-83.36316,38.33916],[-83.36333,38.33889]],[[-83.36406,38.3382],[-83.36361,38.3375],[-83.3638,38.3363],[-83.36276,38.33518],[-83.36259,38.33499]],[[-83.36349,38.33439],[-83.36307,38.33362],[-83.36179,38.33249],[-83.36209,38.33125]],[[-83.36392,38.3298],[-83.36426,38.32869],[-83.36486,38.32709]]]},"properties":{"kind":"2fer","trail":"Sheltowee Trace","miles":256.9,"areas":["Sheltowee Trace","Daniel Boone National Forest"],"types":["Trail","National Forest"],"pota":[["US-11181","Sheltowee Trace National Recreation Trail"],["US-4484","Daniel Boone National Forest"]],"kff":[],"sota":[]}},{"type":"Feature","geometry":{"type":"MultiLineString","coordinates":[[[-84.52685,36.7887],[-84.5282,36.78881],[-84.52946,36.78838],[-84.53058,36.7877],[-84.53181,36.78717],[-84.5331,36.7866],[-84.53444,36.78571],[-84.53574,36.78495],[-84.53646,36.78366],[-84.53667,36.78242],[-84.5359,36.78113],[-84.53435,36.78059],[-84.53311,36.78079],[-84.53182,36.78127],[-84.53053,36.78157],[-84.52931,36.78175],[-84.52798,36.78187],[-84.52676,36.78214],[-84.52515,36.78185],[-84.52392,36.78146],[-84.52277,36.78104],[-84.52195,36.77972],[-84.52181,36.77848],[-84.52179,36.77718],[-84.5221,36.77565],[-84.5214,36.77472],[-84.5214,36.77404],[-84.5228,36.77456],[-84.52415,36.7745],[-84.52494,36.77394],[-84.526,36.7735],[-84.52742,36.77314],[-84.52871,36.77263],[-84.53,36.7723],[-84.53156,36.77213],[-84.53302,36.77178],[-84.53432,36.77106],[-84.53546,36.77021],[-84.53666,36.76974],[-84.53761,36.76904],[-84.53893,36.76894],[-84.54037,36.76855],[-84.54183,36.76825],[-84.54304,36.7677],[-84.54417,36.76683],[-84.54514,36.76555],[-84.54564,36.76445],[-84.54653,36.76368],[-84.5472,36.76225],[-84.54755,36.76108],[-84.54804,36.75988],[-84.54943,36.75939],[-84.55096,36.75891],[-84.55235,36.75859],[-84.55329,36.75791],[-84.55346,36.75673],[-84.55312,36.75562],[-84.55257,36.75423],[-84.55141,36.75327],[-84.54979,36.75249],[-84.54854,36.75141],[-84.54776,36.7503],[-84.54741,36.74906],[-84.54714,36.74737],[-84.5472,36.74596],[-84.54705,36.74464],[-84.54618,36.74389],[-84.545,36.74439],[-84.54404,36.74546],[-84.54323,36.74667],[-84.54226,36.74788],[-84.54111,36.74847],[-84.53973,36.74877],[-84.53841,36.74884],[-84.5369,36.74876],[-84.53528,36.74814],[-84.53399,36.74763],[-84.53316,36.74665],[-84.53228,36.74559],[-84.53184,36.74434],[-84.53151,36.74315],[-84.53126,36.74251],[-84.53242,36.74134],[-84.5331,36.74015],[-84.53423,36.73929],[-84.53531,36.73857],[-84.53602,36.7374],[-84.5349,36.73664],[-84.53374,36.73625],[-84.53258,36.73579],[-84.53141,36.73531],[-84.53036,36.73469],[-84.52941,36.73394],[-84.5281,36.7334],[-84.52773,36.73214],[-84.52704,36.73108],[-84.52696,36.72956],[-84.52703,36.72917]],[[-84.52814,36.72819],[-84.5295,36.72813],[-84.53079,36.72797],[-84.53201,36.72798],[-84.53382,36.7282],[-84.53506,36.72847],[-84.53639,36.72846],[-84.53762,36.72866],[-84.53884,36.72864],[-84.53999,36.72821],[-84.54102,36.72737],[-84.54206,36.72648],[-84.54336,36.72538],[-84.54464,36.72512],[-84.54572,36.72404],[-84.54638,36.72268],[-84.54644,36.72116],[-84.54601,36.71984],[-84.54529,36.71882],[-84.54448,36.71785],[-84.54373,36.71691],[-84.54517,36.71626],[-84.54613,36.71577],[-84.54661,36.71521],[-84.54782,36.71446],[-84.54811,36.71312],[-84.54742,36.71197],[-84.54666,36.71108],[-84.54637,36.70965],[-84.5469,36.70809],[-84.54707,36.70781]],[[-84.74446,36.59919],[-84.74336,36.60014],[-84.74215,36.60056],[-84.74063,36.60031],[-84.73939,36.59952],[-84.73917,36.60054],[-84.73946,36.60193],[-84.73947,36.6023]],[[-84.74938,36.59844],[-84.75067,36.59837],[-84.75168,36.59768],[-84.75248,36.5961],[-84.75384,36.59623],[-84.75513,36.59585],[-84.7563,36.59494],[-84.75792,36.59476],[-84.75927,36.59508],[-84.76054,36.59428],[-84.76045,36.59249],[-84.76124,36.59128],[-84.7621,36.59025],[-84.76344,36.58974],[-84.76478,36.58968],[-84.76636,36.58998],[-84.76697,36.59121],[-84.76776,36.59224],[-84.7694,36.59236],[-84.7702,36.59139],[-84.7708,36.59024],[-84.77091,36.58884],[-84.77204,36.58881],[-84.7733,36.58878],[-84.77427,36.5882]]]},"properties":{"kind":"2fer","trail":"Sheltowee Trace","miles":13.0,"areas":["Sheltowee Trace","Big South Fork National River and Recreation Area"],"types":["Trail","National Park Service unit"],"pota":[["US-11181","Sheltowee Trace National Recreation Trail"],["US-0686","Big South Fork National Recreation Area"]],"kff":[],"sota":[]}},{"type":"Feature","geometry":{"type":"MultiLineString","coordinates":[[[-84.32393,36.87195],[-84.32454,36.87086],[-84.32498,36.86966],[-84.32489,36.86859],[-84.32473,36.86707],[-84.32399,36.86606],[-84.3234,36.86524],[-84.32277,36.86434],[-84.32163,36.86361],[-84.32059,36.86296],[-84.31936,36.86233],[-84.31832,36.86165],[-84.31691,36.86135],[-84.3156,36.86076],[-84.31438,36.86],[-84.31428,36.85913],[-84.31444,36.85773],[-84.31497,36.85655],[-84.31595,36.85576],[-84.31758,36.85527],[-84.31888,36.85518],[-84.32016,36.85503],[-84.32149,36.85483],[-84.323,36.85479],[-84.32425,36.85465],[-84.32558,36.85443],[-84.32695,36.85392],[-84.32823,36.8531],[-84.32907,36.85216],[-84.3296,36.85102],[-84.32992,36.84966],[-84.3304,36.84825],[-84.3311,36.8469],[-84.33186,36.84563],[-84.33304,36.84483],[-84.33406,36.84427]],[[-84.34078,36.84338],[-84.34201,36.8425],[-84.34223,36.84141],[-84.34323,36.84067],[-84.3437,36.83924],[-84.344,36.83809],[-84.34299,36.83709],[-84.3416,36.83648],[-84.34062,36.83647]],[[-84.34062,36.83647],[-84.34026,36.8358],[-84.33939,36.83524],[-84.33772,36.83587],[-84.33658,36.83678],[-84.33542,36.83727],[-84.33375,36.83759],[-84.33245,36.8374],[-84.33123,36.83705],[-84.33006,36.83667],[-84.32892,36.83611],[-84.32776,36.83562],[-84.32632,36.83533],[-84.32486,36.83529],[-84.32356,36.83546],[-84.32227,36.83564],[-84.32084,36.83561],[-84.31939,36.83529],[-84.31891,36.83421],[-84.3197,36.8326],[-84.32099,36.8316],[-84.32219,36.83103],[-84.32338,36.83053],[-84.32457,36.83004],[-84.32582,36.82947],[-84.32718,36.82901],[-84.32832,36.82811],[-84.32962,36.8276],[-84.33104,36.8274],[-84.33233,36.82724],[-84.33352,36.82694],[-84.33502,36.82678],[-84.33623,36.82649],[-84.33777,36.82633],[-84.3393,36.82586],[-84.34063,36.82505],[-84.34192,36.82455],[-84.34315,36.82359],[-84.3442,36.82289],[-84.34547,36.8221],[-84.34662,36.82138],[-84.34761,36.82071],[-84.34861,36.81976],[-84.34951,36.81868],[-84.35066,36.81785],[-84.3516,36.81698],[-84.35254,36.8161],[-84.35368,36.8153],[-84.35472,36.81453],[-84.35577,36.81378],[-84.35682,36.81257],[-84.35719,36.81108],[-84.35679,36.80963],[-84.35608,36.8084],[-84.35617,36.80805]]]},"properties":{"kind":"2fer","trail":"Sheltowee Trace","miles":7.9,"areas":["Sheltowee Trace","Cumberland River Wild River"],"types":["Trail","Wild River (State)"],"pota":[["US-11181","Sheltowee Trace National Recreation Trail"],["US-10103","The Cumberland River Wilderness Area"]],"kff":[],"sota":[]}},{"type":"Feature","geometry":{"type":"MultiLineString","coordinates":[[[-84.70652,36.64065],[-84.70782,36.64096],[-84.70926,36.64128],[-84.71005,36.64245],[-84.71133,36.64329],[-84.7123,36.64318],[-84.71337,36.64233],[-84.71285,36.64123],[-84.71178,36.64007],[-84.712,36.63882],[-84.71241,36.63752],[-84.71276,36.63631],[-84.71294,36.63494],[-84.71354,36.63382],[-84.71388,36.6324],[-84.71436,36.63191],[-84.71511,36.63268],[-84.71641,36.63199],[-84.71769,36.63152],[-84.71924,36.63024],[-84.72041,36.62954],[-84.72202,36.62977],[-84.72331,36.63037],[-84.72455,36.63156],[-84.72576,36.63194],[-84.72653,36.63158],[-84.72588,36.63033],[-84.72511,36.62928],[-84.72438,36.62792],[-84.72399,36.62685],[-84.72477,36.62599],[-84.72597,36.62564],[-84.72724,36.62573],[-84.72728,36.62497],[-84.72627,36.62332],[-84.72723,36.62235],[-84.72766,36.62132],[-84.72716,36.61994],[-84.72695,36.61874],[-84.72682,36.61753],[-84.7269,36.61622],[-84.72746,36.61498],[-84.72798,36.61364],[-84.7294,36.61333],[-84.7299,36.61439],[-84.73095,36.61498],[-84.73227,36.61503],[-84.73394,36.61523],[-84.73514,36.61442],[-84.73588,36.61336],[-84.73651,36.61231],[-84.7364,36.6111],[-84.73542,36.61001],[-84.7345,36.60906],[-84.73372,36.60786],[-84.73273,36.60695],[-84.73359,36.60651],[-84.73463,36.60595],[-84.73537,36.60468],[-84.73697,36.60458],[-84.73847,36.60397],[-84.73939,36.60273],[-84.73954,36.6024]]]},"properties":{"kind":"2fer","trail":"Sheltowee Trace","miles":5.1,"areas":["Sheltowee Trace","Rock Creek Wild River"],"types":["Trail","Wild River (State)"],"pota":[["US-11181","Sheltowee Trace National Recreation Trail"],["US-10111","Rock Creek National Wild and Scenic River"]],"kff":[],"sota":[]}},{"type":"Feature","geometry":{"type":"MultiLineString","coordinates":[[[-83.59334,37.88159],[-83.59356,37.88012],[-83.5939,37.87938],[-83.5942,37.87806],[-83.5949,37.87687],[-83.59469,37.87581],[-83.59621,37.87485],[-83.59697,37.87411],[-83.59651,37.87401],[-83.59567,37.87384],[-83.59678,37.87292],[-83.59788,37.8722],[-83.59867,37.87127],[-83.59813,37.87064],[-83.59838,37.86998],[-83.59923,37.86882],[-83.59985,37.86732],[-83.59974,37.86602],[-83.59987,37.86438],[-83.59934,37.86311],[-83.59816,37.86275],[-83.59695,37.86218],[-83.59637,37.86102],[-83.59656,37.85971],[-83.59608,37.85871],[-83.59499,37.85731],[-83.59406,37.85651],[-83.59492,37.85641],[-83.59628,37.85572],[-83.59748,37.8551],[-83.59857,37.85471],[-83.59942,37.8542],[-83.6001,37.85393],[-83.60132,37.85394],[-83.60213,37.85438],[-83.60277,37.85425],[-83.60341,37.8541],[-83.60365,37.85373],[-83.60279,37.85357],[-83.60162,37.85317],[-83.60092,37.85257],[-83.59976,37.85196],[-83.60009,37.85106],[-83.60114,37.8505],[-83.60273,37.8501],[-83.6026,37.84942],[-83.60241,37.84867]],[[-83.59335,37.88642],[-83.59403,37.88614],[-83.59456,37.88473],[-83.5936,37.88354],[-83.59331,37.88198],[-83.59334,37.88159]]]},"properties":{"kind":"2fer","trail":"Sheltowee Trace","miles":3.7,"areas":["Sheltowee Trace","Clifty Wilderness"],"types":["Trail",""],"pota":[["US-11181","Sheltowee Trace National Recreation Trail"],["US-3801","Clifty Wilderness Area"]],"kff":[],"sota":[]}},{"type":"Feature","geometry":{"type":"MultiLineString","coordinates":[[[-82.3378,37.29528],[-82.33859,37.2943],[-82.33878,37.29405]],[[-82.33935,37.29327],[-82.33789,37.29356],[-82.33641,37.29329],[-82.33499,37.29281],[-82.33379,37.29203],[-82.33239,37.29165],[-82.33129,37.29103],[-82.32982,37.29098],[-82.32821,37.29107],[-82.32709,37.29027],[-82.32649,37.29036],[-82.32538,37.29011],[-82.32392,37.28991],[-82.32239,37.2901],[-82.32103,37.29083],[-82.31996,37.29083],[-82.31908,37.29086],[-82.31874,37.28979],[-82.31991,37.28888],[-82.32078,37.28778],[-82.32186,37.28715],[-82.32302,37.28615],[-82.32444,37.2857],[-82.32591,37.28522],[-82.32713,37.28471],[-82.32859,37.2848],[-82.33005,37.28488],[-82.33139,37.28447],[-82.33256,37.2839],[-82.33343,37.28298],[-82.33439,37.28218],[-82.33459,37.28183]]]},"properties":{"kind":"2fer","trail":"Pine Mountain State Scenic Trail","miles":2.5,"areas":["Pine Mountain State Scenic Trail","Breaks Interstate State Resort Park"],"types":["Trail","Resort state park"],"pota":[["US-10102","Pine Mountain State Trail"],["US-3781","Breaks Interstate State Park"]],"kff":[],"sota":[]}},{"type":"Feature","geometry":{"type":"MultiLineString","coordinates":[[[-82.53237,37.20995],[-82.53327,37.20882],[-82.53389,37.20787],[-82.53511,37.20807],[-82.53634,37.20833],[-82.53782,37.20806],[-82.53921,37.20801],[-82.54,37.20833]]]},"properties":{"kind":"2fer","trail":"Pine Mountain State Scenic Trail","miles":0.5,"areas":["Pine Mountain State Scenic Trail","Jefferson National Forest"],"types":["Trail","Public hunting area"],"pota":[["US-10102","Pine Mountain State Trail"],["US-4526","George Washington & Jefferson National Forest"],["US-10139","Jefferson National Forest Wildlife Management Area"]],"kff":[],"sota":[]}},{"type":"Feature","geometry":{"type":"MultiLineString","coordinates":[[[-82.73962,37.11055],[-82.74087,37.10947],[-82.7418,37.10922],[-82.74294,37.10886],[-82.74326,37.1088]],[[-82.74419,37.10853],[-82.7452,37.10824]],[[-82.75595,37.10405],[-82.75644,37.10416],[-82.75768,37.10414],[-82.75869,37.10429],[-82.75961,37.10436]],[[-82.76221,37.10452],[-82.76266,37.10376],[-82.7635,37.10353],[-82.76404,37.10309],[-82.7649,37.1026],[-82.76554,37.10215],[-82.7663,37.10189],[-82.76696,37.10179]],[[-82.76983,37.09768],[-82.76954,37.09674],[-82.76895,37.09604],[-82.76824,37.09544],[-82.76735,37.09403],[-82.76732,37.09252],[-82.76787,37.0927],[-82.76938,37.09247],[-82.77083,37.09249],[-82.77136,37.0938],[-82.77246,37.09437],[-82.77375,37.09362],[-82.77501,37.09296],[-82.77602,37.09205],[-82.77695,37.09112],[-82.77834,37.09056],[-82.77954,37.09028],[-82.78075,37.09001],[-82.78135,37.08987]],[[-82.78334,37.0889],[-82.78445,37.08815],[-82.78584,37.08778],[-82.78723,37.08723],[-82.78862,37.08751],[-82.78889,37.08778]],[[-82.79507,37.08279],[-82.7959,37.08173],[-82.79624,37.08152]],[[-82.80027,37.08023],[-82.80118,37.08019],[-82.80201,37.07967],[-82.80291,37.07852],[-82.80387,37.07753],[-82.80473,37.07695]]]},"properties":{"kind":"2fer","trail":"Pine Mountain State Scenic Trail","miles":3.0,"areas":["Pine Mountain State Scenic Trail","Bad Branch State Nature Preserve"],"types":["Trail","State Nature Preserve"],"pota":[["US-10102","Pine Mountain State Trail"],["US-7966","Bad Branch State Nature Preserve"]],"kff":[],"sota":[]}},{"type":"Feature","geometry":{"type":"MultiLineString","coordinates":[[[-82.75564,37.10425],[-82.75664,37.10401],[-82.75753,37.10407],[-82.75855,37.1043],[-82.75943,37.10425],[-82.76046,37.10474],[-82.76157,37.10473],[-82.76221,37.10452],[-82.76266,37.10376],[-82.7635,37.10353],[-82.76362,37.10337]],[[-82.76894,37.09959],[-82.76964,37.09834],[-82.77004,37.09827],[-82.76984,37.09722],[-82.76945,37.09637],[-82.76868,37.09602],[-82.76773,37.09464],[-82.76728,37.09338],[-82.76751,37.0922],[-82.76855,37.09278],[-82.77016,37.09238],[-82.77125,37.09319],[-82.77174,37.09431],[-82.77307,37.09409],[-82.77446,37.09341],[-82.77555,37.09252],[-82.77648,37.09159],[-82.77769,37.09093],[-82.77834,37.09056]]]},"properties":{"kind":"2fer","trail":"Pine Mountain State Scenic Trail","miles":1.9,"areas":["Pine Mountain State Scenic Trail","Bad Branch Wild River"],"types":["Trail","Wild River (State)"],"pota":[["US-10102","Pine Mountain State Trail"],["US-10112","Bad Branch National Wild and Scenic River"]],"kff":[],"sota":[]}},{"type":"Feature","geometry":{"type":"Point","coordinates":[-83.1602,36.95]},"properties":{"kind":"pota_sota","areas":["Daniel Boone National Forest"],"types":["National Forest"],"pota":[["US-4484","Daniel Boone National Forest"]],"kff":[["KFF-4511","Daniel Boone"],["KFF-6873","William H. Martin"]],"sota":[["W4K/EC-020","Unnamed summit (2940)"]],"ft":2940}},{"type":"Feature","geometry":{"type":"Point","coordinates":[-83.3165,36.9188]},"properties":{"kind":"pota_sota","areas":["Daniel Boone National Forest"],"types":["National Forest"],"pota":[["US-4484","Daniel Boone National Forest"]],"kff":[["KFF-4511","Daniel Boone"],["KFF-6873","William H. Martin"]],"sota":[["W4K/EC-025","Unnamed summit (2556)"]],"ft":2556}},{"type":"Feature","geometry":{"type":"Point","coordinates":[-83.2112,36.9534]},"properties":{"kind":"pota_sota","areas":["Daniel Boone National Forest"],"types":["National Forest"],"pota":[["US-4484","Daniel Boone National Forest"]],"kff":[["KFF-4511","Daniel Boone"],["KFF-6873","William H. Martin"]],"sota":[["W4K/EC-026","Unnamed summit (2540)"]],"ft":2539}},{"type":"Feature","geometry":{"type":"Point","coordinates":[-83.7144,36.7041]},"properties":{"kind":"pota_sota","areas":["Kentucky Ridge State Forest"],"types":["Public hunting area"],"pota":[["US-4689","Kentucky Ridge State Forest"]],"kff":[["KFF-6866","Kentucky Ridge"]],"sota":[["W4K/EC-030","Unnamed summit (2452)"]],"ft":2451}},{"type":"Feature","geometry":{"type":"Point","coordinates":[-83.5849,36.9592]},"properties":{"kind":"pota_sota","areas":["Daniel Boone National Forest"],"types":["National Forest"],"pota":[["US-4484","Daniel Boone National Forest"]],"kff":[["KFF-4511","Daniel Boone"],["KFF-6873","William H. Martin"]],"sota":[["W4K/EC-054","Clay County HP"]],"ft":2234}},{"type":"Feature","geometry":{"type":"Point","coordinates":[-83.6091,36.9544]},"properties":{"kind":"pota_sota","areas":["Daniel Boone National Forest"],"types":["National Forest"],"pota":[["US-4484","Daniel Boone National Forest"]],"kff":[["KFF-4511","Daniel Boone"],["KFF-6873","William H. Martin"]],"sota":[["W4K/EC-058","Point Gap 2 Benchmark"]],"ft":2188}},{"type":"Feature","geometry":{"type":"Point","coordinates":[-84.2101,36.6452]},"properties":{"kind":"pota_sota","areas":["Daniel Boone National Forest"],"types":["National Forest"],"pota":[["US-4484","Daniel Boone National Forest"]],"kff":[["KFF-4511","Daniel Boone"],["KFF-6873","William H. Martin"]],"sota":[["W4K/EC-065","Unnamed summit (2170)"]],"ft":2169}},{"type":"Feature","geometry":{"type":"Point","coordinates":[-84.306,36.6549]},"properties":{"kind":"pota_sota","areas":["Daniel Boone National Forest"],"types":["National Forest"],"pota":[["US-4484","Daniel Boone National Forest"]],"kff":[["KFF-4511","Daniel Boone"],["KFF-6873","William H. Martin"]],"sota":[["W4K/EC-066","Ryans Creek Mountain"]],"ft":2165}},{"type":"Feature","geometry":{"type":"Point","coordinates":[-84.3362,36.6166]},"properties":{"kind":"pota_sota","areas":["Daniel Boone National Forest"],"types":["National Forest"],"pota":[["US-4484","Daniel Boone National Forest"]],"kff":[["KFF-4511","Daniel Boone"],["KFF-6873","William H. Martin"]],"sota":[["W4K/EC-074","Stephens Knob"]],"ft":2126}},{"type":"Feature","geometry":{"type":"Point","coordinates":[-83.2374,37.1123]},"properties":{"kind":"pota_sota","areas":["Daniel Boone National Forest"],"types":["National Forest"],"pota":[["US-4484","Daniel Boone National Forest"]],"kff":[["KFF-4511","Daniel Boone"],["KFF-6873","William H. Martin"]],"sota":[["W4K/EC-102","Unnamed summit (1980B)"]],"ft":1982}},{"type":"Feature","geometry":{"type":"Point","coordinates":[-83.4201,37.0813]},"properties":{"kind":"pota_sota","areas":["Daniel Boone National Forest"],"types":["National Forest"],"pota":[["US-4484","Daniel Boone National Forest"]],"kff":[["KFF-4511","Daniel Boone"],["KFF-6873","William H. Martin"]],"sota":[["W4K/EC-112","Unnamed summit (1900B)"]],"ft":1900}},{"type":"Feature","geometry":{"type":"Point","coordinates":[-84.2958,36.6817]},"properties":{"kind":"pota_sota","areas":["Daniel Boone National Forest"],"types":["National Forest"],"pota":[["US-4484","Daniel Boone National Forest"]],"kff":[["KFF-4511","Daniel Boone"],["KFF-6873","William H. Martin"]],"sota":[["W4K/EC-127","Peak Mountain"]],"ft":1831}},{"type":"Feature","geometry":{"type":"Point","coordinates":[-82.2725,37.4136]},"properties":{"kind":"pota_sota","areas":["Fishtrap Lake WMA"],"types":["Wildlife Management Area"],"pota":[["US-1255","Fishtrap Lake Wildlife Management Area"]],"kff":[["KFF-1255","Fishtrap Lake"]],"sota":[["W4K/EC-131","Unnamed summit (1820C)"]],"ft":1821}},{"type":"Feature","geometry":{"type":"Point","coordinates":[-82.2951,37.4235]},"properties":{"kind":"pota_sota","areas":["Fishtrap Lake WMA"],"types":["Wildlife Management Area"],"pota":[["US-1255","Fishtrap Lake Wildlife Management Area"]],"kff":[["KFF-1255","Fishtrap Lake"]],"sota":[["W4K/EC-138","Unnamed summit (1780D)"]],"ft":1781}},{"type":"Feature","geometry":{"type":"Point","coordinates":[-83.691,37.1545]},"properties":{"kind":"pota_sota","areas":["Burchell-Beech Creek WMA","Daniel Boone National Forest"],"types":["Wildlife Management Area","National Forest"],"pota":[["US-3799","Burchell-Beech Wildlife Management Area"],["US-4484","Daniel Boone National Forest"]],"kff":[["KFF-3799","Burchell-Beech"],["KFF-4511","Daniel Boone"],["KFF-6873","William H. Martin"]],"sota":[["W4K/EC-155","Hector Benchmark"]],"ft":1699}},{"type":"Feature","geometry":{"type":"Point","coordinates":[-83.8906,37.1312]},"properties":{"kind":"pota_sota","areas":["Daniel Boone National Forest"],"types":["National Forest"],"pota":[["US-4484","Daniel Boone National Forest"]],"kff":[["KFF-4511","Daniel Boone"],["KFF-6873","William H. Martin"]],"sota":[["W4K/EC-161","Cutoff Mountain"]],"ft":1686}},{"type":"Feature","geometry":{"type":"Point","coordinates":[-83.8384,37.0695]},"properties":{"kind":"pota_sota","areas":["Daniel Boone National Forest"],"types":["National Forest"],"pota":[["US-4484","Daniel Boone National Forest"]],"kff":[["KFF-4511","Daniel Boone"],["KFF-6873","William H. Martin"]],"sota":[["W4K/EC-166","Unnamed summit (1650B)"]],"ft":1650}},{"type":"Feature","geometry":{"type":"Point","coordinates":[-83.7287,37.1881]},"properties":{"kind":"pota_sota","areas":["Daniel Boone National Forest"],"types":["National Forest"],"pota":[["US-4484","Daniel Boone National Forest"]],"kff":[["KFF-4511","Daniel Boone"],["KFF-6873","William H. Martin"]],"sota":[["W4K/EC-175","Unnamed summit (1561)"]],"ft":1562}},{"type":"Feature","geometry":{"type":"Point","coordinates":[-83.4424,37.2874]},"properties":{"kind":"pota_sota","areas":["Daniel Boone National Forest"],"types":["National Forest"],"pota":[["US-4484","Daniel Boone National Forest"]],"kff":[["KFF-4511","Daniel Boone"],["KFF-6873","William H. Martin"]],"sota":[["W4K/EC-180","Unnamed summit (1529)"]],"ft":1529}},{"type":"Feature","geometry":{"type":"Point","coordinates":[-83.9357,37.9114]},"properties":{"kind":"pota_sota","areas":["Pilot Knob State Nature Preserve"],"types":["State Nature Preserve"],"pota":[["US-7963","Pilot Knob State Nature Preserve"]],"kff":[["KFF-6886","Pilot Knob"]],"sota":[["W4K/EC-184","Pilot Knob"]],"ft":1450}},{"type":"Feature","geometry":{"type":"Point","coordinates":[-83.4766,38.1379]},"properties":{"kind":"pota_sota","areas":["Daniel Boone National Forest"],"types":["National Forest"],"pota":[["US-4484","Daniel Boone National Forest"]],"kff":[["KFF-4511","Daniel Boone"],["KFF-6873","William H. Martin"]],"sota":[["W4K/EC-185","Limestone Knob"]],"ft":1434}},{"type":"Feature","geometry":{"type":"Point","coordinates":[-83.7139,37.0768]},"properties":{"kind":"pota_sota","areas":["Daniel Boone National Forest"],"types":["National Forest"],"pota":[["US-4484","Daniel Boone National Forest"]],"kff":[["KFF-4511","Daniel Boone"],["KFF-6873","William H. Martin"]],"sota":[["W4K/EC-202","Unnamed summit (1620)"]],"ft":1617}},{"type":"Feature","geometry":{"type":"Point","coordinates":[-84.1034,37.5812]},"properties":{"kind":"pota_sota","areas":["Daniel Boone National Forest"],"types":["National Forest"],"pota":[["US-4484","Daniel Boone National Forest"]],"kff":[["KFF-4511","Daniel Boone"],["KFF-6873","William H. Martin"]],"sota":[["W4K/KA-012","Unnamed summit (1370)"]],"ft":1371}}]}