{"type":"FeatureCollection","features":[{"type":"Feature","properties":{"NAME":"John James Audubon State Park","TYPE":"Recreational state park","COUNTY":"Henderson","URL":"https://parks.ky.gov/henderson/parks/historic/john-james-audubon-state-park"},"geometry":{"type":"MultiPolygon","coordinates":[[[[-87.52983,37.89325],[-87.52943,37.89881],[-87.52822,37.90027],[-87.53836,37.90015],[-87.54459,37.90098],[-87.55101,37.90251],[-87.5553,37.89113],[-87.55547,37.89072],[-87.55554,37.89074],[-87.55622,37.8894],[-87.55425,37.89021],[-87.55377,37.89049],[-87.55249,37.89189],[-87.55199,37.89227],[-87.55159,37.89242],[-87.55097,37.89248],[-87.54791,37.89178],[-87.54528,37.89075],[-87.54308,37.88936],[-87.54203,37.88885],[-87.54068,37.88836],[-87.53926,37.88802],[-87.53756,37.88781],[-87.53632,37.88779],[-87.53509,37.88787],[-87.53013,37.88856],[-87.52983,37.88851],[-87.52966,37.88838],[-87.53006,37.8902],[-87.52998,37.89065],[-87.52983,37.89325]]],[[[-87.54592,37.88571],[-87.54547,37.88692],[-87.54523,37.88722],[-87.5466,37.88816],[-87.5467,37.88989],[-87.54725,37.89016],[-87.54777,37.89029],[-87.54822,37.89051],[-87.54706,37.89127],[-87.54823,37.8917],[-87.55058,37.89226],[-87.55148,37.89228],[-87.55209,37.89204],[-87.5538,37.89028],[-87.55679,37.88899],[-87.55763,37.888],[-87.5591,37.88666],[-87.55815,37.88613],[-87.55867,37.88551],[-87.55863,37.88543],[-87.55867,37.88539],[-87.55896,37.88555],[-87.55935,37.88606],[-87.55957,37.88619],[-87.55969,37.88613],[-87.56272,37.88333],[-87.56362,37.88229],[-87.56405,37.88162],[-87.56401,37.88161],[-87.56458,37.88057],[-87.56504,37.87989],[-87.56425,37.87973],[-87.56473,37.87844],[-87.563,37.87803],[-87.56406,37.87464],[-87.56337,37.87448],[-87.56255,37.87619],[-87.56192,37.87639],[-87.56031,37.87604],[-87.56007,37.8765],[-87.55205,37.87192],[-87.54899,37.87329],[-87.54812,37.8738],[-87.54764,37.87401],[-87.54658,37.87486],[-87.54728,37.87548],[-87.54758,37.87603],[-87.54879,37.87748],[-87.54922,37.87777],[-87.54993,37.87874],[-87.5509,37.87799],[-87.55419,37.87987],[-87.55289,37.88135],[-87.55071,37.88093],[-87.54865,37.88148],[-87.54727,37.88057],[-87.54563,37.87969],[-87.54521,37.88016],[-87.54068,37.87786],[-87.53973,37.87878],[-87.53933,37.87937],[-87.53824,37.88071],[-87.54109,37.88231],[-87.54298,37.88187],[-87.54259,37.88706],[-87.54364,37.88762],[-87.54551,37.88554],[-87.5458,37.88535],[-87.54592,37.88571]]]]}},{"type":"Feature","properties":{"NAME":"Jefferson Davis State Historic Site","TYPE":"State historic site","COUNTY":"Todd/Christian","URL":"https://parks.ky.gov/fairview/parks/historic/jefferson-davis-state-historic-site"},"geometry":{"type":"Polygon","coordinates":[[[-87.30091,36.84343],[-87.30066,36.83972],[-87.30005,36.83969],[-87.29972,36.84056],[-87.29876,36.84048],[-87.29864,36.84076],[-87.29852,36.84158],[-87.29884,36.84156],[-87.29923,36.84374],[-87.30091,36.84343]]]}},{"type":"Feature","properties":{"NAME":"Wickliffe Mounds State Historic Site","TYPE":"State historic site","COUNTY":"Ballard","URL":"https://parks.ky.gov/wickliffe/parks/historic/wickliffe-mounds-state-historic-site"},"geometry":{"type":"Polygon","coordinates":[[[-89.09421,36.97207],[-89.09299,36.96962],[-89.09281,36.96943],[-89.09239,36.96919],[-89.09209,36.96993],[-89.0898,36.96979],[-89.08955,36.97183],[-89.09421,36.97207]]]}},{"type":"Feature","properties":{"NAME":"Lake Malone State Park","TYPE":"Recreational state park","COUNTY":"Muhlenburg","URL":"https://parks.ky.gov/dunmor/parks/recreation/lake-malone-state-park"},"geometry":{"type":"MultiPolygon","coordinates":[[[[-87.04976,37.07871],[-87.04985,37.07811],[-87.05087,37.0779],[-87.05234,37.08104],[-87.05507,37.08134],[-87.05534,37.07846],[-87.05891,37.07874],[-87.05954,37.07239],[-87.05602,37.0741],[-87.05004,37.07144],[-87.04691,37.06944],[-87.04649,37.06964],[-87.04614,37.06994],[-87.04601,37.06994],[-87.04582,37.07008],[-87.04574,37.07036],[-87.04618,37.07092],[-87.04711,37.07117],[-87.04672,37.07125],[-87.04566,37.07113],[-87.04512,37.07075],[-87.04492,37.07072],[-87.04432,37.07086],[-87.04401,37.07114],[-87.04418,37.07121],[-87.04418,37.0713],[-87.04429,37.07141],[-87.04447,37.07148],[-87.04468,37.07144],[-87.0449,37.07177],[-87.04523,37.07202],[-87.047,37.07273],[-87.04748,37.07305],[-87.04843,37.07404],[-87.0486,37.07431],[-87.04869,37.0746],[-87.04881,37.07461],[-87.0489,37.0747],[-87.04872,37.07515],[-87.04879,37.0754],[-87.04913,37.0758],[-87.05005,37.07641],[-87.0494,37.07623],[-87.04908,37.07602],[-87.04889,37.07599],[-87.04844,37.07561],[-87.04829,37.07572],[-87.04831,37.07548],[-87.04824,37.07519],[-87.04829,37.07505],[-87.048,37.07445],[-87.04706,37.07349],[-87.04641,37.07309],[-87.04498,37.07268],[-87.04408,37.07234],[-87.04308,37.07172],[-87.04263,37.07167],[-87.04243,37.07174],[-87.04209,37.07162],[-87.04185,37.0717],[-87.0416,37.07197],[-87.04134,37.072],[-87.0408,37.07226],[-87.0407,37.07255],[-87.04067,37.07298],[-87.04059,37.07302],[-87.04023,37.0728],[-87.04004,37.07278],[-87.03867,37.07346],[-87.03787,37.07351],[-87.03765,37.07361],[-87.03754,37.07375],[-87.03738,37.0738],[-87.03729,37.07373],[-87.03712,37.07375],[-87.03694,37.07388],[-87.03676,37.0739],[-87.03641,37.0738],[-87.03615,37.07383],[-87.03593,37.07401],[-87.03597,37.07415],[-87.03588,37.07449],[-87.0357,37.07469],[-87.03569,37.07487],[-87.0355,37.07518],[-87.03548,37.07545],[-87.03559,37.07553],[-87.03605,37.07558],[-87.03607,37.07567],[-87.03515,37.07644],[-87.03514,37.0766],[-87.03814,37.07638],[-87.03829,37.07642],[-87.03815,37.07713],[-87.03814,37.0775],[-87.03826,37.07762],[-87.03845,37.07765],[-87.03915,37.07757],[-87.0398,37.07722],[-87.04026,37.07707],[-87.0426,37.07676],[-87.04316,37.07711],[-87.04383,37.07829],[-87.04504,37.07831],[-87.045,37.07888],[-87.04976,37.07871]]],[[[-87.03255,37.08293],[-87.03333,37.08267],[-87.03449,37.0824],[-87.03562,37.08152],[-87.0361,37.08131],[-87.0374,37.08095],[-87.03871,37.08076],[-87.04047,37.08102],[-87.04003,37.07877],[-87.03958,37.0787],[-87.03899,37.07872],[-87.03811,37.07903],[-87.03722,37.07905],[-87.03666,37.07921],[-87.03598,37.07923],[-87.03521,37.07942],[-87.03451,37.07938],[-87.03431,37.07946],[-87.03408,37.07975],[-87.03401,37.0804],[-87.03381,37.08085],[-87.03391,37.08126],[-87.0338,37.08146],[-87.03384,37.08162],[-87.03376,37.08203],[-87.03338,37.08217],[-87.03246,37.08217],[-87.03255,37.08293]]]]}},{"type":"Feature","properties":{"NAME":"Breaks Interstate State Resort Park","TYPE":"Resort state park","COUNTY":"Pike","URL":"https://parks.ky.gov/elkhorn-city/parks/recreation/breaks-interstate-park"},"geometry":{"type":"Polygon","coordinates":[[[-82.29206,37.3055],[-82.29276,37.30592],[-82.29487,37.30615],[-82.29513,37.30628],[-82.29644,37.30527],[-82.29716,37.30448],[-82.29806,37.30434],[-82.29949,37.3045],[-82.30039,37.30431],[-82.30131,37.30322],[-82.30283,37.30271],[-82.30388,37.30181],[-82.30567,37.30122],[-82.30656,37.30065],[-82.30889,37.30134],[-82.31072,37.3014],[-82.31263,37.30077],[-82.3141,37.30092],[-82.31747,37.30256],[-82.31921,37.30283],[-82.32084,37.30338],[-82.32235,37.30367],[-82.3237,37.30357],[-82.32586,37.30241],[-82.32709,37.30095],[-82.32731,37.29906],[-82.32785,37.29807],[-82.328,37.29675],[-82.32754,37.29592],[-82.32755,37.29488],[-82.32988,37.29477],[-82.33352,37.29545],[-82.33539,37.29665],[-82.33671,37.29618],[-82.33824,37.29498],[-82.33859,37.29431],[-82.33953,37.29333],[-82.34089,37.29287],[-82.3417,37.29189],[-82.34269,37.29088],[-82.3439,37.28988],[-82.34425,37.28893],[-82.34333,37.28754],[-82.34289,37.28653],[-82.3437,37.2854],[-82.34434,37.28499],[-82.34451,37.28332],[-82.34377,37.28079],[-82.34001,37.28183],[-82.33677,37.28227],[-82.33404,37.28119],[-82.33277,37.27652],[-82.33184,37.27649],[-82.33102,37.27624],[-82.32985,37.27563],[-82.3287,37.27525],[-82.32793,37.27483],[-82.32673,37.27441],[-82.3262,37.27403],[-82.32559,37.27375],[-82.32466,37.27372],[-82.32338,37.27397],[-82.32295,37.27392],[-82.32264,37.27355],[-82.32211,37.27246],[-82.32128,37.27231],[-82.32054,37.2723],[-82.31829,37.27153],[-82.318,37.27108],[-82.31732,37.27072],[-82.31698,37.27079],[-82.31651,37.27066],[-82.31579,37.27022],[-82.31484,37.2687],[-82.31438,37.26817],[-82.31343,37.26765],[-82.31288,37.26715],[-82.31377,37.26613],[-82.31536,37.26529],[-82.3169,37.26434],[-82.31822,37.2629],[-82.32009,37.26235],[-82.32205,37.26203],[-82.32283,37.26198],[-82.32377,37.26165],[-82.32432,37.26133],[-82.32285,37.26022],[-82.32012,37.26112],[-82.31799,37.26194],[-82.31693,37.26243],[-82.31624,37.26308],[-82.31519,37.26376],[-82.31462,37.26391],[-82.31399,37.26396],[-82.3132,37.26437],[-82.31287,37.26489],[-82.31214,37.26525],[-82.31133,37.26603],[-82.31078,37.26623],[-82.30966,37.26653],[-82.30862,37.26643],[-82.30785,37.26698],[-82.30711,37.26696],[-82.30651,37.26682],[-82.30399,37.26777],[-82.30337,37.26768],[-82.30234,37.26737],[-82.30187,37.2673],[-82.30164,37.26692],[-82.30166,37.26668],[-82.30066,37.26569],[-82.30036,37.26557],[-82.2995,37.26621],[-82.29875,37.26631],[-82.29708,37.26683],[-82.29232,37.269],[-82.29082,37.26986],[-82.28898,37.27103],[-82.2884,37.27058],[-82.2877,37.27159],[-82.28655,37.27372],[-82.28729,37.27396],[-82.2871,37.27536],[-82.28666,37.27656],[-82.2867,37.27695],[-82.28768,37.27834],[-82.28792,37.27906],[-82.2878,37.2802],[-82.28726,37.281],[-82.28653,37.28186],[-82.28628,37.28276],[-82.28572,37.28398],[-82.28569,37.2845],[-82.28582,37.28491],[-82.28623,37.28509],[-82.28619,37.28528],[-82.28554,37.28514],[-82.28476,37.28464],[-82.28435,37.28516],[-82.28631,37.28674],[-82.28733,37.28651],[-82.2874,37.28763],[-82.28704,37.28891],[-82.28587,37.28962],[-82.28574,37.28995],[-82.28569,37.29037],[-82.28519,37.29076],[-82.28401,37.29047],[-82.28136,37.29178],[-82.2809,37.29208],[-82.28061,37.29248],[-82.28057,37.29305],[-82.28069,37.29362],[-82.28343,37.29861],[-82.28339,37.29908],[-82.28422,37.30012],[-82.28479,37.30047],[-82.28561,37.30061],[-82.28683,37.3006],[-82.28765,37.30072],[-82.28791,37.30099],[-82.28782,37.30127],[-82.28791,37.30158],[-82.28831,37.30203],[-82.2889,37.30232],[-82.28951,37.30242],[-82.29034,37.30324],[-82.29074,37.30337],[-82.29088,37.30405],[-82.29206,37.3055]]]}},{"type":"Feature","properties":{"NAME":"Cumberland Falls State Resort Park","TYPE":"Resort state park","COUNTY":"Whitley/McCreary","URL":"https://parks.ky.gov/corbin/parks/resort/cumberland-falls-state-resort-park"},"geometry":{"type":"MultiPolygon","coordinates":[[[[-84.37331,36.85165],[-84.368,36.84869],[-84.36822,36.84428],[-84.36728,36.84411],[-84.3673,36.84291],[-84.36485,36.84326],[-84.36428,36.84483],[-84.36151,36.84415],[-84.362,36.84334],[-84.36169,36.84191],[-84.36419,36.84211],[-84.36473,36.8425],[-84.36678,36.84181],[-84.36752,36.84188],[-84.36855,36.83022],[-84.36557,36.83019],[-84.36438,36.83186],[-84.36393,36.83442],[-84.36309,36.83566],[-84.36158,36.83674],[-84.36029,36.83683],[-84.35935,36.83649],[-84.35866,36.83697],[-84.3577,36.83729],[-84.35396,36.84171],[-84.35281,36.84175],[-84.34895,36.84111],[-84.34802,36.8405],[-84.34835,36.83701],[-84.34625,36.83715],[-84.34477,36.83659],[-84.3453,36.83709],[-84.34549,36.83791],[-84.34578,36.84058],[-84.34542,36.84139],[-84.34487,36.84215],[-84.34391,36.84279],[-84.34389,36.84366],[-84.34314,36.84387],[-84.34176,36.845],[-84.34033,36.84553],[-84.3389,36.84556],[-84.33874,36.84725],[-84.33912,36.84851],[-84.34349,36.84693],[-84.34626,36.84751],[-84.34823,36.84715],[-84.35001,36.84613],[-84.35018,36.84461],[-84.35146,36.84474],[-84.36065,36.84654],[-84.36069,36.84801],[-84.35945,36.84919],[-84.36188,36.84971],[-84.36197,36.8484],[-84.36253,36.84765],[-84.36276,36.84645],[-84.36412,36.84614],[-84.36458,36.8468],[-84.36679,36.84819],[-84.3657,36.85205],[-84.36251,36.85233],[-84.36172,36.855],[-84.36081,36.85651],[-84.36412,36.85726],[-84.3653,36.85913],[-84.36872,36.85786],[-84.36818,36.85736],[-84.37331,36.85165]]],[[[-84.34141,36.84439],[-84.34251,36.84367],[-84.34284,36.84323],[-84.34299,36.84203],[-84.34357,36.84149],[-84.34385,36.841],[-84.34395,36.84045],[-84.34387,36.83997],[-84.34419,36.83962],[-84.34448,36.83914],[-84.34421,36.83815],[-84.34393,36.83758],[-84.34342,36.83696],[-84.34267,36.83647],[-84.34193,36.83624],[-84.34119,36.83627],[-84.33989,36.83644],[-84.33914,36.83662],[-84.33815,36.83707],[-84.3374,36.8375],[-84.3366,36.83808],[-84.33552,36.83846],[-84.33469,36.83866],[-84.33318,36.83879],[-84.33228,36.83873],[-84.33039,36.83834],[-84.32873,36.8376],[-84.32653,36.83705],[-84.32559,36.83692],[-84.32755,36.84332],[-84.31256,36.85375],[-84.3157,36.85498],[-84.31701,36.85543],[-84.31756,36.85532],[-84.31966,36.85525],[-84.32083,36.85505],[-84.3215,36.85501],[-84.32234,36.85499],[-84.32256,36.85513],[-84.32346,36.85482],[-84.32384,36.85493],[-84.32404,36.85485],[-84.3247,36.8548],[-84.32639,36.85438],[-84.32728,36.85395],[-84.32829,36.85328],[-84.32914,36.85248],[-84.32974,36.85111],[-84.33004,36.85018],[-84.33012,36.84934],[-84.33076,36.84776],[-84.33181,36.84636],[-84.33246,36.84602],[-84.33315,36.8458],[-84.33416,36.84558],[-84.33621,36.84521],[-84.33832,36.84493],[-84.33996,36.84492],[-84.34058,36.84474],[-84.34141,36.84439]]],[[[-84.34694,36.83634],[-84.34709,36.83625],[-84.34733,36.83654],[-84.34744,36.83652],[-84.34758,36.83636],[-84.34768,36.83641],[-84.34813,36.83577],[-84.34834,36.83556],[-84.34839,36.83558],[-84.34849,36.83518],[-84.34865,36.83491],[-84.3492,36.83445],[-84.34957,36.83433],[-84.34959,36.83439],[-84.35077,36.83412],[-84.35111,36.83401],[-84.35104,36.83389],[-84.35127,36.83381],[-84.35134,36.83393],[-84.35193,36.83377],[-84.35297,36.83366],[-84.35297,36.8336],[-84.35348,36.83351],[-84.35319,36.83165],[-84.35408,36.83002],[-84.35389,36.82891],[-84.35298,36.82839],[-84.35254,36.82908],[-84.35232,36.82905],[-84.35168,36.82915],[-84.35127,36.82891],[-84.3502,36.82795],[-84.34967,36.82774],[-84.34819,36.82738],[-84.34747,36.82712],[-84.34717,36.82715],[-84.34644,36.8266],[-84.34585,36.82647],[-84.3453,36.82611],[-84.34498,36.82606],[-84.34411,36.82558],[-84.34048,36.82784],[-84.34012,36.82781],[-84.3391,36.82791],[-84.33793,36.82866],[-84.33618,36.8282],[-84.33094,36.82901],[-84.32954,36.82774],[-84.32763,36.82837],[-84.3264,36.8289],[-84.32531,36.82959],[-84.32134,36.83129],[-84.32539,36.83592],[-84.32769,36.83611],[-84.32903,36.83672],[-84.33031,36.83739],[-84.33213,36.83796],[-84.33396,36.83798],[-84.33669,36.83698],[-84.33807,36.83596],[-84.3397,36.83538],[-84.34113,36.83513],[-84.34289,36.83537],[-84.34423,36.83609],[-84.34477,36.83659],[-84.34694,36.83634]]],[[[-84.32875,36.8268],[-84.32021,36.83035],[-84.32054,36.83057],[-84.3217,36.82998],[-84.32382,36.8293],[-84.32724,36.8276],[-84.32901,36.82702],[-84.32875,36.8268]]]]}},{"type":"Feature","properties":{"NAME":"Pennyrile Forest State Resort Park","TYPE":"Resort state park","COUNTY":"Christian","URL":"https://parks.ky.gov/dawson-springs/parks/resort/pennyrile-forest-state-resort-park"},"geometry":{"type":"MultiPolygon","coordinates":[[[[-87.67169,37.08394],[-87.67583,37.08436],[-87.67789,37.07807],[-87.67867,37.07498],[-87.67326,37.07512],[-87.6703,37.07089],[-87.66909,37.06933],[-87.66465,37.06176],[-87.66307,37.06163],[-87.66228,37.06216],[-87.66174,37.06205],[-87.66107,37.06236],[-87.66038,37.06293],[-87.65949,37.06333],[-87.65794,37.0637],[-87.65723,37.06372],[-87.65667,37.0636],[-87.65606,37.06329],[-87.65548,37.06261],[-87.65464,37.06263],[-87.65408,37.06294],[-87.65319,37.06311],[-87.65152,37.06427],[-87.65017,37.06449],[-87.6503,37.06463],[-87.65135,37.06503],[-87.65163,37.0652],[-87.6524,37.06575],[-87.65269,37.06605],[-87.65283,37.06642],[-87.65299,37.0676],[-87.65314,37.06786],[-87.65392,37.06854],[-87.65459,37.06991],[-87.65495,37.07111],[-87.65502,37.0723],[-87.65465,37.07404],[-87.65464,37.07516],[-87.65436,37.07639],[-87.65448,37.07661],[-87.65488,37.07689],[-87.65612,37.07743],[-87.65727,37.07778],[-87.65737,37.0779],[-87.65741,37.07823],[-87.65735,37.07871],[-87.65682,37.0804],[-87.65678,37.08111],[-87.65677,37.0815],[-87.65726,37.08239],[-87.6573,37.08304],[-87.6572,37.08383],[-87.65774,37.08396],[-87.65822,37.08392],[-87.65863,37.08427],[-87.6593,37.08437],[-87.66015,37.08467],[-87.66134,37.08437],[-87.6621,37.08448],[-87.66275,37.08443],[-87.66463,37.08454],[-87.66515,37.0843],[-87.66567,37.08418],[-87.66683,37.08425],[-87.66771,37.08395],[-87.6685,37.08391],[-87.66892,37.08403],[-87.66918,37.08421],[-87.66929,37.08442],[-87.67014,37.08409],[-87.67058,37.08399],[-87.6705,37.08381],[-87.67169,37.08394]]],[[[-87.64606,37.0882],[-87.64552,37.08828],[-87.64574,37.08886],[-87.64673,37.0887],[-87.64651,37.08812],[-87.64606,37.0882]]]]}},{"type":"Feature","properties":{"NAME":"E.P. Tom Sawyer State Park","TYPE":"Recreational state park","COUNTY":"Jefferson","URL":"https://parks.ky.gov/louisville/parks/recreation/ep-tom-sawyer-state-park"},"geometry":{"type":"MultiPolygon","coordinates":[[[[-85.56961,38.285],[-85.56883,38.28418],[-85.567,38.28181],[-85.56648,38.28105],[-85.5658,38.27973],[-85.56352,38.2743],[-85.5634,38.27426],[-85.56098,38.27491],[-85.56084,38.2749],[-85.56074,38.27485],[-85.56021,38.27374],[-85.5586,38.27423],[-85.55777,38.27408],[-85.55754,38.27397],[-85.55708,38.27359],[-85.55673,38.27342],[-85.55637,38.2734],[-85.55599,38.27329],[-85.55578,38.27351],[-85.55326,38.27264],[-85.55285,38.2737],[-85.5528,38.27417],[-85.55302,38.27474],[-85.55412,38.27697],[-85.55409,38.2771],[-85.55132,38.27793],[-85.54796,38.27905],[-85.55101,38.28673],[-85.55122,38.28707],[-85.55164,38.28706],[-85.55547,38.28585],[-85.55565,38.28593],[-85.55578,38.28619],[-85.55669,38.28833],[-85.56351,38.28731],[-85.56961,38.285]]],[[[-85.5566,38.28834],[-85.55568,38.28616],[-85.55559,38.28602],[-85.55547,38.28597],[-85.55531,38.28595],[-85.55156,38.28717],[-85.55114,38.28725],[-85.55282,38.29138],[-85.55738,38.29012],[-85.5566,38.28834]]]]}},{"type":"Feature","properties":{"NAME":"Paintsville Lake State Park","TYPE":"Recreational state park","COUNTY":"Johnson","URL":"https://parks.ky.gov/staffordsville/parks/recreation/paintsville-lake-state-park"},"geometry":{"type":"Polygon","coordinates":[[[-82.88062,37.83994],[-82.87759,37.84103],[-82.87814,37.84195],[-82.87777,37.84222],[-82.87682,37.8421],[-82.87483,37.84206],[-82.87439,37.84231],[-82.87391,37.84283],[-82.87341,37.84299],[-82.8731,37.84299],[-82.87276,37.8429],[-82.87212,37.84256],[-82.87172,37.84243],[-82.87047,37.84228],[-82.87007,37.8421],[-82.86986,37.8419],[-82.86965,37.84135],[-82.86947,37.83951],[-82.86931,37.83907],[-82.86913,37.8389],[-82.86852,37.83861],[-82.86761,37.83838],[-82.86749,37.83879],[-82.86739,37.83893],[-82.86709,37.83915],[-82.86694,37.83917],[-82.86607,37.83874],[-82.86653,37.83799],[-82.86575,37.83749],[-82.86432,37.83614],[-82.86391,37.83585],[-82.86345,37.83561],[-82.8632,37.836],[-82.86214,37.83589],[-82.86224,37.83616],[-82.86258,37.83637],[-82.86318,37.83732],[-82.86355,37.83727],[-82.8636,37.83769],[-82.86392,37.83852],[-82.86393,37.83878],[-82.86405,37.83917],[-82.86407,37.83962],[-82.86433,37.8399],[-82.86499,37.8401],[-82.86568,37.84021],[-82.86651,37.84072],[-82.86695,37.84108],[-82.8669,37.84147],[-82.86705,37.84193],[-82.86702,37.84312],[-82.86695,37.84349],[-82.867,37.84396],[-82.86789,37.84431],[-82.86885,37.84451],[-82.86927,37.84453],[-82.86964,37.84442],[-82.8701,37.84416],[-82.87047,37.84417],[-82.87071,37.84426],[-82.87168,37.84506],[-82.87226,37.84519],[-82.87278,37.84543],[-82.87291,37.84565],[-82.87292,37.84589],[-82.8729,37.84628],[-82.87277,37.84682],[-82.87231,37.84718],[-82.87211,37.84802],[-82.87186,37.84843],[-82.87234,37.84919],[-82.87238,37.84956],[-82.87268,37.84995],[-82.87316,37.85036],[-82.87342,37.85108],[-82.87436,37.8504],[-82.87496,37.84973],[-82.87546,37.84936],[-82.8759,37.8482],[-82.87621,37.84789],[-82.87702,37.84739],[-82.87758,37.84716],[-82.87776,37.84698],[-82.87805,37.84647],[-82.87811,37.84604],[-82.87858,37.84591],[-82.8794,37.84593],[-82.87951,37.84576],[-82.87951,37.84549],[-82.87969,37.84548],[-82.87971,37.84505],[-82.87951,37.84434],[-82.87931,37.84409],[-82.87903,37.84396],[-82.87907,37.84386],[-82.8793,37.84388],[-82.87956,37.84332],[-82.87996,37.8432],[-82.88016,37.84293],[-82.88042,37.84227],[-82.8807,37.84223],[-82.881,37.84236],[-82.88132,37.84231],[-82.88142,37.84223],[-82.88171,37.84166],[-82.88163,37.84124],[-82.88109,37.84076],[-82.88062,37.83994]]]}},{"type":"Feature","properties":{"NAME":"Buckhorn Lake State Resort Park","TYPE":"Resort state park","COUNTY":"Perry","URL":"https://parks.ky.gov/buckhorn/parks/resort/buckhorn-lake-state-resort-park"},"geometry":{"type":"Polygon","coordinates":[[[-83.42713,37.30877],[-83.42722,37.30883],[-83.42725,37.30896],[-83.42709,37.30933],[-83.42705,37.31111],[-83.42696,37.31139],[-83.42696,37.3118],[-83.42728,37.31202],[-83.42793,37.31196],[-83.42852,37.31203],[-83.42983,37.31243],[-83.43039,37.31247],[-83.43108,37.31248],[-83.43167,37.31236],[-83.43228,37.31213],[-83.43264,37.31216],[-83.43353,37.31295],[-83.43462,37.31306],[-83.43527,37.31325],[-83.43631,37.31406],[-83.43696,37.31386],[-83.43765,37.31349],[-83.43777,37.31324],[-83.43824,37.31278],[-83.43881,37.31255],[-83.43919,37.31221],[-83.43981,37.31192],[-83.44111,37.31072],[-83.44164,37.31047],[-83.4424,37.31062],[-83.44291,37.31145],[-83.4431,37.31197],[-83.44344,37.31213],[-83.44469,37.31238],[-83.44513,37.3126],[-83.44555,37.31269],[-83.44621,37.31251],[-83.44651,37.31202],[-83.44703,37.31139],[-83.448,37.31062],[-83.44858,37.31002],[-83.44924,37.30949],[-83.44896,37.30935],[-83.44845,37.30937],[-83.44925,37.30897],[-83.44953,37.30874],[-83.44906,37.30836],[-83.44835,37.30755],[-83.44752,37.30675],[-83.44742,37.30653],[-83.44742,37.30629],[-83.44705,37.30557],[-83.44688,37.30547],[-83.4465,37.30547],[-83.44642,37.30532],[-83.44648,37.3049],[-83.44672,37.30462],[-83.4469,37.30451],[-83.44715,37.30389],[-83.44708,37.30357],[-83.44695,37.30347],[-83.44662,37.30361],[-83.44636,37.30359],[-83.44575,37.30392],[-83.44559,37.30418],[-83.44528,37.30437],[-83.445,37.30464],[-83.44444,37.30465],[-83.44389,37.30479],[-83.44369,37.30476],[-83.44285,37.30513],[-83.44276,37.30513],[-83.44263,37.30502],[-83.443,37.30482],[-83.44328,37.30453],[-83.44369,37.30433],[-83.44415,37.30424],[-83.44436,37.30404],[-83.44489,37.30376],[-83.44493,37.30369],[-83.44486,37.30346],[-83.44497,37.30339],[-83.4451,37.30346],[-83.44572,37.30318],[-83.44597,37.3029],[-83.44587,37.3026],[-83.44552,37.30225],[-83.44578,37.30209],[-83.4458,37.30154],[-83.44562,37.30119],[-83.44542,37.30054],[-83.44513,37.30011],[-83.44462,37.29958],[-83.44328,37.29904],[-83.44342,37.29894],[-83.44365,37.29893],[-83.44408,37.29919],[-83.44453,37.29936],[-83.44507,37.29917],[-83.44543,37.29897],[-83.44561,37.29871],[-83.44586,37.29862],[-83.44601,37.29869],[-83.44548,37.29917],[-83.44531,37.29942],[-83.44527,37.2997],[-83.44558,37.29998],[-83.44629,37.3012],[-83.44661,37.3015],[-83.44643,37.30179],[-83.44649,37.30228],[-83.44669,37.30242],[-83.44738,37.30257],[-83.44773,37.30248],[-83.44806,37.30231],[-83.44969,37.29869],[-83.45005,37.29809],[-83.44934,37.29791],[-83.4488,37.29755],[-83.44857,37.29755],[-83.44802,37.29767],[-83.44759,37.29799],[-83.44684,37.29821],[-83.4465,37.2982],[-83.44608,37.29838],[-83.44558,37.29821],[-83.44545,37.2977],[-83.44552,37.29722],[-83.44474,37.29688],[-83.44429,37.29643],[-83.44458,37.29704],[-83.44516,37.29772],[-83.4454,37.29836],[-83.44514,37.29883],[-83.44489,37.29891],[-83.44426,37.29895],[-83.44323,37.29847],[-83.44279,37.29861],[-83.44159,37.29823],[-83.4402,37.29798],[-83.43997,37.29787],[-83.43929,37.29786],[-83.43902,37.29793],[-83.43873,37.29813],[-83.43807,37.29813],[-83.43776,37.29778],[-83.43649,37.29744],[-83.43639,37.29716],[-83.43645,37.29667],[-83.43613,37.29627],[-83.43502,37.29607],[-83.43411,37.29633],[-83.43359,37.29594],[-83.43224,37.29572],[-83.43195,37.29579],[-83.43117,37.29569],[-83.43086,37.29549],[-83.43077,37.29533],[-83.43005,37.29527],[-83.43,37.29633],[-83.43022,37.29675],[-83.43114,37.29755],[-83.43165,37.29814],[-83.43202,37.29845],[-83.43184,37.29962],[-83.43167,37.30003],[-83.43161,37.30056],[-83.43246,37.30136],[-83.43257,37.30196],[-83.43255,37.30224],[-83.43283,37.30248],[-83.43301,37.30293],[-83.43211,37.30415],[-83.43198,37.30462],[-83.43183,37.30488],[-83.43179,37.30541],[-83.43196,37.30587],[-83.43237,37.30625],[-83.43267,37.30699],[-83.43283,37.30716],[-83.43157,37.30766],[-83.43103,37.30754],[-83.43091,37.30763],[-83.43082,37.30785],[-83.43062,37.30793],[-83.43049,37.3084],[-83.43038,37.30856],[-83.42989,37.3088],[-83.42938,37.30884],[-83.42922,37.30893],[-83.42897,37.30887],[-83.42837,37.30902],[-83.42748,37.30873],[-83.42713,37.30877]]]}},{"type":"Feature","properties":{"NAME":"Greenbo Lake State Resort Park","TYPE":"Resort state park","COUNTY":"Greenup","URL":"https://parks.ky.gov/ashland/parks/historic/greenbo-lake-state-resort-park"},"geometry":{"type":"Polygon","coordinates":[[[-82.91859,38.49848],[-82.91876,38.49833],[-82.91951,38.49808],[-82.91981,38.49789],[-82.92065,38.49769],[-82.92102,38.49749],[-82.92189,38.49735],[-82.92209,38.49723],[-82.92195,38.49649],[-82.92119,38.49558],[-82.92117,38.4953],[-82.92022,38.49433],[-82.91949,38.49378],[-82.9194,38.49281],[-82.91845,38.49238],[-82.91837,38.4918],[-82.91816,38.4912],[-82.91746,38.49092],[-82.91675,38.49038],[-82.9172,38.48997],[-82.91756,38.48933],[-82.91773,38.48857],[-82.91781,38.48781],[-82.91734,38.48727],[-82.9161,38.48657],[-82.91569,38.48644],[-82.91417,38.48616],[-82.9136,38.48618],[-82.91309,38.48599],[-82.91271,38.4857],[-82.91224,38.4855],[-82.91171,38.48549],[-82.91127,38.48438],[-82.9104,38.48381],[-82.90957,38.48362],[-82.90917,38.48345],[-82.90862,38.48281],[-82.90897,38.4822],[-82.90939,38.48187],[-82.91017,38.48144],[-82.9102,38.48114],[-82.91046,38.48033],[-82.91036,38.47886],[-82.91024,38.47864],[-82.9094,38.47838],[-82.90894,38.47803],[-82.90887,38.47749],[-82.90925,38.4769],[-82.90911,38.47628],[-82.90747,38.47389],[-82.90651,38.47441],[-82.90579,38.47444],[-82.90546,38.47418],[-82.90511,38.47358],[-82.90398,38.47331],[-82.90359,38.4735],[-82.90296,38.4736],[-82.90249,38.4738],[-82.90219,38.47409],[-82.90171,38.47375],[-82.90133,38.47336],[-82.90087,38.47312],[-82.90026,38.47266],[-82.90014,38.47212],[-82.90007,38.47093],[-82.89964,38.47042],[-82.89934,38.47037],[-82.89843,38.47092],[-82.89812,38.47133],[-82.89752,38.47145],[-82.89659,38.4708],[-82.89629,38.47042],[-82.89589,38.47013],[-82.89542,38.46994],[-82.89475,38.47004],[-82.89427,38.46987],[-82.89425,38.46901],[-82.8943,38.46868],[-82.8945,38.46833],[-82.89357,38.46761],[-82.89278,38.4678],[-82.89029,38.46777],[-82.8893,38.46799],[-82.88902,38.46828],[-82.88901,38.46911],[-82.88904,38.46981],[-82.88925,38.47046],[-82.88953,38.4709],[-82.88939,38.47131],[-82.889,38.47154],[-82.8882,38.47162],[-82.8872,38.4721],[-82.88659,38.47214],[-82.88593,38.47193],[-82.88546,38.47187],[-82.88472,38.47214],[-82.88452,38.47238],[-82.88441,38.47274],[-82.88451,38.47306],[-82.88453,38.47442],[-82.88405,38.4749],[-82.88403,38.47558],[-82.88367,38.4756],[-82.88353,38.47581],[-82.88218,38.47628],[-82.88142,38.47644],[-82.8807,38.47637],[-82.88044,38.47646],[-82.88017,38.47665],[-82.87944,38.47676],[-82.87886,38.4766],[-82.87775,38.47591],[-82.87661,38.47557],[-82.87616,38.47557],[-82.87606,38.47532],[-82.87534,38.47519],[-82.87509,38.47482],[-82.87455,38.47477],[-82.87418,38.47494],[-82.87369,38.47505],[-82.87334,38.47538],[-82.87321,38.47541],[-82.87319,38.4759],[-82.87218,38.47601],[-82.87155,38.47638],[-82.87095,38.47641],[-82.8705,38.47654],[-82.86998,38.47688],[-82.86838,38.47846],[-82.8677,38.47904],[-82.86785,38.47986],[-82.86708,38.4805],[-82.86663,38.48069],[-82.86638,38.48104],[-82.86621,38.48146],[-82.86613,38.48193],[-82.86624,38.48282],[-82.86551,38.48308],[-82.8643,38.48317],[-82.86388,38.48332],[-82.86364,38.48372],[-82.86329,38.48409],[-82.86306,38.48445],[-82.86185,38.48481],[-82.86162,38.48573],[-82.86171,38.48616],[-82.86232,38.48701],[-82.86274,38.4879],[-82.86312,38.48831],[-82.86352,38.48867],[-82.86404,38.48899],[-82.86529,38.48926],[-82.86528,38.48955],[-82.86508,38.48995],[-82.86358,38.49105],[-82.86269,38.49123],[-82.86301,38.49139],[-82.86335,38.49167],[-82.86399,38.49162],[-82.86609,38.49187],[-82.86632,38.49231],[-82.86667,38.49256],[-82.86667,38.49299],[-82.86681,38.49359],[-82.86736,38.49408],[-82.86774,38.49452],[-82.8678,38.4951],[-82.86775,38.4961],[-82.86886,38.49643],[-82.86969,38.49732],[-82.87079,38.49722],[-82.87132,38.49752],[-82.87152,38.49799],[-82.8718,38.49839],[-82.87222,38.4988],[-82.87243,38.49929],[-82.87254,38.49975],[-82.87298,38.50009],[-82.87319,38.50049],[-82.87354,38.50079],[-82.87247,38.50155],[-82.87181,38.50188],[-82.87175,38.50237],[-82.87205,38.50297],[-82.87486,38.5034],[-82.87564,38.50378],[-82.87926,38.50495],[-82.88018,38.50496],[-82.87987,38.50456],[-82.8804,38.50428],[-82.88063,38.50388],[-82.88096,38.50372],[-82.88131,38.50409],[-82.88154,38.50445],[-82.88211,38.50484],[-82.88226,38.5052],[-82.88306,38.50578],[-82.8845,38.50594],[-82.88514,38.50575],[-82.88571,38.50589],[-82.88663,38.50649],[-82.88727,38.50714],[-82.88767,38.50767],[-82.88784,38.50808],[-82.88827,38.50819],[-82.88884,38.50804],[-82.88924,38.50768],[-82.88968,38.50753],[-82.89017,38.50755],[-82.89242,38.50721],[-82.89285,38.50679],[-82.89337,38.50646],[-82.8939,38.50625],[-82.89406,38.50566],[-82.89541,38.50576],[-82.89604,38.50561],[-82.89785,38.50454],[-82.89879,38.50431],[-82.89925,38.50365],[-82.89952,38.50336],[-82.89976,38.50322],[-82.90043,38.50305],[-82.90103,38.50281],[-82.90128,38.50275],[-82.90245,38.50294],[-82.90305,38.50289],[-82.90446,38.50254],[-82.90469,38.50254],[-82.90516,38.50206],[-82.90549,38.50186],[-82.90743,38.50162],[-82.90915,38.50108],[-82.90965,38.50103],[-82.91029,38.50115],[-82.91105,38.50156],[-82.91161,38.5017],[-82.91288,38.50155],[-82.91316,38.50144],[-82.91385,38.50097],[-82.91502,38.50065],[-82.91601,38.50004],[-82.91496,38.4995],[-82.91387,38.49912],[-82.91335,38.49874],[-82.91292,38.49854],[-82.91184,38.49846],[-82.91127,38.49853],[-82.91023,38.49828],[-82.90932,38.49818],[-82.90897,38.49801],[-82.90919,38.49785],[-82.90946,38.49777],[-82.91101,38.49778],[-82.91151,38.49764],[-82.91254,38.49751],[-82.91314,38.49738],[-82.91484,38.49679],[-82.91391,38.49575],[-82.91378,38.49543],[-82.91419,38.49527],[-82.91481,38.49522],[-82.91525,38.49508],[-82.91554,38.49481],[-82.91618,38.49459],[-82.91652,38.49504],[-82.91692,38.49525],[-82.91707,38.49542],[-82.91712,38.49576],[-82.91704,38.49616],[-82.91676,38.49661],[-82.91593,38.49724],[-82.91602,38.4977],[-82.9168,38.49869],[-82.91713,38.49886],[-82.9175,38.49879],[-82.91795,38.49845],[-82.91816,38.49815],[-82.91838,38.4982],[-82.91859,38.49848]]]}},{"type":"Feature","properties":{"NAME":"Carr Creek State Park","TYPE":"Recreational state park","COUNTY":"Knott","URL":"https://parks.ky.gov/sassafras/parks/recreation/carr-creek-state-park"},"geometry":{"type":"MultiPolygon","coordinates":[[[[-83.00035,37.23194],[-83.0003,37.23197],[-83.00045,37.23268],[-83.00022,37.23306],[-83.00043,37.23358],[-83.00087,37.23407],[-83.00152,37.23447],[-83.00289,37.23474],[-83.00316,37.23467],[-83.00332,37.23433],[-83.0034,37.23374],[-83.00335,37.23308],[-83.00311,37.233],[-83.0031,37.23282],[-83.00336,37.2311],[-83.00381,37.23079],[-83.00428,37.23034],[-83.00449,37.23025],[-83.00462,37.22957],[-83.00088,37.22966],[-83.00089,37.22955],[-82.99878,37.22998],[-82.99838,37.23013],[-82.99834,37.23019],[-82.9984,37.23028],[-82.99857,37.23038],[-82.99873,37.23044],[-82.9994,37.23044],[-82.9996,37.23084],[-82.99988,37.23082],[-83.00035,37.23194]]],[[[-83.00065,37.22863],[-83.00025,37.22919],[-83.00018,37.2295],[-83.00091,37.22936],[-83.00082,37.22842],[-83.00065,37.22863]]]]}},{"type":"Feature","properties":{"NAME":"Dale Hollow Lake State Resort Park","TYPE":"Resort state park","COUNTY":"Cumberland/Clinton","URL":"https://parks.ky.gov/burkesville/parks/resort/dale-hollow-lake-state-resort-park"},"geometry":{"type":"Polygon","coordinates":[[[-85.29909,36.62485],[-85.29919,36.62492],[-85.29909,36.62515],[-85.29921,36.62538],[-85.29915,36.62549],[-85.29902,36.62554],[-85.29887,36.62613],[-85.29866,36.6265],[-85.29867,36.62672],[-85.29846,36.6273],[-85.2985,36.62772],[-85.29842,36.62793],[-85.29846,36.62817],[-85.2984,36.62884],[-85.29847,36.62922],[-85.29857,36.62938],[-85.29877,36.62943],[-85.29878,36.62956],[-85.29893,36.62971],[-85.29914,36.6298],[-85.29957,36.62973],[-85.30039,36.62934],[-85.30077,36.62934],[-85.30009,36.62989],[-85.29999,36.62988],[-85.29972,36.63028],[-85.29972,36.63043],[-85.29987,36.6308],[-85.30019,36.6311],[-85.30031,36.63116],[-85.30113,36.63108],[-85.30115,36.63129],[-85.30067,36.63138],[-85.30028,36.63154],[-85.30021,36.63166],[-85.30017,36.63263],[-85.30027,36.63302],[-85.30037,36.63311],[-85.3004,36.63345],[-85.30016,36.63308],[-85.29992,36.63285],[-85.2997,36.63242],[-85.29965,36.63244],[-85.29966,36.63199],[-85.29957,36.63171],[-85.29916,36.63119],[-85.29877,36.63105],[-85.29835,36.631],[-85.29798,36.63108],[-85.29781,36.63123],[-85.29755,36.63168],[-85.2976,36.63279],[-85.29773,36.63346],[-85.29769,36.63375],[-85.29779,36.63405],[-85.29775,36.63422],[-85.29782,36.6343],[-85.29783,36.63472],[-85.29791,36.63484],[-85.29784,36.63523],[-85.29788,36.63543],[-85.29777,36.63675],[-85.29755,36.63753],[-85.29741,36.6377],[-85.29737,36.63789],[-85.29716,36.63802],[-85.29677,36.63842],[-85.29589,36.63889],[-85.29517,36.639],[-85.29519,36.63927],[-85.2953,36.63936],[-85.29578,36.6395],[-85.29527,36.63972],[-85.29518,36.64022],[-85.29522,36.64069],[-85.29529,36.64079],[-85.29559,36.64095],[-85.29558,36.64101],[-85.29545,36.641],[-85.29542,36.6412],[-85.29554,36.64143],[-85.29555,36.64151],[-85.29548,36.64157],[-85.29562,36.6419],[-85.29562,36.64206],[-85.29551,36.64213],[-85.29507,36.64146],[-85.29498,36.6414],[-85.29444,36.64136],[-85.29448,36.6411],[-85.2947,36.64087],[-85.29469,36.64058],[-85.29452,36.64029],[-85.29458,36.63998],[-85.29441,36.63944],[-85.29421,36.63923],[-85.29414,36.63881],[-85.29338,36.63867],[-85.29243,36.63829],[-85.29184,36.63771],[-85.29105,36.63709],[-85.29092,36.63676],[-85.28995,36.63673],[-85.28915,36.63678],[-85.28843,36.63673],[-85.28816,36.6368],[-85.28815,36.63699],[-85.28821,36.63721],[-85.28835,36.63741],[-85.28839,36.63798],[-85.28845,36.63803],[-85.28847,36.63822],[-85.28841,36.63837],[-85.28877,36.63851],[-85.28887,36.63872],[-85.28859,36.63868],[-85.28827,36.63858],[-85.28792,36.63826],[-85.28775,36.63826],[-85.28724,36.63792],[-85.28707,36.6379],[-85.28649,36.63817],[-85.28644,36.63812],[-85.28658,36.63745],[-85.2864,36.63672],[-85.28621,36.63648],[-85.28543,36.63607],[-85.28444,36.63611],[-85.28383,36.63589],[-85.28367,36.63575],[-85.28362,36.63561],[-85.28323,36.63539],[-85.28297,36.63536],[-85.28276,36.63543],[-85.28053,36.63485],[-85.28039,36.63471],[-85.27997,36.63459],[-85.27892,36.63453],[-85.27864,36.63458],[-85.27816,36.63489],[-85.27796,36.63525],[-85.27793,36.63561],[-85.27801,36.63574],[-85.27822,36.63582],[-85.27821,36.63595],[-85.27796,36.63603],[-85.27787,36.63616],[-85.27777,36.63671],[-85.27768,36.63684],[-85.27778,36.63706],[-85.27764,36.6376],[-85.27778,36.63784],[-85.27753,36.63791],[-85.27733,36.63836],[-85.27701,36.63856],[-85.27653,36.63909],[-85.27636,36.6392],[-85.27615,36.63949],[-85.27609,36.63968],[-85.27603,36.63962],[-85.27605,36.63939],[-85.2767,36.63843],[-85.27682,36.63807],[-85.27684,36.6378],[-85.2764,36.63772],[-85.2764,36.63766],[-85.27674,36.63758],[-85.27691,36.63737],[-85.27698,36.63703],[-85.27696,36.63676],[-85.27675,36.63663],[-85.27622,36.63663],[-85.2759,36.63678],[-85.27505,36.63697],[-85.27473,36.63717],[-85.27438,36.63719],[-85.27373,36.63756],[-85.27328,36.6379],[-85.273,36.638],[-85.27291,36.63813],[-85.27214,36.63861],[-85.27173,36.64008],[-85.27157,36.64023],[-85.27141,36.6407],[-85.27147,36.64122],[-85.27174,36.64179],[-85.27171,36.6423],[-85.27149,36.64273],[-85.27168,36.64343],[-85.27163,36.64366],[-85.27133,36.644],[-85.27125,36.64418],[-85.27118,36.64456],[-85.27121,36.64496],[-85.27158,36.64579],[-85.2725,36.64647],[-85.27306,36.64676],[-85.27416,36.64709],[-85.27457,36.64709],[-85.27429,36.6473],[-85.27408,36.64736],[-85.27398,36.6475],[-85.27391,36.648],[-85.27377,36.6484],[-85.27397,36.64891],[-85.27417,36.64908],[-85.27502,36.64956],[-85.27555,36.64978],[-85.27627,36.64986],[-85.27691,36.64971],[-85.27716,36.64957],[-85.27727,36.64961],[-85.27697,36.64974],[-85.27686,36.65005],[-85.27654,36.65015],[-85.27513,36.65013],[-85.27473,36.65006],[-85.27386,36.65024],[-85.27342,36.65045],[-85.27247,36.65114],[-85.27101,36.65278],[-85.27085,36.65312],[-85.27072,36.65318],[-85.27069,36.65339],[-85.27095,36.65366],[-85.27123,36.65384],[-85.2712,36.6539],[-85.27067,36.65376],[-85.27061,36.65389],[-85.27007,36.65388],[-85.26967,36.65418],[-85.2695,36.65483],[-85.26955,36.65502],[-85.26941,36.65532],[-85.26934,36.6558],[-85.26943,36.65627],[-85.26955,36.65658],[-85.27019,36.65734],[-85.2705,36.6576],[-85.27072,36.65758],[-85.27075,36.65763],[-85.27076,36.65789],[-85.27087,36.65796],[-85.27054,36.65798],[-85.27049,36.65832],[-85.27056,36.65858],[-85.27072,36.65879],[-85.27162,36.6594],[-85.27218,36.66014],[-85.27321,36.66049],[-85.2746,36.66043],[-85.27587,36.66005],[-85.27615,36.65987],[-85.27622,36.65976],[-85.27613,36.65904],[-85.27644,36.65952],[-85.27667,36.6597],[-85.27746,36.65942],[-85.27808,36.65912],[-85.27825,36.65915],[-85.27845,36.65906],[-85.27869,36.65905],[-85.27893,36.65891],[-85.27943,36.65838],[-85.27953,36.65856],[-85.28037,36.659],[-85.28102,36.65898],[-85.28027,36.65916],[-85.27996,36.65917],[-85.27982,36.65906],[-85.27934,36.65914],[-85.27919,36.65927],[-85.27859,36.65955],[-85.27825,36.65981],[-85.27792,36.65994],[-85.27782,36.66003],[-85.27784,36.66041],[-85.27757,36.66028],[-85.2773,36.66025],[-85.27707,36.66031],[-85.27643,36.66069],[-85.27637,36.6608],[-85.27641,36.66106],[-85.27619,36.66091],[-85.27584,36.66095],[-85.27467,36.66141],[-85.27443,36.66178],[-85.27426,36.66179],[-85.27391,36.66164],[-85.27321,36.66157],[-85.27229,36.66173],[-85.27196,36.66185],[-85.27182,36.66204],[-85.27183,36.66233],[-85.2721,36.66281],[-85.2725,36.66321],[-85.27297,36.66385],[-85.2738,36.66443],[-85.27401,36.66464],[-85.2746,36.66499],[-85.27477,36.66517],[-85.27507,36.66601],[-85.2753,36.66624],[-85.27562,36.66624],[-85.27685,36.66551],[-85.27794,36.66512],[-85.2789,36.6652],[-85.2798,36.66538],[-85.28032,36.66555],[-85.28028,36.66565],[-85.27918,36.66546],[-85.27854,36.66544],[-85.27793,36.66559],[-85.27746,36.66588],[-85.27654,36.66665],[-85.27602,36.66728],[-85.27617,36.66788],[-85.27645,36.66829],[-85.27681,36.66854],[-85.27741,36.66858],[-85.27701,36.66874],[-85.27689,36.66904],[-85.2772,36.66955],[-85.27765,36.66979],[-85.27828,36.67058],[-85.27965,36.66685],[-85.27994,36.66695],[-85.28227,36.66632],[-85.28244,36.66577],[-85.28272,36.66576],[-85.2831,36.66593],[-85.28363,36.66603],[-85.28405,36.66602],[-85.28396,36.66412],[-85.28421,36.66362],[-85.28505,36.66352],[-85.28586,36.66358],[-85.2872,36.66398],[-85.2881,36.66404],[-85.28935,36.66524],[-85.29048,36.66588],[-85.29159,36.6667],[-85.29201,36.6671],[-85.2935,36.66704],[-85.29702,36.66657],[-85.29761,36.6666],[-85.29882,36.66694],[-85.30018,36.66714],[-85.30035,36.66689],[-85.30137,36.66626],[-85.30314,36.66597],[-85.30355,36.66545],[-85.3064,36.66284],[-85.30656,36.66187],[-85.30848,36.66215],[-85.31051,36.6626],[-85.31102,36.66256],[-85.31183,36.66137],[-85.31251,36.66074],[-85.31309,36.66048],[-85.31411,36.66039],[-85.3144,36.6603],[-85.31464,36.66009],[-85.31486,36.65884],[-85.31526,36.65881],[-85.31566,36.65856],[-85.31524,36.6585],[-85.31654,36.65796],[-85.31958,36.66134],[-85.32036,36.66124],[-85.31771,36.65716],[-85.32044,36.65298],[-85.32178,36.65379],[-85.32141,36.65508],[-85.32166,36.65573],[-85.32338,36.65459],[-85.32278,36.65427],[-85.32245,36.65377],[-85.32117,36.65248],[-85.32062,36.65226],[-85.32018,36.65268],[-85.31969,36.65295],[-85.31964,36.65334],[-85.31922,36.65357],[-85.31894,36.65391],[-85.31833,36.6549],[-85.31739,36.65582],[-85.31727,36.65672],[-85.31747,36.65752],[-85.31795,36.65799],[-85.31792,36.65836],[-85.31736,36.65783],[-85.31663,36.65752],[-85.31566,36.65693],[-85.31512,36.65687],[-85.31528,36.65675],[-85.31574,36.6561],[-85.31601,36.65558],[-85.31625,36.65488],[-85.31622,36.65469],[-85.31556,36.6542],[-85.31562,36.65407],[-85.31625,36.65433],[-85.31656,36.65434],[-85.31683,36.65427],[-85.31703,36.65408],[-85.31716,36.65378],[-85.31723,36.65314],[-85.31756,36.65293],[-85.31789,36.65235],[-85.31792,36.65177],[-85.318,36.65168],[-85.31841,36.65165],[-85.31862,36.65152],[-85.31864,36.6511],[-85.31836,36.65009],[-85.31722,36.64869],[-85.31674,36.64835],[-85.31601,36.64811],[-85.31518,36.64763],[-85.3147,36.64766],[-85.31405,36.64788],[-85.31352,36.64785],[-85.31249,36.64797],[-85.31232,36.64796],[-85.31217,36.64784],[-85.31152,36.64845],[-85.31085,36.64871],[-85.31047,36.64913],[-85.30963,36.64948],[-85.30922,36.6501],[-85.30855,36.65066],[-85.30824,36.65106],[-85.30741,36.65176],[-85.30669,36.6525],[-85.30643,36.6527],[-85.30615,36.65255],[-85.30625,36.65243],[-85.30629,36.65209],[-85.30639,36.65201],[-85.30642,36.65184],[-85.30661,36.65151],[-85.30693,36.65124],[-85.30707,36.65101],[-85.30712,36.65078],[-85.30758,36.65035],[-85.30787,36.64964],[-85.30833,36.6493],[-85.30863,36.64893],[-85.30858,36.64874],[-85.30845,36.64863],[-85.30779,36.64848],[-85.30784,36.64842],[-85.30835,36.64851],[-85.3092,36.64839],[-85.30947,36.64829],[-85.30971,36.64808],[-85.30986,36.64782],[-85.31046,36.6474],[-85.31091,36.64699],[-85.31094,36.64681],[-85.3108,36.64651],[-85.31131,36.64673],[-85.31157,36.64674],[-85.31247,36.64614],[-85.31278,36.64568],[-85.31313,36.64554],[-85.31345,36.64554],[-85.3137,36.64526],[-85.31372,36.64456],[-85.31385,36.64407],[-85.314,36.64386],[-85.31466,36.64372],[-85.31511,36.64335],[-85.31528,36.64287],[-85.31583,36.64195],[-85.31599,36.64102],[-85.31579,36.64013],[-85.31558,36.63986],[-85.31521,36.63957],[-85.31402,36.63924],[-85.31356,36.63935],[-85.31268,36.64022],[-85.31248,36.64057],[-85.31223,36.64073],[-85.31176,36.64119],[-85.31122,36.6415],[-85.31102,36.64153],[-85.31112,36.64126],[-85.31164,36.64082],[-85.31187,36.6404],[-85.31219,36.63919],[-85.31201,36.63871],[-85.3106,36.63829],[-85.31048,36.63799],[-85.31057,36.63786],[-85.31066,36.63799],[-85.31092,36.63804],[-85.3117,36.63805],[-85.31245,36.63819],[-85.31407,36.63808],[-85.31444,36.63793],[-85.31459,36.6378],[-85.3147,36.63744],[-85.31477,36.63738],[-85.31495,36.63736],[-85.31534,36.63749],[-85.31556,36.63746],[-85.31577,36.63688],[-85.3159,36.63684],[-85.31609,36.63641],[-85.31598,36.63625],[-85.31605,36.63613],[-85.31615,36.63613],[-85.31623,36.6357],[-85.31632,36.63559],[-85.31644,36.63561],[-85.31651,36.6354],[-85.31648,36.63477],[-85.31627,36.63449],[-85.31584,36.63425],[-85.31532,36.63406],[-85.31419,36.63384],[-85.31409,36.63375],[-85.31356,36.6338],[-85.31307,36.63373],[-85.31282,36.63361],[-85.3115,36.63357],[-85.31147,36.6335],[-85.31156,36.6334],[-85.31245,36.63322],[-85.31283,36.63286],[-85.31326,36.63302],[-85.31398,36.63316],[-85.31563,36.63295],[-85.31586,36.63284],[-85.31595,36.63266],[-85.31612,36.63256],[-85.31612,36.63238],[-85.31692,36.63167],[-85.31711,36.63109],[-85.31739,36.6309],[-85.3174,36.63073],[-85.31748,36.63065],[-85.31755,36.63027],[-85.3175,36.62999],[-85.31673,36.62945],[-85.316,36.62931],[-85.31547,36.62913],[-85.315,36.62918],[-85.31459,36.62901],[-85.31405,36.62897],[-85.31381,36.6289],[-85.31363,36.62863],[-85.31367,36.62858],[-85.31389,36.6287],[-85.31415,36.62873],[-85.31495,36.62862],[-85.31624,36.62864],[-85.31666,36.62843],[-85.31685,36.62847],[-85.31697,36.62837],[-85.31706,36.62805],[-85.31699,36.62781],[-85.31705,36.62758],[-85.31683,36.62717],[-85.31676,36.62669],[-85.31686,36.62648],[-85.3173,36.62613],[-85.31738,36.62596],[-85.31735,36.62561],[-85.31696,36.62503],[-85.31702,36.62484],[-85.31697,36.62453],[-85.30037,36.62448],[-85.29909,36.62485]]]}},{"type":"Feature","properties":{"NAME":"Waveland State Historic Site","TYPE":"State historic site","COUNTY":"Fayette","URL":"https://parks.ky.gov/lexington/parks/historic/waveland-state-historic-site"},"geometry":{"type":"Polygon","coordinates":[[[-84.53935,37.97254],[-84.53958,37.97207],[-84.54,37.97151],[-84.53567,37.9704],[-84.53528,37.97175],[-84.53935,37.97254]]]}},{"type":"Feature","properties":{"NAME":"My Old Kentucky Home State Park","TYPE":"Recreational state park","COUNTY":"Nelson","URL":"https://parks.ky.gov/bardstown/parks/historic/my-old-kentucky-home-state-park"},"geometry":{"type":"MultiPolygon","coordinates":[[[[-85.45131,37.79633],[-85.45119,37.79643],[-85.45075,37.79718],[-85.45577,37.79931],[-85.45808,37.79629],[-85.45555,37.79214],[-85.45534,37.79238],[-85.45498,37.79237],[-85.45392,37.79305],[-85.45365,37.79342],[-85.45302,37.794],[-85.45299,37.79415],[-85.45325,37.79441],[-85.45312,37.79469],[-85.4526,37.79485],[-85.45227,37.79527],[-85.45199,37.79527],[-85.45172,37.7954],[-85.45159,37.79564],[-85.45167,37.79599],[-85.45162,37.79623],[-85.45152,37.79633],[-85.45131,37.79633]]],[[[-85.45684,37.80806],[-85.45795,37.80813],[-85.46012,37.80806],[-85.4602,37.80793],[-85.4607,37.80755],[-85.46081,37.8073],[-85.46136,37.80676],[-85.46146,37.80511],[-85.46186,37.8049],[-85.46226,37.80451],[-85.46227,37.80409],[-85.46203,37.80374],[-85.462,37.80321],[-85.46183,37.80288],[-85.46209,37.8024],[-85.4628,37.80166],[-85.46356,37.80063],[-85.46376,37.79991],[-85.4645,37.79926],[-85.4646,37.7988],[-85.46377,37.79789],[-85.46216,37.79645],[-85.46106,37.79473],[-85.45932,37.79547],[-85.45894,37.79571],[-85.45844,37.79616],[-85.45759,37.7972],[-85.45358,37.80259],[-85.45323,37.80327],[-85.45253,37.80638],[-85.45254,37.80659],[-85.45333,37.80707],[-85.45372,37.80723],[-85.45684,37.80806]]]]}},{"type":"Feature","properties":{"NAME":"Lincoln Homestead State Park","TYPE":"Recreational state park","COUNTY":"Washington","URL":"https://parks.ky.gov/springfield/parks/historic/lincoln-homestead-state-park"},"geometry":{"type":"MultiPolygon","coordinates":[[[[-85.21382,37.76102],[-85.21228,37.76253],[-85.21411,37.76372],[-85.21433,37.76328],[-85.21456,37.76258],[-85.2149,37.76215],[-85.21516,37.76188],[-85.216,37.7614],[-85.21698,37.7607],[-85.21972,37.76244],[-85.22094,37.7612],[-85.22108,37.7613],[-85.22155,37.76027],[-85.22422,37.76081],[-85.22557,37.75767],[-85.22308,37.75686],[-85.22379,37.75494],[-85.22202,37.7551],[-85.22202,37.75543],[-85.22104,37.75554],[-85.22002,37.75661],[-85.21957,37.75769],[-85.21797,37.7578],[-85.21772,37.75731],[-85.21868,37.75522],[-85.21879,37.75458],[-85.21862,37.75384],[-85.21828,37.75383],[-85.21815,37.75367],[-85.21841,37.7534],[-85.21776,37.75208],[-85.21737,37.75145],[-85.21635,37.75037],[-85.21523,37.74955],[-85.21142,37.75124],[-85.21174,37.75191],[-85.21196,37.75266],[-85.21247,37.7539],[-85.2136,37.75518],[-85.21465,37.75619],[-85.21475,37.75647],[-85.21456,37.75995],[-85.21428,37.76051],[-85.21382,37.76102]]],[[[-85.20937,37.74829],[-85.20964,37.74888],[-85.21016,37.74871],[-85.21012,37.74816],[-85.21019,37.74797],[-85.20937,37.74829]]],[[[-85.2119,37.75421],[-85.21347,37.75578],[-85.21375,37.75559],[-85.21223,37.75405],[-85.2119,37.75421]]]]}},{"type":"Feature","properties":{"NAME":"Pine Mountain State Resort Park","TYPE":"Resort state park","COUNTY":"Bell","URL":"https://parks.ky.gov/pineville/parks/resort/pine-mountain-state-resort-park"},"geometry":{"type":"MultiPolygon","coordinates":[[[[-83.70287,36.75462],[-83.7035,36.75558],[-83.72344,36.75218],[-83.72048,36.75005],[-83.72548,36.75098],[-83.7263,36.75106],[-83.72657,36.75101],[-83.72673,36.75086],[-83.72692,36.75081],[-83.72724,36.7504],[-83.72766,36.75013],[-83.72774,36.75],[-83.72826,36.74976],[-83.72944,36.74961],[-83.73183,36.74984],[-83.73272,36.74972],[-83.73325,36.74948],[-83.73412,36.74894],[-83.73484,36.74896],[-83.73632,36.74842],[-83.7374,36.74836],[-83.73803,36.74815],[-83.73849,36.74806],[-83.73913,36.74804],[-83.74049,36.7477],[-83.74085,36.74767],[-83.74181,36.74726],[-83.74228,36.74689],[-83.74388,36.74467],[-83.74515,36.74502],[-83.74851,36.74385],[-83.74636,36.7434],[-83.74505,36.74406],[-83.74541,36.74346],[-83.7459,36.74302],[-83.7459,36.74255],[-83.74636,36.74216],[-83.74729,36.74187],[-83.74796,36.74144],[-83.74891,36.74118],[-83.74969,36.74112],[-83.75032,36.74096],[-83.75112,36.74049],[-83.75191,36.74035],[-83.75251,36.73963],[-83.7533,36.73935],[-83.75384,36.739],[-83.75384,36.73886],[-83.75296,36.73749],[-83.74653,36.73712],[-83.74571,36.73139],[-83.74154,36.73215],[-83.7389,36.73231],[-83.73875,36.7325],[-83.73852,36.73263],[-83.73816,36.73263],[-83.73799,36.73253],[-83.73671,36.73251],[-83.73716,36.73298],[-83.73785,36.73299],[-83.73806,36.73369],[-83.73748,36.73391],[-83.7371,36.73325],[-83.73289,36.73351],[-83.73225,36.73645],[-83.73303,36.74136],[-83.73165,36.74184],[-83.72836,36.74278],[-83.72738,36.74164],[-83.72689,36.74159],[-83.72771,36.74283],[-83.72267,36.74347],[-83.72125,36.74359],[-83.71728,36.74437],[-83.7143,36.74042],[-83.7125,36.74086],[-83.70969,36.74101],[-83.70961,36.74117],[-83.70941,36.74127],[-83.70933,36.7412],[-83.70933,36.74107],[-83.70943,36.74084],[-83.70946,36.74056],[-83.70935,36.74033],[-83.70886,36.74022],[-83.70799,36.74037],[-83.70812,36.74007],[-83.70812,36.73988],[-83.70785,36.73942],[-83.70925,36.73889],[-83.71007,36.73848],[-83.71046,36.73798],[-83.71148,36.73747],[-83.71221,36.73741],[-83.71225,36.73609],[-83.70541,36.73597],[-83.70542,36.7361],[-83.70496,36.73604],[-83.70493,36.73701],[-83.70438,36.73696],[-83.70356,36.73675],[-83.70228,36.7366],[-83.70196,36.73639],[-83.70192,36.7362],[-83.70121,36.73497],[-83.70064,36.73567],[-83.70021,36.73599],[-83.69855,36.73681],[-83.69665,36.73732],[-83.69639,36.73755],[-83.69634,36.73826],[-83.69618,36.73871],[-83.69456,36.74094],[-83.69403,36.74202],[-83.69364,36.74327],[-83.69339,36.7444],[-83.69341,36.74479],[-83.69401,36.7447],[-83.69816,36.75038],[-83.70017,36.74872],[-83.70287,36.75462]]],[[[-83.70236,36.73582],[-83.70392,36.73506],[-83.70567,36.73433],[-83.70388,36.73354],[-83.70368,36.73376],[-83.70298,36.73346],[-83.70244,36.73402],[-83.70188,36.73377],[-83.70121,36.73472],[-83.70142,36.73513],[-83.70173,36.73501],[-83.70179,36.73512],[-83.70188,36.73508],[-83.70193,36.73517],[-83.70202,36.73514],[-83.70236,36.73582]]],[[[-83.68933,36.74398],[-83.68956,36.74457],[-83.6905,36.74483],[-83.69121,36.74522],[-83.69147,36.74488],[-83.6918,36.74484],[-83.69165,36.74423],[-83.69206,36.74411],[-83.6927,36.74432],[-83.69309,36.74409],[-83.6936,36.74235],[-83.69388,36.74165],[-83.69292,36.7419],[-83.69244,36.74122],[-83.69006,36.74055],[-83.6881,36.74044],[-83.68804,36.74068],[-83.68859,36.74129],[-83.68827,36.74184],[-83.68824,36.74295],[-83.68862,36.74376],[-83.68933,36.74398]]],[[[-83.69445,36.7569],[-83.69532,36.75724],[-83.6957,36.7571],[-83.69595,36.75529],[-83.7001,36.7562],[-83.7002,36.75395],[-83.69546,36.75264],[-83.6946,36.75335],[-83.6957,36.75382],[-83.69633,36.75402],[-83.696,36.75459],[-83.69445,36.75456],[-83.69447,36.75523],[-83.69441,36.75583],[-83.69382,36.75581],[-83.69406,36.75677],[-83.69425,36.75668],[-83.69445,36.7569]]]]}},{"type":"Feature","properties":{"NAME":"Blue Licks Battlefield State Resort Park","TYPE":"Resort state park","COUNTY":"Robertson/Nicholas/Fleming","URL":"https://parks.ky.gov/carlisle/parks/historic/blue-licks-battlefield-state-resort-park"},"geometry":{"type":"MultiPolygon","coordinates":[[[[-83.94643,38.44821],[-83.94699,38.44914],[-83.94798,38.44963],[-83.94845,38.45003],[-83.95204,38.44877],[-83.95165,38.44711],[-83.95563,38.44635],[-83.95534,38.44792],[-83.95531,38.44877],[-83.95779,38.44723],[-83.95877,38.44655],[-83.96027,38.44621],[-83.96245,38.44422],[-83.96719,38.44743],[-83.96807,38.44729],[-83.96912,38.44683],[-83.96968,38.44676],[-83.97002,38.44641],[-83.97411,38.43934],[-83.97052,38.43704],[-83.96882,38.43844],[-83.96612,38.4362],[-83.96353,38.43718],[-83.96313,38.43762],[-83.96233,38.43877],[-83.96188,38.43969],[-83.96174,38.4398],[-83.96106,38.43999],[-83.95846,38.43946],[-83.95732,38.43946],[-83.95651,38.43958],[-83.956,38.4395],[-83.95569,38.43963],[-83.95527,38.44],[-83.95252,38.44087],[-83.95066,38.44101],[-83.94923,38.44128],[-83.94849,38.44154],[-83.94722,38.44227],[-83.94553,38.44368],[-83.94483,38.44399],[-83.94419,38.4441],[-83.94361,38.44491],[-83.94341,38.44566],[-83.94416,38.44616],[-83.94643,38.44821]]],[[[-83.98859,38.43519],[-83.98899,38.43522],[-83.98975,38.43502],[-83.99043,38.43504],[-83.99099,38.43489],[-83.991,38.43467],[-83.99084,38.43431],[-83.99061,38.43397],[-83.99018,38.43361],[-83.9902,38.43268],[-83.99066,38.43226],[-83.99098,38.43185],[-83.99108,38.43108],[-83.99185,38.42913],[-83.99276,38.42654],[-83.99233,38.42644],[-83.99248,38.42619],[-83.99271,38.42623],[-83.99278,38.42591],[-83.99382,38.42344],[-83.99402,38.42241],[-83.99455,38.42177],[-83.99375,38.42121],[-83.99408,38.42093],[-83.99399,38.42089],[-83.9955,38.41932],[-83.99423,38.41863],[-83.99314,38.41824],[-83.99256,38.41813],[-83.99098,38.41828],[-83.99006,38.41866],[-83.98921,38.41919],[-83.98887,38.41949],[-83.98861,38.41989],[-83.98861,38.42036],[-83.98871,38.421],[-83.9911,38.42413],[-83.99164,38.42523],[-83.99167,38.42566],[-83.99164,38.42628],[-83.99063,38.4297],[-83.98951,38.43216],[-83.98954,38.43233],[-83.98923,38.43269],[-83.9885,38.43321],[-83.98798,38.43346],[-83.98724,38.43367],[-83.98748,38.43479],[-83.98739,38.43502],[-83.98772,38.43519],[-83.98859,38.43519]]],[[[-83.99455,38.43534],[-83.99726,38.44124],[-83.99733,38.44134],[-83.99797,38.44122],[-83.99834,38.44096],[-83.99789,38.44036],[-83.99753,38.43946],[-83.99713,38.43655],[-83.99709,38.43459],[-83.99692,38.4328],[-83.997,38.43014],[-83.99717,38.42939],[-83.99773,38.42759],[-83.99692,38.42743],[-83.99705,38.427],[-83.99708,38.4266],[-83.997,38.42634],[-83.99706,38.42563],[-83.99695,38.42519],[-83.99624,38.42528],[-83.99554,38.42498],[-83.99499,38.42508],[-83.99508,38.42468],[-83.99546,38.42457],[-83.9952,38.42401],[-83.99578,38.42367],[-83.9951,38.42304],[-83.99433,38.42372],[-83.99401,38.42449],[-83.99451,38.42469],[-83.9948,38.42472],[-83.99489,38.42481],[-83.99414,38.42521],[-83.99355,38.42563],[-83.99272,38.42784],[-83.99246,38.42817],[-83.99287,38.42821],[-83.9928,38.42884],[-83.99225,38.42878],[-83.9919,38.4299],[-83.99172,38.43014],[-83.99138,38.43159],[-83.99136,38.43212],[-83.99147,38.43376],[-83.99145,38.43481],[-83.99361,38.43321],[-83.99455,38.43534]]],[[[-83.99695,38.44763],[-83.99703,38.44768],[-83.99726,38.44761],[-83.99809,38.44768],[-84.00068,38.44769],[-84.00756,38.44427],[-84.00906,38.44228],[-84.01069,38.44109],[-84.01207,38.43989],[-84.01216,38.43995],[-84.01276,38.44127],[-84.01432,38.44356],[-84.01557,38.44514],[-84.01683,38.44597],[-84.01879,38.44662],[-84.01883,38.44642],[-84.01868,38.44618],[-84.01802,38.44598],[-84.0172,38.4456],[-84.01661,38.44516],[-84.01633,38.44486],[-84.01624,38.44487],[-84.01514,38.44333],[-84.01418,38.4417],[-84.01422,38.44159],[-84.01388,38.44106],[-84.01331,38.43974],[-84.01306,38.43888],[-84.01277,38.43853],[-84.01049,38.43447],[-84.0101,38.43346],[-84.00961,38.43271],[-84.00884,38.43222],[-84.00623,38.43122],[-84.00575,38.43118],[-84.0044,38.43153],[-84.00382,38.43185],[-84.00323,38.43259],[-84.00295,38.43342],[-84.00297,38.43435],[-84.00332,38.43576],[-84.0035,38.43617],[-84.0035,38.43635],[-84.00365,38.43652],[-84.0041,38.43815],[-84.0042,38.43922],[-84.00408,38.44006],[-84.0034,38.44117],[-84.00302,38.44153],[-84.00249,38.44181],[-84.00192,38.44202],[-84.00102,38.44207],[-83.99997,38.44194],[-83.99885,38.442],[-83.99926,38.44321],[-83.99975,38.4442],[-83.99814,38.44542],[-83.99728,38.44573],[-83.99647,38.44551],[-83.99619,38.44553],[-83.99579,38.44533],[-83.99527,38.44564],[-83.99512,38.44615],[-83.99456,38.44572],[-83.99394,38.44538],[-83.99324,38.44509],[-83.99244,38.44463],[-83.99161,38.44425],[-83.99155,38.44453],[-83.99237,38.44469],[-83.99317,38.44518],[-83.99389,38.44547],[-83.99448,38.44581],[-83.99497,38.44618],[-83.9958,38.44713],[-83.99612,38.44719],[-83.99695,38.44763]]]]}},{"type":"Feature","properties":{"NAME":"Taylorsville Lake State Park","TYPE":"Recreational state park","COUNTY":"Spencer/Anderson","URL":"https://parks.ky.gov/mount-eden/parks/recreation/taylorsville-lake-state-park"},"geometry":{"type":"MultiPolygon","coordinates":[[[[-85.25676,38.04258],[-85.25746,38.04283],[-85.25855,38.04295],[-85.25901,38.04287],[-85.25957,38.04267],[-85.26023,38.04258],[-85.26044,38.04265],[-85.26299,38.04242],[-85.26385,38.04205],[-85.2651,38.04097],[-85.26552,38.04039],[-85.2646,38.04091],[-85.26336,38.04181],[-85.26275,38.04205],[-85.26249,38.04205],[-85.26192,38.04173],[-85.26152,38.0412],[-85.26167,38.04095],[-85.26168,38.04078],[-85.26204,38.04042],[-85.26276,38.04007],[-85.26337,38.03967],[-85.26367,38.03929],[-85.2637,38.03911],[-85.264,38.03857],[-85.26433,38.03826],[-85.26441,38.03805],[-85.26473,38.03784],[-85.26493,38.03756],[-85.26516,38.03748],[-85.26559,38.03701],[-85.26598,38.03692],[-85.26609,38.03675],[-85.26635,38.03663],[-85.26645,38.03646],[-85.26694,38.03604],[-85.26785,38.03556],[-85.26834,38.0352],[-85.26863,38.03511],[-85.26874,38.03491],[-85.26909,38.03464],[-85.2695,38.03416],[-85.26953,38.03403],[-85.26912,38.0339],[-85.26904,38.03383],[-85.26907,38.03377],[-85.26917,38.03368],[-85.26956,38.03362],[-85.26976,38.03344],[-85.27019,38.03331],[-85.27098,38.03277],[-85.27097,38.03237],[-85.27128,38.03207],[-85.27136,38.03183],[-85.27222,38.03083],[-85.27254,38.03029],[-85.27301,38.02923],[-85.27301,38.02897],[-85.27317,38.02844],[-85.27301,38.02813],[-85.27312,38.02809],[-85.27305,38.02759],[-85.2728,38.02702],[-85.27226,38.02658],[-85.27119,38.02607],[-85.27054,38.02606],[-85.27045,38.02611],[-85.27043,38.02625],[-85.2701,38.02603],[-85.26939,38.02598],[-85.26966,38.02578],[-85.27044,38.02578],[-85.27103,38.02568],[-85.27175,38.02582],[-85.27275,38.02623],[-85.27296,38.02617],[-85.27308,38.02598],[-85.27331,38.02584],[-85.27349,38.02491],[-85.27319,38.02465],[-85.27109,38.0244],[-85.27114,38.02434],[-85.27237,38.02432],[-85.27256,38.02428],[-85.27274,38.02415],[-85.27356,38.02411],[-85.27482,38.02326],[-85.27569,38.02252],[-85.27773,38.02188],[-85.28024,38.02207],[-85.28266,38.02258],[-85.28301,38.02258],[-85.28309,38.02243],[-85.28256,38.02187],[-85.28292,38.02196],[-85.2834,38.02223],[-85.28372,38.02225],[-85.28397,38.02213],[-85.28405,38.02204],[-85.28408,38.0218],[-85.28445,38.02159],[-85.28457,38.02134],[-85.28486,38.02099],[-85.28489,38.02061],[-85.28466,38.02002],[-85.28452,38.01989],[-85.28401,38.01973],[-85.28333,38.01938],[-85.28298,38.01929],[-85.28272,38.0191],[-85.28243,38.01899],[-85.28177,38.0189],[-85.28159,38.01894],[-85.28156,38.01885],[-85.28127,38.01878],[-85.27906,38.01844],[-85.27784,38.01846],[-85.27722,38.01862],[-85.27699,38.01855],[-85.27672,38.01861],[-85.27659,38.01855],[-85.27622,38.01856],[-85.27587,38.01866],[-85.27537,38.01855],[-85.27466,38.01858],[-85.27455,38.01864],[-85.27389,38.01857],[-85.27362,38.01861],[-85.2733,38.01875],[-85.27303,38.0191],[-85.27292,38.0191],[-85.27253,38.01893],[-85.27288,38.01862],[-85.27294,38.01839],[-85.27284,38.01807],[-85.27263,38.01788],[-85.272,38.01773],[-85.27087,38.01761],[-85.26999,38.01761],[-85.26962,38.01773],[-85.26922,38.0188],[-85.26906,38.019],[-85.26904,38.01852],[-85.26883,38.01837],[-85.2689,38.01802],[-85.26867,38.01768],[-85.26838,38.01751],[-85.26774,38.01745],[-85.26742,38.01749],[-85.26721,38.01772],[-85.26651,38.01821],[-85.26629,38.01831],[-85.26619,38.01829],[-85.26684,38.01761],[-85.2668,38.01721],[-85.26714,38.01717],[-85.26738,38.01695],[-85.26739,38.01678],[-85.2665,38.01605],[-85.26498,38.01559],[-85.26398,38.01545],[-85.26384,38.01557],[-85.26381,38.01582],[-85.26396,38.01597],[-85.26401,38.01627],[-85.26341,38.01597],[-85.26323,38.01556],[-85.26268,38.01531],[-85.26239,38.01528],[-85.26215,38.01544],[-85.26176,38.01521],[-85.26152,38.0152],[-85.26098,38.01568],[-85.26032,38.01646],[-85.26015,38.01755],[-85.26016,38.01891],[-85.26002,38.02082],[-85.25988,38.02144],[-85.25947,38.02294],[-85.259,38.02353],[-85.25852,38.02392],[-85.25756,38.02406],[-85.257,38.02395],[-85.25668,38.02368],[-85.25615,38.02337],[-85.25534,38.02259],[-85.2548,38.02258],[-85.25488,38.02196],[-85.25441,38.02163],[-85.25353,38.02127],[-85.25315,38.02103],[-85.25269,38.02095],[-85.25235,38.02093],[-85.25216,38.02099],[-85.25181,38.02133],[-85.25118,38.02111],[-85.25046,38.02106],[-85.2495,38.02151],[-85.24865,38.02151],[-85.24834,38.02157],[-85.24719,38.0224],[-85.2465,38.02254],[-85.24587,38.02287],[-85.24557,38.02293],[-85.24461,38.02284],[-85.2437,38.02263],[-85.24325,38.02263],[-85.24279,38.02241],[-85.24196,38.0211],[-85.24139,38.02038],[-85.24113,38.02012],[-85.24081,38.01992],[-85.24053,38.01984],[-85.24003,38.01993],[-85.23925,38.02028],[-85.23805,38.02105],[-85.23757,38.0216],[-85.23678,38.0222],[-85.23642,38.02255],[-85.23628,38.02286],[-85.23632,38.02306],[-85.23645,38.02323],[-85.23638,38.0236],[-85.23624,38.02382],[-85.2356,38.02422],[-85.23469,38.02426],[-85.23434,38.02405],[-85.23411,38.02372],[-85.23381,38.02195],[-85.23344,38.02108],[-85.23277,38.02073],[-85.23235,38.02059],[-85.23178,38.02054],[-85.23099,38.02063],[-85.23074,38.02078],[-85.23062,38.02096],[-85.23053,38.02142],[-85.23075,38.02249],[-85.23075,38.02291],[-85.23072,38.02321],[-85.23057,38.02341],[-85.23033,38.02357],[-85.22949,38.02389],[-85.22777,38.02439],[-85.22832,38.02597],[-85.22853,38.02632],[-85.2291,38.02766],[-85.22929,38.02844],[-85.23018,38.02879],[-85.22971,38.02953],[-85.23037,38.03222],[-85.23073,38.03334],[-85.23152,38.03308],[-85.23086,38.03264],[-85.23086,38.03226],[-85.23072,38.03141],[-85.23075,38.03064],[-85.23054,38.02896],[-85.23024,38.02857],[-85.23013,38.02735],[-85.22995,38.02683],[-85.23156,38.02383],[-85.23393,38.02609],[-85.23499,38.02599],[-85.23616,38.02601],[-85.23858,38.0231],[-85.24101,38.02354],[-85.24032,38.0295],[-85.23563,38.03158],[-85.23557,38.0315],[-85.23507,38.03166],[-85.23455,38.03174],[-85.23466,38.03204],[-85.23298,38.03262],[-85.23261,38.03284],[-85.23282,38.03316],[-85.23193,38.03341],[-85.2308,38.03404],[-85.23154,38.03439],[-85.23271,38.03403],[-85.23292,38.03382],[-85.2334,38.03358],[-85.23363,38.03337],[-85.23401,38.03335],[-85.23476,38.03285],[-85.23637,38.03282],[-85.23747,38.03288],[-85.23788,38.03271],[-85.23833,38.03277],[-85.23924,38.03312],[-85.2395,38.0331],[-85.24075,38.03353],[-85.24118,38.03337],[-85.2416,38.03339],[-85.24204,38.03358],[-85.24252,38.03366],[-85.24274,38.03378],[-85.24293,38.03407],[-85.24322,38.03426],[-85.24364,38.0344],[-85.24423,38.03472],[-85.24483,38.03538],[-85.24523,38.0357],[-85.24549,38.03576],[-85.24568,38.03572],[-85.24647,38.03619],[-85.2467,38.03621],[-85.24699,38.03609],[-85.24752,38.03609],[-85.248,38.03575],[-85.24831,38.03567],[-85.24866,38.03572],[-85.24906,38.03559],[-85.2498,38.03556],[-85.2507,38.03587],[-85.25129,38.03634],[-85.25199,38.03672],[-85.25199,38.03698],[-85.2517,38.03728],[-85.25168,38.03739],[-85.2518,38.03763],[-85.25237,38.03816],[-85.25359,38.03883],[-85.25407,38.03903],[-85.25474,38.03917],[-85.25497,38.03928],[-85.25516,38.03967],[-85.25525,38.04081],[-85.25555,38.04157],[-85.25598,38.04207],[-85.25676,38.04258]]],[[[-85.1587,37.97585],[-85.15879,37.97658],[-85.16028,37.97539],[-85.15999,37.97488],[-85.16001,37.97467],[-85.15988,37.97452],[-85.15894,37.97401],[-85.15809,37.97377],[-85.15809,37.9737],[-85.15796,37.9736],[-85.15773,37.9737],[-85.15729,37.97405],[-85.15742,37.97419],[-85.15682,37.97561],[-85.15663,37.97572],[-85.15688,37.9758],[-85.15783,37.97518],[-85.1587,37.97585]]],[[[-85.18839,37.97661],[-85.18852,37.97674],[-85.18892,37.9769],[-85.18923,37.97713],[-85.18972,37.97726],[-85.19015,37.97728],[-85.19031,37.9772],[-85.19034,37.97681],[-85.19123,37.9767],[-85.19185,37.97621],[-85.19221,37.97612],[-85.19262,37.97612],[-85.19298,37.9763],[-85.19358,37.9761],[-85.1956,37.97566],[-85.19579,37.97519],[-85.19557,37.97466],[-85.19525,37.97425],[-85.19495,37.97405],[-85.19412,37.97448],[-85.19289,37.97483],[-85.19059,37.97435],[-85.18827,37.97296],[-85.18752,37.97413],[-85.18724,37.97432],[-85.1873,37.97447],[-85.1882,37.975],[-85.18874,37.97513],[-85.18912,37.97533],[-85.18923,37.97573],[-85.1896,37.9759],[-85.18963,37.97609],[-85.18963,37.97623],[-85.1895,37.97639],[-85.18885,37.97653],[-85.18863,37.97636],[-85.18858,37.97583],[-85.18789,37.97581],[-85.18809,37.97629],[-85.18839,37.97661]]],[[[-85.29727,38.0266],[-85.29761,38.02748],[-85.2992,38.03001],[-85.30017,38.03193],[-85.30046,38.03227],[-85.30132,38.03274],[-85.30144,38.03272],[-85.30146,38.03241],[-85.30228,38.02967],[-85.30288,38.02722],[-85.30297,38.02665],[-85.30292,38.02578],[-85.30259,38.02468],[-85.30216,38.02396],[-85.30111,38.02263],[-85.29917,38.02037],[-85.29869,38.0197],[-85.29773,38.01806],[-85.29745,38.01695],[-85.29732,38.01582],[-85.29739,38.0133],[-85.29754,38.01142],[-85.29222,38.0114],[-85.29207,38.01144],[-85.29189,38.0116],[-85.29192,38.0121],[-85.29198,38.01223],[-85.29244,38.01276],[-85.29265,38.01286],[-85.29258,38.01323],[-85.29304,38.01419],[-85.29323,38.01444],[-85.29356,38.01445],[-85.29343,38.01464],[-85.29347,38.01486],[-85.29402,38.01562],[-85.29435,38.01583],[-85.29407,38.01592],[-85.29381,38.0164],[-85.2937,38.01717],[-85.29359,38.01726],[-85.2935,38.0172],[-85.29343,38.01692],[-85.29351,38.01597],[-85.2934,38.01558],[-85.29312,38.01527],[-85.29287,38.01516],[-85.29249,38.01516],[-85.29224,38.01534],[-85.2921,38.01534],[-85.29211,38.01524],[-85.29254,38.01497],[-85.29228,38.01454],[-85.29206,38.01451],[-85.29218,38.01436],[-85.29207,38.01403],[-85.29184,38.01366],[-85.2917,38.01357],[-85.29159,38.01358],[-85.29135,38.01373],[-85.29124,38.01372],[-85.29146,38.01337],[-85.29143,38.0131],[-85.2908,38.01251],[-85.29062,38.01216],[-85.29059,38.01187],[-85.29043,38.01172],[-85.29009,38.01167],[-85.28974,38.01171],[-85.28865,38.01197],[-85.28775,38.01206],[-85.28715,38.01229],[-85.2867,38.01236],[-85.28646,38.01244],[-85.2862,38.01265],[-85.28605,38.01296],[-85.28599,38.01298],[-85.28592,38.01281],[-85.28547,38.01278],[-85.28508,38.01313],[-85.28487,38.01314],[-85.28445,38.01345],[-85.28401,38.01362],[-85.28386,38.01356],[-85.28376,38.01365],[-85.28376,38.01392],[-85.28343,38.01418],[-85.28318,38.01451],[-85.28306,38.01494],[-85.28312,38.01531],[-85.28277,38.01569],[-85.28276,38.0159],[-85.2829,38.01603],[-85.2833,38.01622],[-85.28383,38.01629],[-85.28464,38.01619],[-85.28548,38.01597],[-85.2865,38.01594],[-85.28758,38.0161],[-85.28829,38.01633],[-85.28906,38.01668],[-85.28977,38.01714],[-85.29034,38.01766],[-85.29083,38.01826],[-85.29102,38.01866],[-85.29116,38.01876],[-85.29118,38.01905],[-85.29175,38.01942],[-85.29184,38.01961],[-85.29207,38.01976],[-85.29245,38.02042],[-85.2919,38.02043],[-85.29154,38.02037],[-85.29116,38.02014],[-85.29105,38.02],[-85.29067,38.02014],[-85.29025,38.02056],[-85.28993,38.02095],[-85.28888,38.02255],[-85.28881,38.02269],[-85.28884,38.02302],[-85.28798,38.02389],[-85.28837,38.02491],[-85.28909,38.02433],[-85.29185,38.02087],[-85.29242,38.0215],[-85.29283,38.02214],[-85.29336,38.02269],[-85.29366,38.02344],[-85.2938,38.02412],[-85.29377,38.02557],[-85.29446,38.0254],[-85.29727,38.0266]]]]}},{"type":"Feature","properties":{"NAME":"Natural Bridge State Resort Park","TYPE":"Resort state park","COUNTY":"Powell/Wolfe","URL":"https://parks.ky.gov/slade/parks/resort/natural-bridge-state-resort-park"},"geometry":{"type":"Polygon","coordinates":[[[-83.67827,37.767],[-83.67879,37.76727],[-83.67927,37.76711],[-83.6802,37.7667],[-83.68103,37.76614],[-83.68156,37.76601],[-83.68253,37.76535],[-83.68293,37.76527],[-83.68783,37.76306],[-83.6856,37.76157],[-83.68077,37.75937],[-83.68123,37.75906],[-83.67883,37.75758],[-83.67799,37.75813],[-83.67752,37.75824],[-83.67736,37.7584],[-83.67858,37.75891],[-83.67875,37.75915],[-83.6786,37.75928],[-83.67843,37.7593],[-83.67785,37.75926],[-83.67751,37.75916],[-83.6769,37.75936],[-83.67643,37.75983],[-83.67634,37.76017],[-83.67683,37.76075],[-83.67575,37.76231],[-83.67523,37.76241],[-83.67474,37.76204],[-83.67462,37.76171],[-83.67469,37.76151],[-83.67457,37.76139],[-83.67467,37.76128],[-83.67463,37.76118],[-83.67448,37.76116],[-83.67448,37.76091],[-83.67387,37.76086],[-83.67416,37.76067],[-83.67422,37.76049],[-83.67422,37.76006],[-83.67453,37.75989],[-83.67445,37.75949],[-83.6746,37.75934],[-83.674,37.75915],[-83.67374,37.7589],[-83.67444,37.75822],[-83.67528,37.7576],[-83.67529,37.75713],[-83.67485,37.75685],[-83.67373,37.75696],[-83.67343,37.75706],[-83.67304,37.75706],[-83.67248,37.75735],[-83.67179,37.75794],[-83.67058,37.75858],[-83.67034,37.75859],[-83.67051,37.75907],[-83.67096,37.75956],[-83.67122,37.75972],[-83.67148,37.76023],[-83.67123,37.76051],[-83.67065,37.76097],[-83.67043,37.76142],[-83.67037,37.762],[-83.67024,37.76237],[-83.67028,37.76278],[-83.67068,37.76306],[-83.67131,37.76374],[-83.6716,37.76369],[-83.67173,37.76408],[-83.6721,37.76419],[-83.67263,37.76421],[-83.67404,37.76479],[-83.67277,37.76647],[-83.67123,37.76632],[-83.67092,37.76645],[-83.66972,37.76644],[-83.66945,37.76608],[-83.66913,37.76591],[-83.66802,37.76579],[-83.66742,37.76549],[-83.66733,37.76528],[-83.6667,37.76562],[-83.66656,37.76616],[-83.66576,37.76652],[-83.66557,37.76696],[-83.66517,37.76723],[-83.66526,37.76696],[-83.66522,37.76666],[-83.66538,37.76628],[-83.66536,37.76597],[-83.66572,37.76579],[-83.66579,37.76498],[-83.66554,37.7648],[-83.66493,37.76472],[-83.66433,37.76438],[-83.66405,37.76471],[-83.66363,37.76496],[-83.66325,37.76451],[-83.66329,37.76418],[-83.66359,37.76389],[-83.66312,37.76308],[-83.66233,37.76289],[-83.66105,37.7629],[-83.66068,37.76263],[-83.66048,37.76229],[-83.66013,37.76191],[-83.66003,37.76153],[-83.65985,37.7612],[-83.65813,37.76266],[-83.65626,37.76482],[-83.65692,37.7649],[-83.65851,37.76484],[-83.65884,37.76509],[-83.65904,37.7656],[-83.65938,37.76576],[-83.66073,37.76571],[-83.66192,37.76614],[-83.6624,37.76641],[-83.66263,37.76676],[-83.66255,37.76719],[-83.6621,37.76817],[-83.66119,37.76844],[-83.66092,37.76898],[-83.66059,37.76998],[-83.66054,37.77158],[-83.6604,37.77223],[-83.66041,37.77393],[-83.65991,37.77453],[-83.65948,37.77487],[-83.65796,37.77542],[-83.65807,37.77573],[-83.6585,37.776],[-83.65906,37.77616],[-83.66026,37.77564],[-83.66055,37.77531],[-83.66064,37.77473],[-83.66108,37.77454],[-83.66145,37.77374],[-83.6615,37.77342],[-83.66143,37.77295],[-83.66184,37.77323],[-83.6623,37.77328],[-83.66277,37.7725],[-83.66326,37.77217],[-83.66331,37.7722],[-83.66339,37.77265],[-83.66383,37.77287],[-83.66425,37.77299],[-83.66326,37.77327],[-83.66283,37.77356],[-83.66266,37.77441],[-83.66238,37.77483],[-83.66257,37.77506],[-83.66379,37.77529],[-83.66342,37.77575],[-83.66338,37.77623],[-83.66244,37.77715],[-83.66219,37.7777],[-83.66244,37.77803],[-83.66209,37.77828],[-83.66208,37.77846],[-83.66236,37.77844],[-83.66283,37.77856],[-83.66378,37.7782],[-83.66441,37.77813],[-83.66591,37.77719],[-83.66623,37.77705],[-83.66683,37.77627],[-83.66686,37.77581],[-83.66658,37.7754],[-83.66656,37.77508],[-83.66669,37.77485],[-83.66689,37.77482],[-83.66714,37.77489],[-83.66716,37.77506],[-83.66752,37.77527],[-83.66808,37.77516],[-83.66849,37.77489],[-83.66862,37.77456],[-83.6698,37.77368],[-83.66997,37.77322],[-83.66964,37.77298],[-83.66861,37.77248],[-83.6689,37.77232],[-83.66943,37.77216],[-83.66953,37.77191],[-83.66925,37.77127],[-83.66969,37.77104],[-83.66954,37.77124],[-83.66978,37.77197],[-83.6696,37.77246],[-83.6702,37.77335],[-83.66949,37.77436],[-83.66944,37.77478],[-83.66986,37.77576],[-83.67016,37.77592],[-83.67149,37.77628],[-83.67244,37.77614],[-83.67266,37.77594],[-83.67275,37.77556],[-83.67291,37.77526],[-83.67319,37.77556],[-83.67295,37.77589],[-83.67289,37.77639],[-83.67201,37.7764],[-83.67157,37.7768],[-83.67049,37.77619],[-83.6697,37.77601],[-83.66909,37.77615],[-83.66869,37.77647],[-83.66916,37.77751],[-83.66884,37.77798],[-83.66852,37.77823],[-83.66738,37.77828],[-83.66675,37.7785],[-83.66641,37.77895],[-83.66667,37.77942],[-83.66713,37.77996],[-83.66823,37.77983],[-83.6689,37.77996],[-83.66883,37.78059],[-83.6693,37.78068],[-83.67065,37.78016],[-83.6695,37.78176],[-83.67153,37.78472],[-83.67254,37.78559],[-83.67207,37.78604],[-83.67193,37.78647],[-83.67166,37.78689],[-83.67205,37.78705],[-83.67302,37.78764],[-83.67361,37.78785],[-83.67405,37.7881],[-83.67453,37.78777],[-83.67506,37.78695],[-83.67509,37.78647],[-83.67596,37.78456],[-83.67688,37.78292],[-83.67781,37.78235],[-83.67817,37.78245],[-83.67934,37.7822],[-83.68037,37.78164],[-83.6811,37.78116],[-83.68191,37.78092],[-83.68275,37.78253],[-83.68337,37.78305],[-83.68387,37.78329],[-83.68463,37.78337],[-83.68589,37.78332],[-83.68665,37.78336],[-83.68798,37.78323],[-83.68914,37.78291],[-83.68999,37.78242],[-83.69079,37.78241],[-83.69185,37.78294],[-83.69198,37.78337],[-83.69183,37.78339],[-83.69191,37.78374],[-83.69175,37.78436],[-83.69179,37.78521],[-83.69219,37.78517],[-83.69267,37.78638],[-83.69221,37.78652],[-83.69241,37.78685],[-83.69295,37.78741],[-83.69488,37.78837],[-83.69432,37.78802],[-83.6947,37.78791],[-83.69473,37.78785],[-83.69645,37.78777],[-83.6966,37.78708],[-83.69704,37.787],[-83.69714,37.78718],[-83.69745,37.78708],[-83.69763,37.78697],[-83.69852,37.78603],[-83.69873,37.78596],[-83.69881,37.78573],[-83.69883,37.78531],[-83.69897,37.7851],[-83.69939,37.78391],[-83.70012,37.78424],[-83.70041,37.78428],[-83.70087,37.78466],[-83.70141,37.78472],[-83.70179,37.78468],[-83.70197,37.78448],[-83.70311,37.78399],[-83.7036,37.78412],[-83.70453,37.78363],[-83.70525,37.78357],[-83.70572,37.78373],[-83.70593,37.78374],[-83.70629,37.78349],[-83.70692,37.78353],[-83.70753,37.78366],[-83.70786,37.78389],[-83.70816,37.78381],[-83.70843,37.78386],[-83.70945,37.7831],[-83.70945,37.78273],[-83.70976,37.78244],[-83.71031,37.78216],[-83.71168,37.78167],[-83.7118,37.78154],[-83.71177,37.78138],[-83.71185,37.78113],[-83.71115,37.78055],[-83.71009,37.78015],[-83.70941,37.78007],[-83.70894,37.77989],[-83.70862,37.77939],[-83.70882,37.77901],[-83.71005,37.77823],[-83.71092,37.77752],[-83.71098,37.77727],[-83.71091,37.777],[-83.71036,37.77655],[-83.71004,37.77604],[-83.71027,37.77592],[-83.71101,37.77654],[-83.7133,37.77553],[-83.71363,37.77524],[-83.71412,37.77505],[-83.71457,37.77492],[-83.71465,37.77496],[-83.71529,37.77488],[-83.71594,37.77464],[-83.71657,37.77471],[-83.71754,37.77411],[-83.71788,37.77381],[-83.71704,37.77366],[-83.71651,37.77371],[-83.71591,37.77389],[-83.71539,37.77306],[-83.71501,37.77279],[-83.71472,37.77238],[-83.71409,37.77221],[-83.7136,37.77189],[-83.71298,37.77191],[-83.71187,37.77228],[-83.7116,37.77243],[-83.71121,37.77232],[-83.71065,37.77251],[-83.71,37.77257],[-83.70884,37.77247],[-83.70824,37.77232],[-83.70777,37.77262],[-83.70739,37.7742],[-83.70695,37.77424],[-83.70574,37.77405],[-83.70548,37.77324],[-83.7053,37.77311],[-83.70489,37.77298],[-83.70428,37.7729],[-83.70478,37.77233],[-83.70483,37.77212],[-83.70506,37.77171],[-83.70555,37.77146],[-83.70591,37.77111],[-83.70618,37.77007],[-83.70658,37.76967],[-83.70758,37.7692],[-83.70784,37.76826],[-83.70781,37.76807],[-83.70756,37.76809],[-83.70637,37.76779],[-83.70656,37.76715],[-83.70622,37.76659],[-83.70564,37.76607],[-83.70639,37.76549],[-83.70624,37.765],[-83.70606,37.76449],[-83.70517,37.76366],[-83.70486,37.76322],[-83.7033,37.76342],[-83.70269,37.76256],[-83.70272,37.76243],[-83.70242,37.76195],[-83.70162,37.76183],[-83.70106,37.76188],[-83.70048,37.76138],[-83.70026,37.76107],[-83.70095,37.76072],[-83.70155,37.76058],[-83.70204,37.7601],[-83.70157,37.75971],[-83.70142,37.75932],[-83.70106,37.7588],[-83.70102,37.75847],[-83.70114,37.75817],[-83.70152,37.75794],[-83.70127,37.75702],[-83.70134,37.75671],[-83.70179,37.75624],[-83.70213,37.75603],[-83.70079,37.75481],[-83.70161,37.75396],[-83.70094,37.75343],[-83.70087,37.75319],[-83.70079,37.75205],[-83.70099,37.75169],[-83.70096,37.75113],[-83.70101,37.7506],[-83.70062,37.75035],[-83.70036,37.7503],[-83.69982,37.75039],[-83.69948,37.7503],[-83.69897,37.75034],[-83.69887,37.75072],[-83.69865,37.75094],[-83.69697,37.75052],[-83.69659,37.74862],[-83.69624,37.74834],[-83.6944,37.74788],[-83.69328,37.74792],[-83.69517,37.76146],[-83.69434,37.76203],[-83.69423,37.76251],[-83.69424,37.76292],[-83.69414,37.76353],[-83.69384,37.76365],[-83.69288,37.76345],[-83.69242,37.76344],[-83.69202,37.76397],[-83.6913,37.76403],[-83.6909,37.76377],[-83.69038,37.76356],[-83.68979,37.76372],[-83.6889,37.76432],[-83.6886,37.76469],[-83.6887,37.76539],[-83.68864,37.76556],[-83.68814,37.76603],[-83.68757,37.76618],[-83.68732,37.76663],[-83.68749,37.7671],[-83.68742,37.7674],[-83.68719,37.76764],[-83.68693,37.76809],[-83.68707,37.76852],[-83.68637,37.76867],[-83.68593,37.76892],[-83.68577,37.76939],[-83.68572,37.77055],[-83.68543,37.77122],[-83.68443,37.77172],[-83.68386,37.77133],[-83.68351,37.77123],[-83.6832,37.77129],[-83.68292,37.77144],[-83.68273,37.77165],[-83.68192,37.77188],[-83.68161,37.77191],[-83.68002,37.77179],[-83.68006,37.77215],[-83.67951,37.77238],[-83.67947,37.77288],[-83.67873,37.77273],[-83.67833,37.77235],[-83.67829,37.77192],[-83.67756,37.77043],[-83.67861,37.77038],[-83.6793,37.76982],[-83.67977,37.76954],[-83.68033,37.76863],[-83.68014,37.76848],[-83.67939,37.76871],[-83.67883,37.7688],[-83.67825,37.76845],[-83.6776,37.76765],[-83.67673,37.76732],[-83.67676,37.76698],[-83.67686,37.76683],[-83.67736,37.76667],[-83.67767,37.76634],[-83.67654,37.76606],[-83.67695,37.76532],[-83.67832,37.76541],[-83.67767,37.76634],[-83.67827,37.767]]]}},{"type":"Feature","properties":{"NAME":"Kincaid Lake State Park","TYPE":"Recreational state park","COUNTY":"Pendleton","URL":"https://parks.ky.gov/falmouth/parks/recreation/kincaid-lake-state-park"},"geometry":{"type":"MultiPolygon","coordinates":[[[[-84.27996,38.72396],[-84.28009,38.72398],[-84.28039,38.72425],[-84.28054,38.72428],[-84.28076,38.72473],[-84.28096,38.72533],[-84.28115,38.72633],[-84.28127,38.72662],[-84.28127,38.72693],[-84.28143,38.72731],[-84.28163,38.72755],[-84.28225,38.72773],[-84.28311,38.72749],[-84.28431,38.7264],[-84.28451,38.72613],[-84.28554,38.72515],[-84.28582,38.72483],[-84.28585,38.7246],[-84.28654,38.72428],[-84.28774,38.72404],[-84.28877,38.72401],[-84.28918,38.72387],[-84.29077,38.72369],[-84.29085,38.72357],[-84.29187,38.72314],[-84.29416,38.72378],[-84.29456,38.72357],[-84.29491,38.72325],[-84.29518,38.72287],[-84.29514,38.72275],[-84.29596,38.72069],[-84.29598,38.72007],[-84.29618,38.71907],[-84.29647,38.71876],[-84.29708,38.7185],[-84.29757,38.71847],[-84.29801,38.71863],[-84.29869,38.71907],[-84.29989,38.72052],[-84.30054,38.71895],[-84.3007,38.7187],[-84.30084,38.71732],[-84.30084,38.71631],[-84.30039,38.71537],[-84.29815,38.71578],[-84.29627,38.71602],[-84.29499,38.71548],[-84.29357,38.71505],[-84.29098,38.71776],[-84.2899,38.71611],[-84.28825,38.71616],[-84.28699,38.71629],[-84.28262,38.71497],[-84.28312,38.71427],[-84.2833,38.71387],[-84.28007,38.71436],[-84.27748,38.71466],[-84.27753,38.71542],[-84.27741,38.71582],[-84.27719,38.71625],[-84.27666,38.71696],[-84.27539,38.71817],[-84.27526,38.71865],[-84.27481,38.7192],[-84.27465,38.71963],[-84.2747,38.71991],[-84.2745,38.72008],[-84.27396,38.72101],[-84.27384,38.72133],[-84.27388,38.72201],[-84.27427,38.72237],[-84.27453,38.72248],[-84.2749,38.72242],[-84.275,38.72251],[-84.27488,38.72261],[-84.27488,38.72284],[-84.27521,38.72306],[-84.27569,38.72311],[-84.27579,38.72332],[-84.27604,38.72347],[-84.27641,38.72356],[-84.27663,38.72351],[-84.27685,38.72337],[-84.27702,38.72339],[-84.27728,38.72382],[-84.27747,38.72389],[-84.27774,38.7238],[-84.27799,38.72338],[-84.27844,38.72376],[-84.27878,38.72377],[-84.27914,38.72357],[-84.27931,38.72359],[-84.27996,38.72396]]],[[[-84.30064,38.71962],[-84.30052,38.71988],[-84.30083,38.71997],[-84.30092,38.71973],[-84.30088,38.7194],[-84.30076,38.71937],[-84.30064,38.71962]]]]}},{"type":"Feature","properties":{"NAME":"General Burnside Island State Park","TYPE":"Recreational state park","COUNTY":"Pulaski","URL":"https://parks.ky.gov/burnside/parks/recreation/general-burnside-island-state-park"},"geometry":{"type":"Polygon","coordinates":[[[-84.59823,36.97913],[-84.59876,36.97982],[-84.59969,36.98085],[-84.60109,36.98202],[-84.602,36.9825],[-84.60429,36.98402],[-84.60498,36.98437],[-84.60515,36.98442],[-84.60524,36.98437],[-84.60539,36.98406],[-84.60542,36.9838],[-84.60534,36.98285],[-84.60557,36.98088],[-84.60593,36.98017],[-84.60605,36.97971],[-84.60644,36.97926],[-84.60654,36.9789],[-84.60672,36.97871],[-84.6069,36.97831],[-84.60708,36.97815],[-84.60737,36.97765],[-84.60775,36.97737],[-84.60818,36.97667],[-84.60866,36.97541],[-84.60859,36.97482],[-84.60871,36.97457],[-84.60874,36.97433],[-84.6087,36.9739],[-84.60852,36.97339],[-84.60792,36.97257],[-84.60682,36.97147],[-84.60489,36.96985],[-84.60371,36.96865],[-84.60279,36.96849],[-84.60213,36.96858],[-84.60186,36.9685],[-84.60108,36.96846],[-84.59938,36.96865],[-84.59926,36.96873],[-84.59892,36.96865],[-84.59868,36.96879],[-84.5983,36.9689],[-84.59724,36.97005],[-84.59722,36.97038],[-84.59676,36.97158],[-84.59679,36.97208],[-84.59664,36.97243],[-84.5965,36.97311],[-84.59659,36.9736],[-84.59653,36.97394],[-84.59662,36.97443],[-84.59663,36.9752],[-84.59677,36.97589],[-84.59715,36.97688],[-84.59714,36.97713],[-84.59736,36.97769],[-84.59777,36.97837],[-84.59781,36.9786],[-84.59528,36.9795],[-84.59481,36.97961],[-84.59557,36.98121],[-84.59563,36.98124],[-84.59582,36.98121],[-84.59582,36.98089],[-84.59605,36.98084],[-84.59593,36.98023],[-84.59817,36.97904],[-84.59823,36.97913]]]}},{"type":"Feature","properties":{"NAME":"Mineral Mound State Park","TYPE":"Recreational state park","COUNTY":"Lyon","URL":"https://parks.ky.gov/eddyville/parks/recreation/mineral-mound-state-park"},"geometry":{"type":"MultiPolygon","coordinates":[[[[-88.08837,37.0699],[-88.08873,37.07004],[-88.09005,37.07094],[-88.08982,37.07065],[-88.08959,37.06929],[-88.0896,37.06897],[-88.0893,37.06875],[-88.08887,37.06878],[-88.08921,37.06858],[-88.08955,37.06854],[-88.08971,37.06845],[-88.08975,37.06831],[-88.08982,37.0684],[-88.08999,37.06842],[-88.09057,37.0683],[-88.09091,37.0681],[-88.09173,37.06777],[-88.09208,37.0674],[-88.09216,37.0669],[-88.09191,37.06657],[-88.09133,37.06705],[-88.09081,37.0666],[-88.09018,37.06626],[-88.0909,37.06593],[-88.09106,37.06547],[-88.09088,37.06517],[-88.09028,37.06512],[-88.08799,37.06525],[-88.08751,37.06535],[-88.08709,37.06512],[-88.0868,37.06517],[-88.08656,37.06536],[-88.08633,37.06531],[-88.08491,37.06558],[-88.08524,37.06533],[-88.08537,37.06512],[-88.0858,37.06473],[-88.08592,37.06453],[-88.08587,37.0642],[-88.08655,37.06403],[-88.08686,37.06379],[-88.08716,37.064],[-88.08803,37.0639],[-88.08849,37.06405],[-88.08955,37.0638],[-88.0902,37.06355],[-88.09025,37.06337],[-88.08981,37.06285],[-88.09044,37.06256],[-88.09042,37.06234],[-88.09059,37.06248],[-88.09082,37.06221],[-88.09072,37.06159],[-88.09096,37.06149],[-88.09146,37.06184],[-88.09173,37.0619],[-88.09268,37.0618],[-88.09253,37.06211],[-88.09199,37.06248],[-88.09207,37.06304],[-88.09256,37.06296],[-88.09317,37.06271],[-88.09366,37.06236],[-88.09413,37.06236],[-88.09407,37.06275],[-88.09357,37.06393],[-88.09363,37.06415],[-88.09397,37.06409],[-88.09536,37.06409],[-88.09562,37.06388],[-88.09571,37.06373],[-88.09592,37.06365],[-88.096,37.06381],[-88.09632,37.06401],[-88.09672,37.06406],[-88.09711,37.06395],[-88.09753,37.0637],[-88.09783,37.06341],[-88.09761,37.06313],[-88.09793,37.06311],[-88.09807,37.06296],[-88.09794,37.06265],[-88.09802,37.06241],[-88.09824,37.06242],[-88.09902,37.062],[-88.09912,37.06173],[-88.0994,37.06151],[-88.09954,37.06104],[-88.09956,37.06074],[-88.09951,37.06046],[-88.09938,37.06026],[-88.09876,37.06011],[-88.09833,37.06011],[-88.09727,37.06028],[-88.09684,37.06046],[-88.09601,37.06019],[-88.09596,37.05975],[-88.09567,37.05929],[-88.09533,37.05904],[-88.09358,37.05847],[-88.09331,37.05701],[-88.09373,37.0565],[-88.09416,37.05579],[-88.09266,37.05563],[-88.09239,37.05571],[-88.09215,37.05558],[-88.09167,37.05554],[-88.09129,37.05558],[-88.09121,37.05581],[-88.09093,37.05584],[-88.09091,37.05623],[-88.09167,37.05709],[-88.09151,37.05847],[-88.09005,37.05941],[-88.08944,37.06063],[-88.08932,37.06065],[-88.08902,37.06092],[-88.08869,37.06111],[-88.08851,37.06115],[-88.08789,37.06109],[-88.08752,37.06076],[-88.08759,37.06057],[-88.08754,37.06027],[-88.08728,37.05983],[-88.08696,37.05999],[-88.08619,37.06058],[-88.08546,37.06087],[-88.08471,37.06135],[-88.08459,37.06158],[-88.08451,37.06199],[-88.08426,37.06246],[-88.08307,37.06395],[-88.08227,37.06451],[-88.08063,37.06591],[-88.0804,37.06617],[-88.07893,37.06709],[-88.08258,37.06943],[-88.08311,37.06963],[-88.08495,37.07013],[-88.08591,37.0701],[-88.08766,37.06985],[-88.08837,37.0699]]],[[[-88.06697,37.07563],[-88.07058,37.07712],[-88.07072,37.07692],[-88.06941,37.07642],[-88.07018,37.07553],[-88.07131,37.07605],[-88.07151,37.0759],[-88.07032,37.07531],[-88.07145,37.07465],[-88.07267,37.07514],[-88.07396,37.07477],[-88.0758,37.07323],[-88.07614,37.07304],[-88.07676,37.07306],[-88.07669,37.07175],[-88.07637,37.07129],[-88.07774,37.07108],[-88.07752,37.07066],[-88.07745,37.07012],[-88.07745,37.06952],[-88.07754,37.06937],[-88.07697,37.06943],[-88.07581,37.0691],[-88.07526,37.06881],[-88.07425,37.06845],[-88.07255,37.06798],[-88.07165,37.0679],[-88.07102,37.06792],[-88.07135,37.06809],[-88.06853,37.06997],[-88.06722,37.06947],[-88.06619,37.06838],[-88.06376,37.06988],[-88.06489,37.07101],[-88.06401,37.07155],[-88.06095,37.07473],[-88.06192,37.07534],[-88.06272,37.07411],[-88.06564,37.07517],[-88.06573,37.07524],[-88.06543,37.07555],[-88.06605,37.0758],[-88.06643,37.0754],[-88.06697,37.07563]]],[[[-88.07728,37.06221],[-88.07702,37.06259],[-88.07695,37.06281],[-88.07696,37.06327],[-88.07639,37.06327],[-88.07622,37.06348],[-88.07596,37.06413],[-88.07822,37.06506],[-88.08026,37.066],[-88.08102,37.06543],[-88.08167,37.06482],[-88.083,37.06381],[-88.08351,37.0633],[-88.08369,37.063],[-88.08258,37.06204],[-88.08154,37.06101],[-88.0811,37.0607],[-88.08051,37.06107],[-88.08047,37.06126],[-88.08026,37.06154],[-88.08011,37.06199],[-88.07998,37.06216],[-88.08015,37.06221],[-88.08001,37.06246],[-88.07966,37.0621],[-88.07883,37.06169],[-88.07832,37.06178],[-88.07762,37.06202],[-88.07728,37.06221]]],[[[-88.08295,37.07018],[-88.08492,37.07095],[-88.08623,37.07031],[-88.08496,37.07028],[-88.08424,37.07014],[-88.08261,37.06964],[-88.0817,37.06915],[-88.08246,37.07],[-88.08295,37.07018]]]]}},{"type":"Feature","properties":{"NAME":"Old Mulkey Meetinghouse State Historic Site","TYPE":"State historic site","COUNTY":"Monroe","URL":"https://parks.ky.gov/tompkinsville/parks/historic/old-mulkey-meetinghouse-state-historic-site"},"geometry":{"type":"Polygon","coordinates":[[[-85.71122,36.67824],[-85.71229,36.67838],[-85.71246,36.67767],[-85.71271,36.67746],[-85.7125,36.67723],[-85.70904,36.67489],[-85.70876,36.67443],[-85.70565,36.67535],[-85.70543,36.67468],[-85.70257,36.6747],[-85.70231,36.67521],[-85.70233,36.67553],[-85.70333,36.67634],[-85.70366,36.67678],[-85.70387,36.67737],[-85.70429,36.67907],[-85.70609,36.67857],[-85.71122,36.67824]]]}},{"type":"Feature","properties":{"NAME":"Columbus-Belmont State Park","TYPE":"Recreational state park","COUNTY":"Hickman","URL":"https://parks.ky.gov/columbus/parks/historic/columbus-belmont-state-park"},"geometry":{"type":"Polygon","coordinates":[[[-89.106,36.76113],[-89.10621,36.76152],[-89.10609,36.76172],[-89.10757,36.76237],[-89.10592,36.76457],[-89.10908,36.76599],[-89.10794,36.7677],[-89.10947,36.7684],[-89.10721,36.77146],[-89.11381,36.77432],[-89.11349,36.77337],[-89.11313,36.77193],[-89.11287,36.77012],[-89.11285,36.765],[-89.11324,36.76377],[-89.11257,36.76347],[-89.11224,36.7629],[-89.11183,36.76245],[-89.11048,36.76184],[-89.11116,36.76083],[-89.10781,36.75925],[-89.10749,36.7597],[-89.10597,36.75901],[-89.10581,36.75928],[-89.10607,36.75959],[-89.10613,36.75975],[-89.10592,36.76056],[-89.106,36.76113]]]}},{"type":"Feature","properties":{"NAME":"Jenny Wiley State Resort Park","TYPE":"Resort state park","COUNTY":"Floyd","URL":"https://parks.ky.gov/prestonsburg/parks/resort/jenny-wiley-state-resort-park"},"geometry":{"type":"MultiPolygon","coordinates":[[[[-82.74118,37.72691],[-82.74358,37.72706],[-82.74395,37.72722],[-82.74439,37.72708],[-82.74328,37.72555],[-82.74344,37.72475],[-82.74339,37.72426],[-82.74408,37.72377],[-82.744,37.72284],[-82.74315,37.72136],[-82.74278,37.72132],[-82.74251,37.72105],[-82.74259,37.72089],[-82.7424,37.72059],[-82.74233,37.72025],[-82.74217,37.72012],[-82.74206,37.71975],[-82.74204,37.71908],[-82.74241,37.71902],[-82.74265,37.7186],[-82.74378,37.71866],[-82.74417,37.71823],[-82.74406,37.71802],[-82.74479,37.71779],[-82.74566,37.71771],[-82.74681,37.71746],[-82.74732,37.71768],[-82.74846,37.7186],[-82.75094,37.71839],[-82.75185,37.71803],[-82.75226,37.71796],[-82.75269,37.71776],[-82.75301,37.71771],[-82.7533,37.71729],[-82.75332,37.71706],[-82.75311,37.71678],[-82.75347,37.71478],[-82.75356,37.71396],[-82.75253,37.71253],[-82.7522,37.71227],[-82.75218,37.71178],[-82.75238,37.71125],[-82.75234,37.71077],[-82.75198,37.71024],[-82.75132,37.71028],[-82.75121,37.71051],[-82.75074,37.71053],[-82.74891,37.71091],[-82.74895,37.7105],[-82.75001,37.70906],[-82.74971,37.70885],[-82.74859,37.7084],[-82.74806,37.70825],[-82.7476,37.70779],[-82.74747,37.70738],[-82.74758,37.7069],[-82.74699,37.70698],[-82.74638,37.70687],[-82.74646,37.70637],[-82.74638,37.70625],[-82.74587,37.70597],[-82.74573,37.70478],[-82.74543,37.70446],[-82.74454,37.70308],[-82.74384,37.70299],[-82.74392,37.70284],[-82.74348,37.70226],[-82.74348,37.70186],[-82.74332,37.70158],[-82.74371,37.70125],[-82.74396,37.70071],[-82.74431,37.70058],[-82.74469,37.6998],[-82.74475,37.6993],[-82.74459,37.69902],[-82.74446,37.69859],[-82.74423,37.69826],[-82.74418,37.69758],[-82.74327,37.69692],[-82.74263,37.6969],[-82.74142,37.69707],[-82.74107,37.69743],[-82.74108,37.69779],[-82.74071,37.69811],[-82.74042,37.6985],[-82.74043,37.69887],[-82.74029,37.69895],[-82.73997,37.69934],[-82.73974,37.69949],[-82.73926,37.69956],[-82.73829,37.70009],[-82.73797,37.70004],[-82.73739,37.70015],[-82.73698,37.69974],[-82.73661,37.69957],[-82.73643,37.69938],[-82.7363,37.69894],[-82.7359,37.69875],[-82.7356,37.69833],[-82.73543,37.69772],[-82.73519,37.69743],[-82.73556,37.69727],[-82.73564,37.69681],[-82.73558,37.69659],[-82.73536,37.69644],[-82.73511,37.69605],[-82.73473,37.69563],[-82.73454,37.69528],[-82.73479,37.69525],[-82.7347,37.69484],[-82.7352,37.69458],[-82.7354,37.69432],[-82.73547,37.69401],[-82.73629,37.6939],[-82.73726,37.69309],[-82.73756,37.69266],[-82.73779,37.69168],[-82.73737,37.69125],[-82.73664,37.69086],[-82.73646,37.69089],[-82.73582,37.69012],[-82.73543,37.68976],[-82.73497,37.68947],[-82.73482,37.68908],[-82.7344,37.68867],[-82.73409,37.68818],[-82.73392,37.6877],[-82.73387,37.68723],[-82.73271,37.6872],[-82.73158,37.68669],[-82.73115,37.68701],[-82.73055,37.68713],[-82.73002,37.68736],[-82.72935,37.68746],[-82.72902,37.6876],[-82.72792,37.68742],[-82.72723,37.6875],[-82.72687,37.68781],[-82.72579,37.68743],[-82.72591,37.68729],[-82.72605,37.68728],[-82.72607,37.68689],[-82.72622,37.6864],[-82.72615,37.68635],[-82.72582,37.68659],[-82.72551,37.68711],[-82.72541,37.68753],[-82.72526,37.68784],[-82.72595,37.69037],[-82.72622,37.69084],[-82.72627,37.69155],[-82.72657,37.69215],[-82.7265,37.69238],[-82.72633,37.69227],[-82.72438,37.69209],[-82.7243,37.69186],[-82.72398,37.69166],[-82.72264,37.69105],[-82.72195,37.69024],[-82.7207,37.6896],[-82.72107,37.68958],[-82.71843,37.68878],[-82.71779,37.68868],[-82.71772,37.68902],[-82.71759,37.68864],[-82.71647,37.68683],[-82.71633,37.68551],[-82.71606,37.68516],[-82.7155,37.68539],[-82.71425,37.68608],[-82.71368,37.68626],[-82.71176,37.68666],[-82.71103,37.68697],[-82.7106,37.68697],[-82.7098,37.68713],[-82.70866,37.68722],[-82.70834,37.68751],[-82.70808,37.68761],[-82.70739,37.68758],[-82.70661,37.6878],[-82.70581,37.68817],[-82.70564,37.68856],[-82.70499,37.68881],[-82.7044,37.68921],[-82.70432,37.69078],[-82.70473,37.69103],[-82.705,37.69142],[-82.70523,37.69202],[-82.70527,37.69235],[-82.70642,37.69318],[-82.70703,37.69348],[-82.70757,37.69367],[-82.70829,37.69381],[-82.70999,37.69384],[-82.71067,37.6938],[-82.71098,37.69354],[-82.71117,37.69351],[-82.71151,37.69392],[-82.71196,37.69403],[-82.71245,37.69402],[-82.71247,37.69375],[-82.71269,37.69337],[-82.71288,37.69344],[-82.71319,37.69392],[-82.71436,37.69399],[-82.7145,37.6938],[-82.71411,37.69307],[-82.71433,37.69301],[-82.71451,37.6932],[-82.71502,37.69331],[-82.71571,37.69406],[-82.71704,37.69445],[-82.71766,37.69489],[-82.71812,37.69512],[-82.71859,37.69557],[-82.71887,37.6957],[-82.71909,37.69595],[-82.71944,37.69615],[-82.72035,37.69714],[-82.72073,37.69721],[-82.72088,37.69737],[-82.72092,37.69756],[-82.72113,37.69773],[-82.7219,37.69794],[-82.72288,37.69788],[-82.72302,37.69814],[-82.72345,37.69828],[-82.72404,37.69834],[-82.7244,37.69848],[-82.72559,37.6986],[-82.72566,37.6985],[-82.72554,37.69743],[-82.72587,37.69629],[-82.72609,37.69595],[-82.72699,37.69365],[-82.7274,37.69361],[-82.72752,37.69352],[-82.72758,37.69361],[-82.72751,37.69392],[-82.72713,37.69504],[-82.72681,37.69576],[-82.72643,37.69707],[-82.72643,37.69784],[-82.72659,37.69812],[-82.7267,37.69829],[-82.72696,37.69844],[-82.72791,37.69845],[-82.72802,37.69869],[-82.72957,37.69921],[-82.72994,37.69941],[-82.73073,37.69996],[-82.73129,37.70049],[-82.732,37.70162],[-82.73233,37.70193],[-82.73279,37.70211],[-82.73331,37.70215],[-82.73477,37.70185],[-82.73554,37.70131],[-82.73754,37.70159],[-82.73788,37.70155],[-82.73839,37.70159],[-82.73878,37.70153],[-82.7411,37.69965],[-82.7403,37.70059],[-82.73925,37.70162],[-82.73883,37.70191],[-82.73755,37.70238],[-82.73659,37.70244],[-82.73615,37.70256],[-82.73592,37.7027],[-82.73531,37.70278],[-82.73447,37.703],[-82.73422,37.70298],[-82.7338,37.70313],[-82.73325,37.70345],[-82.7332,37.70356],[-82.73325,37.70381],[-82.73336,37.70393],[-82.73337,37.70417],[-82.73408,37.70525],[-82.73422,37.70568],[-82.73427,37.70634],[-82.73414,37.70686],[-82.73397,37.70707],[-82.73386,37.70762],[-82.73308,37.70902],[-82.7327,37.70955],[-82.73232,37.70981],[-82.73212,37.71012],[-82.73149,37.71063],[-82.72927,37.71171],[-82.7285,37.71185],[-82.72775,37.71229],[-82.72652,37.71343],[-82.7261,37.71374],[-82.72569,37.71388],[-82.72543,37.71415],[-82.72461,37.71464],[-82.72377,37.71527],[-82.72339,37.7156],[-82.72329,37.71583],[-82.72271,37.71618],[-82.72265,37.71633],[-82.72242,37.71648],[-82.72219,37.71678],[-82.72167,37.71714],[-82.72137,37.71743],[-82.72154,37.71752],[-82.722,37.7171],[-82.72211,37.71717],[-82.72218,37.71746],[-82.72233,37.7176],[-82.72343,37.71764],[-82.72535,37.71762],[-82.72829,37.71739],[-82.72891,37.71727],[-82.72912,37.71716],[-82.72931,37.71685],[-82.72952,37.7168],[-82.72985,37.71684],[-82.73056,37.71667],[-82.7309,37.71645],[-82.73096,37.71629],[-82.73227,37.71587],[-82.73248,37.71568],[-82.73236,37.71542],[-82.73253,37.71521],[-82.73288,37.71518],[-82.73315,37.71528],[-82.73343,37.71524],[-82.73387,37.71501],[-82.73404,37.71477],[-82.73437,37.7147],[-82.73456,37.71439],[-82.73483,37.71432],[-82.73505,37.714],[-82.73531,37.71385],[-82.73573,37.71369],[-82.73704,37.71344],[-82.73743,37.71345],[-82.73729,37.71364],[-82.73671,37.71399],[-82.7379,37.71422],[-82.73838,37.7142],[-82.73877,37.71429],[-82.73901,37.71439],[-82.739,37.71452],[-82.73859,37.71461],[-82.73842,37.71471],[-82.73779,37.71606],[-82.73729,37.71668],[-82.73645,37.71737],[-82.73516,37.71812],[-82.73478,37.7185],[-82.73475,37.71871],[-82.73492,37.71888],[-82.73584,37.71942],[-82.73653,37.71941],[-82.73806,37.7184],[-82.73849,37.71792],[-82.7388,37.71735],[-82.73916,37.71699],[-82.73919,37.71681],[-82.73933,37.71675],[-82.73984,37.71602],[-82.74001,37.71564],[-82.74008,37.71463],[-82.74029,37.71496],[-82.74042,37.71537],[-82.74034,37.71592],[-82.74009,37.7165],[-82.73989,37.71724],[-82.73973,37.71745],[-82.73984,37.71766],[-82.73983,37.71805],[-82.73953,37.71824],[-82.73926,37.71831],[-82.73909,37.71874],[-82.73893,37.71877],[-82.73871,37.71892],[-82.73852,37.71915],[-82.73851,37.71925],[-82.73867,37.71936],[-82.73908,37.71949],[-82.73907,37.71962],[-82.73855,37.71974],[-82.73787,37.71973],[-82.73771,37.71983],[-82.73756,37.72005],[-82.73776,37.72029],[-82.73829,37.72051],[-82.73923,37.72033],[-82.73979,37.72008],[-82.74014,37.72002],[-82.74041,37.72013],[-82.74064,37.7201],[-82.74075,37.7202],[-82.7407,37.72035],[-82.74014,37.72053],[-82.73924,37.72109],[-82.73935,37.7213],[-82.73961,37.72154],[-82.74034,37.72209],[-82.74102,37.7233],[-82.74119,37.7256],[-82.74153,37.72587],[-82.7427,37.72646],[-82.74273,37.72655],[-82.74313,37.72674],[-82.74302,37.72687],[-82.74108,37.72666],[-82.74118,37.72691]]],[[[-82.73039,37.70668],[-82.72994,37.70731],[-82.72973,37.70855],[-82.72996,37.70907],[-82.73023,37.70878],[-82.73126,37.70851],[-82.73153,37.70801],[-82.73093,37.70752],[-82.73089,37.70735],[-82.73157,37.70716],[-82.73166,37.70689],[-82.7316,37.70641],[-82.73039,37.70668]]]]}},{"type":"Feature","properties":{"NAME":"Nolin Lake State Park","TYPE":"Recreational state park","COUNTY":"Edmonson","URL":"https://parks.ky.gov/mammoth-cave/parks/recreation/nolin-lake-state-park"},"geometry":{"type":"Polygon","coordinates":[[[-86.21315,37.30566],[-86.21328,37.3051],[-86.21455,37.30542],[-86.21491,37.30511],[-86.21399,37.3042],[-86.21366,37.30347],[-86.21323,37.30174],[-86.21228,37.30148],[-86.21225,37.30126],[-86.21266,37.30074],[-86.213,37.30011],[-86.21291,37.29974],[-86.21245,37.29949],[-86.21245,37.29939],[-86.21275,37.2992],[-86.21301,37.29913],[-86.21328,37.29891],[-86.21355,37.2989],[-86.21367,37.29879],[-86.21379,37.29886],[-86.21398,37.29882],[-86.21422,37.29842],[-86.21451,37.29813],[-86.21471,37.29782],[-86.21518,37.29701],[-86.21499,37.297],[-86.21485,37.29679],[-86.21486,37.2965],[-86.21499,37.29636],[-86.21484,37.29636],[-86.21496,37.29622],[-86.21504,37.29595],[-86.2149,37.29567],[-86.21467,37.29542],[-86.2151,37.29496],[-86.21511,37.29484],[-86.21523,37.29472],[-86.21556,37.29456],[-86.21582,37.29431],[-86.21591,37.29409],[-86.21577,37.29313],[-86.21583,37.29285],[-86.21614,37.29269],[-86.21638,37.29272],[-86.21654,37.29255],[-86.21643,37.29238],[-86.21683,37.29212],[-86.21699,37.29194],[-86.2168,37.2915],[-86.2168,37.29088],[-86.21636,37.29072],[-86.21578,37.29075],[-86.21498,37.29103],[-86.21419,37.29189],[-86.21375,37.29211],[-86.21366,37.29202],[-86.21409,37.29163],[-86.21409,37.291],[-86.21396,37.29086],[-86.21436,37.29048],[-86.21446,37.29018],[-86.21592,37.28851],[-86.21571,37.28834],[-86.21516,37.28842],[-86.21494,37.28891],[-86.21459,37.28925],[-86.21417,37.2894],[-86.21363,37.28942],[-86.21343,37.28967],[-86.21424,37.29033],[-86.21399,37.29036],[-86.2137,37.29053],[-86.21299,37.29053],[-86.21352,37.29095],[-86.21326,37.29144],[-86.21293,37.2923],[-86.21274,37.29249],[-86.21098,37.29364],[-86.2116,37.29396],[-86.21301,37.29446],[-86.21309,37.29527],[-86.21239,37.29619],[-86.21197,37.29612],[-86.2111,37.29612],[-86.211,37.297],[-86.21071,37.29743],[-86.2104,37.29767],[-86.21023,37.2981],[-86.20941,37.29935],[-86.20897,37.29975],[-86.20884,37.30014],[-86.20697,37.30262],[-86.20653,37.30341],[-86.20749,37.30385],[-86.20793,37.30412],[-86.20881,37.30445],[-86.20962,37.30507],[-86.21094,37.30514],[-86.21172,37.30554],[-86.21304,37.30587],[-86.21315,37.30566]]]}},{"type":"Feature","properties":{"NAME":"Carter Caves State Resort Park","TYPE":"Resort state park","COUNTY":"Carter","URL":"https://parks.ky.gov/olive-hill/parks/resort/carter-caves-state-resort-park"},"geometry":{"type":"MultiPolygon","coordinates":[[[[-83.11569,38.38366],[-83.11641,38.38418],[-83.11672,38.38452],[-83.11652,38.38501],[-83.11677,38.38515],[-83.11683,38.38578],[-83.11702,38.38602],[-83.11709,38.38702],[-83.11725,38.38736],[-83.11761,38.38765],[-83.11825,38.38757],[-83.11884,38.3874],[-83.11902,38.38708],[-83.11852,38.38666],[-83.11876,38.3865],[-83.11833,38.38634],[-83.11826,38.38585],[-83.1186,38.38583],[-83.11861,38.38565],[-83.11895,38.38524],[-83.1185,38.38491],[-83.11854,38.3844],[-83.11877,38.38365],[-83.11836,38.38327],[-83.11816,38.3829],[-83.11821,38.38268],[-83.11873,38.38244],[-83.1188,38.38214],[-83.11872,38.38183],[-83.11827,38.38185],[-83.11795,38.3817],[-83.11774,38.38141],[-83.11764,38.38105],[-83.11773,38.38068],[-83.11813,38.38067],[-83.11809,38.38055],[-83.11783,38.3804],[-83.11769,38.38014],[-83.11709,38.37958],[-83.11678,38.37906],[-83.11675,38.37876],[-83.11692,38.37849],[-83.11744,38.37866],[-83.11836,38.37995],[-83.11868,38.38014],[-83.11988,38.38118],[-83.12006,38.38148],[-83.12052,38.3818],[-83.12097,38.38223],[-83.12123,38.3826],[-83.12179,38.38304],[-83.12246,38.38369],[-83.1234,38.38438],[-83.12413,38.38409],[-83.12555,38.38333],[-83.12599,38.38329],[-83.12694,38.38306],[-83.12883,38.38282],[-83.12931,38.38285],[-83.132,38.38391],[-83.13457,38.38482],[-83.13492,38.37832],[-83.13559,38.37848],[-83.13582,38.37863],[-83.13614,38.37897],[-83.13647,38.37914],[-83.13671,38.37917],[-83.13701,38.37914],[-83.13751,38.37895],[-83.13868,38.37869],[-83.13923,38.37865],[-83.14005,38.37894],[-83.14032,38.37925],[-83.14053,38.37965],[-83.14072,38.37982],[-83.14131,38.37994],[-83.14225,38.38032],[-83.14288,38.38015],[-83.14299,38.38003],[-83.14289,38.37914],[-83.14247,38.37923],[-83.14211,38.379],[-83.14213,38.37861],[-83.14183,38.37777],[-83.14133,38.37669],[-83.14117,38.37582],[-83.14081,38.37544],[-83.14057,38.37474],[-83.141,38.37444],[-83.14181,38.37422],[-83.14165,38.3739],[-83.14129,38.37412],[-83.14064,38.37286],[-83.13961,38.37208],[-83.1405,38.37127],[-83.14138,38.37067],[-83.14237,38.37132],[-83.14275,38.37164],[-83.14306,38.37202],[-83.14413,38.37104],[-83.14512,38.37],[-83.14558,38.36966],[-83.14776,38.37123],[-83.14893,38.37193],[-83.14873,38.37202],[-83.14972,38.37234],[-83.14965,38.37223],[-83.14982,38.37207],[-83.14989,38.37219],[-83.1503,38.37189],[-83.15057,38.37143],[-83.14894,38.37057],[-83.14951,38.36925],[-83.15073,38.36733],[-83.1512,38.36702],[-83.15123,38.36647],[-83.15145,38.36613],[-83.15124,38.36559],[-83.15077,38.36505],[-83.14994,38.36449],[-83.14936,38.36449],[-83.14856,38.36366],[-83.14678,38.36289],[-83.14591,38.36242],[-83.14355,38.3615],[-83.1434,38.36157],[-83.14312,38.36151],[-83.14122,38.36085],[-83.14057,38.36049],[-83.14045,38.36028],[-83.13965,38.35958],[-83.13935,38.35948],[-83.13916,38.3595],[-83.13873,38.36015],[-83.13863,38.3606],[-83.13825,38.36146],[-83.13821,38.36176],[-83.13805,38.36204],[-83.1378,38.3623],[-83.13722,38.36229],[-83.13678,38.362],[-83.13638,38.36184],[-83.13559,38.36193],[-83.13474,38.36214],[-83.13464,38.36184],[-83.13464,38.36142],[-83.13422,38.3616],[-83.13402,38.36117],[-83.13332,38.36029],[-83.13249,38.35809],[-83.13156,38.3584],[-83.12941,38.35878],[-83.12828,38.35888],[-83.12725,38.35873],[-83.12684,38.35894],[-83.12652,38.35924],[-83.12612,38.35936],[-83.12537,38.35972],[-83.12516,38.35991],[-83.12497,38.36042],[-83.12478,38.36058],[-83.12394,38.36061],[-83.12366,38.36068],[-83.12333,38.36087],[-83.12348,38.36092],[-83.12374,38.36126],[-83.12472,38.36171],[-83.12528,38.36166],[-83.12574,38.36187],[-83.12683,38.36205],[-83.12665,38.36222],[-83.1261,38.36245],[-83.12567,38.36244],[-83.12514,38.36274],[-83.12451,38.36273],[-83.12271,38.36347],[-83.1223,38.36357],[-83.12199,38.36378],[-83.12117,38.36402],[-83.12098,38.36434],[-83.12056,38.36453],[-83.12002,38.36414],[-83.11903,38.36393],[-83.11853,38.36351],[-83.11805,38.36347],[-83.11748,38.36332],[-83.11698,38.3635],[-83.11664,38.36399],[-83.11624,38.36415],[-83.11558,38.36467],[-83.11532,38.36526],[-83.11506,38.36548],[-83.11483,38.36554],[-83.1147,38.36538],[-83.11399,38.36525],[-83.11371,38.36503],[-83.11341,38.3649],[-83.11303,38.36452],[-83.11323,38.36382],[-83.11325,38.36339],[-83.11383,38.36266],[-83.1136,38.36208],[-83.11321,38.36158],[-83.1121,38.36088],[-83.11167,38.36083],[-83.1106,38.36098],[-83.11014,38.36117],[-83.10978,38.36154],[-83.10956,38.36197],[-83.10931,38.36222],[-83.10947,38.36282],[-83.10911,38.36321],[-83.10894,38.36373],[-83.109,38.36421],[-83.10865,38.36478],[-83.10823,38.36521],[-83.10817,38.36587],[-83.10803,38.36627],[-83.10774,38.36644],[-83.10872,38.36679],[-83.10837,38.36728],[-83.10814,38.36773],[-83.10823,38.36798],[-83.10847,38.36822],[-83.10886,38.36831],[-83.10971,38.36907],[-83.10987,38.36938],[-83.10983,38.36969],[-83.11059,38.37015],[-83.11054,38.37059],[-83.11032,38.37091],[-83.11073,38.3713],[-83.11093,38.37169],[-83.11264,38.37274],[-83.11308,38.37334],[-83.11342,38.37444],[-83.11358,38.37571],[-83.11291,38.37712],[-83.1127,38.37787],[-83.11336,38.37945],[-83.11366,38.3799],[-83.11404,38.38072],[-83.11434,38.38103],[-83.11461,38.38165],[-83.11444,38.38179],[-83.1151,38.38266],[-83.11539,38.38364],[-83.11556,38.38346],[-83.11569,38.38366]],[[-83.13728,38.36779],[-83.13711,38.36799],[-83.13671,38.36813],[-83.13763,38.36913],[-83.13724,38.36933],[-83.13642,38.36858],[-83.13613,38.36823],[-83.13575,38.36755],[-83.136,38.36744],[-83.13637,38.36704],[-83.13705,38.36754],[-83.13728,38.36779]]],[[[-83.10852,38.35812],[-83.10852,38.35835],[-83.10825,38.35877],[-83.10893,38.35835],[-83.11003,38.35812],[-83.11148,38.35837],[-83.11185,38.3583],[-83.11204,38.35801],[-83.11319,38.35784],[-83.11449,38.35787],[-83.11462,38.35744],[-83.11452,38.35582],[-83.11431,38.35533],[-83.11387,38.35523],[-83.11404,38.35467],[-83.11451,38.3538],[-83.1142,38.35326],[-83.11452,38.3526],[-83.11498,38.35213],[-83.11543,38.35196],[-83.1156,38.35168],[-83.11555,38.35155],[-83.11609,38.35145],[-83.11642,38.35115],[-83.117,38.35028],[-83.11679,38.34995],[-83.1163,38.34971],[-83.11614,38.34944],[-83.11559,38.34944],[-83.11514,38.34966],[-83.11464,38.34961],[-83.11369,38.34972],[-83.11255,38.34938],[-83.11204,38.34933],[-83.11145,38.34914],[-83.11052,38.34862],[-83.11007,38.34875],[-83.10917,38.34878],[-83.10814,38.34895],[-83.10772,38.34887],[-83.10696,38.34915],[-83.10642,38.34886],[-83.10635,38.34931],[-83.10662,38.34971],[-83.10652,38.34994],[-83.10623,38.35023],[-83.10697,38.35061],[-83.10703,38.35109],[-83.1073,38.35167],[-83.10714,38.35184],[-83.107,38.35213],[-83.10749,38.35214],[-83.10804,38.35231],[-83.10817,38.35259],[-83.10783,38.35307],[-83.10643,38.35373],[-83.10665,38.35396],[-83.10779,38.35407],[-83.10857,38.35373],[-83.10915,38.35367],[-83.10922,38.35421],[-83.10905,38.35443],[-83.10908,38.35469],[-83.10985,38.35519],[-83.11014,38.35572],[-83.11018,38.35597],[-83.10958,38.35666],[-83.11001,38.35693],[-83.1099,38.35715],[-83.10945,38.35726],[-83.10906,38.3576],[-83.10859,38.35775],[-83.10852,38.35812]]]]}},{"type":"Feature","properties":{"NAME":"Kenlake State Resort Park","TYPE":"Resort state park","COUNTY":"Marshall/Calloway","URL":"https://parks.ky.gov/hardin/parks/resort/kenlake-state-resort-park"},"geometry":{"type":"MultiPolygon","coordinates":[[[[-88.13018,36.76673],[-88.13024,36.76783],[-88.13046,36.76832],[-88.13068,36.7692],[-88.13092,36.76966],[-88.13094,36.76983],[-88.13105,36.76989],[-88.13118,36.77048],[-88.13508,36.77033],[-88.13678,36.76992],[-88.13718,36.76949],[-88.1384,36.76935],[-88.1399,36.76813],[-88.14064,36.76777],[-88.14369,36.76569],[-88.14345,36.76547],[-88.14345,36.76519],[-88.14417,36.7647],[-88.14448,36.76485],[-88.14512,36.76451],[-88.14516,36.764],[-88.14578,36.76401],[-88.14631,36.76346],[-88.14653,36.76334],[-88.14742,36.76235],[-88.14761,36.76148],[-88.14782,36.75922],[-88.14909,36.75928],[-88.14953,36.75864],[-88.15061,36.75738],[-88.15134,36.7568],[-88.15014,36.75609],[-88.14831,36.75601],[-88.14839,36.75574],[-88.14838,36.75525],[-88.14883,36.75209],[-88.14511,36.75222],[-88.14513,36.74848],[-88.14773,36.74853],[-88.14794,36.74564],[-88.14533,36.74559],[-88.14563,36.74129],[-88.14546,36.74054],[-88.14837,36.73709],[-88.14719,36.73586],[-88.14459,36.73695],[-88.1434,36.73828],[-88.14306,36.73805],[-88.14273,36.73875],[-88.1419,36.73867],[-88.13946,36.74073],[-88.13022,36.73983],[-88.13093,36.74196],[-88.12821,36.74175],[-88.12746,36.73959],[-88.12476,36.73938],[-88.1249,36.73768],[-88.12271,36.73557],[-88.11753,36.73571],[-88.11759,36.73603],[-88.11828,36.73751],[-88.11873,36.73897],[-88.11851,36.73943],[-88.11846,36.73984],[-88.11859,36.74023],[-88.11877,36.74037],[-88.11903,36.74041],[-88.11929,36.74033],[-88.11953,36.74003],[-88.12029,36.73963],[-88.12102,36.73939],[-88.12138,36.73906],[-88.12176,36.73906],[-88.12197,36.73941],[-88.12232,36.73953],[-88.12228,36.73966],[-88.12177,36.74007],[-88.12172,36.74028],[-88.12143,36.74051],[-88.12116,36.74091],[-88.12118,36.74104],[-88.12096,36.74127],[-88.12089,36.74164],[-88.12095,36.742],[-88.12124,36.74209],[-88.12168,36.7424],[-88.12189,36.74274],[-88.12219,36.74276],[-88.12233,36.74287],[-88.1225,36.74331],[-88.12252,36.74355],[-88.12243,36.74376],[-88.12226,36.74383],[-88.12159,36.74366],[-88.1211,36.74344],[-88.1201,36.74319],[-88.11993,36.74307],[-88.11974,36.74303],[-88.11951,36.74313],[-88.11945,36.74362],[-88.11974,36.74379],[-88.12134,36.74591],[-88.12179,36.74623],[-88.12187,36.7464],[-88.12172,36.7468],[-88.12175,36.74721],[-88.12188,36.7474],[-88.12198,36.74776],[-88.12214,36.74798],[-88.12239,36.74864],[-88.12274,36.74904],[-88.12276,36.74945],[-88.12327,36.75019],[-88.12361,36.75046],[-88.12381,36.75054],[-88.12403,36.75053],[-88.12398,36.7508],[-88.12351,36.75106],[-88.12351,36.7515],[-88.12365,36.75206],[-88.12365,36.75223],[-88.12357,36.75233],[-88.12361,36.75252],[-88.12382,36.75255],[-88.12443,36.75308],[-88.12476,36.75323],[-88.12517,36.75319],[-88.12597,36.75281],[-88.12648,36.75211],[-88.1266,36.75166],[-88.12676,36.75159],[-88.12697,36.7516],[-88.12723,36.75294],[-88.12756,36.75299],[-88.12796,36.75285],[-88.1284,36.75296],[-88.12845,36.75307],[-88.12839,36.75326],[-88.12773,36.75409],[-88.12764,36.75411],[-88.12715,36.75392],[-88.12639,36.75404],[-88.12513,36.75471],[-88.12515,36.75486],[-88.12573,36.75565],[-88.12626,36.75593],[-88.12712,36.75659],[-88.12742,36.75673],[-88.12847,36.7566],[-88.12956,36.75667],[-88.12985,36.75658],[-88.13028,36.75617],[-88.13065,36.75533],[-88.13079,36.75515],[-88.1309,36.75505],[-88.13122,36.75506],[-88.13185,36.75491],[-88.13252,36.75411],[-88.13265,36.75409],[-88.13283,36.75445],[-88.13277,36.7549],[-88.13303,36.75499],[-88.13366,36.75474],[-88.13458,36.75408],[-88.13468,36.75385],[-88.13468,36.75361],[-88.13448,36.75313],[-88.13453,36.75302],[-88.13413,36.75232],[-88.13415,36.75213],[-88.13424,36.75202],[-88.13453,36.75211],[-88.13532,36.75302],[-88.13544,36.75307],[-88.13561,36.753],[-88.13569,36.75279],[-88.13519,36.75222],[-88.13595,36.75227],[-88.13619,36.75223],[-88.13745,36.75077],[-88.13764,36.75029],[-88.13765,36.75004],[-88.1376,36.74996],[-88.13674,36.74941],[-88.13666,36.74922],[-88.13671,36.74905],[-88.13687,36.74903],[-88.13714,36.7492],[-88.13795,36.74936],[-88.13826,36.74916],[-88.13858,36.74832],[-88.13839,36.74803],[-88.13869,36.74796],[-88.13882,36.74786],[-88.13952,36.74683],[-88.13976,36.74606],[-88.13964,36.74574],[-88.13963,36.74546],[-88.13974,36.74515],[-88.13993,36.74494],[-88.14001,36.74448],[-88.14028,36.74441],[-88.14045,36.74426],[-88.14059,36.74371],[-88.14075,36.74343],[-88.14124,36.74314],[-88.14132,36.74294],[-88.14128,36.74279],[-88.14138,36.74259],[-88.1413,36.7425],[-88.14128,36.74232],[-88.14158,36.74198],[-88.14177,36.74207],[-88.14201,36.74194],[-88.14206,36.74144],[-88.14215,36.74121],[-88.14242,36.74074],[-88.14304,36.74001],[-88.14368,36.73997],[-88.14402,36.74007],[-88.1442,36.73993],[-88.14441,36.73994],[-88.14457,36.74013],[-88.14452,36.74079],[-88.14491,36.74128],[-88.14498,36.74151],[-88.1449,36.74207],[-88.1445,36.7427],[-88.14401,36.74399],[-88.14383,36.74431],[-88.14361,36.74447],[-88.14346,36.74483],[-88.14357,36.74518],[-88.14358,36.7456],[-88.1433,36.74642],[-88.14321,36.74706],[-88.14279,36.74834],[-88.14259,36.74918],[-88.14215,36.74984],[-88.14199,36.75042],[-88.1418,36.75079],[-88.14185,36.75097],[-88.14173,36.75118],[-88.14146,36.75137],[-88.14135,36.75156],[-88.14125,36.75211],[-88.14107,36.75222],[-88.14084,36.75249],[-88.14084,36.75322],[-88.14029,36.75433],[-88.14029,36.75447],[-88.14039,36.75462],[-88.14062,36.75476],[-88.14135,36.75503],[-88.14201,36.75523],[-88.14241,36.75521],[-88.14363,36.75552],[-88.14535,36.75603],[-88.1471,36.75664],[-88.14728,36.75677],[-88.14717,36.75711],[-88.14708,36.7572],[-88.14714,36.75737],[-88.1468,36.75758],[-88.1467,36.75771],[-88.14665,36.75793],[-88.14622,36.75817],[-88.14609,36.75846],[-88.14588,36.75863],[-88.14526,36.75864],[-88.14389,36.75813],[-88.1427,36.75811],[-88.14225,36.75801],[-88.14157,36.75799],[-88.14128,36.75782],[-88.14101,36.7578],[-88.14082,36.75785],[-88.1407,36.75796],[-88.13912,36.75792],[-88.13725,36.75837],[-88.13699,36.75856],[-88.13654,36.75915],[-88.13605,36.75936],[-88.13605,36.7595],[-88.13644,36.76],[-88.1364,36.76026],[-88.13657,36.76061],[-88.13655,36.76068],[-88.13613,36.76068],[-88.13539,36.76038],[-88.13477,36.76031],[-88.13453,36.76036],[-88.13448,36.76048],[-88.13479,36.76118],[-88.13451,36.76152],[-88.13412,36.76142],[-88.13407,36.76131],[-88.13381,36.76117],[-88.13353,36.76112],[-88.13317,36.76123],[-88.13326,36.76155],[-88.13354,36.76186],[-88.13408,36.76274],[-88.13462,36.76291],[-88.13474,36.76301],[-88.1348,36.76321],[-88.13521,36.76384],[-88.1354,36.76401],[-88.13554,36.76404],[-88.13563,36.7642],[-88.13599,36.76454],[-88.13645,36.7652],[-88.13655,36.76562],[-88.13695,36.7659],[-88.13699,36.76605],[-88.13648,36.76607],[-88.13623,36.76631],[-88.1359,36.76641],[-88.13591,36.76661],[-88.1355,36.7665],[-88.13477,36.766],[-88.13429,36.76592],[-88.13401,36.76562],[-88.13335,36.76526],[-88.13302,36.76497],[-88.1323,36.76466],[-88.13216,36.7645],[-88.13136,36.76399],[-88.13131,36.76387],[-88.13108,36.76367],[-88.13026,36.76329],[-88.13007,36.76326],[-88.12996,36.76328],[-88.13001,36.76352],[-88.13064,36.76416],[-88.13109,36.76477],[-88.13109,36.76492],[-88.13098,36.76501],[-88.13084,36.76501],[-88.13012,36.76448],[-88.12996,36.76442],[-88.12989,36.76449],[-88.12981,36.76475],[-88.12979,36.76542],[-88.12997,36.76591],[-88.1299,36.76608],[-88.13001,36.76653],[-88.13018,36.76673]]],[[[-88.13877,36.77225],[-88.14054,36.77402],[-88.1406,36.77117],[-88.14177,36.77118],[-88.14176,36.76866],[-88.14502,36.76882],[-88.14509,36.76572],[-88.14062,36.7689],[-88.13998,36.76966],[-88.13923,36.77015],[-88.13805,36.77044],[-88.13749,36.77067],[-88.13845,36.77169],[-88.13879,36.77168],[-88.13877,36.77225]]],[[[-88.14633,36.79101],[-88.14582,36.79122],[-88.14523,36.79181],[-88.14505,36.7919],[-88.14487,36.79215],[-88.14463,36.79229],[-88.14454,36.79267],[-88.14484,36.79357],[-88.14528,36.79394],[-88.14555,36.79444],[-88.14544,36.79456],[-88.14537,36.79499],[-88.14574,36.79569],[-88.14561,36.79632],[-88.14571,36.79657],[-88.14601,36.79674],[-88.14625,36.79721],[-88.1467,36.79764],[-88.14719,36.79783],[-88.14822,36.79717],[-88.14671,36.79556],[-88.14849,36.79347],[-88.15257,36.79321],[-88.15259,36.79223],[-88.1506,36.79187],[-88.14984,36.79186],[-88.14956,36.78959],[-88.15039,36.78956],[-88.15041,36.78895],[-88.15113,36.78888],[-88.15108,36.78819],[-88.14809,36.78787],[-88.14803,36.78598],[-88.14504,36.78623],[-88.14502,36.7844],[-88.14492,36.78302],[-88.14467,36.78223],[-88.14319,36.78204],[-88.1435,36.78131],[-88.14383,36.7797],[-88.14522,36.77936],[-88.14702,36.77929],[-88.14659,36.77866],[-88.14045,36.77885],[-88.14054,36.77421],[-88.13974,36.77349],[-88.13851,36.77221],[-88.13827,36.77218],[-88.1371,36.77098],[-88.13589,36.77095],[-88.1348,36.7713],[-88.13153,36.77148],[-88.13167,36.7719],[-88.13263,36.77314],[-88.13323,36.77413],[-88.13387,36.77461],[-88.13409,36.7747],[-88.13442,36.77472],[-88.13448,36.7748],[-88.13473,36.77489],[-88.13467,36.77504],[-88.13456,36.77508],[-88.13446,36.77491],[-88.13436,36.77496],[-88.13432,36.77517],[-88.13445,36.77545],[-88.13444,36.77562],[-88.13508,36.77617],[-88.13574,36.77648],[-88.13582,36.77659],[-88.1354,36.7769],[-88.1353,36.77707],[-88.1355,36.77763],[-88.13587,36.77806],[-88.13638,36.77846],[-88.13685,36.77872],[-88.13738,36.77881],[-88.13802,36.77865],[-88.13823,36.77896],[-88.13825,36.7791],[-88.13814,36.77924],[-88.13821,36.77971],[-88.13843,36.78],[-88.13843,36.78009],[-88.13812,36.78034],[-88.13803,36.78079],[-88.13845,36.78134],[-88.13899,36.78187],[-88.13994,36.78246],[-88.14072,36.78322],[-88.14081,36.7834],[-88.14068,36.78353],[-88.14066,36.78428],[-88.14097,36.78524],[-88.14228,36.78671],[-88.14251,36.78722],[-88.14327,36.78841],[-88.14342,36.78856],[-88.14422,36.78905],[-88.1445,36.78881],[-88.14456,36.78851],[-88.14471,36.78835],[-88.14545,36.78775],[-88.14554,36.78737],[-88.14571,36.78741],[-88.14578,36.78749],[-88.14568,36.78763],[-88.1457,36.78781],[-88.14602,36.78797],[-88.14615,36.78784],[-88.14609,36.7877],[-88.14616,36.7875],[-88.14636,36.78753],[-88.14639,36.78742],[-88.14655,36.78742],[-88.14667,36.78757],[-88.14665,36.78861],[-88.1468,36.78916],[-88.14718,36.78952],[-88.1477,36.78966],[-88.14784,36.78982],[-88.14798,36.79006],[-88.14803,36.79078],[-88.14789,36.79098],[-88.14675,36.79093],[-88.14633,36.79101]]]]}},{"type":"Feature","properties":{"NAME":"Green River Lake State Park","TYPE":"Recreational state park","COUNTY":"Taylor","URL":"https://parks.ky.gov/campbellsville/parks/recreation/green-river-lake-state-park"},"geometry":{"type":"Polygon","coordinates":[[[-85.34509,37.28902],[-85.3454,37.28913],[-85.34593,37.28957],[-85.34621,37.2889],[-85.3465,37.28852],[-85.34537,37.28769],[-85.34342,37.28768],[-85.34299,37.28756],[-85.34259,37.28802],[-85.34226,37.28795],[-85.34162,37.28718],[-85.34108,37.28716],[-85.34053,37.28699],[-85.34141,37.28643],[-85.3424,37.28569],[-85.34498,37.28416],[-85.3453,37.28369],[-85.34614,37.28308],[-85.34655,37.28288],[-85.34699,37.2828],[-85.34733,37.28266],[-85.34878,37.28174],[-85.35164,37.27974],[-85.35157,37.27966],[-85.35118,37.27953],[-85.34876,37.27744],[-85.34762,37.27686],[-85.34688,37.27636],[-85.34477,37.27375],[-85.34433,37.27339],[-85.34365,37.27308],[-85.34327,37.27281],[-85.34207,37.27156],[-85.34153,37.27087],[-85.3415,37.2707],[-85.34167,37.27037],[-85.34525,37.26758],[-85.34658,37.26644],[-85.34918,37.26257],[-85.34924,37.26236],[-85.3492,37.26213],[-85.34909,37.26198],[-85.34603,37.25926],[-85.34586,37.25901],[-85.34584,37.2587],[-85.3456,37.25823],[-85.34346,37.25423],[-85.34288,37.25418],[-85.34276,37.25408],[-85.34269,37.25347],[-85.34255,37.25315],[-85.34244,37.25313],[-85.34243,37.25343],[-85.3423,37.25381],[-85.34214,37.25402],[-85.34171,37.25426],[-85.34149,37.2543],[-85.34107,37.25424],[-85.34098,37.2543],[-85.34108,37.2545],[-85.34104,37.25471],[-85.3406,37.25496],[-85.34038,37.25496],[-85.34012,37.25487],[-85.33966,37.2545],[-85.33843,37.25381],[-85.33791,37.25335],[-85.33783,37.25314],[-85.33903,37.26309],[-85.33923,37.26332],[-85.33925,37.26354],[-85.33943,37.26384],[-85.33976,37.26405],[-85.34008,37.26415],[-85.33965,37.26421],[-85.33939,37.26433],[-85.33879,37.26521],[-85.33872,37.26574],[-85.33862,37.26601],[-85.33857,37.26596],[-85.33855,37.26522],[-85.33876,37.26464],[-85.33878,37.2643],[-85.33871,37.26404],[-85.33849,37.26385],[-85.33819,37.26418],[-85.33715,37.26582],[-85.33618,37.26709],[-85.33531,37.26789],[-85.33403,37.26874],[-85.33314,37.26913],[-85.33229,37.2694],[-85.33233,37.26976],[-85.33248,37.26994],[-85.33283,37.27009],[-85.33323,37.26998],[-85.33322,37.27033],[-85.33373,37.27065],[-85.33412,37.27064],[-85.33463,37.27052],[-85.33494,37.27055],[-85.3345,37.27079],[-85.33442,37.27089],[-85.33444,37.27099],[-85.33599,37.27264],[-85.33657,37.27312],[-85.33657,37.27327],[-85.33601,37.2731],[-85.33578,37.27314],[-85.33576,37.27289],[-85.33457,37.27198],[-85.33434,37.2717],[-85.33405,37.27148],[-85.33351,37.2713],[-85.33304,37.27103],[-85.33243,37.27098],[-85.33209,37.27085],[-85.33193,37.27095],[-85.33148,37.27173],[-85.33143,37.27237],[-85.33152,37.27293],[-85.33138,37.27344],[-85.33131,37.27351],[-85.33114,37.27301],[-85.33098,37.27279],[-85.33103,37.2725],[-85.33093,37.27209],[-85.33083,37.27194],[-85.33046,37.27177],[-85.3305,37.27168],[-85.33087,37.27161],[-85.331,37.27151],[-85.33115,37.27099],[-85.33143,37.27039],[-85.33144,37.27023],[-85.33119,37.26976],[-85.33113,37.26942],[-85.33044,37.26928],[-85.33027,37.26931],[-85.33002,37.26919],[-85.3299,37.26929],[-85.32974,37.26911],[-85.32877,37.26888],[-85.32878,37.26924],[-85.32871,37.26931],[-85.32859,37.26931],[-85.32851,37.26922],[-85.32849,37.26904],[-85.32828,37.26885],[-85.3282,37.26863],[-85.32756,37.26841],[-85.32735,37.26867],[-85.32734,37.26895],[-85.3272,37.26919],[-85.32721,37.26928],[-85.32744,37.26947],[-85.32726,37.26946],[-85.3272,37.26939],[-85.32694,37.26945],[-85.32684,37.26937],[-85.32683,37.26925],[-85.32692,37.26907],[-85.32688,37.26864],[-85.32699,37.26818],[-85.32687,37.26805],[-85.32675,37.26802],[-85.32618,37.26887],[-85.32549,37.26967],[-85.32545,37.26979],[-85.32527,37.26989],[-85.32522,37.26986],[-85.32477,37.2702],[-85.32476,37.2703],[-85.32457,37.27031],[-85.32434,37.27047],[-85.32389,37.27064],[-85.32379,37.27091],[-85.32374,37.27114],[-85.32385,37.27153],[-85.32404,37.27182],[-85.325,37.27261],[-85.32512,37.27282],[-85.32449,37.27244],[-85.32431,37.27223],[-85.32379,37.27197],[-85.32367,37.27206],[-85.32359,37.27203],[-85.3235,37.27159],[-85.32327,37.27129],[-85.32311,37.27122],[-85.32282,37.27127],[-85.32282,37.27121],[-85.32313,37.27106],[-85.32314,37.27079],[-85.32161,37.27105],[-85.32054,37.27107],[-85.31954,37.27101],[-85.31942,37.27126],[-85.31941,37.27175],[-85.31951,37.2723],[-85.31965,37.27252],[-85.31972,37.27279],[-85.31971,37.27318],[-85.31879,37.27154],[-85.31876,37.27096],[-85.31869,37.27083],[-85.31845,37.27072],[-85.31725,37.27056],[-85.31714,37.2706],[-85.31643,37.27045],[-85.31626,37.27054],[-85.31621,37.27053],[-85.31621,37.27041],[-85.31585,37.27022],[-85.31526,37.27009],[-85.31477,37.27013],[-85.31496,37.2704],[-85.31523,37.27057],[-85.3152,37.2707],[-85.31487,37.27092],[-85.31454,37.27072],[-85.31458,37.27066],[-85.31453,37.2706],[-85.31401,37.27058],[-85.3137,37.27038],[-85.31361,37.27019],[-85.31303,37.27025],[-85.31246,37.2706],[-85.31236,37.27079],[-85.31237,37.27095],[-85.31257,37.27138],[-85.31252,37.27197],[-85.31312,37.27202],[-85.31343,37.27214],[-85.31372,37.27262],[-85.31374,37.27276],[-85.31402,37.27312],[-85.31422,37.27323],[-85.31471,37.27334],[-85.31452,37.27372],[-85.31451,37.27393],[-85.31456,37.27422],[-85.31483,37.27486],[-85.31523,37.27555],[-85.31567,37.27595],[-85.31631,37.27636],[-85.31675,37.27648],[-85.31785,37.27713],[-85.31807,37.27717],[-85.3193,37.27709],[-85.32132,37.27758],[-85.32288,37.27803],[-85.32488,37.27893],[-85.32572,37.27938],[-85.32609,37.27968],[-85.32649,37.28028],[-85.32704,37.28058],[-85.32766,37.28102],[-85.32824,37.2817],[-85.32856,37.28184],[-85.32916,37.28158],[-85.3292,37.28171],[-85.32895,37.28224],[-85.3291,37.28232],[-85.32959,37.28228],[-85.32996,37.28235],[-85.33176,37.28239],[-85.33233,37.2823],[-85.33277,37.28213],[-85.33355,37.28197],[-85.33383,37.28206],[-85.3339,37.28214],[-85.33374,37.28233],[-85.33321,37.28241],[-85.33229,37.28284],[-85.33071,37.28299],[-85.33054,37.28306],[-85.33049,37.28313],[-85.33052,37.28323],[-85.33066,37.2834],[-85.33002,37.28315],[-85.32978,37.28312],[-85.32934,37.2832],[-85.329,37.28347],[-85.32901,37.28361],[-85.32924,37.28394],[-85.32937,37.28401],[-85.33077,37.28422],[-85.33212,37.28463],[-85.33286,37.28499],[-85.3332,37.28525],[-85.33396,37.28612],[-85.33426,37.28666],[-85.33448,37.28737],[-85.33455,37.28863],[-85.33516,37.28862],[-85.3355,37.28853],[-85.33591,37.28873],[-85.33687,37.28897],[-85.33777,37.28929],[-85.33802,37.28932],[-85.33915,37.28922],[-85.33921,37.28929],[-85.33914,37.28931],[-85.33916,37.28936],[-85.33936,37.28943],[-85.34019,37.28927],[-85.34091,37.28876],[-85.34135,37.28862],[-85.34199,37.28862],[-85.34326,37.28875],[-85.34378,37.28896],[-85.34471,37.28894],[-85.34509,37.28902]]]}},{"type":"Feature","properties":{"NAME":"Grayson Lake State Park","TYPE":"Recreational state park","COUNTY":"Carter/Elliott","URL":"https://parks.ky.gov/olive-hill/parks/recreation/grayson-lake-state-park"},"geometry":{"type":"MultiPolygon","coordinates":[[[[-83.01582,38.2156],[-83.01594,38.21664],[-83.01614,38.21737],[-83.01663,38.21695],[-83.01679,38.21657],[-83.01784,38.21557],[-83.01847,38.21555],[-83.01958,38.2152],[-83.02064,38.21551],[-83.02126,38.21547],[-83.0219,38.21562],[-83.02298,38.21541],[-83.02342,38.21524],[-83.02407,38.21479],[-83.02439,38.21481],[-83.02486,38.21487],[-83.02516,38.21522],[-83.02562,38.21552],[-83.02602,38.21595],[-83.02642,38.21612],[-83.02752,38.21598],[-83.02798,38.21578],[-83.02813,38.2148],[-83.02802,38.21433],[-83.028,38.21388],[-83.02831,38.21358],[-83.02849,38.21324],[-83.02847,38.21247],[-83.02805,38.21215],[-83.02695,38.21181],[-83.02664,38.21157],[-83.02659,38.21109],[-83.02671,38.21055],[-83.02772,38.21008],[-83.02784,38.20957],[-83.02777,38.20905],[-83.02796,38.20839],[-83.02753,38.20797],[-83.02899,38.20709],[-83.02899,38.20726],[-83.02933,38.20761],[-83.02968,38.20781],[-83.02992,38.20786],[-83.03036,38.20764],[-83.03057,38.20738],[-83.031,38.20716],[-83.03075,38.20626],[-83.03113,38.20601],[-83.03131,38.206],[-83.03147,38.20645],[-83.03171,38.20678],[-83.03244,38.20747],[-83.0327,38.20734],[-83.03326,38.2075],[-83.03364,38.20793],[-83.03394,38.20751],[-83.03491,38.20682],[-83.03509,38.20722],[-83.03603,38.20772],[-83.03682,38.20831],[-83.03744,38.20888],[-83.03866,38.20881],[-83.03919,38.20865],[-83.03953,38.2091],[-83.03956,38.20963],[-83.03986,38.21005],[-83.04013,38.21017],[-83.04073,38.21014],[-83.0411,38.20973],[-83.04163,38.20883],[-83.04212,38.20867],[-83.04263,38.20833],[-83.04334,38.20757],[-83.04377,38.20724],[-83.04468,38.20671],[-83.04431,38.20588],[-83.04418,38.20534],[-83.04455,38.20517],[-83.04493,38.20459],[-83.04555,38.20457],[-83.04616,38.2044],[-83.04716,38.20429],[-83.04748,38.20436],[-83.0475,38.2037],[-83.04819,38.20389],[-83.04952,38.20395],[-83.05053,38.20348],[-83.05112,38.2037],[-83.05145,38.20394],[-83.05177,38.20407],[-83.05161,38.20437],[-83.05303,38.20491],[-83.05339,38.20455],[-83.05391,38.20423],[-83.0544,38.20407],[-83.05509,38.20341],[-83.05631,38.20251],[-83.05668,38.20183],[-83.05808,38.20077],[-83.05785,38.20074],[-83.0576,38.20046],[-83.05702,38.20016],[-83.05719,38.19977],[-83.05705,38.19939],[-83.05708,38.19913],[-83.05734,38.19902],[-83.05676,38.19876],[-83.05549,38.19786],[-83.05426,38.19679],[-83.05409,38.1965],[-83.05403,38.19622],[-83.05405,38.19591],[-83.05358,38.19586],[-83.05333,38.19573],[-83.0526,38.19555],[-83.05173,38.19519],[-83.05142,38.19497],[-83.05099,38.19447],[-83.05067,38.19444],[-83.04948,38.19405],[-83.04913,38.19369],[-83.04865,38.1934],[-83.0483,38.19307],[-83.04813,38.19335],[-83.04733,38.19392],[-83.04677,38.1942],[-83.04638,38.19429],[-83.04576,38.19462],[-83.04523,38.19498],[-83.04512,38.19518],[-83.04586,38.19539],[-83.04625,38.19559],[-83.04654,38.19564],[-83.04708,38.19535],[-83.04751,38.19523],[-83.04916,38.19512],[-83.04983,38.19517],[-83.05042,38.19498],[-83.05121,38.19542],[-83.05161,38.19552],[-83.05201,38.19574],[-83.05264,38.19591],[-83.05321,38.19597],[-83.05356,38.19617],[-83.05399,38.19678],[-83.05542,38.19798],[-83.05533,38.19798],[-83.05391,38.1971],[-83.05344,38.19656],[-83.05212,38.19616],[-83.0515,38.19604],[-83.05062,38.19571],[-83.05033,38.1957],[-83.04915,38.19584],[-83.04818,38.1958],[-83.04784,38.19596],[-83.04725,38.19612],[-83.04718,38.19624],[-83.04741,38.19688],[-83.04734,38.19702],[-83.04714,38.19722],[-83.0469,38.19733],[-83.04696,38.19743],[-83.0467,38.19767],[-83.0463,38.1977],[-83.04628,38.19756],[-83.04642,38.19705],[-83.04643,38.19679],[-83.04635,38.19652],[-83.04617,38.19639],[-83.04542,38.19615],[-83.0447,38.196],[-83.0445,38.19588],[-83.04429,38.1959],[-83.04406,38.19608],[-83.04323,38.19701],[-83.04229,38.19838],[-83.04203,38.19862],[-83.04072,38.19957],[-83.0401,38.19981],[-83.03921,38.20003],[-83.03921,38.20083],[-83.0391,38.2015],[-83.03893,38.20101],[-83.03844,38.20022],[-83.03808,38.20013],[-83.03677,38.20004],[-83.03587,38.19982],[-83.03531,38.19957],[-83.03398,38.19882],[-83.03321,38.19857],[-83.0331,38.19842],[-83.03221,38.19794],[-83.03209,38.19797],[-83.03197,38.19812],[-83.03193,38.19862],[-83.03173,38.1992],[-83.03131,38.19971],[-83.03131,38.20024],[-83.03097,38.19978],[-83.03084,38.1992],[-83.03098,38.19816],[-83.0309,38.19806],[-83.03107,38.19757],[-83.0308,38.19752],[-83.02987,38.19704],[-83.02823,38.19648],[-83.02783,38.19646],[-83.02686,38.19655],[-83.02666,38.19662],[-83.02588,38.19697],[-83.02583,38.1973],[-83.02599,38.19763],[-83.02598,38.19773],[-83.02556,38.19751],[-83.02537,38.19727],[-83.02507,38.19718],[-83.02493,38.19728],[-83.02494,38.19743],[-83.0245,38.19768],[-83.02439,38.19793],[-83.02465,38.19833],[-83.02408,38.19799],[-83.02385,38.19799],[-83.02345,38.19818],[-83.02336,38.19839],[-83.02298,38.19878],[-83.02249,38.19889],[-83.02231,38.19899],[-83.02212,38.19935],[-83.02207,38.19962],[-83.02191,38.19976],[-83.02167,38.19975],[-83.02162,38.19967],[-83.02124,38.19967],[-83.02109,38.1998],[-83.02104,38.19995],[-83.02065,38.20019],[-83.02044,38.20022],[-83.0202,38.2004],[-83.0199,38.20065],[-83.01955,38.20107],[-83.01861,38.20161],[-83.01881,38.20198],[-83.01953,38.20257],[-83.01947,38.2027],[-83.02034,38.20357],[-83.02031,38.20374],[-83.01973,38.20315],[-83.01893,38.20258],[-83.01789,38.20243],[-83.01758,38.20251],[-83.01704,38.20305],[-83.01691,38.20334],[-83.01703,38.20401],[-83.01723,38.20443],[-83.01711,38.20444],[-83.01653,38.20398],[-83.01602,38.20381],[-83.01583,38.20392],[-83.01534,38.20403],[-83.01502,38.20417],[-83.01445,38.20464],[-83.01438,38.20482],[-83.01449,38.20517],[-83.01431,38.20525],[-83.0142,38.20504],[-83.01389,38.20512],[-83.01335,38.20544],[-83.01325,38.20558],[-83.01326,38.20571],[-83.01291,38.20582],[-83.01255,38.20613],[-83.0123,38.20646],[-83.01212,38.20658],[-83.01203,38.20695],[-83.01175,38.20728],[-83.01149,38.20731],[-83.01135,38.20741],[-83.01098,38.20797],[-83.01057,38.20821],[-83.01031,38.20813],[-83.00995,38.20782],[-83.00927,38.20791],[-83.00931,38.20821],[-83.00954,38.20816],[-83.01004,38.20818],[-83.01018,38.20829],[-83.01021,38.20855],[-83.01011,38.20868],[-83.01015,38.20877],[-83.01069,38.20926],[-83.01077,38.2095],[-83.01102,38.20979],[-83.01087,38.20983],[-83.01071,38.20978],[-83.01049,38.20957],[-83.01024,38.20946],[-83.00997,38.20963],[-83.01005,38.20984],[-83.01043,38.21028],[-83.01048,38.21059],[-83.01096,38.21119],[-83.01156,38.21217],[-83.01174,38.21238],[-83.01247,38.21286],[-83.01202,38.21295],[-83.01189,38.21327],[-83.01198,38.21368],[-83.0121,38.21381],[-83.0124,38.21384],[-83.01283,38.21383],[-83.01388,38.21362],[-83.01407,38.21368],[-83.01564,38.21364],[-83.01582,38.2156]]],[[[-83.01193,38.20452],[-83.01199,38.20461],[-83.01192,38.20517],[-83.01196,38.2053],[-83.01213,38.20524],[-83.01215,38.20499],[-83.01247,38.2049],[-83.01269,38.20475],[-83.01278,38.20464],[-83.01274,38.20456],[-83.0128,38.20433],[-83.01315,38.2043],[-83.01336,38.20421],[-83.01382,38.20387],[-83.01371,38.20362],[-83.01399,38.20353],[-83.01404,38.20372],[-83.01414,38.20367],[-83.01391,38.20311],[-83.01427,38.20276],[-83.01475,38.20242],[-83.0149,38.20197],[-83.01466,38.20163],[-83.01476,38.20113],[-83.01557,38.19931],[-83.01475,38.19904],[-83.01454,38.19933],[-83.01408,38.19926],[-83.0136,38.19947],[-83.01374,38.19982],[-83.01314,38.19971],[-83.01225,38.20022],[-83.01221,38.20029],[-83.01231,38.20083],[-83.0123,38.20111],[-83.01222,38.20118],[-83.01185,38.20127],[-83.01137,38.20126],[-83.01127,38.20134],[-83.01108,38.20124],[-83.01087,38.2014],[-83.01103,38.20149],[-83.01097,38.20172],[-83.01066,38.20184],[-83.01059,38.20209],[-83.01087,38.20283],[-83.01135,38.2033],[-83.01159,38.20345],[-83.01155,38.20363],[-83.0116,38.20406],[-83.01142,38.20422],[-83.0114,38.2044],[-83.01146,38.20452],[-83.01162,38.2046],[-83.01175,38.20455],[-83.01177,38.20448],[-83.01193,38.20452]]]]}},{"type":"Feature","properties":{"NAME":"Rough River Dam State Resort Park","TYPE":"Resort state park","COUNTY":"Grayson","URL":"https://parks.ky.gov/falls-rough/parks/resort/rough-river-dam-state-resort-park"},"geometry":{"type":"MultiPolygon","coordinates":[[[[-86.50276,37.61538],[-86.50412,37.61676],[-86.5061,37.61497],[-86.50682,37.61414],[-86.50758,37.61311],[-86.50808,37.61212],[-86.51163,37.60105],[-86.50878,37.60076],[-86.50917,37.59998],[-86.5096,37.59981],[-86.50989,37.59978],[-86.5097,37.59944],[-86.50936,37.59945],[-86.50918,37.59904],[-86.50933,37.59864],[-86.50965,37.59847],[-86.51002,37.59788],[-86.5096,37.59821],[-86.50921,37.59832],[-86.50871,37.59784],[-86.50882,37.59837],[-86.50854,37.59908],[-86.50832,37.59909],[-86.50839,37.59937],[-86.50774,37.59962],[-86.50717,37.59889],[-86.50649,37.59844],[-86.5066,37.5986],[-86.50683,37.59874],[-86.50694,37.59916],[-86.50689,37.5995],[-86.50645,37.59993],[-86.50598,37.59997],[-86.50625,37.60045],[-86.5061,37.60101],[-86.50575,37.60129],[-86.50527,37.60141],[-86.50527,37.60153],[-86.50617,37.60279],[-86.5061,37.6029],[-86.50612,37.6054],[-86.50588,37.60624],[-86.50511,37.60748],[-86.50462,37.60793],[-86.50386,37.6084],[-86.50249,37.60899],[-86.50161,37.60928],[-86.50136,37.60944],[-86.50028,37.60956],[-86.49981,37.60968],[-86.49947,37.60964],[-86.49851,37.60997],[-86.49777,37.61105],[-86.49748,37.61241],[-86.49784,37.61341],[-86.49789,37.61373],[-86.49875,37.61371],[-86.49955,37.61401],[-86.50112,37.61411],[-86.50272,37.61342],[-86.50276,37.61538]]],[[[-86.50912,37.60936],[-86.50808,37.61249],[-86.50769,37.61326],[-86.50727,37.61382],[-86.50846,37.61391],[-86.50888,37.61332],[-86.50906,37.61228],[-86.50911,37.61147],[-86.50931,37.61076],[-86.50936,37.61018],[-86.50968,37.60855],[-86.50939,37.60848],[-86.50912,37.60936]]]]}},{"type":"Feature","properties":{"NAME":"Kingdom Come State Park","TYPE":"Recreational state park","COUNTY":"Harlan/Letcher","URL":"https://parks.ky.gov/cumberland/parks/recreation/kingdom-come-state-park"},"geometry":{"type":"Polygon","coordinates":[[[-82.94747,37.01195],[-82.94824,37.01167],[-82.94902,37.01171],[-82.94982,37.01139],[-82.95076,37.01062],[-82.95144,37.01024],[-82.9517,37.01001],[-82.95221,37.00978],[-82.95324,37.0096],[-82.95512,37.00846],[-82.95607,37.008],[-82.95611,37.00754],[-82.95661,37.00739],[-82.95624,37.00653],[-82.95682,37.00643],[-82.95711,37.00623],[-82.95756,37.00607],[-82.95798,37.00636],[-82.95861,37.00663],[-82.95884,37.00611],[-82.9592,37.00595],[-82.9596,37.00608],[-82.95987,37.00584],[-82.96098,37.00399],[-82.96555,37.0019],[-82.96678,37.00023],[-82.96742,37.00015],[-82.96799,37.00061],[-82.9689,37.00077],[-82.97143,37.00051],[-82.97096,37.0007],[-82.95963,37.00778],[-82.96309,37.01131],[-82.96337,37.00635],[-82.96957,37.00526],[-82.96997,37.00496],[-82.9709,37.00464],[-82.97225,37.00438],[-82.97232,37.00299],[-82.97453,37.00205],[-82.97478,37.00185],[-82.97586,37.00155],[-82.9764,37.00254],[-82.97938,37.002],[-82.97942,37.00077],[-82.98108,37.0004],[-82.98333,37.00043],[-82.9847,37.0007],[-82.98465,37.0013],[-82.98495,37.00209],[-82.98609,37.00151],[-82.98591,37.00128],[-82.98613,37.00124],[-82.98608,37.00102],[-82.98929,37.00032],[-82.9893,36.99969],[-82.99024,36.99931],[-82.99377,36.99891],[-82.99141,36.99688],[-82.99176,36.99665],[-82.99217,36.99589],[-82.99397,36.9954],[-82.99489,36.99549],[-82.99537,36.9954],[-82.99569,36.99512],[-82.99592,36.99444],[-82.99576,36.99404],[-82.99571,36.99374],[-82.99575,36.99348],[-82.99608,36.99296],[-82.99639,36.99226],[-82.99682,36.99196],[-82.99727,36.99179],[-82.99777,36.99179],[-82.99826,36.99136],[-82.99863,36.99082],[-82.9981,36.99026],[-82.99769,36.98943],[-82.99748,36.98864],[-82.99717,36.98854],[-82.99684,36.98824],[-82.99655,36.9882],[-82.99599,36.98839],[-82.99549,36.98846],[-82.99454,36.98841],[-82.99384,36.98857],[-82.99344,36.98845],[-82.99292,36.98841],[-82.99188,36.98894],[-82.99112,36.98889],[-82.99093,36.98876],[-82.98981,36.98856],[-82.98943,36.98824],[-82.98922,36.98815],[-82.98902,36.98704],[-82.98915,36.98632],[-82.98865,36.98609],[-82.98744,36.98587],[-82.98693,36.98586],[-82.98502,36.98628],[-82.98395,36.98643],[-82.98311,36.98635],[-82.98221,36.98588],[-82.98131,36.986],[-82.98078,36.98583],[-82.97978,36.98529],[-82.97901,36.98462],[-82.97911,36.985],[-82.9793,36.98537],[-82.976,36.98581],[-82.97613,36.98614],[-82.97671,36.98699],[-82.97696,36.9871],[-82.97718,36.98707],[-82.97699,36.99307],[-82.97716,36.99332],[-82.97808,36.99842],[-82.97729,36.99893],[-82.97638,36.99923],[-82.97538,36.99939],[-82.97499,36.99924],[-82.97383,36.99982],[-82.97215,37.00022],[-82.97201,36.99992],[-82.97181,36.99293],[-82.97353,36.99266],[-82.97216,36.98657],[-82.97149,36.98665],[-82.97059,36.98665],[-82.97063,36.98737],[-82.97184,36.98957],[-82.9716,36.99307],[-82.96033,36.99253],[-82.95988,36.99173],[-82.95973,36.99178],[-82.95933,36.99211],[-82.95909,36.99216],[-82.95783,36.99272],[-82.95759,36.99276],[-82.95662,36.9933],[-82.95465,36.99399],[-82.95481,36.99431],[-82.95492,36.99494],[-82.95465,36.99496],[-82.95475,36.9957],[-82.95536,36.99704],[-82.95546,36.99703],[-82.95566,36.99718],[-82.95566,36.99751],[-82.95593,36.99798],[-82.9565,36.99878],[-82.9581,37.00075],[-82.95312,37.0035],[-82.9528,37.00319],[-82.95158,37.00143],[-82.95069,37.00144],[-82.95024,36.99992],[-82.95073,36.99899],[-82.95033,36.99811],[-82.94977,36.99653],[-82.94972,36.99596],[-82.94976,36.99565],[-82.9443,36.99561],[-82.94225,36.99529],[-82.94138,36.99643],[-82.94159,36.99736],[-82.94184,36.9977],[-82.94271,36.9983],[-82.943,36.99926],[-82.94279,37.0001],[-82.94302,37.00059],[-82.94348,37.00104],[-82.94369,37.0016],[-82.94406,37.00229],[-82.9443,37.00256],[-82.9463,37.00365],[-82.94661,37.00439],[-82.94681,37.00641],[-82.94485,37.00775],[-82.9447,37.0087],[-82.94516,37.0093],[-82.94538,37.00926],[-82.94572,37.00964],[-82.94625,37.00992],[-82.94678,37.01033],[-82.94654,37.01055],[-82.94668,37.01097],[-82.94698,37.01127],[-82.94727,37.01131],[-82.94747,37.01195]],[[-82.99077,36.99566],[-82.99095,36.99668],[-82.99062,36.99685],[-82.98939,36.99707],[-82.98939,36.99648],[-82.99077,36.99566]]]}},{"type":"Feature","properties":{"NAME":"General Butler State Resort Park","TYPE":"Resort state park","COUNTY":"Carroll","URL":"https://parks.ky.gov/carrollton/parks/historic/general-butler-state-resort-park"},"geometry":{"type":"Polygon","coordinates":[[[-85.14532,38.65989],[-85.14507,38.66042],[-85.14458,38.66099],[-85.14419,38.66126],[-85.14445,38.66152],[-85.14404,38.66356],[-85.1436,38.66374],[-85.14373,38.66423],[-85.14398,38.66443],[-85.14269,38.66533],[-85.14378,38.66665],[-85.14734,38.67141],[-85.1487,38.67347],[-85.14957,38.6746],[-85.15022,38.67517],[-85.15162,38.67616],[-85.1527,38.6767],[-85.15411,38.67718],[-85.1573,38.67799],[-85.15804,38.67762],[-85.15848,38.67766],[-85.15863,38.67782],[-85.15985,38.67751],[-85.16024,38.67687],[-85.16381,38.67552],[-85.16443,38.67502],[-85.16453,38.67469],[-85.16451,38.67259],[-85.16457,38.67219],[-85.16828,38.67192],[-85.16816,38.67031],[-85.16794,38.66873],[-85.16221,38.66911],[-85.16049,38.66658],[-85.15855,38.66766],[-85.15778,38.66797],[-85.15649,38.6668],[-85.15602,38.66658],[-85.15556,38.66619],[-85.15484,38.66479],[-85.15508,38.66442],[-85.1534,38.66519],[-85.15249,38.66388],[-85.15166,38.66306],[-85.15137,38.66258],[-85.14962,38.66086],[-85.14882,38.66049],[-85.1477,38.65963],[-85.14701,38.65935],[-85.14532,38.65989]]]}},{"type":"Feature","properties":{"NAME":"Isaac Shelby Cemetery State Historic Site","TYPE":"State historic site","COUNTY":"Lincoln","URL":"https://parks.ky.gov/junction-city/parks/historic/isaac-shelby-cemetery-state-historic-site"},"geometry":{"type":"Polygon","coordinates":[[[-84.77914,37.5699],[-84.77956,37.57009],[-84.77951,37.56995],[-84.78183,37.56614],[-84.78413,37.56672],[-84.78425,37.56635],[-84.78364,37.56623],[-84.78358,37.56639],[-84.78349,37.56645],[-84.78168,37.56598],[-84.77933,37.56985],[-84.77914,37.5699]]]}},{"type":"Feature","properties":{"NAME":"Mary Todd Lincoln House State Park","TYPE":"State park (leased land)","COUNTY":"Fayette","URL":"https://www.mtlhouse.org/"},"geometry":{"type":"Polygon","coordinates":[[[-84.50276,38.05133],[-84.50295,38.0512],[-84.50276,38.05115],[-84.50264,38.05123],[-84.50276,38.05133]]]}},{"type":"Feature","properties":{"NAME":"Simon Kenton State Park","TYPE":"State park (leased land)","COUNTY":"Mason","URL":"http://www.historicwashingtonky.com/home.html"},"geometry":{"type":"Polygon","coordinates":[[[-83.809,38.61303],[-83.80961,38.61302],[-83.80963,38.61276],[-83.80903,38.61273],[-83.809,38.61303]]]}},{"type":"Feature","properties":{"NAME":"Dawkins Line Rail Trail","TYPE":"Recreational state park","COUNTY":"Johnson/Magoffin/Breathitt","URL":"https://parks.ky.gov/swamp-branch/parks/recreation/dawkins-line-rail-trail"},"geometry":{"type":"Polygon","coordinates":[[[-82.789,37.78755],[-82.78864,37.78812],[-82.78856,37.78874],[-82.7888,37.78937],[-82.78913,37.78956],[-82.78883,37.78918],[-82.78868,37.78866],[-82.78875,37.78816],[-82.78906,37.78767],[-82.78931,37.78745],[-82.78973,37.78722],[-82.79398,37.7857],[-82.79446,37.78545],[-82.79501,37.78504],[-82.79662,37.78345],[-82.79695,37.78302],[-82.79714,37.78258],[-82.79744,37.78123],[-82.79762,37.78074],[-82.79787,37.78032],[-82.79837,37.77979],[-82.79938,37.77914],[-82.80312,37.7774],[-82.80356,37.77723],[-82.8042,37.77709],[-82.80534,37.7771],[-82.8061,37.77728],[-82.80669,37.77754],[-82.80843,37.77857],[-82.80966,37.77893],[-82.81514,37.7798],[-82.81819,37.77974],[-82.81891,37.77982],[-82.81943,37.77995],[-82.82009,37.78021],[-82.82782,37.78408],[-82.82887,37.78435],[-82.82935,37.78436],[-82.82929,37.78431],[-82.83019,37.78426],[-82.83412,37.78374],[-82.83698,37.78347],[-82.83776,37.78325],[-82.83831,37.78302],[-82.84097,37.78154],[-82.84151,37.7814],[-82.84311,37.78116],[-82.84395,37.78092],[-82.84485,37.78044],[-82.84589,37.77959],[-82.84658,37.77919],[-82.84716,37.77896],[-82.84933,37.7783],[-82.85037,37.77782],[-82.85409,37.77525],[-82.85467,37.77473],[-82.85503,37.7743],[-82.8564,37.77183],[-82.85781,37.7706],[-82.85818,37.77007],[-82.85852,37.76934],[-82.85893,37.76883],[-82.85951,37.76845],[-82.86093,37.76787],[-82.8614,37.76761],[-82.86435,37.76556],[-82.86569,37.76425],[-82.86652,37.76313],[-82.86685,37.76281],[-82.86874,37.76193],[-82.86934,37.76155],[-82.86973,37.76122],[-82.87016,37.76072],[-82.87195,37.75823],[-82.8722,37.75779],[-82.87236,37.75739],[-82.8725,37.75677],[-82.87252,37.7553],[-82.87263,37.75491],[-82.87298,37.75429],[-82.87328,37.75396],[-82.87424,37.75319],[-82.87488,37.75286],[-82.87716,37.75196],[-82.8777,37.75169],[-82.87845,37.75117],[-82.87896,37.75067],[-82.87944,37.74998],[-82.88044,37.74808],[-82.88167,37.7464],[-82.88188,37.74585],[-82.88224,37.74409],[-82.88237,37.74377],[-82.88273,37.74329],[-82.88325,37.74292],[-82.88402,37.74265],[-82.88715,37.74217],[-82.89214,37.74062],[-82.89287,37.74025],[-82.89487,37.73901],[-82.89544,37.73855],[-82.89648,37.73752],[-82.89719,37.737],[-82.8977,37.73675],[-82.89835,37.7366],[-82.89908,37.7366],[-82.90008,37.73685],[-82.9008,37.73722],[-82.90217,37.73822],[-82.90266,37.73842],[-82.90315,37.73851],[-82.90381,37.73848],[-82.90864,37.73763],[-82.9094,37.73761],[-82.91202,37.73777],[-82.91289,37.73788],[-82.9144,37.73827],[-82.91572,37.73877],[-82.91644,37.73895],[-82.9173,37.73896],[-82.91874,37.73861],[-82.91965,37.73824],[-82.92203,37.73697],[-82.92252,37.73656],[-82.92352,37.73631],[-82.92384,37.73612],[-82.92416,37.73611],[-82.92366,37.73547],[-82.92488,37.73383],[-82.92546,37.73344],[-82.92705,37.73288],[-82.92792,37.73241],[-82.92843,37.73201],[-82.92904,37.73133],[-82.93,37.73008],[-82.93023,37.72969],[-82.93033,37.72905],[-82.93016,37.72644],[-82.93041,37.72594],[-82.93106,37.72529],[-82.93124,37.725],[-82.93136,37.72457],[-82.93146,37.72377],[-82.9328,37.72413],[-82.93345,37.72394],[-82.93372,37.72377],[-82.93424,37.72326],[-82.93398,37.72273],[-82.93396,37.72252],[-82.93352,37.72209],[-82.93343,37.7213],[-82.93309,37.72131],[-82.93251,37.72157],[-82.93229,37.72157],[-82.93214,37.72166],[-82.9321,37.72182],[-82.93192,37.72193],[-82.93159,37.7219],[-82.93177,37.7214],[-82.93209,37.72104],[-82.93241,37.72085],[-82.93294,37.72072],[-82.93337,37.7207],[-82.93427,37.72089],[-82.93818,37.72276],[-82.93872,37.72298],[-82.93947,37.72318],[-82.94024,37.72327],[-82.94376,37.72323],[-82.94449,37.7231],[-82.94538,37.72282],[-82.9454,37.72287],[-82.94691,37.72235],[-82.9475,37.7219],[-82.9485,37.72019],[-82.94899,37.71972],[-82.94942,37.7195],[-82.95283,37.71845],[-82.95319,37.71833],[-82.95313,37.71829],[-82.9537,37.71804],[-82.95373,37.71809],[-82.95429,37.71777],[-82.9568,37.71597],[-82.95725,37.71576],[-82.95771,37.71564],[-82.95827,37.7156],[-82.96138,37.71581],[-82.96421,37.7164],[-82.96513,37.71643],[-82.96605,37.71619],[-82.96601,37.71614],[-82.9678,37.71537],[-82.96985,37.71482],[-82.97186,37.71343],[-82.97277,37.71262],[-82.97467,37.71183],[-82.97552,37.71132],[-82.976,37.71091],[-82.97882,37.70801],[-82.97918,37.70752],[-82.97935,37.70696],[-82.97934,37.70651],[-82.97885,37.70436],[-82.97882,37.70382],[-82.9789,37.70342],[-82.97989,37.70068],[-82.98004,37.70004],[-82.98007,37.69815],[-82.98054,37.6964],[-82.98124,37.6908],[-82.98117,37.69079],[-82.98305,37.68667],[-82.98353,37.68617],[-82.98502,37.68544],[-82.98565,37.68489],[-82.98587,37.68454],[-82.98676,37.6826],[-82.98751,37.6812],[-82.98785,37.68076],[-82.99015,37.67875],[-82.99162,37.67798],[-82.99247,37.67737],[-82.99478,37.67527],[-82.9965,37.67336],[-82.997,37.67302],[-82.99758,37.67285],[-82.99823,37.67284],[-83.00091,37.67352],[-83.00167,37.67396],[-83.00324,37.67541],[-83.00368,37.67573],[-83.00445,37.67608],[-83.00519,37.67625],[-83.01659,37.67741],[-83.0166,37.67737],[-83.0179,37.67743],[-83.01851,37.67737],[-83.01943,37.67716],[-83.02235,37.67612],[-83.02272,37.67606],[-83.02321,37.67609],[-83.02388,37.67634],[-83.02442,37.67686],[-83.02491,37.67723],[-83.02498,37.67717],[-83.02595,37.67776],[-83.02658,37.6779],[-83.02832,37.67808],[-83.02884,37.67827],[-83.02914,37.67847],[-83.03134,37.68076],[-83.03182,37.68105],[-83.03239,37.68122],[-83.03317,37.68123],[-83.0339,37.68103],[-83.03683,37.67964],[-83.03788,37.67943],[-83.03852,37.67946],[-83.039,37.67956],[-83.04325,37.68089],[-83.04373,37.6809],[-83.04416,37.68081],[-83.04462,37.68065],[-83.04504,37.68038],[-83.04532,37.68009],[-83.04549,37.67981],[-83.04624,37.67773],[-83.0463,37.67734],[-83.04622,37.67696],[-83.04608,37.6767],[-83.0451,37.67542],[-83.04492,37.67484],[-83.04488,37.67417],[-83.04529,37.67147],[-83.04527,37.6711],[-83.04513,37.67071],[-83.0449,37.67038],[-83.0441,37.6696],[-83.04186,37.66757],[-83.04151,37.66709],[-83.0406,37.66536],[-83.04015,37.66482],[-83.03952,37.6644],[-83.03893,37.66417],[-83.03649,37.66381],[-83.03594,37.66359],[-83.03559,37.66331],[-83.03531,37.66288],[-83.03523,37.66249],[-83.03529,37.6621],[-83.03548,37.66174],[-83.0357,37.6615],[-83.03774,37.65971],[-83.03821,37.65903],[-83.03835,37.65856],[-83.03837,37.65811],[-83.03828,37.65767],[-83.03788,37.65677],[-83.03789,37.65622],[-83.03819,37.65573],[-83.03928,37.65481],[-83.03965,37.65435],[-83.03981,37.65388],[-83.03984,37.65272],[-83.04004,37.65224],[-83.04047,37.65194],[-83.0411,37.65134],[-83.04145,37.65087],[-83.04178,37.65027],[-83.04203,37.65006],[-83.04246,37.64941],[-83.04298,37.64913],[-83.04349,37.64859],[-83.0449,37.64766],[-83.04481,37.6473],[-83.04533,37.64659],[-83.04524,37.64625],[-83.0455,37.64588],[-83.04598,37.64543],[-83.04709,37.64486],[-83.04958,37.64438],[-83.04991,37.64424],[-83.05028,37.64398],[-83.05061,37.64346],[-83.05067,37.64185],[-83.05122,37.64027],[-83.05151,37.63785],[-83.05163,37.63752],[-83.05202,37.6371],[-83.05354,37.63625],[-83.05426,37.63521],[-83.0561,37.634],[-83.05637,37.63375],[-83.05677,37.63315],[-83.05694,37.63275],[-83.05704,37.63215],[-83.05688,37.63129],[-83.05662,37.63091],[-83.05563,37.62984],[-83.05491,37.62847],[-83.05463,37.62824],[-83.05381,37.62783],[-83.05346,37.62751],[-83.05322,37.62711],[-83.05312,37.62667],[-83.05314,37.62636],[-83.05328,37.62599],[-83.05403,37.62491],[-83.05469,37.62451],[-83.05472,37.6244],[-83.0549,37.62423],[-83.05486,37.62265],[-83.055,37.62161],[-83.0551,37.62156],[-83.05504,37.62139],[-83.05507,37.6203],[-83.05533,37.61958],[-83.05543,37.61878],[-83.05572,37.6183],[-83.05622,37.61799],[-83.05616,37.61792],[-83.05656,37.61772],[-83.0569,37.61743],[-83.0573,37.61671],[-83.05779,37.6163],[-83.06139,37.61505],[-83.06184,37.61494],[-83.06227,37.61494],[-83.06217,37.61491],[-83.06244,37.61487],[-83.0624,37.61476],[-83.06143,37.61493],[-83.05796,37.61614],[-83.05737,37.61651],[-83.05671,37.61745],[-83.05733,37.61544],[-83.05685,37.61423],[-83.05691,37.61251],[-83.05713,37.61218],[-83.05818,37.61144],[-83.05812,37.61136],[-83.05902,37.61088],[-83.06049,37.61055],[-83.06059,37.6094],[-83.06291,37.60776],[-83.06346,37.60783],[-83.0643,37.60724],[-83.06463,37.6069],[-83.06549,37.60572],[-83.06574,37.60521],[-83.06579,37.6049],[-83.06576,37.60453],[-83.0656,37.60411],[-83.06512,37.6037],[-83.06503,37.60338],[-83.06532,37.60117],[-83.06548,37.60084],[-83.06752,37.59796],[-83.06868,37.59544],[-83.06894,37.59506],[-83.07332,37.59163],[-83.0737,37.59142],[-83.07459,37.59106],[-83.07495,37.59099],[-83.07597,37.59053],[-83.07642,37.59018],[-83.07671,37.58981],[-83.07743,37.58825],[-83.0777,37.58672],[-83.07756,37.58667],[-83.07764,37.5857],[-83.0779,37.5847],[-83.07795,37.58403],[-83.07775,37.58253],[-83.07768,37.58118],[-83.0776,37.58089],[-83.07764,37.58026],[-83.07757,37.57972],[-83.07771,37.5795],[-83.07771,37.57924],[-83.07779,37.57899],[-83.07825,37.57826],[-83.07971,37.57684],[-83.08038,37.57562],[-83.08064,37.57551],[-83.08097,37.57526],[-83.08132,37.57514],[-83.08285,37.57524],[-83.08491,37.57511],[-83.08535,37.5752],[-83.08576,37.57543],[-83.08615,37.57584],[-83.08661,37.57672],[-83.08722,37.57732],[-83.08812,37.5778],[-83.08841,37.57803],[-83.08904,37.57823],[-83.08951,37.57828],[-83.09036,37.57811],[-83.09089,37.5778],[-83.09113,37.57755],[-83.09195,37.57639],[-83.09232,37.5761],[-83.09302,37.57593],[-83.09401,37.57604],[-83.0949,37.576],[-83.09523,37.57592],[-83.09584,37.57559],[-83.0963,37.575],[-83.09693,37.57185],[-83.09667,37.57158],[-83.09627,37.56939],[-83.09602,37.56864],[-83.09578,37.56817],[-83.09572,37.56789],[-83.09548,37.56748],[-83.09475,37.56705],[-83.09419,37.56693],[-83.0936,37.56698],[-83.09189,37.56754],[-83.09144,37.56754],[-83.09091,37.56739],[-83.09049,37.56709],[-83.08926,37.56567],[-83.08916,37.56555],[-83.08932,37.56545],[-83.08861,37.56467],[-83.08843,37.56478],[-83.08771,37.56408],[-83.08671,37.5635],[-83.08647,37.56324],[-83.08636,37.56301],[-83.08636,37.56246],[-83.08709,37.56096],[-83.08706,37.5599],[-83.08722,37.55941],[-83.08765,37.55891],[-83.0893,37.5575],[-83.08955,37.55719],[-83.08979,37.55661],[-83.08975,37.55646],[-83.0898,37.55603],[-83.0897,37.55552],[-83.08941,37.55508],[-83.08946,37.55505],[-83.08895,37.55441],[-83.08844,37.55296],[-83.08826,37.55265],[-83.08789,37.55237],[-83.08745,37.55215],[-83.08688,37.55209],[-83.08633,37.5522],[-83.08579,37.55253],[-83.08513,37.55331],[-83.08471,37.55361],[-83.08212,37.5549],[-83.08168,37.555],[-83.08112,37.55496],[-83.08055,37.5548],[-83.07914,37.55416],[-83.07689,37.55263],[-83.07634,37.55239],[-83.07418,37.55198],[-83.07372,37.55199],[-83.07227,37.55224],[-83.07185,37.5522],[-83.07133,37.55201],[-83.07093,37.55163],[-83.07027,37.55035],[-83.06991,37.5499],[-83.06816,37.54863],[-83.0676,37.54815],[-83.06698,37.54784],[-83.06638,37.54775],[-83.06613,37.54777],[-83.06479,37.54818],[-83.06417,37.54824],[-83.06368,37.54817],[-83.06192,37.54772],[-83.05996,37.54739],[-83.0592,37.54743],[-83.05786,37.54779],[-83.0572,37.54775],[-83.05661,37.54749],[-83.05361,37.54506],[-83.0531,37.54476],[-83.05221,37.54449],[-83.05073,37.54436],[-83.04937,37.54397],[-83.0489,37.54396],[-83.04774,37.5441],[-83.0471,37.544],[-83.04665,37.5438],[-83.04287,37.54153],[-83.04232,37.54135],[-83.04196,37.54132],[-83.04128,37.54144],[-83.03806,37.54277],[-83.03774,37.54284],[-83.03731,37.54283],[-83.03701,37.54275],[-83.0359,37.54215],[-83.03562,37.54208],[-83.03526,37.54182],[-83.03499,37.54148],[-83.03404,37.53949],[-83.03399,37.5391],[-83.03414,37.53816],[-83.03398,37.5375],[-83.03369,37.53706],[-83.03253,37.53584],[-83.03227,37.53537],[-83.03222,37.53507],[-83.03234,37.53466],[-83.03317,37.53339],[-83.03348,37.53259],[-83.03383,37.53071],[-83.03384,37.53028],[-83.03372,37.52978],[-83.03306,37.52871],[-83.03306,37.5284],[-83.03274,37.52784],[-83.0327,37.52754],[-83.03281,37.52678],[-83.03273,37.52576],[-83.0326,37.52534],[-83.03243,37.52504],[-83.032,37.52453],[-83.03195,37.52422],[-83.03153,37.52371],[-83.03142,37.52348],[-83.03089,37.5236],[-83.03095,37.5237],[-83.03093,37.52399],[-83.03176,37.52498],[-83.03178,37.52525],[-83.03198,37.52558],[-83.03205,37.52594],[-83.032,37.52643],[-83.03213,37.52672],[-83.03201,37.52755],[-83.03206,37.52794],[-83.03237,37.52868],[-83.03313,37.52989],[-83.03324,37.53034],[-83.03323,37.53065],[-83.03288,37.53251],[-83.0331,37.53254],[-83.03306,37.53274],[-83.03276,37.53343],[-83.03206,37.53445],[-83.03194,37.53497],[-83.03199,37.53539],[-83.03217,37.53579],[-83.03238,37.53606],[-83.03344,37.53715],[-83.03366,37.53746],[-83.03385,37.53801],[-83.03382,37.5392],[-83.03391,37.53963],[-83.03478,37.54144],[-83.03534,37.54208],[-83.0357,37.54238],[-83.03693,37.54303],[-83.03775,37.54312],[-83.03831,37.54298],[-83.0411,37.54187],[-83.04133,37.54187],[-83.04175,37.54174],[-83.04223,37.54174],[-83.04267,37.54191],[-83.04428,37.5432],[-83.04519,37.54347],[-83.0457,37.54378],[-83.04611,37.54426],[-83.04647,37.54446],[-83.04853,37.54472],[-83.05007,37.54484],[-83.05093,37.54474],[-83.052,37.54482],[-83.05269,37.54499],[-83.05329,37.54531],[-83.05552,37.54682],[-83.05596,37.54728],[-83.05652,37.54772],[-83.05707,37.54795],[-83.05756,37.54802],[-83.05793,37.548],[-83.05939,37.54768],[-83.06001,37.54767],[-83.06208,37.54804],[-83.06357,37.54843],[-83.06411,37.54851],[-83.06492,37.54843],[-83.06612,37.54805],[-83.06645,37.54803],[-83.06689,37.5481],[-83.06735,37.54834],[-83.06826,37.54907],[-83.06845,37.54932],[-83.06957,37.55013],[-83.0699,37.55056],[-83.07051,37.55177],[-83.07075,37.55206],[-83.07139,37.55233],[-83.0719,37.55246],[-83.0724,37.55248],[-83.07378,37.55221],[-83.07412,37.5522],[-83.07628,37.5526],[-83.07671,37.55279],[-83.07909,37.5544],[-83.08097,37.55521],[-83.08157,37.55528],[-83.08229,37.55514],[-83.08495,37.55381],[-83.08551,37.55337],[-83.08603,37.55265],[-83.08645,37.5524],[-83.08707,37.55231],[-83.08767,37.55248],[-83.08798,37.55271],[-83.08813,37.55293],[-83.08853,37.55429],[-83.08883,37.55483],[-83.08936,37.55543],[-83.08947,37.55567],[-83.08952,37.55601],[-83.08928,37.55654],[-83.08935,37.55686],[-83.08911,37.55725],[-83.08739,37.55873],[-83.08686,37.55938],[-83.08671,37.55996],[-83.08676,37.56087],[-83.08608,37.56245],[-83.08604,37.56275],[-83.08611,37.56311],[-83.0863,37.56344],[-83.08655,37.56368],[-83.08766,37.56442],[-83.08908,37.56594],[-83.09021,37.56726],[-83.09067,37.56759],[-83.09124,37.56778],[-83.09199,37.56781],[-83.09353,37.5673],[-83.09384,37.56728],[-83.09498,37.56752],[-83.09505,37.56758],[-83.09525,37.56784],[-83.0956,37.56855],[-83.09579,37.56916],[-83.09596,37.56999],[-83.09608,37.57026],[-83.09628,37.57134],[-83.09619,37.57181],[-83.09628,37.57182],[-83.09636,37.57211],[-83.09605,37.57374],[-83.09583,37.57399],[-83.09565,37.57484],[-83.09534,37.57522],[-83.09546,37.57532],[-83.09537,37.57546],[-83.09523,37.57548],[-83.09513,37.57535],[-83.09505,37.57539],[-83.09508,37.57546],[-83.09461,37.57555],[-83.09308,37.57538],[-83.09221,37.57552],[-83.09168,37.5758],[-83.09143,37.57603],[-83.09043,37.57739],[-83.09011,37.57759],[-83.08972,37.57771],[-83.08927,37.57771],[-83.08894,37.5776],[-83.08876,37.57747],[-83.08839,37.57745],[-83.08756,37.57703],[-83.08726,37.57677],[-83.08711,37.57654],[-83.08701,37.57612],[-83.08646,37.57525],[-83.08603,37.57489],[-83.08548,37.57465],[-83.08463,37.57457],[-83.08426,37.57444],[-83.08294,37.57455],[-83.08279,37.57469],[-83.08131,37.57459],[-83.08065,37.57477],[-83.0802,37.57507],[-83.07996,37.57515],[-83.07938,37.5762],[-83.07945,37.57648],[-83.07937,37.57659],[-83.07835,37.57761],[-83.07818,37.57767],[-83.07736,37.57845],[-83.07704,37.57903],[-83.077,37.57946],[-83.0771,37.58049],[-83.07695,37.58114],[-83.07695,37.58142],[-83.07709,37.58247],[-83.07731,37.58312],[-83.07739,37.58359],[-83.07741,37.58449],[-83.07704,37.58668],[-83.07684,37.58674],[-83.07679,37.58701],[-83.07684,37.58729],[-83.0767,37.58803],[-83.07625,37.58903],[-83.07566,37.58993],[-83.0753,37.59021],[-83.07466,37.59056],[-83.07314,37.59121],[-83.07104,37.5927],[-83.06872,37.5946],[-83.06803,37.59541],[-83.06737,37.59669],[-83.06711,37.59759],[-83.06698,37.59784],[-83.06649,37.59839],[-83.06548,37.59985],[-83.06488,37.60044],[-83.06463,37.60235],[-83.06435,37.60322],[-83.06445,37.60382],[-83.06483,37.60438],[-83.06492,37.60462],[-83.06488,37.60512],[-83.06459,37.60531],[-83.06378,37.60642],[-83.06332,37.60664],[-83.06267,37.6071],[-83.06269,37.60754],[-83.0616,37.60831],[-83.06124,37.6079],[-83.06121,37.60751],[-83.06097,37.60659],[-83.06099,37.60584],[-83.06021,37.60557],[-83.05916,37.60554],[-83.05858,37.60539],[-83.05922,37.60855],[-83.05925,37.60884],[-83.05916,37.60918],[-83.05844,37.60913],[-83.05829,37.60996],[-83.0582,37.61008],[-83.05751,37.61046],[-83.05775,37.61082],[-83.05652,37.6117],[-83.05629,37.61195],[-83.05609,37.61232],[-83.056,37.61309],[-83.05617,37.61337],[-83.05616,37.61426],[-83.05664,37.6157],[-83.05666,37.61611],[-83.05609,37.61714],[-83.05491,37.61786],[-83.05456,37.6182],[-83.05438,37.6185],[-83.05427,37.61891],[-83.0543,37.62003],[-83.05415,37.62031],[-83.05416,37.62096],[-83.05403,37.62231],[-83.05411,37.62248],[-83.05413,37.62387],[-83.05406,37.62408],[-83.05378,37.62449],[-83.05377,37.62461],[-83.05291,37.62584],[-83.05271,37.62645],[-83.05273,37.62687],[-83.05287,37.6273],[-83.0533,37.62792],[-83.05373,37.62819],[-83.05384,37.62816],[-83.05396,37.62822],[-83.05406,37.62835],[-83.05444,37.62854],[-83.05459,37.62869],[-83.05473,37.62867],[-83.05483,37.62889],[-83.05503,37.62901],[-83.05558,37.63004],[-83.05616,37.63062],[-83.05612,37.63064],[-83.0566,37.63121],[-83.05671,37.63141],[-83.05665,37.63137],[-83.05683,37.63202],[-83.05678,37.63255],[-83.05665,37.63293],[-83.05621,37.63365],[-83.05599,37.63385],[-83.05436,37.63489],[-83.05409,37.63512],[-83.05356,37.63594],[-83.05334,37.63617],[-83.05189,37.63697],[-83.05146,37.63741],[-83.05129,37.63788],[-83.0511,37.64018],[-83.0506,37.64156],[-83.05052,37.64193],[-83.05049,37.64326],[-83.05042,37.64349],[-83.05012,37.64387],[-83.0498,37.6441],[-83.0493,37.64428],[-83.04804,37.64451],[-83.04768,37.64448],[-83.04673,37.64468],[-83.04612,37.64492],[-83.04545,37.64535],[-83.045,37.64581],[-83.04496,37.64579],[-83.04422,37.64695],[-83.0433,37.64816],[-83.04306,37.6486],[-83.04171,37.64944],[-83.04091,37.65092],[-83.04044,37.65146],[-83.03983,37.65198],[-83.03986,37.65216],[-83.03972,37.65241],[-83.03962,37.65281],[-83.03961,37.6538],[-83.0395,37.6542],[-83.03911,37.65471],[-83.03796,37.6557],[-83.03767,37.65624],[-83.03768,37.65681],[-83.03804,37.6576],[-83.03816,37.65808],[-83.03814,37.65858],[-83.038,37.65901],[-83.03777,37.65939],[-83.03746,37.65972],[-83.03546,37.66147],[-83.03524,37.66174],[-83.03504,37.66225],[-83.03507,37.66277],[-83.03524,37.66317],[-83.03554,37.66352],[-83.03595,37.66379],[-83.03656,37.664],[-83.0389,37.66434],[-83.03949,37.66458],[-83.03996,37.6649],[-83.04035,37.66533],[-83.04132,37.66716],[-83.04159,37.66754],[-83.04395,37.66971],[-83.0449,37.6707],[-83.04506,37.6711],[-83.04508,37.67149],[-83.04469,37.67399],[-83.04474,37.67503],[-83.04504,37.6757],[-83.04595,37.67686],[-83.04609,37.67731],[-83.04592,37.67802],[-83.0458,37.67811],[-83.04575,37.67827],[-83.04583,37.67829],[-83.04553,37.67928],[-83.04522,37.67976],[-83.04493,37.68004],[-83.04456,37.68026],[-83.04395,37.6805],[-83.04351,37.68059],[-83.04305,37.68057],[-83.04225,37.68044],[-83.03897,37.67938],[-83.0384,37.67928],[-83.03776,37.67927],[-83.03709,37.67938],[-83.0366,37.67955],[-83.03365,37.68099],[-83.03308,37.68113],[-83.03255,37.68113],[-83.03195,37.68098],[-83.03146,37.6807],[-83.02936,37.67851],[-83.02892,37.67818],[-83.02839,37.67798],[-83.02761,37.67789],[-83.02593,37.67756],[-83.0253,37.67725],[-83.0239,37.67624],[-83.02329,37.67602],[-83.02268,37.67598],[-83.0221,37.6761],[-83.02205,37.67602],[-83.0218,37.6761],[-83.02177,37.67606],[-83.02129,37.67623],[-83.02132,37.67628],[-83.01965,37.67689],[-83.01968,37.67694],[-83.0192,37.67714],[-83.01786,37.67735],[-83.01661,37.67728],[-83.01662,37.67724],[-83.01549,37.67702],[-83.01201,37.67678],[-83.0049,37.67603],[-83.00413,37.67577],[-83.00376,37.67557],[-83.00188,37.67389],[-83.00119,37.67345],[-83.00063,37.67325],[-82.99906,37.67286],[-82.99661,37.67204],[-82.99619,37.67172],[-82.99518,37.67049],[-82.99422,37.66976],[-82.99191,37.66842],[-82.99098,37.66778],[-82.99025,37.66741],[-82.98954,37.6673],[-82.98777,37.66746],[-82.98593,37.66723],[-82.98546,37.6673],[-82.98514,37.66742],[-82.98481,37.66762],[-82.98251,37.66943],[-82.98258,37.66949],[-82.98488,37.66768],[-82.98549,37.66738],[-82.9862,37.66732],[-82.98769,37.66754],[-82.98955,37.66738],[-82.99008,37.66744],[-82.99045,37.6676],[-82.99133,37.66823],[-82.99391,37.66972],[-82.99489,37.67042],[-82.996,37.67172],[-82.99636,37.67204],[-82.99677,37.67226],[-82.99802,37.67266],[-82.99758,37.67268],[-82.99709,37.6728],[-82.99649,37.67312],[-82.99455,37.67523],[-82.99231,37.67726],[-82.99155,37.67781],[-82.99032,37.67843],[-82.98972,37.67881],[-82.98778,37.68057],[-82.9874,37.68101],[-82.9872,37.6811],[-82.98679,37.68185],[-82.98685,37.68201],[-82.9863,37.68311],[-82.98625,37.6831],[-82.98574,37.68422],[-82.98578,37.68424],[-82.98569,37.68445],[-82.98543,37.68486],[-82.98479,37.68537],[-82.98349,37.68598],[-82.98317,37.68623],[-82.98281,37.68668],[-82.98109,37.69039],[-82.98097,37.69076],[-82.9809,37.69075],[-82.9802,37.69637],[-82.97983,37.69783],[-82.9799,37.69783],[-82.97988,37.69948],[-82.9798,37.7002],[-82.9793,37.70173],[-82.9791,37.70197],[-82.97872,37.70323],[-82.97859,37.7032],[-82.97846,37.70365],[-82.97844,37.70415],[-82.97861,37.70413],[-82.97914,37.70653],[-82.97914,37.70699],[-82.97905,37.70732],[-82.97866,37.70791],[-82.97589,37.71075],[-82.97551,37.7111],[-82.97492,37.7115],[-82.97427,37.71182],[-82.97179,37.71278],[-82.96875,37.71488],[-82.96538,37.71611],[-82.96484,37.71617],[-82.9643,37.71613],[-82.96311,37.71588],[-82.96314,37.71581],[-82.96321,37.71581],[-82.96127,37.71545],[-82.95957,37.71534],[-82.95957,37.71541],[-82.958,37.71533],[-82.95711,37.71551],[-82.95649,37.71582],[-82.95419,37.71747],[-82.95357,37.71785],[-82.9536,37.7179],[-82.95291,37.71819],[-82.94904,37.71942],[-82.94849,37.71981],[-82.94812,37.72033],[-82.94808,37.72026],[-82.94739,37.7215],[-82.94695,37.72198],[-82.94664,37.72216],[-82.94528,37.72262],[-82.9453,37.72267],[-82.94426,37.72298],[-82.94336,37.72309],[-82.94056,37.72311],[-82.93947,37.72301],[-82.93845,37.72269],[-82.9343,37.72072],[-82.93354,37.72055],[-82.93305,37.72054],[-82.93226,37.72073],[-82.93195,37.72092],[-82.93148,37.72151],[-82.93098,37.72473],[-82.9307,37.72523],[-82.93014,37.72576],[-82.92988,37.72627],[-82.92987,37.72635],[-82.92997,37.72637],[-82.92994,37.72663],[-82.93012,37.72925],[-82.93,37.72971],[-82.92941,37.73053],[-82.92862,37.73153],[-82.9279,37.73218],[-82.92703,37.73269],[-82.92555,37.73326],[-82.92496,37.7336],[-82.92454,37.73403],[-82.92379,37.73511],[-82.92356,37.73516],[-82.9217,37.7343],[-82.9209,37.73466],[-82.92193,37.73686],[-82.91975,37.73806],[-82.91906,37.73838],[-82.91751,37.73882],[-82.91706,37.73887],[-82.91647,37.73884],[-82.91572,37.73865],[-82.91466,37.73815],[-82.91338,37.73778],[-82.9116,37.73744],[-82.90987,37.73739],[-82.90959,37.73727],[-82.90779,37.73745],[-82.90385,37.73811],[-82.90343,37.73816],[-82.90299,37.73813],[-82.9016,37.73734],[-82.90117,37.7373],[-82.90014,37.73675],[-82.89923,37.73651],[-82.89833,37.73649],[-82.89756,37.73668],[-82.89714,37.73689],[-82.89624,37.73757],[-82.89489,37.73885],[-82.89298,37.74005],[-82.89195,37.74057],[-82.88728,37.74202],[-82.88399,37.74254],[-82.88317,37.74283],[-82.88272,37.74314],[-82.8823,37.74362],[-82.88208,37.74418],[-82.8817,37.74597],[-82.88148,37.74648],[-82.88041,37.74789],[-82.87924,37.75006],[-82.87869,37.75078],[-82.87803,37.75134],[-82.8774,37.75172],[-82.87428,37.75303],[-82.87313,37.75393],[-82.87274,37.75438],[-82.87255,37.75472],[-82.87239,37.7552],[-82.87234,37.75689],[-82.87222,37.75738],[-82.87202,37.75785],[-82.87004,37.76067],[-82.86962,37.76115],[-82.86866,37.76184],[-82.86698,37.76258],[-82.86662,37.76283],[-82.86556,37.76421],[-82.86467,37.76512],[-82.86416,37.76554],[-82.86117,37.76761],[-82.85929,37.76843],[-82.85885,37.76874],[-82.85843,37.76923],[-82.85782,37.77039],[-82.85756,37.77068],[-82.8565,37.77153],[-82.85626,37.7718],[-82.85501,37.7741],[-82.85456,37.77467],[-82.85399,37.77517],[-82.85029,37.77773],[-82.84927,37.7782],[-82.84651,37.77909],[-82.84591,37.77943],[-82.84459,37.78047],[-82.84396,37.78079],[-82.84309,37.78105],[-82.84143,37.7813],[-82.84087,37.78146],[-82.83841,37.78284],[-82.83771,37.78315],[-82.83714,37.78332],[-82.83656,37.78343],[-82.8341,37.78363],[-82.83029,37.78413],[-82.82917,37.78419],[-82.82924,37.78426],[-82.82878,37.78423],[-82.82818,37.78409],[-82.82776,37.78392],[-82.82,37.78004],[-82.81931,37.7798],[-82.8182,37.77963],[-82.81511,37.77968],[-82.80972,37.77883],[-82.80901,37.77866],[-82.80835,37.7784],[-82.80677,37.77745],[-82.80604,37.77714],[-82.80504,37.77696],[-82.80412,37.77699],[-82.80357,37.77711],[-82.80306,37.77731],[-82.80305,37.77724],[-82.7993,37.77899],[-82.7984,37.77957],[-82.79793,37.78004],[-82.79749,37.7807],[-82.79729,37.78126],[-82.797,37.78256],[-82.79672,37.78313],[-82.79492,37.78496],[-82.79445,37.78532],[-82.79357,37.78571],[-82.78976,37.78707],[-82.78931,37.78729],[-82.789,37.78755]]]}},{"type":"Feature","properties":{"NAME":"Pine Mountain State Scenic Trail","TYPE":"Recreational state park","COUNTY":"Pike/Letcher","URL":"https://parks.ky.gov/whitesburg/parks/recreation/pine-mountain-state-scenic-trail"},"geometry":{"type":"MultiPolygon","coordinates":[[[[-82.63422,37.15206],[-82.63343,37.15235],[-82.633,37.15276],[-82.6319,37.15413],[-82.63186,37.15426],[-82.63196,37.15447],[-82.63268,37.15501],[-82.63276,37.15501],[-82.63278,37.15493],[-82.63207,37.15441],[-82.632,37.15426],[-82.63311,37.15282],[-82.63352,37.15244],[-82.63426,37.15217],[-82.63528,37.15201],[-82.64055,37.15284],[-82.64142,37.15284],[-82.64208,37.15251],[-82.64257,37.15197],[-82.64257,37.15141],[-82.64366,37.14951],[-82.64393,37.1495],[-82.64586,37.14867],[-82.64728,37.14859],[-82.64775,37.14871],[-82.64808,37.14893],[-82.64854,37.14945],[-82.64866,37.14968],[-82.64883,37.15059],[-82.64999,37.15184],[-82.65057,37.15201],[-82.65244,37.1517],[-82.65337,37.15145],[-82.65391,37.1509],[-82.65449,37.15052],[-82.65481,37.1502],[-82.65507,37.14975],[-82.65505,37.14935],[-82.65464,37.14908],[-82.65447,37.14878],[-82.65444,37.14855],[-82.65461,37.14772],[-82.65483,37.14724],[-82.65539,37.14639],[-82.65553,37.14602],[-82.65554,37.14569],[-82.65542,37.14543],[-82.6549,37.14489],[-82.65481,37.14472],[-82.65486,37.1437],[-82.65504,37.14328],[-82.65532,37.14311],[-82.65654,37.14279],[-82.6569,37.14277],[-82.65721,37.14286],[-82.65749,37.14305],[-82.65835,37.14417],[-82.65882,37.14432],[-82.66109,37.1439],[-82.66167,37.14404],[-82.66234,37.14371],[-82.66284,37.14367],[-82.66326,37.14355],[-82.66351,37.14334],[-82.66365,37.14305],[-82.66367,37.14212],[-82.66371,37.14196],[-82.66383,37.14191],[-82.66574,37.14197],[-82.6661,37.14201],[-82.66684,37.14227],[-82.66726,37.14228],[-82.66775,37.14202],[-82.66901,37.14084],[-82.67026,37.13911],[-82.6707,37.13886],[-82.67134,37.1383],[-82.67161,37.13822],[-82.67185,37.13801],[-82.67193,37.13657],[-82.67211,37.13646],[-82.67286,37.13653],[-82.6736,37.1364],[-82.67479,37.13571],[-82.67585,37.13551],[-82.67644,37.13503],[-82.67656,37.13475],[-82.67675,37.13455],[-82.67825,37.1347],[-82.67885,37.13484],[-82.67943,37.13524],[-82.67988,37.13578],[-82.6802,37.13593],[-82.68068,37.13604],[-82.6817,37.13591],[-82.68222,37.1356],[-82.68276,37.13538],[-82.68493,37.13508],[-82.68587,37.13478],[-82.68644,37.13421],[-82.6874,37.13355],[-82.68773,37.1332],[-82.68806,37.13269],[-82.68827,37.13255],[-82.68852,37.13247],[-82.68885,37.13251],[-82.68931,37.13274],[-82.68973,37.13316],[-82.68999,37.13331],[-82.69063,37.13331],[-82.69443,37.13228],[-82.69481,37.13202],[-82.69512,37.13158],[-82.6952,37.13132],[-82.69613,37.13037],[-82.69697,37.12993],[-82.69804,37.12952],[-82.69894,37.1293],[-82.69957,37.12925],[-82.70004,37.12909],[-82.70143,37.12839],[-82.7017,37.12812],[-82.70277,37.12812],[-82.70341,37.12822],[-82.70413,37.12822],[-82.70474,37.12812],[-82.70504,37.12771],[-82.70534,37.12671],[-82.7092,37.12506],[-82.71014,37.12456],[-82.71119,37.12426],[-82.71172,37.12396],[-82.71184,37.12382],[-82.71173,37.12291],[-82.71183,37.12279],[-82.7121,37.12272],[-82.7128,37.12272],[-82.71307,37.12264],[-82.71341,37.12268],[-82.71391,37.12246],[-82.71436,37.12243],[-82.71491,37.12223],[-82.71507,37.122],[-82.7152,37.12164],[-82.71559,37.12112],[-82.71604,37.12034],[-82.71635,37.12005],[-82.71648,37.11974],[-82.71691,37.11942],[-82.71704,37.11924],[-82.71706,37.11898],[-82.71755,37.11821],[-82.71761,37.11792],[-82.71785,37.11768],[-82.71826,37.11794],[-82.7186,37.1185],[-82.71902,37.11888],[-82.71917,37.11889],[-82.71938,37.11936],[-82.71971,37.11979],[-82.72012,37.12012],[-82.72055,37.12034],[-82.72071,37.12032],[-82.72111,37.12002],[-82.72148,37.11959],[-82.7215,37.11946],[-82.72129,37.11926],[-82.72144,37.11884],[-82.72203,37.11884],[-82.72251,37.11877],[-82.72281,37.11865],[-82.72294,37.11869],[-82.72317,37.11858],[-82.72349,37.11831],[-82.72374,37.11837],[-82.7241,37.11798],[-82.72434,37.11747],[-82.725,37.11721],[-82.72536,37.11674],[-82.72575,37.11639],[-82.72626,37.11613],[-82.72636,37.11589],[-82.72607,37.11551],[-82.72614,37.11544],[-82.72612,37.11527],[-82.72623,37.11516],[-82.72642,37.1152],[-82.72687,37.11506],[-82.72719,37.1151],[-82.72816,37.11569],[-82.72831,37.11552],[-82.72886,37.11536],[-82.72924,37.11514],[-82.72943,37.11499],[-82.72952,37.11475],[-82.72985,37.11468],[-82.73037,37.11442],[-82.73066,37.11439],[-82.73086,37.11424],[-82.73134,37.11409],[-82.73206,37.11365],[-82.73211,37.11321],[-82.73239,37.11308],[-82.73266,37.11309],[-82.73317,37.11282],[-82.7335,37.11252],[-82.73382,37.1124],[-82.73429,37.11237],[-82.73448,37.11224],[-82.73498,37.11224],[-82.73544,37.11212],[-82.73564,37.11192],[-82.73581,37.11158],[-82.73633,37.11156],[-82.73646,37.11151],[-82.73651,37.1114],[-82.73664,37.11137],[-82.7371,37.11141],[-82.73732,37.11136],[-82.73771,37.11093],[-82.73808,37.11072],[-82.73832,37.11072],[-82.73861,37.11059],[-82.73873,37.11063],[-82.73883,37.11058],[-82.73903,37.11065],[-82.73964,37.1106],[-82.74029,37.11009],[-82.74039,37.1099],[-82.74061,37.10969],[-82.7409,37.10952],[-82.74182,37.10924],[-82.74233,37.10918],[-82.74274,37.10895],[-82.74328,37.10886],[-82.74371,37.10843],[-82.74385,37.10841],[-82.74416,37.10858],[-82.74434,37.10859],[-82.74533,37.10825],[-82.74579,37.10798],[-82.74612,37.10794],[-82.74639,37.10782],[-82.7467,37.10783],[-82.74707,37.10797],[-82.74741,37.10778],[-82.74766,37.10751],[-82.74828,37.10709],[-82.74903,37.10716],[-82.74923,37.1073],[-82.74933,37.10729],[-82.7497,37.10712],[-82.74978,37.10701],[-82.74979,37.10685],[-82.75001,37.10675],[-82.75008,37.10659],[-82.75079,37.10659],[-82.75123,37.10628],[-82.7514,37.10589],[-82.75203,37.10545],[-82.75255,37.10541],[-82.75311,37.10516],[-82.75336,37.10531],[-82.75363,37.10528],[-82.75377,37.10512],[-82.75475,37.1047],[-82.75504,37.10469],[-82.75598,37.10411],[-82.75649,37.10404],[-82.75637,37.10414],[-82.7564,37.10421],[-82.75692,37.10433],[-82.75742,37.10412],[-82.75767,37.1042],[-82.75796,37.1042],[-82.75819,37.10433],[-82.75854,37.10436],[-82.75922,37.10419],[-82.76011,37.10468],[-82.76034,37.10471],[-82.76044,37.1048],[-82.76072,37.10482],[-82.76096,37.10497],[-82.76127,37.10483],[-82.76183,37.10481],[-82.76206,37.10468],[-82.76225,37.1047],[-82.76228,37.10454],[-82.76248,37.10426],[-82.76235,37.10383],[-82.76269,37.10381],[-82.76318,37.10357],[-82.76355,37.10357],[-82.76366,37.10341],[-82.76388,37.10332],[-82.76391,37.10322],[-82.76408,37.10314],[-82.76429,37.10291],[-82.76462,37.10283],[-82.76518,37.10252],[-82.7656,37.10217],[-82.76565,37.10205],[-82.76605,37.10181],[-82.76628,37.10195],[-82.76662,37.10196],[-82.76698,37.10185],[-82.76719,37.10188],[-82.76737,37.10182],[-82.76762,37.10145],[-82.76783,37.10132],[-82.76789,37.10114],[-82.76786,37.10097],[-82.76802,37.10083],[-82.7681,37.10058],[-82.76833,37.10048],[-82.76836,37.10035],[-82.76867,37.10029],[-82.76898,37.10008],[-82.76906,37.09989],[-82.76901,37.09959],[-82.76919,37.09908],[-82.7697,37.0983],[-82.76997,37.0985],[-82.7702,37.0985],[-82.77018,37.09836],[-82.77011,37.09831],[-82.77014,37.09801],[-82.7699,37.09767],[-82.76996,37.09751],[-82.76985,37.0969],[-82.76961,37.09672],[-82.7696,37.09651],[-82.76951,37.09635],[-82.7691,37.096],[-82.76872,37.09597],[-82.7683,37.09541],[-82.76794,37.09515],[-82.76779,37.09461],[-82.76741,37.09401],[-82.76735,37.09284],[-82.76743,37.09226],[-82.76783,37.09275],[-82.76815,37.09283],[-82.76859,37.09282],[-82.76886,37.09244],[-82.76938,37.09253],[-82.77016,37.09243],[-82.7708,37.09254],[-82.77099,37.0927],[-82.77118,37.09321],[-82.77135,37.09421],[-82.77171,37.09436],[-82.77248,37.09443],[-82.77311,37.09413],[-82.77377,37.09368],[-82.77423,37.09368],[-82.7756,37.09255],[-82.77699,37.09117],[-82.7781,37.09089],[-82.77838,37.09061],[-82.78198,37.08978],[-82.7831,37.08922],[-82.78339,37.08893],[-82.78503,37.08784],[-82.78586,37.08784],[-82.78723,37.08729],[-82.78855,37.08755],[-82.7886,37.08775],[-82.78892,37.08784],[-82.78933,37.0877],[-82.79032,37.087],[-82.79226,37.08617],[-82.79312,37.08504],[-82.79451,37.08365],[-82.79535,37.08253],[-82.79562,37.08199],[-82.79628,37.08157],[-82.79668,37.08145],[-82.79693,37.08145],[-82.79765,37.08169],[-82.79808,37.08173],[-82.80005,37.08061],[-82.80032,37.08027],[-82.80073,37.08001],[-82.80106,37.08005],[-82.80114,37.08024],[-82.80137,37.08034],[-82.80162,37.08025],[-82.80273,37.0788],[-82.80416,37.07731],[-82.80445,37.07711],[-82.80474,37.07701],[-82.80527,37.07701],[-82.80554,37.0771],[-82.80578,37.07726],[-82.80615,37.07844],[-82.80636,37.07867],[-82.80707,37.07891],[-82.8078,37.07895],[-82.8081,37.07876],[-82.80897,37.07791],[-82.80994,37.07717],[-82.81007,37.07697],[-82.81013,37.07672],[-82.81007,37.07638],[-82.80994,37.07638],[-82.80999,37.07671],[-82.80994,37.07693],[-82.80982,37.07711],[-82.80887,37.07783],[-82.80801,37.07868],[-82.80776,37.07884],[-82.80711,37.07881],[-82.80644,37.07857],[-82.80628,37.0784],[-82.80619,37.07819],[-82.80604,37.07755],[-82.80589,37.07719],[-82.80562,37.07701],[-82.80531,37.0769],[-82.8047,37.0769],[-82.80438,37.07702],[-82.80406,37.07723],[-82.80261,37.07874],[-82.80153,37.08016],[-82.80139,37.08022],[-82.80124,37.08015],[-82.80114,37.07995],[-82.80071,37.07989],[-82.80022,37.08019],[-82.79995,37.08052],[-82.79805,37.08162],[-82.7977,37.08158],[-82.79696,37.08134],[-82.79665,37.08134],[-82.79621,37.08147],[-82.79551,37.08191],[-82.79522,37.08248],[-82.79439,37.08359],[-82.793,37.08498],[-82.79218,37.08608],[-82.79025,37.0869],[-82.78926,37.08761],[-82.78889,37.08773],[-82.78871,37.08767],[-82.78863,37.08745],[-82.78723,37.08717],[-82.78582,37.08773],[-82.78498,37.08773],[-82.78329,37.08885],[-82.78301,37.08913],[-82.78192,37.08968],[-82.77831,37.09051],[-82.77802,37.09079],[-82.77691,37.09107],[-82.7755,37.09248],[-82.77416,37.09358],[-82.77372,37.09357],[-82.77303,37.09404],[-82.77245,37.09432],[-82.77176,37.09425],[-82.77147,37.09414],[-82.77131,37.09317],[-82.77111,37.09265],[-82.77086,37.09244],[-82.77017,37.09232],[-82.76938,37.09242],[-82.7688,37.09232],[-82.76851,37.09272],[-82.76818,37.09272],[-82.76791,37.09266],[-82.76755,37.09215],[-82.76733,37.09216],[-82.76722,37.09283],[-82.76728,37.09405],[-82.76766,37.09465],[-82.76781,37.0952],[-82.76819,37.09548],[-82.76863,37.09606],[-82.76884,37.09614],[-82.76906,37.09611],[-82.76939,37.0964],[-82.76947,37.09654],[-82.76948,37.09678],[-82.76971,37.09694],[-82.76982,37.09751],[-82.76976,37.0977],[-82.77,37.09803],[-82.77001,37.09838],[-82.76972,37.09813],[-82.7696,37.09816],[-82.76957,37.09832],[-82.76942,37.09845],[-82.76905,37.09905],[-82.76887,37.09958],[-82.76892,37.09986],[-82.76885,37.10002],[-82.76861,37.10019],[-82.76825,37.10026],[-82.76822,37.1004],[-82.768,37.1005],[-82.76789,37.10078],[-82.76772,37.10094],[-82.76775,37.10112],[-82.76769,37.10128],[-82.76752,37.10137],[-82.76727,37.10173],[-82.76631,37.10184],[-82.76602,37.10169],[-82.76555,37.10197],[-82.76548,37.10211],[-82.76534,37.10215],[-82.76532,37.10226],[-82.76509,37.10243],[-82.76455,37.10273],[-82.76421,37.10282],[-82.76347,37.10346],[-82.76314,37.10347],[-82.76263,37.1037],[-82.76222,37.10374],[-82.76234,37.10424],[-82.76214,37.1045],[-82.76214,37.10458],[-82.76203,37.10457],[-82.7618,37.10469],[-82.76121,37.10473],[-82.76098,37.10485],[-82.76079,37.10472],[-82.76017,37.10458],[-82.75964,37.10432],[-82.75942,37.10412],[-82.75924,37.10408],[-82.75897,37.10409],[-82.75856,37.10425],[-82.75822,37.10422],[-82.75801,37.10409],[-82.75738,37.10401],[-82.7569,37.10422],[-82.7566,37.10411],[-82.75671,37.10398],[-82.75656,37.10389],[-82.7564,37.10396],[-82.75592,37.104],[-82.75498,37.10458],[-82.75469,37.1046],[-82.75368,37.10503],[-82.75355,37.10519],[-82.75342,37.1052],[-82.7531,37.10504],[-82.7525,37.10531],[-82.75196,37.10535],[-82.75162,37.10554],[-82.75157,37.10565],[-82.75128,37.10583],[-82.75111,37.10621],[-82.75071,37.10649],[-82.75003,37.10647],[-82.7499,37.10668],[-82.74968,37.10678],[-82.7496,37.10703],[-82.74927,37.10718],[-82.74909,37.10706],[-82.74874,37.10699],[-82.7485,37.10703],[-82.74822,37.10698],[-82.74703,37.10786],[-82.74673,37.10772],[-82.74636,37.10771],[-82.74573,37.10788],[-82.74517,37.10819],[-82.74452,37.10843],[-82.74422,37.10848],[-82.74392,37.10831],[-82.74364,37.10833],[-82.74323,37.10875],[-82.74259,37.10888],[-82.7423,37.10907],[-82.74179,37.10913],[-82.74083,37.10942],[-82.74036,37.10974],[-82.74018,37.11001],[-82.73959,37.11049],[-82.73907,37.11054],[-82.73885,37.11047],[-82.73858,37.11048],[-82.73828,37.11061],[-82.73802,37.11062],[-82.73761,37.11085],[-82.73726,37.11126],[-82.73662,37.11126],[-82.73637,37.11134],[-82.7363,37.11145],[-82.73571,37.11148],[-82.73537,37.11202],[-82.73493,37.11213],[-82.73445,37.11212],[-82.73423,37.11226],[-82.73378,37.11229],[-82.73345,37.11241],[-82.73307,37.11274],[-82.73262,37.11298],[-82.73236,37.11297],[-82.73202,37.11312],[-82.73194,37.11321],[-82.73194,37.11358],[-82.73127,37.114],[-82.73082,37.11413],[-82.73059,37.11429],[-82.73033,37.11431],[-82.72982,37.11456],[-82.72957,37.11459],[-82.72936,37.11475],[-82.72923,37.115],[-82.72889,37.11522],[-82.72822,37.11542],[-82.72814,37.11555],[-82.72724,37.115],[-82.72685,37.11495],[-82.72662,37.11505],[-82.72617,37.11506],[-82.72599,37.11523],[-82.72599,37.11542],[-82.72592,37.11549],[-82.72621,37.11591],[-82.72614,37.11607],[-82.72566,37.11631],[-82.72526,37.11666],[-82.72489,37.11714],[-82.72425,37.11738],[-82.72416,37.11748],[-82.72409,37.11776],[-82.72369,37.11825],[-82.72343,37.11821],[-82.72292,37.11857],[-82.72281,37.11853],[-82.72246,37.11866],[-82.722,37.11873],[-82.72149,37.11869],[-82.72135,37.11875],[-82.72126,37.11885],[-82.72115,37.11923],[-82.72119,37.11939],[-82.72135,37.11954],[-82.72124,37.1196],[-82.72122,37.11972],[-82.72099,37.11995],[-82.72065,37.12022],[-82.7202,37.12003],[-82.71983,37.11972],[-82.71949,37.11929],[-82.71928,37.11882],[-82.7191,37.11878],[-82.71871,37.11843],[-82.71851,37.11804],[-82.7182,37.11772],[-82.71801,37.11759],[-82.71781,37.11757],[-82.71748,37.11787],[-82.71742,37.11818],[-82.71692,37.11895],[-82.71685,37.11929],[-82.71657,37.11956],[-82.71635,37.11968],[-82.71627,37.11994],[-82.71597,37.12021],[-82.71547,37.12106],[-82.71507,37.12159],[-82.71482,37.12214],[-82.7143,37.12233],[-82.71372,37.12238],[-82.71358,37.12252],[-82.71338,37.12257],[-82.71304,37.12253],[-82.7126,37.12263],[-82.71209,37.12261],[-82.71175,37.12269],[-82.71159,37.12288],[-82.7117,37.12361],[-82.7117,37.12382],[-82.71164,37.12387],[-82.71112,37.12416],[-82.71007,37.12446],[-82.70914,37.12496],[-82.70522,37.12664],[-82.7049,37.12767],[-82.70468,37.12801],[-82.7041,37.12811],[-82.70343,37.12811],[-82.7028,37.12801],[-82.70165,37.12801],[-82.70135,37.1283],[-82.69998,37.12899],[-82.69953,37.12915],[-82.69891,37.12919],[-82.69798,37.12941],[-82.69725,37.12968],[-82.69604,37.13028],[-82.69508,37.13126],[-82.69499,37.13154],[-82.6947,37.13195],[-82.69435,37.13219],[-82.69059,37.1332],[-82.69004,37.1332],[-82.68939,37.13265],[-82.68888,37.1324],[-82.6885,37.13236],[-82.68821,37.13245],[-82.68795,37.13263],[-82.68761,37.13315],[-82.6873,37.13347],[-82.68635,37.13413],[-82.68579,37.13468],[-82.68489,37.13497],[-82.68271,37.13527],[-82.68215,37.1355],[-82.68165,37.1358],[-82.68068,37.13593],[-82.68026,37.13583],[-82.67999,37.1357],[-82.67953,37.13516],[-82.67892,37.13474],[-82.67829,37.13459],[-82.67669,37.13444],[-82.67644,37.1347],[-82.67631,37.13498],[-82.67578,37.13541],[-82.67475,37.1356],[-82.67355,37.1363],[-82.67285,37.13642],[-82.67206,37.13635],[-82.67182,37.1365],[-82.67171,37.13747],[-82.67172,37.13796],[-82.67154,37.13812],[-82.67127,37.1382],[-82.67061,37.13877],[-82.67016,37.13903],[-82.6689,37.14078],[-82.66765,37.14194],[-82.66721,37.14217],[-82.66689,37.14216],[-82.66614,37.1419],[-82.66378,37.1418],[-82.66359,37.14189],[-82.66353,37.14211],[-82.66351,37.14302],[-82.66339,37.14329],[-82.66318,37.14345],[-82.6628,37.14356],[-82.66229,37.1436],[-82.66165,37.14393],[-82.66149,37.14385],[-82.66107,37.14379],[-82.65881,37.14421],[-82.65845,37.14409],[-82.65759,37.14297],[-82.65727,37.14276],[-82.65694,37.14266],[-82.65652,37.14268],[-82.65525,37.14301],[-82.65493,37.14321],[-82.65473,37.14368],[-82.65468,37.14476],[-82.65478,37.14494],[-82.6553,37.14548],[-82.6554,37.14571],[-82.65539,37.14601],[-82.65526,37.14635],[-82.6547,37.1472],[-82.65448,37.14769],[-82.6543,37.14854],[-82.65433,37.1488],[-82.65453,37.14915],[-82.65492,37.14939],[-82.65493,37.14972],[-82.65469,37.15014],[-82.65439,37.15044],[-82.6538,37.15082],[-82.6533,37.15135],[-82.6524,37.1516],[-82.65057,37.15189],[-82.65006,37.15174],[-82.64896,37.15054],[-82.64879,37.14964],[-82.64866,37.1494],[-82.64818,37.14885],[-82.64785,37.14863],[-82.64728,37.14848],[-82.64583,37.14856],[-82.64388,37.1494],[-82.64358,37.1494],[-82.64244,37.15137],[-82.64244,37.15193],[-82.642,37.15242],[-82.64137,37.15273],[-82.64057,37.15273],[-82.63529,37.1519],[-82.63422,37.15206]]],[[[-82.33874,37.29401],[-82.33798,37.29503],[-82.33774,37.29525],[-82.33778,37.29534],[-82.33809,37.29509],[-82.33884,37.29408],[-82.33981,37.29332],[-82.33982,37.29323],[-82.33891,37.29321],[-82.33755,37.29359],[-82.33682,37.29328],[-82.33643,37.29324],[-82.33574,37.29287],[-82.33465,37.29269],[-82.33422,37.2925],[-82.3336,37.29156],[-82.33342,37.29143],[-82.3321,37.29169],[-82.33177,37.29152],[-82.33131,37.29098],[-82.33021,37.29102],[-82.32941,37.29084],[-82.32857,37.29109],[-82.32719,37.2908],[-82.32716,37.29028],[-82.32726,37.2901],[-82.32718,37.29005],[-82.32647,37.2903],[-82.32559,37.29018],[-82.3254,37.29005],[-82.32462,37.28985],[-82.3233,37.28981],[-82.32273,37.2899],[-82.32133,37.2905],[-82.32065,37.29106],[-82.32007,37.29119],[-82.31997,37.29035],[-82.31906,37.2908],[-82.31865,37.29075],[-82.3184,37.29016],[-82.31898,37.28973],[-82.31958,37.28911],[-82.32032,37.28872],[-82.32058,37.28799],[-82.32192,37.28718],[-82.32207,37.2869],[-82.3225,37.28672],[-82.32278,37.2864],[-82.32334,37.28599],[-82.32412,37.28591],[-82.32486,37.28559],[-82.32516,37.28534],[-82.32633,37.28524],[-82.32715,37.28477],[-82.32782,37.28489],[-82.32858,37.28485],[-82.32972,37.28502],[-82.33044,37.28484],[-82.33074,37.28458],[-82.33142,37.28452],[-82.33198,37.2843],[-82.3326,37.28394],[-82.3337,37.28279],[-82.33416,37.28255],[-82.33496,37.28151],[-82.33525,37.28143],[-82.33612,37.28145],[-82.33661,37.28123],[-82.33629,37.28029],[-82.33642,37.27986],[-82.33685,37.27963],[-82.33768,37.27973],[-82.3382,37.28003],[-82.33855,37.27986],[-82.33889,37.27983],[-82.33922,37.27969],[-82.33943,37.27986],[-82.33965,37.2798],[-82.33942,37.27923],[-82.33948,37.2791],[-82.33963,37.27903],[-82.34,37.27865],[-82.33976,37.27811],[-82.33946,37.27779],[-82.3394,37.27759],[-82.33947,37.27736],[-82.33965,37.27732],[-82.33979,37.27702],[-82.33964,37.27671],[-82.33955,37.27628],[-82.33974,37.27591],[-82.33953,37.27561],[-82.33981,37.27528],[-82.3399,37.27467],[-82.3406,37.2737],[-82.34131,37.27341],[-82.34161,37.27305],[-82.34163,37.27286],[-82.34222,37.27251],[-82.3425,37.27216],[-82.34268,37.27211],[-82.34357,37.27237],[-82.34377,37.27296],[-82.34408,37.2732],[-82.34432,37.27256],[-82.34464,37.27229],[-82.34672,37.27183],[-82.3475,37.27157],[-82.34843,37.27104],[-82.34879,37.2705],[-82.34894,37.26976],[-82.3488,37.26936],[-82.34851,37.2692],[-82.34864,37.26908],[-82.34885,37.26902],[-82.34921,37.26915],[-82.34957,37.26909],[-82.35034,37.26914],[-82.3507,37.26855],[-82.35207,37.26829],[-82.35286,37.26857],[-82.35523,37.26781],[-82.35584,37.26743],[-82.35627,37.26674],[-82.35769,37.26614],[-82.35831,37.26578],[-82.35834,37.26558],[-82.35786,37.26532],[-82.357,37.26516],[-82.3566,37.26526],[-82.35613,37.2656],[-82.35568,37.26532],[-82.35478,37.26562],[-82.35504,37.26544],[-82.35631,37.26504],[-82.35655,37.26509],[-82.35733,37.26503],[-82.35816,37.26481],[-82.3587,37.26479],[-82.3595,37.26489],[-82.36099,37.26474],[-82.36139,37.26467],[-82.36142,37.2646],[-82.36211,37.26469],[-82.36385,37.26421],[-82.36449,37.2642],[-82.36503,37.26386],[-82.36532,37.26362],[-82.36556,37.2633],[-82.36583,37.26314],[-82.3669,37.26292],[-82.3686,37.26237],[-82.36913,37.26236],[-82.36974,37.26245],[-82.37045,37.26235],[-82.37083,37.26205],[-82.37135,37.26178],[-82.37204,37.26158],[-82.37228,37.26139],[-82.37355,37.2611],[-82.37365,37.26086],[-82.37387,37.26076],[-82.37415,37.26076],[-82.37454,37.26058],[-82.37556,37.26038],[-82.37631,37.2601],[-82.37689,37.25996],[-82.37715,37.25998],[-82.37715,37.26009],[-82.37734,37.2602],[-82.37877,37.26019],[-82.37903,37.26004],[-82.37994,37.25994],[-82.38057,37.25997],[-82.38081,37.26013],[-82.38095,37.26015],[-82.38186,37.25982],[-82.3822,37.25996],[-82.38257,37.25995],[-82.38325,37.26011],[-82.38352,37.26011],[-82.38378,37.25992],[-82.38383,37.25978],[-82.38398,37.25976],[-82.38421,37.25961],[-82.38487,37.25957],[-82.38563,37.25973],[-82.38594,37.25943],[-82.38627,37.25931],[-82.38656,37.25909],[-82.38702,37.25889],[-82.38821,37.25901],[-82.38872,37.25882],[-82.38907,37.25857],[-82.38911,37.25847],[-82.38904,37.25837],[-82.3895,37.25819],[-82.38982,37.25817],[-82.39037,37.25788],[-82.39057,37.25789],[-82.39092,37.25778],[-82.3911,37.25795],[-82.39214,37.25805],[-82.39226,37.258],[-82.39237,37.25806],[-82.39263,37.25802],[-82.39289,37.25782],[-82.3929,37.25775],[-82.39349,37.25747],[-82.39381,37.25724],[-82.39435,37.25738],[-82.395,37.25691],[-82.39513,37.25692],[-82.39587,37.25645],[-82.39704,37.25638],[-82.39707,37.25632],[-82.39698,37.25617],[-82.39711,37.25589],[-82.39772,37.25583],[-82.39783,37.25542],[-82.39869,37.25541],[-82.39966,37.25507],[-82.40092,37.25508],[-82.40158,37.25517],[-82.40182,37.25506],[-82.40242,37.25504],[-82.40263,37.25486],[-82.40359,37.25475],[-82.40397,37.2548],[-82.40504,37.25423],[-82.40608,37.25379],[-82.40649,37.25347],[-82.40757,37.25295],[-82.40826,37.25297],[-82.40838,37.25306],[-82.40895,37.25319],[-82.40913,37.25314],[-82.40996,37.25314],[-82.41037,37.25306],[-82.41089,37.25312],[-82.41126,37.25305],[-82.41189,37.25287],[-82.41249,37.25249],[-82.41295,37.25238],[-82.41379,37.25206],[-82.41471,37.25154],[-82.41508,37.25165],[-82.41593,37.2514],[-82.4165,37.25132],[-82.41716,37.25097],[-82.41761,37.25082],[-82.41885,37.25076],[-82.41907,37.25067],[-82.41918,37.2505],[-82.42037,37.25007],[-82.42141,37.24986],[-82.42178,37.24928],[-82.42217,37.24907],[-82.42235,37.24906],[-82.42279,37.2486],[-82.42288,37.24865],[-82.42367,37.24866],[-82.4239,37.24883],[-82.4241,37.24884],[-82.42424,37.24893],[-82.42517,37.2487],[-82.42547,37.24871],[-82.4264,37.24852],[-82.42667,37.2486],[-82.42702,37.24826],[-82.42725,37.24819],[-82.42764,37.24785],[-82.42869,37.24746],[-82.42882,37.24733],[-82.42929,37.2473],[-82.43026,37.24691],[-82.43052,37.24691],[-82.43085,37.24681],[-82.43105,37.24686],[-82.43149,37.24682],[-82.43165,37.24667],[-82.43216,37.2465],[-82.4328,37.24663],[-82.43351,37.24644],[-82.4338,37.2466],[-82.43466,37.24665],[-82.43509,37.24662],[-82.43535,37.2465],[-82.43552,37.24652],[-82.43588,37.24677],[-82.43621,37.24688],[-82.43653,37.24709],[-82.43708,37.24722],[-82.43797,37.24708],[-82.4384,37.24715],[-82.43918,37.24708],[-82.4394,37.247],[-82.44014,37.24618],[-82.43981,37.24602],[-82.43979,37.2456],[-82.43994,37.24505],[-82.44068,37.24459],[-82.44117,37.24469],[-82.44193,37.24459],[-82.44218,37.24441],[-82.44267,37.24417],[-82.44291,37.24413],[-82.4436,37.24373],[-82.44395,37.24395],[-82.44444,37.24404],[-82.44515,37.24394],[-82.44592,37.24408],[-82.4471,37.24371],[-82.44719,37.24376],[-82.44736,37.24408],[-82.44746,37.24411],[-82.44792,37.24391],[-82.4495,37.24365],[-82.45041,37.24319],[-82.45084,37.24284],[-82.45242,37.2422],[-82.45247,37.2421],[-82.45247,37.24146],[-82.45305,37.2411],[-82.45343,37.24078],[-82.45434,37.24061],[-82.45487,37.24059],[-82.45538,37.24026],[-82.45564,37.24034],[-82.45608,37.24013],[-82.45649,37.24006],[-82.45696,37.23961],[-82.45763,37.23911],[-82.45796,37.23903],[-82.45894,37.23902],[-82.45962,37.23876],[-82.45965,37.23865],[-82.45989,37.23864],[-82.46131,37.23802],[-82.4614,37.23802],[-82.46175,37.23829],[-82.46179,37.23823],[-82.46167,37.23737],[-82.46063,37.23731],[-82.46055,37.23687],[-82.46078,37.23654],[-82.46114,37.23566],[-82.46109,37.23559],[-82.46089,37.23555],[-82.46119,37.23543],[-82.46128,37.23545],[-82.46121,37.23613],[-82.46141,37.23644],[-82.4626,37.23657],[-82.4638,37.23687],[-82.46394,37.23672],[-82.46404,37.23624],[-82.46493,37.23543],[-82.46531,37.23485],[-82.46479,37.23421],[-82.46482,37.23409],[-82.46576,37.23383],[-82.46525,37.23419],[-82.46524,37.23426],[-82.46597,37.23482],[-82.46642,37.23496],[-82.46675,37.23527],[-82.46652,37.23556],[-82.46673,37.23569],[-82.46707,37.23546],[-82.46714,37.23505],[-82.46675,37.2346],[-82.46812,37.23442],[-82.46847,37.23421],[-82.46941,37.23401],[-82.47058,37.23355],[-82.47074,37.23355],[-82.47094,37.23435],[-82.47141,37.23445],[-82.47177,37.23437],[-82.47224,37.23449],[-82.47222,37.2352],[-82.47239,37.2354],[-82.47287,37.23537],[-82.47598,37.23385],[-82.47689,37.23372],[-82.47827,37.23326],[-82.47949,37.23244],[-82.47984,37.23211],[-82.48158,37.23131],[-82.48234,37.23077],[-82.48293,37.23063],[-82.48331,37.23041],[-82.48417,37.23024],[-82.48484,37.23041],[-82.48568,37.23043],[-82.48647,37.23037],[-82.48722,37.2302],[-82.48748,37.22997],[-82.48742,37.22977],[-82.48785,37.22966],[-82.4879,37.22925],[-82.48847,37.22854],[-82.48896,37.22811],[-82.4896,37.22777],[-82.49026,37.22751],[-82.49106,37.22651],[-82.49152,37.22551],[-82.49161,37.2257],[-82.49226,37.22564],[-82.49341,37.2264],[-82.494,37.2267],[-82.4941,37.22697],[-82.49402,37.22709],[-82.49435,37.22748],[-82.49477,37.22754],[-82.49536,37.22741],[-82.49681,37.22665],[-82.49763,37.2258],[-82.49778,37.22545],[-82.49893,37.22453],[-82.49968,37.22411],[-82.5033,37.22359],[-82.50438,37.22323],[-82.50667,37.22284],[-82.50863,37.22207],[-82.50949,37.22137],[-82.5102,37.22134],[-82.51043,37.22124],[-82.51085,37.22062],[-82.51108,37.21989],[-82.51102,37.2192],[-82.5112,37.21848],[-82.51134,37.2184],[-82.51142,37.21843],[-82.51227,37.21904],[-82.51337,37.21879],[-82.51407,37.21834],[-82.51522,37.2181],[-82.51543,37.21774],[-82.5167,37.21642],[-82.51728,37.21546],[-82.5176,37.21521],[-82.51777,37.21483],[-82.51884,37.21415],[-82.51966,37.21462],[-82.52001,37.21506],[-82.52048,37.21508],[-82.52187,37.21531],[-82.5225,37.21534],[-82.5237,37.21517],[-82.52415,37.215],[-82.52465,37.21496],[-82.52569,37.21474],[-82.52773,37.21404],[-82.52817,37.21395],[-82.52891,37.21337],[-82.53061,37.2127],[-82.53193,37.21197],[-82.53198,37.21173],[-82.53233,37.21105],[-82.53234,37.21091],[-82.53199,37.21065],[-82.532,37.21046],[-82.53215,37.21019],[-82.53298,37.20956],[-82.53324,37.20913],[-82.53342,37.20855],[-82.53377,37.20801],[-82.53392,37.20792],[-82.53412,37.2079],[-82.53508,37.20811],[-82.53615,37.20843],[-82.53635,37.20838],[-82.53712,37.2084],[-82.53784,37.20811],[-82.53814,37.20805],[-82.53916,37.20806],[-82.53938,37.20828],[-82.53975,37.20838],[-82.54002,37.20838],[-82.54024,37.20832],[-82.54092,37.20751],[-82.54115,37.20742],[-82.54178,37.20751],[-82.54227,37.20732],[-82.54258,37.20704],[-82.54281,37.2066],[-82.54306,37.20644],[-82.54318,37.20642],[-82.54392,37.20679],[-82.54456,37.20673],[-82.54473,37.20653],[-82.54475,37.20638],[-82.54459,37.20563],[-82.54458,37.20528],[-82.54476,37.20499],[-82.5453,37.20459],[-82.54588,37.20439],[-82.54648,37.20432],[-82.54699,37.20457],[-82.54743,37.20426],[-82.54773,37.20421],[-82.54828,37.20431],[-82.5488,37.2043],[-82.54936,37.20411],[-82.55021,37.20454],[-82.55059,37.20446],[-82.55179,37.20365],[-82.55292,37.20325],[-82.55347,37.20293],[-82.55359,37.20278],[-82.55354,37.20264],[-82.55337,37.20248],[-82.55346,37.20217],[-82.55368,37.20193],[-82.55436,37.20141],[-82.55466,37.20099],[-82.55498,37.20082],[-82.55583,37.20063],[-82.55646,37.20036],[-82.55842,37.19865],[-82.559,37.19776],[-82.55943,37.1976],[-82.5601,37.19751],[-82.56053,37.1973],[-82.56107,37.19687],[-82.56201,37.19665],[-82.56319,37.19582],[-82.56417,37.19528],[-82.56439,37.1951],[-82.56458,37.1945],[-82.56477,37.1945],[-82.56525,37.19431],[-82.56546,37.19429],[-82.56597,37.19403],[-82.56629,37.19366],[-82.56641,37.19339],[-82.56644,37.19303],[-82.56638,37.19281],[-82.56646,37.19266],[-82.56664,37.19254],[-82.56729,37.19235],[-82.56773,37.19239],[-82.5681,37.19233],[-82.56849,37.19214],[-82.56867,37.19226],[-82.56967,37.19244],[-82.57007,37.1926],[-82.57064,37.19262],[-82.57085,37.19256],[-82.57199,37.19174],[-82.57229,37.19161],[-82.57372,37.19127],[-82.57482,37.19055],[-82.57532,37.18986],[-82.57568,37.18974],[-82.57628,37.18994],[-82.57674,37.18996],[-82.57702,37.18985],[-82.57732,37.18951],[-82.57744,37.18923],[-82.57778,37.18891],[-82.57933,37.18791],[-82.58049,37.18769],[-82.58187,37.18708],[-82.58222,37.18688],[-82.58243,37.18667],[-82.58286,37.18647],[-82.58317,37.18639],[-82.58451,37.18628],[-82.58496,37.186],[-82.58537,37.18584],[-82.58582,37.18553],[-82.58671,37.18462],[-82.5871,37.18439],[-82.58778,37.18375],[-82.58833,37.18348],[-82.58843,37.18311],[-82.58912,37.18268],[-82.58956,37.18252],[-82.5907,37.18239],[-82.59154,37.18209],[-82.59294,37.18178],[-82.59304,37.18164],[-82.59224,37.18043],[-82.59253,37.18035],[-82.59285,37.18013],[-82.59308,37.17982],[-82.59274,37.17975],[-82.59275,37.17957],[-82.59311,37.17908],[-82.59368,37.17874],[-82.59378,37.17856],[-82.59365,37.17804],[-82.59357,37.17802],[-82.59315,37.17826],[-82.59311,37.17793],[-82.59372,37.1776],[-82.59408,37.17719],[-82.59425,37.1772],[-82.5949,37.177],[-82.5954,37.17658],[-82.59555,37.17616],[-82.59631,37.17589],[-82.59685,37.17543],[-82.59717,37.17556],[-82.59781,37.17562],[-82.59722,37.17596],[-82.59712,37.17639],[-82.59639,37.17698],[-82.59644,37.17717],[-82.59664,37.1773],[-82.597,37.17712],[-82.59724,37.17724],[-82.59855,37.1768],[-82.59893,37.17643],[-82.60033,37.17581],[-82.60062,37.17528],[-82.60104,37.17504],[-82.60114,37.17542],[-82.60175,37.17563],[-82.60246,37.17557],[-82.60292,37.17546],[-82.60311,37.17507],[-82.6038,37.17447],[-82.60411,37.17431],[-82.60489,37.17411],[-82.60544,37.17405],[-82.60628,37.1735],[-82.6067,37.17312],[-82.60697,37.17299],[-82.60752,37.17301],[-82.60837,37.17281],[-82.60898,37.17239],[-82.60907,37.17186],[-82.60898,37.17178],[-82.60971,37.17134],[-82.60968,37.17126],[-82.60926,37.17129],[-82.60933,37.17117],[-82.61054,37.17045],[-82.61175,37.17016],[-82.61226,37.16985],[-82.61273,37.17001],[-82.61291,37.16988],[-82.613,37.1699],[-82.61324,37.16979],[-82.61336,37.16989],[-82.6137,37.16972],[-82.61426,37.16973],[-82.61429,37.16958],[-82.61507,37.16912],[-82.61579,37.16889],[-82.61625,37.16883],[-82.6172,37.16838],[-82.61792,37.16775],[-82.61892,37.16712],[-82.61986,37.16689],[-82.62006,37.16669],[-82.62058,37.16651],[-82.62101,37.1661],[-82.62232,37.16538],[-82.62257,37.16507],[-82.62311,37.16474],[-82.62358,37.16434],[-82.62437,37.16341],[-82.62615,37.16169],[-82.62672,37.16118],[-82.62744,37.16084],[-82.62828,37.15985],[-82.62928,37.15889],[-82.6298,37.15796],[-82.63062,37.15697],[-82.63166,37.15673],[-82.63244,37.15601],[-82.63302,37.15504],[-82.63291,37.15502],[-82.63233,37.15595],[-82.63158,37.15664],[-82.63052,37.15689],[-82.62968,37.15791],[-82.62916,37.15883],[-82.62817,37.15978],[-82.62733,37.16077],[-82.62663,37.16109],[-82.62604,37.16162],[-82.62426,37.16334],[-82.62347,37.16427],[-82.62302,37.16466],[-82.62248,37.16499],[-82.62223,37.1653],[-82.62092,37.16601],[-82.62049,37.16642],[-82.61996,37.16661],[-82.61979,37.16679],[-82.61885,37.16702],[-82.61783,37.16766],[-82.61711,37.16829],[-82.6162,37.16872],[-82.61576,37.16878],[-82.61501,37.16902],[-82.61451,37.16928],[-82.61417,37.16952],[-82.61416,37.16962],[-82.61367,37.16961],[-82.61337,37.16976],[-82.61328,37.16965],[-82.61304,37.16975],[-82.61295,37.16969],[-82.61269,37.16989],[-82.61224,37.16973],[-82.61169,37.17006],[-82.61047,37.17035],[-82.60921,37.17111],[-82.60909,37.17139],[-82.60941,37.17139],[-82.60879,37.17176],[-82.60893,37.17188],[-82.60884,37.17235],[-82.60829,37.17272],[-82.60749,37.1729],[-82.60693,37.17288],[-82.60661,37.17303],[-82.60619,37.17342],[-82.60538,37.17394],[-82.60485,37.174],[-82.60404,37.17421],[-82.6037,37.17439],[-82.603,37.175],[-82.60284,37.17536],[-82.60179,37.17552],[-82.60124,37.17534],[-82.60116,37.17494],[-82.60107,37.17489],[-82.60052,37.1752],[-82.60023,37.17573],[-82.59883,37.17635],[-82.59846,37.17671],[-82.59722,37.17712],[-82.59698,37.17699],[-82.59668,37.17717],[-82.59655,37.1771],[-82.59653,37.17702],[-82.59725,37.17644],[-82.59733,37.17603],[-82.5981,37.17561],[-82.59806,37.17553],[-82.59722,37.17545],[-82.5968,37.17532],[-82.59622,37.1758],[-82.59544,37.17608],[-82.59527,37.17653],[-82.59481,37.17691],[-82.59422,37.17709],[-82.59401,37.17709],[-82.59362,37.17752],[-82.59297,37.17789],[-82.59305,37.17841],[-82.59355,37.17817],[-82.59364,37.17853],[-82.59357,37.17866],[-82.59302,37.17899],[-82.59262,37.17954],[-82.5926,37.17982],[-82.59289,37.17987],[-82.59274,37.18006],[-82.59246,37.18025],[-82.59215,37.18032],[-82.5921,37.18043],[-82.59256,37.18108],[-82.59289,37.18166],[-82.59286,37.18169],[-82.59149,37.18199],[-82.59067,37.18228],[-82.58951,37.18241],[-82.58906,37.18258],[-82.58832,37.18303],[-82.58823,37.1834],[-82.58769,37.18366],[-82.58701,37.1843],[-82.58661,37.18454],[-82.58572,37.18545],[-82.58528,37.18575],[-82.58446,37.18617],[-82.58313,37.18628],[-82.58281,37.18637],[-82.58235,37.18658],[-82.58181,37.18698],[-82.58044,37.18759],[-82.57927,37.18781],[-82.57767,37.18883],[-82.57732,37.18916],[-82.57719,37.18946],[-82.57695,37.18975],[-82.5767,37.18985],[-82.57631,37.18983],[-82.57565,37.18963],[-82.57525,37.18976],[-82.57506,37.18993],[-82.57496,37.19017],[-82.57473,37.19046],[-82.57365,37.19117],[-82.57223,37.19151],[-82.57191,37.19165],[-82.57078,37.19246],[-82.57063,37.19251],[-82.5701,37.19249],[-82.56973,37.19234],[-82.56873,37.19216],[-82.56852,37.19202],[-82.56829,37.19207],[-82.56804,37.19223],[-82.56772,37.19228],[-82.56728,37.19224],[-82.56655,37.19245],[-82.56634,37.1926],[-82.56624,37.19279],[-82.56631,37.19305],[-82.56627,37.19336],[-82.56616,37.19361],[-82.56568,37.19409],[-82.56448,37.19442],[-82.56428,37.19504],[-82.56279,37.19594],[-82.56194,37.19655],[-82.56102,37.19677],[-82.56044,37.19721],[-82.56005,37.1974],[-82.55939,37.19749],[-82.55892,37.19767],[-82.55861,37.19806],[-82.55831,37.19858],[-82.55636,37.20027],[-82.55578,37.20052],[-82.55492,37.20072],[-82.55457,37.2009],[-82.55424,37.20134],[-82.55357,37.20186],[-82.55333,37.20212],[-82.55323,37.20252],[-82.55342,37.20269],[-82.55345,37.20277],[-82.55338,37.20285],[-82.55286,37.20315],[-82.55172,37.20355],[-82.55051,37.20437],[-82.55024,37.20443],[-82.54934,37.20399],[-82.54876,37.20419],[-82.5483,37.2042],[-82.54773,37.2041],[-82.54738,37.20415],[-82.54697,37.20446],[-82.54648,37.20421],[-82.54583,37.20429],[-82.54523,37.2045],[-82.54465,37.20492],[-82.54445,37.20525],[-82.54443,37.20551],[-82.54461,37.20638],[-82.5446,37.20649],[-82.54448,37.20664],[-82.54397,37.20668],[-82.54322,37.20631],[-82.54302,37.20633],[-82.5427,37.20654],[-82.54246,37.20699],[-82.54218,37.20723],[-82.54168,37.20741],[-82.54113,37.2073],[-82.54084,37.20742],[-82.54065,37.20757],[-82.54057,37.20776],[-82.54015,37.20823],[-82.53999,37.20827],[-82.53947,37.20819],[-82.53923,37.20795],[-82.53811,37.20794],[-82.5378,37.208],[-82.53709,37.20829],[-82.53631,37.20827],[-82.53619,37.20832],[-82.53426,37.20781],[-82.53387,37.20781],[-82.53365,37.20795],[-82.53329,37.20851],[-82.53311,37.20909],[-82.53287,37.20949],[-82.53204,37.21012],[-82.53187,37.21042],[-82.53186,37.2107],[-82.5322,37.21092],[-82.53181,37.21191],[-82.53053,37.21261],[-82.52884,37.21327],[-82.52812,37.21385],[-82.52769,37.21393],[-82.52565,37.21464],[-82.52411,37.2149],[-82.52364,37.21507],[-82.5225,37.21523],[-82.52008,37.21495],[-82.51975,37.21454],[-82.51882,37.21403],[-82.51765,37.21476],[-82.51749,37.21514],[-82.51716,37.2154],[-82.51658,37.21637],[-82.51531,37.21768],[-82.51513,37.21801],[-82.51402,37.21823],[-82.51331,37.21869],[-82.51227,37.21893],[-82.5115,37.21834],[-82.51132,37.21828],[-82.51109,37.2184],[-82.51089,37.21919],[-82.51094,37.21987],[-82.51072,37.22058],[-82.51035,37.22115],[-82.51015,37.22123],[-82.50944,37.22126],[-82.50854,37.22198],[-82.50661,37.22274],[-82.50433,37.22312],[-82.50326,37.22348],[-82.49964,37.224],[-82.49884,37.22444],[-82.49765,37.22539],[-82.49751,37.22574],[-82.49672,37.22657],[-82.4953,37.22731],[-82.49475,37.22743],[-82.49442,37.22738],[-82.49417,37.22707],[-82.49425,37.22697],[-82.49411,37.22663],[-82.4935,37.22631],[-82.4923,37.22553],[-82.49169,37.22559],[-82.49162,37.22538],[-82.49154,37.22535],[-82.49138,37.22546],[-82.49093,37.22646],[-82.49016,37.22743],[-82.48953,37.22767],[-82.48888,37.22802],[-82.48836,37.22847],[-82.48777,37.2292],[-82.48773,37.22958],[-82.48731,37.22968],[-82.48734,37.22995],[-82.48716,37.2301],[-82.48685,37.23013],[-82.48643,37.23027],[-82.48567,37.23032],[-82.48486,37.2303],[-82.48418,37.23013],[-82.48324,37.23031],[-82.48286,37.23053],[-82.48228,37.23066],[-82.48151,37.23121],[-82.47976,37.23202],[-82.4794,37.23236],[-82.47821,37.23316],[-82.47684,37.23361],[-82.47594,37.23374],[-82.47282,37.23526],[-82.47246,37.23529],[-82.47235,37.23515],[-82.47237,37.23441],[-82.47179,37.23426],[-82.47143,37.23434],[-82.47104,37.23426],[-82.47085,37.23346],[-82.47055,37.23344],[-82.46935,37.23391],[-82.46842,37.2341],[-82.46806,37.23432],[-82.46659,37.23451],[-82.46657,37.23458],[-82.467,37.23506],[-82.46694,37.2354],[-82.4667,37.23557],[-82.4669,37.23524],[-82.4665,37.23487],[-82.46605,37.23473],[-82.4654,37.23423],[-82.46611,37.23373],[-82.4661,37.23363],[-82.46471,37.234],[-82.46465,37.23424],[-82.46516,37.23484],[-82.46482,37.23537],[-82.46391,37.2362],[-82.46381,37.23668],[-82.46374,37.23675],[-82.46263,37.23646],[-82.4615,37.23635],[-82.46135,37.2361],[-82.46142,37.23539],[-82.46116,37.23531],[-82.46064,37.23555],[-82.46067,37.23562],[-82.46098,37.23568],[-82.46065,37.23649],[-82.46041,37.23687],[-82.46052,37.2374],[-82.46157,37.23747],[-82.46164,37.23807],[-82.46148,37.23792],[-82.46127,37.23791],[-82.45985,37.23853],[-82.45956,37.23853],[-82.45951,37.23868],[-82.45889,37.23891],[-82.45793,37.23892],[-82.45757,37.23901],[-82.45686,37.23953],[-82.45642,37.23996],[-82.45601,37.24003],[-82.45561,37.24023],[-82.45535,37.24014],[-82.45482,37.24048],[-82.45431,37.2405],[-82.45336,37.24068],[-82.45296,37.24102],[-82.45234,37.24141],[-82.45232,37.24211],[-82.45076,37.24275],[-82.45032,37.2431],[-82.44944,37.24355],[-82.44788,37.2438],[-82.44746,37.24398],[-82.4473,37.24369],[-82.44713,37.24359],[-82.44587,37.24397],[-82.44518,37.24383],[-82.44446,37.24393],[-82.44401,37.24385],[-82.44361,37.24359],[-82.44303,37.24394],[-82.44262,37.24406],[-82.44187,37.24449],[-82.44119,37.24458],[-82.44062,37.24448],[-82.43982,37.24499],[-82.43966,37.24559],[-82.43967,37.24606],[-82.43996,37.2462],[-82.43932,37.2469],[-82.43913,37.24697],[-82.43842,37.24704],[-82.43795,37.24697],[-82.43709,37.24711],[-82.4366,37.24699],[-82.43556,37.24641],[-82.43533,37.24639],[-82.43505,37.24651],[-82.43466,37.24654],[-82.43384,37.24649],[-82.43356,37.24633],[-82.43277,37.24652],[-82.43213,37.24639],[-82.43157,37.24658],[-82.43142,37.24672],[-82.43107,37.24675],[-82.43083,37.24669],[-82.43048,37.2468],[-82.43023,37.2468],[-82.42924,37.24719],[-82.42877,37.24722],[-82.42862,37.24736],[-82.42755,37.24776],[-82.42717,37.2481],[-82.42693,37.24817],[-82.42662,37.24848],[-82.42639,37.2484],[-82.42544,37.2486],[-82.42514,37.24859],[-82.42426,37.24881],[-82.42414,37.24873],[-82.42396,37.24872],[-82.42371,37.24855],[-82.42292,37.24854],[-82.42275,37.24847],[-82.42228,37.24896],[-82.42211,37.24897],[-82.42168,37.2492],[-82.42134,37.24976],[-82.42032,37.24996],[-82.41909,37.25041],[-82.41897,37.25059],[-82.4188,37.25065],[-82.41757,37.25071],[-82.41709,37.25088],[-82.41645,37.25122],[-82.4159,37.25129],[-82.41506,37.25154],[-82.41468,37.25142],[-82.41373,37.25196],[-82.41289,37.25228],[-82.41242,37.25239],[-82.41166,37.25283],[-82.41087,37.25301],[-82.41035,37.25295],[-82.40896,37.25308],[-82.40844,37.25296],[-82.4083,37.25286],[-82.40754,37.25284],[-82.4064,37.25338],[-82.40601,37.25369],[-82.40496,37.25413],[-82.40393,37.25469],[-82.40358,37.25464],[-82.40258,37.25475],[-82.40237,37.25493],[-82.4018,37.25495],[-82.40154,37.25506],[-82.40093,37.25497],[-82.39964,37.25496],[-82.39865,37.2553],[-82.39776,37.25531],[-82.39761,37.25575],[-82.3971,37.25575],[-82.39699,37.25582],[-82.39683,37.25617],[-82.39689,37.25628],[-82.39582,37.25634],[-82.39507,37.25681],[-82.39493,37.25681],[-82.3943,37.25726],[-82.39377,37.25712],[-82.39342,37.25737],[-82.39273,37.25771],[-82.39272,37.25779],[-82.39257,37.25792],[-82.39241,37.25795],[-82.39224,37.25788],[-82.39213,37.25794],[-82.39116,37.25785],[-82.39095,37.25766],[-82.39053,37.25778],[-82.39033,37.25777],[-82.38978,37.25806],[-82.38946,37.25808],[-82.38889,37.25829],[-82.38896,37.2585],[-82.38863,37.25873],[-82.38817,37.2589],[-82.38698,37.25878],[-82.38585,37.25934],[-82.38559,37.25961],[-82.38489,37.25946],[-82.38416,37.2595],[-82.38392,37.25966],[-82.38374,37.25969],[-82.38365,37.25987],[-82.38347,37.26],[-82.38259,37.25984],[-82.38224,37.25985],[-82.38189,37.25971],[-82.38171,37.25972],[-82.38156,37.25983],[-82.38093,37.26004],[-82.38061,37.25986],[-82.37994,37.25983],[-82.37899,37.25993],[-82.37872,37.26008],[-82.37739,37.26009],[-82.37728,37.26003],[-82.37725,37.25987],[-82.37685,37.25985],[-82.37674,37.25992],[-82.37626,37.25999],[-82.37551,37.26028],[-82.3745,37.26047],[-82.37409,37.26065],[-82.37384,37.26065],[-82.37355,37.26077],[-82.37347,37.261],[-82.3722,37.26129],[-82.37197,37.26148],[-82.37128,37.26168],[-82.37074,37.26197],[-82.37041,37.26224],[-82.36974,37.26234],[-82.36915,37.26225],[-82.36857,37.26226],[-82.36685,37.26282],[-82.36579,37.26303],[-82.36547,37.26321],[-82.3652,37.26355],[-82.36445,37.26409],[-82.36384,37.26409],[-82.36209,37.26458],[-82.36123,37.26447],[-82.36122,37.26458],[-82.36096,37.26463],[-82.35949,37.26478],[-82.35872,37.26468],[-82.35813,37.2647],[-82.3573,37.26492],[-82.35654,37.26498],[-82.35628,37.26493],[-82.35496,37.26534],[-82.35455,37.26564],[-82.35454,37.26571],[-82.35489,37.26573],[-82.35569,37.26544],[-82.35615,37.26573],[-82.35667,37.26535],[-82.35699,37.26527],[-82.3578,37.26542],[-82.3582,37.2656],[-82.35818,37.26572],[-82.35761,37.26605],[-82.35618,37.26665],[-82.35572,37.26737],[-82.35517,37.26771],[-82.35284,37.26846],[-82.35209,37.26818],[-82.35064,37.26844],[-82.35028,37.26903],[-82.34955,37.26898],[-82.34924,37.26904],[-82.34875,37.26891],[-82.34855,37.26899],[-82.34837,37.26918],[-82.34838,37.26925],[-82.34869,37.26944],[-82.3488,37.26976],[-82.34865,37.27047],[-82.34833,37.27096],[-82.34744,37.27147],[-82.34666,37.27173],[-82.34456,37.27219],[-82.34419,37.27252],[-82.34403,37.27283],[-82.34401,37.27301],[-82.3439,37.2729],[-82.34379,37.27248],[-82.34368,37.2723],[-82.34351,37.27219],[-82.34257,37.272],[-82.34241,37.27207],[-82.34213,37.27243],[-82.34152,37.2728],[-82.34148,37.27301],[-82.34121,37.27332],[-82.34049,37.27362],[-82.33977,37.27463],[-82.33967,37.27525],[-82.33939,37.27557],[-82.33941,37.27569],[-82.3396,37.27593],[-82.33941,37.27627],[-82.3395,37.27674],[-82.33965,37.277],[-82.33954,37.27724],[-82.33934,37.27729],[-82.33926,37.2776],[-82.33933,37.27784],[-82.33963,37.27816],[-82.33985,37.27866],[-82.33937,37.27903],[-82.33928,37.27922],[-82.3395,37.27973],[-82.33922,37.27957],[-82.33884,37.27972],[-82.33851,37.27975],[-82.33823,37.27991],[-82.33773,37.27962],[-82.33682,37.27952],[-82.33631,37.27979],[-82.33615,37.2803],[-82.33648,37.28116],[-82.33608,37.28134],[-82.33523,37.28132],[-82.33487,37.28143],[-82.33404,37.28249],[-82.3336,37.28271],[-82.33251,37.28386],[-82.33191,37.2842],[-82.33137,37.28441],[-82.33069,37.28447],[-82.33037,37.28474],[-82.3297,37.28491],[-82.3286,37.28474],[-82.32784,37.28478],[-82.32712,37.28465],[-82.32628,37.28513],[-82.32511,37.28523],[-82.32477,37.2855],[-82.32407,37.2858],[-82.32329,37.28588],[-82.32268,37.28633],[-82.3224,37.28663],[-82.32197,37.28681],[-82.3218,37.28711],[-82.32047,37.28792],[-82.32022,37.28864],[-82.31949,37.28902],[-82.31889,37.28965],[-82.31869,37.28974],[-82.31825,37.29013],[-82.31857,37.29085],[-82.31911,37.29091],[-82.31987,37.2905],[-82.31993,37.29126],[-82.31998,37.29131],[-82.32071,37.29116],[-82.32142,37.29059],[-82.32207,37.29027],[-82.32278,37.29001],[-82.32332,37.28992],[-82.32459,37.28996],[-82.32535,37.29016],[-82.32553,37.29028],[-82.32648,37.29041],[-82.32707,37.29018],[-82.32702,37.29027],[-82.32708,37.29089],[-82.32856,37.2912],[-82.32943,37.29095],[-82.33018,37.29113],[-82.33126,37.29109],[-82.33168,37.29161],[-82.33207,37.2918],[-82.33338,37.29155],[-82.33348,37.29162],[-82.33413,37.29259],[-82.3346,37.2928],[-82.33569,37.29297],[-82.33639,37.29335],[-82.33678,37.29339],[-82.33751,37.2937],[-82.33893,37.29332],[-82.3396,37.29333],[-82.33874,37.29401]]]]}},{"type":"Feature","properties":{"NAME":"Lake Barkley State Resort Park","TYPE":"Resort state park","COUNTY":"Trigg","URL":"https://parks.ky.gov/cadiz/parks/resort/lake-barkley-state-resort-park"},"geometry":{"type":"MultiPolygon","coordinates":[[[[-87.90311,36.85726],[-87.9019,36.85971],[-87.90227,36.85989],[-87.90302,36.85922],[-87.90481,36.85689],[-87.90533,36.85601],[-87.90546,36.85555],[-87.90578,36.85553],[-87.90689,36.85438],[-87.90705,36.85409],[-87.90715,36.85287],[-87.90781,36.85275],[-87.90832,36.85302],[-87.90973,36.854],[-87.91261,36.8548],[-87.91488,36.85582],[-87.91666,36.85683],[-87.91732,36.85731],[-87.91854,36.85837],[-87.91917,36.85881],[-87.91956,36.85884],[-87.91985,36.85876],[-87.92016,36.85864],[-87.92077,36.85825],[-87.92094,36.85827],[-87.92122,36.85887],[-87.92135,36.85897],[-87.92201,36.85875],[-87.92233,36.85873],[-87.9235,36.85907],[-87.92398,36.8588],[-87.92459,36.85856],[-87.92477,36.85866],[-87.92524,36.85857],[-87.92525,36.85844],[-87.92565,36.85781],[-87.9254,36.85744],[-87.92508,36.85713],[-87.92499,36.85677],[-87.92499,36.85658],[-87.92508,36.85638],[-87.92552,36.856],[-87.92617,36.85573],[-87.92717,36.85549],[-87.92769,36.85528],[-87.92922,36.85342],[-87.92919,36.85311],[-87.92899,36.85266],[-87.9285,36.85208],[-87.9282,36.85186],[-87.92791,36.85182],[-87.92734,36.85142],[-87.92739,36.85129],[-87.92798,36.85072],[-87.92809,36.85052],[-87.9281,36.85032],[-87.92807,36.85006],[-87.92792,36.84971],[-87.92756,36.84933],[-87.92741,36.84891],[-87.9273,36.84849],[-87.92733,36.84796],[-87.92763,36.84806],[-87.92803,36.84838],[-87.92885,36.84873],[-87.9293,36.84887],[-87.93001,36.84895],[-87.93032,36.84909],[-87.93022,36.84969],[-87.93026,36.84978],[-87.93083,36.85033],[-87.9311,36.85075],[-87.93134,36.85089],[-87.93188,36.85088],[-87.93193,36.85106],[-87.93266,36.85083],[-87.93741,36.85346],[-87.93826,36.85377],[-87.93999,36.85424],[-87.94164,36.85441],[-87.94324,36.85446],[-87.94338,36.85446],[-87.94353,36.85434],[-87.94364,36.85401],[-87.94359,36.85342],[-87.94244,36.85189],[-87.94226,36.85133],[-87.94179,36.85038],[-87.94135,36.84999],[-87.94168,36.84953],[-87.94158,36.84868],[-87.94146,36.8485],[-87.94113,36.84826],[-87.94076,36.8481],[-87.93983,36.84814],[-87.93946,36.84832],[-87.93843,36.84851],[-87.93792,36.84824],[-87.93823,36.84729],[-87.93844,36.84714],[-87.93861,36.8469],[-87.939,36.84661],[-87.93953,36.84657],[-87.94013,36.84677],[-87.94029,36.84672],[-87.94048,36.8465],[-87.94066,36.84616],[-87.94075,36.84471],[-87.94105,36.84427],[-87.94086,36.8437],[-87.94096,36.84344],[-87.94095,36.84313],[-87.94087,36.84296],[-87.94068,36.84287],[-87.94059,36.84243],[-87.94092,36.84174],[-87.94096,36.84149],[-87.94088,36.84128],[-87.94024,36.84085],[-87.9401,36.84056],[-87.94026,36.83972],[-87.94001,36.83954],[-87.93974,36.83911],[-87.9397,36.83803],[-87.9396,36.83785],[-87.93921,36.83764],[-87.93892,36.83761],[-87.93861,36.83741],[-87.93847,36.83724],[-87.93815,36.83722],[-87.93619,36.83645],[-87.9353,36.83653],[-87.9351,36.83643],[-87.93496,36.83609],[-87.93405,36.83526],[-87.93353,36.83462],[-87.93282,36.83409],[-87.93382,36.83287],[-87.93477,36.83337],[-87.93528,36.83284],[-87.9352,36.83273],[-87.93444,36.83261],[-87.93387,36.83229],[-87.93324,36.83224],[-87.93351,36.83204],[-87.9335,36.83159],[-87.93341,36.8313],[-87.933,36.83094],[-87.9337,36.83099],[-87.93371,36.83014],[-87.9338,36.8301],[-87.93388,36.82855],[-87.93414,36.82769],[-87.93406,36.82767],[-87.93445,36.82643],[-87.93306,36.82505],[-87.93195,36.82095],[-87.93186,36.8147],[-87.92841,36.8071],[-87.92829,36.80597],[-87.92613,36.80628],[-87.92619,36.80662],[-87.92871,36.81324],[-87.92249,36.81278],[-87.92314,36.8146],[-87.92345,36.81587],[-87.92353,36.81666],[-87.9235,36.81797],[-87.92327,36.8188],[-87.92245,36.82004],[-87.92054,36.82043],[-87.91416,36.81209],[-87.91117,36.81339],[-87.91218,36.81133],[-87.90951,36.81045],[-87.9086,36.81267],[-87.90463,36.81251],[-87.90322,36.81251],[-87.90344,36.81424],[-87.90282,36.81428],[-87.90227,36.81446],[-87.90286,36.8149],[-87.90316,36.81541],[-87.9036,36.81537],[-87.90365,36.81671],[-87.90395,36.81809],[-87.90402,36.81909],[-87.90118,36.82288],[-87.89998,36.82294],[-87.8993,36.82278],[-87.89891,36.82216],[-87.89841,36.82206],[-87.89804,36.82184],[-87.89691,36.82286],[-87.89602,36.82329],[-87.89605,36.82399],[-87.89578,36.82545],[-87.89533,36.82705],[-87.89462,36.82695],[-87.89456,36.82825],[-87.89516,36.8281],[-87.89729,36.82844],[-87.89837,36.82851],[-87.89988,36.82847],[-87.90118,36.82854],[-87.90252,36.82889],[-87.90417,36.82956],[-87.90512,36.82979],[-87.90723,36.83012],[-87.90699,36.83153],[-87.90621,36.83141],[-87.90554,36.83384],[-87.90534,36.8343],[-87.90552,36.83545],[-87.90502,36.83855],[-87.90519,36.84213],[-87.90535,36.8431],[-87.90683,36.84234],[-87.90904,36.84087],[-87.91051,36.84123],[-87.91047,36.84361],[-87.91068,36.84488],[-87.90851,36.84534],[-87.90815,36.84564],[-87.90861,36.84601],[-87.9087,36.84635],[-87.90867,36.84665],[-87.90798,36.84765],[-87.90755,36.84799],[-87.90761,36.84895],[-87.90461,36.85078],[-87.9042,36.85531],[-87.90251,36.85506],[-87.90311,36.85726]]],[[[-87.91392,36.86384],[-87.91462,36.86432],[-87.91564,36.86485],[-87.91669,36.86505],[-87.91651,36.86431],[-87.91699,36.86383],[-87.91663,36.86323],[-87.91586,36.86278],[-87.91505,36.86241],[-87.91408,36.86238],[-87.91346,36.86279],[-87.91324,36.86189],[-87.91404,36.86122],[-87.91403,36.8606],[-87.91368,36.85991],[-87.91252,36.85905],[-87.91135,36.85922],[-87.91092,36.8587],[-87.90991,36.85798],[-87.90934,36.85827],[-87.90865,36.85838],[-87.9078,36.85867],[-87.90736,36.85938],[-87.90696,36.85987],[-87.90714,36.86058],[-87.90811,36.86075],[-87.90795,36.86116],[-87.90805,36.86157],[-87.90819,36.86178],[-87.90751,36.86202],[-87.90646,36.86188],[-87.90615,36.86237],[-87.90662,36.86273],[-87.90723,36.86306],[-87.90811,36.86328],[-87.90875,36.86325],[-87.90937,36.86312],[-87.90943,36.86364],[-87.91002,36.86384],[-87.91073,36.86385],[-87.91177,36.86372],[-87.91264,36.8636],[-87.91331,36.86341],[-87.91392,36.86384]]]]}},{"type":"Feature","properties":{"NAME":"Big Bone Lick State Historic Site","TYPE":"State historic site","COUNTY":"Boone","URL":"https://parks.ky.gov/union/parks/historic/big-bone-lick-state-historic-site"},"geometry":{"type":"MultiPolygon","coordinates":[[[[-84.75882,38.88843],[-84.75945,38.8876],[-84.76074,38.88798],[-84.76189,38.88746],[-84.76065,38.88571],[-84.75702,38.88597],[-84.75683,38.88625],[-84.75665,38.88668],[-84.75658,38.88766],[-84.75709,38.8877],[-84.75779,38.88795],[-84.75786,38.8879],[-84.75882,38.88843]]],[[[-84.74422,38.88882],[-84.74526,38.88897],[-84.74616,38.889],[-84.75018,38.88875],[-84.75207,38.88853],[-84.75372,38.88856],[-84.75452,38.88837],[-84.75577,38.88782],[-84.75635,38.88768],[-84.75639,38.88674],[-84.75646,38.88644],[-84.7566,38.88614],[-84.75725,38.88518],[-84.75738,38.88475],[-84.75737,38.88446],[-84.75667,38.88212],[-84.75661,38.88176],[-84.75666,38.88128],[-84.75649,38.88127],[-84.75705,38.87984],[-84.75758,38.87911],[-84.75747,38.87889],[-84.75634,38.87807],[-84.7563,38.87782],[-84.75558,38.87711],[-84.75535,38.877],[-84.75398,38.8769],[-84.75392,38.87664],[-84.75407,38.87644],[-84.75298,38.87616],[-84.75286,38.87596],[-84.75229,38.87638],[-84.75177,38.8763],[-84.75158,38.87619],[-84.74922,38.87589],[-84.74763,38.87597],[-84.74602,38.88052],[-84.74475,38.87931],[-84.74463,38.87827],[-84.74451,38.8779],[-84.74265,38.87724],[-84.74237,38.87706],[-84.74171,38.87853],[-84.73899,38.87824],[-84.73904,38.87837],[-84.73852,38.88071],[-84.73822,38.88449],[-84.73788,38.88547],[-84.74076,38.88685],[-84.74295,38.88829],[-84.74422,38.88882]]],[[[-84.74839,38.88905],[-84.7468,38.88918],[-84.74661,38.89102],[-84.74791,38.8905],[-84.74884,38.89029],[-84.74921,38.89013],[-84.74934,38.88998],[-84.74954,38.88946],[-84.7501,38.88892],[-84.74839,38.88905]]],[[[-84.76304,38.90152],[-84.76819,38.90183],[-84.77044,38.90183],[-84.7708,38.90137],[-84.7708,38.90114],[-84.7707,38.90096],[-84.77117,38.90031],[-84.77122,38.8997],[-84.77111,38.89939],[-84.76863,38.89988],[-84.76755,38.8986],[-84.76824,38.89803],[-84.76829,38.89791],[-84.76784,38.89707],[-84.7667,38.89706],[-84.76633,38.89323],[-84.76475,38.89152],[-84.76256,38.89087],[-84.76268,38.89055],[-84.76206,38.89042],[-84.76149,38.8902],[-84.75933,38.88892],[-84.7576,38.88802],[-84.75726,38.8879],[-84.75676,38.88782],[-84.75607,38.88789],[-84.75473,38.88847],[-84.7541,38.88866],[-84.75434,38.88879],[-84.75428,38.88885],[-84.75466,38.88916],[-84.75532,38.89036],[-84.75538,38.89078],[-84.7553,38.89158],[-84.7552,38.89199],[-84.75496,38.8925],[-84.75571,38.89275],[-84.75558,38.89328],[-84.76245,38.89427],[-84.76233,38.89559],[-84.76044,38.89525],[-84.76026,38.89547],[-84.75936,38.89857],[-84.7633,38.89886],[-84.76304,38.90152]]]]}},{"type":"Feature","properties":{"NAME":"Lake Cumberland State Resort Park","TYPE":"Resort state park","COUNTY":"Russell","URL":"https://parks.ky.gov/jamestown/parks/resort/lake-cumberland-state-resort-park"},"geometry":{"type":"MultiPolygon","coordinates":[[[[-85.04163,36.93326],[-85.04326,36.93334],[-85.04444,36.93367],[-85.04699,36.93223],[-85.04879,36.93086],[-85.04934,36.93108],[-85.05029,36.93084],[-85.05114,36.93018],[-85.05178,36.92933],[-85.05224,36.92833],[-85.0527,36.92765],[-85.05356,36.92704],[-85.05418,36.92675],[-85.0548,36.92668],[-85.05607,36.92673],[-85.05675,36.92667],[-85.05702,36.92654],[-85.05728,36.92663],[-85.05814,36.92664],[-85.05815,36.92687],[-85.058,36.9271],[-85.05815,36.92733],[-85.06348,36.92273],[-85.06234,36.92131],[-85.0697,36.91791],[-85.07203,36.91845],[-85.07291,36.9182],[-85.07963,36.91755],[-85.08158,36.91757],[-85.07972,36.91645],[-85.07809,36.91375],[-85.08091,36.91415],[-85.08347,36.91343],[-85.08634,36.91483],[-85.08757,36.91444],[-85.0841,36.91302],[-85.08455,36.91273],[-85.08481,36.91228],[-85.08358,36.91279],[-85.08012,36.91283],[-85.08015,36.91181],[-85.07966,36.9115],[-85.08734,36.90458],[-85.08702,36.90086],[-85.08747,36.90031],[-85.08881,36.8991],[-85.0889,36.8988],[-85.08919,36.89845],[-85.09031,36.89769],[-85.09058,36.89738],[-85.09067,36.89707],[-85.09081,36.8972],[-85.09084,36.8969],[-85.09156,36.89658],[-85.09192,36.89634],[-85.09209,36.89577],[-85.09133,36.89581],[-85.0915,36.89339],[-85.09207,36.89327],[-85.09246,36.89302],[-85.09269,36.89295],[-85.09298,36.89307],[-85.09354,36.89264],[-85.09168,36.89129],[-85.09152,36.8892],[-85.09053,36.88548],[-85.09262,36.88501],[-85.09454,36.88886],[-85.09561,36.88674],[-85.09675,36.88747],[-85.0965,36.88583],[-85.09585,36.88584],[-85.09625,36.88414],[-85.09601,36.88344],[-85.09532,36.88188],[-85.09745,36.8831],[-85.09774,36.88347],[-85.09849,36.88302],[-85.09762,36.88243],[-85.09665,36.88136],[-85.09491,36.87979],[-85.09461,36.87935],[-85.09418,36.87933],[-85.09383,36.87899],[-85.09327,36.87905],[-85.09304,36.87804],[-85.09266,36.87779],[-85.09228,36.87776],[-85.0921,36.87827],[-85.09177,36.87809],[-85.09142,36.87855],[-85.09128,36.87922],[-85.09152,36.88012],[-85.09222,36.88061],[-85.09294,36.88087],[-85.09246,36.88124],[-85.09282,36.8816],[-85.09286,36.88192],[-85.09333,36.88232],[-85.09355,36.88263],[-85.09391,36.88286],[-85.09482,36.88275],[-85.09429,36.8833],[-85.09488,36.88473],[-85.09469,36.88558],[-85.09433,36.88533],[-85.09392,36.88415],[-85.09364,36.88383],[-85.09296,36.88386],[-85.09281,36.88331],[-85.09239,36.88307],[-85.09196,36.8824],[-85.09131,36.88194],[-85.09064,36.88186],[-85.08999,36.8821],[-85.08989,36.88323],[-85.0903,36.88411],[-85.09003,36.88505],[-85.08972,36.88572],[-85.09009,36.88656],[-85.08934,36.88632],[-85.08883,36.88633],[-85.08891,36.88602],[-85.08868,36.88581],[-85.08895,36.88538],[-85.08919,36.88432],[-85.0888,36.88296],[-85.08851,36.88261],[-85.08815,36.88278],[-85.08784,36.88315],[-85.08764,36.88253],[-85.08722,36.88245],[-85.0867,36.88271],[-85.08646,36.88264],[-85.08645,36.88229],[-85.08719,36.88199],[-85.08763,36.8817],[-85.08817,36.88163],[-85.08868,36.88135],[-85.08866,36.88088],[-85.0889,36.88089],[-85.08928,36.88064],[-85.08944,36.87973],[-85.0891,36.87943],[-85.08845,36.87936],[-85.08845,36.87909],[-85.08916,36.87877],[-85.08952,36.87835],[-85.08926,36.87803],[-85.08854,36.87797],[-85.08717,36.87833],[-85.08693,36.87845],[-85.0868,36.87819],[-85.08758,36.87758],[-85.08858,36.87725],[-85.08921,36.8769],[-85.08925,36.87599],[-85.08892,36.87584],[-85.08577,36.87759],[-85.08545,36.87822],[-85.08505,36.87828],[-85.08466,36.87868],[-85.08352,36.87845],[-85.08281,36.8787],[-85.08218,36.87876],[-85.08082,36.87951],[-85.081,36.88031],[-85.08174,36.88072],[-85.0827,36.8805],[-85.08342,36.88018],[-85.0835,36.88032],[-85.08327,36.88055],[-85.08228,36.88113],[-85.08218,36.88148],[-85.08198,36.88185],[-85.08164,36.88132],[-85.08132,36.88125],[-85.08088,36.88152],[-85.07974,36.88038],[-85.07921,36.88032],[-85.07871,36.88061],[-85.07886,36.88146],[-85.07912,36.8821],[-85.07937,36.88239],[-85.0794,36.88288],[-85.07961,36.88311],[-85.07973,36.88356],[-85.08025,36.88358],[-85.08061,36.88343],[-85.08094,36.88367],[-85.08078,36.88379],[-85.0801,36.88403],[-85.07985,36.8845],[-85.08024,36.88484],[-85.0807,36.88519],[-85.08143,36.88493],[-85.08192,36.88488],[-85.08334,36.88434],[-85.08271,36.88508],[-85.08271,36.88553],[-85.08216,36.88555],[-85.08098,36.88595],[-85.08112,36.88636],[-85.08213,36.88678],[-85.08287,36.88696],[-85.08266,36.88716],[-85.08186,36.88719],[-85.08134,36.88743],[-85.08151,36.88819],[-85.08117,36.88816],[-85.08003,36.88654],[-85.07959,36.88618],[-85.07931,36.88663],[-85.07932,36.88773],[-85.07972,36.88837],[-85.08142,36.88959],[-85.0815,36.88979],[-85.08287,36.89075],[-85.08331,36.8909],[-85.08377,36.89059],[-85.08412,36.89047],[-85.08418,36.89069],[-85.08408,36.8912],[-85.08498,36.89159],[-85.08572,36.89182],[-85.08647,36.89226],[-85.08593,36.89233],[-85.08493,36.89198],[-85.08428,36.89196],[-85.08342,36.89166],[-85.08296,36.89169],[-85.08279,36.89193],[-85.08324,36.894],[-85.08376,36.89451],[-85.08386,36.89491],[-85.08364,36.89494],[-85.08313,36.89438],[-85.08251,36.89432],[-85.08258,36.89381],[-85.08213,36.89242],[-85.08161,36.89236],[-85.08173,36.89182],[-85.08158,36.89143],[-85.08096,36.89081],[-85.0803,36.89051],[-85.07997,36.8901],[-85.07939,36.88988],[-85.0788,36.88998],[-85.07865,36.89032],[-85.07939,36.89133],[-85.08003,36.89254],[-85.07935,36.89175],[-85.07864,36.89127],[-85.07828,36.89132],[-85.07808,36.89206],[-85.07837,36.89239],[-85.07797,36.89255],[-85.07764,36.89298],[-85.07778,36.89346],[-85.07806,36.8938],[-85.07843,36.89383],[-85.07841,36.89421],[-85.07861,36.89462],[-85.07908,36.89474],[-85.07915,36.89501],[-85.0789,36.89519],[-85.0789,36.89583],[-85.07905,36.89604],[-85.07881,36.89609],[-85.07862,36.89672],[-85.07901,36.89742],[-85.0788,36.89759],[-85.07834,36.89722],[-85.0781,36.89631],[-85.07807,36.89534],[-85.07762,36.89456],[-85.07722,36.89446],[-85.07696,36.89524],[-85.07715,36.89592],[-85.07709,36.89629],[-85.07674,36.89607],[-85.07608,36.89612],[-85.07652,36.89574],[-85.07633,36.89541],[-85.07566,36.89564],[-85.07526,36.8956],[-85.07635,36.89478],[-85.07644,36.8942],[-85.0758,36.89399],[-85.07461,36.89343],[-85.0751,36.89338],[-85.07591,36.89359],[-85.0763,36.89348],[-85.07646,36.89319],[-85.07649,36.89264],[-85.07589,36.8921],[-85.07629,36.89202],[-85.07679,36.89177],[-85.07693,36.89064],[-85.07664,36.89043],[-85.07696,36.89007],[-85.07716,36.88946],[-85.07703,36.88894],[-85.07614,36.88913],[-85.07457,36.88982],[-85.07383,36.89082],[-85.0736,36.89074],[-85.07345,36.89012],[-85.07384,36.88979],[-85.07422,36.88927],[-85.07714,36.8878],[-85.07725,36.88727],[-85.077,36.88689],[-85.07728,36.88653],[-85.077,36.8852],[-85.07669,36.88522],[-85.07616,36.88632],[-85.07456,36.88748],[-85.07367,36.88782],[-85.07291,36.88822],[-85.07271,36.88794],[-85.07343,36.88746],[-85.07392,36.88732],[-85.07498,36.88654],[-85.07491,36.88613],[-85.07547,36.88573],[-85.07552,36.88504],[-85.07518,36.88478],[-85.07444,36.88497],[-85.07391,36.8852],[-85.07379,36.88504],[-85.07404,36.88454],[-85.07446,36.88441],[-85.07483,36.8841],[-85.07536,36.88401],[-85.07597,36.88348],[-85.07622,36.88295],[-85.07585,36.88228],[-85.07457,36.88192],[-85.07302,36.88227],[-85.07273,36.88268],[-85.07199,36.88254],[-85.07127,36.88256],[-85.07089,36.88289],[-85.07197,36.88392],[-85.07109,36.88389],[-85.07099,36.88471],[-85.07127,36.88504],[-85.07096,36.88537],[-85.07086,36.88605],[-85.07055,36.88614],[-85.07031,36.88672],[-85.06955,36.8871],[-85.06961,36.88666],[-85.06917,36.88639],[-85.06981,36.88596],[-85.06981,36.88547],[-85.06926,36.88526],[-85.06835,36.88548],[-85.06825,36.88531],[-85.06868,36.88494],[-85.06937,36.88461],[-85.06949,36.884],[-85.06896,36.88341],[-85.06828,36.88348],[-85.06508,36.8847],[-85.06482,36.88504],[-85.06529,36.88547],[-85.06577,36.88553],[-85.06566,36.88595],[-85.06534,36.88587],[-85.06465,36.88591],[-85.06458,36.88654],[-85.06486,36.88722],[-85.06603,36.88764],[-85.06556,36.88792],[-85.06544,36.8884],[-85.06573,36.88873],[-85.06562,36.88906],[-85.06528,36.88861],[-85.06472,36.88827],[-85.06459,36.8879],[-85.06419,36.88764],[-85.06365,36.8877],[-85.06328,36.88782],[-85.06296,36.88712],[-85.06336,36.88674],[-85.06326,36.88629],[-85.06299,36.88647],[-85.06246,36.88727],[-85.06153,36.88903],[-85.06141,36.8896],[-85.06231,36.88968],[-85.06297,36.88964],[-85.06323,36.88981],[-85.06244,36.89002],[-85.06166,36.89044],[-85.0615,36.89091],[-85.06182,36.89122],[-85.06244,36.89121],[-85.06303,36.89105],[-85.06285,36.892],[-85.06334,36.89231],[-85.06356,36.89268],[-85.06426,36.89279],[-85.06499,36.89272],[-85.06542,36.89231],[-85.06546,36.89185],[-85.06575,36.89195],[-85.06595,36.89175],[-85.06621,36.89129],[-85.06643,36.89141],[-85.06648,36.89177],[-85.06672,36.89197],[-85.06616,36.89237],[-85.06589,36.89315],[-85.06634,36.89365],[-85.06732,36.89393],[-85.06818,36.89388],[-85.0685,36.89416],[-85.06923,36.89434],[-85.06891,36.89451],[-85.0685,36.89442],[-85.06778,36.89451],[-85.06646,36.89422],[-85.06561,36.89386],[-85.06505,36.89371],[-85.06464,36.89382],[-85.06452,36.89414],[-85.06484,36.89475],[-85.06557,36.89531],[-85.0664,36.89571],[-85.06715,36.89622],[-85.06737,36.89654],[-85.06822,36.89688],[-85.06845,36.89707],[-85.06913,36.89725],[-85.06948,36.89753],[-85.0701,36.8978],[-85.07025,36.89807],[-85.07079,36.89831],[-85.0707,36.89848],[-85.07006,36.89829],[-85.06968,36.89799],[-85.06907,36.89785],[-85.06849,36.89756],[-85.0676,36.89733],[-85.06631,36.89678],[-85.06609,36.89692],[-85.06627,36.89771],[-85.06716,36.89927],[-85.06682,36.89916],[-85.06643,36.8993],[-85.06588,36.89975],[-85.06618,36.89874],[-85.06585,36.8984],[-85.06561,36.89784],[-85.06528,36.89759],[-85.06489,36.89761],[-85.06434,36.8978],[-85.06503,36.89686],[-85.06483,36.89642],[-85.06432,36.89612],[-85.06393,36.89543],[-85.06347,36.89532],[-85.06315,36.89542],[-85.06286,36.89514],[-85.06257,36.8951],[-85.06284,36.89484],[-85.06298,36.89433],[-85.06213,36.89369],[-85.06166,36.89386],[-85.06128,36.89442],[-85.06102,36.89408],[-85.06092,36.89307],[-85.06065,36.89279],[-85.06017,36.89265],[-85.05984,36.89278],[-85.05942,36.89346],[-85.05868,36.89438],[-85.05843,36.89498],[-85.05943,36.89553],[-85.05901,36.89564],[-85.0586,36.89558],[-85.05828,36.89567],[-85.05808,36.89615],[-85.05778,36.89627],[-85.0573,36.89671],[-85.05697,36.89724],[-85.05856,36.89812],[-85.05906,36.89801],[-85.05959,36.89749],[-85.06,36.89724],[-85.06075,36.89726],[-85.0599,36.89815],[-85.05973,36.89872],[-85.06061,36.89942],[-85.06119,36.89975],[-85.06186,36.89978],[-85.06207,36.89991],[-85.06164,36.90008],[-85.06155,36.90049],[-85.06181,36.90089],[-85.06213,36.90102],[-85.06202,36.90127],[-85.06218,36.90165],[-85.06264,36.90197],[-85.06322,36.9021],[-85.06272,36.90233],[-85.06201,36.9021],[-85.06174,36.90218],[-85.06149,36.90188],[-85.06112,36.90185],[-85.06126,36.90152],[-85.06116,36.90113],[-85.0607,36.90088],[-85.06029,36.9004],[-85.05977,36.90033],[-85.05906,36.90058],[-85.05909,36.90005],[-85.05884,36.89958],[-85.05812,36.89945],[-85.05762,36.89917],[-85.05726,36.8991],[-85.05709,36.8995],[-85.05751,36.90029],[-85.05736,36.90082],[-85.05746,36.9011],[-85.05739,36.90162],[-85.05765,36.90237],[-85.05805,36.90263],[-85.05901,36.90277],[-85.05944,36.90334],[-85.05999,36.90366],[-85.06095,36.90445],[-85.06043,36.90446],[-85.05868,36.9037],[-85.05813,36.90366],[-85.05815,36.90391],[-85.05978,36.9052],[-85.0595,36.90574],[-85.05942,36.90645],[-85.05913,36.9059],[-85.0589,36.90584],[-85.05878,36.90516],[-85.0583,36.90485],[-85.05764,36.90481],[-85.0572,36.90531],[-85.05674,36.90601],[-85.05701,36.90686],[-85.05662,36.90671],[-85.05626,36.9068],[-85.05614,36.90635],[-85.05632,36.90569],[-85.05627,36.90495],[-85.05623,36.90483],[-85.05572,36.90505],[-85.05563,36.90486],[-85.05585,36.9042],[-85.05589,36.90374],[-85.05557,36.90356],[-85.05635,36.90317],[-85.05624,36.90261],[-85.0559,36.90241],[-85.05531,36.90241],[-85.05461,36.90258],[-85.05418,36.90241],[-85.05442,36.90207],[-85.05524,36.90156],[-85.0553,36.90131],[-85.05491,36.90086],[-85.05496,36.90062],[-85.05536,36.90019],[-85.05519,36.89961],[-85.05486,36.89953],[-85.05357,36.90048],[-85.05196,36.90195],[-85.05183,36.9025],[-85.05132,36.90263],[-85.05096,36.90282],[-85.0512,36.90371],[-85.05155,36.90382],[-85.05207,36.90363],[-85.05215,36.90388],[-85.05201,36.90445],[-85.05239,36.90472],[-85.05317,36.90468],[-85.05333,36.90484],[-85.05269,36.90532],[-85.05249,36.90559],[-85.05297,36.90615],[-85.0537,36.90666],[-85.05355,36.90692],[-85.05299,36.90679],[-85.0527,36.90692],[-85.05258,36.90743],[-85.05225,36.90721],[-85.05161,36.90633],[-85.05134,36.90584],[-85.05113,36.90568],[-85.051,36.90579],[-85.0509,36.90669],[-85.0506,36.90746],[-85.05004,36.90644],[-85.04968,36.90643],[-85.04901,36.90673],[-85.04897,36.90647],[-85.04902,36.90604],[-85.04916,36.90557],[-85.048,36.90561],[-85.04819,36.90523],[-85.04879,36.90471],[-85.04927,36.90441],[-85.04915,36.90407],[-85.04853,36.90395],[-85.04759,36.90427],[-85.04568,36.90516],[-85.04559,36.90554],[-85.04595,36.90604],[-85.04562,36.90631],[-85.04543,36.90672],[-85.04557,36.90709],[-85.04624,36.90729],[-85.04684,36.90731],[-85.04633,36.90766],[-85.04621,36.90813],[-85.04662,36.90852],[-85.04704,36.9087],[-85.04729,36.90891],[-85.0479,36.90896],[-85.04811,36.90909],[-85.04888,36.90904],[-85.04904,36.90924],[-85.04937,36.90938],[-85.0498,36.90967],[-85.05039,36.90971],[-85.0508,36.90991],[-85.05129,36.90985],[-85.05184,36.91026],[-85.05156,36.91023],[-85.05117,36.91056],[-85.05097,36.91038],[-85.05049,36.9103],[-85.04979,36.91029],[-85.04967,36.91099],[-85.04936,36.91059],[-85.04939,36.91043],[-85.04909,36.91009],[-85.04852,36.91015],[-85.0482,36.91069],[-85.048,36.91147],[-85.0475,36.91169],[-85.0474,36.91145],[-85.04744,36.91013],[-85.04725,36.90988],[-85.04687,36.90991],[-85.04576,36.9109],[-85.04576,36.91027],[-85.04583,36.90983],[-85.04565,36.90968],[-85.04504,36.90997],[-85.04474,36.90991],[-85.04511,36.90925],[-85.04493,36.90887],[-85.04426,36.90877],[-85.04368,36.90901],[-85.04332,36.90991],[-85.04339,36.91068],[-85.04314,36.91107],[-85.04254,36.91035],[-85.04231,36.9105],[-85.04181,36.91046],[-85.0418,36.90999],[-85.04231,36.90958],[-85.04225,36.90925],[-85.04185,36.90896],[-85.04214,36.90867],[-85.04226,36.90841],[-85.04291,36.90811],[-85.0432,36.90767],[-85.04329,36.90738],[-85.04277,36.90693],[-85.04168,36.90721],[-85.0417,36.90654],[-85.04095,36.90654],[-85.04002,36.90681],[-85.03971,36.90713],[-85.03928,36.90711],[-85.03798,36.90793],[-85.03779,36.9083],[-85.03821,36.90885],[-85.03915,36.90954],[-85.03863,36.90965],[-85.03843,36.90979],[-85.03837,36.90958],[-85.03812,36.90928],[-85.03714,36.90905],[-85.03688,36.90916],[-85.03662,36.90894],[-85.03608,36.90895],[-85.03553,36.90928],[-85.03491,36.90926],[-85.03425,36.90966],[-85.03424,36.91016],[-85.03462,36.91039],[-85.03539,36.9106],[-85.03556,36.91079],[-85.03611,36.91093],[-85.03646,36.91081],[-85.03704,36.91074],[-85.03728,36.91118],[-85.0377,36.91146],[-85.03826,36.9115],[-85.03849,36.91162],[-85.03849,36.91193],[-85.03871,36.91216],[-85.03922,36.91234],[-85.03955,36.91231],[-85.03978,36.91249],[-85.03913,36.91285],[-85.03837,36.9126],[-85.03794,36.9123],[-85.0372,36.91204],[-85.03666,36.91213],[-85.03642,36.91239],[-85.03651,36.91302],[-85.03686,36.91363],[-85.03722,36.91383],[-85.03717,36.91416],[-85.03734,36.91464],[-85.0379,36.91509],[-85.0383,36.91528],[-85.03897,36.916],[-85.0398,36.91639],[-85.04006,36.91674],[-85.03966,36.91667],[-85.039,36.91623],[-85.03842,36.9161],[-85.03785,36.91622],[-85.0376,36.91648],[-85.03752,36.91635],[-85.03746,36.91584],[-85.03681,36.91522],[-85.03628,36.91504],[-85.03626,36.91474],[-85.03612,36.91452],[-85.0357,36.91413],[-85.03534,36.91403],[-85.03545,36.9135],[-85.035,36.91341],[-85.03457,36.91343],[-85.03488,36.91282],[-85.03475,36.91259],[-85.03416,36.91198],[-85.03381,36.912],[-85.03347,36.91216],[-85.03302,36.91205],[-85.03277,36.91128],[-85.03234,36.91117],[-85.03192,36.9114],[-85.03164,36.91194],[-85.03155,36.91257],[-85.03138,36.91278],[-85.03119,36.91283],[-85.03102,36.91263],[-85.03092,36.91228],[-85.03062,36.91209],[-85.03072,36.91183],[-85.03077,36.91134],[-85.03067,36.91104],[-85.03034,36.91065],[-85.02993,36.91062],[-85.02977,36.91032],[-85.02949,36.91027],[-85.02912,36.9107],[-85.02863,36.91064],[-85.0286,36.91122],[-85.02839,36.91131],[-85.02778,36.91076],[-85.02772,36.91043],[-85.02739,36.91042],[-85.02695,36.91058],[-85.02656,36.91041],[-85.02646,36.91098],[-85.02674,36.91145],[-85.02711,36.91188],[-85.02659,36.91203],[-85.02642,36.91226],[-85.02665,36.91315],[-85.02693,36.91347],[-85.02736,36.91373],[-85.02716,36.91412],[-85.02734,36.91427],[-85.02834,36.9144],[-85.02902,36.9143],[-85.02942,36.91436],[-85.02991,36.91467],[-85.0293,36.91492],[-85.02883,36.91487],[-85.02847,36.91506],[-85.02781,36.91498],[-85.02762,36.9152],[-85.02765,36.91566],[-85.02785,36.91622],[-85.02829,36.91656],[-85.03122,36.91799],[-85.03178,36.91819],[-85.03221,36.91878],[-85.03353,36.91966],[-85.03452,36.92052],[-85.03602,36.92222],[-85.03654,36.92313],[-85.03756,36.92559],[-85.03809,36.92775],[-85.03812,36.92879],[-85.03837,36.92883],[-85.03855,36.92861],[-85.03987,36.92915],[-85.03926,36.92989],[-85.03902,36.93062],[-85.03977,36.93109],[-85.04056,36.9313],[-85.04186,36.93194],[-85.04253,36.93194],[-85.04274,36.93186],[-85.04163,36.93326]],[[-85.05515,36.92518],[-85.05498,36.92534],[-85.05283,36.9234],[-85.05256,36.92336],[-85.05311,36.92325],[-85.05351,36.92306],[-85.054,36.92259],[-85.05418,36.92202],[-85.05459,36.92167],[-85.05489,36.92124],[-85.0547,36.92052],[-85.05522,36.92023],[-85.0548,36.91976],[-85.05374,36.91971],[-85.05425,36.91924],[-85.05412,36.91896],[-85.05357,36.91852],[-85.05282,36.91835],[-85.05182,36.91861],[-85.05109,36.91904],[-85.05036,36.91963],[-85.05,36.91967],[-85.04878,36.91937],[-85.04861,36.91922],[-85.04982,36.91931],[-85.05029,36.91916],[-85.05095,36.91848],[-85.05111,36.91782],[-85.05061,36.91745],[-85.05014,36.91722],[-85.05015,36.91689],[-85.05052,36.9169],[-85.05096,36.91721],[-85.05151,36.91745],[-85.05201,36.91748],[-85.05256,36.91736],[-85.05313,36.91712],[-85.0532,36.91681],[-85.05297,36.91594],[-85.05273,36.91549],[-85.05281,36.915],[-85.05266,36.91461],[-85.05225,36.91437],[-85.05148,36.91414],[-85.05179,36.91402],[-85.05189,36.91376],[-85.05163,36.91351],[-85.05172,36.91339],[-85.05201,36.91371],[-85.05303,36.91426],[-85.05339,36.91417],[-85.05328,36.91459],[-85.05351,36.91489],[-85.05354,36.91538],[-85.05389,36.91579],[-85.05389,36.91632],[-85.05419,36.91679],[-85.0541,36.91717],[-85.05452,36.91769],[-85.05492,36.91784],[-85.05541,36.9178],[-85.05556,36.91801],[-85.05546,36.91845],[-85.05603,36.91902],[-85.05652,36.91911],[-85.05706,36.91887],[-85.05774,36.91831],[-85.05844,36.91815],[-85.05867,36.91802],[-85.05977,36.91713],[-85.06058,36.91662],[-85.06065,36.9164],[-85.06047,36.91615],[-85.06011,36.91595],[-85.05959,36.91594],[-85.05919,36.91542],[-85.05879,36.91525],[-85.0584,36.9152],[-85.05766,36.91441],[-85.05789,36.91439],[-85.05824,36.91451],[-85.05851,36.91473],[-85.05965,36.91507],[-85.06036,36.91536],[-85.06097,36.91572],[-85.06167,36.91567],[-85.06204,36.91532],[-85.06207,36.91474],[-85.06166,36.91411],[-85.0612,36.91385],[-85.06102,36.91362],[-85.06052,36.91325],[-85.06013,36.91304],[-85.06074,36.91303],[-85.06158,36.91338],[-85.06179,36.91329],[-85.06191,36.91295],[-85.06181,36.91237],[-85.06146,36.91174],[-85.06195,36.91181],[-85.06228,36.91156],[-85.06245,36.91172],[-85.06249,36.91192],[-85.06219,36.91212],[-85.0622,36.91261],[-85.0624,36.9129],[-85.06252,36.91368],[-85.06284,36.91394],[-85.06264,36.91412],[-85.06263,36.91436],[-85.06291,36.91479],[-85.06332,36.91502],[-85.06384,36.91482],[-85.06423,36.91475],[-85.06522,36.91426],[-85.06558,36.914],[-85.06593,36.91347],[-85.06602,36.91306],[-85.06681,36.91285],[-85.06744,36.91218],[-85.06726,36.91184],[-85.06698,36.91175],[-85.06728,36.91136],[-85.0672,36.91086],[-85.06685,36.9104],[-85.06652,36.91018],[-85.0664,36.90975],[-85.06615,36.90939],[-85.06644,36.90952],[-85.0671,36.91017],[-85.06757,36.91054],[-85.06815,36.91155],[-85.0684,36.91172],[-85.06868,36.9116],[-85.06945,36.91063],[-85.07028,36.91001],[-85.07071,36.90953],[-85.07062,36.90929],[-85.07087,36.90919],[-85.07101,36.90905],[-85.07079,36.90842],[-85.06974,36.90705],[-85.06972,36.90657],[-85.0695,36.90588],[-85.06978,36.90596],[-85.06992,36.90662],[-85.07032,36.90727],[-85.0708,36.90768],[-85.07122,36.90826],[-85.07163,36.90838],[-85.07198,36.90827],[-85.07247,36.90788],[-85.07278,36.90752],[-85.07294,36.90714],[-85.07339,36.90697],[-85.07392,36.9064],[-85.07392,36.90585],[-85.07438,36.90593],[-85.07516,36.90567],[-85.07624,36.90506],[-85.07684,36.90459],[-85.07741,36.90456],[-85.07814,36.90428],[-85.07942,36.90364],[-85.08062,36.90328],[-85.08017,36.90357],[-85.08017,36.90397],[-85.07973,36.904],[-85.07931,36.90422],[-85.07929,36.9048],[-85.07917,36.90488],[-85.07884,36.90462],[-85.07831,36.90471],[-85.07716,36.90523],[-85.07651,36.90569],[-85.07593,36.9062],[-85.07592,36.90671],[-85.07534,36.90656],[-85.0748,36.90696],[-85.07411,36.90768],[-85.07353,36.90817],[-85.07259,36.90929],[-85.07264,36.90968],[-85.07289,36.90985],[-85.07315,36.90986],[-85.07462,36.90914],[-85.07471,36.90936],[-85.07433,36.90957],[-85.07388,36.90999],[-85.0739,36.91039],[-85.07534,36.91149],[-85.07674,36.91217],[-85.07707,36.91254],[-85.0783,36.91281],[-85.0796,36.91279],[-85.08028,36.91317],[-85.0814,36.91303],[-85.08205,36.91328],[-85.07994,36.91348],[-85.07877,36.91324],[-85.07795,36.91321],[-85.07766,36.91358],[-85.07753,36.91439],[-85.07779,36.915],[-85.0774,36.91508],[-85.07702,36.91472],[-85.07687,36.91399],[-85.0766,36.91347],[-85.07629,36.9134],[-85.07624,36.91322],[-85.07549,36.91263],[-85.07474,36.91237],[-85.0743,36.91235],[-85.07395,36.91262],[-85.07376,36.91247],[-85.0739,36.91194],[-85.0733,36.91141],[-85.0724,36.91092],[-85.07175,36.91081],[-85.07117,36.9109],[-85.07081,36.91135],[-85.0708,36.91177],[-85.07028,36.91203],[-85.06994,36.91264],[-85.07007,36.91316],[-85.06929,36.91317],[-85.06835,36.91381],[-85.0683,36.91434],[-85.06975,36.9156],[-85.07032,36.91646],[-85.07049,36.91699],[-85.0691,36.9158],[-85.06868,36.91569],[-85.06858,36.91541],[-85.06815,36.91493],[-85.06773,36.91478],[-85.06747,36.91484],[-85.06747,36.91522],[-85.06736,36.91541],[-85.06704,36.91525],[-85.06598,36.91597],[-85.06595,36.91619],[-85.06621,36.91634],[-85.06604,36.91648],[-85.06573,36.91632],[-85.06526,36.91625],[-85.06451,36.91641],[-85.0634,36.91676],[-85.06341,36.9169],[-85.06363,36.91701],[-85.06367,36.91745],[-85.0645,36.91796],[-85.06512,36.91807],[-85.06571,36.9184],[-85.0647,36.91837],[-85.06447,36.91871],[-85.06438,36.91902],[-85.06419,36.91881],[-85.06399,36.9184],[-85.06363,36.91809],[-85.06317,36.91799],[-85.06269,36.91808],[-85.06228,36.91844],[-85.06193,36.91851],[-85.06137,36.91877],[-85.06111,36.91915],[-85.06118,36.91953],[-85.0615,36.91976],[-85.06156,36.92016],[-85.0618,36.92049],[-85.06161,36.92054],[-85.06127,36.92049],[-85.06094,36.92037],[-85.06061,36.92009],[-85.06016,36.91996],[-85.05989,36.92009],[-85.05966,36.92036],[-85.05937,36.92055],[-85.05924,36.92094],[-85.05937,36.92118],[-85.05967,36.92137],[-85.05922,36.9217],[-85.05911,36.92207],[-85.05889,36.92196],[-85.05853,36.92159],[-85.05831,36.92151],[-85.05777,36.9217],[-85.05723,36.92243],[-85.05707,36.92296],[-85.05816,36.92362],[-85.05869,36.92404],[-85.05845,36.92404],[-85.0579,36.92387],[-85.05704,36.92379],[-85.05653,36.92384],[-85.05642,36.92406],[-85.05668,36.92449],[-85.0566,36.92466],[-85.05635,36.9245],[-85.05596,36.92443],[-85.05559,36.92459],[-85.05515,36.92518]]],[[[-85.02176,36.91494],[-85.02251,36.91517],[-85.02395,36.91536],[-85.0259,36.9158],[-85.02649,36.91576],[-85.02639,36.91528],[-85.0262,36.91486],[-85.02571,36.9147],[-85.02519,36.91479],[-85.02549,36.91439],[-85.02556,36.91397],[-85.0251,36.91326],[-85.02431,36.91293],[-85.02501,36.91247],[-85.0249,36.91156],[-85.02434,36.91089],[-85.02393,36.91081],[-85.02363,36.91096],[-85.02341,36.91085],[-85.0231,36.91085],[-85.02245,36.91136],[-85.02231,36.91131],[-85.02235,36.91081],[-85.02222,36.91046],[-85.02187,36.91042],[-85.02202,36.91017],[-85.02201,36.90968],[-85.02287,36.90923],[-85.02279,36.90906],[-85.02212,36.90903],[-85.02151,36.90943],[-85.02115,36.91034],[-85.021,36.91041],[-85.02075,36.91017],[-85.02054,36.90956],[-85.02084,36.90878],[-85.02132,36.90826],[-85.02113,36.90807],[-85.02054,36.90815],[-85.02022,36.9084],[-85.01986,36.90901],[-85.01991,36.90972],[-85.0203,36.91167],[-85.02078,36.91241],[-85.02133,36.91282],[-85.02132,36.91296],[-85.02106,36.91289],[-85.02065,36.91306],[-85.02019,36.91346],[-85.02022,36.91294],[-85.01997,36.91254],[-85.01949,36.91217],[-85.01941,36.91184],[-85.01902,36.91141],[-85.01865,36.91031],[-85.01775,36.90971],[-85.01729,36.91003],[-85.01722,36.91029],[-85.01719,36.91138],[-85.01697,36.91134],[-85.01667,36.91081],[-85.01629,36.91066],[-85.01597,36.91072],[-85.01593,36.90961],[-85.01618,36.90904],[-85.01629,36.90845],[-85.016,36.90836],[-85.01527,36.90865],[-85.01484,36.90893],[-85.01454,36.90979],[-85.01473,36.91023],[-85.01584,36.91135],[-85.01687,36.9122],[-85.01734,36.91274],[-85.01809,36.91327],[-85.01916,36.91377],[-85.02059,36.91467],[-85.02176,36.91494]]]]}},{"type":"Feature","properties":{"NAME":"Old Fort Harrod State Park","TYPE":"Recreational state park","COUNTY":"Mercer","URL":"https://parks.ky.gov/harrodsburg/parks/historic/old-fort-harrod-state-park"},"geometry":{"type":"MultiPolygon","coordinates":[[[[-84.85115,37.76282],[-84.85125,37.76182],[-84.85158,37.76184],[-84.85159,37.76168],[-84.85176,37.76169],[-84.85177,37.76152],[-84.84785,37.76134],[-84.84786,37.76118],[-84.84733,37.76115],[-84.84735,37.76099],[-84.84701,37.76096],[-84.84696,37.76137],[-84.84654,37.76134],[-84.84652,37.7615],[-84.84584,37.76145],[-84.84576,37.76242],[-84.85115,37.76282]]],[[[-84.84794,37.76297],[-84.84861,37.76301],[-84.84864,37.76277],[-84.84797,37.76273],[-84.84794,37.76297]]],[[[-84.84916,37.76302],[-84.84944,37.76304],[-84.8494,37.76328],[-84.8511,37.76343],[-84.85117,37.76296],[-84.8492,37.7628],[-84.84916,37.76302]]],[[[-84.84683,37.76266],[-84.84674,37.76363],[-84.84774,37.76371],[-84.84787,37.76272],[-84.84683,37.76266]]]]}},{"type":"Feature","properties":{"NAME":"Yatesville Lake State Park","TYPE":"Recreational state park","COUNTY":"Lawrence","URL":"https://parks.ky.gov/louisa/parks/recreation/yatesville-lake-state-park"},"geometry":{"type":"MultiPolygon","coordinates":[[[[-82.68321,38.08567],[-82.68339,38.08634],[-82.68392,38.0852],[-82.68424,38.085],[-82.68533,38.0848],[-82.6855,38.08456],[-82.68553,38.08438],[-82.68604,38.08418],[-82.68643,38.08424],[-82.68661,38.08439],[-82.6869,38.08448],[-82.6873,38.08449],[-82.68758,38.08459],[-82.68818,38.08496],[-82.68853,38.08504],[-82.69014,38.0845],[-82.69056,38.08445],[-82.69156,38.08461],[-82.69202,38.08454],[-82.69239,38.08429],[-82.69259,38.08394],[-82.69255,38.08364],[-82.69204,38.08309],[-82.692,38.08274],[-82.69227,38.08142],[-82.69287,38.08004],[-82.6934,38.07922],[-82.69374,38.07891],[-82.69417,38.07868],[-82.69549,38.07825],[-82.69668,38.07812],[-82.69725,38.07788],[-82.69865,38.07848],[-82.69964,38.07881],[-82.7004,38.07917],[-82.70225,38.0797],[-82.70276,38.0796],[-82.70302,38.07944],[-82.70365,38.07885],[-82.70368,38.07869],[-82.70344,38.07852],[-82.70262,38.07816],[-82.70245,38.07796],[-82.70244,38.07785],[-82.70417,38.07804],[-82.70439,38.07799],[-82.70453,38.07786],[-82.70485,38.07727],[-82.70492,38.07677],[-82.70493,38.07552],[-82.70513,38.0747],[-82.70537,38.07418],[-82.70552,38.07366],[-82.70659,38.07361],[-82.70834,38.07312],[-82.70893,38.07255],[-82.70909,38.07222],[-82.70792,38.07082],[-82.70755,38.07066],[-82.70634,38.07041],[-82.70555,38.07041],[-82.70483,38.07015],[-82.70434,38.06974],[-82.70412,38.06939],[-82.70379,38.0692],[-82.70259,38.06781],[-82.70229,38.06759],[-82.70197,38.06749],[-82.70125,38.06746],[-82.70005,38.0673],[-82.6996,38.06712],[-82.69928,38.0669],[-82.69864,38.06623],[-82.69758,38.06599],[-82.69724,38.06603],[-82.6965,38.06626],[-82.69573,38.0662],[-82.69548,38.066],[-82.69521,38.0659],[-82.69476,38.06589],[-82.69441,38.06555],[-82.69423,38.06552],[-82.69304,38.06574],[-82.69167,38.06656],[-82.69066,38.06673],[-82.68945,38.06664],[-82.68904,38.06688],[-82.68905,38.06638],[-82.68928,38.06594],[-82.68925,38.06535],[-82.68875,38.06462],[-82.68844,38.06432],[-82.68795,38.06408],[-82.68695,38.06395],[-82.68612,38.06425],[-82.68537,38.0651],[-82.68508,38.06554],[-82.68495,38.06587],[-82.68518,38.06663],[-82.6852,38.06701],[-82.68504,38.06757],[-82.68434,38.06855],[-82.68447,38.06875],[-82.68446,38.06908],[-82.68421,38.06923],[-82.68404,38.06923],[-82.68375,38.06909],[-82.68343,38.06915],[-82.68174,38.07008],[-82.6817,38.0706],[-82.68197,38.07097],[-82.68194,38.07274],[-82.68237,38.07323],[-82.68224,38.07385],[-82.68237,38.07431],[-82.6821,38.07502],[-82.68204,38.07555],[-82.68187,38.0758],[-82.68196,38.0771],[-82.6821,38.07757],[-82.68235,38.07808],[-82.68246,38.07892],[-82.68303,38.07956],[-82.68348,38.08032],[-82.68367,38.08045],[-82.68397,38.08095],[-82.68358,38.08151],[-82.6835,38.08177],[-82.68358,38.08213],[-82.68352,38.08317],[-82.68329,38.08359],[-82.68331,38.084],[-82.68315,38.08442],[-82.68321,38.08567]]],[[[-82.68207,38.09598],[-82.682,38.09641],[-82.68189,38.09664],[-82.68206,38.09723],[-82.68242,38.09752],[-82.68254,38.09795],[-82.68247,38.09843],[-82.68273,38.09874],[-82.68285,38.09912],[-82.68244,38.09913],[-82.68219,38.099],[-82.68127,38.09902],[-82.68056,38.0994],[-82.6799,38.09952],[-82.67958,38.10006],[-82.67978,38.10115],[-82.68007,38.10119],[-82.68049,38.10109],[-82.68046,38.10131],[-82.68055,38.10159],[-82.68073,38.10185],[-82.68159,38.10179],[-82.68187,38.1019],[-82.68217,38.10214],[-82.68255,38.10225],[-82.68299,38.10226],[-82.68325,38.10213],[-82.68342,38.10196],[-82.68407,38.10209],[-82.68522,38.10209],[-82.68558,38.10197],[-82.68596,38.10135],[-82.68611,38.10154],[-82.68639,38.10171],[-82.68679,38.10183],[-82.68734,38.10179],[-82.68767,38.10163],[-82.68794,38.10131],[-82.68873,38.1009],[-82.69018,38.10093],[-82.69048,38.10075],[-82.69079,38.10006],[-82.69103,38.09981],[-82.69129,38.09968],[-82.69119,38.09941],[-82.69061,38.09901],[-82.69055,38.09888],[-82.69032,38.0987],[-82.69,38.09863],[-82.68969,38.09866],[-82.68979,38.09834],[-82.68945,38.0979],[-82.68976,38.0968],[-82.68972,38.09637],[-82.68959,38.09602],[-82.6892,38.09569],[-82.68848,38.09535],[-82.68848,38.09526],[-82.68885,38.09531],[-82.68895,38.09515],[-82.68952,38.09534],[-82.6899,38.09557],[-82.6903,38.09565],[-82.69051,38.09561],[-82.69057,38.09573],[-82.69043,38.09595],[-82.69047,38.09614],[-82.69028,38.09772],[-82.69055,38.09791],[-82.69105,38.09813],[-82.69188,38.09869],[-82.69258,38.09851],[-82.69282,38.09853],[-82.69275,38.09874],[-82.69237,38.09908],[-82.69228,38.09926],[-82.69262,38.09943],[-82.69296,38.0994],[-82.69355,38.09898],[-82.69344,38.09996],[-82.69351,38.10032],[-82.69397,38.10075],[-82.69575,38.1014],[-82.69646,38.1014],[-82.69832,38.10186],[-82.69857,38.1018],[-82.69966,38.10104],[-82.70048,38.10065],[-82.70059,38.10074],[-82.70006,38.10149],[-82.70004,38.10164],[-82.70017,38.10194],[-82.69976,38.10196],[-82.69959,38.10214],[-82.69953,38.10231],[-82.69966,38.10259],[-82.70003,38.10304],[-82.70024,38.10351],[-82.70028,38.10429],[-82.70046,38.10486],[-82.70128,38.10592],[-82.70145,38.10598],[-82.70166,38.10591],[-82.70231,38.10529],[-82.70235,38.10536],[-82.70227,38.10557],[-82.70239,38.10575],[-82.70235,38.10616],[-82.70273,38.10643],[-82.70301,38.10646],[-82.70396,38.10625],[-82.70614,38.10552],[-82.70627,38.10541],[-82.70645,38.10501],[-82.70663,38.10527],[-82.70696,38.1054],[-82.70773,38.10535],[-82.70845,38.10539],[-82.70864,38.1053],[-82.70887,38.10492],[-82.70934,38.10569],[-82.71068,38.10627],[-82.71166,38.10686],[-82.7117,38.10678],[-82.71153,38.10554],[-82.7117,38.10342],[-82.71161,38.10312],[-82.71112,38.10301],[-82.71003,38.10309],[-82.70897,38.10295],[-82.70745,38.10242],[-82.70626,38.10189],[-82.70555,38.10143],[-82.70506,38.10089],[-82.70484,38.10036],[-82.70478,38.09958],[-82.70505,38.09896],[-82.70589,38.09857],[-82.70651,38.09838],[-82.70934,38.09854],[-82.70982,38.09733],[-82.71039,38.09645],[-82.71078,38.09603],[-82.71116,38.09568],[-82.7126,38.09479],[-82.71362,38.09436],[-82.71384,38.09414],[-82.71386,38.09388],[-82.71289,38.09317],[-82.71251,38.09316],[-82.71233,38.09323],[-82.71201,38.09354],[-82.71174,38.0937],[-82.71169,38.09302],[-82.71122,38.09301],[-82.7111,38.0933],[-82.71097,38.09341],[-82.7106,38.09298],[-82.7091,38.09294],[-82.70843,38.09299],[-82.70708,38.09351],[-82.70706,38.09389],[-82.70689,38.09448],[-82.7068,38.09447],[-82.70633,38.09383],[-82.70446,38.09457],[-82.70423,38.09478],[-82.70338,38.09501],[-82.70075,38.0942],[-82.70024,38.09425],[-82.69981,38.09421],[-82.69946,38.09442],[-82.69877,38.09442],[-82.69855,38.09452],[-82.69777,38.09462],[-82.69746,38.09447],[-82.69742,38.0943],[-82.69974,38.09375],[-82.70018,38.09351],[-82.70046,38.09302],[-82.70046,38.09249],[-82.70032,38.09217],[-82.69946,38.09181],[-82.69883,38.09145],[-82.69834,38.09135],[-82.69801,38.09148],[-82.69756,38.09145],[-82.69691,38.09174],[-82.69678,38.09189],[-82.69598,38.09244],[-82.69547,38.09251],[-82.69505,38.09326],[-82.6953,38.09363],[-82.69536,38.09393],[-82.69535,38.09432],[-82.69521,38.09471],[-82.69459,38.09489],[-82.69417,38.09509],[-82.69372,38.09503],[-82.69306,38.09513],[-82.69209,38.09506],[-82.69154,38.09488],[-82.69117,38.09437],[-82.69055,38.09476],[-82.68952,38.09509],[-82.68896,38.09503],[-82.68888,38.09482],[-82.68815,38.09477],[-82.68696,38.09474],[-82.68447,38.09492],[-82.68314,38.09546],[-82.68263,38.09586],[-82.68207,38.09598]]],[[[-82.68232,38.09563],[-82.68295,38.09493],[-82.68334,38.09469],[-82.68563,38.09442],[-82.68731,38.09439],[-82.68804,38.09455],[-82.68912,38.09439],[-82.69003,38.09446],[-82.69031,38.09412],[-82.69078,38.09393],[-82.69127,38.09339],[-82.6918,38.09259],[-82.69152,38.09216],[-82.69089,38.0918],[-82.68953,38.09204],[-82.68826,38.09181],[-82.6874,38.09107],[-82.6871,38.09115],[-82.68615,38.09067],[-82.68495,38.09046],[-82.68444,38.09026],[-82.68344,38.08949],[-82.68355,38.08903],[-82.68401,38.08793],[-82.68426,38.0875],[-82.68351,38.08704],[-82.68303,38.08665],[-82.68249,38.08576],[-82.68235,38.08486],[-82.68272,38.0838],[-82.68296,38.0827],[-82.68281,38.08176],[-82.68278,38.08111],[-82.68293,38.08053],[-82.68264,38.07996],[-82.68166,38.08026],[-82.68125,38.08062],[-82.68069,38.08086],[-82.68062,38.08146],[-82.68073,38.08223],[-82.68068,38.08268],[-82.68055,38.08308],[-82.6807,38.08352],[-82.68058,38.0839],[-82.68058,38.08433],[-82.68068,38.08454],[-82.68067,38.0851],[-82.68087,38.08549],[-82.68082,38.08582],[-82.68121,38.08632],[-82.6814,38.0867],[-82.68176,38.08697],[-82.68137,38.08764],[-82.68105,38.08793],[-82.68074,38.08834],[-82.68101,38.08848],[-82.68054,38.08864],[-82.68,38.08923],[-82.67996,38.08966],[-82.67943,38.09044],[-82.67986,38.09049],[-82.67867,38.09097],[-82.67864,38.09121],[-82.67867,38.09262],[-82.67915,38.0933],[-82.67931,38.09413],[-82.67986,38.09475],[-82.68167,38.09597],[-82.68207,38.09598],[-82.68232,38.09563]]],[[[-82.69601,38.12105],[-82.69672,38.12161],[-82.69709,38.122],[-82.6972,38.12221],[-82.69718,38.12228],[-82.69921,38.12199],[-82.69924,38.12194],[-82.69912,38.12094],[-82.6992,38.11949],[-82.69915,38.11913],[-82.6988,38.11822],[-82.69839,38.11801],[-82.69835,38.11793],[-82.69871,38.11779],[-82.69882,38.11698],[-82.69912,38.1163],[-82.69787,38.11595],[-82.69693,38.11593],[-82.69631,38.11531],[-82.69569,38.11528],[-82.69492,38.11564],[-82.69465,38.11596],[-82.69367,38.11627],[-82.69264,38.11631],[-82.69167,38.11653],[-82.6907,38.11644],[-82.69047,38.11694],[-82.6903,38.11698],[-82.68938,38.11679],[-82.68902,38.11698],[-82.6882,38.11727],[-82.68714,38.1171],[-82.68666,38.11761],[-82.68563,38.11803],[-82.68533,38.11822],[-82.68482,38.11883],[-82.68595,38.12008],[-82.68692,38.11982],[-82.68762,38.11974],[-82.68864,38.12066],[-82.69049,38.12154],[-82.69266,38.1204],[-82.69289,38.12022],[-82.69331,38.11967],[-82.6935,38.11961],[-82.69427,38.11991],[-82.69601,38.12105]]]]}},{"type":"Feature","properties":{"NAME":"Fort Boonesborough State Park","TYPE":"Recreational state park","COUNTY":"Madison/Clark","URL":"https://parks.ky.gov/richmond/parks/historic/fort-boonesborough-state-park"},"geometry":{"type":"MultiPolygon","coordinates":[[[[-84.26553,37.90063],[-84.26636,37.9016],[-84.26831,37.90352],[-84.26843,37.90271],[-84.26835,37.90199],[-84.27083,37.9016],[-84.27073,37.90066],[-84.2708,37.90065],[-84.27067,37.90027],[-84.27034,37.90026],[-84.27001,37.90007],[-84.26986,37.89982],[-84.2699,37.89981],[-84.26976,37.89941],[-84.26986,37.89939],[-84.26978,37.89914],[-84.2695,37.8987],[-84.26892,37.89817],[-84.26771,37.89723],[-84.26726,37.89674],[-84.26601,37.89429],[-84.26576,37.89368],[-84.26403,37.89319],[-84.26235,37.89296],[-84.26223,37.89374],[-84.26222,37.8943],[-84.26272,37.89458],[-84.26282,37.89512],[-84.26297,37.89541],[-84.26333,37.89563],[-84.26303,37.89636],[-84.26297,37.89732],[-84.26357,37.89804],[-84.26422,37.89914],[-84.26553,37.90063]]],[[[-84.26974,37.89863],[-84.27011,37.8992],[-84.27032,37.89916],[-84.2702,37.89846],[-84.27024,37.89767],[-84.27013,37.89767],[-84.27018,37.89737],[-84.27001,37.89734],[-84.27007,37.89707],[-84.26983,37.89704],[-84.27003,37.89643],[-84.27034,37.89651],[-84.27069,37.89583],[-84.27122,37.89512],[-84.27204,37.89441],[-84.27284,37.8939],[-84.27263,37.89393],[-84.27188,37.89382],[-84.26994,37.89253],[-84.26861,37.89282],[-84.26649,37.89198],[-84.26591,37.8929],[-84.26586,37.89321],[-84.26603,37.89384],[-84.26666,37.89516],[-84.26754,37.89679],[-84.26799,37.89723],[-84.26974,37.89863]]],[[[-84.26373,37.9009],[-84.26352,37.90102],[-84.26445,37.90208],[-84.26471,37.90218],[-84.26472,37.90259],[-84.26537,37.90315],[-84.26589,37.9038],[-84.2666,37.90395],[-84.26687,37.90394],[-84.26614,37.90317],[-84.26517,37.90232],[-84.26423,37.90132],[-84.26373,37.9009]]],[[[-84.26338,37.90026],[-84.26495,37.90191],[-84.26645,37.90334],[-84.26725,37.90429],[-84.26765,37.90418],[-84.26716,37.90379],[-84.26461,37.90123],[-84.2637,37.90013],[-84.26338,37.90026]]]]}},{"type":"Feature","properties":{"NAME":"Perryville Battlefield State Historic Site","TYPE":"State historic site","COUNTY":"Boyle","URL":"https://parks.ky.gov/perryville/parks/historic/perryville-battlefield-state-historic-site"},"geometry":{"type":"MultiPolygon","coordinates":[[[[-84.95497,37.65428],[-84.95497,37.65448],[-84.9557,37.65452],[-84.95562,37.6552],[-84.95823,37.65537],[-84.96113,37.65699],[-84.96179,37.655],[-84.96222,37.65405],[-84.96315,37.6516],[-84.96185,37.65134],[-84.96058,37.65099],[-84.96058,37.65118],[-84.96019,37.65249],[-84.96028,37.65258],[-84.96003,37.65336],[-84.95908,37.65312],[-84.95922,37.65074],[-84.9581,37.65056],[-84.9564,37.65046],[-84.95635,37.65193],[-84.95506,37.65191],[-84.95497,37.65428]]],[[[-84.95176,37.67059],[-84.95216,37.67062],[-84.95199,37.67185],[-84.95351,37.67218],[-84.95334,37.67516],[-84.95762,37.67431],[-84.95781,37.67423],[-84.95792,37.67385],[-84.95812,37.67375],[-84.95974,37.67353],[-84.96089,37.67324],[-84.96153,37.6727],[-84.96186,37.67195],[-84.96117,37.67171],[-84.96075,37.67132],[-84.95882,37.66885],[-84.95784,37.66897],[-84.9575,37.66895],[-84.95586,37.67001],[-84.95592,37.6684],[-84.95386,37.66841],[-84.95377,37.66773],[-84.9521,37.66766],[-84.95176,37.67059]]],[[[-84.97386,37.68107],[-84.97409,37.68127],[-84.97547,37.68185],[-84.9761,37.68126],[-84.97618,37.68109],[-84.97616,37.68073],[-84.97627,37.68028],[-84.97693,37.67906],[-84.97742,37.67847],[-84.97763,37.67812],[-84.97847,37.67796],[-84.98135,37.67762],[-84.98177,37.67747],[-84.98192,37.67721],[-84.98222,37.67697],[-84.98249,37.67631],[-84.9827,37.67608],[-84.98264,37.67565],[-84.98416,37.67503],[-84.98327,37.67453],[-84.98391,37.67365],[-84.98387,37.67359],[-84.98501,37.67244],[-84.98635,37.67123],[-84.98456,37.66979],[-84.98363,37.66843],[-84.98195,37.66914],[-84.9812,37.66937],[-84.98035,37.66996],[-84.97855,37.67028],[-84.97746,37.67061],[-84.97722,37.67025],[-84.97526,37.66647],[-84.9745,37.66629],[-84.97189,37.66618],[-84.97052,37.66559],[-84.96982,37.66511],[-84.96962,37.66504],[-84.96904,37.66513],[-84.96874,37.66483],[-84.96356,37.66435],[-84.96405,37.66073],[-84.96305,37.66068],[-84.96284,37.66225],[-84.95917,37.66216],[-84.9543,37.66186],[-84.95448,37.66277],[-84.95549,37.66533],[-84.95589,37.66587],[-84.95665,37.6665],[-84.95824,37.66557],[-84.95883,37.6659],[-84.95965,37.66624],[-84.95826,37.66793],[-84.96019,37.67047],[-84.96194,37.66981],[-84.9619,37.6702],[-84.96312,37.6699],[-84.96301,37.67047],[-84.96389,37.67086],[-84.96381,37.67158],[-84.96794,37.67177],[-84.96759,37.67445],[-84.96634,37.67498],[-84.9667,37.67546],[-84.96889,37.67791],[-84.96929,37.679],[-84.97089,37.67915],[-84.97112,37.67783],[-84.97508,37.67725],[-84.97471,37.67643],[-84.97673,37.67568],[-84.97692,37.67598],[-84.97738,37.67591],[-84.97798,37.67675],[-84.97807,37.67699],[-84.97708,37.67741],[-84.97713,37.67769],[-84.97693,37.67792],[-84.97699,37.67826],[-84.97532,37.67755],[-84.97386,37.68107]]]]}},{"type":"Feature","properties":{"NAME":"Kentucky Dam Village State Resort Park","TYPE":"Resort state park","COUNTY":"Marshall","URL":"https://parks.ky.gov/calvert-city/parks/resort/kentucky-dam-village-state-resort-park"},"geometry":{"type":"MultiPolygon","coordinates":[[[[-88.27922,37.01322],[-88.27967,37.01346],[-88.28079,37.01523],[-88.28275,37.0187],[-88.28549,37.01794],[-88.28767,37.01273],[-88.29611,37.01782],[-88.2974,37.01567],[-88.29857,37.01622],[-88.30049,37.01571],[-88.29816,37.01441],[-88.30001,37.01131],[-88.30522,37.01348],[-88.30746,37.00957],[-88.30223,37.00758],[-88.30525,37.00239],[-88.30515,37.00212],[-88.30536,37.00177],[-88.30293,36.99521],[-88.29526,36.9886],[-88.29454,36.98845],[-88.29502,36.98648],[-88.29526,36.98469],[-88.29532,36.98301],[-88.29518,36.98048],[-88.29534,36.97919],[-88.2904,36.97895],[-88.28809,36.9784],[-88.28609,36.97834],[-88.28606,36.97888],[-88.28347,36.98147],[-88.28236,36.9825],[-88.28239,36.98256],[-88.28219,36.9827],[-88.2821,36.98291],[-88.28157,36.98312],[-88.28075,36.98415],[-88.28022,36.98522],[-88.28003,36.98553],[-88.27975,36.98582],[-88.27941,36.98735],[-88.27929,36.98759],[-88.27879,36.98787],[-88.27879,36.98796],[-88.27941,36.9882],[-88.27948,36.98829],[-88.27992,36.98849],[-88.28,36.98863],[-88.27997,36.98876],[-88.2792,36.98951],[-88.27921,36.99001],[-88.27903,36.99059],[-88.27881,36.99082],[-88.27875,36.99112],[-88.27861,36.99131],[-88.27804,36.99159],[-88.27799,36.99173],[-88.27803,36.99205],[-88.27838,36.99238],[-88.27947,36.99277],[-88.2818,36.99505],[-88.28197,36.99507],[-88.28199,36.995],[-88.27975,36.9928],[-88.27974,36.9927],[-88.27982,36.99266],[-88.27979,36.99259],[-88.27986,36.99254],[-88.27975,36.99231],[-88.27974,36.99207],[-88.28009,36.99181],[-88.28083,36.99165],[-88.28097,36.99153],[-88.28099,36.99143],[-88.28108,36.9914],[-88.2812,36.99109],[-88.28166,36.99095],[-88.28172,36.99081],[-88.28164,36.99074],[-88.28181,36.9903],[-88.28184,36.9899],[-88.282,36.98959],[-88.28222,36.98955],[-88.28266,36.9897],[-88.28316,36.98998],[-88.28349,36.99],[-88.2836,36.98995],[-88.28344,36.98945],[-88.28357,36.98904],[-88.28374,36.98897],[-88.28404,36.98899],[-88.28416,36.98888],[-88.28438,36.98884],[-88.28457,36.98868],[-88.2848,36.98834],[-88.28476,36.98818],[-88.28484,36.98811],[-88.28459,36.98773],[-88.28454,36.98745],[-88.28539,36.987],[-88.28563,36.98694],[-88.28617,36.98697],[-88.28676,36.98671],[-88.28697,36.98636],[-88.28667,36.98597],[-88.28665,36.98575],[-88.2871,36.98548],[-88.28744,36.9845],[-88.28765,36.98432],[-88.28765,36.9842],[-88.28781,36.9841],[-88.28797,36.98373],[-88.28835,36.98326],[-88.28843,36.9833],[-88.28852,36.98351],[-88.28867,36.9836],[-88.28881,36.98392],[-88.28863,36.98429],[-88.28875,36.98442],[-88.289,36.98449],[-88.28861,36.98447],[-88.28859,36.9846],[-88.28845,36.98466],[-88.2886,36.98483],[-88.28859,36.98497],[-88.28875,36.98522],[-88.28876,36.98543],[-88.2887,36.9855],[-88.28877,36.98556],[-88.28877,36.98566],[-88.28871,36.98569],[-88.28907,36.98633],[-88.28908,36.98664],[-88.28916,36.98671],[-88.28912,36.98681],[-88.28925,36.98731],[-88.28926,36.988],[-88.28932,36.98809],[-88.28953,36.98803],[-88.28954,36.98807],[-88.2893,36.98822],[-88.28918,36.9887],[-88.2892,36.98888],[-88.28888,36.98967],[-88.2886,36.98978],[-88.28794,36.98984],[-88.28781,36.99005],[-88.28746,36.99021],[-88.28715,36.99072],[-88.28668,36.99096],[-88.28658,36.9911],[-88.28644,36.99152],[-88.28646,36.99177],[-88.2865,36.99194],[-88.28663,36.99208],[-88.28692,36.99222],[-88.28755,36.99227],[-88.28832,36.99266],[-88.28898,36.99278],[-88.2893,36.99274],[-88.28949,36.9927],[-88.28957,36.9925],[-88.28975,36.99266],[-88.29008,36.99281],[-88.29035,36.99284],[-88.29058,36.99277],[-88.29011,36.99297],[-88.29018,36.99333],[-88.29005,36.99335],[-88.28999,36.99344],[-88.28963,36.99346],[-88.28902,36.99388],[-88.28782,36.99414],[-88.28764,36.99424],[-88.28763,36.9944],[-88.28783,36.99503],[-88.28825,36.99539],[-88.28821,36.99573],[-88.2881,36.99586],[-88.28775,36.99603],[-88.28749,36.99606],[-88.28741,36.99599],[-88.28699,36.99599],[-88.2866,36.99584],[-88.28563,36.99583],[-88.28484,36.99638],[-88.28458,36.99644],[-88.28459,36.99657],[-88.28429,36.99691],[-88.28431,36.99714],[-88.28392,36.99749],[-88.28382,36.99768],[-88.2839,36.99776],[-88.284,36.99772],[-88.28403,36.9976],[-88.28447,36.99724],[-88.28477,36.99754],[-88.28588,36.9981],[-88.28588,36.99818],[-88.28608,36.99842],[-88.28648,36.99867],[-88.28664,36.99895],[-88.28675,36.99901],[-88.28674,36.9985],[-88.28715,36.99859],[-88.28744,36.9985],[-88.28777,36.99854],[-88.28828,36.99848],[-88.2886,36.99839],[-88.28879,36.99796],[-88.28928,36.99808],[-88.28885,36.99914],[-88.28902,36.99918],[-88.28808,37.00152],[-88.29,37.00158],[-88.2899,37.00219],[-88.28789,37.00442],[-88.28684,37.00415],[-88.28647,37.00531],[-88.28406,37.01042],[-88.2834,37.00994],[-88.28288,37.00972],[-88.28156,37.00893],[-88.27856,37.01105],[-88.27794,37.01141],[-88.27832,37.01276],[-88.27922,37.01322]],[[-88.2859,36.98184],[-88.28473,36.9823],[-88.28467,36.98163],[-88.28563,36.98118],[-88.2859,36.98184]]],[[[-88.28309,37.00028],[-88.28357,37.00074],[-88.28449,37.0013],[-88.28641,37.00093],[-88.28742,37.00014],[-88.28739,36.99894],[-88.2872,36.99909],[-88.28695,36.99913],[-88.28639,36.99968],[-88.28599,36.99987],[-88.28497,37.00005],[-88.28394,36.99974],[-88.28378,36.99975],[-88.28348,36.99993],[-88.28327,36.99991],[-88.28287,36.99949],[-88.28268,36.99942],[-88.28205,36.9996],[-88.28204,36.99985],[-88.28309,37.00028]]],[[[-88.28465,37.00519],[-88.28557,37.00556],[-88.28579,37.00503],[-88.28486,37.00467],[-88.28465,37.00519]]],[[[-88.29989,37.01643],[-88.29913,37.01659],[-88.30016,37.01724],[-88.30276,37.01844],[-88.30544,37.01951],[-88.3059,37.01868],[-88.30433,37.01773],[-88.30118,37.0161],[-88.29989,37.01643]]]]}},{"type":"Feature","properties":{"NAME":"Dr. Thomas Walker State Historic Site","TYPE":"State historic site","COUNTY":"Knox","URL":"https://parks.ky.gov/barbourville/parks/historic/dr-thomas-walker-state-historic-site"},"geometry":{"type":"Polygon","coordinates":[[[-83.92112,36.83908],[-83.91882,36.83846],[-83.91724,36.83865],[-83.91705,36.8397],[-83.91917,36.84059],[-83.91959,36.83991],[-83.91988,36.8397],[-83.92115,36.83916],[-83.92112,36.83908]]]}},{"type":"Feature","properties":{"NAME":"Barren River Lake State Resort Park","TYPE":"Resort state park","COUNTY":"Barren","URL":"https://parks.ky.gov/lucas/parks/resort/barren-river-lake-state-resort-park"},"geometry":{"type":"Polygon","coordinates":[[[-86.06854,36.87505],[-86.06978,36.8773],[-86.07202,36.87661],[-86.07054,36.87393],[-86.07123,36.87016],[-86.07103,36.87015],[-86.0711,36.86982],[-86.07094,36.86942],[-86.07118,36.86911],[-86.07133,36.86878],[-86.07131,36.86845],[-86.07152,36.8678],[-86.07192,36.86555],[-86.0721,36.86363],[-86.07207,36.86325],[-86.07229,36.86277],[-86.07247,36.86182],[-86.07248,36.86141],[-86.07229,36.86001],[-86.07213,36.85969],[-86.07197,36.85956],[-86.07175,36.85949],[-86.07161,36.85935],[-86.07123,36.85931],[-86.07115,36.85938],[-86.07105,36.85885],[-86.07114,36.85854],[-86.07171,36.85854],[-86.07238,36.85863],[-86.07277,36.85809],[-86.07335,36.85794],[-86.07342,36.85781],[-86.07326,36.85764],[-86.07278,36.85749],[-86.07271,36.85754],[-86.07233,36.85735],[-86.07172,36.85754],[-86.07137,36.85744],[-86.07127,36.85722],[-86.07134,36.85717],[-86.07124,36.85699],[-86.07127,36.85671],[-86.07163,36.85643],[-86.07157,36.85623],[-86.07142,36.85605],[-86.07073,36.85599],[-86.07054,36.8559],[-86.07021,36.85598],[-86.07022,36.85592],[-86.06989,36.85594],[-86.06846,36.85532],[-86.06846,36.85522],[-86.06769,36.85496],[-86.06785,36.8549],[-86.06815,36.85493],[-86.06846,36.85505],[-86.06968,36.85525],[-86.07004,36.85516],[-86.07007,36.85494],[-86.06994,36.85472],[-86.07014,36.85468],[-86.0708,36.85497],[-86.07167,36.855],[-86.07178,36.85497],[-86.0721,36.85448],[-86.0724,36.85422],[-86.07229,36.85383],[-86.07199,36.85337],[-86.07147,36.85221],[-86.07076,36.85112],[-86.07012,36.85033],[-86.06901,36.84853],[-86.06852,36.84794],[-86.0674,36.84689],[-86.0661,36.84799],[-86.06389,36.84971],[-86.06296,36.85026],[-86.06188,36.85062],[-86.05706,36.85148],[-86.05627,36.85171],[-86.05479,36.8525],[-86.05405,36.853],[-86.05357,36.85343],[-86.05334,36.85368],[-86.05351,36.85376],[-86.05227,36.85515],[-86.05236,36.8552],[-86.05195,36.85564],[-86.05184,36.85558],[-86.05124,36.85618],[-86.05219,36.85606],[-86.05276,36.85645],[-86.05207,36.85765],[-86.05031,36.85688],[-86.04909,36.85817],[-86.04968,36.85913],[-86.05185,36.86197],[-86.05152,36.86238],[-86.05126,36.86289],[-86.05205,36.86325],[-86.05135,36.86319],[-86.05102,36.86324],[-86.05057,36.86353],[-86.05047,36.86368],[-86.05002,36.86401],[-86.04879,36.86517],[-86.04879,36.86546],[-86.04898,36.86559],[-86.05043,36.86595],[-86.05021,36.86606],[-86.04976,36.86602],[-86.04896,36.8658],[-86.04872,36.86592],[-86.04854,36.86628],[-86.04844,36.86656],[-86.04841,36.86694],[-86.04846,36.86711],[-86.0486,36.8672],[-86.04934,36.86742],[-86.05078,36.8677],[-86.05155,36.86774],[-86.05246,36.86762],[-86.05278,36.86737],[-86.05293,36.86714],[-86.0531,36.86637],[-86.05307,36.86617],[-86.05317,36.866],[-86.0534,36.86633],[-86.05346,36.86676],[-86.05344,36.86711],[-86.0533,36.86756],[-86.05336,36.86769],[-86.05416,36.86813],[-86.05498,36.86847],[-86.05531,36.86854],[-86.05542,36.86824],[-86.05545,36.8678],[-86.0558,36.86671],[-86.05578,36.86645],[-86.0554,36.865],[-86.05488,36.86439],[-86.05536,36.8646],[-86.05558,36.86448],[-86.0559,36.86417],[-86.05611,36.86349],[-86.05613,36.86408],[-86.05637,36.86417],[-86.05611,36.86436],[-86.05579,36.86475],[-86.05579,36.86547],[-86.05586,36.86573],[-86.05628,36.8665],[-86.05783,36.86595],[-86.05798,36.86596],[-86.05687,36.86668],[-86.05661,36.86696],[-86.05639,36.86696],[-86.05627,36.86713],[-86.05608,36.86774],[-86.05624,36.8687],[-86.05642,36.86885],[-86.05728,36.86907],[-86.05793,36.86911],[-86.05867,36.86891],[-86.05905,36.86852],[-86.05885,36.86903],[-86.059,36.8691],[-86.05951,36.86899],[-86.0606,36.86909],[-86.06092,36.86899],[-86.06164,36.86919],[-86.06176,36.86954],[-86.06189,36.8696],[-86.06243,36.86959],[-86.06249,36.86963],[-86.0623,36.87001],[-86.0624,36.87029],[-86.06262,36.87058],[-86.06419,36.87177],[-86.06502,36.87263],[-86.06534,36.87304],[-86.06595,36.8743],[-86.06629,36.87473],[-86.0664,36.87505],[-86.06821,36.87445],[-86.06854,36.87505]]]}}]}