{"type":"FeatureCollection","features":[{"type":"Feature","properties":{"NAME":"Sheltowee Trace","MANAGER":"US Forest Service","PLACE":"Daniel Boone National Forest","URL":"https://www.fs.usda.gov/r08/danielboone"},"geometry":{"type":"LineString","coordinates":[[-84.28101,37.07101],[-84.28105,37.07066],[-84.28122,37.0704],[-84.28181,37.07004],[-84.28241,37.06985],[-84.28209,37.06828],[-84.28197,37.0681],[-84.28184,37.06803],[-84.28205,37.06774],[-84.28207,37.06739],[-84.28217,37.06702],[-84.2821,37.06649],[-84.2818,37.06596],[-84.28174,37.06574],[-84.2818,37.06484],[-84.28201,37.06439],[-84.28207,37.06399],[-84.28199,37.06362],[-84.28151,37.06284],[-84.28139,37.06248],[-84.28135,37.06175],[-84.28099,37.06055],[-84.28105,37.05983],[-84.28091,37.0592],[-84.28098,37.05893],[-84.28097,37.0587],[-84.28074,37.05761],[-84.2808,37.05735],[-84.28129,37.05646],[-84.28132,37.0563],[-84.28121,37.05595],[-84.28121,37.05581],[-84.28146,37.05525],[-84.28139,37.05419],[-84.28143,37.05395],[-84.28176,37.05349],[-84.28204,37.05286],[-84.28217,37.05235],[-84.28175,37.05219],[-84.28114,37.05206],[-84.28171,37.05128],[-84.28188,37.05082],[-84.28241,37.05009],[-84.28274,37.04974],[-84.28351,37.04863],[-84.28365,37.04828],[-84.28387,37.04808],[-84.28397,37.0479],[-84.28395,37.04769],[-84.28384,37.04749],[-84.28397,37.04715],[-84.28393,37.04687],[-84.2838,37.04661],[-84.28391,37.04607],[-84.28356,37.0441],[-84.28345,37.04209],[-84.28349,37.04126],[-84.28374,37.04011],[-84.28413,37.03929],[-84.28429,37.03905],[-84.28511,37.03877],[-84.28552,37.0387],[-84.28561,37.03864],[-84.28566,37.03853],[-84.28556,37.0378],[-84.28451,37.03395],[-84.28401,37.03248],[-84.28335,37.03082],[-84.28306,37.02989],[-84.28289,37.02889],[-84.28276,37.02861],[-84.28173,37.02745],[-84.2813,37.02682],[-84.28119,37.02657],[-84.28115,37.0264],[-84.28132,37.02534],[-84.28149,37.02476],[-84.28123,37.02464],[-84.2809,37.02459],[-84.28114,37.0241],[-84.28186,37.02324],[-84.28199,37.023],[-84.28225,37.02276],[-84.28254,37.02271],[-84.28281,37.02297],[-84.28276,37.02306],[-84.28292,37.02299],[-84.28324,37.02295],[-84.28329,37.02303],[-84.28319,37.02313],[-84.28341,37.0232],[-84.28423,37.02303],[-84.28444,37.0229],[-84.28477,37.02248],[-84.28636,37.02096],[-84.28641,37.0208],[-84.28638,37.0207],[-84.28611,37.02048],[-84.28531,37.0204],[-84.28514,37.02034],[-84.28511,37.02028],[-84.28525,37.01995],[-84.28613,37.01937],[-84.28664,37.01885],[-84.28704,37.01832],[-84.28714,37.01799],[-84.28713,37.01773],[-84.28703,37.01745],[-84.28668,37.01673],[-84.28627,37.01568],[-84.286,37.01448],[-84.28601,37.01365],[-84.28634,37.01203],[-84.28661,37.01131],[-84.28667,37.01088],[-84.28665,37.0105],[-84.28617,37.00923],[-84.28555,37.00822],[-84.28507,37.00729],[-84.28476,37.00712],[-84.28471,37.00699],[-84.28478,37.00637],[-84.28475,37.00607],[-84.28439,37.00558],[-84.28457,37.00477],[-84.28451,37.00427],[-84.28485,37.00369],[-84.28482,37.00344],[-84.28488,37.00329],[-84.2851,37.00318],[-84.28551,37.00275],[-84.28577,37.00243],[-84.28607,37.00183],[-84.28608,37.00162],[-84.2859,37.00149],[-84.28584,37.00125],[-84.28589,37.00093],[-84.28587,37.00055],[-84.28626,37.00018],[-84.28655,36.99961],[-84.28655,36.99936],[-84.28643,36.99905],[-84.28579,36.99854],[-84.28516,36.99812],[-84.28474,36.99747],[-84.2846,36.9974],[-84.28433,36.99741],[-84.28289,36.99774],[-84.28106,36.99781],[-84.28038,36.99788],[-84.27993,36.99803],[-84.27934,36.99851],[-84.27882,36.99924],[-84.27831,36.9996],[-84.27827,36.99976],[-84.27815,36.99991],[-84.27797,36.99998],[-84.27739,37.00001],[-84.27658,36.99994],[-84.27624,36.9998],[-84.2759,36.99849],[-84.27559,36.99828],[-84.27489,36.99753],[-84.27468,36.99708],[-84.27457,36.99696],[-84.27441,36.99653],[-84.27426,36.9959],[-84.27401,36.99529],[-84.27394,36.99496],[-84.27417,36.99453],[-84.27487,36.99424],[-84.2757,36.99347],[-84.27599,36.99367],[-84.27627,36.99397],[-84.27644,36.99404],[-84.27665,36.99369],[-84.27721,36.99363],[-84.27729,36.99368],[-84.27794,36.99368],[-84.27835,36.9936],[-84.27894,36.99342],[-84.27904,36.99311],[-84.27876,36.99307],[-84.27856,36.99288],[-84.27831,36.99283],[-84.27816,36.99234],[-84.27798,36.99248],[-84.27762,36.99265],[-84.2773,36.99271],[-84.27696,36.99286],[-84.27657,36.99288],[-84.2763,36.99283],[-84.27603,36.99269],[-84.27567,36.99227],[-84.27523,36.99203],[-84.27508,36.99155],[-84.27477,36.99121],[-84.27373,36.99064],[-84.27247,36.99023],[-84.27201,36.99],[-84.27154,36.98956],[-84.27047,36.98893],[-84.27005,36.98847],[-84.26985,36.98816],[-84.26978,36.98794],[-84.2698,36.98782],[-84.2706,36.98741],[-84.27064,36.98717],[-84.27056,36.98701],[-84.27016,36.98669],[-84.26996,36.98642],[-84.26989,36.9861],[-84.26994,36.98599],[-84.27019,36.98584],[-84.27066,36.98576],[-84.27096,36.98576],[-84.27128,36.98589],[-84.27145,36.98578],[-84.27187,36.98564],[-84.27249,36.98564],[-84.2728,36.9857],[-84.27301,36.9858],[-84.27326,36.98558],[-84.27364,36.98536],[-84.2736,36.98522],[-84.27333,36.98513],[-84.27299,36.98491],[-84.27258,36.98492],[-84.2722,36.98482],[-84.27134,36.98479],[-84.27106,36.98469],[-84.27094,36.98458],[-84.2709,36.98446],[-84.27094,36.98404],[-84.27081,36.98347],[-84.27064,36.98325],[-84.2705,36.9833],[-84.26975,36.98448],[-84.2695,36.9847],[-84.2692,36.98476],[-84.26873,36.98477],[-84.26827,36.98468],[-84.26789,36.98434],[-84.26778,36.98416],[-84.26778,36.98389],[-84.26813,36.98353],[-84.26822,36.98328],[-84.26805,36.983],[-84.2679,36.98293],[-84.26777,36.98298],[-84.26701,36.98356],[-84.2668,36.98367],[-84.26645,36.98368],[-84.26633,36.98357],[-84.26594,36.9828],[-84.26572,36.98251],[-84.26531,36.98226],[-84.265,36.98199],[-84.26501,36.98118],[-84.26482,36.98092],[-84.26461,36.98085],[-84.26447,36.98086],[-84.26413,36.98117],[-84.26412,36.98169],[-84.264,36.98184],[-84.26339,36.98217],[-84.26318,36.98219],[-84.26255,36.9825],[-84.26203,36.98299],[-84.26174,36.98307],[-84.26161,36.98295],[-84.26146,36.98258],[-84.26121,36.98239],[-84.261,36.98249],[-84.26086,36.98281],[-84.26063,36.98304],[-84.26047,36.98304],[-84.26024,36.98293],[-84.25999,36.9826],[-84.25987,36.98206],[-84.25947,36.98175],[-84.25951,36.98154],[-84.2598,36.9814],[-84.26003,36.98106],[-84.26004,36.98087],[-84.25978,36.98074],[-84.25909,36.9806],[-84.2589,36.98045],[-84.25877,36.98025],[-84.25877,36.98006],[-84.25884,36.97986],[-84.25902,36.97965],[-84.25948,36.97946],[-84.25991,36.97943],[-84.26043,36.97949],[-84.261,36.9798],[-84.26122,36.97972],[-84.26128,36.97937],[-84.26156,36.97923],[-84.26205,36.9791],[-84.26237,36.9791],[-84.26259,36.97938],[-84.26272,36.9794],[-84.26282,36.97931],[-84.26282,36.97902],[-84.26295,36.97886],[-84.26319,36.97872],[-84.26347,36.9787],[-84.26376,36.97877],[-84.26396,36.97869],[-84.26467,36.97805],[-84.2652,36.97801],[-84.26548,36.97817],[-84.26578,36.97818],[-84.26588,36.97792],[-84.26642,36.97744],[-84.26652,36.97729],[-84.26653,36.97718],[-84.26643,36.97705],[-84.26483,36.9766],[-84.26315,36.97626],[-84.26244,36.97584],[-84.26231,36.97572],[-84.26229,36.97556],[-84.26233,36.97544],[-84.26275,36.97502],[-84.26339,36.97465],[-84.26349,36.97451],[-84.2635,36.97441],[-84.26306,36.974],[-84.26251,36.9737],[-84.26133,36.97342],[-84.26112,36.9733],[-84.26104,36.97301],[-84.26127,36.97264],[-84.2611,36.97232],[-84.26108,36.97208],[-84.26096,36.97196],[-84.26043,36.97099],[-84.2606,36.97067],[-84.26078,36.97076],[-84.26095,36.97135],[-84.26128,36.97141],[-84.26146,36.97134],[-84.26166,36.97116],[-84.26174,36.97085],[-84.26203,36.97049],[-84.26225,36.97059],[-84.26237,36.97085],[-84.26233,36.97123],[-84.26193,36.97136],[-84.26169,36.97149],[-84.26229,36.9718],[-84.26266,36.97226],[-84.26315,36.97274],[-84.26356,36.97293],[-84.26369,36.97284],[-84.2637,36.97265],[-84.26379,36.97241],[-84.26387,36.97194],[-84.26385,36.97168],[-84.2639,36.97131],[-84.26397,36.97123],[-84.26416,36.97122],[-84.26438,36.97128],[-84.26447,36.97112],[-84.26436,36.97069],[-84.26418,36.97045],[-84.2642,36.97039],[-84.26429,36.97035],[-84.2647,36.97039],[-84.26507,36.97059],[-84.26531,36.97112],[-84.26526,36.97132],[-84.26539,36.97143],[-84.26565,36.97145],[-84.26588,36.97139],[-84.26624,36.97165],[-84.26644,36.97166],[-84.26653,36.97147],[-84.26657,36.9712],[-84.26692,36.97114],[-84.26717,36.97134],[-84.26755,36.97135],[-84.26767,36.9712],[-84.26753,36.97084],[-84.26735,36.97059],[-84.26697,36.97022],[-84.26673,36.96986],[-84.26666,36.96962],[-84.26664,36.96906],[-84.2667,36.96852],[-84.26667,36.9678],[-84.26671,36.96768],[-84.26686,36.96753],[-84.26745,36.96756],[-84.26776,36.96748],[-84.26784,36.96742],[-84.26792,36.96715],[-84.26803,36.96701],[-84.26853,36.96682],[-84.26885,36.96658],[-84.26919,36.96625],[-84.26943,36.96587],[-84.26948,36.96571],[-84.26963,36.96564],[-84.2698,36.96529],[-84.27014,36.96512],[-84.2701,36.96472],[-84.26987,36.96437],[-84.26964,36.96418],[-84.26839,36.96343],[-84.26821,36.96324],[-84.26806,36.96284],[-84.26793,36.96211],[-84.26794,36.96153],[-84.26801,36.9611],[-84.26816,36.96062],[-84.26867,36.95971],[-84.26874,36.95949],[-84.26867,36.9593],[-84.26818,36.95896],[-84.26806,36.95881],[-84.26745,36.95782],[-84.26673,36.95651],[-84.2669,36.95662],[-84.26726,36.95659],[-84.2676,36.95648],[-84.26784,36.95615],[-84.26805,36.95558],[-84.2679,36.95514],[-84.26733,36.95458],[-84.26723,36.95429],[-84.26726,36.95401],[-84.26733,36.95393],[-84.26801,36.95349],[-84.26876,36.95318],[-84.26935,36.95304],[-84.27093,36.95294],[-84.27129,36.95315],[-84.27204,36.95322],[-84.27272,36.95294],[-84.27344,36.95231],[-84.27346,36.95216],[-84.27424,36.95267],[-84.27475,36.9529],[-84.27627,36.95378],[-84.27649,36.95373],[-84.27676,36.95333],[-84.27727,36.95318],[-84.2781,36.95272],[-84.27868,36.95263],[-84.27967,36.95284],[-84.28018,36.95271],[-84.28114,36.9527],[-84.28178,36.95253],[-84.2822,36.95258],[-84.28254,36.95266],[-84.28269,36.9528],[-84.28278,36.95353],[-84.28285,36.95359],[-84.28302,36.95361],[-84.28358,36.95329],[-84.28396,36.95312],[-84.28416,36.95308],[-84.28438,36.95315],[-84.28487,36.95377],[-84.28511,36.95382],[-84.2855,36.95374],[-84.28642,36.95332],[-84.287,36.9528],[-84.2871,36.9526],[-84.28724,36.95205],[-84.28763,36.9518],[-84.28782,36.9516],[-84.28777,36.95141],[-84.2876,36.9512],[-84.28704,36.95085],[-84.28699,36.95077],[-84.28686,36.95055],[-84.28702,36.9503],[-84.28842,36.94954],[-84.28891,36.94907],[-84.29099,36.94803],[-84.29176,36.94757],[-84.29221,36.94724],[-84.29303,36.94698],[-84.29377,36.94662],[-84.29451,36.9462],[-84.29524,36.9456],[-84.29549,36.94551],[-84.29565,36.94486],[-84.29557,36.94428],[-84.29547,36.94412],[-84.29536,36.9436],[-84.29533,36.94282],[-84.29537,36.94181],[-84.29548,36.94135],[-84.29658,36.93945],[-84.29694,36.93872],[-84.29705,36.93838],[-84.29709,36.93856],[-84.29717,36.93842],[-84.29721,36.93794],[-84.29714,36.93761],[-84.29692,36.93708],[-84.29692,36.93686],[-84.29748,36.93758],[-84.29782,36.93773]]}},{"type":"Feature","properties":{"NAME":"Sheltowee Trace","MANAGER":"US Forest Service","PLACE":"Daniel Boone National Forest","URL":"https://www.fs.usda.gov/r08/danielboone"},"geometry":{"type":"LineString","coordinates":[[-84.29782,36.93773],[-84.29824,36.93776],[-84.29848,36.9377],[-84.30108,36.93556],[-84.30179,36.93529],[-84.30226,36.93505],[-84.3027,36.93498],[-84.30284,36.93481],[-84.30457,36.93385],[-84.30651,36.93289],[-84.30756,36.93253],[-84.30868,36.93199],[-84.30933,36.93157],[-84.31043,36.93075],[-84.3107,36.93032],[-84.31193,36.92909],[-84.31225,36.92893],[-84.31231,36.92883],[-84.31241,36.92828],[-84.31234,36.92713],[-84.31203,36.92636],[-84.31161,36.92593],[-84.31134,36.9258],[-84.31085,36.92566],[-84.31056,36.92537],[-84.30971,36.92497],[-84.30927,36.92457],[-84.30859,36.9242],[-84.3074,36.92342],[-84.30709,36.92298],[-84.3065,36.92259],[-84.30646,36.92248],[-84.3065,36.92202],[-84.30608,36.9216],[-84.30589,36.92082],[-84.30554,36.92056],[-84.3055,36.92045],[-84.30548,36.92019],[-84.30558,36.91968],[-84.30555,36.91943],[-84.30491,36.91838],[-84.30461,36.91739],[-84.30444,36.91666],[-84.30435,36.91592],[-84.30415,36.91535],[-84.30389,36.9141],[-84.30371,36.91356],[-84.30364,36.91306],[-84.30346,36.91254],[-84.30337,36.91136],[-84.3034,36.91111],[-84.30357,36.91085],[-84.30396,36.91048],[-84.30484,36.90979],[-84.3055,36.9094],[-84.3068,36.90906],[-84.30697,36.90895],[-84.30708,36.90878],[-84.30706,36.9087],[-84.30691,36.9086],[-84.30647,36.90851],[-84.30604,36.90833],[-84.30525,36.90753],[-84.30528,36.90749],[-84.30544,36.9075],[-84.30625,36.90813],[-84.30701,36.90827],[-84.30811,36.90826],[-84.30867,36.90807],[-84.3092,36.90805],[-84.30994,36.90792],[-84.31058,36.90771],[-84.3113,36.90761],[-84.31196,36.90733],[-84.31258,36.90697],[-84.31406,36.90589],[-84.31486,36.90521],[-84.31574,36.90412],[-84.31588,36.90386],[-84.31617,36.90302],[-84.31623,36.90263],[-84.31622,36.90093],[-84.31597,36.90065],[-84.31584,36.90059],[-84.31579,36.90049],[-84.3165,36.90005],[-84.31759,36.89885],[-84.31812,36.89834],[-84.31981,36.89724],[-84.3206,36.89682],[-84.32126,36.89631],[-84.32174,36.89573],[-84.32191,36.89543],[-84.32226,36.89466],[-84.32241,36.89412],[-84.32245,36.89389],[-84.32236,36.89318],[-84.3219,36.89209],[-84.32094,36.89063],[-84.32035,36.88991],[-84.32008,36.8897],[-84.31937,36.88933],[-84.31885,36.88898],[-84.31747,36.88832],[-84.31608,36.88743],[-84.31547,36.88692],[-84.31477,36.88573],[-84.31444,36.88498],[-84.31421,36.88388],[-84.3141,36.88295],[-84.31412,36.88194],[-84.31427,36.88149],[-84.31489,36.88045],[-84.31494,36.88029],[-84.31497,36.8797],[-84.31518,36.87898],[-84.3154,36.8784],[-84.31564,36.87807],[-84.31636,36.87734],[-84.31768,36.87612],[-84.31867,36.87536],[-84.31905,36.87501],[-84.32007,36.87456],[-84.32042,36.87432],[-84.32095,36.87417],[-84.32274,36.8732],[-84.32393,36.87195],[-84.32447,36.87115],[-84.32461,36.87056],[-84.32492,36.86992],[-84.32498,36.86966],[-84.32502,36.86916],[-84.32495,36.86898],[-84.32483,36.86887],[-84.32489,36.86859],[-84.32479,36.86831],[-84.32492,36.86792],[-84.32493,36.86748],[-84.32473,36.86707],[-84.32401,36.86617],[-84.32399,36.86606],[-84.32404,36.86589],[-84.32398,36.86577],[-84.32383,36.86559],[-84.3234,36.86524],[-84.32308,36.86464],[-84.32297,36.86449],[-84.32277,36.86434],[-84.3219,36.86376],[-84.32081,36.86316],[-84.32037,36.86275],[-84.31936,36.86233],[-84.31832,36.86165],[-84.31807,36.86154],[-84.31691,36.86135],[-84.3161,36.86113],[-84.31586,36.861],[-84.31534,36.86053],[-84.31467,36.86009],[-84.31438,36.86],[-84.31403,36.85997],[-84.31402,36.85978],[-84.31421,36.8594],[-84.31428,36.85913],[-84.31432,36.85805],[-84.31479,36.85677],[-84.31497,36.85655],[-84.31538,36.85635],[-84.31551,36.85624],[-84.31577,36.85591],[-84.31595,36.85576],[-84.31642,36.85554],[-84.31725,36.85529],[-84.31953,36.85513],[-84.3211,36.85487],[-84.32188,36.85479],[-84.32218,36.8548],[-84.32268,36.85491],[-84.32333,36.85467],[-84.32456,36.85464],[-84.32522,36.85452],[-84.32629,36.85424],[-84.32728,36.85376],[-84.32797,36.85331],[-84.32874,36.85267],[-84.32923,36.8519],[-84.32973,36.85072],[-84.32977,36.85029],[-84.33006,36.84904],[-84.33028,36.84857],[-84.33063,36.8476],[-84.3311,36.8469],[-84.33175,36.84609],[-84.33186,36.84563],[-84.33195,36.8455],[-84.33251,36.84493],[-84.33304,36.84483],[-84.33358,36.84463],[-84.33406,36.84427],[-84.33476,36.84394],[-84.33534,36.84396],[-84.33601,36.84388],[-84.33697,36.84399],[-84.33729,36.84393],[-84.33738,36.84383],[-84.33742,36.84368],[-84.33711,36.843],[-84.33691,36.84283],[-84.33644,36.84258],[-84.33654,36.84246],[-84.33679,36.84239],[-84.33724,36.84236],[-84.3374,36.8424],[-84.33774,36.84299],[-84.33833,36.84355],[-84.33863,36.84366],[-84.33956,36.84365],[-84.33971,36.84363],[-84.33989,36.84352],[-84.33991,36.84321],[-84.33979,36.8429],[-84.33984,36.84284],[-84.33991,36.84285],[-84.3401,36.84308],[-84.34023,36.84316],[-84.34078,36.84338],[-84.34103,36.84339],[-84.34151,36.84313],[-84.34168,36.84299],[-84.34201,36.8425],[-84.34219,36.84233],[-84.3422,36.84203],[-84.3423,36.84157],[-84.34223,36.84141],[-84.34256,36.84116],[-84.34272,36.84096],[-84.34318,36.84075],[-84.34323,36.84067],[-84.34362,36.83965],[-84.34379,36.83882],[-84.34403,36.83823],[-84.344,36.83809],[-84.34382,36.83783],[-84.34355,36.83761],[-84.34331,36.83732],[-84.34267,36.83686],[-84.34233,36.8367],[-84.34123,36.83637],[-84.34062,36.83647]]}},{"type":"Feature","properties":{"NAME":"Flood Route For Sheltowee","MANAGER":"US Forest Service","PLACE":"Daniel Boone National Forest","URL":"https://www.fs.usda.gov/r08/danielboone"},"geometry":{"type":"MultiLineString","coordinates":[[[-84.29742,36.93751],[-84.29742,36.93732],[-84.29757,36.93718],[-84.29782,36.93624],[-84.29807,36.93558],[-84.29854,36.93495],[-84.29879,36.93422],[-84.29869,36.93274],[-84.2992,36.93195],[-84.30029,36.93141],[-84.30104,36.93072],[-84.30157,36.93011],[-84.30178,36.92906],[-84.30184,36.92898],[-84.30175,36.92839],[-84.30153,36.92802],[-84.30099,36.92734],[-84.30051,36.92699],[-84.30042,36.92687],[-84.30047,36.92602],[-84.30042,36.92578],[-84.30034,36.92565],[-84.30003,36.92559],[-84.29919,36.92569],[-84.29839,36.92539],[-84.29771,36.92506],[-84.29758,36.9249],[-84.29752,36.92474],[-84.29756,36.92458],[-84.29757,36.92385],[-84.2975,36.92367],[-84.29679,36.92336],[-84.29631,36.92294],[-84.29612,36.92252],[-84.29588,36.92179],[-84.29575,36.92156],[-84.29537,36.92129],[-84.29481,36.92117],[-84.29437,36.92101],[-84.29422,36.9208],[-84.29408,36.92041],[-84.29396,36.92035]],[[-84.29397,36.92036],[-84.29416,36.92022],[-84.29433,36.91988],[-84.29453,36.91963],[-84.29548,36.91926],[-84.29583,36.91902],[-84.29604,36.9187],[-84.29612,36.91849],[-84.29615,36.91794],[-84.29628,36.91769],[-84.29701,36.91747],[-84.29764,36.91708],[-84.29789,36.917],[-84.2982,36.91664],[-84.29863,36.91589],[-84.29889,36.91578],[-84.29946,36.91568],[-84.29976,36.91556],[-84.30014,36.91525],[-84.3003,36.9148],[-84.3002,36.91425],[-84.30032,36.91394],[-84.30053,36.91369],[-84.30078,36.91301],[-84.30099,36.91265],[-84.30115,36.91222],[-84.30118,36.91186],[-84.30127,36.91165],[-84.30127,36.91135],[-84.30139,36.91066],[-84.30259,36.91017],[-84.30314,36.90944],[-84.3039,36.90918],[-84.30463,36.90884],[-84.30528,36.90844],[-84.30484,36.90784],[-84.3036,36.90743]]]}},{"type":"Feature","properties":{"NAME":"Sheltowee Trace","MANAGER":"US Forest Service","PLACE":"Daniel Boone National Forest","URL":"https://www.fs.usda.gov/r08/danielboone"},"geometry":{"type":"LineString","coordinates":[[-84.34062,36.83647],[-84.34044,36.83653],[-84.34036,36.83651],[-84.34016,36.8351],[-84.33971,36.83517],[-84.33875,36.83537],[-84.33823,36.83557],[-84.33772,36.83587],[-84.3368,36.83653],[-84.33637,36.83703],[-84.33615,36.83716],[-84.3359,36.83723],[-84.33542,36.83727],[-84.33462,36.83753],[-84.33375,36.83759],[-84.33309,36.83752],[-84.33213,36.83734],[-84.33153,36.83713],[-84.33034,36.83681],[-84.32835,36.83583],[-84.32746,36.83552],[-84.32693,36.8354],[-84.32601,36.8353],[-84.32486,36.83529],[-84.32227,36.83564],[-84.32048,36.8356],[-84.32019,36.83557],[-84.31968,36.83543],[-84.31909,36.83515],[-84.31895,36.83496],[-84.31886,36.83462],[-84.31891,36.83421],[-84.31905,36.83376],[-84.31929,36.83324],[-84.3197,36.8326],[-84.32036,36.83199],[-84.3213,36.8314],[-84.32516,36.82979],[-84.32582,36.82947],[-84.32646,36.82922],[-84.32718,36.82901],[-84.32799,36.82828],[-84.32864,36.82794],[-84.3292,36.82772],[-84.33005,36.82749],[-84.33203,36.82732],[-84.33411,36.82679],[-84.33465,36.82676],[-84.33538,36.82679],[-84.33581,36.82669],[-84.33601,36.82656],[-84.33623,36.82649],[-84.3374,36.82643],[-84.33777,36.82633],[-84.33843,36.82603],[-84.3393,36.82586],[-84.34024,36.82518],[-84.34102,36.82492],[-84.34192,36.82455],[-84.34238,36.82424],[-84.34366,36.82316],[-84.34475,36.82262],[-84.34517,36.82226],[-84.34607,36.82177],[-84.34744,36.82079],[-84.34761,36.82071],[-84.34886,36.81952],[-84.34922,36.81889],[-84.35066,36.81785],[-84.35254,36.8161],[-84.3529,36.81592],[-84.35394,36.8151],[-84.35577,36.81378],[-84.35615,36.8134],[-84.35704,36.81229],[-84.35725,36.81175],[-84.35726,36.81144],[-84.35706,36.81036],[-84.35679,36.80963],[-84.35608,36.8084],[-84.35579,36.808],[-84.35578,36.80794],[-84.35584,36.80789],[-84.3565,36.80821],[-84.35673,36.80825],[-84.35695,36.80817],[-84.35706,36.80796],[-84.35708,36.80767],[-84.35725,36.80763],[-84.35753,36.80791],[-84.35778,36.80825],[-84.35812,36.8089],[-84.35837,36.80917],[-84.35922,36.8097],[-84.35952,36.81],[-84.35976,36.81013],[-84.36056,36.8103],[-84.36098,36.81044],[-84.36181,36.81084],[-84.36212,36.81103],[-84.36247,36.81134],[-84.36281,36.81177],[-84.36311,36.81203],[-84.36409,36.81259],[-84.36437,36.81266],[-84.36466,36.81267],[-84.36526,36.8123],[-84.36578,36.81209],[-84.36646,36.81192],[-84.3666,36.81197],[-84.36691,36.81237],[-84.3677,36.81304],[-84.36806,36.81328],[-84.36941,36.81387],[-84.37045,36.8145],[-84.37061,36.81441],[-84.37187,36.81326],[-84.37217,36.81291],[-84.37243,36.81245],[-84.37259,36.81173],[-84.37277,36.81143],[-84.37309,36.811],[-84.3738,36.8103],[-84.37408,36.8095],[-84.37441,36.80812],[-84.37449,36.80692],[-84.37438,36.80616],[-84.37424,36.80577],[-84.37395,36.80538],[-84.37356,36.80501],[-84.37224,36.80399],[-84.37153,36.80367],[-84.3713,36.80344],[-84.37115,36.80304],[-84.37113,36.80277],[-84.37098,36.80239],[-84.3707,36.80212],[-84.37041,36.80197],[-84.37002,36.80193],[-84.36981,36.80185],[-84.36965,36.80162],[-84.36945,36.80101],[-84.36956,36.80088],[-84.36977,36.80088],[-84.37104,36.80128],[-84.37243,36.80137],[-84.37339,36.80155],[-84.37393,36.80168],[-84.37476,36.80215],[-84.37593,36.80214],[-84.37624,36.80221],[-84.37725,36.80273],[-84.37784,36.80298],[-84.37799,36.80301],[-84.37824,36.80294],[-84.37823,36.80272],[-84.37747,36.80125],[-84.37734,36.80083],[-84.37725,36.79991],[-84.37736,36.79896],[-84.37793,36.79771],[-84.37802,36.79729],[-84.37785,36.79705],[-84.37783,36.7969],[-84.37791,36.79596],[-84.37799,36.79569],[-84.37827,36.79524],[-84.37872,36.79467],[-84.37912,36.7943],[-84.37953,36.79381],[-84.37955,36.7937],[-84.37951,36.79362],[-84.37909,36.79368],[-84.37889,36.79362],[-84.37888,36.79353],[-84.37901,36.79345],[-84.37933,36.79338],[-84.3792,36.79303],[-84.37925,36.7929],[-84.37991,36.79199],[-84.38003,36.79176],[-84.3807,36.78997],[-84.38081,36.78977],[-84.38107,36.78954],[-84.38247,36.78841],[-84.38286,36.78773],[-84.38375,36.78684],[-84.38416,36.78651],[-84.38488,36.78605],[-84.38565,36.78535],[-84.38602,36.78522],[-84.38644,36.78476],[-84.38687,36.78451],[-84.38746,36.78438],[-84.38781,36.7844],[-84.38816,36.7842],[-84.38835,36.784],[-84.38832,36.78388],[-84.38803,36.78387],[-84.38784,36.78376],[-84.38791,36.78366],[-84.38802,36.78363],[-84.38838,36.78363]]}},{"type":"Feature","properties":{"NAME":"Sheltowee Trace","MANAGER":"US Forest Service","PLACE":"Daniel Boone National Forest","URL":"https://www.fs.usda.gov/r08/danielboone"},"geometry":{"type":"LineString","coordinates":[[-84.38838,36.78363],[-84.3886,36.78369],[-84.39022,36.78376],[-84.39182,36.78415],[-84.39224,36.78411],[-84.39323,36.78381],[-84.3935,36.78382],[-84.39368,36.7839],[-84.39401,36.7842],[-84.39423,36.78431],[-84.39462,36.78439],[-84.39539,36.78436],[-84.3963,36.78404],[-84.39649,36.78402],[-84.39673,36.78407],[-84.39714,36.78429],[-84.39722,36.78443],[-84.39721,36.78456],[-84.39699,36.78471],[-84.39588,36.78473],[-84.39558,36.78496],[-84.39588,36.78509],[-84.39654,36.78521],[-84.39717,36.78525],[-84.39764,36.78522],[-84.398,36.78503],[-84.39838,36.78464],[-84.39848,36.78444],[-84.39853,36.78395],[-84.39845,36.78371],[-84.39787,36.78277],[-84.3976,36.78224],[-84.39751,36.78188],[-84.39763,36.78173],[-84.39827,36.78202],[-84.39838,36.78217],[-84.39865,36.78277],[-84.39895,36.78309],[-84.40043,36.78392],[-84.40165,36.78414],[-84.40177,36.78411],[-84.40203,36.78389],[-84.40213,36.78389],[-84.40222,36.78395],[-84.4024,36.78449],[-84.4025,36.78461],[-84.40289,36.78483],[-84.40303,36.78496],[-84.40336,36.78562],[-84.40414,36.78656],[-84.40459,36.78681],[-84.40482,36.78686],[-84.40517,36.78683],[-84.40542,36.78657],[-84.40545,36.7864],[-84.40538,36.78609],[-84.40539,36.78591],[-84.40553,36.78543],[-84.40545,36.78529],[-84.40494,36.78496],[-84.40477,36.78467],[-84.40476,36.7844],[-84.40503,36.78411],[-84.40513,36.78383],[-84.4051,36.7836],[-84.4047,36.78257],[-84.40469,36.7824],[-84.40474,36.78229],[-84.40483,36.78227],[-84.40497,36.78238],[-84.40534,36.78292],[-84.4057,36.7833],[-84.40592,36.78346],[-84.40608,36.78349],[-84.40634,36.78345],[-84.40666,36.7831],[-84.4069,36.78301],[-84.40787,36.7835],[-84.4081,36.78351],[-84.40815,36.78343],[-84.40806,36.78227],[-84.40803,36.7821],[-84.40766,36.78131],[-84.40762,36.78107],[-84.40767,36.78097],[-84.40777,36.78094],[-84.40794,36.78099],[-84.40883,36.78147],[-84.40914,36.78178],[-84.40939,36.7823],[-84.40951,36.78243],[-84.40982,36.78252],[-84.41051,36.78244],[-84.41064,36.78249],[-84.41072,36.7826],[-84.41068,36.78273],[-84.4097,36.7835],[-84.4095,36.78377],[-84.40949,36.7841],[-84.40936,36.78466],[-84.40939,36.78503],[-84.40952,36.78528],[-84.40982,36.78538],[-84.41038,36.78525],[-84.4106,36.78513],[-84.41103,36.78473],[-84.4112,36.78468],[-84.41184,36.7849],[-84.41211,36.78494],[-84.41225,36.78489],[-84.41235,36.78477],[-84.41253,36.78419],[-84.41261,36.78348],[-84.41301,36.78273],[-84.4131,36.78244],[-84.41302,36.78199],[-84.41279,36.78143],[-84.41275,36.78115],[-84.41278,36.78109],[-84.41289,36.78106],[-84.41309,36.78113],[-84.41338,36.78142],[-84.41382,36.78223],[-84.4141,36.7832],[-84.41422,36.78345],[-84.4148,36.78364],[-84.41506,36.78368],[-84.41547,36.78366],[-84.41568,36.78359],[-84.41612,36.7833],[-84.41652,36.78291],[-84.41708,36.78262],[-84.41772,36.78236],[-84.4177,36.78222],[-84.41747,36.78219],[-84.4174,36.78213],[-84.41694,36.78083],[-84.41704,36.78075],[-84.41747,36.77979],[-84.41762,36.77977],[-84.41773,36.77982],[-84.41817,36.78024],[-84.41842,36.78032],[-84.41856,36.78031],[-84.41883,36.7801],[-84.41909,36.77937],[-84.41917,36.77921],[-84.41931,36.7791],[-84.41965,36.77896],[-84.42069,36.77885],[-84.42098,36.77878],[-84.4216,36.7785],[-84.42179,36.77836],[-84.42209,36.77801],[-84.42218,36.77765],[-84.42223,36.77711],[-84.42243,36.77696],[-84.42251,36.77684],[-84.42263,36.77641],[-84.42267,36.77601],[-84.42284,36.77576],[-84.42323,36.77535],[-84.42364,36.77533],[-84.42487,36.77547],[-84.42518,36.77571],[-84.4259,36.77572],[-84.42645,36.77591],[-84.42691,36.77597],[-84.42774,36.77618],[-84.42829,36.77642],[-84.42888,36.77656],[-84.42906,36.77666],[-84.42928,36.77685],[-84.42944,36.77721],[-84.4295,36.77724],[-84.42965,36.7772],[-84.42981,36.77708],[-84.43013,36.77672],[-84.43045,36.77647],[-84.43096,36.77629],[-84.43098,36.77617],[-84.43088,36.77556],[-84.43103,36.77534],[-84.43167,36.77506],[-84.43265,36.77443],[-84.43295,36.77451],[-84.43322,36.77443],[-84.43337,36.77444],[-84.43408,36.77457],[-84.43482,36.77507],[-84.43515,36.77514],[-84.43555,36.77511],[-84.43603,36.77522],[-84.43645,36.77517],[-84.43713,36.77496],[-84.43826,36.77503],[-84.43853,36.7749],[-84.43879,36.7749],[-84.43925,36.77473],[-84.43912,36.77436],[-84.43898,36.77412],[-84.43876,36.7739],[-84.43873,36.77355],[-84.43881,36.77338],[-84.43897,36.77322],[-84.43964,36.77303],[-84.43999,36.77301],[-84.44026,36.77272],[-84.44086,36.77261],[-84.44137,36.77259],[-84.44207,36.7722],[-84.44288,36.772],[-84.44316,36.77185],[-84.44375,36.77138],[-84.44401,36.77136],[-84.44441,36.77144],[-84.44493,36.77176],[-84.44587,36.77223],[-84.44627,36.7725],[-84.44665,36.77302],[-84.44762,36.77391],[-84.44813,36.7747],[-84.4487,36.77502],[-84.44897,36.77527],[-84.44909,36.77553],[-84.44919,36.77605],[-84.44931,36.77627],[-84.45165,36.77834],[-84.45246,36.77885],[-84.45275,36.77898],[-84.45344,36.77917],[-84.4547,36.7793],[-84.45562,36.77954],[-84.45571,36.77957],[-84.45581,36.77979],[-84.4562,36.77992],[-84.45755,36.78012],[-84.45829,36.77997],[-84.45883,36.77976],[-84.45912,36.7797],[-84.4593,36.77973],[-84.45991,36.78014],[-84.4603,36.78023],[-84.4605,36.78023],[-84.46166,36.77991],[-84.46268,36.78007],[-84.46295,36.77997],[-84.46318,36.77969],[-84.46327,36.77965],[-84.46345,36.77973],[-84.4634,36.78045],[-84.46357,36.78058],[-84.46458,36.78068],[-84.46495,36.78078],[-84.46539,36.7811],[-84.46687,36.78173],[-84.46704,36.78177],[-84.46805,36.78176],[-84.46865,36.78161],[-84.4689,36.78161],[-84.47083,36.78129],[-84.47097,36.78075],[-84.47108,36.78059],[-84.47142,36.78028],[-84.47166,36.78014],[-84.47243,36.77983],[-84.47321,36.77983],[-84.47358,36.77996],[-84.47383,36.78015],[-84.47398,36.78053],[-84.47411,36.78059],[-84.47418,36.78045],[-84.4743,36.77961],[-84.47438,36.77949],[-84.47453,36.77939],[-84.47533,36.77933],[-84.47592,36.7794],[-84.47621,36.77937],[-84.4768,36.77942],[-84.47684,36.77935],[-84.47683,36.77903],[-84.47697,36.77888],[-84.47771,36.77877],[-84.47841,36.77874],[-84.47857,36.77881],[-84.47877,36.77898],[-84.47943,36.7799],[-84.47953,36.77993],[-84.47966,36.77988],[-84.47971,36.77975],[-84.47981,36.77908],[-84.47987,36.77898],[-84.48006,36.77889],[-84.48067,36.77902],[-84.48089,36.77912],[-84.48121,36.77938],[-84.48128,36.77963],[-84.48122,36.78009],[-84.48136,36.78033],[-84.48191,36.78092],[-84.48167,36.78258],[-84.48192,36.78458],[-84.48096,36.78649],[-84.48038,36.78732]]}},{"type":"Feature","properties":{"NAME":"Sheltowee Trace","MANAGER":"US Forest Service","PLACE":"Daniel Boone National Forest","URL":"https://www.fs.usda.gov/r08/danielboone"},"geometry":{"type":"LineString","coordinates":[[-84.48483,36.79517],[-84.48478,36.79491],[-84.485,36.79496],[-84.48535,36.79549],[-84.48584,36.79567],[-84.48599,36.7958],[-84.48683,36.79738],[-84.48752,36.79853],[-84.48819,36.79906],[-84.48911,36.79952],[-84.49128,36.80024],[-84.49209,36.80038],[-84.49254,36.80039],[-84.49481,36.79987],[-84.49536,36.79956],[-84.49578,36.79907],[-84.49627,36.79834],[-84.49754,36.79692],[-84.49775,36.79656],[-84.49802,36.79637],[-84.49846,36.79629],[-84.49944,36.7964],[-84.49993,36.79658],[-84.50028,36.79662],[-84.50063,36.79685],[-84.50112,36.79687],[-84.50233,36.79675],[-84.50302,36.79658],[-84.50438,36.79599],[-84.50484,36.79574],[-84.50569,36.79545],[-84.50652,36.79524],[-84.50778,36.79469],[-84.50934,36.79372],[-84.51002,36.79317],[-84.51047,36.7925],[-84.51075,36.79169],[-84.51088,36.79148],[-84.51114,36.79123],[-84.51117,36.79108],[-84.51217,36.79028],[-84.51263,36.79008],[-84.5132,36.78991],[-84.51366,36.78984],[-84.51424,36.78953],[-84.51543,36.78969],[-84.51618,36.78947],[-84.51639,36.78923],[-84.51729,36.78857],[-84.51756,36.78817],[-84.5179,36.78785],[-84.51836,36.78762],[-84.51847,36.78744],[-84.51947,36.78748],[-84.52012,36.78729],[-84.52064,36.78787],[-84.52076,36.78787],[-84.52114,36.78806],[-84.52133,36.78835],[-84.52167,36.78856],[-84.52225,36.78851],[-84.52326,36.78822],[-84.52447,36.78797],[-84.52488,36.78797],[-84.52528,36.78805],[-84.52619,36.7885],[-84.52685,36.7887]]}},{"type":"Feature","properties":{"NAME":"Sheltowee Trace","MANAGER":"US Forest Service","PLACE":"Daniel Boone National Forest","URL":"https://www.fs.usda.gov/r08/danielboone"},"geometry":{"type":"LineString","coordinates":[[-84.48038,36.78732],[-84.48003,36.78782],[-84.47991,36.78792],[-84.47977,36.7883],[-84.47978,36.78845],[-84.47992,36.7887],[-84.48071,36.78909],[-84.48081,36.78918],[-84.48109,36.78994],[-84.48107,36.79055],[-84.4816,36.7912],[-84.4817,36.79145],[-84.48175,36.79179],[-84.4817,36.79268],[-84.48163,36.79278],[-84.48138,36.79292],[-84.48081,36.79292],[-84.48178,36.79354],[-84.48183,36.79367],[-84.48151,36.79431],[-84.48145,36.79457],[-84.48152,36.79479],[-84.48209,36.7948],[-84.48351,36.79505],[-84.48376,36.79516],[-84.48416,36.7955],[-84.48431,36.7955],[-84.48483,36.79517]]}},{"type":"Feature","properties":{"NAME":"Sheltowee Trace","MANAGER":"US Forest Service","PLACE":"Daniel Boone National Forest","URL":"https://www.fs.usda.gov/r08/danielboone"},"geometry":{"type":"LineString","coordinates":[[-84.52685,36.7887],[-84.52782,36.78884],[-84.52857,36.78878],[-84.52976,36.78824],[-84.53113,36.78734],[-84.53215,36.78709],[-84.53276,36.7868],[-84.53343,36.7864],[-84.53409,36.78586],[-84.53479,36.78557],[-84.53547,36.78522],[-84.53602,36.78468],[-84.53646,36.78366],[-84.53667,36.78335],[-84.53675,36.78305],[-84.53674,36.78266],[-84.53667,36.78242],[-84.5362,36.78145],[-84.5356,36.78081],[-84.53515,36.78063],[-84.53466,36.78057],[-84.53341,36.78066],[-84.5325,36.78106],[-84.53114,36.78148],[-84.52931,36.78175],[-84.52765,36.7819],[-84.52704,36.78202],[-84.52676,36.78214],[-84.5264,36.78214],[-84.52588,36.78205],[-84.52479,36.78175],[-84.52305,36.78118],[-84.52277,36.78104],[-84.52247,36.78077],[-84.52221,36.78044],[-84.52198,36.78003],[-84.52174,36.77786],[-84.52179,36.77718],[-84.52193,36.77666],[-84.5221,36.77565],[-84.52207,36.77533],[-84.52203,36.77516],[-84.52177,36.7749],[-84.5214,36.77472],[-84.52125,36.77453],[-84.52121,36.7744],[-84.52129,36.77412],[-84.5214,36.77404],[-84.52164,36.77407],[-84.52216,36.77435],[-84.5228,36.77456],[-84.52311,36.77484],[-84.52347,36.77483],[-84.52367,36.77477],[-84.52415,36.7745],[-84.52463,36.77411],[-84.52486,36.774],[-84.52494,36.77394],[-84.52504,36.7737],[-84.52512,36.77363],[-84.52563,36.77361],[-84.52674,36.77329],[-84.5281,36.77299],[-84.52839,36.77289],[-84.52871,36.77263],[-84.52891,36.7724],[-84.52913,36.77225],[-84.53,36.7723],[-84.53118,36.77226],[-84.53193,36.772],[-84.53338,36.77171],[-84.5337,36.7715],[-84.53389,36.77128],[-84.53432,36.77106],[-84.53456,36.77079],[-84.53516,36.77033],[-84.53666,36.76974],[-84.53706,36.76967],[-84.53738,36.76947],[-84.53759,36.7692],[-84.53761,36.76904],[-84.53779,36.76874],[-84.53801,36.76872],[-84.53852,36.76896],[-84.53893,36.76894],[-84.5397,36.76878],[-84.54071,36.76844],[-84.54183,36.76825],[-84.54334,36.76756],[-84.54417,36.76683],[-84.54445,36.76652],[-84.54501,36.76582],[-84.54564,36.76445],[-84.54578,36.76429],[-84.54593,36.76422],[-84.54628,36.7638],[-84.54653,36.76368],[-84.54678,36.7633],[-84.54696,36.76271],[-84.5472,36.76225],[-84.54772,36.7605],[-84.5479,36.76007],[-84.54804,36.75988],[-84.54819,36.75973],[-84.54859,36.75958],[-84.54943,36.75939],[-84.5498,36.75926],[-84.55019,36.75903],[-84.55134,36.75885],[-84.55235,36.75859],[-84.55302,36.75827],[-84.55324,36.75807],[-84.55329,36.75791],[-84.55336,36.75718],[-84.55346,36.75689],[-84.55346,36.75673],[-84.55343,36.75659],[-84.55319,36.75625],[-84.55313,36.75603],[-84.55312,36.75562],[-84.55257,36.75423],[-84.55202,36.7536],[-84.55177,36.75341],[-84.55069,36.75299],[-84.55019,36.75285],[-84.54979,36.75249],[-84.54909,36.75201],[-84.54874,36.75172],[-84.54815,36.75079],[-84.54757,36.75005],[-84.54741,36.74906],[-84.54714,36.74828],[-84.5471,36.74775],[-84.54721,36.7466],[-84.5472,36.74532],[-84.54705,36.74464],[-84.54691,36.74441],[-84.54643,36.74401],[-84.54618,36.74389],[-84.54593,36.74385],[-84.54559,36.74392],[-84.54471,36.74463],[-84.54359,36.74602],[-84.54305,36.747],[-84.54256,36.74762],[-84.54196,36.74813],[-84.54111,36.74847],[-84.54005,36.74873],[-84.53941,36.74881],[-84.53808,36.74885],[-84.5369,36.74876],[-84.53634,36.74865],[-84.53555,36.7483],[-84.53474,36.74782],[-84.53399,36.74763],[-84.5338,36.74754],[-84.53338,36.74691],[-84.53206,36.74533],[-84.53163,36.74334],[-84.53151,36.74315],[-84.53105,36.74288],[-84.53096,36.74279],[-84.53096,36.74273],[-84.53187,36.74207],[-84.5323,36.74169],[-84.53267,36.74064],[-84.53281,36.74038],[-84.53396,36.73947],[-84.53585,36.73821],[-84.53608,36.73791],[-84.53602,36.7374],[-84.53574,36.73707],[-84.5349,36.73664],[-84.53345,36.73615],[-84.53083,36.73507],[-84.52894,36.73356],[-84.52867,36.73341],[-84.5281,36.7334],[-84.52791,36.73335],[-84.52795,36.73289],[-84.5279,36.73241],[-84.52704,36.73108],[-84.52686,36.7306],[-84.52683,36.73033],[-84.52703,36.72917],[-84.52691,36.72886],[-84.52672,36.72867],[-84.52672,36.72858],[-84.52702,36.72818],[-84.52751,36.72812],[-84.52846,36.72823],[-84.53019,36.72807],[-84.53079,36.72797],[-84.53232,36.72798],[-84.5328,36.72792],[-84.5333,36.72819],[-84.53382,36.7282],[-84.53473,36.72847],[-84.53639,36.72846],[-84.53731,36.72866],[-84.53914,36.72864],[-84.53999,36.72821],[-84.54179,36.72674],[-84.54288,36.72572],[-84.54336,36.72538],[-84.54496,36.72506],[-84.54535,36.72462],[-84.54572,36.72404],[-84.54606,36.72336],[-84.54619,36.72299],[-84.54656,36.72236],[-84.54653,36.72151],[-84.54617,36.7201],[-84.5457,36.71931],[-84.54428,36.71761],[-84.54388,36.71739],[-84.54369,36.71706],[-84.54373,36.71691],[-84.54403,36.71668],[-84.54442,36.71654],[-84.54475,36.71635],[-84.54517,36.71626],[-84.54612,36.71585],[-84.54613,36.71577],[-84.54582,36.71549],[-84.54584,36.71543],[-84.54661,36.71521],[-84.5473,36.71483],[-84.54782,36.71446],[-84.54807,36.71407],[-84.54821,36.71348],[-84.54811,36.71312],[-84.54763,36.7122],[-84.5468,36.71129],[-84.54666,36.71108],[-84.54647,36.71022],[-84.54635,36.70996],[-84.54637,36.70965],[-84.54657,36.70915],[-84.54661,36.7088],[-84.54674,36.70837],[-84.5474,36.70725],[-84.54847,36.70636],[-84.54891,36.70588],[-84.54965,36.70536],[-84.55067,36.70506],[-84.55099,36.7049],[-84.55133,36.70466],[-84.55209,36.7039],[-84.5527,36.70353],[-84.55312,36.70313],[-84.55322,36.70231],[-84.55346,36.70156],[-84.55352,36.70149],[-84.55337,36.701],[-84.55335,36.70071],[-84.55351,36.6998],[-84.55337,36.69941],[-84.55327,36.69885],[-84.55327,36.69764],[-84.55342,36.69743],[-84.55346,36.69715],[-84.5542,36.69684],[-84.55492,36.69662],[-84.55511,36.69629],[-84.55536,36.69615],[-84.55548,36.69624],[-84.55543,36.69653],[-84.55562,36.69651],[-84.55692,36.69606],[-84.55777,36.69556],[-84.55805,36.69534],[-84.55848,36.69467],[-84.55921,36.69429],[-84.55927,36.69411],[-84.55925,36.6935],[-84.55945,36.69301],[-84.5602,36.69272],[-84.56055,36.6924],[-84.56073,36.6919],[-84.56071,36.69125],[-84.56061,36.69059],[-84.56046,36.68999],[-84.56038,36.68984],[-84.56029,36.68971],[-84.55996,36.6895],[-84.55976,36.68902],[-84.55972,36.68864],[-84.55984,36.68825],[-84.56012,36.68795],[-84.56075,36.68767],[-84.56109,36.68777],[-84.56147,36.68804],[-84.56168,36.68811],[-84.56208,36.6882],[-84.56239,36.6881],[-84.5636,36.68699],[-84.56392,36.68681],[-84.56468,36.68657],[-84.56495,36.68639],[-84.56535,36.68608],[-84.5654,36.68584],[-84.5655,36.68569],[-84.56571,36.68559],[-84.56602,36.68556],[-84.56676,36.68565],[-84.56691,36.68559],[-84.56703,36.68547],[-84.56737,36.68538],[-84.56776,36.68544],[-84.56794,36.6854],[-84.56882,36.6847],[-84.56891,36.68449],[-84.56886,36.68433],[-84.56899,36.68417],[-84.56902,36.68405],[-84.56915,36.68396],[-84.56931,36.68393],[-84.56985,36.68348],[-84.57017,36.6834],[-84.57027,36.68348],[-84.57089,36.68364],[-84.57125,36.68383],[-84.57154,36.68376],[-84.57197,36.68385],[-84.5723,36.68409],[-84.57275,36.68419],[-84.57289,36.68433],[-84.5731,36.68441],[-84.57318,36.68451],[-84.57345,36.68441],[-84.57356,36.68431],[-84.57452,36.6838],[-84.57465,36.68378],[-84.57528,36.68335],[-84.57596,36.68279],[-84.57637,36.6823],[-84.57641,36.68218],[-84.57669,36.68191],[-84.5768,36.68159],[-84.57702,36.68126],[-84.57746,36.681],[-84.57793,36.6809],[-84.57832,36.6805],[-84.57837,36.68031],[-84.57868,36.68009],[-84.5789,36.67976],[-84.57903,36.67944],[-84.579,36.67931],[-84.57908,36.67901],[-84.57905,36.67876],[-84.57911,36.67858],[-84.57919,36.6785],[-84.57915,36.67843],[-84.57923,36.67808],[-84.57924,36.67733],[-84.5796,36.67702],[-84.5797,36.67688],[-84.57998,36.67685],[-84.58028,36.67702],[-84.58053,36.67728],[-84.5808,36.67741],[-84.58109,36.67747],[-84.5812,36.67739],[-84.58118,36.67696],[-84.5812,36.67687],[-84.58139,36.67665],[-84.58136,36.67657],[-84.58116,36.67634],[-84.58052,36.67596],[-84.5811,36.67579],[-84.58123,36.67571],[-84.58146,36.67534],[-84.58146,36.67493],[-84.58153,36.67467],[-84.58226,36.6746],[-84.58257,36.67439],[-84.58311,36.67415],[-84.58352,36.6733],[-84.58385,36.67295],[-84.58447,36.67251],[-84.58529,36.67168],[-84.58575,36.67086],[-84.58631,36.67026],[-84.58646,36.67018],[-84.58681,36.67011],[-84.58753,36.66926],[-84.58766,36.66885],[-84.58734,36.66832],[-84.58733,36.66815],[-84.58758,36.66715],[-84.58736,36.66667],[-84.58729,36.66574],[-84.58706,36.66518],[-84.5872,36.66458],[-84.58756,36.6645],[-84.58873,36.66453],[-84.58912,36.66449],[-84.58963,36.66419]]}},{"type":"Feature","properties":{"NAME":"Sheltowee Trace","MANAGER":"US Forest Service","PLACE":"Daniel Boone National Forest","URL":"https://www.fs.usda.gov/r08/danielboone"},"geometry":{"type":"LineString","coordinates":[[-84.58962,36.6642],[-84.59039,36.66477],[-84.59032,36.66443],[-84.59,36.66408],[-84.58972,36.66349],[-84.58925,36.66278],[-84.58926,36.66266],[-84.58937,36.6625],[-84.58976,36.66234],[-84.59024,36.66199],[-84.59074,36.66149],[-84.591,36.66097],[-84.59128,36.66065],[-84.59135,36.66039],[-84.5914,36.65975],[-84.59172,36.65895],[-84.59183,36.65768],[-84.59207,36.65699],[-84.59209,36.65577],[-84.59225,36.65557],[-84.59242,36.65556],[-84.59261,36.65575],[-84.59275,36.65642],[-84.59287,36.65676],[-84.59323,36.65704],[-84.59331,36.65729],[-84.59334,36.6577],[-84.59355,36.65797],[-84.59391,36.6581],[-84.59426,36.658],[-84.59465,36.65812],[-84.59558,36.65803],[-84.59601,36.65815],[-84.59611,36.65812],[-84.59633,36.65783],[-84.59662,36.65764],[-84.59706,36.65744],[-84.59734,36.65719],[-84.59761,36.6571],[-84.59797,36.65676],[-84.59789,36.6563],[-84.59795,36.65581],[-84.59833,36.65546],[-84.59823,36.65512],[-84.59824,36.65501],[-84.59832,36.65493],[-84.59865,36.65483],[-84.599,36.65493],[-84.59922,36.65493],[-84.5996,36.6548],[-84.59991,36.65437],[-84.60013,36.65383],[-84.60026,36.65367],[-84.6013,36.6534],[-84.60169,36.65308],[-84.60243,36.65302],[-84.60276,36.65304],[-84.60343,36.65324],[-84.60344,36.65306],[-84.60354,36.65287],[-84.60366,36.65281],[-84.60384,36.65254],[-84.60398,36.65247],[-84.60471,36.65248],[-84.60596,36.65225],[-84.60622,36.65226],[-84.60685,36.65207],[-84.60742,36.65196],[-84.60757,36.65186],[-84.60824,36.65171],[-84.60876,36.65149],[-84.60978,36.65169],[-84.61076,36.65152],[-84.61096,36.65129],[-84.61129,36.65114],[-84.61195,36.65118],[-84.61223,36.65134],[-84.61242,36.65157],[-84.61275,36.6518],[-84.61312,36.65196],[-84.61364,36.652],[-84.61389,36.65179],[-84.61409,36.6515],[-84.61428,36.65105],[-84.6147,36.65059],[-84.61517,36.65029],[-84.61543,36.6502],[-84.61593,36.6498],[-84.61671,36.6496],[-84.61721,36.64911],[-84.61745,36.64863],[-84.61772,36.6485],[-84.61804,36.64845],[-84.61842,36.64819],[-84.61891,36.64811],[-84.61888,36.64782],[-84.61922,36.64742],[-84.61908,36.64705],[-84.61895,36.64685],[-84.61861,36.6465],[-84.61851,36.64629],[-84.61832,36.6461],[-84.61875,36.64596],[-84.61953,36.64546],[-84.62045,36.64512],[-84.62166,36.64525],[-84.62187,36.64522],[-84.62317,36.6443],[-84.6239,36.64439],[-84.62428,36.64436],[-84.62473,36.64408],[-84.62513,36.64414],[-84.62536,36.64409],[-84.62569,36.64384],[-84.62685,36.64361],[-84.62821,36.64298],[-84.62923,36.64268],[-84.62955,36.64268],[-84.63,36.64298],[-84.63037,36.64313],[-84.63097,36.64305],[-84.63133,36.64336],[-84.63164,36.64341],[-84.63187,36.64332],[-84.63201,36.64307],[-84.632,36.64283],[-84.63182,36.64263],[-84.63199,36.64149],[-84.63192,36.64081],[-84.63249,36.64047],[-84.63345,36.64007],[-84.63369,36.63988],[-84.63426,36.63873],[-84.6342,36.63842],[-84.634,36.63811],[-84.63388,36.63761],[-84.6339,36.63734],[-84.63399,36.63727],[-84.63434,36.63721],[-84.63509,36.63742],[-84.63538,36.63762],[-84.63585,36.63814],[-84.63613,36.63835],[-84.63659,36.63855],[-84.63683,36.63854],[-84.637,36.63848],[-84.63735,36.63819],[-84.63758,36.63816],[-84.63769,36.63824],[-84.63773,36.63838],[-84.63746,36.63903],[-84.63744,36.63926],[-84.63768,36.63944],[-84.63867,36.63968],[-84.63937,36.63965],[-84.63965,36.63959],[-84.63986,36.63937],[-84.64032,36.63936],[-84.64096,36.63902],[-84.64109,36.63883],[-84.64128,36.63828],[-84.64137,36.63817],[-84.6418,36.6378],[-84.64228,36.63747],[-84.64235,36.63725],[-84.64294,36.63671],[-84.64326,36.63654],[-84.6439,36.63639],[-84.64509,36.63572],[-84.64581,36.63544],[-84.64599,36.63531],[-84.6462,36.63499],[-84.64647,36.63482],[-84.6468,36.63445],[-84.64699,36.63435],[-84.64763,36.63408],[-84.64872,36.63388],[-84.64929,36.63368],[-84.64975,36.63337],[-84.65057,36.63264],[-84.65117,36.63224],[-84.65171,36.63201],[-84.65222,36.63188],[-84.65238,36.6317],[-84.65214,36.63128],[-84.65205,36.6306],[-84.6522,36.63039],[-84.65262,36.63004],[-84.65278,36.62923],[-84.65298,36.62902],[-84.65334,36.62878],[-84.65382,36.62848],[-84.65404,36.6284],[-84.65476,36.62842],[-84.65502,36.62837],[-84.65558,36.62801],[-84.65584,36.62765],[-84.65614,36.62742],[-84.65669,36.62722],[-84.65749,36.62716],[-84.65787,36.62695],[-84.65828,36.6266],[-84.65913,36.62573],[-84.65986,36.62577],[-84.6607,36.62591],[-84.66099,36.62628],[-84.66158,36.62658],[-84.66224,36.62668],[-84.66313,36.62653],[-84.66352,36.62642],[-84.66449,36.62581],[-84.66456,36.62568],[-84.66455,36.62554],[-84.66441,36.62523],[-84.66414,36.62501],[-84.66421,36.62467],[-84.66409,36.62419],[-84.66424,36.62394],[-84.66545,36.62296],[-84.66642,36.6226],[-84.66777,36.622],[-84.6681,36.62155],[-84.66855,36.62127],[-84.66906,36.62112],[-84.67007,36.62104],[-84.67042,36.62111],[-84.67067,36.62136],[-84.67096,36.62197],[-84.67122,36.62223],[-84.67163,36.62228],[-84.67198,36.6222],[-84.67236,36.62199],[-84.67275,36.62152],[-84.67318,36.62141],[-84.67362,36.62138],[-84.67412,36.62143],[-84.67531,36.62135],[-84.67598,36.62117],[-84.67665,36.62064],[-84.67695,36.62062],[-84.6772,36.6207],[-84.67737,36.62087],[-84.67774,36.62145],[-84.67877,36.62245],[-84.67907,36.62267],[-84.68023,36.62304],[-84.68068,36.62307],[-84.68213,36.62287],[-84.68255,36.62295],[-84.68539,36.62267],[-84.68577,36.62287],[-84.68626,36.62303],[-84.6866,36.62325],[-84.68675,36.62348],[-84.68678,36.62363],[-84.68674,36.6239],[-84.68705,36.62396],[-84.68768,36.62399],[-84.68877,36.62369],[-84.68982,36.62376],[-84.69041,36.62374],[-84.69106,36.62356],[-84.69181,36.62492],[-84.69186,36.6252],[-84.69195,36.62538],[-84.69216,36.62565],[-84.69254,36.62592],[-84.6936,36.62651],[-84.69407,36.62671],[-84.69446,36.62708],[-84.69484,36.62719],[-84.69527,36.62722],[-84.69577,36.62733],[-84.69605,36.62752],[-84.69643,36.62795],[-84.69655,36.62822],[-84.69678,36.62955],[-84.69649,36.63074],[-84.69657,36.63101],[-84.69693,36.63141],[-84.69761,36.63191],[-84.69798,36.63216],[-84.69862,36.63248],[-84.69897,36.63297],[-84.69911,36.63334],[-84.69916,36.63374],[-84.69926,36.63406],[-84.69978,36.63506],[-84.69987,36.63573],[-84.6998,36.63615],[-84.69961,36.63664],[-84.69965,36.63687],[-84.69985,36.63711],[-84.70034,36.63741],[-84.70134,36.6377],[-84.70249,36.6379],[-84.70378,36.63785],[-84.70417,36.63791],[-84.70477,36.63817],[-84.70483,36.63825],[-84.70484,36.63841],[-84.70473,36.63887],[-84.70476,36.63908],[-84.70486,36.6392],[-84.7053,36.63947],[-84.70573,36.64014],[-84.70613,36.64046],[-84.70691,36.64084],[-84.70872,36.64107],[-84.70926,36.64128],[-84.7094,36.64137],[-84.70961,36.64161],[-84.70983,36.64211],[-84.71027,36.64279],[-84.71069,36.64304],[-84.71133,36.64329],[-84.71151,36.6435],[-84.71154,36.64369],[-84.71196,36.64337],[-84.71297,36.6428],[-84.71323,36.64258],[-84.71337,36.64233],[-84.71341,36.64201],[-84.71334,36.64175],[-84.7126,36.64097],[-84.7123,36.64056],[-84.71178,36.64007],[-84.71175,36.6397],[-84.71177,36.63951],[-84.71223,36.63813],[-84.71276,36.63631],[-84.71284,36.63593],[-84.71298,36.63461],[-84.71306,36.63431],[-84.71328,36.63402],[-84.71354,36.63382],[-84.71379,36.63354],[-84.71388,36.6324],[-84.71396,36.63213],[-84.71405,36.63201],[-84.71416,36.63193],[-84.71436,36.63191],[-84.71446,36.63199],[-84.71486,36.63257],[-84.71511,36.63268],[-84.71548,36.63263],[-84.71587,36.63228],[-84.71641,36.63199],[-84.71769,36.63152],[-84.71804,36.63106],[-84.71859,36.63085],[-84.7188,36.63042],[-84.71924,36.63024],[-84.71986,36.62965],[-84.72002,36.62959],[-84.7208,36.62949],[-84.72135,36.62956],[-84.72269,36.62999],[-84.72308,36.63016],[-84.72331,36.63037],[-84.72363,36.63079],[-84.7243,36.63131],[-84.7248,36.63182],[-84.72495,36.63189],[-84.72534,36.63197],[-84.72617,36.63192],[-84.72635,36.63185],[-84.72651,36.63167],[-84.72653,36.63158],[-84.72572,36.63002],[-84.7253,36.62955],[-84.72472,36.62874],[-84.72447,36.62829],[-84.72429,36.62755],[-84.724,36.62728],[-84.72394,36.62711],[-84.72399,36.62685],[-84.72408,36.62668],[-84.7245,36.62622],[-84.72477,36.62599],[-84.72508,36.62582],[-84.72565,36.62562],[-84.72724,36.62573],[-84.72736,36.62566],[-84.72743,36.62554],[-84.72743,36.62532],[-84.72713,36.62462],[-84.72688,36.62417],[-84.72647,36.62376],[-84.72627,36.62332],[-84.72634,36.62306],[-84.72661,36.6229],[-84.72723,36.62235],[-84.72756,36.62183],[-84.72766,36.62157],[-84.72766,36.62132],[-84.7275,36.6208],[-84.72705,36.61965],[-84.72682,36.61753],[-84.7269,36.61622],[-84.72697,36.61582],[-84.72779,36.61442],[-84.72798,36.61364],[-84.72827,36.61337],[-84.72851,36.61326],[-84.729,36.61324],[-84.7294,36.61333],[-84.72961,36.61349],[-84.7298,36.61376],[-84.7299,36.61439],[-84.73003,36.61464],[-84.7301,36.61473],[-84.73055,36.61491],[-84.73135,36.61504],[-84.73227,36.61503],[-84.73273,36.61508],[-84.73322,36.61521],[-84.73394,36.61523],[-84.73454,36.61507],[-84.73496,36.61468],[-84.73607,36.6131],[-84.73645,36.61263],[-84.73651,36.61231],[-84.7364,36.6111],[-84.73612,36.61067],[-84.73473,36.60935],[-84.73426,36.60876],[-84.73396,36.60807],[-84.73324,36.60743],[-84.7329,36.6072],[-84.73273,36.60695],[-84.73275,36.6068],[-84.73289,36.60665],[-84.73322,36.60653],[-84.73396,36.60649],[-84.73421,36.60641],[-84.73442,36.60623],[-84.73505,36.60539],[-84.73537,36.60468],[-84.73594,36.60451],[-84.73659,36.6045],[-84.73697,36.60458],[-84.73739,36.6045],[-84.73813,36.60418],[-84.73847,36.60397],[-84.73877,36.60376],[-84.7391,36.60339],[-84.73954,36.6024],[-84.73956,36.60225]]}},{"type":"Feature","properties":{"NAME":"Sheltowee Spur Stearns","MANAGER":"US Forest Service","PLACE":"Daniel Boone National Forest","URL":"https://www.fs.usda.gov/r08/danielboone"},"geometry":{"type":"LineString","coordinates":[[-84.71154,36.64369],[-84.71145,36.64428],[-84.71152,36.64465]]}},{"type":"Feature","properties":{"NAME":"Sheltowee Trace","MANAGER":"US Forest Service","PLACE":"Daniel Boone National Forest","URL":"https://www.fs.usda.gov/r08/danielboone"},"geometry":{"type":"LineString","coordinates":[[-84.26131,37.09526],[-84.26224,37.09443],[-84.2631,37.09403],[-84.26374,37.09348],[-84.26403,37.09332],[-84.26456,37.09316],[-84.26517,37.09333],[-84.26507,37.09318],[-84.26486,37.09302],[-84.26422,37.09266],[-84.26407,37.09242],[-84.2636,37.09196],[-84.26225,37.0911],[-84.2621,37.09095],[-84.26183,37.09021],[-84.26171,37.09009],[-84.26118,37.08981],[-84.26091,37.08934],[-84.26075,37.08918],[-84.26001,37.08871],[-84.25973,37.08869],[-84.25932,37.08891],[-84.25911,37.08889],[-84.25898,37.08866],[-84.2587,37.08756],[-84.25871,37.08732],[-84.25891,37.08688],[-84.25898,37.08652],[-84.25916,37.08647],[-84.26005,37.08666],[-84.26102,37.08666],[-84.26126,37.08663],[-84.26225,37.08631],[-84.26305,37.08631],[-84.26415,37.08642],[-84.26499,37.08632],[-84.26544,37.08613],[-84.26611,37.08567],[-84.26626,37.08562],[-84.26704,37.08578],[-84.26736,37.0858],[-84.26786,37.08569],[-84.26824,37.08555],[-84.26859,37.08528],[-84.26894,37.0848],[-84.2698,37.08444],[-84.26992,37.08434],[-84.27038,37.08363],[-84.27051,37.08331],[-84.27052,37.08317],[-84.2704,37.0826],[-84.2705,37.08238],[-84.27095,37.08208],[-84.27188,37.08166],[-84.27213,37.08148],[-84.27231,37.08146],[-84.27252,37.08126],[-84.27261,37.08092],[-84.27324,37.08007],[-84.27341,37.07935],[-84.27383,37.07819],[-84.27409,37.07781],[-84.27423,37.07749],[-84.2745,37.07721],[-84.27506,37.07683],[-84.27619,37.07633],[-84.27709,37.07555],[-84.27749,37.07511],[-84.27779,37.07392],[-84.27945,37.07298],[-84.27972,37.07239],[-84.28022,37.07199],[-84.2806,37.07138],[-84.28102,37.071]]}},{"type":"Feature","properties":{"NAME":"Sheltowee Trace","MANAGER":"US Forest Service","PLACE":"Daniel Boone National Forest","URL":"https://www.fs.usda.gov/r08/danielboone"},"geometry":{"type":"LineString","coordinates":[[-84.25082,37.13032],[-84.24902,37.13011],[-84.2485,37.12996],[-84.24807,37.12967],[-84.2478,37.12942],[-84.24759,37.12906],[-84.24771,37.12815],[-84.24773,37.12713],[-84.24701,37.12668],[-84.24652,37.1263],[-84.24592,37.12597],[-84.24532,37.12556],[-84.24514,37.1253],[-84.24494,37.12481],[-84.24478,37.1241],[-84.24448,37.1239],[-84.24413,37.12354],[-84.24354,37.1227],[-84.24303,37.12218],[-84.24291,37.12134],[-84.24235,37.12072],[-84.24312,37.12074],[-84.24341,37.12065],[-84.24344,37.12052],[-84.24341,37.12036],[-84.24322,37.11983],[-84.24302,37.11948],[-84.24301,37.11934],[-84.24326,37.11881],[-84.24327,37.11838],[-84.24283,37.11782],[-84.2425,37.11757],[-84.24235,37.11752],[-84.24216,37.1173],[-84.24182,37.11664],[-84.24135,37.11626],[-84.24086,37.11596],[-84.2402,37.11511],[-84.23979,37.11481],[-84.23926,37.11475],[-84.23855,37.11526],[-84.23775,37.11559],[-84.23756,37.11588],[-84.2374,37.11625],[-84.23712,37.11636],[-84.23691,37.11628],[-84.23665,37.11596],[-84.23626,37.1157],[-84.23596,37.11569],[-84.23535,37.11593],[-84.23508,37.11592],[-84.23477,37.11578],[-84.23447,37.11557],[-84.23386,37.11492],[-84.23388,37.11456],[-84.23407,37.11421],[-84.23426,37.11371],[-84.23427,37.11342],[-84.23396,37.11276],[-84.23365,37.11238],[-84.23324,37.11202],[-84.23306,37.11179],[-84.23299,37.11155],[-84.23304,37.1113],[-84.23327,37.11101],[-84.23373,37.11068],[-84.23408,37.11052],[-84.2347,37.11039],[-84.23498,37.11026],[-84.23524,37.11001],[-84.23555,37.10956],[-84.23563,37.10936],[-84.23559,37.10913],[-84.23576,37.10871],[-84.23594,37.10863],[-84.23666,37.10847],[-84.23682,37.10838],[-84.23709,37.10812],[-84.23722,37.10786],[-84.23721,37.10749],[-84.23709,37.10712],[-84.23678,37.10658],[-84.23675,37.1061],[-84.23681,37.10581],[-84.23751,37.10448],[-84.23761,37.10441],[-84.23767,37.10421],[-84.23763,37.10389],[-84.2375,37.10353],[-84.23707,37.10295],[-84.23672,37.10275],[-84.23642,37.10251],[-84.23621,37.10243],[-84.23593,37.10213],[-84.23573,37.10173],[-84.23571,37.10147],[-84.23586,37.10126],[-84.23689,37.10074],[-84.23824,37.10093],[-84.23886,37.10116],[-84.23923,37.10137],[-84.23993,37.10205],[-84.24039,37.10264],[-84.24064,37.10272],[-84.24084,37.10268],[-84.24107,37.10246],[-84.24144,37.10129],[-84.24171,37.10076],[-84.24181,37.10063],[-84.24231,37.10023],[-84.24236,37.09998],[-84.24232,37.09984],[-84.24221,37.09971],[-84.24195,37.09957],[-84.24149,37.09946],[-84.24076,37.09943],[-84.24051,37.09927],[-84.24049,37.09913],[-84.24075,37.09898],[-84.24148,37.09883],[-84.24173,37.0985],[-84.24194,37.09832],[-84.24205,37.0979],[-84.24221,37.09781],[-84.2425,37.09779],[-84.24294,37.09797],[-84.24316,37.09795],[-84.24337,37.09784],[-84.24349,37.0976],[-84.24354,37.09675],[-84.24379,37.09646],[-84.2443,37.09626],[-84.2445,37.09627],[-84.24507,37.09682],[-84.24614,37.09725],[-84.24648,37.09743],[-84.2474,37.09809],[-84.24808,37.0984],[-84.24838,37.09844],[-84.24863,37.09841],[-84.2489,37.09831],[-84.24906,37.09816],[-84.24912,37.09806],[-84.2492,37.09767],[-84.24917,37.09737],[-84.24902,37.0971],[-84.2482,37.09618],[-84.24798,37.09561],[-84.24792,37.09525],[-84.248,37.09493],[-84.24818,37.0947],[-84.24834,37.09465],[-84.24917,37.09463],[-84.25064,37.09532],[-84.25181,37.09455],[-84.25249,37.09421],[-84.2532,37.09399],[-84.25374,37.09411],[-84.25427,37.0943],[-84.25497,37.09417],[-84.2557,37.09445],[-84.25576,37.09501],[-84.25569,37.09564],[-84.25545,37.09632],[-84.25571,37.0972],[-84.25607,37.09772],[-84.25635,37.09838],[-84.25721,37.09918],[-84.25794,37.09938],[-84.25796,37.09914],[-84.25814,37.09865],[-84.25843,37.0983],[-84.25861,37.09817],[-84.25979,37.09763],[-84.26006,37.09746],[-84.26029,37.09722],[-84.26054,37.09674],[-84.26084,37.09578],[-84.26131,37.09526]]}},{"type":"Feature","properties":{"NAME":"Sheltowee Trace","MANAGER":"US Forest Service","PLACE":"Daniel Boone National Forest","URL":"https://www.fs.usda.gov/r08/danielboone"},"geometry":{"type":"LineString","coordinates":[[-84.2489,37.13335],[-84.24934,37.13279],[-84.2497,37.13194],[-84.2502,37.13146],[-84.25048,37.131],[-84.25061,37.13062],[-84.25083,37.13031]]}},{"type":"Feature","properties":{"NAME":"Sheltowee Trace","MANAGER":"US Forest Service","PLACE":"Daniel Boone National Forest","URL":"https://www.fs.usda.gov/r08/danielboone"},"geometry":{"type":"LineString","coordinates":[[-84.23916,37.15006],[-84.23971,37.14913],[-84.24019,37.14851],[-84.2405,37.14798],[-84.24063,37.14755],[-84.24084,37.14722],[-84.24112,37.14694],[-84.24145,37.14633],[-84.24144,37.14464],[-84.24135,37.14448],[-84.24097,37.14411],[-84.24057,37.14387],[-84.24034,37.14342],[-84.24027,37.14309],[-84.24048,37.14262],[-84.24105,37.14202],[-84.24105,37.14162],[-84.24086,37.14112],[-84.24082,37.14089],[-84.24266,37.14048],[-84.24344,37.14015],[-84.24378,37.13984],[-84.24428,37.13961],[-84.24495,37.13949],[-84.24528,37.13931],[-84.2456,37.13894],[-84.24563,37.1387],[-84.24551,37.13814],[-84.24535,37.13775],[-84.2455,37.13756],[-84.24564,37.13724],[-84.2456,37.13719],[-84.24568,37.13703],[-84.2457,37.13684],[-84.24569,37.13609],[-84.24618,37.13524],[-84.24623,37.13475],[-84.24612,37.13464],[-84.24555,37.13435],[-84.24559,37.13428],[-84.24595,37.13421],[-84.24596,37.13415],[-84.24562,37.13402],[-84.24597,37.13396],[-84.24574,37.13388],[-84.24569,37.1339],[-84.24556,37.13365],[-84.24538,37.13344],[-84.24538,37.13303],[-84.24521,37.1328],[-84.24475,37.13247],[-84.24477,37.13236],[-84.24503,37.13232],[-84.24525,37.13239],[-84.24583,37.13294],[-84.24637,37.13315],[-84.24706,37.1335],[-84.24734,37.13358],[-84.24749,37.13368],[-84.24805,37.13383],[-84.24856,37.13378],[-84.24886,37.13342]]}},{"type":"Feature","properties":{"NAME":"Sheltowee Trace","MANAGER":"US Forest Service","PLACE":"Daniel Boone National Forest","URL":"https://www.fs.usda.gov/r08/danielboone"},"geometry":{"type":"LineString","coordinates":[[-84.24886,37.13342],[-84.2489,37.13335]]}},{"type":"Feature","properties":{"NAME":"Sheltowee Trace","MANAGER":"US Forest Service","PLACE":"Daniel Boone National Forest","URL":"https://www.fs.usda.gov/r08/danielboone"},"geometry":{"type":"LineString","coordinates":[[-84.24262,37.16493],[-84.24274,37.16485],[-84.24269,37.16478],[-84.24248,37.16457],[-84.24212,37.16436],[-84.24182,37.16398],[-84.24165,37.16385],[-84.24121,37.16369],[-84.24058,37.16361],[-84.24047,37.1634],[-84.24044,37.16319],[-84.24055,37.16289],[-84.24095,37.16242],[-84.24097,37.16218],[-84.24136,37.16201],[-84.24136,37.16177],[-84.24125,37.16172],[-84.24074,37.16185],[-84.24029,37.16185],[-84.23994,37.16179],[-84.23969,37.16167],[-84.2396,37.16152],[-84.23958,37.16135],[-84.23964,37.16118],[-84.23979,37.16103],[-84.24,37.16092],[-84.24037,37.16083],[-84.24089,37.16062],[-84.24199,37.16038],[-84.24252,37.16017],[-84.24264,37.15975],[-84.24267,37.15913],[-84.24266,37.15907],[-84.24253,37.15909],[-84.24114,37.15955],[-84.24093,37.15934],[-84.24082,37.15896],[-84.24102,37.15852],[-84.24168,37.158],[-84.24143,37.15749],[-84.2413,37.15704],[-84.24103,37.15686],[-84.2409,37.15667],[-84.2409,37.15641],[-84.24082,37.15618],[-84.2407,37.15603],[-84.2404,37.15576],[-84.24011,37.15575],[-84.23988,37.15582],[-84.23963,37.15578],[-84.23983,37.15541],[-84.23995,37.15505],[-84.23985,37.15434],[-84.23988,37.15426],[-84.24011,37.15419],[-84.24008,37.15406],[-84.23993,37.15376],[-84.23951,37.15324],[-84.23948,37.15314],[-84.2397,37.15292],[-84.23926,37.15224],[-84.23904,37.15233],[-84.23865,37.15221],[-84.23866,37.15209],[-84.2389,37.15201],[-84.23897,37.15184],[-84.23862,37.1517],[-84.23869,37.15141],[-84.23903,37.15117],[-84.23945,37.15039],[-84.23915,37.15004]]}},{"type":"Feature","properties":{"NAME":"Sheltowee Trace","MANAGER":"US Forest Service","PLACE":"Daniel Boone National Forest","URL":"https://www.fs.usda.gov/r08/danielboone"},"geometry":{"type":"LineString","coordinates":[[-84.14849,37.32697],[-84.14804,37.32667],[-84.14775,37.32632],[-84.14755,37.32619],[-84.14726,37.32618],[-84.14636,37.32629],[-84.14605,37.32625],[-84.14473,37.32591],[-84.14394,37.32557],[-84.1433,37.32536],[-84.14277,37.32452],[-84.14264,37.3241],[-84.14241,37.32295],[-84.14207,37.32262],[-84.14182,37.32228],[-84.14115,37.32123],[-84.14089,37.3209],[-84.14038,37.32047],[-84.14011,37.32031],[-84.13947,37.32008],[-84.13926,37.31994],[-84.13861,37.31913],[-84.1382,37.31838],[-84.13765,37.31669],[-84.13727,37.31579],[-84.13684,37.31507],[-84.13644,37.31424],[-84.13623,37.31357],[-84.13652,37.3129],[-84.13695,37.31141],[-84.13707,37.31113],[-84.13743,37.31067],[-84.13806,37.31021],[-84.13866,37.30984],[-84.13919,37.30966],[-84.13962,37.30961],[-84.14056,37.30974],[-84.14162,37.30959],[-84.14332,37.30955],[-84.14485,37.3097],[-84.1462,37.30991],[-84.14743,37.31026],[-84.14832,37.3107],[-84.14886,37.31104],[-84.14956,37.31131],[-84.15064,37.31197],[-84.15106,37.31204],[-84.15287,37.31147],[-84.15352,37.31112],[-84.15361,37.31055],[-84.15315,37.30942],[-84.1527,37.30872],[-84.15168,37.30774],[-84.14915,37.30639],[-84.14811,37.30544],[-84.14779,37.305],[-84.14768,37.30458],[-84.14776,37.30405],[-84.14792,37.30355],[-84.14833,37.30314],[-84.14878,37.30303],[-84.15048,37.30297],[-84.15268,37.30279],[-84.15358,37.30276],[-84.15413,37.30294],[-84.15583,37.30427],[-84.15634,37.3044],[-84.15706,37.30448],[-84.15831,37.30452],[-84.15899,37.30442],[-84.15968,37.30426],[-84.16004,37.30404],[-84.1603,37.30361],[-84.16069,37.30212],[-84.16081,37.30132],[-84.16079,37.30096],[-84.16,37.30074],[-84.15816,37.29986],[-84.15618,37.29918],[-84.15471,37.29849],[-84.15385,37.29797],[-84.15358,37.29761],[-84.1534,37.29724],[-84.15336,37.29629],[-84.15316,37.29557],[-84.15292,37.29511],[-84.15246,37.29444],[-84.1517,37.29384],[-84.15142,37.29371],[-84.15106,37.29365],[-84.14894,37.29372],[-84.14863,37.29365],[-84.14833,37.29351],[-84.14789,37.29323],[-84.14721,37.29267],[-84.14632,37.29221],[-84.14575,37.2918],[-84.14534,37.2914],[-84.14503,37.29091],[-84.14473,37.29059],[-84.14428,37.29031],[-84.14373,37.29012],[-84.14263,37.29009],[-84.14225,37.29002],[-84.1421,37.28997],[-84.14195,37.28978],[-84.14153,37.28967],[-84.14084,37.28885],[-84.1408,37.28808],[-84.14093,37.28793],[-84.14108,37.28786],[-84.14124,37.28785],[-84.14134,37.28791],[-84.14151,37.28875],[-84.14166,37.28894],[-84.14188,37.28899],[-84.14298,37.28893],[-84.14365,37.28897],[-84.14444,37.28856],[-84.14483,37.28848],[-84.14512,37.28831],[-84.14516,37.28814],[-84.14503,37.28743],[-84.14505,37.28716],[-84.14472,37.28588],[-84.14472,37.28572],[-84.14486,37.28527],[-84.14483,37.28509],[-84.1446,37.28471],[-84.14381,37.28433],[-84.14355,37.28385],[-84.14358,37.28368],[-84.14382,37.28342],[-84.14396,37.28334],[-84.14397,37.28338],[-84.14433,37.2835],[-84.14499,37.28347],[-84.1456,37.28336],[-84.14626,37.28362],[-84.14712,37.28411],[-84.14883,37.28553],[-84.14978,37.28695],[-84.15002,37.28784],[-84.15067,37.28826],[-84.15117,37.2884],[-84.15148,37.28837],[-84.15175,37.28827],[-84.15171,37.28775],[-84.15178,37.28744],[-84.15193,37.28716],[-84.15209,37.28707],[-84.15223,37.28719],[-84.1522,37.28737],[-84.15277,37.28725],[-84.15348,37.28734],[-84.15448,37.2878],[-84.15471,37.28775],[-84.15472,37.28762],[-84.15466,37.28748],[-84.15516,37.28747],[-84.15577,37.28776],[-84.15618,37.28757],[-84.1565,37.28722],[-84.15668,37.28711],[-84.15694,37.28674],[-84.15709,37.28638],[-84.15748,37.28477],[-84.15763,37.28451],[-84.15764,37.28431],[-84.15783,37.28396],[-84.15856,37.28329],[-84.15903,37.28293],[-84.15929,37.28274],[-84.15972,37.28254],[-84.16028,37.28243],[-84.16048,37.28229],[-84.16102,37.28241],[-84.1614,37.28239],[-84.16207,37.28246],[-84.16227,37.28274],[-84.16232,37.28295],[-84.16253,37.2833],[-84.16244,37.28354],[-84.16252,37.28381],[-84.16269,37.28404],[-84.16308,37.28437],[-84.16336,37.28439],[-84.16352,37.28418],[-84.16328,37.28342],[-84.16328,37.28306],[-84.16337,37.28291],[-84.16377,37.2827],[-84.16443,37.28202],[-84.1657,37.28188],[-84.16574,37.28173],[-84.16626,37.28103],[-84.16664,37.28065],[-84.16707,37.28032],[-84.16722,37.27992],[-84.16723,37.27934],[-84.16682,37.27841],[-84.16695,37.27756],[-84.16687,37.27735],[-84.16678,37.27718],[-84.166,37.27668],[-84.16586,37.27644],[-84.16532,37.27588],[-84.16593,37.27589],[-84.16627,37.27575],[-84.16658,37.27543],[-84.16681,37.27485],[-84.1669,37.27436],[-84.16685,37.27394],[-84.16691,37.27347],[-84.1671,37.2731],[-84.16726,37.27298],[-84.16789,37.27279],[-84.16825,37.27276],[-84.16911,37.27313],[-84.16944,37.27315],[-84.16965,37.27312],[-84.17019,37.27287],[-84.17054,37.27263],[-84.17077,37.27232],[-84.1707,37.27214],[-84.17037,37.27194],[-84.17023,37.27162],[-84.17021,37.27134],[-84.17029,37.27113],[-84.17021,37.27083],[-84.17022,37.27043],[-84.1703,37.27011],[-84.17039,37.26996],[-84.17076,37.26961],[-84.17098,37.26928],[-84.17103,37.26903],[-84.17084,37.26883],[-84.17088,37.2687],[-84.17159,37.26889],[-84.17267,37.26931],[-84.17318,37.26959],[-84.17363,37.26972],[-84.17481,37.26968],[-84.17557,37.2695],[-84.17596,37.26948],[-84.17669,37.26979],[-84.17789,37.26991],[-84.1785,37.27044],[-84.17885,37.27064],[-84.17927,37.27076],[-84.18011,37.27078],[-84.1808,37.2706],[-84.1817,37.27028],[-84.18185,37.27031],[-84.1825,37.27067],[-84.18265,37.27123],[-84.1828,37.27159],[-84.18286,37.27164],[-84.18383,37.27167],[-84.18397,37.27178],[-84.18491,37.27398],[-84.1852,37.2743],[-84.1857,37.27469],[-84.18571,37.27484],[-84.18566,37.27494],[-84.18525,37.27541],[-84.18529,37.27555],[-84.18543,37.2756],[-84.18681,37.27515],[-84.18767,37.27467],[-84.18885,37.27464],[-84.18915,37.27456],[-84.18925,37.2745],[-84.18963,37.27406],[-84.18988,37.27396],[-84.18993,37.27398],[-84.18992,37.27409],[-84.18967,37.27461],[-84.1898,37.27476],[-84.19055,37.27522],[-84.19111,37.27517],[-84.19163,37.27502],[-84.19247,37.27489],[-84.19316,37.27462],[-84.19422,37.27477],[-84.19441,37.27467],[-84.19452,37.27451],[-84.19449,37.27432],[-84.19414,37.27392],[-84.19409,37.2738],[-84.19413,37.27346],[-84.1943,37.27306],[-84.19438,37.27299],[-84.19493,37.27289],[-84.19516,37.27276],[-84.19547,37.27249],[-84.19569,37.27241],[-84.19577,37.27243],[-84.19585,37.27255],[-84.19595,37.27291],[-84.19596,37.27335],[-84.19583,37.27372],[-84.19588,37.27386],[-84.19608,37.27391],[-84.19656,37.27388],[-84.19673,37.2738],[-84.19723,37.2733],[-84.19744,37.27238],[-84.1975,37.27232],[-84.19784,37.27215],[-84.19802,37.27216],[-84.19857,37.27236],[-84.19868,37.27236],[-84.19886,37.27227],[-84.19898,37.27209],[-84.19903,37.27189],[-84.19877,37.27115],[-84.19872,37.27093],[-84.19874,37.27068],[-84.1993,37.2694],[-84.19938,37.26907],[-84.19939,37.26813],[-84.19925,37.26776],[-84.19904,37.26663],[-84.19928,37.26626],[-84.19942,37.2662],[-84.20041,37.26611],[-84.20138,37.26539],[-84.20146,37.26526],[-84.20136,37.26484],[-84.2011,37.26455],[-84.20071,37.26442],[-84.20065,37.26424],[-84.20084,37.2639],[-84.20106,37.26381],[-84.20109,37.26352],[-84.20138,37.26321],[-84.20149,37.26269],[-84.20136,37.26253],[-84.20108,37.26242],[-84.20078,37.26238],[-84.20067,37.26228],[-84.20063,37.26209],[-84.20069,37.26188],[-84.2009,37.26161],[-84.20085,37.26145],[-84.20011,37.26072],[-84.1994,37.26043],[-84.19902,37.26018],[-84.19887,37.25992],[-84.19887,37.25967],[-84.19897,37.2591],[-84.19889,37.25893],[-84.19857,37.25854],[-84.19806,37.25811],[-84.19776,37.25773],[-84.19756,37.25701],[-84.19752,37.25665],[-84.19745,37.25655],[-84.19613,37.25566],[-84.19522,37.25479],[-84.19497,37.25467],[-84.19434,37.25403],[-84.19409,37.25359],[-84.1938,37.25289],[-84.19376,37.25267],[-84.19382,37.25223],[-84.1944,37.25096],[-84.19467,37.25055],[-84.19509,37.24956],[-84.19572,37.24886],[-84.19603,37.24868],[-84.19683,37.24842],[-84.19704,37.2482],[-84.19743,37.24746],[-84.1974,37.24684],[-84.19744,37.24665],[-84.19763,37.2463],[-84.19819,37.24578],[-84.19845,37.24531],[-84.19871,37.24414],[-84.19863,37.24355],[-84.19832,37.24266],[-84.19834,37.24223],[-84.19863,37.24137],[-84.19874,37.24118],[-84.19884,37.24041],[-84.19882,37.2402],[-84.19857,37.2399],[-84.19811,37.23972],[-84.19799,37.23912],[-84.19783,37.23886],[-84.19699,37.23788],[-84.19638,37.23695],[-84.19631,37.23692],[-84.19627,37.2368],[-84.1962,37.2364],[-84.19627,37.23608],[-84.19626,37.23569],[-84.19611,37.23529],[-84.19605,37.2346],[-84.19611,37.23437],[-84.19635,37.23378],[-84.19656,37.23341],[-84.1967,37.23324],[-84.19721,37.23304],[-84.19732,37.23289],[-84.19716,37.23273],[-84.19672,37.23256],[-84.19621,37.23241],[-84.1953,37.23229],[-84.19486,37.23217],[-84.19447,37.23204],[-84.19442,37.2319],[-84.19455,37.2317],[-84.19476,37.23153],[-84.195,37.23146],[-84.19542,37.23145],[-84.19614,37.23112],[-84.19805,37.23128],[-84.19857,37.23122],[-84.19878,37.23102],[-84.19876,37.2303],[-84.19886,37.22987],[-84.1991,37.22939],[-84.1997,37.22892],[-84.2001,37.22841],[-84.2012,37.22965],[-84.20171,37.23002],[-84.20239,37.23032],[-84.20304,37.23046],[-84.20363,37.2305],[-84.20538,37.23029],[-84.20588,37.23028],[-84.20666,37.23039],[-84.20732,37.23063],[-84.20791,37.23099],[-84.20823,37.23128],[-84.2092,37.23267],[-84.20962,37.23316],[-84.21006,37.23355],[-84.2103,37.23337],[-84.21048,37.23313],[-84.21365,37.22809],[-84.21427,37.22734],[-84.21598,37.22548],[-84.21686,37.2246],[-84.21744,37.22428],[-84.21779,37.22401],[-84.21794,37.22399],[-84.21808,37.22403],[-84.21843,37.22431],[-84.21863,37.22437],[-84.2188,37.22433],[-84.21981,37.22383],[-84.22019,37.22378],[-84.22065,37.22391],[-84.22097,37.22413],[-84.22124,37.22442],[-84.22177,37.22473],[-84.22196,37.22476],[-84.22239,37.2247],[-84.22303,37.22438],[-84.22348,37.22434],[-84.22386,37.22435],[-84.22443,37.22467],[-84.22464,37.22467],[-84.22471,37.22463],[-84.22476,37.22449],[-84.22505,37.22409],[-84.22541,37.22381],[-84.22594,37.22286],[-84.22618,37.22252],[-84.2265,37.22218],[-84.22679,37.222],[-84.2274,37.22182],[-84.22787,37.22154],[-84.22825,37.22082],[-84.2285,37.22069],[-84.22856,37.2206],[-84.22866,37.22027],[-84.22904,37.21971],[-84.22954,37.21942],[-84.22981,37.21913],[-84.22984,37.21908],[-84.22969,37.2187],[-84.22936,37.21817],[-84.22937,37.21802],[-84.22946,37.21788],[-84.22971,37.21773],[-84.22981,37.21745],[-84.22996,37.21734],[-84.23066,37.21651],[-84.23093,37.21634],[-84.2312,37.2158],[-84.23134,37.21566],[-84.23151,37.21558],[-84.23164,37.21487],[-84.23172,37.2147],[-84.23171,37.21447],[-84.23162,37.21422],[-84.23141,37.21392],[-84.2312,37.21316],[-84.23102,37.2128],[-84.23064,37.21271],[-84.23036,37.2127],[-84.22938,37.21303],[-84.22915,37.21296],[-84.22897,37.21277],[-84.22867,37.21184],[-84.22851,37.21112],[-84.22836,37.20957],[-84.22821,37.20943],[-84.22793,37.20869],[-84.22804,37.20786],[-84.22819,37.20756],[-84.22812,37.20701],[-84.22837,37.20657],[-84.22838,37.20642],[-84.22862,37.2061],[-84.22863,37.2058],[-84.22857,37.20556],[-84.228,37.20513],[-84.22772,37.20481],[-84.22763,37.20462],[-84.22757,37.2043],[-84.22764,37.20397],[-84.22794,37.20337],[-84.22787,37.20265],[-84.22794,37.20216],[-84.22786,37.20179],[-84.22787,37.20148],[-84.22807,37.20125],[-84.2289,37.20062],[-84.2293,37.2001],[-84.22934,37.19986],[-84.22924,37.19957],[-84.22927,37.19936],[-84.22936,37.19929],[-84.22964,37.1993],[-84.22985,37.19912],[-84.2301,37.19902],[-84.23061,37.199],[-84.2308,37.19894],[-84.23113,37.19895],[-84.23169,37.19885],[-84.23228,37.19866],[-84.23274,37.19831],[-84.23276,37.19823],[-84.23261,37.19821],[-84.23269,37.19796],[-84.23296,37.19757],[-84.23319,37.19742],[-84.23409,37.19704],[-84.23423,37.19692],[-84.23436,37.19675],[-84.23452,37.19632],[-84.23487,37.19581],[-84.23497,37.19557],[-84.23564,37.19509],[-84.23597,37.19458],[-84.23606,37.19429],[-84.23645,37.19386],[-84.23704,37.19353],[-84.23766,37.19305],[-84.23778,37.19272],[-84.23819,37.19223],[-84.23828,37.19205],[-84.23834,37.19174],[-84.23834,37.19119],[-84.23829,37.19106],[-84.23824,37.19099],[-84.23785,37.19079],[-84.23701,37.18983],[-84.23665,37.18913],[-84.23662,37.18892],[-84.23674,37.18789],[-84.23672,37.18697],[-84.23657,37.18664],[-84.23602,37.18623],[-84.23588,37.18606],[-84.2358,37.18565],[-84.23583,37.18538],[-84.23597,37.18481],[-84.23614,37.18443],[-84.23638,37.18404],[-84.23689,37.18348],[-84.23734,37.18317],[-84.23777,37.18275],[-84.2385,37.18224],[-84.23902,37.18172],[-84.23967,37.18123],[-84.24074,37.18066],[-84.24098,37.18047],[-84.24111,37.18013],[-84.24103,37.17958],[-84.24067,37.17848],[-84.24066,37.17833],[-84.24093,37.17774],[-84.24099,37.17753],[-84.24099,37.1772],[-84.24089,37.17697],[-84.2405,37.17693],[-84.24007,37.17664],[-84.23965,37.17592],[-84.23942,37.17565],[-84.23932,37.17561],[-84.23917,37.17564],[-84.23876,37.17586],[-84.23828,37.17641],[-84.23772,37.17659],[-84.23752,37.17656],[-84.2379,37.1762],[-84.23778,37.17615],[-84.23732,37.17624],[-84.23718,37.17621],[-84.23704,37.1757],[-84.23723,37.17533],[-84.23749,37.17546],[-84.23792,37.17546],[-84.238,37.17535],[-84.238,37.175],[-84.23862,37.1744],[-84.23883,37.1741],[-84.23906,37.17402],[-84.24,37.17385],[-84.24054,37.17356],[-84.24071,37.17353],[-84.2409,37.17367],[-84.24092,37.17356],[-84.24084,37.17316],[-84.24103,37.17336],[-84.24138,37.17408],[-84.2415,37.1742],[-84.24167,37.17421],[-84.24183,37.17412],[-84.24241,37.17361],[-84.24357,37.17232],[-84.24362,37.17197],[-84.24322,37.17143],[-84.2429,37.17056],[-84.24294,37.17027],[-84.24343,37.16942],[-84.24341,37.16894],[-84.24326,37.16851],[-84.24293,37.16813],[-84.2422,37.16786],[-84.24173,37.16774],[-84.24158,37.16757],[-84.24175,37.16748],[-84.24226,37.16745],[-84.24257,37.16733],[-84.24286,37.1671],[-84.24294,37.1666],[-84.24281,37.16622],[-84.24264,37.16595],[-84.24235,37.16572],[-84.24175,37.1654],[-84.24092,37.16511],[-84.24093,37.16502],[-84.24109,37.16493],[-84.24166,37.16488],[-84.24262,37.16493]]}},{"type":"Feature","properties":{"NAME":"Sheltowee Trace","MANAGER":"US Forest Service","PLACE":"Daniel Boone National Forest","URL":"https://www.fs.usda.gov/r08/danielboone"},"geometry":{"type":"LineString","coordinates":[[-84.07176,37.39071],[-84.07212,37.39082],[-84.07259,37.39082],[-84.07285,37.3909],[-84.07299,37.39071],[-84.07441,37.39041],[-84.07507,37.39008],[-84.0756,37.38989],[-84.07635,37.38981],[-84.07712,37.38958],[-84.07824,37.38903],[-84.07887,37.38862],[-84.07912,37.38839],[-84.07954,37.38817],[-84.07989,37.38812],[-84.08036,37.3879],[-84.08095,37.38787],[-84.08113,37.38782],[-84.08194,37.38702],[-84.08213,37.38693],[-84.0823,37.38691],[-84.0831,37.38636],[-84.08393,37.38613],[-84.08453,37.38614],[-84.0852,37.38598],[-84.08564,37.38598],[-84.08678,37.38576],[-84.08717,37.38563],[-84.08743,37.38545],[-84.08771,37.38508],[-84.08817,37.38464],[-84.08852,37.38439],[-84.0892,37.38402],[-84.0897,37.38352],[-84.09119,37.38296],[-84.09199,37.38243],[-84.09212,37.38228],[-84.0923,37.38177],[-84.0926,37.38136],[-84.09301,37.38097],[-84.09323,37.38054],[-84.09336,37.38009],[-84.09352,37.37908],[-84.0938,37.37842],[-84.09356,37.37799],[-84.09468,37.37764],[-84.09504,37.37742],[-84.09835,37.37671],[-84.09878,37.37647],[-84.0991,37.37638],[-84.09972,37.37652],[-84.09995,37.37652],[-84.1006,37.37632],[-84.10173,37.37646],[-84.10236,37.37635],[-84.10258,37.37622],[-84.10269,37.37604],[-84.10304,37.37575],[-84.10355,37.37544],[-84.10467,37.37494],[-84.10557,37.37495],[-84.1063,37.37517],[-84.10696,37.3752],[-84.10795,37.37514],[-84.1085,37.37498],[-84.10918,37.37425],[-84.11005,37.37349],[-84.1105,37.37294],[-84.11103,37.3716],[-84.11121,37.37131],[-84.11205,37.37043],[-84.11296,37.36965],[-84.11361,37.36931],[-84.11397,37.36928],[-84.11413,37.36936],[-84.11461,37.3701],[-84.11497,37.37051],[-84.11524,37.37022],[-84.11693,37.36924],[-84.11729,37.36889],[-84.11775,37.36855],[-84.11862,37.36736],[-84.11918,37.36696],[-84.11938,37.36671],[-84.1203,37.36585],[-84.12071,37.36559],[-84.12149,37.36538],[-84.1219,37.36547],[-84.12224,37.36564],[-84.12247,37.36585],[-84.12319,37.36629],[-84.12429,37.36663],[-84.12474,37.36665],[-84.12519,37.36647],[-84.12552,37.36645],[-84.12595,37.36647],[-84.12676,37.36666],[-84.12842,37.36743],[-84.13021,37.36784],[-84.13075,37.36821],[-84.13107,37.36826],[-84.13157,37.36825],[-84.1322,37.36815],[-84.13267,37.368],[-84.13421,37.36666],[-84.13455,37.3665],[-84.13471,37.36653],[-84.13484,37.36627],[-84.13506,37.36606],[-84.13498,37.36584],[-84.13482,37.36567],[-84.1346,37.36553],[-84.13447,37.36487],[-84.13438,37.36471],[-84.13322,37.3639],[-84.13263,37.3637],[-84.13228,37.36323],[-84.13192,37.36289],[-84.13111,37.36237],[-84.13024,37.36163],[-84.12971,37.36104],[-84.12939,37.36059],[-84.12922,37.36025],[-84.12927,37.35986],[-84.12922,37.35959],[-84.12901,37.35927],[-84.12893,37.35791],[-84.12877,37.35729],[-84.12893,37.35644],[-84.12911,37.35634],[-84.13027,37.3561],[-84.13097,37.35604],[-84.13163,37.35592],[-84.13286,37.35548],[-84.13469,37.3547],[-84.13497,37.35438],[-84.13545,37.35406],[-84.13688,37.35388],[-84.13719,37.35379],[-84.13738,37.35362],[-84.13772,37.35306],[-84.13815,37.35199],[-84.13819,37.35159],[-84.13791,37.35113],[-84.13754,37.35091],[-84.13669,37.35087],[-84.13623,37.35075],[-84.13492,37.35018],[-84.13367,37.34982],[-84.13313,37.34928],[-84.13285,37.34882],[-84.13326,37.3481],[-84.13383,37.3474],[-84.13387,37.34709],[-84.1337,37.34476],[-84.13389,37.34398],[-84.13472,37.34314],[-84.13522,37.34281],[-84.13566,37.3427],[-84.13604,37.34272],[-84.13695,37.3434],[-84.13931,37.3442],[-84.1397,37.34443],[-84.14013,37.3445],[-84.14055,37.34348],[-84.14098,37.34277],[-84.141,37.3423],[-84.14087,37.34183],[-84.14095,37.34165],[-84.14129,37.34146],[-84.14159,37.34098],[-84.14159,37.34053],[-84.14134,37.33996],[-84.14053,37.33902],[-84.14009,37.33833],[-84.13931,37.33759],[-84.13797,37.33645],[-84.13651,37.33597],[-84.13513,37.336],[-84.13489,37.33592],[-84.13474,37.33572],[-84.1348,37.33548],[-84.13494,37.33525],[-84.13563,37.3345],[-84.13583,37.33421],[-84.13556,37.33324],[-84.13551,37.33267],[-84.1357,37.33239],[-84.13586,37.33159],[-84.13637,37.33018],[-84.13646,37.33005],[-84.13669,37.32989],[-84.1369,37.32985],[-84.13977,37.32989],[-84.14024,37.33],[-84.14074,37.32992],[-84.14095,37.32997],[-84.14121,37.33012],[-84.14141,37.33036],[-84.1418,37.33059],[-84.14278,37.33076],[-84.14373,37.33133],[-84.14396,37.33155],[-84.1447,37.33121],[-84.14551,37.33051],[-84.1462,37.32999],[-84.1465,37.32936],[-84.14653,37.32911],[-84.14635,37.3284],[-84.14663,37.32786],[-84.1475,37.3272],[-84.14833,37.3271],[-84.14849,37.32697]]}},{"type":"Feature","properties":{"NAME":"Sheltowee Trace","MANAGER":"US Forest Service","PLACE":"Daniel Boone National Forest","URL":"https://www.fs.usda.gov/r08/danielboone"},"geometry":{"type":"LineString","coordinates":[[-84.06881,37.39408],[-84.06918,37.39389],[-84.06933,37.39376],[-84.06973,37.39364],[-84.0698,37.39354],[-84.06968,37.39332],[-84.06975,37.393],[-84.06988,37.39283],[-84.0702,37.39257],[-84.07046,37.39225],[-84.07083,37.39203],[-84.07115,37.392],[-84.07126,37.39193],[-84.07136,37.39158],[-84.07152,37.39137],[-84.0715,37.39131],[-84.07136,37.39124],[-84.07135,37.39114],[-84.07149,37.39102],[-84.07164,37.39078],[-84.07176,37.39071]]}},{"type":"Feature","properties":{"NAME":"Sheltowee Trace","MANAGER":"US Forest Service","PLACE":"Daniel Boone National Forest","URL":"https://www.fs.usda.gov/r08/danielboone"},"geometry":{"type":"LineString","coordinates":[[-84.02765,37.45579],[-84.02791,37.45567],[-84.02827,37.45504],[-84.02841,37.45489],[-84.02845,37.45478],[-84.02846,37.45429],[-84.02887,37.45416],[-84.02902,37.45401],[-84.02914,37.45371],[-84.02911,37.45335],[-84.02916,37.45325],[-84.02958,37.45284],[-84.0298,37.45252],[-84.03016,37.4523],[-84.03047,37.45193],[-84.03086,37.4516],[-84.0313,37.45145],[-84.03151,37.4513],[-84.03199,37.45113],[-84.0326,37.45076],[-84.03329,37.45054],[-84.03341,37.45045],[-84.03366,37.45042],[-84.03418,37.45011],[-84.0345,37.45001],[-84.0349,37.44996],[-84.03513,37.44982],[-84.03556,37.44969],[-84.03574,37.44956],[-84.03612,37.44914],[-84.03637,37.44877],[-84.03687,37.44833],[-84.03712,37.44801],[-84.03737,37.44789],[-84.03892,37.44751],[-84.03975,37.44684],[-84.04004,37.44672],[-84.04013,37.44657],[-84.04042,37.44637],[-84.04082,37.44591],[-84.04118,37.44583],[-84.04162,37.44561],[-84.04184,37.4456],[-84.04286,37.44586],[-84.04362,37.44588],[-84.04412,37.4462],[-84.04435,37.44624],[-84.04477,37.44613],[-84.04516,37.44581],[-84.04539,37.44571],[-84.0455,37.44557],[-84.04595,37.44526],[-84.04621,37.44496],[-84.04659,37.44483],[-84.04712,37.44478],[-84.04758,37.44509],[-84.04804,37.44515],[-84.0482,37.44529],[-84.04834,37.44577],[-84.04826,37.44609],[-84.04828,37.4464],[-84.04836,37.44659],[-84.04835,37.44684],[-84.04873,37.44735],[-84.04899,37.44746],[-84.04931,37.44745],[-84.04964,37.44752],[-84.04995,37.44746],[-84.05038,37.44728],[-84.05064,37.44726],[-84.05082,37.44727],[-84.05119,37.44745],[-84.05156,37.4475],[-84.05196,37.4478],[-84.05208,37.44807],[-84.05223,37.44819],[-84.05232,37.44836],[-84.05247,37.44843],[-84.05266,37.44868],[-84.05301,37.44894],[-84.05316,37.44924],[-84.05318,37.44939],[-84.05313,37.44959],[-84.05319,37.4497],[-84.05391,37.45017],[-84.05467,37.45029],[-84.05494,37.45022],[-84.05518,37.45003],[-84.05567,37.44977],[-84.05654,37.44958],[-84.05708,37.44926],[-84.05746,37.44921],[-84.05819,37.44927],[-84.05876,37.44958],[-84.0597,37.44982],[-84.0601,37.44976],[-84.06082,37.44953],[-84.06169,37.44966],[-84.06211,37.44964],[-84.06245,37.44944],[-84.06293,37.44899],[-84.0633,37.44887],[-84.06344,37.44877],[-84.06359,37.44852],[-84.06371,37.44842],[-84.06384,37.4484],[-84.06414,37.44853],[-84.065,37.44845],[-84.06548,37.44819],[-84.0659,37.44813],[-84.06616,37.44781],[-84.06652,37.44773],[-84.06671,37.44762],[-84.06692,37.44718],[-84.06687,37.44703],[-84.06689,37.44687],[-84.0671,37.4465],[-84.06709,37.4464],[-84.06692,37.44625],[-84.0668,37.44606],[-84.06681,37.44597],[-84.0667,37.44579],[-84.06671,37.44558],[-84.06689,37.44542],[-84.06713,37.44508],[-84.06704,37.44476],[-84.06713,37.44457],[-84.06729,37.44443],[-84.06736,37.4442],[-84.06732,37.44401],[-84.06743,37.44373],[-84.06732,37.4435],[-84.06731,37.44259],[-84.06737,37.4423],[-84.06757,37.44192],[-84.06723,37.4408],[-84.06701,37.44032],[-84.06699,37.43932],[-84.06718,37.43857],[-84.06716,37.43829],[-84.06708,37.43812],[-84.06731,37.43803],[-84.0673,37.43797],[-84.06717,37.43789],[-84.06715,37.43777],[-84.06755,37.43713],[-84.06763,37.43685],[-84.0676,37.43505],[-84.06769,37.43489],[-84.06794,37.43481],[-84.06801,37.43468],[-84.06773,37.43438],[-84.06705,37.434],[-84.0663,37.4334],[-84.06604,37.43342],[-84.06582,37.43333],[-84.0654,37.43339],[-84.06425,37.43311],[-84.06383,37.43305],[-84.06307,37.43311],[-84.0627,37.43283],[-84.06255,37.43276],[-84.06238,37.43276],[-84.06222,37.43251],[-84.06174,37.43219],[-84.06162,37.43192],[-84.06169,37.43164],[-84.06163,37.43146],[-84.06147,37.43141],[-84.0614,37.43146],[-84.06105,37.43152],[-84.06033,37.43123],[-84.06016,37.43112],[-84.06,37.43092],[-84.05999,37.43076],[-84.06006,37.43072],[-84.06059,37.43097],[-84.06094,37.43101],[-84.0611,37.43097],[-84.06132,37.43075],[-84.06136,37.43051],[-84.0615,37.43027],[-84.06155,37.43006],[-84.0615,37.42964],[-84.06143,37.42944],[-84.06103,37.42903],[-84.06082,37.42867],[-84.06093,37.42845],[-84.06095,37.42812],[-84.06104,37.42794],[-84.06095,37.4275],[-84.06101,37.42735],[-84.06099,37.42719],[-84.06108,37.42706],[-84.06095,37.42671],[-84.06093,37.42632],[-84.06083,37.4261],[-84.06099,37.42591],[-84.06118,37.42578],[-84.06124,37.42562],[-84.06126,37.42519],[-84.06113,37.42494],[-84.06115,37.42471],[-84.06125,37.42455],[-84.06119,37.42429],[-84.06128,37.42415],[-84.06126,37.42398],[-84.06118,37.42382],[-84.06118,37.42364],[-84.06129,37.42332],[-84.06162,37.42298],[-84.06164,37.42287],[-84.06155,37.42272],[-84.0613,37.42256],[-84.06084,37.42206],[-84.06073,37.42172],[-84.06072,37.4214],[-84.06078,37.42124],[-84.06078,37.42107],[-84.06067,37.42086],[-84.06041,37.42062],[-84.06025,37.42023],[-84.0601,37.42009],[-84.05959,37.41984],[-84.05947,37.41971],[-84.05942,37.41957],[-84.05944,37.41945],[-84.0597,37.41921],[-84.05978,37.41906],[-84.05976,37.41893],[-84.05962,37.41869],[-84.05965,37.41835],[-84.05976,37.41823],[-84.06012,37.41806],[-84.06023,37.4179],[-84.06057,37.41774],[-84.06063,37.41767],[-84.0606,37.41751],[-84.06039,37.41726],[-84.06021,37.41717],[-84.06004,37.417],[-84.05998,37.41684],[-84.06,37.41672],[-84.0601,37.41661],[-84.06049,37.4164],[-84.06054,37.41629],[-84.06066,37.41619],[-84.06071,37.41605],[-84.06067,37.41582],[-84.06075,37.41563],[-84.06078,37.41529],[-84.06086,37.41515],[-84.06104,37.41502],[-84.06135,37.41496],[-84.06142,37.41486],[-84.06141,37.41476],[-84.06127,37.41458],[-84.06113,37.41455],[-84.06103,37.41441],[-84.06081,37.41435],[-84.06065,37.41425],[-84.06057,37.41416],[-84.06051,37.41397],[-84.06051,37.41382],[-84.06063,37.41365],[-84.06067,37.41339],[-84.06076,37.41328],[-84.06097,37.41321],[-84.06104,37.41313],[-84.06113,37.41293],[-84.06113,37.41278],[-84.06134,37.41251],[-84.06139,37.41235],[-84.06126,37.41226],[-84.06123,37.41205],[-84.06104,37.41181],[-84.06059,37.41145],[-84.06011,37.4112],[-84.05979,37.41097],[-84.05943,37.41048],[-84.05928,37.4104],[-84.0589,37.41036],[-84.05864,37.41028],[-84.05851,37.41019],[-84.05827,37.4099],[-84.05819,37.4097],[-84.05819,37.40957],[-84.05827,37.40937],[-84.05885,37.40895],[-84.05885,37.40889],[-84.05874,37.40882],[-84.05842,37.40882],[-84.05818,37.40871],[-84.05812,37.40857],[-84.05818,37.40832],[-84.05855,37.40788],[-84.05854,37.40753],[-84.05871,37.4072],[-84.0586,37.40665],[-84.05848,37.40656],[-84.05829,37.40661],[-84.05812,37.40659],[-84.05774,37.40637],[-84.05753,37.40635],[-84.05738,37.40627],[-84.05725,37.40604],[-84.05724,37.40583],[-84.05713,37.40578],[-84.05706,37.40568],[-84.05658,37.40542],[-84.05639,37.40521],[-84.05638,37.40509],[-84.05654,37.40485],[-84.05669,37.40475],[-84.05686,37.40445],[-84.057,37.40435],[-84.05726,37.40428],[-84.05759,37.40432],[-84.05783,37.40444],[-84.05799,37.40437],[-84.05841,37.40382],[-84.05857,37.40345],[-84.05888,37.40317],[-84.05891,37.40304],[-84.05869,37.40296],[-84.05866,37.40262],[-84.05871,37.40253],[-84.05874,37.40224],[-84.05889,37.402],[-84.0588,37.40149],[-84.0588,37.40113],[-84.05886,37.40094],[-84.05896,37.40081],[-84.05948,37.40069],[-84.06,37.40081],[-84.06041,37.40103],[-84.06073,37.40136],[-84.06094,37.40144],[-84.06097,37.40157],[-84.06118,37.40166],[-84.06136,37.40189],[-84.0616,37.40198],[-84.0618,37.40194],[-84.06219,37.40167],[-84.06235,37.40161],[-84.06273,37.40162],[-84.06302,37.40151],[-84.06304,37.40143],[-84.0629,37.4011],[-84.06292,37.40098],[-84.0628,37.40072],[-84.06253,37.40052],[-84.06205,37.40034],[-84.06191,37.40019],[-84.06185,37.40009],[-84.06186,37.39995],[-84.06173,37.39981],[-84.06164,37.39953],[-84.06139,37.39919],[-84.06143,37.39905],[-84.06165,37.39889],[-84.06222,37.39881],[-84.06261,37.39888],[-84.06314,37.39884],[-84.06365,37.39897],[-84.06398,37.39892],[-84.06409,37.39875],[-84.06398,37.39833],[-84.064,37.39824],[-84.06411,37.39803],[-84.06447,37.39775],[-84.06451,37.3976],[-84.06447,37.39747],[-84.06481,37.39695],[-84.06487,37.39651],[-84.06528,37.3965],[-84.06551,37.3964],[-84.06571,37.39639],[-84.06606,37.39621],[-84.0662,37.3962],[-84.06652,37.39607],[-84.06715,37.39546],[-84.06717,37.39537],[-84.06708,37.39526],[-84.06707,37.39508],[-84.06726,37.39472],[-84.0674,37.39456],[-84.06778,37.39437],[-84.06858,37.39427],[-84.06875,37.39414]]}},{"type":"Feature","properties":{"NAME":"Sheltowee Trace","MANAGER":"US Forest Service","PLACE":"Daniel Boone National Forest","URL":"https://www.fs.usda.gov/r08/danielboone"},"geometry":{"type":"LineString","coordinates":[[-84.06875,37.39414],[-84.06881,37.39408]]}},{"type":"Feature","properties":{"NAME":"Sheltowee Trace","MANAGER":"US Forest Service","PLACE":"Daniel Boone National Forest","URL":"https://www.fs.usda.gov/r08/danielboone"},"geometry":{"type":"LineString","coordinates":[[-83.9673,37.47795],[-83.96753,37.47775],[-83.96811,37.47759],[-83.96838,37.47763],[-83.96906,37.47791],[-83.96953,37.47804],[-83.96985,37.47805],[-83.97014,37.478],[-83.97108,37.4781],[-83.97174,37.47809],[-83.97273,37.47789],[-83.97295,37.47805],[-83.97326,37.47818],[-83.97398,37.47829],[-83.97428,37.47816],[-83.97483,37.47807],[-83.97526,37.47807],[-83.97548,37.47801],[-83.97625,37.47759],[-83.97663,37.47729],[-83.97681,37.47726],[-83.97709,37.47733],[-83.97738,37.47748],[-83.97758,37.47765],[-83.97763,37.4778],[-83.97762,37.47801],[-83.97773,37.47826],[-83.97784,37.47838],[-83.97843,37.47845],[-83.97889,37.47865],[-83.97947,37.47872],[-83.97986,37.4787],[-83.98034,37.47859],[-83.98076,37.47857],[-83.98121,37.47844],[-83.98133,37.47836],[-83.9815,37.47818],[-83.98172,37.47776],[-83.98173,37.47764],[-83.98181,37.47759],[-83.98191,37.47739],[-83.98225,37.47714],[-83.98225,37.47692],[-83.98232,37.47667],[-83.98228,37.47655],[-83.98239,37.47635],[-83.98257,37.47625],[-83.98271,37.47625],[-83.98306,37.47603],[-83.98358,37.47596],[-83.98408,37.47598],[-83.98426,37.47581],[-83.98426,37.4757],[-83.98406,37.47552],[-83.9838,37.4754],[-83.98358,37.47519],[-83.98353,37.47506],[-83.98338,37.47494],[-83.98339,37.4749],[-83.98357,37.47487],[-83.98398,37.47501],[-83.98426,37.47498],[-83.98454,37.47477],[-83.98474,37.47446],[-83.98526,37.47439],[-83.9854,37.47431],[-83.98558,37.47397],[-83.98557,37.47376],[-83.98539,37.47349],[-83.98533,37.4732],[-83.98533,37.47295],[-83.98544,37.47264],[-83.98542,37.4724],[-83.98548,37.47217],[-83.98545,37.47194],[-83.98551,37.47111],[-83.98542,37.47084],[-83.98547,37.47073],[-83.98541,37.4706],[-83.98544,37.47042],[-83.98531,37.46978],[-83.98545,37.46954],[-83.98573,37.46942],[-83.98605,37.46909],[-83.98628,37.4683],[-83.98623,37.46808],[-83.98629,37.46784],[-83.98638,37.46776],[-83.98643,37.46751],[-83.98673,37.46727],[-83.98678,37.46705],[-83.98687,37.46694],[-83.98687,37.46676],[-83.98672,37.46649],[-83.98666,37.46612],[-83.9868,37.46578],[-83.98676,37.46558],[-83.98711,37.4652],[-83.98711,37.4651],[-83.98705,37.46495],[-83.98676,37.4647],[-83.98668,37.46445],[-83.98686,37.46431],[-83.98731,37.46425],[-83.98741,37.46417],[-83.98738,37.46407],[-83.98721,37.464],[-83.98701,37.46377],[-83.9863,37.46359],[-83.98611,37.46348],[-83.98596,37.46314],[-83.98579,37.46289],[-83.9858,37.46272],[-83.98594,37.4624],[-83.98628,37.46214],[-83.98628,37.46174],[-83.98644,37.46129],[-83.98642,37.4611],[-83.98692,37.46096],[-83.98723,37.4606],[-83.98748,37.46045],[-83.98762,37.46044],[-83.98799,37.46063],[-83.98811,37.46064],[-83.98826,37.46056],[-83.98851,37.46052],[-83.98869,37.46041],[-83.98875,37.46029],[-83.98868,37.46016],[-83.98868,37.46001],[-83.98879,37.45983],[-83.98946,37.4594],[-83.9896,37.45915],[-83.9899,37.4589],[-83.99,37.45871],[-83.9905,37.45863],[-83.99093,37.45837],[-83.9911,37.45807],[-83.99117,37.45759],[-83.99144,37.45721],[-83.99177,37.457],[-83.99233,37.45682],[-83.993,37.45636],[-83.99351,37.45628],[-83.994,37.45629],[-83.99463,37.45658],[-83.99508,37.45653],[-83.99534,37.45639],[-83.99544,37.45626],[-83.99547,37.45565],[-83.99558,37.45553],[-83.99566,37.4552],[-83.99581,37.45505],[-83.99602,37.45496],[-83.99653,37.4549],[-83.99727,37.45498],[-83.99737,37.45493],[-83.99749,37.45475],[-83.99773,37.45455],[-83.9981,37.45455],[-83.99827,37.4545],[-83.99906,37.45396],[-84.00024,37.45368],[-84.0003,37.45357],[-84.00024,37.45336],[-84.00026,37.45316],[-84.00039,37.4529],[-84.00053,37.45276],[-84.00073,37.45264],[-84.00117,37.45249],[-84.00162,37.45247],[-84.00219,37.45231],[-84.00263,37.45228],[-84.00297,37.45181],[-84.00336,37.45162],[-84.00351,37.45165],[-84.00361,37.45175],[-84.00377,37.45173],[-84.00385,37.4516],[-84.00376,37.45137],[-84.00377,37.45119],[-84.00386,37.45113],[-84.00391,37.45094],[-84.00398,37.4509],[-84.0041,37.45089],[-84.00406,37.45111],[-84.00414,37.45123],[-84.00412,37.45137],[-84.00421,37.45161],[-84.00413,37.4518],[-84.00391,37.45204],[-84.00387,37.4522],[-84.00398,37.45232],[-84.00452,37.45239],[-84.00464,37.45236],[-84.00478,37.45224],[-84.0048,37.45216],[-84.00473,37.45196],[-84.00487,37.45179],[-84.00557,37.45158],[-84.00558,37.45153],[-84.00552,37.45148],[-84.00527,37.45142],[-84.00525,37.45135],[-84.00547,37.45113],[-84.00594,37.45086],[-84.00611,37.45086],[-84.00624,37.45096],[-84.00639,37.45098],[-84.00674,37.45082],[-84.00712,37.45074],[-84.0079,37.45073],[-84.0083,37.4505],[-84.00865,37.4504],[-84.00911,37.45018],[-84.00959,37.45005],[-84.00982,37.44991],[-84.01009,37.44963],[-84.01029,37.4495],[-84.01043,37.44921],[-84.01059,37.44908],[-84.01062,37.44895],[-84.01076,37.4488],[-84.0108,37.44863],[-84.01076,37.44834],[-84.01089,37.44809],[-84.0107,37.44794],[-84.01069,37.44782],[-84.01153,37.44785],[-84.01204,37.44757],[-84.01228,37.4475],[-84.01262,37.4472],[-84.01275,37.44715],[-84.01294,37.44713],[-84.0132,37.44719],[-84.01346,37.44705],[-84.01386,37.44709],[-84.01486,37.44692],[-84.01606,37.44747],[-84.01626,37.44744],[-84.01652,37.44724],[-84.01755,37.4477],[-84.01825,37.44812],[-84.01875,37.44866],[-84.01907,37.44935],[-84.01911,37.45212],[-84.01923,37.45246],[-84.02019,37.45433],[-84.02044,37.4555],[-84.02049,37.45565],[-84.02068,37.45588],[-84.02416,37.45677],[-84.02484,37.45684],[-84.02693,37.45674],[-84.0273,37.45635],[-84.02739,37.45598],[-84.02765,37.45579]]}},{"type":"Feature","properties":{"NAME":"Sheltowee Trace","MANAGER":"US Forest Service","PLACE":"Daniel Boone National Forest","URL":"https://www.fs.usda.gov/r08/danielboone"},"geometry":{"type":"LineString","coordinates":[[-83.92342,37.46707],[-83.92384,37.46713],[-83.92392,37.46708],[-83.92402,37.46686],[-83.92416,37.46684],[-83.92427,37.46676],[-83.92521,37.46654],[-83.92558,37.46629],[-83.92575,37.46626],[-83.92621,37.46604],[-83.9267,37.46601],[-83.92708,37.46605],[-83.92727,37.466],[-83.92762,37.46604],[-83.92804,37.46596],[-83.92829,37.46604],[-83.92851,37.46603],[-83.92874,37.46617],[-83.92888,37.46619],[-83.92909,37.46606],[-83.92928,37.46579],[-83.92939,37.46572],[-83.92955,37.46568],[-83.93005,37.46568],[-83.93021,37.46563],[-83.93052,37.46567],[-83.93077,37.46557],[-83.93124,37.46557],[-83.93161,37.46573],[-83.93208,37.46576],[-83.93227,37.46586],[-83.93265,37.46589],[-83.93297,37.46598],[-83.93334,37.46596],[-83.93362,37.46605],[-83.93403,37.46602],[-83.93442,37.46588],[-83.93467,37.46591],[-83.93493,37.46586],[-83.93597,37.46543],[-83.93636,37.4654],[-83.9365,37.46531],[-83.93669,37.46534],[-83.93694,37.46528],[-83.93762,37.46537],[-83.9378,37.46549],[-83.93787,37.46563],[-83.93812,37.46564],[-83.93894,37.46595],[-83.93943,37.46591],[-83.94001,37.46597],[-83.9404,37.46596],[-83.94093,37.46573],[-83.94152,37.46562],[-83.94236,37.46574],[-83.94277,37.46589],[-83.94303,37.46605],[-83.94321,37.46626],[-83.94346,37.46642],[-83.9438,37.46693],[-83.94441,37.46727],[-83.9448,37.4676],[-83.94487,37.46773],[-83.94519,37.46785],[-83.9458,37.46851],[-83.94638,37.46897],[-83.94665,37.46935],[-83.9466,37.46949],[-83.94675,37.46956],[-83.94715,37.46998],[-83.94746,37.47001],[-83.948,37.47036],[-83.94906,37.47079],[-83.95029,37.47113],[-83.95058,37.47116],[-83.9509,37.47109],[-83.95107,37.47115],[-83.95152,37.47117],[-83.95178,37.47124],[-83.95211,37.47114],[-83.95299,37.47125],[-83.95328,37.47138],[-83.9535,37.47154],[-83.95402,37.47203],[-83.95473,37.47232],[-83.95523,37.47267],[-83.95559,37.47286],[-83.95593,37.473],[-83.95625,37.47296],[-83.95673,37.47308],[-83.95711,37.47311],[-83.95808,37.47361],[-83.95836,37.47387],[-83.95851,37.47415],[-83.95841,37.47456],[-83.95839,37.47487],[-83.95824,37.47541],[-83.95823,37.47569],[-83.95833,37.47591],[-83.95838,37.4759],[-83.95842,37.47579],[-83.95844,37.47543],[-83.95853,37.47521],[-83.95891,37.47476],[-83.95936,37.47468],[-83.9597,37.47476],[-83.95995,37.47491],[-83.96013,37.47512],[-83.96016,37.4753],[-83.96009,37.47576],[-83.95989,37.47614],[-83.95992,37.47629],[-83.96001,37.47639],[-83.96018,37.47646],[-83.96063,37.47645],[-83.96078,37.4765],[-83.96096,37.47681],[-83.96093,37.47707],[-83.96072,37.47729],[-83.96072,37.47823],[-83.96081,37.47874],[-83.96115,37.47901],[-83.96155,37.47912],[-83.96181,37.4791],[-83.96206,37.47895],[-83.96288,37.47878],[-83.96303,37.4787],[-83.9632,37.4787],[-83.9634,37.47861],[-83.96392,37.47868],[-83.96408,37.47879],[-83.96442,37.47888],[-83.96502,37.47895],[-83.96515,37.47888],[-83.96608,37.47867],[-83.96661,37.47828],[-83.9668,37.47824],[-83.9673,37.47795]]}},{"type":"Feature","properties":{"NAME":"Sheltowee Connector","MANAGER":"US Forest Service","PLACE":"Daniel Boone National Forest","URL":"https://www.fs.usda.gov/r08/danielboone"},"geometry":{"type":"LineString","coordinates":[[-83.91762,37.46612],[-83.91765,37.466],[-83.91776,37.4659],[-83.91787,37.46604],[-83.91817,37.46615],[-83.91839,37.46617],[-83.91872,37.4661],[-83.91888,37.46621],[-83.91896,37.46637],[-83.91907,37.46646]]}},{"type":"Feature","properties":{"NAME":"Sheltowee Trace","MANAGER":"US Forest Service","PLACE":"Daniel Boone National Forest","URL":"https://www.fs.usda.gov/r08/danielboone"},"geometry":{"type":"LineString","coordinates":[[-83.91918,37.46654],[-83.9194,37.46677],[-83.91968,37.46683],[-83.91997,37.46682],[-83.92068,37.4669],[-83.92075,37.46698],[-83.92083,37.46694],[-83.92096,37.46697],[-83.92131,37.4672],[-83.92143,37.46715],[-83.92181,37.46713],[-83.92207,37.46721],[-83.92232,37.46717],[-83.92257,37.46722],[-83.92274,37.46713],[-83.92297,37.46715],[-83.92312,37.46709],[-83.92342,37.46707]]}},{"type":"Feature","properties":{"NAME":"Sheltowee Trace","MANAGER":"US Forest Service","PLACE":"Daniel Boone National Forest","URL":"https://www.fs.usda.gov/r08/danielboone"},"geometry":{"type":"LineString","coordinates":[[-83.77349,37.54788],[-83.77609,37.54502],[-83.7768,37.54445],[-83.77858,37.54338],[-83.77929,37.54265],[-83.78014,37.54067],[-83.78072,37.53974],[-83.78156,37.5381],[-83.7816,37.53794],[-83.78159,37.53746],[-83.78152,37.53712],[-83.78372,37.53645],[-83.78432,37.53594],[-83.78483,37.53522],[-83.78519,37.53484],[-83.7854,37.53475],[-83.78639,37.53451],[-83.78898,37.53442],[-83.78985,37.53448],[-83.79282,37.53493],[-83.79325,37.53492],[-83.79367,37.53481],[-83.7942,37.5345],[-83.79443,37.53424],[-83.79493,37.53266],[-83.79512,37.53226],[-83.7952,37.53196],[-83.79519,37.53095],[-83.79537,37.53074],[-83.7955,37.53068],[-83.79602,37.53062],[-83.79931,37.53175],[-83.80196,37.53378],[-83.80255,37.53398],[-83.8027,37.53417],[-83.80275,37.53434],[-83.80274,37.53483],[-83.80264,37.53525],[-83.80231,37.53609],[-83.80182,37.53662],[-83.80169,37.53709],[-83.80169,37.53727],[-83.80198,37.53798],[-83.80226,37.53833],[-83.80257,37.53854],[-83.80305,37.53874],[-83.8033,37.53879],[-83.8043,37.53885],[-83.80535,37.539],[-83.80603,37.53904],[-83.80781,37.5387],[-83.80831,37.53855],[-83.80933,37.53814],[-83.80986,37.53782],[-83.81005,37.53765],[-83.81021,37.53736],[-83.81031,37.53675],[-83.81007,37.53552],[-83.81023,37.53468],[-83.81028,37.53328],[-83.81022,37.53246],[-83.81029,37.53223],[-83.81017,37.53164],[-83.81007,37.53159],[-83.81005,37.53153],[-83.81005,37.53114],[-83.81014,37.53048],[-83.81042,37.52927],[-83.81046,37.529],[-83.81043,37.52873],[-83.8102,37.5283],[-83.80966,37.52798],[-83.80835,37.52791],[-83.80794,37.5278],[-83.80784,37.52771],[-83.80748,37.5273],[-83.80722,37.52663],[-83.80719,37.52625],[-83.80736,37.5259],[-83.80749,37.52574],[-83.80779,37.52555],[-83.80866,37.52537],[-83.80892,37.52536],[-83.81041,37.52573],[-83.8107,37.52574],[-83.81096,37.52569],[-83.81154,37.52554],[-83.81195,37.52538],[-83.81239,37.52508],[-83.81269,37.52477],[-83.81296,37.52411],[-83.81298,37.52388],[-83.81284,37.52298],[-83.81287,37.52213],[-83.81273,37.52144],[-83.81244,37.5208],[-83.81195,37.51995],[-83.81193,37.51983],[-83.81194,37.51965],[-83.81203,37.51946],[-83.81214,37.51932],[-83.81239,37.51916],[-83.81271,37.51918],[-83.81302,37.51932],[-83.8138,37.51985],[-83.81433,37.5201],[-83.81578,37.52057],[-83.81661,37.52113],[-83.81716,37.52166],[-83.81751,37.52212],[-83.81808,37.52268],[-83.81848,37.5229],[-83.81901,37.52306],[-83.81985,37.52309],[-83.82057,37.52288],[-83.82157,37.52241],[-83.82192,37.52216],[-83.82244,37.52189],[-83.82258,37.52174],[-83.82356,37.5211],[-83.82405,37.5205],[-83.8242,37.52015],[-83.82428,37.51977],[-83.82424,37.51941],[-83.82415,37.51918],[-83.82352,37.51799],[-83.82335,37.51779],[-83.8229,37.51744],[-83.82166,37.51674],[-83.8212,37.51641],[-83.82105,37.51625],[-83.82091,37.51603],[-83.82078,37.51561],[-83.82076,37.51534],[-83.82054,37.5149],[-83.82053,37.51391],[-83.82061,37.51315],[-83.8207,37.51281],[-83.82105,37.51256],[-83.82122,37.51254],[-83.8221,37.51206],[-83.82266,37.51147],[-83.82312,37.51135],[-83.824,37.51095],[-83.82426,37.51092],[-83.82478,37.51118],[-83.82576,37.51201],[-83.82807,37.51378],[-83.82848,37.51416],[-83.82894,37.51437],[-83.82932,37.5144],[-83.82971,37.51452],[-83.83037,37.51463],[-83.83073,37.51523],[-83.83078,37.5154],[-83.83254,37.51568],[-83.83314,37.51573],[-83.83338,37.51596],[-83.83404,37.51593],[-83.8354,37.51668],[-83.83633,37.51694],[-83.83654,37.51719],[-83.83688,37.51741],[-83.83722,37.51756],[-83.83729,37.51739],[-83.83708,37.51719],[-83.83686,37.51682],[-83.83751,37.51639],[-83.83696,37.51592],[-83.837,37.51572],[-83.83698,37.51549],[-83.83671,37.51505],[-83.83741,37.51516],[-83.83766,37.51528],[-83.83778,37.51539],[-83.8379,37.51566],[-83.83813,37.51597],[-83.83865,37.51633],[-83.8393,37.51649],[-83.83977,37.51623],[-83.84047,37.51599],[-83.841,37.51598],[-83.84147,37.51626],[-83.84184,37.51635],[-83.84223,37.51641],[-83.84316,37.51624],[-83.84391,37.51649],[-83.8441,37.51679],[-83.84548,37.51767],[-83.84549,37.51785],[-83.84542,37.51805],[-83.84514,37.51838],[-83.84455,37.51876],[-83.84444,37.51895],[-83.84433,37.51988],[-83.84443,37.52027],[-83.8447,37.52043],[-83.84579,37.52058],[-83.84619,37.52056],[-83.84687,37.52068],[-83.84759,37.52088],[-83.84905,37.52088],[-83.84953,37.52095],[-83.85102,37.52145],[-83.85154,37.52151],[-83.85277,37.52143],[-83.85317,37.52133],[-83.85346,37.52139],[-83.85411,37.52137],[-83.85488,37.52155],[-83.8552,37.5219],[-83.85534,37.52199],[-83.85567,37.52205],[-83.85622,37.52201],[-83.85652,37.52189],[-83.85689,37.52163],[-83.85669,37.52113],[-83.85638,37.52086],[-83.85627,37.52045],[-83.85626,37.52002],[-83.85708,37.51946],[-83.85732,37.51924],[-83.8575,37.5187],[-83.85766,37.5184],[-83.85774,37.51809],[-83.85759,37.51735],[-83.85714,37.51655],[-83.85723,37.51634],[-83.8575,37.51607],[-83.8578,37.51603],[-83.85851,37.51577],[-83.86079,37.51585],[-83.86153,37.51594],[-83.86322,37.51588],[-83.8637,37.51593],[-83.86471,37.51583],[-83.86507,37.51594],[-83.86542,37.51595],[-83.8659,37.51594],[-83.86755,37.51574],[-83.86856,37.51578],[-83.87008,37.51603],[-83.87049,37.51603],[-83.87074,37.51629],[-83.87157,37.51674],[-83.87236,37.51688],[-83.87268,37.51682],[-83.87285,37.51671],[-83.87381,37.5165],[-83.87493,37.51647],[-83.87566,37.51655],[-83.87593,37.51641],[-83.87661,37.51624],[-83.87775,37.51562],[-83.87816,37.51563],[-83.87911,37.51577],[-83.87949,37.51576],[-83.88055,37.51561],[-83.88102,37.51561],[-83.88177,37.51576],[-83.88195,37.51586],[-83.88341,37.51624],[-83.88414,37.51657],[-83.88478,37.51695],[-83.88547,37.51758],[-83.88562,37.51705],[-83.88559,37.51552],[-83.88545,37.51471],[-83.88573,37.51455],[-83.88643,37.51441],[-83.88748,37.51455],[-83.88844,37.51452],[-83.89009,37.51413],[-83.89057,37.51395],[-83.89184,37.51375],[-83.89304,37.51324],[-83.8933,37.51323],[-83.89393,37.51344],[-83.89409,37.5131],[-83.89462,37.51271],[-83.89485,37.51226],[-83.89504,37.5121],[-83.89539,37.51208],[-83.89579,37.5123],[-83.89605,37.51237],[-83.89644,37.51235],[-83.89665,37.51226],[-83.89695,37.5119],[-83.8983,37.51145],[-83.89868,37.51154],[-83.89926,37.51182],[-83.8999,37.5119],[-83.90082,37.51234],[-83.90138,37.51245],[-83.90164,37.51241],[-83.90175,37.51229],[-83.90187,37.51176],[-83.90199,37.51159],[-83.90212,37.51154],[-83.90241,37.51153],[-83.90277,37.51176],[-83.90331,37.51235],[-83.90361,37.51248],[-83.90417,37.51255],[-83.90427,37.5126],[-83.9047,37.51307],[-83.90514,37.51339],[-83.90554,37.51351],[-83.90634,37.51352],[-83.90648,37.51356],[-83.9066,37.51366],[-83.90678,37.51393],[-83.90721,37.51492],[-83.90733,37.51508],[-83.90762,37.51531],[-83.90812,37.51549],[-83.90878,37.5156],[-83.9093,37.51597],[-83.90975,37.51649],[-83.90995,37.51665],[-83.91064,37.51693],[-83.91101,37.5169],[-83.9112,37.51679],[-83.91163,37.51641],[-83.91215,37.51573],[-83.9125,37.5151],[-83.91261,37.51466],[-83.91266,37.51369],[-83.9126,37.51314],[-83.91241,37.51276],[-83.91216,37.51253],[-83.91178,37.51237],[-83.90961,37.51181],[-83.90845,37.51119],[-83.90709,37.50998],[-83.90662,37.5092],[-83.9065,37.50889],[-83.90654,37.50879],[-83.90669,37.50865],[-83.90731,37.50823],[-83.9076,37.50816],[-83.90797,37.5082],[-83.90875,37.50818],[-83.90916,37.50804],[-83.90982,37.50761],[-83.90998,37.50756],[-83.91094,37.50762],[-83.91163,37.50752],[-83.9133,37.50754],[-83.91365,37.50747],[-83.91388,37.5073],[-83.91393,37.50719],[-83.91403,37.50659],[-83.91403,37.50633],[-83.9138,37.50582],[-83.91355,37.50547],[-83.91355,37.50512],[-83.91349,37.50487],[-83.91321,37.50463],[-83.91307,37.50458],[-83.91242,37.50466],[-83.91119,37.50502],[-83.9108,37.50505],[-83.90993,37.50494],[-83.90936,37.50469],[-83.90863,37.50409],[-83.90815,37.50404],[-83.90774,37.50385],[-83.90729,37.50374],[-83.90644,37.50379],[-83.90601,37.50353],[-83.90512,37.50335],[-83.90473,37.50335],[-83.90453,37.5034],[-83.90424,37.50358],[-83.9037,37.50414],[-83.90352,37.50419],[-83.90341,37.50412],[-83.90331,37.50377],[-83.90339,37.50324],[-83.90337,37.50311],[-83.90301,37.50302],[-83.90294,37.50296],[-83.90302,37.50275],[-83.90326,37.50243],[-83.90327,37.50226],[-83.90268,37.50177],[-83.90263,37.50165],[-83.90265,37.50152],[-83.90276,37.50136],[-83.903,37.50115],[-83.90322,37.50111],[-83.9043,37.50152],[-83.90576,37.50202],[-83.90605,37.50208],[-83.9068,37.5021],[-83.90784,37.50201],[-83.90869,37.50207],[-83.90905,37.50202],[-83.90934,37.50185],[-83.90963,37.50152],[-83.90997,37.50095],[-83.90992,37.50067],[-83.90973,37.50025],[-83.90974,37.50001],[-83.90961,37.49991],[-83.90933,37.49984],[-83.90805,37.4996],[-83.9072,37.49921],[-83.90676,37.49874],[-83.9064,37.498],[-83.90635,37.49721],[-83.90644,37.49687],[-83.90657,37.4967],[-83.90717,37.49622],[-83.90838,37.49543],[-83.90865,37.49493],[-83.90865,37.49418],[-83.90775,37.49379],[-83.90651,37.49379],[-83.9056,37.49392],[-83.90456,37.49376],[-83.90392,37.49346],[-83.90324,37.49285],[-83.90293,37.49217],[-83.90336,37.49196],[-83.90392,37.49153],[-83.90427,37.49112],[-83.90438,37.49094],[-83.90451,37.49053],[-83.9046,37.49047],[-83.90486,37.49052],[-83.9052,37.49078],[-83.90547,37.49087],[-83.90598,37.49085],[-83.90633,37.49078],[-83.9075,37.49034],[-83.90913,37.48986],[-83.91008,37.48933],[-83.91088,37.48873],[-83.91106,37.48854],[-83.91122,37.48823],[-83.91124,37.48804],[-83.91106,37.48764],[-83.91041,37.48717],[-83.90949,37.48692],[-83.90954,37.48679],[-83.90965,37.48673],[-83.91015,37.48669],[-83.91019,37.48654],[-83.91001,37.48643],[-83.90858,37.48594],[-83.90839,37.48562],[-83.90831,37.48558],[-83.90803,37.48563],[-83.90767,37.48562],[-83.9075,37.48552],[-83.90951,37.48325],[-83.91027,37.48252],[-83.91126,37.48179],[-83.91199,37.48114],[-83.91247,37.48042],[-83.91312,37.47973],[-83.91544,37.47792],[-83.91688,37.47729],[-83.91817,37.47732],[-83.91836,37.47727],[-83.91842,37.47707],[-83.91834,37.47693],[-83.91794,37.4768],[-83.91742,37.47646],[-83.91675,37.47624],[-83.91588,37.47607],[-83.91509,37.47599],[-83.91342,37.47528],[-83.91237,37.47502],[-83.9116,37.47465],[-83.91154,37.4739],[-83.91184,37.47313],[-83.9123,37.47252],[-83.91324,37.47221],[-83.91411,37.4722],[-83.91511,37.47205],[-83.91598,37.4717],[-83.91672,37.47112],[-83.9173,37.47055],[-83.91796,37.47009],[-83.91829,37.46953],[-83.91857,37.46885],[-83.91893,37.4682],[-83.91832,37.4673],[-83.91825,37.46704],[-83.91827,37.46678],[-83.91836,37.46653],[-83.91854,37.46646],[-83.91875,37.46646],[-83.91918,37.46654],[-83.91907,37.46646]]}},{"type":"Feature","properties":{"NAME":"Sheltowee Trace","MANAGER":"US Forest Service","PLACE":"Daniel Boone National Forest","URL":"https://www.fs.usda.gov/r08/danielboone"},"geometry":{"type":"LineString","coordinates":[[-83.69967,37.76041],[-83.70026,37.76074],[-83.70109,37.76082],[-83.70129,37.76061],[-83.70181,37.76032],[-83.70194,37.76008],[-83.70162,37.7595],[-83.70127,37.75868],[-83.7012,37.75829],[-83.70125,37.75808],[-83.70159,37.75758],[-83.70159,37.75739],[-83.7015,37.75705],[-83.70151,37.75677],[-83.70161,37.75655],[-83.70202,37.75601],[-83.70207,37.75579],[-83.70198,37.75561],[-83.70144,37.75503],[-83.70133,37.75462],[-83.70121,37.75368],[-83.70096,37.75279],[-83.70095,37.75229],[-83.70113,37.75166],[-83.70115,37.75144],[-83.70099,37.75051],[-83.70083,37.75035],[-83.70066,37.75026],[-83.69993,37.75011],[-83.69956,37.75019],[-83.69861,37.75052],[-83.69815,37.75056],[-83.69778,37.75049],[-83.69726,37.75018],[-83.69716,37.75001],[-83.69694,37.7493],[-83.69653,37.7486],[-83.69617,37.74823],[-83.69566,37.74797],[-83.69417,37.74784],[-83.69337,37.74791],[-83.69314,37.74784],[-83.69292,37.74768],[-83.69282,37.74731],[-83.69289,37.74681],[-83.69319,37.74623],[-83.69266,37.74519],[-83.69248,37.74493],[-83.69228,37.74475],[-83.69172,37.74455],[-83.69107,37.74416],[-83.68969,37.74283],[-83.68899,37.74304],[-83.68864,37.74305],[-83.68788,37.74292],[-83.6879,37.7428],[-83.68778,37.74219],[-83.68795,37.74177],[-83.68808,37.74125],[-83.68838,37.74082],[-83.68881,37.7405],[-83.6891,37.73988],[-83.68905,37.73957],[-83.68908,37.73922],[-83.6892,37.73893],[-83.68995,37.73774],[-83.69017,37.73748],[-83.69065,37.73715],[-83.69082,37.73714],[-83.69155,37.73729],[-83.69173,37.73728],[-83.69191,37.73714],[-83.69211,37.73679],[-83.69234,37.73658],[-83.6927,37.73645],[-83.69339,37.7363],[-83.69363,37.73614],[-83.69417,37.73545],[-83.69441,37.73467],[-83.6948,37.73429],[-83.69609,37.73346],[-83.69637,37.73287],[-83.69659,37.73198],[-83.69678,37.73165],[-83.69704,37.73146],[-83.69718,37.73144],[-83.69876,37.73137],[-83.69933,37.7314],[-83.69977,37.73151],[-83.7002,37.73153],[-83.70051,37.73149],[-83.70082,37.73121],[-83.70087,37.73096],[-83.70084,37.73068],[-83.70013,37.72983],[-83.70025,37.72917],[-83.70045,37.72885],[-83.70046,37.72859],[-83.70038,37.72832],[-83.70012,37.72808],[-83.69978,37.72788],[-83.69975,37.72771],[-83.6998,37.72739],[-83.6999,37.72728],[-83.70014,37.72662],[-83.7005,37.72626],[-83.70107,37.72587],[-83.70153,37.72543],[-83.70166,37.725],[-83.70168,37.72477],[-83.70163,37.72446],[-83.70177,37.72422],[-83.70179,37.72403],[-83.70151,37.72359],[-83.70102,37.72322],[-83.70086,37.72284],[-83.70075,37.72242],[-83.70075,37.72225],[-83.70086,37.72202],[-83.70102,37.72184],[-83.70164,37.72147],[-83.70199,37.72134],[-83.70236,37.7211],[-83.7026,37.72088],[-83.70266,37.7206],[-83.70264,37.71995],[-83.70231,37.71904],[-83.70204,37.71884],[-83.70203,37.71867],[-83.70274,37.71781],[-83.70326,37.71726],[-83.70353,37.71718],[-83.70505,37.71716],[-83.70544,37.71711],[-83.70606,37.71669],[-83.70641,37.71658],[-83.7066,37.71665],[-83.70684,37.71664],[-83.70755,37.71632],[-83.708,37.71622],[-83.70831,37.7162],[-83.70864,37.71628],[-83.70894,37.7165],[-83.70974,37.71746],[-83.71007,37.71773],[-83.71092,37.71859],[-83.712,37.71953],[-83.71261,37.71999],[-83.71271,37.72],[-83.71289,37.71998],[-83.71349,37.71967],[-83.71458,37.7189],[-83.71487,37.71882],[-83.71534,37.71879],[-83.71619,37.71849],[-83.71754,37.71778],[-83.71915,37.71753],[-83.72039,37.71701],[-83.72074,37.71661],[-83.72092,37.71617],[-83.72125,37.71603],[-83.72165,37.71609],[-83.72228,37.7161],[-83.72268,37.71595],[-83.72289,37.7158],[-83.72314,37.71553],[-83.72365,37.71465],[-83.72375,37.71414],[-83.72375,37.71345],[-83.72444,37.71276],[-83.72452,37.7124],[-83.72411,37.71197],[-83.72349,37.7116],[-83.72334,37.71134],[-83.72341,37.71112],[-83.72397,37.7104],[-83.72503,37.70933],[-83.72528,37.70855],[-83.72554,37.70742],[-83.72594,37.70692],[-83.72616,37.70655],[-83.72604,37.70626],[-83.72553,37.70587],[-83.72542,37.7055],[-83.72547,37.70521],[-83.72628,37.70402],[-83.72741,37.70258],[-83.72744,37.70223],[-83.72738,37.70163],[-83.72709,37.70063],[-83.72703,37.70013],[-83.72714,37.69833],[-83.72758,37.69795],[-83.72851,37.69765],[-83.72945,37.69716],[-83.73038,37.6964],[-83.73158,37.69603],[-83.73208,37.69557],[-83.73241,37.69468],[-83.73299,37.69399],[-83.73383,37.69328],[-83.73434,37.69314],[-83.73478,37.69283],[-83.7356,37.69257],[-83.73618,37.69227],[-83.73774,37.69135],[-83.73876,37.69063],[-83.73911,37.69027],[-83.7396,37.68948],[-83.7397,37.68857],[-83.73987,37.68814],[-83.74053,37.68746],[-83.74085,37.68702],[-83.74102,37.68653],[-83.74101,37.68601],[-83.74153,37.68552],[-83.74246,37.68425],[-83.74258,37.68413],[-83.74393,37.68335],[-83.7446,37.68262],[-83.7455,37.68218],[-83.74573,37.68194],[-83.74605,37.68127],[-83.74634,37.68092],[-83.74651,37.68084],[-83.74788,37.68059],[-83.74868,37.68021],[-83.74905,37.67971],[-83.7491,37.67876],[-83.74927,37.67843],[-83.75072,37.67767],[-83.75114,37.67755],[-83.75189,37.67716],[-83.75224,37.67689],[-83.75267,37.67642],[-83.75267,37.67616],[-83.75281,37.67594],[-83.75264,37.6755],[-83.75262,37.67525],[-83.75299,37.67453],[-83.75333,37.6742],[-83.75353,37.67393],[-83.75362,37.6735],[-83.75361,37.67244],[-83.75384,37.67212],[-83.75435,37.67191],[-83.75451,37.67179],[-83.75457,37.67163],[-83.75458,37.67135],[-83.75482,37.67077],[-83.75469,37.66851],[-83.7546,37.66816],[-83.75466,37.66794],[-83.75503,37.66769],[-83.75547,37.66769],[-83.75584,37.66759],[-83.75604,37.66735],[-83.75628,37.66678],[-83.75665,37.66623],[-83.75762,37.66565],[-83.75865,37.66514],[-83.75884,37.66491],[-83.75893,37.66451],[-83.75919,37.66409],[-83.75975,37.66358],[-83.76017,37.66328],[-83.76035,37.663],[-83.76033,37.66269],[-83.75977,37.66191],[-83.75933,37.66098],[-83.75919,37.66058],[-83.75925,37.6603],[-83.75919,37.66003],[-83.75934,37.65976],[-83.75995,37.65925],[-83.76001,37.65907],[-83.76007,37.65872],[-83.76004,37.65822],[-83.76007,37.65802],[-83.76022,37.65768],[-83.76027,37.65725],[-83.76023,37.65691],[-83.76004,37.65654],[-83.76004,37.65619],[-83.76027,37.65573],[-83.76051,37.65547],[-83.76076,37.65508],[-83.76108,37.65382],[-83.76138,37.65324],[-83.76125,37.65205],[-83.76105,37.65138],[-83.76096,37.65085],[-83.76081,37.65065],[-83.7601,37.65021],[-83.75991,37.65004],[-83.75987,37.64976],[-83.75999,37.64939],[-83.75993,37.64913],[-83.75995,37.64904],[-83.75967,37.64902],[-83.75932,37.64907],[-83.75814,37.64901],[-83.75781,37.64906],[-83.75755,37.64919],[-83.75741,37.64942],[-83.75753,37.65017],[-83.75749,37.6503],[-83.75726,37.65052],[-83.75693,37.65057],[-83.75655,37.65045],[-83.75637,37.65023],[-83.75627,37.64995],[-83.7563,37.64971],[-83.75663,37.6494],[-83.75722,37.64904],[-83.75726,37.64884],[-83.75741,37.64871],[-83.75754,37.64866],[-83.7578,37.64872],[-83.75836,37.6486],[-83.75853,37.64823],[-83.75848,37.64785],[-83.7585,37.6474],[-83.75844,37.64695],[-83.7581,37.64656],[-83.75692,37.64608],[-83.75682,37.64595],[-83.75681,37.64566],[-83.75697,37.64472],[-83.75737,37.64405],[-83.75744,37.64338],[-83.7574,37.64319],[-83.75727,37.64286],[-83.75705,37.64265],[-83.75683,37.64266],[-83.75656,37.64277],[-83.75637,37.64276],[-83.75625,37.64268],[-83.75623,37.64252],[-83.7558,37.64176],[-83.75583,37.64161],[-83.75598,37.64147],[-83.75657,37.64119],[-83.7571,37.64064],[-83.75716,37.64049],[-83.75715,37.64024],[-83.75708,37.64005],[-83.75687,37.63974],[-83.75686,37.63946],[-83.75693,37.6392],[-83.75721,37.63886],[-83.7579,37.63845],[-83.75904,37.63807],[-83.75956,37.6378],[-83.75969,37.63755],[-83.75968,37.6374],[-83.75909,37.63688],[-83.75894,37.63658],[-83.7589,37.63638],[-83.75896,37.63612],[-83.75909,37.63596],[-83.75933,37.63579],[-83.76026,37.63534],[-83.76039,37.63519],[-83.76062,37.63473],[-83.76144,37.63423],[-83.76154,37.63404],[-83.76159,37.63322],[-83.76166,37.63312],[-83.76176,37.63272],[-83.76192,37.63249],[-83.76271,37.63173],[-83.76311,37.63104],[-83.76306,37.63077],[-83.76202,37.62934],[-83.76183,37.62882],[-83.7617,37.6286],[-83.76164,37.62835],[-83.76164,37.62822],[-83.76203,37.62786],[-83.76234,37.62735],[-83.76234,37.62716],[-83.76227,37.62702],[-83.76281,37.62703],[-83.7637,37.62716],[-83.76409,37.62714],[-83.76452,37.62706],[-83.76508,37.62683],[-83.76518,37.62635],[-83.7651,37.62555],[-83.76526,37.62492],[-83.76605,37.62374],[-83.76654,37.62323],[-83.76685,37.62311],[-83.76725,37.62311],[-83.76732,37.62255],[-83.76744,37.62219],[-83.7677,37.62184],[-83.76806,37.62164],[-83.76905,37.6217],[-83.76962,37.62179],[-83.77004,37.62192],[-83.77035,37.6222],[-83.77043,37.62248],[-83.77061,37.62276],[-83.77102,37.6231],[-83.7723,37.62359],[-83.77259,37.62382],[-83.77303,37.62451],[-83.77335,37.62466],[-83.77414,37.62469],[-83.77539,37.62449],[-83.77583,37.62457],[-83.77616,37.62448],[-83.77688,37.62346],[-83.77713,37.62336],[-83.77765,37.62341],[-83.77778,37.62358],[-83.77784,37.62423],[-83.77791,37.62434],[-83.77802,37.62438],[-83.77825,37.62437],[-83.77885,37.62421],[-83.78147,37.62282],[-83.78184,37.62271],[-83.78244,37.62268],[-83.78291,37.62279],[-83.78345,37.62305],[-83.78383,37.62349],[-83.784,37.62394],[-83.78419,37.62423],[-83.78451,37.62446],[-83.78531,37.62473],[-83.78577,37.62498],[-83.7866,37.62585],[-83.78702,37.62605],[-83.7875,37.62613],[-83.78794,37.62609],[-83.7885,37.62587],[-83.78897,37.62536],[-83.78912,37.62489],[-83.78936,37.62445],[-83.7896,37.62422],[-83.79017,37.62389],[-83.7912,37.62353],[-83.79196,37.62333],[-83.79255,37.62337],[-83.79309,37.62334],[-83.79357,37.62318],[-83.79435,37.62256],[-83.79554,37.62212],[-83.79576,37.62183],[-83.7958,37.62145],[-83.79532,37.62049],[-83.79507,37.61982],[-83.79505,37.61936],[-83.79512,37.61903],[-83.79512,37.6187],[-83.79499,37.61827],[-83.79378,37.61637],[-83.7933,37.61576],[-83.79289,37.61536],[-83.79269,37.61496],[-83.79268,37.6147],[-83.79295,37.61413],[-83.79333,37.61357],[-83.79344,37.61321],[-83.79326,37.61222],[-83.79336,37.61172],[-83.79351,37.6114],[-83.79414,37.61051],[-83.79412,37.61002],[-83.79381,37.60948],[-83.79311,37.60905],[-83.79269,37.60872],[-83.7924,37.60828],[-83.79203,37.60742],[-83.79184,37.60719],[-83.79155,37.60697],[-83.79028,37.60669],[-83.78997,37.60657],[-83.78952,37.60626],[-83.78924,37.60585],[-83.78908,37.60534],[-83.78859,37.60163],[-83.78817,37.60096],[-83.78775,37.60058],[-83.78742,37.60041],[-83.78703,37.60031],[-83.78643,37.60037],[-83.78604,37.60034],[-83.78538,37.60011],[-83.78502,37.59978],[-83.7846,37.59909],[-83.78427,37.59845],[-83.78413,37.59806],[-83.78424,37.5971],[-83.78422,37.59678],[-83.7839,37.59608],[-83.78368,37.59591],[-83.78304,37.59569],[-83.78261,37.59546],[-83.78223,37.59517],[-83.78146,37.59439],[-83.78124,37.59399],[-83.78124,37.59364],[-83.78143,37.59306],[-83.78206,37.59181],[-83.78212,37.59124],[-83.78197,37.59079],[-83.7814,37.58986],[-83.78107,37.58959],[-83.78081,37.58947],[-83.77973,37.58955],[-83.77919,37.5894],[-83.7782,37.58891],[-83.77772,37.58883],[-83.77729,37.58877],[-83.77505,37.58898],[-83.77451,37.58885],[-83.77395,37.58859],[-83.77248,37.58747],[-83.77172,37.58711],[-83.77078,37.58678],[-83.7703,37.58641],[-83.76955,37.58551],[-83.76857,37.58446],[-83.76796,37.58367],[-83.7677,37.58324],[-83.76741,37.58252],[-83.76689,37.58053],[-83.76624,37.57944],[-83.76575,37.57894],[-83.7652,37.57871],[-83.76424,37.57848],[-83.76353,37.57822],[-83.7631,37.57797],[-83.76263,37.57755],[-83.76246,37.57696],[-83.76248,37.57651],[-83.76264,37.57588],[-83.76333,37.57483],[-83.76388,37.57424],[-83.76406,37.57391],[-83.76409,37.57323],[-83.76398,37.57269],[-83.76412,37.5724],[-83.76434,37.57223],[-83.76474,37.57224],[-83.76535,37.57209],[-83.76588,37.57178],[-83.76892,37.56954],[-83.76959,37.56915],[-83.77,37.56896],[-83.77055,37.56894],[-83.77098,37.56899],[-83.77132,37.56895],[-83.77162,37.56877],[-83.7717,37.56853],[-83.77165,37.56826],[-83.77138,37.568],[-83.77027,37.56737],[-83.77002,37.56706],[-83.76973,37.56649],[-83.76964,37.56617],[-83.76973,37.5659],[-83.77006,37.56564],[-83.7704,37.56558],[-83.77098,37.56569],[-83.77164,37.56564],[-83.7723,37.56531],[-83.77294,37.56464],[-83.77237,37.5644],[-83.77208,37.56434],[-83.77202,37.5641],[-83.77208,37.56379],[-83.77255,37.56315],[-83.77257,37.56268],[-83.77237,37.5623],[-83.77213,37.56207],[-83.77195,37.5617],[-83.77175,37.56146],[-83.77153,37.56097],[-83.77093,37.55935],[-83.77066,37.55748],[-83.77023,37.55651],[-83.76977,37.55611],[-83.76965,37.5557],[-83.76969,37.5555],[-83.76996,37.55517],[-83.77039,37.55482],[-83.7716,37.55412],[-83.77232,37.55383],[-83.77233,37.55313],[-83.77185,37.55285],[-83.77187,37.55165],[-83.7718,37.55084],[-83.77183,37.54994],[-83.772,37.54948],[-83.77349,37.54788]]}},{"type":"Feature","properties":{"NAME":"Sheltowee Trace","MANAGER":"US Forest Service","PLACE":"Daniel Boone National Forest","URL":"https://www.fs.usda.gov/r08/danielboone"},"geometry":{"type":"LineString","coordinates":[[-83.59334,37.88159],[-83.59336,37.88067],[-83.59356,37.88012],[-83.59354,37.88007],[-83.59371,37.87977],[-83.59379,37.87949],[-83.5939,37.87938],[-83.59391,37.87916],[-83.59415,37.87847],[-83.5942,37.87806],[-83.59455,37.87767],[-83.5947,37.87759],[-83.59492,37.87718],[-83.5949,37.87687],[-83.59456,37.87621],[-83.59456,37.87601],[-83.59469,37.87581],[-83.59514,37.87545],[-83.59565,37.87521],[-83.59591,37.87501],[-83.5968,37.87452],[-83.59699,37.87429],[-83.59697,37.87411],[-83.59692,37.87406],[-83.59668,37.87401],[-83.59655,37.87405],[-83.59651,37.87401],[-83.59581,37.874],[-83.59571,37.87394],[-83.59567,37.87384],[-83.5957,37.87377],[-83.59618,37.87345],[-83.59708,37.87266],[-83.59715,37.87266],[-83.59752,37.87237],[-83.59788,37.8722],[-83.59828,37.87189],[-83.59852,37.87177],[-83.59861,37.87166],[-83.59867,37.87127],[-83.5989,37.87104],[-83.59886,37.87089],[-83.59813,37.87064],[-83.59803,37.87052],[-83.59803,37.87031],[-83.59812,37.87018],[-83.59864,37.86978],[-83.59913,37.8691],[-83.59933,37.86853],[-83.59959,37.86811],[-83.59963,37.86779],[-83.59985,37.86732],[-83.59992,37.86693],[-83.59987,37.86646],[-83.59983,37.86643],[-83.59965,37.86561],[-83.59966,37.86526],[-83.59981,37.86473],[-83.59993,37.86403],[-83.59986,37.86375],[-83.59952,37.86339],[-83.59934,37.86311],[-83.59914,37.86295],[-83.59887,37.86285],[-83.59816,37.86275],[-83.59786,37.86279],[-83.59756,37.8627],[-83.59727,37.8625],[-83.59663,37.86187],[-83.59651,37.8617],[-83.59641,37.86142],[-83.59637,37.86102],[-83.59656,37.85971],[-83.59661,37.8596],[-83.59656,37.8593],[-83.59633,37.85906],[-83.59583,37.85836],[-83.5955,37.85801],[-83.5952,37.85754],[-83.59456,37.85685],[-83.59423,37.85658],[-83.59406,37.85651],[-83.59444,37.85648],[-83.59454,37.85641],[-83.59474,37.85637],[-83.59492,37.85641],[-83.5953,37.85624],[-83.59553,37.85623],[-83.59601,37.85595],[-83.59656,37.85549],[-83.59678,37.85536],[-83.59718,37.85526],[-83.59777,37.85493],[-83.59788,37.85494],[-83.59857,37.85471],[-83.59884,37.85451],[-83.59931,37.85437],[-83.59946,37.85421],[-83.59942,37.8542],[-83.59946,37.85401],[-83.59971,37.85394],[-83.5999,37.85397],[-83.6001,37.85393],[-83.60056,37.854],[-83.60069,37.85392],[-83.60132,37.85394],[-83.60155,37.85411],[-83.60182,37.85451],[-83.60209,37.85444],[-83.60213,37.85438],[-83.60253,37.85417],[-83.60265,37.85417],[-83.60265,37.85422],[-83.60277,37.85425],[-83.60285,37.8542],[-83.60302,37.8542],[-83.60319,37.85411],[-83.60341,37.8541],[-83.60372,37.85397],[-83.6039,37.85404],[-83.6039,37.85398],[-83.60365,37.85373],[-83.60329,37.85354],[-83.60302,37.85354],[-83.60283,37.85363],[-83.60279,37.85357],[-83.60209,37.85334],[-83.60182,37.85317],[-83.60162,37.85317],[-83.6015,37.85298],[-83.60115,37.85282],[-83.60106,37.85267],[-83.60092,37.85257],[-83.60041,37.85247],[-83.59986,37.85216],[-83.59976,37.85196],[-83.59976,37.85177],[-83.59962,37.85137],[-83.59964,37.85131],[-83.60009,37.85106],[-83.60031,37.85081],[-83.60056,37.85071],[-83.60068,37.85061],[-83.60114,37.8505],[-83.60201,37.85068],[-83.60241,37.85046],[-83.60273,37.8501],[-83.60289,37.85001],[-83.6029,37.84992],[-83.60274,37.84978],[-83.60246,37.84906],[-83.60241,37.84867],[-83.60261,37.84829],[-83.60204,37.84784],[-83.60181,37.84752],[-83.60175,37.8475],[-83.60159,37.84718],[-83.60158,37.84708],[-83.60189,37.84682],[-83.60206,37.84675],[-83.60256,37.84677],[-83.60266,37.84681],[-83.60272,37.84691],[-83.60294,37.84694],[-83.60315,37.84686],[-83.60338,37.84683],[-83.60349,37.84686],[-83.6036,37.84676],[-83.60411,37.84653],[-83.60413,37.84645],[-83.6042,37.84647],[-83.60437,37.84641],[-83.60466,37.84613],[-83.6048,37.84611],[-83.60482,37.84603],[-83.605,37.84588],[-83.60539,37.84523],[-83.60551,37.84487],[-83.60562,37.8447],[-83.60566,37.84471],[-83.60567,37.84457],[-83.60584,37.84438],[-83.60618,37.84442],[-83.60644,37.84457],[-83.60679,37.84467],[-83.60762,37.84518],[-83.60828,37.84525],[-83.60835,37.84531],[-83.60835,37.84524],[-83.60856,37.8453],[-83.60853,37.84518],[-83.60858,37.84518],[-83.60861,37.84509],[-83.60799,37.84466],[-83.60797,37.84449],[-83.60806,37.84426],[-83.60805,37.84406],[-83.60795,37.84397],[-83.60781,37.84393],[-83.60753,37.84369],[-83.60746,37.84333],[-83.6079,37.84269],[-83.60905,37.84142],[-83.60918,37.8414],[-83.60942,37.84146],[-83.61003,37.84177],[-83.6107,37.84196],[-83.61081,37.84205],[-83.61093,37.84203],[-83.61117,37.84211],[-83.61132,37.84224],[-83.61137,37.84235],[-83.61136,37.84256],[-83.61143,37.84258],[-83.61154,37.84256],[-83.61168,37.84231],[-83.61178,37.84225],[-83.61176,37.84218],[-83.61163,37.84211],[-83.61152,37.84192],[-83.61201,37.84197],[-83.61226,37.84293],[-83.61233,37.84303],[-83.61258,37.84325],[-83.61299,37.84336],[-83.61325,37.84354],[-83.61343,37.84378],[-83.6135,37.84405],[-83.61356,37.8441],[-83.61375,37.84407],[-83.61392,37.84439],[-83.61418,37.84459],[-83.61424,37.84426],[-83.61433,37.84414],[-83.61464,37.84415],[-83.61535,37.84446],[-83.61566,37.84471],[-83.61583,37.84478],[-83.61604,37.84495],[-83.61612,37.84519],[-83.61642,37.84536],[-83.61692,37.84589],[-83.61703,37.84614],[-83.61704,37.84644],[-83.61728,37.84634],[-83.61734,37.8462],[-83.61754,37.84598],[-83.61783,37.84602],[-83.61809,37.84598],[-83.61792,37.84595],[-83.61789,37.84587],[-83.61793,37.84581],[-83.61775,37.84548],[-83.61779,37.84531],[-83.61775,37.84523],[-83.61769,37.84524],[-83.61758,37.84513],[-83.61763,37.84501],[-83.61738,37.8449],[-83.61723,37.84467],[-83.61683,37.84441],[-83.6168,37.84435],[-83.6169,37.84416],[-83.61748,37.8439],[-83.61764,37.84371],[-83.61763,37.84366],[-83.61773,37.84363],[-83.61756,37.84342],[-83.61756,37.84327],[-83.61748,37.84305],[-83.61595,37.84289],[-83.61613,37.84282],[-83.61629,37.84266],[-83.61629,37.8426],[-83.61602,37.84231],[-83.6162,37.84236],[-83.61626,37.84233],[-83.61643,37.84253],[-83.61698,37.84264],[-83.6178,37.84224],[-83.61779,37.84212],[-83.61744,37.84202],[-83.61743,37.84193],[-83.61749,37.84178],[-83.61749,37.84159],[-83.61755,37.84154],[-83.61757,37.84141],[-83.61752,37.84116],[-83.61758,37.84104],[-83.6176,37.84066],[-83.61769,37.84052],[-83.61765,37.84024],[-83.61786,37.8401],[-83.61786,37.83987],[-83.6181,37.84008],[-83.61841,37.84013],[-83.61844,37.84022],[-83.61837,37.84087],[-83.61851,37.84111],[-83.61851,37.84131],[-83.6186,37.84137],[-83.61889,37.84134],[-83.61899,37.84139],[-83.61894,37.84176],[-83.61905,37.84181],[-83.61965,37.84179],[-83.62001,37.8419],[-83.61997,37.84208],[-83.61973,37.84241],[-83.61976,37.84256],[-83.61958,37.84268],[-83.61958,37.84274],[-83.61971,37.8428],[-83.62014,37.84283],[-83.62035,37.84292],[-83.62035,37.843],[-83.62026,37.84307],[-83.62006,37.84339],[-83.62041,37.84355],[-83.62049,37.84387],[-83.62048,37.84407],[-83.6203,37.84431],[-83.61997,37.84455],[-83.62031,37.84462],[-83.62089,37.84489],[-83.62106,37.84511],[-83.62119,37.84503],[-83.62126,37.84487],[-83.62122,37.84453],[-83.6214,37.84387],[-83.62162,37.84347],[-83.62169,37.84339],[-83.62188,37.84333],[-83.62225,37.84329],[-83.62244,37.84333],[-83.62262,37.84329],[-83.62271,37.84316],[-83.62198,37.84252],[-83.62192,37.84237],[-83.62195,37.84218],[-83.62227,37.84206],[-83.62284,37.84202],[-83.62283,37.84191],[-83.62311,37.84147],[-83.62308,37.84143],[-83.62315,37.84128],[-83.62259,37.84141],[-83.62243,37.84134],[-83.62223,37.84113],[-83.62176,37.84101],[-83.62158,37.84091],[-83.62151,37.84043],[-83.6212,37.84009],[-83.6212,37.84],[-83.62137,37.8399],[-83.62199,37.83988],[-83.62251,37.83995],[-83.62243,37.83987],[-83.62241,37.83975],[-83.62246,37.83954],[-83.62268,37.8394],[-83.62261,37.83928],[-83.62249,37.83916],[-83.62222,37.83903],[-83.62162,37.83888],[-83.62148,37.83877],[-83.62145,37.83862],[-83.62127,37.83865],[-83.62013,37.83839],[-83.62006,37.83821],[-83.61984,37.83793],[-83.6197,37.83783],[-83.6196,37.83759],[-83.61924,37.83705],[-83.61909,37.83663],[-83.61915,37.83646],[-83.61933,37.8363],[-83.61958,37.83617],[-83.62047,37.8361],[-83.62184,37.8366],[-83.62282,37.83757],[-83.62367,37.83814],[-83.62388,37.83853],[-83.62414,37.83945],[-83.62442,37.83961],[-83.62451,37.83958],[-83.62449,37.83941],[-83.62433,37.83922],[-83.62419,37.8389],[-83.62426,37.83872],[-83.62417,37.83849],[-83.62427,37.83823],[-83.62425,37.83776],[-83.62329,37.83671],[-83.6233,37.8365],[-83.62319,37.83617],[-83.6233,37.83601],[-83.62331,37.83581],[-83.62349,37.83582],[-83.62368,37.83574],[-83.62382,37.83574],[-83.62407,37.83585],[-83.62427,37.83605],[-83.62456,37.83592],[-83.62502,37.8361],[-83.62511,37.8361],[-83.62512,37.83603],[-83.62496,37.83566],[-83.62456,37.83517],[-83.62455,37.83493],[-83.62377,37.83453],[-83.62343,37.83344],[-83.62354,37.83325],[-83.62354,37.83301],[-83.62364,37.8328],[-83.62362,37.83252],[-83.62393,37.83209],[-83.62414,37.832],[-83.62434,37.83223],[-83.62464,37.83287],[-83.62522,37.83354],[-83.62536,37.83384],[-83.62563,37.834],[-83.62566,37.83377],[-83.62537,37.83289],[-83.62517,37.83192],[-83.625,37.83174],[-83.62495,37.83137],[-83.62475,37.83087],[-83.62484,37.83025],[-83.625,37.83006],[-83.62509,37.82981],[-83.6256,37.82978],[-83.62569,37.82955],[-83.62571,37.82933],[-83.62563,37.8288],[-83.62555,37.82861],[-83.62527,37.8284],[-83.62524,37.8283],[-83.62494,37.82818],[-83.62488,37.82807],[-83.62492,37.828],[-83.6249,37.82788],[-83.62445,37.82769],[-83.62414,37.82496],[-83.62418,37.82475],[-83.62429,37.82454],[-83.62465,37.82412],[-83.62573,37.82344],[-83.62588,37.82317],[-83.62593,37.82292],[-83.62593,37.82248],[-83.62608,37.82191],[-83.62594,37.82072],[-83.62599,37.82069],[-83.62596,37.8206],[-83.62625,37.82041],[-83.62602,37.82042],[-83.62569,37.82056],[-83.62528,37.82048],[-83.62494,37.82052],[-83.62501,37.82038],[-83.62499,37.82032],[-83.62573,37.82016],[-83.62561,37.81982],[-83.6254,37.81967],[-83.62496,37.8195],[-83.62405,37.81872],[-83.62399,37.81872],[-83.62358,37.81836],[-83.62323,37.81816],[-83.62298,37.81793],[-83.62259,37.81767],[-83.62255,37.81755],[-83.62257,37.8171],[-83.62237,37.81683],[-83.62246,37.81678],[-83.62239,37.81631],[-83.6226,37.81593],[-83.62277,37.81543],[-83.62264,37.81417],[-83.62235,37.81374],[-83.62199,37.8129],[-83.62154,37.81232],[-83.62153,37.81205],[-83.62143,37.81196],[-83.62134,37.81175],[-83.62115,37.81157],[-83.62106,37.81123],[-83.62085,37.81116],[-83.62063,37.81101],[-83.62046,37.81065],[-83.62026,37.81057],[-83.62034,37.81039],[-83.62039,37.81002],[-83.62048,37.8099],[-83.62047,37.80959],[-83.62052,37.80953],[-83.62098,37.80929],[-83.62134,37.80921],[-83.62148,37.80903],[-83.62166,37.80899],[-83.62172,37.80893],[-83.6216,37.80832],[-83.62149,37.80803],[-83.62126,37.80776],[-83.62184,37.80786],[-83.62209,37.80811],[-83.62249,37.80832],[-83.62332,37.8084],[-83.62396,37.80838],[-83.62424,37.80845],[-83.6244,37.8084],[-83.62477,37.8081],[-83.62536,37.8073],[-83.62543,37.80726],[-83.6256,37.80727],[-83.62594,37.80735],[-83.62618,37.80759],[-83.62638,37.80771],[-83.6261,37.80786],[-83.62607,37.80806],[-83.62601,37.80809],[-83.62614,37.80831],[-83.62619,37.80836],[-83.62639,37.80836],[-83.62691,37.80858],[-83.62705,37.80841],[-83.62711,37.8084],[-83.62726,37.80876],[-83.62729,37.80925],[-83.62743,37.80933],[-83.62777,37.80939],[-83.62866,37.80936],[-83.62889,37.8093],[-83.62903,37.80914],[-83.62928,37.80863],[-83.62961,37.80838],[-83.62962,37.80807],[-83.62982,37.80799],[-83.63005,37.80802],[-83.63063,37.80824],[-83.63099,37.80829],[-83.63305,37.80837],[-83.63376,37.80845],[-83.63437,37.80859],[-83.63464,37.80872],[-83.63473,37.80882],[-83.63476,37.80904],[-83.63465,37.80933],[-83.63463,37.80964],[-83.63447,37.80998],[-83.63448,37.81015],[-83.63457,37.8103],[-83.63474,37.8104],[-83.63494,37.81044],[-83.63525,37.81049],[-83.63578,37.81048],[-83.63598,37.81052],[-83.63612,37.81061],[-83.63622,37.81059],[-83.63653,37.81066],[-83.63734,37.81035],[-83.63775,37.81047],[-83.6389,37.81045],[-83.63935,37.81038],[-83.63973,37.81015],[-83.63992,37.80999],[-83.64001,37.80979],[-83.63998,37.80963],[-83.63985,37.80945],[-83.63983,37.8089],[-83.63973,37.80849],[-83.63976,37.80819],[-83.63991,37.80789],[-83.64017,37.80761],[-83.64027,37.80757],[-83.64067,37.80749],[-83.64078,37.80748],[-83.64081,37.80753],[-83.64121,37.80747],[-83.64185,37.80725],[-83.64231,37.80743],[-83.64263,37.80777],[-83.64301,37.80788],[-83.64359,37.80828],[-83.64367,37.80855],[-83.64367,37.80875],[-83.64352,37.80929],[-83.64366,37.80962],[-83.64396,37.80994],[-83.64426,37.81013],[-83.64453,37.81024],[-83.64481,37.81027],[-83.64485,37.81023],[-83.64521,37.81018],[-83.64542,37.81006],[-83.64568,37.80977],[-83.64641,37.80921],[-83.64668,37.80892],[-83.64688,37.8088],[-83.64704,37.80873],[-83.64808,37.80866],[-83.64839,37.80848],[-83.64959,37.80798],[-83.65005,37.80758],[-83.65046,37.80731],[-83.65074,37.80731],[-83.65122,37.80744],[-83.65225,37.80742],[-83.65366,37.80782],[-83.6544,37.80775],[-83.65483,37.80763],[-83.65546,37.80755],[-83.65591,37.80732],[-83.656,37.80719],[-83.65606,37.80686],[-83.65608,37.80632],[-83.65591,37.80598],[-83.65586,37.80576],[-83.65549,37.80548],[-83.65518,37.80517],[-83.65472,37.80504],[-83.65458,37.80493],[-83.65454,37.8048],[-83.6546,37.80444],[-83.65458,37.80414],[-83.65446,37.80396],[-83.65394,37.80363],[-83.6539,37.80353],[-83.6541,37.80324],[-83.65407,37.80284],[-83.65397,37.80266],[-83.65371,37.80256],[-83.65349,37.80237],[-83.65324,37.80202],[-83.65316,37.80153],[-83.65318,37.80123],[-83.65304,37.80087],[-83.65338,37.80058],[-83.6536,37.80026],[-83.65391,37.80009],[-83.6543,37.79967],[-83.65432,37.79946],[-83.65397,37.7986],[-83.654,37.79812],[-83.65428,37.79707],[-83.65447,37.79699],[-83.65469,37.79705],[-83.65515,37.79728],[-83.65506,37.79701],[-83.65488,37.7968],[-83.65509,37.79685],[-83.65521,37.79696],[-83.65516,37.79674],[-83.65505,37.79667],[-83.65496,37.79652],[-83.65518,37.79632],[-83.65541,37.79596],[-83.6556,37.79511],[-83.65554,37.7949],[-83.65533,37.79465],[-83.65536,37.79452],[-83.65523,37.79394],[-83.65509,37.79373],[-83.65488,37.79359],[-83.65486,37.79346],[-83.65496,37.79327],[-83.65495,37.79318],[-83.65524,37.79263],[-83.6555,37.79234],[-83.6557,37.79201],[-83.65569,37.79191],[-83.65576,37.79175],[-83.65625,37.79122],[-83.65629,37.79083],[-83.65638,37.79072],[-83.65647,37.79047],[-83.65674,37.7901],[-83.65696,37.78991],[-83.65707,37.78945],[-83.65704,37.78919],[-83.65693,37.78891],[-83.65754,37.78778],[-83.65754,37.7875],[-83.65786,37.78748],[-83.6584,37.78726],[-83.65877,37.78719],[-83.65939,37.78698],[-83.65974,37.78694],[-83.65999,37.78682],[-83.66001,37.78664],[-83.6601,37.78656],[-83.66014,37.78644],[-83.66021,37.78642],[-83.66026,37.78605],[-83.66037,37.78591],[-83.66047,37.78582],[-83.66077,37.78583],[-83.66109,37.78569],[-83.66122,37.78556],[-83.66122,37.78543],[-83.66134,37.78534],[-83.6616,37.7853],[-83.66202,37.78553],[-83.66309,37.78565],[-83.66408,37.78599],[-83.66434,37.7859],[-83.66481,37.78551],[-83.66571,37.78529],[-83.66574,37.78524],[-83.6658,37.78527],[-83.66605,37.78515],[-83.66645,37.78479],[-83.66645,37.78452],[-83.6666,37.78434],[-83.66682,37.78436],[-83.66717,37.78458],[-83.66812,37.78425],[-83.6683,37.78438],[-83.66883,37.78458],[-83.66908,37.78452],[-83.66943,37.78417],[-83.66972,37.78404],[-83.67003,37.78403],[-83.67026,37.78409],[-83.67037,37.78406],[-83.67044,37.7839],[-83.67055,37.7838],[-83.67055,37.78359],[-83.6707,37.78337],[-83.67089,37.78336],[-83.67109,37.78346],[-83.67131,37.78349],[-83.67151,37.78339],[-83.67158,37.78328],[-83.67176,37.7833],[-83.67232,37.78296],[-83.67284,37.78282],[-83.67303,37.78268],[-83.67321,37.78263],[-83.67315,37.78255],[-83.67319,37.78249],[-83.67339,37.78246],[-83.67348,37.78226],[-83.67362,37.78176],[-83.67372,37.78108],[-83.6738,37.78092],[-83.67408,37.78067],[-83.67426,37.7804],[-83.67447,37.78023],[-83.67519,37.77997],[-83.67593,37.77961],[-83.67588,37.77882],[-83.67601,37.77792],[-83.67626,37.77752],[-83.67698,37.77699],[-83.67721,37.77666],[-83.67719,37.77629],[-83.67692,37.77595],[-83.67641,37.77561],[-83.67633,37.77486],[-83.67641,37.77438],[-83.67655,37.77428],[-83.67681,37.77425],[-83.67734,37.7744],[-83.67754,37.77426],[-83.67768,37.77384],[-83.67809,37.77315],[-83.67817,37.77306],[-83.67826,37.77307],[-83.6783,37.77316],[-83.67828,37.77329],[-83.67804,37.77414],[-83.67804,37.77439],[-83.67811,37.77464],[-83.67836,37.77489],[-83.67864,37.77499],[-83.67934,37.77504],[-83.67936,37.77493],[-83.67931,37.77488],[-83.67944,37.77453],[-83.67945,37.77422],[-83.67952,37.77396],[-83.6796,37.77383],[-83.67981,37.77366],[-83.68001,37.77357],[-83.68029,37.77355],[-83.68044,37.77364],[-83.68069,37.77404],[-83.68079,37.7741],[-83.6811,37.77411],[-83.68119,37.77405],[-83.68135,37.77361],[-83.68143,37.77319],[-83.68146,37.77264],[-83.68154,37.77236],[-83.68186,37.77204],[-83.68265,37.77177],[-83.68322,37.77123],[-83.68345,37.77115],[-83.68441,37.77156],[-83.6854,37.77129],[-83.68577,37.77054],[-83.68589,37.76933],[-83.68607,37.76877],[-83.68669,37.76848],[-83.68708,37.768],[-83.68741,37.76729],[-83.68739,37.76683],[-83.68763,37.76621],[-83.68844,37.76578],[-83.68877,37.76539],[-83.68892,37.76501],[-83.68885,37.76462],[-83.68897,37.76426],[-83.68935,37.76404],[-83.68977,37.76368],[-83.69033,37.76346],[-83.69116,37.76369],[-83.69199,37.7638],[-83.69266,37.7633],[-83.69317,37.76333],[-83.69388,37.7635],[-83.69425,37.76326],[-83.69437,37.76261],[-83.69438,37.76207],[-83.69465,37.76166],[-83.69554,37.76107],[-83.69645,37.76093],[-83.69685,37.76098],[-83.69819,37.76145],[-83.69884,37.76111],[-83.69967,37.76041]]}},{"type":"Feature","properties":{"NAME":"Sheltowee Connector","MANAGER":"US Forest Service","PLACE":"Daniel Boone National Forest","URL":"https://www.fs.usda.gov/r08/danielboone"},"geometry":{"type":"LineString","coordinates":[[-83.62475,37.82784],[-83.62484,37.82745],[-83.62485,37.82689],[-83.62495,37.82668],[-83.62492,37.82655],[-83.62502,37.82591],[-83.62502,37.82526],[-83.62516,37.82479],[-83.62558,37.82425],[-83.62587,37.82409],[-83.62609,37.82408],[-83.62681,37.82355],[-83.62693,37.82339],[-83.62718,37.82333],[-83.62739,37.82314],[-83.62763,37.82303],[-83.62803,37.82294]]}},{"type":"Feature","properties":{"NAME":"Sheltowee Trace","MANAGER":"US Forest Service","PLACE":"Daniel Boone National Forest","URL":"https://www.fs.usda.gov/r08/danielboone"},"geometry":{"type":"LineString","coordinates":[[-83.58532,37.91978],[-83.58526,37.91939],[-83.58504,37.91915],[-83.58437,37.91891],[-83.58412,37.91877],[-83.58404,37.91834],[-83.5846,37.91738],[-83.58468,37.91693],[-83.58528,37.91624],[-83.58568,37.91442],[-83.58595,37.91411],[-83.58628,37.91403],[-83.58746,37.9142],[-83.58857,37.91391],[-83.58894,37.91397],[-83.5899,37.91433],[-83.59044,37.91436],[-83.59087,37.91425],[-83.59121,37.91406],[-83.59279,37.91291],[-83.59299,37.91272],[-83.59315,37.91252],[-83.59322,37.9123],[-83.59321,37.91183],[-83.59326,37.91162],[-83.59334,37.91145],[-83.59361,37.91122],[-83.59463,37.91075],[-83.59519,37.91036],[-83.59545,37.91024],[-83.59575,37.91017],[-83.59734,37.91042],[-83.59768,37.9104],[-83.59809,37.91027],[-83.59836,37.91001],[-83.59851,37.90915],[-83.59896,37.90873],[-83.59972,37.90816],[-83.60147,37.90724],[-83.60171,37.90704],[-83.60188,37.90682],[-83.60193,37.90659],[-83.60174,37.90536],[-83.60172,37.90495],[-83.60183,37.90465],[-83.60213,37.90414],[-83.60217,37.9039],[-83.60185,37.90201],[-83.60159,37.90147],[-83.60148,37.90097],[-83.60168,37.90063],[-83.60255,37.90019],[-83.60281,37.89991],[-83.60278,37.89901],[-83.60287,37.89879],[-83.60332,37.89827],[-83.6037,37.89762],[-83.60456,37.89692],[-83.60471,37.89675],[-83.60484,37.8965],[-83.60487,37.89624],[-83.60466,37.89583],[-83.60393,37.89534],[-83.60376,37.89506],[-83.60372,37.8949],[-83.60232,37.89517],[-83.60209,37.89517],[-83.6018,37.89509],[-83.60156,37.89484],[-83.60129,37.89397],[-83.60091,37.89321],[-83.60077,37.89302],[-83.60007,37.89241],[-83.59945,37.89204],[-83.59893,37.89155],[-83.59838,37.89121],[-83.59792,37.89111],[-83.59759,37.89112],[-83.59701,37.89125],[-83.59665,37.89116],[-83.59618,37.89077],[-83.59463,37.88893],[-83.59414,37.88873],[-83.59378,37.88871],[-83.59351,37.88861],[-83.59343,37.88838],[-83.59346,37.88829],[-83.5938,37.8879],[-83.59382,37.88738],[-83.59378,37.8872],[-83.59337,37.88664],[-83.59335,37.88642],[-83.59339,37.88631],[-83.59357,37.88633],[-83.5937,37.88629],[-83.59436,37.88598],[-83.59461,37.88555],[-83.59465,37.88505],[-83.59456,37.88473],[-83.59441,37.88447],[-83.5943,37.88439],[-83.59397,37.88392],[-83.5936,37.88354],[-83.59336,37.88317],[-83.59329,37.88238],[-83.59334,37.88159]]}},{"type":"Feature","properties":{"NAME":"Sheltowee Trace","MANAGER":"US Forest Service","PLACE":"Daniel Boone National Forest","URL":"https://www.fs.usda.gov/r08/danielboone"},"geometry":{"type":"LineString","coordinates":[[-83.48979,38.1322],[-83.49067,38.13145],[-83.49084,38.13124],[-83.49101,38.13061],[-83.49095,38.13024],[-83.49084,38.13],[-83.49055,38.12957],[-83.48999,38.12903],[-83.48994,38.12875],[-83.49,38.12844],[-83.49011,38.12819],[-83.49024,38.12804],[-83.49105,38.1276],[-83.49173,38.1273],[-83.49208,38.1272],[-83.49253,38.12693],[-83.49271,38.12672],[-83.49279,38.1266],[-83.49289,38.12617],[-83.49279,38.12591],[-83.4924,38.12549],[-83.49235,38.12522],[-83.49241,38.12491],[-83.49259,38.12467],[-83.49305,38.12444],[-83.49372,38.12426],[-83.49427,38.12396],[-83.49442,38.12382],[-83.49489,38.12365],[-83.4962,38.12363],[-83.49805,38.12341],[-83.4987,38.12328],[-83.49881,38.12321],[-83.49898,38.12296],[-83.4992,38.1228],[-83.50006,38.12239],[-83.5007,38.12216],[-83.50135,38.12157],[-83.50213,38.12116],[-83.50276,38.12097],[-83.50304,38.12096],[-83.50345,38.12108],[-83.50404,38.12143],[-83.50482,38.12176],[-83.50528,38.12177],[-83.50597,38.12161],[-83.50624,38.12161],[-83.50654,38.12167],[-83.50708,38.12191],[-83.50722,38.12206],[-83.50751,38.12274],[-83.50759,38.12329],[-83.50747,38.12388],[-83.50751,38.12397],[-83.50762,38.12397],[-83.50788,38.12385],[-83.50811,38.12383],[-83.50849,38.12413],[-83.5086,38.12413],[-83.5087,38.12403],[-83.50878,38.12356],[-83.50893,38.12336],[-83.50932,38.12307],[-83.50977,38.12302],[-83.51053,38.12325],[-83.51092,38.12353],[-83.51173,38.1238],[-83.5122,38.12439],[-83.51238,38.12451],[-83.51306,38.12447],[-83.5137,38.12436],[-83.51468,38.12443],[-83.51522,38.12488],[-83.51579,38.12546],[-83.51585,38.12582],[-83.51579,38.12638],[-83.51585,38.12651],[-83.51622,38.12692],[-83.51668,38.12707],[-83.51839,38.12673],[-83.51859,38.12656],[-83.51865,38.12642],[-83.51876,38.12633],[-83.51902,38.12628],[-83.5194,38.12611],[-83.51985,38.12607],[-83.52026,38.12613],[-83.5208,38.126],[-83.52091,38.12587],[-83.52132,38.12498],[-83.52175,38.12446],[-83.52219,38.12415],[-83.52244,38.12404],[-83.52281,38.12397],[-83.52321,38.12368],[-83.52338,38.12361],[-83.52384,38.1236],[-83.52451,38.1237],[-83.52498,38.12383],[-83.5252,38.12381],[-83.52556,38.12387],[-83.52593,38.12383],[-83.52704,38.12384],[-83.52758,38.12402],[-83.52781,38.12397],[-83.52803,38.12382],[-83.52819,38.12361],[-83.52986,38.12362],[-83.53009,38.12297],[-83.5304,38.12265],[-83.53248,38.12153],[-83.53264,38.12141],[-83.53288,38.12103],[-83.53295,38.12077],[-83.5336,38.11441],[-83.5337,38.1139],[-83.53333,38.11376],[-83.53311,38.11362],[-83.53293,38.11335],[-83.53297,38.11277],[-83.53277,38.11217],[-83.53269,38.11168],[-83.53239,38.1113],[-83.53229,38.11081],[-83.53241,38.11045],[-83.53267,38.11056],[-83.53285,38.11057],[-83.53373,38.11035],[-83.53397,38.11009],[-83.53404,38.10989],[-83.53454,38.10956],[-83.53461,38.10911],[-83.53471,38.10882],[-83.53467,38.10836],[-83.53473,38.10795],[-83.53496,38.10733],[-83.53511,38.1073],[-83.53534,38.1075],[-83.53557,38.10797],[-83.53563,38.10848],[-83.5358,38.10867],[-83.53603,38.10873],[-83.53644,38.10868],[-83.53716,38.10875],[-83.53732,38.10889],[-83.53767,38.10894],[-83.53869,38.10856],[-83.53916,38.10853],[-83.54008,38.10826],[-83.54034,38.10801],[-83.54052,38.10794],[-83.54206,38.10807],[-83.54305,38.10792],[-83.54388,38.10773],[-83.54474,38.10739],[-83.54501,38.10736],[-83.54515,38.10709],[-83.54539,38.10695],[-83.54592,38.10681],[-83.54653,38.10693],[-83.54779,38.10649],[-83.54818,38.10643],[-83.54825,38.1064],[-83.54838,38.10617],[-83.5489,38.10568],[-83.54908,38.10543],[-83.54947,38.10518],[-83.5497,38.10531],[-83.54983,38.10551],[-83.54991,38.10575],[-83.55006,38.10588],[-83.55049,38.10596],[-83.55073,38.10587],[-83.55084,38.10573],[-83.55086,38.10541],[-83.55122,38.10516],[-83.55147,38.10492],[-83.55172,38.10453],[-83.55169,38.10383],[-83.55148,38.10337],[-83.55154,38.10318],[-83.55114,38.10304],[-83.55087,38.103],[-83.55002,38.10315],[-83.54933,38.10312],[-83.54899,38.10298],[-83.54869,38.10271],[-83.54853,38.10231],[-83.54845,38.10196],[-83.54861,38.10166],[-83.5488,38.10149],[-83.54895,38.10146],[-83.54996,38.10162],[-83.55004,38.10157],[-83.55023,38.10129],[-83.55031,38.10128],[-83.55091,38.10188],[-83.55119,38.10196],[-83.55134,38.10193],[-83.55186,38.10155],[-83.552,38.10158],[-83.55218,38.10176],[-83.55273,38.10195],[-83.55437,38.10168],[-83.55541,38.10177],[-83.55622,38.10173],[-83.55648,38.10192],[-83.55672,38.10201],[-83.55722,38.10195],[-83.55757,38.10202],[-83.55809,38.10193],[-83.55876,38.10232],[-83.55893,38.10276],[-83.55937,38.10299],[-83.55974,38.10309],[-83.55995,38.10304],[-83.56019,38.10282],[-83.56054,38.10216],[-83.56072,38.10171],[-83.56101,38.10124],[-83.56116,38.10112],[-83.56123,38.10113],[-83.56132,38.10126],[-83.56142,38.10186],[-83.56154,38.10208],[-83.56169,38.10216],[-83.56178,38.10231],[-83.562,38.10235],[-83.56234,38.10265],[-83.56284,38.10265],[-83.56295,38.10284],[-83.56318,38.10296],[-83.56332,38.10311],[-83.56371,38.10309],[-83.56412,38.1028],[-83.56456,38.10192],[-83.56495,38.10159],[-83.56528,38.10155],[-83.5658,38.10183],[-83.56602,38.10211],[-83.56606,38.10228],[-83.56639,38.10189],[-83.56679,38.10184],[-83.56699,38.10157],[-83.56656,38.1013],[-83.56638,38.10113],[-83.56585,38.10024],[-83.56559,38.09993],[-83.56532,38.09949],[-83.56525,38.09905],[-83.56521,38.09816],[-83.56524,38.0979],[-83.56535,38.09786],[-83.56581,38.09793],[-83.56661,38.09763],[-83.56695,38.09744],[-83.5675,38.09742],[-83.56777,38.09758],[-83.56809,38.09764],[-83.56826,38.09772],[-83.56846,38.098],[-83.56869,38.09819],[-83.56893,38.09818],[-83.56938,38.09801],[-83.56968,38.09755],[-83.56971,38.09736],[-83.56967,38.09694],[-83.56951,38.09656],[-83.56913,38.09629],[-83.56906,38.0961],[-83.56965,38.09515],[-83.56994,38.09504],[-83.57014,38.09504],[-83.57034,38.0949],[-83.57061,38.09487],[-83.57077,38.09465],[-83.57075,38.09443],[-83.56998,38.09422],[-83.56901,38.09346],[-83.56858,38.09305],[-83.56852,38.09295],[-83.56847,38.09245],[-83.56852,38.09162],[-83.56839,38.09135],[-83.56836,38.09087],[-83.5681,38.09078],[-83.5679,38.09062],[-83.56778,38.09062],[-83.56747,38.0909],[-83.56718,38.09146],[-83.5669,38.09181],[-83.5665,38.0922],[-83.5658,38.09262],[-83.5654,38.09269],[-83.56484,38.09257],[-83.56445,38.09256],[-83.56418,38.09247],[-83.56378,38.0925],[-83.56349,38.09247],[-83.56304,38.09228],[-83.56268,38.09219],[-83.56169,38.09169],[-83.56043,38.09142],[-83.55995,38.09139],[-83.55985,38.0913],[-83.55997,38.09117],[-83.5603,38.09104],[-83.56053,38.09102],[-83.56125,38.0911],[-83.56166,38.09099],[-83.56173,38.09091],[-83.56185,38.09056],[-83.56194,38.0905],[-83.56213,38.09049],[-83.56216,38.09024],[-83.56227,38.08996],[-83.56269,38.08973],[-83.56283,38.0895],[-83.56318,38.08938],[-83.56347,38.08877],[-83.56341,38.08856],[-83.56306,38.08832],[-83.56286,38.08793],[-83.56244,38.08812],[-83.56214,38.08811],[-83.56176,38.08784],[-83.5615,38.08776],[-83.56131,38.08763],[-83.56177,38.08718],[-83.56193,38.08696],[-83.56218,38.08681],[-83.56225,38.08644],[-83.56242,38.08621],[-83.56335,38.08565],[-83.5637,38.08528],[-83.56376,38.08515],[-83.56375,38.08487],[-83.5636,38.08453],[-83.56363,38.08424],[-83.56374,38.08401],[-83.5642,38.08368],[-83.5641,38.08362],[-83.56373,38.08363],[-83.56339,38.08353],[-83.56244,38.0829],[-83.56227,38.08254],[-83.56224,38.08219],[-83.56235,38.08135],[-83.56247,38.08124],[-83.56312,38.08092],[-83.56319,38.08077],[-83.56341,38.08059],[-83.56362,38.08025],[-83.56372,38.07988],[-83.56365,38.07949],[-83.5635,38.07922],[-83.5631,38.07883],[-83.56299,38.07838],[-83.56374,38.07766],[-83.56442,38.07712],[-83.56466,38.07663],[-83.56481,38.07644],[-83.56488,38.07611],[-83.56507,38.0756],[-83.56544,38.07528],[-83.56634,38.075],[-83.56683,38.07472],[-83.56816,38.07439],[-83.56843,38.07439],[-83.56882,38.07431],[-83.56922,38.07416],[-83.56964,38.07394],[-83.56985,38.07357],[-83.57052,38.07269],[-83.5708,38.0724],[-83.57107,38.07226],[-83.57156,38.07188],[-83.57183,38.07175],[-83.57243,38.0717],[-83.57274,38.07172],[-83.57325,38.07157],[-83.57357,38.07138],[-83.57368,38.0709],[-83.57389,38.07065],[-83.57403,38.07031],[-83.57426,38.0695],[-83.57477,38.06891],[-83.57496,38.06854],[-83.57525,38.06818],[-83.57539,38.06778],[-83.57555,38.06757],[-83.57627,38.06692],[-83.57686,38.06658],[-83.57731,38.06656],[-83.57822,38.06597],[-83.57878,38.06604],[-83.57938,38.06631],[-83.57991,38.06643],[-83.58033,38.06663],[-83.58069,38.06668],[-83.58062,38.06627],[-83.5805,38.06603],[-83.58051,38.0659],[-83.58042,38.06563],[-83.58061,38.06519],[-83.58036,38.06485],[-83.58028,38.06434],[-83.58,38.06408],[-83.57995,38.06398],[-83.57983,38.06342],[-83.57985,38.06326],[-83.58014,38.06277],[-83.57994,38.06212],[-83.58,38.06171],[-83.57997,38.06159],[-83.58002,38.06151],[-83.57998,38.06116],[-83.58001,38.06106],[-83.58021,38.06086],[-83.58026,38.06075],[-83.57977,38.06075],[-83.57924,38.06054],[-83.57881,38.06023],[-83.57864,38.05986],[-83.57848,38.05967],[-83.57791,38.05927],[-83.57808,38.05837],[-83.57801,38.05812],[-83.57776,38.05793],[-83.57804,38.05791],[-83.57834,38.05805],[-83.5784,38.0579],[-83.57826,38.05757],[-83.57873,38.05725],[-83.57897,38.05676],[-83.57948,38.056],[-83.57966,38.05583],[-83.57995,38.05567],[-83.58055,38.05507],[-83.58066,38.05488],[-83.58065,38.05473],[-83.5807,38.0546],[-83.58091,38.05432],[-83.58105,38.054],[-83.58125,38.05375],[-83.58129,38.05352],[-83.58148,38.05321],[-83.58158,38.05284],[-83.58232,38.05187],[-83.58253,38.05147],[-83.58272,38.05128],[-83.58297,38.0509],[-83.5833,38.05034],[-83.58343,38.04985],[-83.58353,38.04967],[-83.58411,38.04921],[-83.58479,38.04885],[-83.58502,38.04866],[-83.58531,38.04854],[-83.58557,38.04848],[-83.58573,38.0485],[-83.58637,38.04869],[-83.58665,38.04885],[-83.58676,38.04913],[-83.58728,38.04945],[-83.58754,38.0497],[-83.58777,38.04981],[-83.5878,38.05001],[-83.58804,38.05062],[-83.58841,38.05066],[-83.58869,38.05086],[-83.58947,38.05188],[-83.58954,38.05221],[-83.58963,38.05238],[-83.58999,38.05279],[-83.59063,38.0533],[-83.5908,38.05333],[-83.5914,38.05322],[-83.59154,38.05324],[-83.59223,38.05357],[-83.59263,38.05351],[-83.59275,38.05339],[-83.59268,38.05294],[-83.59262,38.05285],[-83.59225,38.05279],[-83.59175,38.0524],[-83.59172,38.05217],[-83.59191,38.05193],[-83.59196,38.05178],[-83.5916,38.05119],[-83.59181,38.05104],[-83.59266,38.05068],[-83.59272,38.05062],[-83.5927,38.05055],[-83.59264,38.05048],[-83.59221,38.05034],[-83.5919,38.05012],[-83.59105,38.04978],[-83.59058,38.04948],[-83.59012,38.04932],[-83.59,38.04917],[-83.59012,38.04862],[-83.5902,38.04848],[-83.59029,38.04846],[-83.59086,38.04874],[-83.59089,38.0487],[-83.59078,38.04846],[-83.59101,38.04855],[-83.59124,38.04842],[-83.59131,38.04843],[-83.59141,38.04858],[-83.59156,38.04865],[-83.5916,38.04862],[-83.59154,38.04844],[-83.59133,38.04821],[-83.59138,38.04804],[-83.59129,38.04786],[-83.59124,38.04753],[-83.5908,38.04741],[-83.59088,38.04736],[-83.59127,38.0474],[-83.59156,38.04761],[-83.59187,38.04795],[-83.59236,38.0481],[-83.59272,38.04852],[-83.59284,38.04852],[-83.59333,38.04816],[-83.59364,38.04806],[-83.5938,38.04776],[-83.59411,38.0475],[-83.59413,38.04703],[-83.59407,38.04707],[-83.59394,38.04736],[-83.59339,38.04762],[-83.59334,38.04756],[-83.59353,38.04735],[-83.59383,38.04669],[-83.5941,38.0464],[-83.59432,38.04606],[-83.59465,38.0459],[-83.59563,38.04568],[-83.59584,38.0455],[-83.5959,38.04531],[-83.59591,38.04491],[-83.59606,38.04454],[-83.59611,38.04418],[-83.5964,38.0433],[-83.59656,38.04257],[-83.59671,38.0423],[-83.59663,38.04177],[-83.59633,38.04142],[-83.59625,38.04119],[-83.59602,38.04094],[-83.596,38.04075],[-83.5959,38.04062],[-83.59535,38.04032],[-83.5951,38.04008],[-83.59437,38.03964],[-83.59377,38.03955],[-83.59332,38.03954],[-83.59325,38.03948],[-83.59346,38.03935],[-83.59442,38.03913],[-83.59557,38.03929],[-83.59636,38.03919],[-83.59672,38.0391],[-83.59694,38.03895],[-83.59718,38.03863],[-83.59737,38.0385],[-83.5977,38.03833],[-83.59904,38.03783],[-83.59891,38.03747],[-83.59865,38.03713],[-83.59868,38.03697],[-83.59903,38.03656],[-83.59946,38.0365],[-83.5995,38.03641],[-83.59943,38.03619],[-83.59938,38.03555],[-83.5993,38.03537],[-83.59896,38.03498],[-83.59888,38.03475],[-83.59872,38.03459],[-83.59873,38.03418],[-83.59885,38.034],[-83.59907,38.03396],[-83.60004,38.03353],[-83.60018,38.0334],[-83.60032,38.03314],[-83.60055,38.03291],[-83.60056,38.03249],[-83.60026,38.03222],[-83.60021,38.03206],[-83.59988,38.03157],[-83.6,38.03126],[-83.60034,38.03102],[-83.6004,38.0309],[-83.60029,38.03043],[-83.60034,38.02984],[-83.60025,38.02955],[-83.60014,38.02941],[-83.59966,38.02915],[-83.5988,38.02889],[-83.59803,38.029],[-83.59795,38.02897],[-83.59794,38.02891],[-83.598,38.02885],[-83.59824,38.02882],[-83.59837,38.02859],[-83.59823,38.02798],[-83.5979,38.02747],[-83.59779,38.02697],[-83.59787,38.0263],[-83.59799,38.02605],[-83.59793,38.02596],[-83.59761,38.02579],[-83.59752,38.02566],[-83.5977,38.02561],[-83.59818,38.02564],[-83.59857,38.02561],[-83.59885,38.02549],[-83.59954,38.02495],[-83.59984,38.02485],[-83.60012,38.02482],[-83.60079,38.02483],[-83.60135,38.02535],[-83.60162,38.02545],[-83.6019,38.02546],[-83.60217,38.02528],[-83.60236,38.02497],[-83.60242,38.02466],[-83.60243,38.02416],[-83.60236,38.02397],[-83.6023,38.02346],[-83.60242,38.02315],[-83.60236,38.02295],[-83.60198,38.02269],[-83.60193,38.02249],[-83.60198,38.02244],[-83.60233,38.02236],[-83.60254,38.02223],[-83.60284,38.02219],[-83.60298,38.02207],[-83.60305,38.0219],[-83.60325,38.02175],[-83.60366,38.02154],[-83.60412,38.02138],[-83.60423,38.02127],[-83.60437,38.02126],[-83.60464,38.02078],[-83.60469,38.02053],[-83.60464,38.02017],[-83.60444,38.01975],[-83.60451,38.0194],[-83.60589,38.01832],[-83.60605,38.01811],[-83.60609,38.01792],[-83.60601,38.01775],[-83.60533,38.01733],[-83.60512,38.01726],[-83.60486,38.01702],[-83.60483,38.01689],[-83.60489,38.01656],[-83.605,38.01634],[-83.60544,38.01619],[-83.60586,38.01633],[-83.60622,38.01636],[-83.60659,38.01622],[-83.60683,38.01594],[-83.6068,38.01558],[-83.60665,38.01507],[-83.60688,38.01478],[-83.60691,38.01464],[-83.6066,38.01439],[-83.60633,38.01431],[-83.60601,38.01413],[-83.60589,38.0139],[-83.60589,38.01373],[-83.60602,38.0133],[-83.60622,38.0131],[-83.60645,38.01276],[-83.60653,38.01268],[-83.60669,38.01263],[-83.60692,38.01219],[-83.60734,38.01165],[-83.60742,38.01112],[-83.60739,38.01099],[-83.60734,38.01096],[-83.60681,38.01115],[-83.60672,38.0111],[-83.6067,38.01098],[-83.60693,38.01085],[-83.60709,38.01083],[-83.60735,38.01066],[-83.60752,38.01064],[-83.60764,38.01075],[-83.60772,38.01059],[-83.60757,38.01035],[-83.60733,38.01012],[-83.60726,38.00991],[-83.60728,38.00974],[-83.60754,38.00936],[-83.60784,38.00904],[-83.60801,38.00869],[-83.60818,38.00847],[-83.60848,38.00817],[-83.6091,38.00772],[-83.60924,38.00748],[-83.60921,38.00708],[-83.60902,38.00671],[-83.60858,38.00657],[-83.60803,38.00673],[-83.60748,38.00675],[-83.60717,38.00631],[-83.60713,38.00613],[-83.60718,38.0061],[-83.60746,38.00622],[-83.60775,38.00619],[-83.60787,38.00611],[-83.60802,38.00589],[-83.60848,38.00579],[-83.60871,38.00557],[-83.60854,38.0054],[-83.60851,38.00527],[-83.60864,38.00484],[-83.60913,38.0041],[-83.60918,38.00391],[-83.60917,38.00375],[-83.60906,38.00351],[-83.60904,38.0027],[-83.60897,38.00243],[-83.6092,38.00213],[-83.60941,38.00149],[-83.60945,38.00122],[-83.60963,38.00096],[-83.61061,38.00112],[-83.61116,38.0014],[-83.61186,38.00149],[-83.61265,38.00152],[-83.61323,38.00122],[-83.61334,38.00073],[-83.61327,38.00039],[-83.61333,38.00016],[-83.61326,38.00001],[-83.61319,37.99998],[-83.61278,38.00025],[-83.6125,38.00021],[-83.61243,38.00012],[-83.61244,38.00004],[-83.61267,37.99967],[-83.61279,37.99956],[-83.61281,37.99947],[-83.6122,37.99929],[-83.61206,37.99929],[-83.61201,37.99912],[-83.61207,37.99902],[-83.61221,37.99893],[-83.61241,37.9989],[-83.61262,37.99879],[-83.61277,37.99851],[-83.61292,37.99839],[-83.61367,37.99828],[-83.61426,37.9981],[-83.61438,37.99803],[-83.61458,37.99774],[-83.61447,37.99725],[-83.61407,37.99694],[-83.61403,37.99684],[-83.61414,37.99669],[-83.61429,37.9966],[-83.6145,37.99627],[-83.61477,37.99599],[-83.61479,37.9959],[-83.6145,37.99567],[-83.61438,37.99538],[-83.61396,37.99474],[-83.614,37.99449],[-83.6144,37.99399],[-83.61439,37.99349],[-83.6147,37.99278],[-83.61508,37.99253],[-83.61518,37.9924],[-83.61521,37.99223],[-83.61518,37.99209],[-83.61527,37.9917],[-83.61502,37.99116],[-83.61484,37.99099],[-83.61469,37.99069],[-83.61427,37.99022],[-83.61412,37.9901],[-83.61344,37.98978],[-83.61329,37.98963],[-83.61316,37.98932],[-83.61287,37.98909],[-83.61272,37.9888],[-83.61269,37.98841],[-83.61247,37.988],[-83.61239,37.98772],[-83.61222,37.98763],[-83.61164,37.98751],[-83.61143,37.98737],[-83.61119,37.98711],[-83.61083,37.98704],[-83.61041,37.98677],[-83.6099,37.98656],[-83.60918,37.9864],[-83.60858,37.98616],[-83.60738,37.98609],[-83.6069,37.98589],[-83.60657,37.98585],[-83.6064,37.98592],[-83.60607,37.98627],[-83.60547,37.98669],[-83.60491,37.98695],[-83.60454,37.98698],[-83.60415,37.98711],[-83.60378,37.98704],[-83.60312,37.98672],[-83.60212,37.98662],[-83.60177,37.98668],[-83.60143,37.98662],[-83.60076,37.98624],[-83.60078,37.98539],[-83.60076,37.9852],[-83.60062,37.98481],[-83.60065,37.98451],[-83.60016,37.9841],[-83.60012,37.98389],[-83.60048,37.98273],[-83.60038,37.98236],[-83.60037,37.98215],[-83.60043,37.98193],[-83.60056,37.98161],[-83.60108,37.98098],[-83.601,37.98028],[-83.59972,37.97927],[-83.59952,37.97904],[-83.59943,37.97883],[-83.59941,37.97859],[-83.5995,37.97821],[-83.60013,37.97768],[-83.60009,37.97744],[-83.59997,37.97726],[-83.5998,37.97717],[-83.59955,37.97714],[-83.59881,37.97746],[-83.5985,37.97744],[-83.59829,37.97733],[-83.59806,37.97699],[-83.59786,37.97679],[-83.5979,37.97666],[-83.59817,37.97644],[-83.59845,37.97598],[-83.59888,37.9756],[-83.59889,37.97537],[-83.59868,37.97531],[-83.59868,37.97527],[-83.59935,37.97513],[-83.59933,37.97502],[-83.59845,37.97482],[-83.59617,37.97507],[-83.59383,37.97553],[-83.59322,37.97577],[-83.5926,37.97618],[-83.59207,37.97625],[-83.58897,37.97615],[-83.58787,37.97605],[-83.58713,37.97568],[-83.58657,37.97528],[-83.58638,37.97499],[-83.58616,37.97437],[-83.58609,37.97376],[-83.58589,37.97329],[-83.5852,37.97242],[-83.58451,37.97205],[-83.58386,37.97179],[-83.58339,37.97168],[-83.58219,37.97163],[-83.58043,37.97103],[-83.57995,37.97096],[-83.57919,37.97102],[-83.57797,37.97089],[-83.57713,37.97086],[-83.57705,37.97033],[-83.57683,37.96959],[-83.5768,37.96928],[-83.57652,37.96894],[-83.57651,37.96881],[-83.57659,37.96859],[-83.57673,37.96841],[-83.57671,37.96788],[-83.57648,37.96666],[-83.57655,37.9663],[-83.57673,37.96583],[-83.57751,37.96431],[-83.57762,37.96348],[-83.57777,37.963],[-83.57768,37.96269],[-83.57728,37.96209],[-83.57718,37.96184],[-83.57698,37.96099],[-83.57701,37.96051],[-83.57723,37.95968],[-83.57784,37.95837],[-83.57841,37.95787],[-83.57884,37.95764],[-83.57917,37.95729],[-83.57953,37.95703],[-83.58025,37.95672],[-83.58042,37.9566],[-83.58129,37.95573],[-83.58222,37.95496],[-83.58261,37.95434],[-83.58272,37.95405],[-83.583,37.95267],[-83.58324,37.95233],[-83.58326,37.95209],[-83.58321,37.9518],[-83.58325,37.95156],[-83.58339,37.95127],[-83.58351,37.95047],[-83.58373,37.95021],[-83.58423,37.94985],[-83.58523,37.94947],[-83.58545,37.94929],[-83.58572,37.94884],[-83.58563,37.94731],[-83.58577,37.9464],[-83.58564,37.94521],[-83.58543,37.94438],[-83.58528,37.94406],[-83.5849,37.9435],[-83.58423,37.94269],[-83.5841,37.94247],[-83.58413,37.94231],[-83.58449,37.94175],[-83.58451,37.94121],[-83.58465,37.94079],[-83.58466,37.94025],[-83.5846,37.94003],[-83.58429,37.93973],[-83.58353,37.9393],[-83.58302,37.93891],[-83.58251,37.93869],[-83.58234,37.93847],[-83.58201,37.93773],[-83.58217,37.93672],[-83.58196,37.93578],[-83.58178,37.93542],[-83.5812,37.93477],[-83.58135,37.93423],[-83.58137,37.93385],[-83.58145,37.93355],[-83.58145,37.93312],[-83.58138,37.93288],[-83.58118,37.93259],[-83.58115,37.93227],[-83.58078,37.93192],[-83.58022,37.93165],[-83.58003,37.93151],[-83.57989,37.92999],[-83.5798,37.92966],[-83.57939,37.92922],[-83.57914,37.92877],[-83.57862,37.92811],[-83.57857,37.92798],[-83.57853,37.92726],[-83.57844,37.92711],[-83.57825,37.92691],[-83.57804,37.92678],[-83.57679,37.92618],[-83.57688,37.9255],[-83.57715,37.92513],[-83.57841,37.92419],[-83.57899,37.92346],[-83.57943,37.92258],[-83.57961,37.92196],[-83.58001,37.92147],[-83.58093,37.92075],[-83.58237,37.91973],[-83.58409,37.921],[-83.58447,37.92143],[-83.58468,37.92175],[-83.58507,37.92261],[-83.58536,37.92303],[-83.58564,37.92322],[-83.58591,37.92327],[-83.58668,37.92312],[-83.58677,37.92297],[-83.58679,37.92276],[-83.58643,37.92244],[-83.5861,37.92232],[-83.58571,37.92181],[-83.58511,37.92069],[-83.58511,37.92037],[-83.58532,37.91978]]}},{"type":"Feature","properties":{"NAME":"Sheltowee Trace","MANAGER":"US Forest Service","PLACE":"Daniel Boone National Forest","URL":"https://www.fs.usda.gov/r08/danielboone"},"geometry":{"type":"LineString","coordinates":[[-83.50336,38.15008],[-83.5028,38.15061],[-83.50158,38.1514],[-83.49902,38.15298],[-83.49837,38.15328],[-83.49635,38.1537],[-83.49508,38.15384],[-83.4948,38.15381],[-83.4945,38.15371],[-83.49139,38.15191],[-83.4905,38.15152],[-83.49006,38.1514],[-83.48641,38.15083],[-83.4852,38.15059],[-83.48493,38.1505],[-83.48327,38.14969],[-83.48362,38.14908],[-83.48401,38.14802],[-83.4844,38.14762],[-83.48443,38.14747],[-83.4843,38.14727],[-83.48431,38.14722],[-83.48444,38.14711],[-83.48464,38.14703],[-83.48524,38.14692],[-83.48556,38.14651],[-83.48566,38.14621],[-83.48569,38.14522],[-83.48592,38.14456],[-83.48608,38.14437],[-83.48621,38.14441],[-83.48642,38.14469],[-83.48659,38.14478],[-83.48761,38.14479],[-83.48802,38.1449],[-83.48846,38.14487],[-83.48871,38.1448],[-83.4888,38.14493],[-83.4888,38.14529],[-83.48887,38.14533],[-83.48947,38.14514],[-83.48993,38.14528],[-83.49185,38.14518],[-83.49224,38.14508],[-83.49251,38.14483],[-83.49261,38.14443],[-83.49254,38.14413],[-83.49236,38.14388],[-83.49247,38.14341],[-83.49242,38.1432],[-83.49219,38.14302],[-83.49118,38.14273],[-83.49088,38.14252],[-83.49079,38.14239],[-83.49078,38.14226],[-83.49085,38.1421],[-83.4912,38.1418],[-83.49131,38.14154],[-83.49139,38.1411],[-83.49122,38.14041],[-83.49109,38.13961],[-83.49096,38.13923],[-83.49073,38.1389],[-83.4901,38.13843],[-83.48979,38.13826],[-83.48943,38.13796],[-83.48929,38.13773],[-83.48928,38.13749],[-83.48934,38.13714],[-83.48968,38.13663],[-83.48977,38.13618],[-83.48969,38.13597],[-83.48948,38.13568],[-83.48894,38.13516],[-83.48872,38.13462],[-83.48924,38.1335],[-83.48938,38.133],[-83.48979,38.1322]]}},{"type":"Feature","properties":{"NAME":"Sheltowee Trace","MANAGER":"US Forest Service","PLACE":"Daniel Boone National Forest","URL":"https://www.fs.usda.gov/r08/danielboone"},"geometry":{"type":"LineString","coordinates":[[-83.38092,38.27637],[-83.38107,38.27618],[-83.38108,38.27582],[-83.38094,38.27562],[-83.38071,38.27548],[-83.37939,38.27517],[-83.37841,38.27487],[-83.37764,38.2745],[-83.37733,38.27429],[-83.37764,38.2741],[-83.37811,38.27407],[-83.37848,38.27396],[-83.37888,38.27359],[-83.3793,38.27335],[-83.3797,38.27324],[-83.38007,38.27301],[-83.38034,38.27279],[-83.38049,38.27249],[-83.38065,38.2724],[-83.38124,38.27239],[-83.38148,38.27232],[-83.38169,38.27206],[-83.38224,38.27103],[-83.38267,38.2705],[-83.38295,38.27003],[-83.38387,38.26915],[-83.38401,38.26879],[-83.38418,38.2686],[-83.38437,38.26823],[-83.38467,38.268],[-83.38567,38.26762],[-83.38589,38.26745],[-83.38598,38.26728],[-83.38592,38.26673],[-83.38595,38.26652],[-83.38611,38.26622],[-83.38627,38.26608],[-83.38713,38.26583],[-83.38739,38.26568],[-83.38777,38.26491],[-83.38802,38.26458],[-83.38853,38.26417],[-83.38884,38.26383],[-83.38898,38.26357],[-83.38893,38.26332],[-83.3884,38.26216],[-83.38842,38.26184],[-83.38869,38.26148],[-83.38899,38.26122],[-83.39029,38.26075],[-83.39084,38.26047],[-83.39114,38.26022],[-83.39119,38.25989],[-83.39074,38.2591],[-83.39058,38.25826],[-83.39065,38.2581],[-83.39148,38.25749],[-83.39155,38.25725],[-83.3915,38.25708],[-83.39096,38.25662],[-83.39063,38.25625],[-83.39059,38.25599],[-83.39083,38.2557],[-83.39196,38.2551],[-83.39233,38.25473],[-83.3926,38.25432],[-83.39322,38.25383],[-83.39342,38.25351],[-83.39344,38.2532],[-83.39338,38.25294],[-83.39321,38.25255],[-83.39315,38.2521],[-83.39325,38.25184],[-83.39352,38.25161],[-83.39377,38.25147],[-83.39453,38.25135],[-83.39482,38.25124],[-83.39512,38.25095],[-83.3955,38.25038],[-83.39574,38.25021],[-83.39616,38.25007],[-83.39737,38.24994],[-83.39766,38.24994],[-83.39824,38.25008],[-83.39863,38.25011],[-83.39903,38.24991],[-83.39929,38.24933],[-83.39965,38.24913],[-83.40197,38.24848],[-83.4029,38.24833],[-83.40379,38.24812],[-83.40394,38.24798],[-83.40398,38.24787],[-83.40395,38.24748],[-83.40304,38.24648],[-83.40289,38.2462],[-83.40294,38.24575],[-83.40313,38.24552],[-83.40351,38.24528],[-83.40473,38.24475],[-83.40507,38.24465],[-83.4057,38.24457],[-83.4069,38.24464],[-83.40741,38.24452],[-83.40754,38.24439],[-83.40759,38.24425],[-83.40756,38.24403],[-83.40719,38.24365],[-83.40646,38.24314],[-83.40586,38.24292],[-83.40521,38.2429],[-83.40484,38.24283],[-83.40423,38.24253],[-83.40408,38.24235],[-83.40395,38.24205],[-83.40391,38.24169],[-83.4041,38.24101],[-83.40393,38.24055],[-83.40362,38.24001],[-83.40348,38.23931],[-83.40351,38.23897],[-83.4036,38.23858],[-83.40406,38.2379],[-83.40437,38.23733],[-83.40418,38.23689],[-83.40376,38.23654],[-83.40365,38.23632],[-83.40416,38.23573],[-83.40425,38.23546],[-83.40421,38.2351],[-83.40432,38.23485],[-83.40497,38.23411],[-83.40491,38.23393],[-83.40423,38.23339],[-83.40416,38.23306],[-83.40428,38.23245],[-83.40422,38.23226],[-83.40408,38.23208],[-83.40365,38.23188],[-83.40346,38.23173],[-83.40324,38.23144],[-83.40317,38.23116],[-83.40319,38.23099],[-83.40334,38.23077],[-83.40388,38.23053],[-83.40436,38.23046],[-83.40481,38.23012],[-83.405,38.23008],[-83.40586,38.23009],[-83.40621,38.22987],[-83.40631,38.22933],[-83.40643,38.22911],[-83.40667,38.22897],[-83.40735,38.22892],[-83.40768,38.22905],[-83.40783,38.22933],[-83.4079,38.22966],[-83.40788,38.22992],[-83.40797,38.2302],[-83.4083,38.2304],[-83.40874,38.23046],[-83.40926,38.23037],[-83.40993,38.23016],[-83.41028,38.23013],[-83.41096,38.23024],[-83.41131,38.23014],[-83.41162,38.22995],[-83.41181,38.22973],[-83.41194,38.22949],[-83.41276,38.22887],[-83.41281,38.22863],[-83.41324,38.22771],[-83.414,38.2271],[-83.41427,38.22683],[-83.41434,38.22667],[-83.41437,38.22643],[-83.41425,38.22623],[-83.41398,38.22604],[-83.41344,38.22581],[-83.41286,38.22574],[-83.41269,38.22565],[-83.41249,38.22545],[-83.41241,38.22479],[-83.41233,38.22451],[-83.41237,38.22426],[-83.41279,38.22386],[-83.41287,38.22367],[-83.41274,38.2233],[-83.4124,38.22295],[-83.41234,38.22279],[-83.41235,38.22256],[-83.41313,38.22212],[-83.41333,38.22184],[-83.41375,38.22151],[-83.41395,38.22144],[-83.41501,38.22137],[-83.4154,38.22126],[-83.41617,38.22136],[-83.41673,38.22129],[-83.41702,38.22117],[-83.41738,38.22114],[-83.41764,38.22103],[-83.41811,38.22072],[-83.41835,38.22064],[-83.41954,38.22087],[-83.4206,38.22146],[-83.42081,38.22174],[-83.42088,38.22212],[-83.42101,38.22239],[-83.4214,38.22264],[-83.42176,38.22274],[-83.42195,38.22273],[-83.42231,38.2226],[-83.42264,38.22227],[-83.4231,38.22219],[-83.42392,38.22229],[-83.42548,38.2228],[-83.42593,38.22275],[-83.42643,38.22253],[-83.42714,38.22237],[-83.4278,38.22215],[-83.42835,38.22191],[-83.4286,38.22173],[-83.4288,38.2212],[-83.4289,38.22078],[-83.42907,38.22043],[-83.42925,38.22017],[-83.42953,38.21996],[-83.42994,38.21983],[-83.43034,38.21979],[-83.43103,38.21992],[-83.43143,38.22014],[-83.43191,38.22029],[-83.43218,38.22027],[-83.43242,38.22017],[-83.43339,38.21935],[-83.43362,38.21908],[-83.43372,38.21882],[-83.43356,38.21812],[-83.43361,38.21792],[-83.43382,38.21742],[-83.43413,38.21706],[-83.43429,38.21672],[-83.43455,38.21651],[-83.43542,38.21627],[-83.43551,38.2163],[-83.43638,38.21611],[-83.43707,38.21579],[-83.43729,38.21562],[-83.43752,38.21519],[-83.43754,38.21501],[-83.43746,38.21477],[-83.43758,38.21455],[-83.43815,38.21424],[-83.43853,38.21397],[-83.4386,38.21368],[-83.43854,38.21336],[-83.43821,38.21299],[-83.43807,38.21291],[-83.43772,38.21235],[-83.43767,38.2119],[-83.43772,38.21169],[-83.43779,38.2116],[-83.4378,38.21144],[-83.43798,38.21122],[-83.43837,38.21094],[-83.43865,38.21056],[-83.43898,38.21031],[-83.4393,38.20995],[-83.43951,38.20887],[-83.43981,38.20839],[-83.44006,38.20832],[-83.44048,38.20832],[-83.44189,38.2079],[-83.44185,38.20673],[-83.44191,38.20654],[-83.44261,38.2059],[-83.4428,38.20564],[-83.44295,38.20531],[-83.44321,38.2042],[-83.44397,38.2043],[-83.44525,38.20432],[-83.44659,38.20445],[-83.44765,38.2038],[-83.44842,38.20301],[-83.44921,38.20265],[-83.44962,38.20166],[-83.44961,38.20134],[-83.44953,38.20097],[-83.44967,38.20071],[-83.45017,38.20025],[-83.45116,38.19991],[-83.45275,38.19854],[-83.45286,38.19828],[-83.45286,38.1974],[-83.45261,38.19661],[-83.45195,38.19513],[-83.4519,38.19491],[-83.45189,38.19442],[-83.45209,38.19409],[-83.45217,38.19402],[-83.45243,38.19396],[-83.45311,38.19403],[-83.45341,38.19399],[-83.4538,38.19373],[-83.45435,38.19302],[-83.45461,38.19277],[-83.45497,38.19257],[-83.45544,38.19248],[-83.45584,38.19245],[-83.45632,38.19251],[-83.45676,38.19269],[-83.4577,38.19322],[-83.45809,38.19338],[-83.45842,38.19342],[-83.45887,38.19334],[-83.459,38.19327],[-83.45929,38.19295],[-83.45941,38.19288],[-83.45982,38.19267],[-83.46134,38.19206],[-83.46189,38.19178],[-83.46238,38.19146],[-83.46258,38.19123],[-83.46273,38.19097],[-83.46276,38.19064],[-83.46268,38.19041],[-83.46238,38.18994],[-83.46205,38.18959],[-83.46167,38.18935],[-83.46139,38.18926],[-83.4609,38.18915],[-83.45943,38.18896],[-83.45903,38.18878],[-83.45873,38.18849],[-83.45858,38.1882],[-83.45853,38.18774],[-83.45876,38.1866],[-83.45878,38.18631],[-83.45844,38.18553],[-83.45841,38.18531],[-83.4585,38.185],[-83.45877,38.18478],[-83.45941,38.18462],[-83.4609,38.18454],[-83.46148,38.18436],[-83.46182,38.18411],[-83.46232,38.18399],[-83.46244,38.18393],[-83.46287,38.18341],[-83.46341,38.18264],[-83.46432,38.18264],[-83.4645,38.18257],[-83.4645,38.18238],[-83.46444,38.18223],[-83.46389,38.18139],[-83.46378,38.18114],[-83.46378,38.18074],[-83.46396,38.18049],[-83.46424,38.18042],[-83.46456,38.18046],[-83.46598,38.18091],[-83.4683,38.18131],[-83.4703,38.18332],[-83.471,38.18388],[-83.47181,38.1844],[-83.47502,38.18596],[-83.47581,38.18651],[-83.4761,38.18679],[-83.47656,38.1875],[-83.47812,38.19124],[-83.47875,38.19225],[-83.48065,38.19451],[-83.48082,38.1944],[-83.48094,38.1944],[-83.48153,38.19501],[-83.48206,38.19539],[-83.48234,38.19536],[-83.48281,38.19562],[-83.48306,38.19564],[-83.48324,38.1956],[-83.48371,38.19535],[-83.48445,38.1946],[-83.48471,38.19441],[-83.48864,38.1919],[-83.48895,38.19141],[-83.48995,38.19061],[-83.49021,38.19035],[-83.49041,38.19],[-83.49051,38.18951],[-83.49078,38.1892],[-83.49106,38.18909],[-83.49363,38.18866],[-83.49391,38.18856],[-83.49419,38.18836],[-83.49507,38.1866],[-83.4952,38.18645],[-83.49603,38.18593],[-83.49611,38.18585],[-83.49621,38.1856],[-83.49619,38.18539],[-83.49592,38.18513],[-83.49507,38.18407],[-83.49451,38.18324],[-83.49412,38.18163],[-83.49408,38.1807],[-83.49422,38.17819],[-83.49436,38.17737],[-83.4951,38.17567],[-83.49547,38.17496],[-83.49555,38.1749],[-83.49585,38.17375],[-83.49645,38.17256],[-83.49652,38.17227],[-83.49667,38.17106],[-83.49697,38.16999],[-83.49685,38.16882],[-83.49698,38.16808],[-83.49727,38.16747],[-83.49774,38.16704],[-83.49992,38.16539],[-83.50048,38.16502],[-83.50223,38.16419],[-83.50311,38.16394],[-83.50337,38.16362],[-83.50458,38.16126],[-83.50498,38.16036],[-83.50551,38.15938],[-83.50625,38.15823],[-83.50664,38.15776],[-83.50683,38.15728],[-83.50705,38.15689],[-83.50825,38.15572],[-83.50861,38.15522],[-83.50885,38.15449],[-83.50889,38.15292],[-83.50907,38.15129],[-83.50945,38.15069],[-83.50945,38.15054],[-83.50933,38.15041],[-83.50908,38.15035],[-83.50775,38.15025],[-83.50626,38.14923],[-83.50602,38.14875],[-83.50589,38.14861],[-83.50555,38.1484],[-83.5051,38.14833],[-83.50465,38.14885],[-83.50336,38.15008]]}},{"type":"Feature","properties":{"NAME":"Sheltowee Trace","MANAGER":"US Forest Service","PLACE":"Daniel Boone National Forest","URL":"https://www.fs.usda.gov/r08/danielboone"},"geometry":{"type":"LineString","coordinates":[[-83.37585,38.29349],[-83.37623,38.29336],[-83.37694,38.29323],[-83.37707,38.29301],[-83.37687,38.29252],[-83.37679,38.29208],[-83.37686,38.29144],[-83.37757,38.29079],[-83.37767,38.29042],[-83.37772,38.28891],[-83.37432,38.28416],[-83.37319,38.28295],[-83.37221,38.28222],[-83.37219,38.28206],[-83.37231,38.28179],[-83.3729,38.2813],[-83.3733,38.28082],[-83.37359,38.27993],[-83.37409,38.27878],[-83.37404,38.27823],[-83.37415,38.2779],[-83.37429,38.27773],[-83.37464,38.27762],[-83.37538,38.27769],[-83.37607,38.27764],[-83.37682,38.27721],[-83.37714,38.27718],[-83.37736,38.27727],[-83.37756,38.27726],[-83.37787,38.27714],[-83.37896,38.27687],[-83.37925,38.27691],[-83.37984,38.27714],[-83.38028,38.27718],[-83.38073,38.27729],[-83.38076,38.27677],[-83.38092,38.27637]]}},{"type":"Feature","properties":{"NAME":"Sheltowee Trace","MANAGER":"US Forest Service","PLACE":"Daniel Boone National Forest","URL":"https://www.fs.usda.gov/r08/danielboone"},"geometry":{"type":"LineString","coordinates":[[-83.36486,38.32709],[-83.36521,38.32633],[-83.36568,38.32565],[-83.36747,38.32408],[-83.36765,38.32379],[-83.36768,38.32331],[-83.36751,38.32277],[-83.36705,38.32165],[-83.36698,38.32134],[-83.367,38.32089],[-83.36729,38.31997],[-83.3672,38.31899],[-83.36727,38.31821],[-83.367,38.31744],[-83.36699,38.31711],[-83.36691,38.31698],[-83.36672,38.31698],[-83.36653,38.31744],[-83.3661,38.31772],[-83.36584,38.31772],[-83.36582,38.31743],[-83.36597,38.31678],[-83.36618,38.31637],[-83.36716,38.31509],[-83.36764,38.31478],[-83.36746,38.31439],[-83.36675,38.31356],[-83.36619,38.31313],[-83.36516,38.31249],[-83.36428,38.31186],[-83.36386,38.31131],[-83.36414,38.31105],[-83.36438,38.31106],[-83.36475,38.31137],[-83.36489,38.31137],[-83.36509,38.31122],[-83.36531,38.3104],[-83.36537,38.30998],[-83.36544,38.30938],[-83.36534,38.30918],[-83.36591,38.30904],[-83.36635,38.30903],[-83.36733,38.30935],[-83.36765,38.30916],[-83.36785,38.30879],[-83.368,38.30871],[-83.36833,38.30872],[-83.36893,38.30953],[-83.36892,38.30975],[-83.36906,38.30983],[-83.36969,38.30984],[-83.37027,38.3097],[-83.37061,38.30952],[-83.3711,38.30915],[-83.37144,38.30908],[-83.37168,38.30909],[-83.37197,38.30887],[-83.37224,38.30797],[-83.3725,38.30744],[-83.37262,38.30654],[-83.37257,38.30541],[-83.37261,38.30387],[-83.37233,38.30334],[-83.3721,38.30243],[-83.37218,38.30211],[-83.37237,38.30177],[-83.37222,38.30145],[-83.37218,38.30124],[-83.37221,38.30096],[-83.37246,38.30037],[-83.3727,38.29996],[-83.37287,38.29947],[-83.37289,38.2991],[-83.37302,38.29837],[-83.37317,38.29783],[-83.3734,38.29719],[-83.37381,38.29638],[-83.37408,38.29566],[-83.37442,38.2951],[-83.375,38.2938],[-83.37585,38.29349]]}},{"type":"Feature","properties":{"NAME":"Sheltowee Trace","MANAGER":"US Forest Service","PLACE":"Daniel Boone National Forest","URL":"https://www.fs.usda.gov/r08/danielboone"},"geometry":{"type":"LineString","coordinates":[[-83.41654,38.38497],[-83.41615,38.38508],[-83.41453,38.38581],[-83.41354,38.38642],[-83.41269,38.38687],[-83.41183,38.3876],[-83.41166,38.38793],[-83.41158,38.38826],[-83.41162,38.3884],[-83.41224,38.38921],[-83.41237,38.38949],[-83.41262,38.39029],[-83.4126,38.39066],[-83.41227,38.39129],[-83.41188,38.39173],[-83.41115,38.3922],[-83.41079,38.39233],[-83.41048,38.39236],[-83.40992,38.39226],[-83.40952,38.39182],[-83.40934,38.39173],[-83.40902,38.39168],[-83.40863,38.39174],[-83.40836,38.39188],[-83.40794,38.39218],[-83.40762,38.39253],[-83.40738,38.39249],[-83.40696,38.3922],[-83.40642,38.39124],[-83.40605,38.39099],[-83.40574,38.3909],[-83.40538,38.39099],[-83.40485,38.39136],[-83.40434,38.3918],[-83.40403,38.3919],[-83.40381,38.39165],[-83.40358,38.39101],[-83.40354,38.39065],[-83.4036,38.39001],[-83.4035,38.38979],[-83.40313,38.38938],[-83.40295,38.38932],[-83.4026,38.38931],[-83.40225,38.38937],[-83.40172,38.38957],[-83.40118,38.3897],[-83.40089,38.38964],[-83.40082,38.38955],[-83.40078,38.38918],[-83.40082,38.38894],[-83.40102,38.38837],[-83.4013,38.3873],[-83.40175,38.38645],[-83.40149,38.38616],[-83.40073,38.38586],[-83.40035,38.3856],[-83.40027,38.38544],[-83.4003,38.38525],[-83.40039,38.38508],[-83.40054,38.3849],[-83.40079,38.38472],[-83.40092,38.38457],[-83.401,38.38438],[-83.40101,38.3837],[-83.40066,38.38227],[-83.40063,38.38136],[-83.40072,38.38092],[-83.40085,38.38067],[-83.40118,38.3803],[-83.40138,38.37997],[-83.40145,38.37952],[-83.4013,38.37934],[-83.40103,38.37923],[-83.39858,38.37865],[-83.39845,38.37853],[-83.39842,38.37834],[-83.39855,38.37817],[-83.39949,38.37781],[-83.39978,38.37766],[-83.40004,38.37743],[-83.40014,38.37711],[-83.40022,38.37649],[-83.40058,38.37613],[-83.40064,38.37595],[-83.40064,38.37556],[-83.40051,38.37517],[-83.40029,38.37501],[-83.39979,38.37484],[-83.39771,38.37487],[-83.39757,38.37482],[-83.39668,38.37425],[-83.39658,38.37413],[-83.39659,38.37371],[-83.39676,38.37323],[-83.39675,38.37302],[-83.39665,38.37284],[-83.39646,38.37277],[-83.39619,38.37275],[-83.39548,38.37281],[-83.3952,38.37278],[-83.39512,38.37276],[-83.39493,38.37258],[-83.39458,38.37194],[-83.39449,38.37154],[-83.39455,38.37102],[-83.39479,38.3703],[-83.39479,38.36991],[-83.39468,38.36984],[-83.39301,38.36968],[-83.3926,38.36945],[-83.39247,38.36929],[-83.39237,38.36855],[-83.39246,38.36803],[-83.39266,38.36757],[-83.39269,38.36715],[-83.39256,38.36669],[-83.39245,38.36653],[-83.39224,38.36637],[-83.39093,38.36591],[-83.39053,38.36591],[-83.3903,38.36598],[-83.39,38.36618],[-83.38991,38.36629],[-83.38959,38.36722],[-83.3894,38.36745],[-83.38912,38.36761],[-83.38879,38.36764],[-83.38831,38.3676],[-83.38803,38.36746],[-83.38774,38.36708],[-83.38713,38.36554],[-83.38703,38.36547],[-83.38578,38.3651],[-83.38469,38.36432],[-83.38435,38.36413],[-83.38409,38.36412],[-83.38355,38.36442],[-83.38297,38.36459],[-83.38271,38.36462],[-83.38245,38.36456],[-83.38195,38.36432],[-83.38137,38.36389],[-83.3805,38.36292],[-83.38025,38.3627],[-83.37971,38.36266],[-83.379,38.36274],[-83.37861,38.36267],[-83.37843,38.36258],[-83.37822,38.36225],[-83.37819,38.36196],[-83.37848,38.36129],[-83.37853,38.36097],[-83.37821,38.36037],[-83.37815,38.35971],[-83.37803,38.35934],[-83.37805,38.35899],[-83.37812,38.35885],[-83.37933,38.35802],[-83.37947,38.35787],[-83.37965,38.35754],[-83.37799,38.35637],[-83.37728,38.35561],[-83.37715,38.35541],[-83.37704,38.35502],[-83.37702,38.35472],[-83.37707,38.35429],[-83.37731,38.35342],[-83.37729,38.35332],[-83.37716,38.35325],[-83.37647,38.35331],[-83.37596,38.35322],[-83.375,38.35182],[-83.37445,38.35149],[-83.3736,38.35136],[-83.37226,38.35127],[-83.37199,38.35115],[-83.37187,38.35096],[-83.37191,38.35068],[-83.3722,38.35016],[-83.3725,38.34979],[-83.37267,38.34942],[-83.37267,38.34934],[-83.37246,38.34904],[-83.37208,38.34878],[-83.37161,38.34861],[-83.37105,38.34848],[-83.37048,38.34846],[-83.37,38.34838],[-83.36932,38.34813],[-83.36863,38.34828],[-83.36828,38.34824],[-83.36804,38.34816],[-83.36791,38.34781],[-83.36791,38.34728],[-83.36786,38.34695],[-83.36723,38.34651],[-83.36701,38.34628],[-83.36701,38.34608],[-83.36722,38.34549],[-83.36618,38.34439],[-83.36594,38.34383],[-83.36398,38.34317],[-83.36361,38.34273],[-83.36356,38.3426],[-83.36359,38.34222],[-83.36382,38.34178],[-83.36414,38.34149],[-83.36414,38.34138],[-83.36409,38.34114],[-83.3639,38.34084],[-83.36374,38.34007],[-83.36314,38.33978],[-83.36303,38.33965],[-83.36299,38.33944],[-83.36333,38.33889],[-83.36371,38.33848],[-83.36406,38.3382],[-83.36408,38.33811],[-83.36393,38.3378],[-83.36384,38.33767],[-83.36361,38.3375],[-83.36353,38.33731],[-83.3638,38.33648],[-83.3638,38.3363],[-83.36367,38.33596],[-83.36341,38.33563],[-83.36276,38.33518],[-83.36259,38.33499],[-83.36262,38.33482],[-83.36281,38.33469],[-83.36349,38.33439],[-83.36349,38.33426],[-83.36333,38.33407],[-83.36321,38.33377],[-83.36307,38.33362],[-83.3623,38.33316],[-83.36204,38.33293],[-83.36179,38.33249],[-83.36183,38.33223],[-83.3621,38.33179],[-83.36206,38.33154],[-83.36209,38.33125],[-83.36229,38.33099],[-83.36283,38.33055],[-83.36392,38.3298],[-83.36422,38.32948],[-83.36432,38.32928],[-83.36433,38.32911],[-83.36419,38.32827],[-83.36447,38.32794],[-83.36469,38.32754],[-83.36486,38.32709]]}},{"type":"Feature","properties":{"NAME":"Sheltowee Trace","MANAGER":"National Park Service","PLACE":"Big South Fork National River And Recreation Area","URL":"https://www.fs.usda.gov/r08/danielboone"},"geometry":{"type":"LineString","coordinates":[[-84.74446,36.59919],[-84.74363,36.60001],[-84.74253,36.60055],[-84.74139,36.60058],[-84.74063,36.60031],[-84.73976,36.59988],[-84.73939,36.59952],[-84.73919,36.59962],[-84.73917,36.60054],[-84.73945,36.60157],[-84.73947,36.6023]]}},{"type":"Feature","properties":{"NAME":"Sheltowee Trace","MANAGER":"National Park Service","PLACE":"Big South Fork National River And Recreation Area","URL":"https://www.fs.usda.gov/r08/danielboone"},"geometry":{"type":"LineString","coordinates":[[-84.74938,36.59844],[-84.75,36.59848],[-84.75101,36.59832],[-84.7516,36.59781],[-84.75168,36.59768],[-84.75174,36.59713],[-84.7519,36.59663],[-84.75218,36.59632],[-84.75248,36.5961],[-84.75286,36.59606],[-84.75384,36.59623],[-84.75412,36.59624],[-84.75444,36.59618],[-84.75547,36.59568],[-84.75575,36.59543],[-84.75595,36.59516],[-84.7563,36.59494],[-84.75717,36.59477],[-84.75776,36.59473],[-84.75792,36.59476],[-84.75829,36.59494],[-84.75889,36.59498],[-84.75927,36.59508],[-84.75964,36.59505],[-84.76011,36.59487],[-84.76047,36.59459],[-84.76054,36.59428],[-84.76049,36.59349],[-84.76036,36.59307],[-84.76045,36.59249],[-84.76058,36.5922],[-84.76092,36.59165],[-84.76124,36.59128],[-84.7616,36.59098],[-84.76172,36.59061],[-84.76185,36.59044],[-84.7621,36.59025],[-84.76282,36.58987],[-84.76344,36.58974],[-84.76512,36.58966],[-84.76571,36.58973],[-84.76607,36.58983],[-84.76664,36.59014],[-84.76683,36.59036],[-84.76695,36.59068],[-84.76697,36.59121],[-84.76703,36.5915],[-84.76718,36.59179],[-84.76746,36.59206],[-84.76776,36.59224],[-84.76811,36.59236],[-84.76891,36.59247],[-84.7694,36.59236],[-84.76967,36.59213],[-84.7702,36.59139],[-84.77066,36.59061],[-84.77093,36.58987],[-84.77074,36.58946],[-84.77071,36.58908],[-84.77091,36.58884],[-84.77111,36.58879],[-84.77298,36.58883],[-84.7733,36.58878],[-84.77388,36.58858],[-84.77417,36.58834],[-84.77427,36.5882]]}},{"type":"Feature","properties":{"NAME":"Sheltowee Trace (Pickett SP)","MANAGER":"National Park Service","PLACE":"Big South Fork National River And Recreation Area","URL":"https://www.fs.usda.gov/r08/danielboone"},"geometry":{"type":"LineString","coordinates":[[-84.79514,36.55663],[-84.79441,36.55678],[-84.79378,36.55716],[-84.79368,36.55737],[-84.79367,36.55759],[-84.79402,36.5579],[-84.79405,36.55798],[-84.79353,36.55813],[-84.79347,36.55852],[-84.79335,36.5587],[-84.79316,36.55885],[-84.79284,36.55897],[-84.79188,36.55888],[-84.79163,36.55894],[-84.79158,36.55911],[-84.79162,36.55935],[-84.79202,36.55969],[-84.79203,36.55975],[-84.79144,36.55972],[-84.79078,36.55992],[-84.79007,36.55993],[-84.78896,36.56024],[-84.78827,36.56022],[-84.78816,36.56017],[-84.7881,36.56008],[-84.78804,36.55968],[-84.78809,36.55949],[-84.78832,36.55905],[-84.78834,36.55886],[-84.78807,36.55859],[-84.7879,36.5586],[-84.7877,36.55869],[-84.78762,36.55883],[-84.78772,36.55959],[-84.78771,36.55974],[-84.78764,36.55988],[-84.7874,36.56018],[-84.787,36.56054],[-84.78601,36.56115],[-84.7859,36.56138],[-84.78602,36.56178],[-84.78595,36.56191],[-84.78579,36.56204],[-84.78443,36.56266],[-84.78381,36.56282],[-84.78251,36.56297],[-84.78158,36.56279],[-84.78142,36.56281],[-84.78131,36.56289],[-84.78113,36.56325],[-84.78115,36.56336],[-84.78125,36.56348],[-84.78171,36.56379],[-84.78204,36.5639],[-84.78284,36.56405],[-84.78352,36.56439],[-84.78373,36.56461],[-84.78412,36.56551],[-84.78455,36.56594],[-84.78505,36.56619],[-84.78596,36.5662],[-84.78623,36.56625],[-84.78636,36.56632],[-84.78648,36.56646],[-84.78655,36.56669],[-84.78647,36.5668],[-84.78629,36.5669],[-84.78497,36.56747],[-84.78446,36.56809],[-84.78418,36.56831],[-84.78294,36.5689],[-84.78246,36.56906],[-84.78204,36.56909],[-84.78105,36.569],[-84.78026,36.5691],[-84.77979,36.56907],[-84.77935,36.56893],[-84.77895,36.56858],[-84.77852,36.56841],[-84.77836,36.56842],[-84.77839,36.56888],[-84.77833,36.56935],[-84.77842,36.56949],[-84.77933,36.56947],[-84.78082,36.56967],[-84.78157,36.56963],[-84.78194,36.56976],[-84.78204,36.56982],[-84.78205,36.56988],[-84.78172,36.57005],[-84.7809,36.57022],[-84.78039,36.57028],[-84.77958,36.57026],[-84.77882,36.57038],[-84.77789,36.57077],[-84.77709,36.57095],[-84.77705,36.57103],[-84.7772,36.57114],[-84.77786,36.57139],[-84.7784,36.57138],[-84.77986,36.57151],[-84.78029,36.57145],[-84.78106,36.57109],[-84.78132,36.57105],[-84.78225,36.57107],[-84.78289,36.57096],[-84.78298,36.571],[-84.78294,36.5711],[-84.78222,36.57179],[-84.78202,36.57205],[-84.78185,36.57256],[-84.7815,36.57299],[-84.78135,36.5733],[-84.78116,36.5746],[-84.78094,36.57493],[-84.78059,36.57525],[-84.77973,36.57578],[-84.77884,36.57616],[-84.77837,36.5762],[-84.77779,36.57617],[-84.77711,36.57606],[-84.77653,36.57606],[-84.77623,36.57611],[-84.77617,36.57625],[-84.7763,36.57657],[-84.77653,36.57674],[-84.77714,36.57689],[-84.77767,36.57692],[-84.77792,36.57689],[-84.78014,36.57627],[-84.78106,36.57607],[-84.78131,36.57597],[-84.78186,36.57562],[-84.78213,36.57559],[-84.7823,36.57562],[-84.78233,36.57571],[-84.78227,36.57586],[-84.78195,36.57629],[-84.78136,36.57664],[-84.78102,36.57675],[-84.78002,36.57693],[-84.77945,36.57714],[-84.779,36.57737],[-84.77854,36.57774],[-84.77837,36.57821],[-84.77825,36.57835],[-84.77715,36.57894],[-84.77666,36.57915],[-84.77622,36.57929],[-84.77545,36.5794],[-84.77471,36.57957],[-84.7744,36.5797],[-84.77383,36.58005],[-84.77324,36.58023],[-84.77311,36.58021],[-84.77306,36.58012],[-84.7731,36.57958],[-84.77286,36.57953],[-84.77253,36.57958],[-84.77243,36.57977],[-84.77248,36.58035],[-84.77244,36.58058],[-84.77188,36.58113],[-84.7717,36.58142],[-84.77158,36.58173]]}}]}