{"type":"FeatureCollection","features":[{"type":"Feature","properties":{"NAME":"Bad Branch Wild River","TYPE":"Wild River (State)","ACCESS":"Restricted","URL":"https://eec.ky.gov/Nature-Preserves/Locations/Pages/Bad-Branch-Wild-River.aspx"},"geometry":{"type":"Polygon","coordinates":[[[-82.77171,37.06733],[-82.7712,37.06732],[-82.77045,37.06759],[-82.77017,37.06802],[-82.76941,37.06853],[-82.76905,37.06909],[-82.76884,37.06927],[-82.76859,37.0698],[-82.76861,37.07088],[-82.76871,37.07104],[-82.76879,37.07145],[-82.76868,37.07182],[-82.76877,37.07282],[-82.76869,37.07322],[-82.76858,37.07346],[-82.76822,37.07388],[-82.76761,37.07427],[-82.76689,37.07457],[-82.76672,37.0747],[-82.76573,37.075],[-82.76515,37.07533],[-82.76461,37.07626],[-82.76449,37.07679],[-82.76433,37.07891],[-82.76385,37.08019],[-82.76061,37.08236],[-82.76009,37.08281],[-82.75839,37.08319],[-82.7568,37.08364],[-82.75635,37.08405],[-82.75617,37.0844],[-82.75594,37.08498],[-82.75585,37.08552],[-82.75596,37.08617],[-82.75654,37.08774],[-82.75729,37.08908],[-82.75727,37.08945],[-82.75736,37.08983],[-82.7573,37.09039],[-82.75683,37.09135],[-82.75634,37.09263],[-82.75567,37.09344],[-82.75467,37.0942],[-82.75442,37.09459],[-82.75364,37.09543],[-82.75336,37.09672],[-82.75333,37.09736],[-82.75351,37.09887],[-82.75363,37.09914],[-82.75371,37.0996],[-82.7539,37.10167],[-82.75365,37.10288],[-82.7537,37.1032],[-82.75405,37.10377],[-82.75454,37.10411],[-82.75547,37.10435],[-82.7565,37.10446],[-82.75828,37.10461],[-82.75935,37.10461],[-82.76081,37.1051],[-82.76124,37.10517],[-82.76157,37.10518],[-82.76257,37.10466],[-82.76348,37.10367],[-82.76381,37.10306],[-82.76497,37.10158],[-82.76577,37.10093],[-82.76659,37.10047],[-82.767,37.10032],[-82.76789,37.10004],[-82.76839,37.09995],[-82.77033,37.09922],[-82.77111,37.09908],[-82.77182,37.09886],[-82.77309,37.09827],[-82.77389,37.09746],[-82.77405,37.0969],[-82.77402,37.09587],[-82.77411,37.09464],[-82.77429,37.09422],[-82.77472,37.09366],[-82.7751,37.09338],[-82.77557,37.09315],[-82.77658,37.09245],[-82.77702,37.09222],[-82.77828,37.09093],[-82.77867,37.09038],[-82.779,37.08963],[-82.77909,37.08912],[-82.77908,37.08856],[-82.77897,37.08783],[-82.77697,37.08337],[-82.77708,37.08139],[-82.77724,37.08083],[-82.77742,37.07876],[-82.77766,37.0778],[-82.77804,37.07671],[-82.77802,37.07639],[-82.77778,37.07573],[-82.7775,37.07519],[-82.77677,37.07404],[-82.77632,37.07352],[-82.77406,37.07139],[-82.7731,37.07019],[-82.77247,37.06923],[-82.772,37.06833],[-82.77171,37.06733]]]}},{"type":"Feature","properties":{"NAME":"Big South Fork Wild River","TYPE":"Wild River (State)","ACCESS":"Restricted","URL":"https://eec.ky.gov/Nature-Preserves/Locations/Pages/Big-South-Fork-Wild-River.aspx"},"geometry":{"type":"Polygon","coordinates":[[[-84.52774,36.66603],[-84.52773,36.66622],[-84.52754,36.66637],[-84.5272,36.66662],[-84.52623,36.6671],[-84.52601,36.66729],[-84.52591,36.66748],[-84.52549,36.66777],[-84.52522,36.66811],[-84.52526,36.66841],[-84.52562,36.66862],[-84.52706,36.66883],[-84.5275,36.66903],[-84.52773,36.6693],[-84.52773,36.66973],[-84.5276,36.67016],[-84.52745,36.67029],[-84.52742,36.67045],[-84.52749,36.6706],[-84.52781,36.67066],[-84.52851,36.67065],[-84.52872,36.67071],[-84.52896,36.67093],[-84.52917,36.6713],[-84.52899,36.67204],[-84.52917,36.67247],[-84.52972,36.67274],[-84.53035,36.67287],[-84.53155,36.67294],[-84.53271,36.6731],[-84.53345,36.67346],[-84.53438,36.67419],[-84.53512,36.67449],[-84.53572,36.67449],[-84.53676,36.67421],[-84.53751,36.67414],[-84.53855,36.67419],[-84.53919,36.67434],[-84.53987,36.67432],[-84.54067,36.67385],[-84.54104,36.67346],[-84.54167,36.67306],[-84.5425,36.67282],[-84.54309,36.67195],[-84.54365,36.6713],[-84.54429,36.67072],[-84.54531,36.67001],[-84.54585,36.66971],[-84.54568,36.66825],[-84.54571,36.66794],[-84.5455,36.66464],[-84.54496,36.66469],[-84.54379,36.66454],[-84.54325,36.6652],[-84.5422,36.66563],[-84.54205,36.6659],[-84.54184,36.66598],[-84.54119,36.66585],[-84.54039,36.6659],[-84.54007,36.66635],[-84.53999,36.66674],[-84.53996,36.66745],[-84.53976,36.6678],[-84.5389,36.66839],[-84.53871,36.66862],[-84.53829,36.66938],[-84.5378,36.66953],[-84.53604,36.66953],[-84.53573,36.66958],[-84.53519,36.66981],[-84.535,36.66973],[-84.53479,36.66944],[-84.5345,36.66926],[-84.5342,36.66869],[-84.53407,36.66813],[-84.5334,36.66744],[-84.5331,36.6668],[-84.5331,36.6666],[-84.53354,36.66614],[-84.53408,36.6659],[-84.53473,36.66575],[-84.53488,36.66567],[-84.53495,36.6655],[-84.53465,36.66464],[-84.53466,36.66437],[-84.53483,36.66383],[-84.53552,36.66286],[-84.53546,36.66246],[-84.53529,36.66222],[-84.53483,36.66092],[-84.53484,36.66022],[-84.53497,36.65973],[-84.53556,36.65943],[-84.53652,36.65907],[-84.53679,36.6589],[-84.53732,36.65881],[-84.538,36.65854],[-84.5387,36.65839],[-84.53952,36.65832],[-84.53979,36.65844],[-84.54053,36.65861],[-84.54101,36.65857],[-84.54128,36.65848],[-84.54155,36.65829],[-84.54175,36.65798],[-84.54209,36.65769],[-84.54233,36.65758],[-84.54317,36.6577],[-84.54351,36.65782],[-84.54385,36.65783],[-84.54421,36.65764],[-84.54441,36.65717],[-84.54444,36.65686],[-84.54402,36.65614],[-84.54378,36.65588],[-84.54251,36.65517],[-84.54232,36.65501],[-84.5424,36.65467],[-84.5428,36.65415],[-84.54315,36.65295],[-84.54322,36.65194],[-84.54317,36.65178],[-84.54247,36.65071],[-84.54235,36.65034],[-84.54216,36.65016],[-84.54179,36.64918],[-84.54161,36.6485],[-84.5411,36.64745],[-84.54088,36.64721],[-84.54003,36.64664],[-84.53932,36.64586],[-84.53847,36.64461],[-84.53833,36.64424],[-84.53826,36.64395],[-84.53834,36.64369],[-84.53851,36.64338],[-84.53878,36.64317],[-84.54038,36.64278],[-84.54165,36.64272],[-84.54221,36.64263],[-84.54257,36.64246],[-84.54272,36.64224],[-84.54287,36.64215],[-84.54294,36.64196],[-84.54259,36.64154],[-84.54168,36.64105],[-84.54077,36.64065],[-84.54003,36.64045],[-84.53919,36.64005],[-84.53908,36.63947],[-84.53924,36.63864],[-84.53936,36.6384],[-84.53968,36.63808],[-84.53983,36.63783],[-84.54078,36.63694],[-84.54084,36.6365],[-84.54039,36.63612],[-84.53939,36.63508],[-84.53897,36.63452],[-84.53822,36.63331],[-84.53814,36.63237],[-84.53555,36.63141],[-84.53498,36.63075],[-84.53489,36.63038],[-84.53514,36.62997],[-84.53565,36.62953],[-84.53629,36.62882],[-84.53695,36.62795],[-84.53737,36.62761],[-84.53781,36.6274],[-84.53831,36.62748],[-84.53956,36.6275],[-84.54113,36.62765],[-84.54257,36.62753],[-84.54414,36.62729],[-84.54576,36.62725],[-84.5467,36.62681],[-84.54833,36.62621],[-84.5491,36.62606],[-84.5497,36.62609],[-84.55016,36.62615],[-84.55045,36.62627],[-84.55102,36.6263],[-84.55349,36.62566],[-84.5539,36.62568],[-84.55445,36.62581],[-84.55516,36.62653],[-84.55542,36.62716],[-84.5558,36.62761],[-84.55634,36.62788],[-84.55692,36.62791],[-84.5577,36.62759],[-84.55801,36.62736],[-84.55812,36.62711],[-84.55814,36.62678],[-84.55844,36.62624],[-84.55864,36.6261],[-84.55881,36.62608],[-84.55926,36.62621],[-84.55952,36.6265],[-84.56002,36.62726],[-84.56019,36.62818],[-84.56045,36.62899],[-84.56061,36.62933],[-84.56101,36.62972],[-84.56135,36.62984],[-84.56161,36.62984],[-84.56207,36.62955],[-84.56279,36.62869],[-84.56304,36.62805],[-84.56355,36.62771],[-84.56381,36.62767],[-84.56396,36.62771],[-84.56436,36.62808],[-84.5649,36.62892],[-84.5652,36.62966],[-84.56542,36.62988],[-84.56558,36.63017],[-84.56584,36.63037],[-84.56618,36.63033],[-84.56691,36.63001],[-84.5672,36.62965],[-84.56761,36.6286],[-84.56771,36.62816],[-84.56759,36.62786],[-84.56751,36.62712],[-84.56792,36.62678],[-84.56831,36.62669],[-84.56855,36.62671],[-84.56908,36.62702],[-84.56912,36.62735],[-84.56947,36.62777],[-84.57,36.62808],[-84.57037,36.62871],[-84.57119,36.62918],[-84.57203,36.62931],[-84.57304,36.62906],[-84.57336,36.62905],[-84.57413,36.62871],[-84.5743,36.62853],[-84.57435,36.62828],[-84.57431,36.62791],[-84.57463,36.62729],[-84.57495,36.62699],[-84.57522,36.62689],[-84.57585,36.62688],[-84.57752,36.62736],[-84.57805,36.62731],[-84.57902,36.6274],[-84.58,36.6276],[-84.58031,36.6278],[-84.582,36.62776],[-84.58236,36.62782],[-84.58352,36.62775],[-84.58431,36.62794],[-84.58495,36.62819],[-84.58517,36.6282],[-84.58629,36.62745],[-84.58651,36.62712],[-84.58852,36.62644],[-84.58894,36.62612],[-84.58991,36.62557],[-84.5903,36.62518],[-84.59076,36.62484],[-84.59115,36.62478],[-84.59182,36.62485],[-84.59208,36.625],[-84.59243,36.62569],[-84.59255,36.62579],[-84.59284,36.62585],[-84.59318,36.62581],[-84.59388,36.62547],[-84.59446,36.62534],[-84.59515,36.62455],[-84.59571,36.62421],[-84.59591,36.6239],[-84.59608,36.62332],[-84.59614,36.62274],[-84.59606,36.62184],[-84.59597,36.62163],[-84.5953,36.62079],[-84.59526,36.62059],[-84.59638,36.61983],[-84.59679,36.61936],[-84.59712,36.61884],[-84.5975,36.61877],[-84.59769,36.61881],[-84.59817,36.61913],[-84.59844,36.61911],[-84.59853,36.61899],[-84.59847,36.61853],[-84.59875,36.61766],[-84.59929,36.61688],[-84.59919,36.61675],[-84.59838,36.61629],[-84.59786,36.61582],[-84.5976,36.61551],[-84.59753,36.61535],[-84.59756,36.61516],[-84.598,36.61483],[-84.59846,36.6147],[-84.60029,36.6147],[-84.60063,36.61451],[-84.6007,36.61426],[-84.60068,36.61399],[-84.60079,36.61342],[-84.60065,36.61305],[-84.60007,36.61282],[-84.5988,36.61259],[-84.59847,36.61233],[-84.59808,36.61223],[-84.59773,36.61198],[-84.59732,36.61155],[-84.59726,36.61108],[-84.59746,36.61073],[-84.59822,36.60996],[-84.59861,36.6094],[-84.59882,36.6084],[-84.59899,36.6082],[-84.59935,36.60805],[-84.6001,36.6081],[-84.60091,36.6083],[-84.60164,36.60817],[-84.60376,36.60811],[-84.60487,36.60799],[-84.60543,36.60765],[-84.60552,36.60751],[-84.60549,36.60677],[-84.60538,36.60619],[-84.60505,36.60527],[-84.60503,36.60504],[-84.60516,36.60444],[-84.60541,36.60415],[-84.6056,36.604],[-84.60643,36.6037],[-84.60715,36.60359],[-84.60808,36.60381],[-84.60871,36.60387],[-84.60907,36.6038],[-84.60958,36.60349],[-84.60988,36.60319],[-84.60993,36.60295],[-84.60974,36.60251],[-84.60879,36.60164],[-84.60839,36.60146],[-84.608,36.60119],[-84.6077,36.6008],[-84.60737,36.59998],[-84.6074,36.59967],[-84.6077,36.59886],[-84.60279,36.59863],[-84.59981,36.59856],[-84.59969,36.5986],[-84.59929,36.60083],[-84.59911,36.60157],[-84.59896,36.60189],[-84.59896,36.60207],[-84.59884,36.60216],[-84.59807,36.60241],[-84.59672,36.60232],[-84.59592,36.60256],[-84.59473,36.6034],[-84.59358,36.60446],[-84.59278,36.60471],[-84.59256,36.60492],[-84.59207,36.60569],[-84.59178,36.60588],[-84.59124,36.60599],[-84.59011,36.60588],[-84.58879,36.60595],[-84.58855,36.60608],[-84.5882,36.60641],[-84.58786,36.60681],[-84.58761,36.60724],[-84.58746,36.60764],[-84.58746,36.60787],[-84.58776,36.60887],[-84.58799,36.60924],[-84.58858,36.60991],[-84.58935,36.61044],[-84.58966,36.61058],[-84.58987,36.61085],[-84.59008,36.61134],[-84.59021,36.61246],[-84.59055,36.61369],[-84.59054,36.61394],[-84.59044,36.61419],[-84.59008,36.61452],[-84.59,36.61475],[-84.59002,36.61503],[-84.59061,36.61583],[-84.59065,36.61627],[-84.59036,36.6168],[-84.58794,36.61898],[-84.58576,36.62114],[-84.58537,36.62138],[-84.58508,36.62146],[-84.58429,36.62134],[-84.58405,36.62116],[-84.58323,36.61989],[-84.58268,36.61951],[-84.58225,36.61945],[-84.58198,36.61947],[-84.58176,36.61958],[-84.58162,36.61974],[-84.58149,36.61995],[-84.58144,36.62037],[-84.58082,36.62142],[-84.58065,36.62161],[-84.58045,36.6218],[-84.57984,36.62218],[-84.57953,36.6222],[-84.57739,36.622],[-84.57595,36.62148],[-84.57486,36.62054],[-84.57404,36.61929],[-84.57392,36.61927],[-84.57363,36.61927],[-84.57336,36.61946],[-84.57321,36.61969],[-84.57296,36.62033],[-84.57296,36.62072],[-84.57274,36.62095],[-84.57263,36.6212],[-84.57242,36.62133],[-84.57046,36.62168],[-84.57012,36.62168],[-84.56936,36.62114],[-84.56903,36.62058],[-84.56868,36.62019],[-84.56768,36.6194],[-84.56737,36.61934],[-84.56672,36.61935],[-84.56575,36.61952],[-84.56485,36.61993],[-84.56449,36.62022],[-84.56422,36.62032],[-84.56378,36.62072],[-84.56303,36.6212],[-84.56286,36.62116],[-84.56236,36.62047],[-84.56215,36.61991],[-84.56201,36.61971],[-84.56144,36.61953],[-84.56101,36.61949],[-84.56074,36.61952],[-84.56057,36.61962],[-84.56005,36.62027],[-84.55979,36.62043],[-84.55927,36.62091],[-84.55914,36.62153],[-84.55904,36.62172],[-84.5588,36.62195],[-84.55802,36.62221],[-84.55742,36.62213],[-84.55567,36.62153],[-84.55505,36.62141],[-84.55344,36.62143],[-84.55184,36.6217],[-84.55149,36.62147],[-84.55114,36.62067],[-84.55068,36.62051],[-84.55037,36.6205],[-84.55013,36.62056],[-84.54991,36.62071],[-84.54937,36.62137],[-84.54832,36.62207],[-84.54784,36.62213],[-84.54717,36.6215],[-84.5467,36.62118],[-84.54651,36.62106],[-84.54619,36.62102],[-84.54583,36.62115],[-84.54571,36.62129],[-84.54546,36.62187],[-84.54524,36.62216],[-84.54458,36.62273],[-84.54368,36.62323],[-84.54315,36.62334],[-84.54213,36.62339],[-84.54093,36.62355],[-84.53951,36.62344],[-84.5385,36.62352],[-84.5376,36.62383],[-84.53648,36.6244],[-84.53556,36.62466],[-84.53516,36.62452],[-84.5347,36.62409],[-84.53428,36.62338],[-84.53383,36.62305],[-84.53328,36.62285],[-84.53241,36.62299],[-84.53156,36.62343],[-84.53105,36.62383],[-84.53075,36.6241],[-84.53058,36.62435],[-84.53035,36.62515],[-84.53025,36.62524],[-84.53069,36.62637],[-84.53089,36.62739],[-84.53072,36.62771],[-84.53059,36.62839],[-84.53027,36.62893],[-84.52982,36.62955],[-84.5296,36.62972],[-84.52789,36.63013],[-84.52574,36.63053],[-84.5254,36.63069],[-84.52527,36.631],[-84.52538,36.63193],[-84.52559,36.6322],[-84.52715,36.63239],[-84.52835,36.6327],[-84.53018,36.63303],[-84.53072,36.63354],[-84.53129,36.63434],[-84.53181,36.63469],[-84.53226,36.63513],[-84.53264,36.63565],[-84.53311,36.63613],[-84.53374,36.63631],[-84.53459,36.63694],[-84.53466,36.63717],[-84.53429,36.63794],[-84.53409,36.63819],[-84.53348,36.63869],[-84.53309,36.63927],[-84.53308,36.63956],[-84.5332,36.63983],[-84.53329,36.64036],[-84.53338,36.6417],[-84.53276,36.64284],[-84.53196,36.64328],[-84.53177,36.64349],[-84.53157,36.64389],[-84.53161,36.64411],[-84.53168,36.6443],[-84.53194,36.64448],[-84.53271,36.64478],[-84.53338,36.64518],[-84.53399,36.64565],[-84.53454,36.6462],[-84.53466,36.64637],[-84.53483,36.64746],[-84.53513,36.64838],[-84.53537,36.64881],[-84.5357,36.64904],[-84.5362,36.64957],[-84.53641,36.65004],[-84.53645,36.65057],[-84.53622,36.65111],[-84.53619,36.6513],[-84.53626,36.65146],[-84.53633,36.65157],[-84.53736,36.65217],[-84.53757,36.6524],[-84.53752,36.65263],[-84.53732,36.65292],[-84.5364,36.65324],[-84.53556,36.65345],[-84.5349,36.65354],[-84.53436,36.65427],[-84.53387,36.65475],[-84.53319,36.65496],[-84.5321,36.65561],[-84.53064,36.65625],[-84.53004,36.6563],[-84.5291,36.65616],[-84.52889,36.6561],[-84.52834,36.65562],[-84.52745,36.6554],[-84.52692,36.65542],[-84.52651,36.65564],[-84.52648,36.65582],[-84.52662,36.65613],[-84.52695,36.65646],[-84.52726,36.65691],[-84.5279,36.65743],[-84.52854,36.65809],[-84.52866,36.65831],[-84.52882,36.66033],[-84.52889,36.66045],[-84.52907,36.66138],[-84.5285,36.66196],[-84.52818,36.6624],[-84.52796,36.66257],[-84.52781,36.66278],[-84.52774,36.66301],[-84.52773,36.6635],[-84.52798,36.66426],[-84.52802,36.66492],[-84.52774,36.66603]]]}},{"type":"Feature","properties":{"NAME":"Cumberland River Wild River","TYPE":"Wild River (State)","ACCESS":"Restricted","URL":"https://eec.ky.gov/Nature-Preserves/Locations/Pages/Cumberland-River-Wild-River.aspx"},"geometry":{"type":"Polygon","coordinates":[[[-84.32896,36.76127],[-84.32912,36.76172],[-84.32925,36.76192],[-84.3295,36.76212],[-84.32963,36.76217],[-84.32999,36.76202],[-84.33052,36.76211],[-84.3307,36.7624],[-84.33112,36.7634],[-84.33183,36.76401],[-84.33187,36.76494],[-84.33233,36.76523],[-84.33268,36.7653],[-84.33282,36.76548],[-84.33276,36.76564],[-84.33232,36.76587],[-84.33215,36.76603],[-84.33123,36.7663],[-84.33093,36.76659],[-84.33092,36.76674],[-84.331,36.76688],[-84.33128,36.76692],[-84.33208,36.76667],[-84.33249,36.76676],[-84.33303,36.76719],[-84.3342,36.76793],[-84.33447,36.76845],[-84.33446,36.76867],[-84.33415,36.76913],[-84.33385,36.76926],[-84.33379,36.76939],[-84.33381,36.76965],[-84.33389,36.76977],[-84.33485,36.77009],[-84.33515,36.77033],[-84.3352,36.77049],[-84.33514,36.77071],[-84.33503,36.771],[-84.33491,36.77111],[-84.33414,36.77116],[-84.3331,36.77111],[-84.33208,36.77129],[-84.3316,36.7716],[-84.33146,36.77186],[-84.33148,36.77211],[-84.33159,36.77224],[-84.33216,36.77258],[-84.33279,36.77272],[-84.33428,36.7726],[-84.33455,36.77272],[-84.33466,36.7729],[-84.33468,36.77336],[-84.33486,36.77387],[-84.33417,36.77568],[-84.33414,36.77583],[-84.33419,36.77592],[-84.33451,36.77617],[-84.33471,36.7762],[-84.33558,36.77532],[-84.33598,36.77561],[-84.33689,36.77589],[-84.33702,36.77609],[-84.33716,36.7772],[-84.33724,36.77736],[-84.33774,36.77749],[-84.3384,36.77744],[-84.33875,36.77757],[-84.3394,36.77816],[-84.33962,36.7782],[-84.33995,36.77819],[-84.34048,36.77793],[-84.34067,36.77791],[-84.34084,36.77797],[-84.341,36.77809],[-84.34132,36.77864],[-84.34142,36.7792],[-84.34163,36.77951],[-84.3418,36.77962],[-84.34232,36.77963],[-84.3426,36.77939],[-84.34269,36.77917],[-84.34259,36.77842],[-84.34258,36.77771],[-84.34365,36.77774],[-84.34441,36.77797],[-84.34463,36.77822],[-84.34489,36.77887],[-84.34514,36.77918],[-84.3456,36.77947],[-84.34593,36.77959],[-84.34691,36.77975],[-84.34683,36.77991],[-84.34638,36.78006],[-84.3463,36.78019],[-84.34613,36.78027],[-84.34599,36.78049],[-84.34599,36.78063],[-84.34637,36.78107],[-84.34711,36.78117],[-84.34765,36.78138],[-84.34781,36.78156],[-84.34797,36.78216],[-84.34802,36.78249],[-84.34796,36.78286],[-84.34789,36.78322],[-84.34772,36.7835],[-84.34778,36.78477],[-84.34766,36.78547],[-84.34731,36.78631],[-84.3472,36.78673],[-84.34666,36.78756],[-84.34673,36.78799],[-84.34669,36.78898],[-84.3466,36.78936],[-84.34617,36.78993],[-84.34614,36.79013],[-84.34616,36.79032],[-84.34633,36.79044],[-84.34652,36.79051],[-84.34693,36.79053],[-84.34707,36.79067],[-84.3467,36.79104],[-84.34672,36.79137],[-84.3473,36.79164],[-84.3474,36.79178],[-84.34745,36.79211],[-84.34733,36.79264],[-84.34747,36.79289],[-84.34754,36.7932],[-84.34848,36.79482],[-84.34844,36.79509],[-84.34735,36.79587],[-84.34727,36.79614],[-84.34732,36.79632],[-84.34751,36.79645],[-84.348,36.79661],[-84.34813,36.79686],[-84.34805,36.79703],[-84.34794,36.7971],[-84.34741,36.79722],[-84.34721,36.79775],[-84.34695,36.79817],[-84.3466,36.79819],[-84.34585,36.79809],[-84.34541,36.79813],[-84.34524,36.79835],[-84.34507,36.79881],[-84.34514,36.79965],[-84.34502,36.79992],[-84.34466,36.8004],[-84.34421,36.80046],[-84.34383,36.80035],[-84.34353,36.80017],[-84.34296,36.79965],[-84.34272,36.79962],[-84.34249,36.79971],[-84.34241,36.79982],[-84.34231,36.80057],[-84.3425,36.80079],[-84.34354,36.80258],[-84.34351,36.80271],[-84.34292,36.80326],[-84.34267,36.80372],[-84.3426,36.80407],[-84.34259,36.80476],[-84.34039,36.80482],[-84.34013,36.80513],[-84.33986,36.80528],[-84.33963,36.8055],[-84.33963,36.80563],[-84.33984,36.80601],[-84.34109,36.80711],[-84.34207,36.80778],[-84.34264,36.80797],[-84.34336,36.80809],[-84.3442,36.80852],[-84.34483,36.80875],[-84.34616,36.80952],[-84.34676,36.80977],[-84.34734,36.80995],[-84.34778,36.80985],[-84.34842,36.80939],[-84.34865,36.80915],[-84.34959,36.80903],[-84.35019,36.80908],[-84.35101,36.80949],[-84.35142,36.8096],[-84.35211,36.80965],[-84.35257,36.80979],[-84.3527,36.81017],[-84.35262,36.81039],[-84.35196,36.81043],[-84.35146,36.81058],[-84.35092,36.81108],[-84.35098,36.81128],[-84.35136,36.81153],[-84.35223,36.81176],[-84.35259,36.81172],[-84.3527,36.81179],[-84.35275,36.81192],[-84.35261,36.81227],[-84.35189,36.81255],[-84.35186,36.81264],[-84.3511,36.81325],[-84.35082,36.81373],[-84.35027,36.81395],[-84.34999,36.8139],[-84.34913,36.81407],[-84.34891,36.81422],[-84.34874,36.81442],[-84.3487,36.81506],[-84.34883,36.81544],[-84.34864,36.81555],[-84.34839,36.81552],[-84.34815,36.81536],[-84.34771,36.81522],[-84.34716,36.81511],[-84.34653,36.81519],[-84.34628,36.8153],[-84.34614,36.81545],[-84.34602,36.81573],[-84.34613,36.816],[-84.34601,36.81635],[-84.34564,36.81666],[-84.3454,36.81675],[-84.34489,36.81714],[-84.34478,36.81734],[-84.34477,36.81762],[-84.34485,36.81778],[-84.34529,36.81812],[-84.3455,36.81838],[-84.34542,36.81852],[-84.34514,36.81862],[-84.34466,36.81906],[-84.34441,36.8193],[-84.34427,36.81959],[-84.34399,36.81994],[-84.34343,36.82024],[-84.34332,36.82048],[-84.34318,36.82059],[-84.3429,36.82068],[-84.34152,36.82053],[-84.34042,36.82063],[-84.33967,36.82101],[-84.3395,36.82121],[-84.33822,36.82197],[-84.33763,36.82241],[-84.33633,36.82301],[-84.33544,36.82358],[-84.33419,36.82405],[-84.33358,36.82419],[-84.3324,36.82409],[-84.33194,36.82375],[-84.33175,36.82346],[-84.33148,36.82324],[-84.33118,36.82286],[-84.33091,36.82277],[-84.33044,36.82285],[-84.32988,36.82315],[-84.32938,36.82372],[-84.32929,36.82399],[-84.32928,36.82443],[-84.32955,36.82463],[-84.32969,36.8249],[-84.32963,36.8251],[-84.32946,36.82525],[-84.32882,36.82538],[-84.32814,36.82508],[-84.32751,36.82494],[-84.32676,36.82509],[-84.32646,36.82524],[-84.32637,36.82537],[-84.32653,36.82599],[-84.32649,36.82623],[-84.3263,36.82652],[-84.3261,36.8266],[-84.32511,36.82639],[-84.32473,36.82643],[-84.32448,36.82654],[-84.32425,36.82676],[-84.32405,36.82707],[-84.32372,36.82737],[-84.3235,36.82735],[-84.32344,36.82728],[-84.32354,36.82651],[-84.32333,36.82613],[-84.3224,36.82596],[-84.32174,36.82591],[-84.32151,36.82597],[-84.32132,36.82615],[-84.32126,36.82637],[-84.32122,36.82832],[-84.32078,36.82862],[-84.32025,36.8285],[-84.31957,36.82845],[-84.31935,36.82856],[-84.31853,36.82932],[-84.31788,36.83011],[-84.3171,36.83085],[-84.31657,36.83107],[-84.31572,36.83115],[-84.31519,36.8315],[-84.31501,36.8318],[-84.31501,36.832],[-84.31537,36.83221],[-84.31566,36.8325],[-84.3158,36.83274],[-84.31574,36.83301],[-84.31511,36.83415],[-84.31499,36.8359],[-84.3146,36.83638],[-84.31376,36.83699],[-84.314,36.83719],[-84.3145,36.83735],[-84.31463,36.83746],[-84.31487,36.83804],[-84.31506,36.83824],[-84.31577,36.83859],[-84.31634,36.83866],[-84.31738,36.83792],[-84.31785,36.83777],[-84.3182,36.83791],[-84.31828,36.83809],[-84.3185,36.83829],[-84.3186,36.83855],[-84.31904,36.83891],[-84.31948,36.8389],[-84.32023,36.8386],[-84.32048,36.83847],[-84.32076,36.8382],[-84.32139,36.83826],[-84.32164,36.83841],[-84.32166,36.83859],[-84.32182,36.83882],[-84.32253,36.8392],[-84.32274,36.83947],[-84.32271,36.83969],[-84.32282,36.84007],[-84.32306,36.84025],[-84.32361,36.84023],[-84.32419,36.83997],[-84.32442,36.83975],[-84.32518,36.83868],[-84.32563,36.8386],[-84.32626,36.83869],[-84.32664,36.83885],[-84.32738,36.83899],[-84.32793,36.8392],[-84.32869,36.83983],[-84.32902,36.8399],[-84.32998,36.83965],[-84.33034,36.83965],[-84.33092,36.83979],[-84.33125,36.83997],[-84.33154,36.8404],[-84.33173,36.84044],[-84.33198,36.84022],[-84.33221,36.83985],[-84.33252,36.83974],[-84.33318,36.83964],[-84.33513,36.83982],[-84.33651,36.83964],[-84.33715,36.83931],[-84.33768,36.83885],[-84.33849,36.83847],[-84.33907,36.83812],[-84.34004,36.83784],[-84.34057,36.83776],[-84.34134,36.83784],[-84.34156,36.83791],[-84.34183,36.83811],[-84.34191,36.83826],[-84.3419,36.83853],[-84.34157,36.8389],[-84.34148,36.83908],[-84.34153,36.83926],[-84.34186,36.83935],[-84.34225,36.83935],[-84.34246,36.83955],[-84.34249,36.83978],[-84.34223,36.84028],[-84.34167,36.8407],[-84.34169,36.84132],[-84.34087,36.84208],[-84.34076,36.8423],[-84.34072,36.84301],[-84.34041,36.84323],[-84.34024,36.84356],[-84.34021,36.84378],[-84.33984,36.84408],[-84.33929,36.84423],[-84.33871,36.84427],[-84.33775,36.84421],[-84.33634,36.84446],[-84.33614,36.84455],[-84.33512,36.84456],[-84.33436,36.84426],[-84.33387,36.84392],[-84.33354,36.84383],[-84.33238,36.84386],[-84.33183,36.84403],[-84.33058,36.84481],[-84.33021,36.8452],[-84.32958,36.84646],[-84.32913,36.84705],[-84.32876,36.84742],[-84.32875,36.84795],[-84.32841,36.84855],[-84.32821,36.8491],[-84.32787,36.84929],[-84.32779,36.84943],[-84.3278,36.85047],[-84.32756,36.85113],[-84.32719,36.85174],[-84.32686,36.85216],[-84.32658,36.8524],[-84.32605,36.85268],[-84.32563,36.85276],[-84.32416,36.85341],[-84.32331,36.85324],[-84.32298,36.85324],[-84.32245,36.85341],[-84.32148,36.85358],[-84.3208,36.85315],[-84.32056,36.85308],[-84.31984,36.85307],[-84.31927,36.85288],[-84.31808,36.85318],[-84.31755,36.85353],[-84.31727,36.85363],[-84.31654,36.85413],[-84.31544,36.85436],[-84.31524,36.85467],[-84.31496,36.85482],[-84.31404,36.85561],[-84.31365,36.8558],[-84.31311,36.85651],[-84.31299,36.85692],[-84.31307,36.85739],[-84.31298,36.85765],[-84.31299,36.85823],[-84.31281,36.85931],[-84.31235,36.86013],[-84.31232,36.86041],[-84.31256,36.86082],[-84.31354,36.86145],[-84.31421,36.86223],[-84.31484,36.86268],[-84.31533,36.86282],[-84.31654,36.86297],[-84.31682,36.86293],[-84.31745,36.86298],[-84.3178,36.86316],[-84.31878,36.86415],[-84.31932,36.86451],[-84.31965,36.86467],[-84.32044,36.86479],[-84.32096,36.8651],[-84.32118,36.86546],[-84.32122,36.86619],[-84.32132,36.86644],[-84.32164,36.86693],[-84.32197,36.86715],[-84.32213,36.86742],[-84.32229,36.86753],[-84.32234,36.86789],[-84.32228,36.86842],[-84.32204,36.86906],[-84.32203,36.86959],[-84.32233,36.86981],[-84.32274,36.87037],[-84.32258,36.87112],[-84.32244,36.87127],[-84.32238,36.87152],[-84.32372,36.87207],[-84.32588,36.87282],[-84.32684,36.87325],[-84.3269,36.87312],[-84.32691,36.87268],[-84.32679,36.87177],[-84.32699,36.87115],[-84.32705,36.87073],[-84.32716,36.86965],[-84.32717,36.86876],[-84.32704,36.86841],[-84.32699,36.86805],[-84.32686,36.86781],[-84.32674,36.86706],[-84.32667,36.86637],[-84.32673,36.86586],[-84.326,36.86512],[-84.32568,36.86496],[-84.32511,36.86451],[-84.32489,36.86413],[-84.32392,36.86306],[-84.32379,36.86264],[-84.32403,36.86178],[-84.32392,36.86162],[-84.32368,36.86146],[-84.32252,36.8616],[-84.32224,36.86155],[-84.32205,36.86146],[-84.32189,36.86128],[-84.32185,36.86131],[-84.3217,36.86108],[-84.32088,36.86059],[-84.31957,36.86008],[-84.31921,36.86008],[-84.31897,36.86001],[-84.3188,36.85987],[-84.31776,36.8596],[-84.317,36.85932],[-84.31678,36.85912],[-84.31676,36.85864],[-84.3171,36.85824],[-84.31719,36.85793],[-84.31736,36.85773],[-84.31747,36.85747],[-84.31769,36.85734],[-84.31883,36.85704],[-84.31943,36.85711],[-84.31984,36.85736],[-84.32006,36.85759],[-84.3205,36.85779],[-84.32113,36.85776],[-84.32188,36.8575],[-84.3224,36.85777],[-84.3233,36.85794],[-84.32358,36.85792],[-84.32399,36.85775],[-84.32444,36.85744],[-84.32494,36.85729],[-84.32683,36.85643],[-84.32744,36.85637],[-84.32766,36.85629],[-84.32845,36.8553],[-84.32912,36.8546],[-84.32974,36.85423],[-84.33021,36.85379],[-84.33038,36.85357],[-84.33062,36.85282],[-84.33087,36.85239],[-84.3314,36.8521],[-84.33163,36.85189],[-84.33183,36.85153],[-84.33183,36.85109],[-84.33168,36.8504],[-84.33166,36.84998],[-84.33181,36.84932],[-84.33221,36.84873],[-84.33247,36.8482],[-84.33292,36.84761],[-84.33325,36.84746],[-84.33389,36.84733],[-84.33519,36.84684],[-84.33604,36.84696],[-84.33717,36.84733],[-84.33799,36.84731],[-84.33882,36.84715],[-84.33976,36.84718],[-84.34023,36.8471],[-84.34084,36.84691],[-84.3417,36.84625],[-84.34206,36.84606],[-84.34276,36.84584],[-84.34332,36.8451],[-84.34383,36.84468],[-84.34413,36.84458],[-84.34472,36.84414],[-84.34538,36.84278],[-84.34591,36.8421],[-84.346,36.84166],[-84.34643,36.84071],[-84.34667,36.83961],[-84.3469,36.83912],[-84.347,36.83852],[-84.34679,36.83781],[-84.34665,36.83675],[-84.34649,36.83639],[-84.34624,36.83621],[-84.3458,36.83605],[-84.34477,36.83551],[-84.34324,36.83456],[-84.34272,36.83458],[-84.34171,36.83403],[-84.34103,36.83378],[-84.34073,36.83373],[-84.33987,36.83368],[-84.33938,36.83376],[-84.33858,36.83377],[-84.33664,36.83444],[-84.33566,36.83524],[-84.3343,36.83554],[-84.33416,36.83578],[-84.33421,36.83618],[-84.3341,36.83633],[-84.33382,36.83639],[-84.33251,36.83614],[-84.33228,36.83598],[-84.33185,36.83582],[-84.33124,36.83574],[-84.33072,36.83549],[-84.3298,36.83482],[-84.32947,36.83468],[-84.32829,36.83442],[-84.32774,36.83437],[-84.32719,36.8345],[-84.327,36.83445],[-84.32661,36.83341],[-84.32641,36.83338],[-84.32619,36.83347],[-84.32556,36.83346],[-84.32484,36.83363],[-84.32459,36.83374],[-84.32434,36.834],[-84.32417,36.83408],[-84.3234,36.83403],[-84.32254,36.83409],[-84.3208,36.83462],[-84.32033,36.83459],[-84.32017,36.83443],[-84.32026,36.83415],[-84.32043,36.83397],[-84.3212,36.83365],[-84.32157,36.83339],[-84.32188,36.83288],[-84.32224,36.83284],[-84.32248,36.83294],[-84.3238,36.83311],[-84.32405,36.833],[-84.32447,36.83261],[-84.32467,36.83234],[-84.32479,36.83203],[-84.32501,36.83184],[-84.3254,36.8318],[-84.32565,36.8316],[-84.32634,36.83141],[-84.32651,36.83119],[-84.3269,36.83095],[-84.32779,36.83059],[-84.32823,36.83059],[-84.32884,36.83038],[-84.32926,36.83001],[-84.32946,36.82948],[-84.33102,36.82868],[-84.33218,36.82847],[-84.33262,36.82846],[-84.33328,36.82868],[-84.33388,36.82854],[-84.33413,36.82841],[-84.33433,36.82817],[-84.33527,36.82744],[-84.33639,36.82711],[-84.33702,36.82709],[-84.33899,36.8265],[-84.34067,36.82623],[-84.34095,36.82608],[-84.34142,36.82595],[-84.34207,36.82529],[-84.34289,36.82537],[-84.34349,36.82562],[-84.34373,36.82607],[-84.34403,36.82636],[-84.34433,36.82647],[-84.34499,36.82641],[-84.34525,36.82624],[-84.34539,36.826],[-84.34531,36.82562],[-84.34505,36.82504],[-84.3452,36.82438],[-84.34593,36.82355],[-84.34652,36.823],[-84.3468,36.82278],[-84.34757,36.82264],[-84.34774,36.82253],[-84.34825,36.82187],[-84.34852,36.82172],[-84.34913,36.82184],[-84.34951,36.82202],[-84.34975,36.82227],[-84.35008,36.82249],[-84.35109,36.82286],[-84.35206,36.82265],[-84.35217,36.82254],[-84.35245,36.82219],[-84.35251,36.82194],[-84.35243,36.82166],[-84.35216,36.82143],[-84.35192,36.82101],[-84.3519,36.82074],[-84.35177,36.82043],[-84.35147,36.82014],[-84.35122,36.82009],[-84.35109,36.81998],[-84.35109,36.81982],[-84.35146,36.81954],[-84.35248,36.81933],[-84.35314,36.81912],[-84.35337,36.81894],[-84.35341,36.81804],[-84.35328,36.81757],[-84.35332,36.81722],[-84.35346,36.81691],[-84.35366,36.81669],[-84.35447,36.81604],[-84.35631,36.81482],[-84.35686,36.81463],[-84.35834,36.81495],[-84.35916,36.8153],[-84.35957,36.81541],[-84.35988,36.81533],[-84.35996,36.81513],[-84.35958,36.81344],[-84.35874,36.81279],[-84.35861,36.81257],[-84.35872,36.8123],[-84.35973,36.81154],[-84.35987,36.81139],[-84.35987,36.81125],[-84.35954,36.81107],[-84.35921,36.81098],[-84.35864,36.81093],[-84.35831,36.81068],[-84.35793,36.81052],[-84.35747,36.81007],[-84.35736,36.80985],[-84.35735,36.80912],[-84.35697,36.80856],[-84.35414,36.80669],[-84.35407,36.80625],[-84.35378,36.80547],[-84.35356,36.8054],[-84.3534,36.80544],[-84.35267,36.80583],[-84.35163,36.80593],[-84.35143,36.80593],[-84.35119,36.80581],[-84.35055,36.80587],[-84.34938,36.80528],[-84.3485,36.80516],[-84.3482,36.80525],[-84.34786,36.8056],[-84.34753,36.8057],[-84.3472,36.80568],[-84.34709,36.80554],[-84.34719,36.8047],[-84.34768,36.80356],[-84.34821,36.80308],[-84.34929,36.80271],[-84.3496,36.80252],[-84.35126,36.80072],[-84.35149,36.79995],[-84.35191,36.79938],[-84.35206,36.79892],[-84.35214,36.79755],[-84.35223,36.79724],[-84.35251,36.797],[-84.35266,36.79631],[-84.35261,36.79585],[-84.35238,36.79518],[-84.35206,36.79456],[-84.35202,36.79391],[-84.35216,36.79365],[-84.35246,36.79352],[-84.35382,36.79332],[-84.35434,36.79312],[-84.35457,36.79295],[-84.35476,36.79264],[-84.35485,36.79233],[-84.35483,36.79213],[-84.35412,36.79186],[-84.35274,36.79178],[-84.35241,36.79168],[-84.35239,36.79131],[-84.3526,36.79069],[-84.3525,36.79016],[-84.35236,36.78993],[-84.3519,36.78993],[-84.35115,36.79012],[-84.35082,36.79],[-84.35056,36.7892],[-84.35062,36.78883],[-84.35085,36.78868],[-84.35168,36.78842],[-84.35182,36.78822],[-84.35179,36.78805],[-84.35152,36.7878],[-84.35122,36.78766],[-84.35104,36.78728],[-84.35099,36.78693],[-84.3512,36.78578],[-84.35149,36.78523],[-84.35169,36.78453],[-84.35154,36.78408],[-84.35158,36.78309],[-84.35116,36.78093],[-84.35084,36.78009],[-84.35052,36.77973],[-84.3498,36.77855],[-84.3498,36.77835],[-84.35008,36.77806],[-84.35083,36.7779],[-84.35135,36.77766],[-84.35158,36.77748],[-84.35194,36.77702],[-84.35222,36.77687],[-84.35283,36.77677],[-84.35341,36.77656],[-84.354,36.77603],[-84.35409,36.77577],[-84.35401,36.77554],[-84.35371,36.77543],[-84.35173,36.77534],[-84.35112,36.77549],[-84.35087,36.77562],[-84.35022,36.77667],[-84.34994,36.77691],[-84.34972,36.77704],[-84.34941,36.7771],[-84.34914,36.77706],[-84.3486,36.77643],[-84.34773,36.77589],[-84.34751,36.77569],[-84.34747,36.77502],[-84.34737,36.7746],[-84.34721,36.7744],[-84.34677,36.77431],[-84.3463,36.77454],[-84.34602,36.77458],[-84.34561,36.77442],[-84.34496,36.77402],[-84.34466,36.77368],[-84.34447,36.77333],[-84.34438,36.77233],[-84.34425,36.77219],[-84.34408,36.77213],[-84.34358,36.77234],[-84.34317,36.7724],[-84.34261,36.77297],[-84.34225,36.77312],[-84.342,36.77312],[-84.34167,36.77325],[-84.34163,36.77373],[-84.34152,36.77404],[-84.34127,36.77422],[-84.34085,36.7743],[-84.3403,36.77427],[-84.33926,36.77397],[-84.33913,36.77362],[-84.33928,36.77275],[-84.33926,36.77251],[-84.33875,36.77217],[-84.33867,36.77204],[-84.3386,36.77135],[-84.33865,36.77113],[-84.339,36.77045],[-84.33928,36.77032],[-84.34096,36.76992],[-84.34094,36.76972],[-84.34089,36.76948],[-84.34072,36.76934],[-84.34012,36.76909],[-84.33941,36.76899],[-84.33911,36.76881],[-84.33914,36.76857],[-84.33909,36.76839],[-84.33893,36.76826],[-84.33882,36.76823],[-84.33849,36.76836],[-84.33829,36.76831],[-84.33819,36.76816],[-84.338,36.76765],[-84.33818,36.76734],[-84.3384,36.76716],[-84.33846,36.7669],[-84.33835,36.76666],[-84.33814,36.76648],[-84.3375,36.76642],[-84.33721,36.76607],[-84.33716,36.76573],[-84.33722,36.76534],[-84.33742,36.76507],[-84.33801,36.76466],[-84.33801,36.76437],[-84.33791,36.76408],[-84.33772,36.76381],[-84.33739,36.76368],[-84.33632,36.76358],[-84.33588,36.76348],[-84.33564,36.76339],[-84.33523,36.7631],[-84.33475,36.76234],[-84.33369,36.75998],[-84.3332,36.7595],[-84.33278,36.75877],[-84.33245,36.75848],[-84.33207,36.75832],[-84.33158,36.75798],[-84.3309,36.75762],[-84.33039,36.75697],[-84.33015,36.75653],[-84.32982,36.75508],[-84.32972,36.75495],[-84.32947,36.75486],[-84.32936,36.7549],[-84.3293,36.75506],[-84.32934,36.75568],[-84.3295,36.75639],[-84.32938,36.75654],[-84.32919,36.75658],[-84.32848,36.75629],[-84.32712,36.75534],[-84.32652,36.75509],[-84.32633,36.75493],[-84.32523,36.75483],[-84.32477,36.75467],[-84.3245,36.75447],[-84.32414,36.75446],[-84.32403,36.7545],[-84.32385,36.75521],[-84.32387,36.75585],[-84.32372,36.75654],[-84.32358,36.75667],[-84.3233,36.75669],[-84.323,36.75659],[-84.32281,36.75639],[-84.3224,36.75612],[-84.32214,36.75552],[-84.3219,36.7553],[-84.32176,36.75505],[-84.32177,36.75452],[-84.32192,36.75423],[-84.32256,36.75347],[-84.3228,36.75287],[-84.32269,36.75258],[-84.32245,36.75232],[-84.32202,36.75189],[-84.32169,36.75169],[-84.32097,36.75181],[-84.32051,36.75172],[-84.32026,36.75174],[-84.31987,36.75197],[-84.31943,36.75195],[-84.31875,36.75136],[-84.31815,36.75131],[-84.3174,36.75166],[-84.3172,36.75216],[-84.31697,36.75229],[-84.31662,36.752],[-84.31646,36.75164],[-84.31603,36.75131],[-84.31589,36.75131],[-84.31543,36.75108],[-84.31409,36.75082],[-84.3137,36.75088],[-84.31351,36.75103],[-84.31353,36.75128],[-84.31366,36.75168],[-84.31395,36.75221],[-84.31397,36.75243],[-84.31386,36.75272],[-84.3128,36.75361],[-84.31123,36.75468],[-84.3106,36.7548],[-84.31013,36.75478],[-84.3089,36.75447],[-84.30871,36.75447],[-84.30827,36.75458],[-84.30771,36.75486],[-84.30721,36.75531],[-84.30703,36.75571],[-84.30724,36.75627],[-84.30762,36.75665],[-84.3078,36.7572],[-84.30769,36.75738],[-84.3073,36.75768],[-84.30658,36.75768],[-84.30607,36.75729],[-84.30593,36.75707],[-84.30569,36.75702],[-84.30527,36.75713],[-84.30505,36.75735],[-84.30493,36.75759],[-84.30487,36.75799],[-84.30488,36.75905],[-84.30498,36.75963],[-84.30519,36.76009],[-84.30524,36.76036],[-84.30485,36.76062],[-84.30419,36.7607],[-84.30353,36.7606],[-84.30328,36.76042],[-84.30277,36.75993],[-84.30267,36.75969],[-84.30172,36.75899],[-84.30147,36.75867],[-84.30132,36.75834],[-84.30088,36.7582],[-84.3003,36.75815],[-84.29934,36.75794],[-84.2989,36.75798],[-84.29874,36.758],[-84.29857,36.75813],[-84.29826,36.75861],[-84.29809,36.75868],[-84.29787,36.75861],[-84.29762,36.75863],[-84.29726,36.75878],[-84.29693,36.75879],[-84.29647,36.75874],[-84.29608,36.75858],[-84.29605,36.75864],[-84.29589,36.75849],[-84.29563,36.758],[-84.2955,36.75725],[-84.2957,36.7569],[-84.29607,36.75648],[-84.29616,36.75617],[-84.2959,36.75553],[-84.29554,36.7553],[-84.29519,36.75521],[-84.29475,36.7552],[-84.29365,36.75526],[-84.29279,36.75553],[-84.29223,36.75586],[-84.29134,36.7562],[-84.29113,36.75611],[-84.29108,36.75569],[-84.29116,36.75456],[-84.29098,36.75385],[-84.29046,36.75347],[-84.28882,36.75289],[-84.28787,36.75242],[-84.28646,36.75149],[-84.28602,36.75111],[-84.28553,36.75093],[-84.28236,36.75268],[-84.28063,36.75376],[-84.28121,36.75393],[-84.28195,36.75405],[-84.28258,36.75405],[-84.28343,36.75418],[-84.28403,36.7546],[-84.28425,36.75481],[-84.28466,36.75594],[-84.28482,36.75616],[-84.28531,36.75657],[-84.28564,36.75673],[-84.28621,36.75722],[-84.28647,36.75787],[-84.28721,36.75934],[-84.28747,36.76034],[-84.28778,36.76116],[-84.2881,36.76154],[-84.28878,36.76203],[-84.28916,36.76217],[-84.28947,36.7622],[-84.29032,36.7621],[-84.29089,36.76233],[-84.29111,36.76253],[-84.29119,36.76275],[-84.29112,36.76346],[-84.29117,36.76372],[-84.29144,36.76395],[-84.29166,36.76395],[-84.29186,36.76382],[-84.29231,36.76314],[-84.29253,36.76312],[-84.29284,36.76328],[-84.29335,36.76477],[-84.29354,36.76502],[-84.29387,36.76513],[-84.29417,36.76514],[-84.29486,36.76492],[-84.29497,36.76481],[-84.29594,36.76485],[-84.29624,36.76474],[-84.29633,36.76459],[-84.29633,36.76445],[-84.29612,36.7639],[-84.29571,36.76347],[-84.29564,36.76321],[-84.29567,36.7631],[-84.29589,36.76274],[-84.29645,36.76249],[-84.29675,36.76251],[-84.29699,36.76291],[-84.2974,36.76327],[-84.29833,36.76339],[-84.29846,36.7636],[-84.29869,36.76442],[-84.29888,36.76466],[-84.29924,36.76471],[-84.29963,36.76461],[-84.30044,36.76402],[-84.30079,36.76411],[-84.30093,36.76431],[-84.30105,36.76476],[-84.30127,36.7652],[-84.30152,36.76618],[-84.30214,36.76716],[-84.30249,36.76732],[-84.30304,36.76728],[-84.30327,36.76702],[-84.30343,36.7658],[-84.30354,36.76554],[-84.30371,36.76534],[-84.30402,36.76526],[-84.30413,36.76513],[-84.30441,36.76502],[-84.30565,36.76479],[-84.30662,36.76441],[-84.3072,36.76408],[-84.30759,36.76397],[-84.309,36.76386],[-84.30922,36.76371],[-84.30959,36.76314],[-84.30975,36.76303],[-84.31031,36.76288],[-84.31086,36.76262],[-84.31191,36.76232],[-84.31255,36.76198],[-84.313,36.76158],[-84.31312,36.76134],[-84.31351,36.7609],[-84.31434,36.76036],[-84.31447,36.75943],[-84.31473,36.75902],[-84.31512,36.7586],[-84.31571,36.75803],[-84.31621,36.75777],[-84.31685,36.75756],[-84.3172,36.75756],[-84.31731,36.75776],[-84.31728,36.75807],[-84.31679,36.75889],[-84.31676,36.75915],[-84.31681,36.75935],[-84.31708,36.75964],[-84.31755,36.75983],[-84.3184,36.75999],[-84.31881,36.76],[-84.31895,36.75993],[-84.31961,36.75987],[-84.32005,36.75986],[-84.32041,36.75993],[-84.32079,36.76011],[-84.32092,36.76035],[-84.32154,36.76076],[-84.32297,36.76084],[-84.32346,36.76107],[-84.3248,36.76149],[-84.32574,36.76152],[-84.32648,36.7614],[-84.32784,36.76095],[-84.32815,36.76071],[-84.32859,36.76052],[-84.32876,36.76058],[-84.32889,36.76081],[-84.32896,36.76127]]]}},{"type":"Feature","properties":{"NAME":"Green River Wild River","TYPE":"Wild River (State)","ACCESS":"Restricted","URL":"https://eec.ky.gov/Nature-Preserves/Locations/Pages/Green-River-Wild-River.aspx"},"geometry":{"type":"Polygon","coordinates":[[[-86.252,37.21759],[-86.25375,37.21879],[-86.25419,37.21893],[-86.2555,37.21889],[-86.25594,37.21899],[-86.2562,37.2192],[-86.25651,37.21934],[-86.25669,37.21976],[-86.25674,37.22028],[-86.25661,37.22144],[-86.25675,37.2221],[-86.25715,37.22252],[-86.25741,37.22252],[-86.25767,37.22238],[-86.25797,37.22196],[-86.25836,37.22098],[-86.25822,37.21996],[-86.25822,37.21954],[-86.25831,37.21926],[-86.25866,37.21912],[-86.25953,37.21915],[-86.25967,37.21932],[-86.26059,37.21984],[-86.26085,37.21991],[-86.26138,37.21988],[-86.26164,37.21967],[-86.26278,37.21927],[-86.26418,37.2192],[-86.26488,37.21909],[-86.2654,37.21888],[-86.26566,37.21863],[-86.26609,37.21782],[-86.2664,37.21758],[-86.26706,37.2175],[-86.26763,37.21782],[-86.26789,37.21789],[-86.26903,37.21774],[-86.2699,37.21753],[-86.27038,37.21731],[-86.2706,37.2171],[-86.27055,37.21679],[-86.27011,37.21644],[-86.26932,37.21613],[-86.26875,37.21575],[-86.26849,37.21543],[-86.26848,37.21519],[-86.26857,37.21494],[-86.26892,37.21448],[-86.27053,37.21332],[-86.27096,37.21265],[-86.27114,37.21248],[-86.27118,37.21213],[-86.27056,37.21188],[-86.2693,37.21213],[-86.26916,37.21196],[-86.26929,37.21115],[-86.26924,37.2108],[-86.26898,37.21038],[-86.26809,37.20927],[-86.26752,37.20871],[-86.26686,37.20833],[-86.26633,37.20815],[-86.26554,37.2077],[-86.26396,37.20655],[-86.26334,37.20649],[-86.26269,37.20649],[-86.26225,37.2067],[-86.26195,37.20709],[-86.26129,37.20765],[-86.2606,37.20804],[-86.2602,37.20811],[-86.25855,37.20945],[-86.25833,37.20984],[-86.2582,37.21029],[-86.25838,37.21043],[-86.25921,37.21081],[-86.25961,37.21092],[-86.25965,37.21106],[-86.25992,37.21134],[-86.26001,37.21155],[-86.25997,37.21221],[-86.25984,37.21246],[-86.25923,37.21298],[-86.25892,37.21309],[-86.25866,37.21309],[-86.25813,37.21288],[-86.25796,37.21264],[-86.25769,37.21264],[-86.25708,37.21306],[-86.25673,37.21215],[-86.25614,37.2119],[-86.25602,37.21177],[-86.25554,37.21153],[-86.25383,37.21126],[-86.25356,37.21108],[-86.25348,37.21091],[-86.25282,37.21095],[-86.25247,37.21116],[-86.25208,37.21158],[-86.25182,37.21172],[-86.2516,37.21162],[-86.25146,37.21137],[-86.25142,37.21102],[-86.25115,37.21071],[-86.2515,37.21011],[-86.25176,37.20909],[-86.25162,37.20839],[-86.25118,37.20822],[-86.24978,37.2083],[-86.24934,37.20847],[-86.24838,37.20844],[-86.24785,37.20823],[-86.24759,37.20764],[-86.24749,37.20705],[-86.24767,37.20662],[-86.24819,37.20589],[-86.24884,37.20525],[-86.24932,37.20459],[-86.24944,37.20409],[-86.24944,37.20332],[-86.24926,37.20262],[-86.24855,37.20158],[-86.24741,37.20063],[-86.24679,37.20032],[-86.24552,37.19945],[-86.24446,37.19897],[-86.24376,37.19883],[-86.24306,37.19883],[-86.24135,37.19901],[-86.24,37.19937],[-86.23899,37.19951],[-86.23737,37.19987],[-86.23698,37.1998],[-86.23579,37.19865],[-86.23477,37.19743],[-86.23425,37.19747],[-86.23337,37.19765],[-86.2318,37.19835],[-86.23098,37.19906],[-86.23067,37.19948],[-86.23028,37.20025],[-86.23011,37.20043],[-86.23007,37.20071],[-86.23029,37.20141],[-86.23108,37.20235],[-86.2317,37.20322],[-86.23197,37.20378],[-86.23141,37.20466],[-86.23075,37.20529],[-86.22967,37.20659],[-86.22928,37.20751],[-86.22884,37.20779],[-86.22845,37.2079],[-86.2281,37.20814],[-86.22793,37.20853],[-86.22767,37.20955],[-86.22745,37.20993],[-86.22715,37.21011],[-86.22697,37.21004],[-86.22649,37.20941],[-86.2264,37.20892],[-86.22643,37.20724],[-86.22621,37.20692],[-86.22599,37.20682],[-86.22551,37.20693],[-86.22472,37.20725],[-86.2245,37.20742],[-86.22433,37.20788],[-86.22368,37.20841],[-86.22276,37.20851],[-86.22171,37.20841],[-86.22144,37.20817],[-86.22043,37.20751],[-86.21986,37.20723],[-86.21938,37.20678],[-86.21907,37.20632],[-86.21885,37.20622],[-86.21819,37.20566],[-86.21607,37.20423],[-86.21533,37.20392],[-86.21493,37.20354],[-86.21335,37.20295],[-86.2126,37.20235],[-86.21221,37.20218],[-86.21194,37.20187],[-86.21124,37.20145],[-86.20913,37.20079],[-86.20843,37.20041],[-86.20781,37.19954],[-86.20755,37.19898],[-86.20667,37.19831],[-86.20592,37.19821],[-86.20417,37.1985],[-86.20378,37.19864],[-86.20334,37.19892],[-86.20278,37.19935],[-86.20251,37.19966],[-86.20077,37.20023],[-86.19994,37.20037],[-86.19888,37.20045],[-86.19871,37.20052],[-86.1981,37.20055],[-86.19704,37.20038],[-86.19683,37.20024],[-86.1966,37.19993],[-86.19607,37.19916],[-86.19581,37.19867],[-86.19572,37.19829],[-86.19576,37.19794],[-86.19536,37.19657],[-86.19483,37.19559],[-86.19508,37.19458],[-86.19534,37.19401],[-86.19538,37.19342],[-86.19516,37.19247],[-86.19481,37.19233],[-86.19354,37.19241],[-86.19301,37.19238],[-86.19275,37.1921],[-86.19265,37.19073],[-86.19238,37.18989],[-86.19212,37.18951],[-86.1915,37.18919],[-86.18945,37.18896],[-86.18791,37.18837],[-86.18707,37.18792],[-86.18685,37.1875],[-86.18681,37.18697],[-86.18706,37.18557],[-86.18683,37.18375],[-86.18661,37.18336],[-86.18482,37.18425],[-86.18268,37.18492],[-86.18106,37.18489],[-86.18053,37.18468],[-86.18014,37.18437],[-86.17939,37.18427],[-86.17711,37.18361],[-86.1768,37.18343],[-86.17671,37.18322],[-86.17684,37.18238],[-86.17688,37.1814],[-86.17705,37.18105],[-86.17766,37.18059],[-86.17792,37.18028],[-86.17792,37.18],[-86.17766,37.17979],[-86.17726,37.17979],[-86.17643,37.17965],[-86.17538,37.17994],[-86.17455,37.18032],[-86.17324,37.18107],[-86.17102,37.18177],[-86.17023,37.18178],[-86.16983,37.1816],[-86.16974,37.18083],[-86.16961,37.18045],[-86.16943,37.18024],[-86.16917,37.18017],[-86.16838,37.18014],[-86.16799,37.18021],[-86.16694,37.18077],[-86.16619,37.18067],[-86.16593,37.18046],[-86.16593,37.1799],[-86.16658,37.17895],[-86.16671,37.17885],[-86.16671,37.17867],[-86.1657,37.17815],[-86.16543,37.17787],[-86.16491,37.17763],[-86.16372,37.17725],[-86.16324,37.1769],[-86.16258,37.17662],[-86.16218,37.17585],[-86.16205,37.17529],[-86.162,37.17466],[-86.16213,37.17403],[-86.1623,37.17364],[-86.16287,37.17305],[-86.16295,37.17269],[-86.16277,37.17143],[-86.1629,37.17108],[-86.16377,37.17038],[-86.16438,37.17013],[-86.16543,37.16995],[-86.16561,37.16981],[-86.16727,37.16925],[-86.16749,37.16904],[-86.16748,37.16886],[-86.16735,37.16872],[-86.16494,37.16827],[-86.16411,37.16747],[-86.16353,37.16667],[-86.163,37.16611],[-86.16182,37.16545],[-86.16156,37.16541],[-86.16094,37.16517],[-86.16037,37.16517],[-86.1598,37.16507],[-86.15949,37.16469],[-86.15901,37.16441],[-86.15875,37.16448],[-86.15809,37.1643],[-86.15739,37.16427],[-86.15621,37.16386],[-86.15581,37.16365],[-86.1555,37.1633],[-86.15524,37.16312],[-86.15476,37.16249],[-86.15418,37.16197],[-86.15388,37.16159],[-86.15348,37.16176],[-86.15274,37.16163],[-86.1523,37.16163],[-86.15186,37.16177],[-86.15173,37.16194],[-86.15169,37.1623],[-86.15169,37.16296],[-86.15179,37.16373],[-86.15201,37.16471],[-86.15197,37.16531],[-86.15162,37.16552],[-86.1511,37.1657],[-86.14803,37.16578],[-86.14764,37.1662],[-86.14756,37.16676],[-86.14804,37.16735],[-86.14805,37.16823],[-86.14683,37.16995],[-86.14661,37.17054],[-86.14649,37.17121],[-86.14662,37.1717],[-86.14684,37.17212],[-86.14732,37.17254],[-86.14768,37.17299],[-86.14772,37.17355],[-86.14742,37.1739],[-86.14633,37.17415],[-86.14528,37.17412],[-86.14497,37.17423],[-86.14466,37.1744],[-86.14432,37.17476],[-86.14454,37.17539],[-86.14485,37.17588],[-86.14577,37.17647],[-86.14647,37.17671],[-86.147,37.17678],[-86.14757,37.17674],[-86.1484,37.17691],[-86.14862,37.17712],[-86.14875,37.17744],[-86.14871,37.17793],[-86.1488,37.17831],[-86.15016,37.17901],[-86.15042,37.17925],[-86.15051,37.17978],[-86.15034,37.18006],[-86.14947,37.18097],[-86.1486,37.18203],[-86.14825,37.18224],[-86.14828,37.18227],[-86.1479,37.18245],[-86.14773,37.18245],[-86.14751,37.18235],[-86.14733,37.18214],[-86.14707,37.18158],[-86.14671,37.18112],[-86.14641,37.18095],[-86.14614,37.18067],[-86.14531,37.1806],[-86.1447,37.18082],[-86.14413,37.18141],[-86.144,37.18166],[-86.144,37.18222],[-86.14445,37.18306],[-86.14436,37.18323],[-86.14419,37.18334],[-86.14392,37.1833],[-86.14362,37.18306],[-86.14348,37.1832],[-86.14349,37.18352],[-86.14384,37.18401],[-86.14376,37.18502],[-86.14306,37.18534],[-86.14245,37.18545],[-86.14118,37.18587],[-86.1403,37.18584],[-86.13982,37.1856],[-86.13933,37.185],[-86.1392,37.18469],[-86.13894,37.18448],[-86.13876,37.18406],[-86.13836,37.18364],[-86.13806,37.18339],[-86.13762,37.18336],[-86.13692,37.18375],[-86.13644,37.18442],[-86.13636,37.18477],[-86.13658,37.18575],[-86.13658,37.18606],[-86.13645,37.18638],[-86.13606,37.18673],[-86.1354,37.18677],[-86.13505,37.18659],[-86.13483,37.18631],[-86.13422,37.18593],[-86.13369,37.18583],[-86.13269,37.18607],[-86.13225,37.18587],[-86.1322,37.18573],[-86.1322,37.18545],[-86.13255,37.18492],[-86.13259,37.18464],[-86.13198,37.18429],[-86.13154,37.18426],[-86.1311,37.18433],[-86.13062,37.18422],[-86.1304,37.18398],[-86.13031,37.1836],[-86.13039,37.18331],[-86.13061,37.18303],[-86.1307,37.18275],[-86.1307,37.18237],[-86.13008,37.18181],[-86.12973,37.18171],[-86.12942,37.18178],[-86.12877,37.1823],[-86.12851,37.18259],[-86.12798,37.1829],[-86.12746,37.18283],[-86.12724,37.18259],[-86.12719,37.18234],[-86.12732,37.18203],[-86.12789,37.18143],[-86.12793,37.18094],[-86.1278,37.18038],[-86.12709,37.17982],[-86.12701,37.17979],[-86.12652,37.17993],[-86.12548,37.18046],[-86.12513,37.18077],[-86.12509,37.18105],[-86.12447,37.18148],[-86.12373,37.18172],[-86.12343,37.18194],[-86.12281,37.18194],[-86.12259,37.18183],[-86.12206,37.18089],[-86.12184,37.18071],[-86.12057,37.17998],[-86.11903,37.17894],[-86.11881,37.17873],[-86.11837,37.17817],[-86.11775,37.17708],[-86.11736,37.17688],[-86.11705,37.17663],[-86.11648,37.17649],[-86.11609,37.17674],[-86.11592,37.17695],[-86.11535,37.17723],[-86.11487,37.17734],[-86.11408,37.17734],[-86.11272,37.17773],[-86.11154,37.1777],[-86.11027,37.17732],[-86.10966,37.177],[-86.10913,37.17659],[-86.10864,37.17631],[-86.10812,37.1762],[-86.10746,37.17596],[-86.10702,37.17607],[-86.10606,37.17649],[-86.10502,37.17726],[-86.10484,37.17772],[-86.10458,37.17804],[-86.10445,37.1786],[-86.10411,37.17944],[-86.10402,37.17986],[-86.10372,37.18067],[-86.10363,37.1813],[-86.10386,37.18329],[-86.10461,37.18462],[-86.10479,37.18515],[-86.1051,37.18567],[-86.10528,37.1863],[-86.10476,37.18714],[-86.10445,37.18728],[-86.10379,37.18736],[-86.10318,37.18729],[-86.10301,37.18743],[-86.10292,37.18799],[-86.10349,37.18869],[-86.10428,37.18904],[-86.10455,37.18935],[-86.10455,37.1897],[-86.10438,37.19005],[-86.10434,37.19107],[-86.10421,37.19149],[-86.10325,37.19254],[-86.10277,37.19268],[-86.10229,37.19269],[-86.10203,37.19286],[-86.10181,37.19356],[-86.10142,37.19419],[-86.10002,37.195],[-86.09954,37.19543],[-86.09919,37.19588],[-86.09933,37.19634],[-86.09959,37.19662],[-86.10016,37.197],[-86.10156,37.19745],[-86.1024,37.19787],[-86.10306,37.19867],[-86.10328,37.19923],[-86.10328,37.19972],[-86.10316,37.2005],[-86.1032,37.20102],[-86.10351,37.20207],[-86.10373,37.20253],[-86.10369,37.20305],[-86.10344,37.20417],[-86.10357,37.2047],[-86.10383,37.20512],[-86.10427,37.20547],[-86.10467,37.20568],[-86.10502,37.20574],[-86.10555,37.20602],[-86.10669,37.2063],[-86.10717,37.20661],[-86.10748,37.20703],[-86.10748,37.20742],[-86.10739,37.20766],[-86.10696,37.20812],[-86.10473,37.20991],[-86.10282,37.21206],[-86.10238,37.21223],[-86.10133,37.21248],[-86.10115,37.21269],[-86.10146,37.21322],[-86.10173,37.21388],[-86.10178,37.21465],[-86.10152,37.21574],[-86.10113,37.21693],[-86.10101,37.21851],[-86.10079,37.2191],[-86.10053,37.21942],[-86.10009,37.2197],[-86.09944,37.21998],[-86.09918,37.22019],[-86.09883,37.2203],[-86.09659,37.22059],[-86.09532,37.22084],[-86.09265,37.22105],[-86.09226,37.22099],[-86.09199,37.22078],[-86.0919,37.22015],[-86.09168,37.21983],[-86.09116,37.21973],[-86.09041,37.21973],[-86.08905,37.2191],[-86.08866,37.21886],[-86.08769,37.21802],[-86.0876,37.21771],[-86.0872,37.21729],[-86.08698,37.21729],[-86.08637,37.21746],[-86.08585,37.2175],[-86.08558,37.21736],[-86.08541,37.21705],[-86.08519,37.21698],[-86.08479,37.21726],[-86.08449,37.21733],[-86.08352,37.21737],[-86.08156,37.21779],[-86.08068,37.21783],[-86.08037,37.21769],[-86.0791,37.21759],[-86.07884,37.2177],[-86.07849,37.2177],[-86.07779,37.21787],[-86.07757,37.21808],[-86.07749,37.21875],[-86.07709,37.21896],[-86.07652,37.21907],[-86.07595,37.21907],[-86.07569,37.21897],[-86.07508,37.2189],[-86.07482,37.21897],[-86.07508,37.21991],[-86.075,37.22019],[-86.07482,37.22044],[-86.07434,37.22086],[-86.07434,37.22104],[-86.07478,37.22139],[-86.0754,37.2217],[-86.07588,37.22212],[-86.07606,37.22236],[-86.0761,37.22278],[-86.07597,37.22306],[-86.07532,37.22345],[-86.07492,37.22338],[-86.0747,37.22321],[-86.07374,37.22272],[-86.07352,37.2229],[-86.07308,37.22367],[-86.07251,37.22381],[-86.07208,37.22367],[-86.07203,37.22346],[-86.0722,37.22269],[-86.07216,37.22234],[-86.07189,37.2222],[-86.07163,37.2222],[-86.07141,37.22231],[-86.07098,37.22231],[-86.07076,37.2222],[-86.07049,37.22178],[-86.07,37.22073],[-86.06996,37.22042],[-86.06969,37.22003],[-86.06926,37.21986],[-86.06882,37.21993],[-86.06851,37.22007],[-86.06799,37.22011],[-86.06742,37.21997],[-86.06672,37.21973],[-86.06588,37.21924],[-86.06496,37.21858],[-86.06425,37.21651],[-86.06425,37.21605],[-86.06472,37.21451],[-86.06468,37.2142],[-86.06459,37.21406],[-86.06389,37.21402],[-86.06367,37.21413],[-86.06314,37.21417],[-86.06052,37.2147],[-86.05881,37.21474],[-86.05842,37.21467],[-86.05784,37.21436],[-86.05745,37.21401],[-86.05701,37.21373],[-86.05578,37.21317],[-86.0553,37.21279],[-86.05451,37.21258],[-86.05376,37.21261],[-86.05341,37.21255],[-86.05258,37.21276],[-86.05188,37.21283],[-86.04847,37.21396],[-86.04624,37.21456],[-86.04549,37.2147],[-86.04374,37.21485],[-86.04353,37.2152],[-86.04353,37.21541],[-86.04375,37.21579],[-86.04384,37.21653],[-86.04384,37.21691],[-86.04358,37.21846],[-86.04363,37.21891],[-86.04376,37.21916],[-86.04389,37.21975],[-86.04416,37.22024],[-86.04482,37.22199],[-86.04482,37.22245],[-86.04465,37.22301],[-86.04369,37.22353],[-86.04299,37.22364],[-86.04098,37.22435],[-86.04032,37.22449],[-86.03966,37.22456],[-86.03896,37.22421],[-86.03839,37.22407],[-86.03673,37.22418],[-86.03655,37.22436],[-86.03673,37.22523],[-86.03656,37.22583],[-86.03643,37.22618],[-86.03621,37.22643],[-86.03604,37.22692],[-86.03569,37.2273],[-86.03547,37.22783],[-86.03569,37.22832],[-86.03613,37.22888],[-86.03631,37.22937],[-86.03631,37.22979],[-86.03601,37.23052],[-86.0354,37.23154],[-86.0354,37.23196],[-86.03637,37.23273],[-86.03641,37.23298],[-86.03619,37.23378],[-86.03624,37.2341],[-86.0365,37.23434],[-86.03677,37.23497],[-86.03677,37.23539],[-86.03621,37.23655],[-86.03555,37.23715],[-86.03481,37.23732],[-86.0338,37.23743],[-86.03323,37.23736],[-86.03156,37.23737],[-86.03012,37.23702],[-86.02959,37.23695],[-86.02898,37.23674],[-86.02836,37.23702],[-86.02758,37.23776],[-86.02762,37.23778],[-86.02705,37.23836],[-86.02679,37.23874],[-86.02541,37.24243],[-86.02532,37.24285],[-86.02493,37.24348],[-86.02497,37.24456],[-86.02506,37.24491],[-86.02502,37.24565],[-86.02525,37.24712],[-86.0256,37.24821],[-86.026,37.24919],[-86.02591,37.2495],[-86.02679,37.24985],[-86.02846,37.25009],[-86.03003,37.25009],[-86.03052,37.24991],[-86.03104,37.24956],[-86.03147,37.24791],[-86.03182,37.24749],[-86.03182,37.24696],[-86.03199,37.24633],[-86.03221,37.24591],[-86.03247,37.24567],[-86.03295,37.24542],[-86.03335,37.245],[-86.03356,37.24451],[-86.03396,37.24416],[-86.03413,37.24388],[-86.0343,37.24328],[-86.0347,37.24272],[-86.035,37.24244],[-86.0357,37.24212],[-86.03578,37.24192],[-86.03583,37.24195],[-86.03605,37.24163],[-86.03675,37.24135],[-86.03754,37.24114],[-86.03811,37.2412],[-86.03868,37.2411],[-86.03907,37.24117],[-86.03999,37.24158],[-86.04105,37.24239],[-86.04148,37.24225],[-86.04162,37.242],[-86.0417,37.24165],[-86.04086,37.2392],[-86.04099,37.2385],[-86.04177,37.23689],[-86.04216,37.23632],[-86.04317,37.23527],[-86.04334,37.23485],[-86.04325,37.2339],[-86.04263,37.2324],[-86.04254,37.23187],[-86.04263,37.23163],[-86.04337,37.23082],[-86.04389,37.23047],[-86.04437,37.23026],[-86.04486,37.23029],[-86.04582,37.23022],[-86.04713,37.22969],[-86.04735,37.22945],[-86.04748,37.22895],[-86.04752,37.22843],[-86.04769,37.22804],[-86.04813,37.22727],[-86.04852,37.22699],[-86.04887,37.22688],[-86.04962,37.22695],[-86.0501,37.22692],[-86.05058,37.22678],[-86.05093,37.22646],[-86.05093,37.22572],[-86.05066,37.22474],[-86.05118,37.22369],[-86.0514,37.22306],[-86.05148,37.22208],[-86.05227,37.22169],[-86.05301,37.22113],[-86.0534,37.22116],[-86.05371,37.22127],[-86.05428,37.2212],[-86.05463,37.22126],[-86.0549,37.22165],[-86.0549,37.22207],[-86.05499,37.22249],[-86.05516,37.22277],[-86.05547,37.22287],[-86.05599,37.22249],[-86.05621,37.22221],[-86.05634,37.22172],[-86.05704,37.22108],[-86.05752,37.22087],[-86.05813,37.2208],[-86.05866,37.22101],[-86.06051,37.22227],[-86.06143,37.223],[-86.06222,37.22401],[-86.06222,37.22433],[-86.06179,37.22489],[-86.06179,37.2252],[-86.06205,37.22566],[-86.06201,37.22601],[-86.06206,37.22646],[-86.06189,37.22752],[-86.06163,37.22822],[-86.06115,37.22916],[-86.06119,37.22934],[-86.06189,37.22927],[-86.06224,37.22909],[-86.06277,37.22867],[-86.06373,37.22832],[-86.06412,37.22828],[-86.06486,37.22761],[-86.06504,37.22698],[-86.06517,37.22684],[-86.06613,37.22659],[-86.06644,37.22663],[-86.0667,37.22694],[-86.06692,37.22775],[-86.06728,37.22817],[-86.06811,37.22873],[-86.06842,37.22904],[-86.06912,37.22995],[-86.06939,37.23012],[-86.06965,37.23009],[-86.0704,37.2303],[-86.07127,37.23064],[-86.07176,37.23071],[-86.07233,37.23061],[-86.07276,37.23039],[-86.0732,37.23001],[-86.07342,37.22969],[-86.07363,37.22955],[-86.07372,37.22931],[-86.07411,37.22899],[-86.07438,37.22888],[-86.07486,37.22902],[-86.07534,37.22906],[-86.07582,37.22888],[-86.07683,37.22881],[-86.07731,37.22856],[-86.07744,37.22866],[-86.07753,37.22887],[-86.07762,37.22887],[-86.07771,37.2295],[-86.0778,37.22971],[-86.07797,37.22971],[-86.07828,37.22947],[-86.07836,37.22866],[-86.07854,37.22849],[-86.07854,37.22824],[-86.07875,37.22796],[-86.07923,37.22761],[-86.07954,37.22729],[-86.08002,37.22722],[-86.08116,37.22645],[-86.08146,37.22603],[-86.08177,37.22578],[-86.08203,37.22536],[-86.08251,37.22487],[-86.08399,37.22357],[-86.08425,37.22322],[-86.08438,37.22272],[-86.08451,37.22255],[-86.08477,37.22237],[-86.08512,37.2223],[-86.08565,37.22244],[-86.08635,37.22282],[-86.08657,37.22307],[-86.08701,37.22331],[-86.08719,37.22349],[-86.08737,37.2244],[-86.08781,37.22478],[-86.08807,37.22555],[-86.08856,37.22562],[-86.08939,37.22562],[-86.08983,37.22576],[-86.09009,37.22604],[-86.09067,37.22796],[-86.09155,37.22904],[-86.0926,37.2295],[-86.09335,37.22946],[-86.09506,37.22917],[-86.09584,37.22872],[-86.09685,37.22794],[-86.09772,37.22748],[-86.09899,37.22657],[-86.09929,37.22629],[-86.10226,37.22509],[-86.10318,37.22512],[-86.10428,37.22487],[-86.1048,37.22459],[-86.1055,37.22434],[-86.10638,37.22382],[-86.10711,37.22245],[-86.10733,37.22178],[-86.1082,37.22066],[-86.1085,37.22006],[-86.10941,37.21722],[-86.1095,37.21698],[-86.1098,37.21659],[-86.10966,37.21536],[-86.11023,37.21386],[-86.11049,37.2135],[-86.11092,37.21322],[-86.11175,37.21283],[-86.11232,37.21266],[-86.11245,37.21234],[-86.11254,37.21206],[-86.11249,37.21143],[-86.11253,37.21066],[-86.11318,37.20926],[-86.11375,37.20848],[-86.11396,37.20761],[-86.114,37.20715],[-86.11374,37.20677],[-86.11325,37.20558],[-86.11329,37.20502],[-86.11359,37.20383],[-86.11355,37.2032],[-86.11337,37.2025],[-86.11341,37.20208],[-86.11542,37.20028],[-86.11572,37.19983],[-86.11563,37.19927],[-86.11524,37.1993],[-86.11449,37.19965],[-86.11314,37.2006],[-86.11297,37.20078],[-86.11231,37.20099],[-86.11183,37.20082],[-86.111,37.20093],[-86.1106,37.20072],[-86.11003,37.20023],[-86.10981,37.1997],[-86.10976,37.19911],[-86.10998,37.19872],[-86.11046,37.1983],[-86.11094,37.19763],[-86.11159,37.19609],[-86.11172,37.19556],[-86.11158,37.19493],[-86.11145,37.19469],[-86.1111,37.19445],[-86.11096,37.1942],[-86.11092,37.19361],[-86.1114,37.19301],[-86.11153,37.19273],[-86.11161,37.19238],[-86.11152,37.19185],[-86.11165,37.19129],[-86.11196,37.19094],[-86.11226,37.19045],[-86.11234,37.18996],[-86.11208,37.18926],[-86.11225,37.1887],[-86.11247,37.18828],[-86.11242,37.18747],[-86.11246,37.18698],[-86.11263,37.18642],[-86.11285,37.18579],[-86.11403,37.18459],[-86.11463,37.18315],[-86.11489,37.18305],[-86.1152,37.18315],[-86.11542,37.18343],[-86.11577,37.18371],[-86.11626,37.18455],[-86.11635,37.18515],[-86.11675,37.18676],[-86.11693,37.187],[-86.11724,37.18725],[-86.11767,37.18745],[-86.11824,37.18756],[-86.11873,37.18752],[-86.12026,37.18769],[-86.12061,37.1878],[-86.12171,37.18835],[-86.12276,37.18866],[-86.12307,37.18887],[-86.1232,37.18915],[-86.12316,37.18968],[-86.12285,37.1901],[-86.12281,37.19052],[-86.12312,37.19094],[-86.12374,37.19139],[-86.12357,37.1923],[-86.1237,37.19272],[-86.12396,37.19297],[-86.1244,37.19311],[-86.12493,37.19314],[-86.12545,37.19296],[-86.12571,37.19272],[-86.12597,37.19226],[-86.12588,37.19181],[-86.12619,37.1916],[-86.12636,37.19135],[-86.12649,37.19086],[-86.12671,37.19065],[-86.12728,37.19068],[-86.1278,37.19061],[-86.12987,37.19123],[-86.13219,37.19158],[-86.13315,37.19168],[-86.13486,37.19174],[-86.13736,37.19198],[-86.13758,37.19215],[-86.13775,37.19261],[-86.13815,37.19313],[-86.13824,37.19345],[-86.13864,37.19376],[-86.13894,37.19366],[-86.13977,37.19306],[-86.14056,37.19242],[-86.14099,37.19193],[-86.14151,37.19165],[-86.14199,37.19126],[-86.14287,37.19084],[-86.14344,37.19073],[-86.14396,37.19084],[-86.14519,37.19157],[-86.14576,37.19202],[-86.14612,37.1922],[-86.1466,37.1923],[-86.14677,37.19209],[-86.14703,37.19058],[-86.14685,37.18999],[-86.14685,37.18967],[-86.14698,37.18939],[-86.14728,37.18914],[-86.14732,37.189],[-86.14759,37.18872],[-86.14859,37.18816],[-86.14929,37.18791],[-86.14977,37.18738],[-86.15182,37.18601],[-86.15274,37.18583],[-86.15339,37.18586],[-86.1537,37.18597],[-86.15401,37.18597],[-86.15427,37.18579],[-86.1544,37.1852],[-86.15456,37.18383],[-86.15469,37.18337],[-86.15535,37.18253],[-86.1556,37.18183],[-86.15565,37.18134],[-86.15591,37.18095],[-86.15603,37.18015],[-86.15594,37.17948],[-86.15594,37.17885],[-86.15607,37.17839],[-86.15646,37.17815],[-86.15668,37.17836],[-86.15704,37.17979],[-86.15718,37.18126],[-86.15714,37.18168],[-86.15753,37.18231],[-86.15784,37.18245],[-86.15815,37.18273],[-86.1582,37.18354],[-86.15934,37.18458],[-86.15952,37.18483],[-86.16013,37.18511],[-86.16092,37.18577],[-86.16114,37.18601],[-86.16128,37.1864],[-86.16145,37.18664],[-86.16194,37.18703],[-86.16246,37.18695],[-86.16308,37.18695],[-86.16391,37.18716],[-86.16588,37.18726],[-86.16798,37.18721],[-86.16868,37.18711],[-86.16903,37.18728],[-86.1693,37.18756],[-86.16943,37.18791],[-86.16978,37.18826],[-86.1704,37.18829],[-86.17075,37.18826],[-86.17101,37.18801],[-86.17184,37.18755],[-86.17249,37.18685],[-86.17288,37.18674],[-86.17328,37.18681],[-86.17372,37.18702],[-86.17433,37.18775],[-86.17447,37.18838],[-86.17434,37.18887],[-86.17382,37.18968],[-86.1736,37.18989],[-86.17356,37.19031],[-86.17382,37.19042],[-86.17439,37.19048],[-86.1754,37.19038],[-86.17645,37.19016],[-86.1782,37.19012],[-86.17846,37.19036],[-86.17864,37.19071],[-86.17899,37.19113],[-86.17913,37.19176],[-86.17948,37.19232],[-86.17983,37.1926],[-86.18049,37.19291],[-86.18076,37.19316],[-86.18089,37.19354],[-86.18124,37.19407],[-86.18177,37.19438],[-86.18221,37.19441],[-86.18291,37.19413],[-86.18317,37.19396],[-86.18496,37.19356],[-86.18558,37.19356],[-86.18588,37.1937],[-86.18593,37.19408],[-86.18563,37.19486],[-86.18567,37.19514],[-86.18642,37.19587],[-86.1873,37.19594],[-86.18752,37.19611],[-86.18783,37.19653],[-86.18778,37.19685],[-86.18761,37.19713],[-86.18696,37.19772],[-86.187,37.198],[-86.1874,37.19825],[-86.18753,37.19849],[-86.18753,37.1987],[-86.18705,37.19923],[-86.18692,37.19951],[-86.18675,37.19969],[-86.18684,37.19997],[-86.18728,37.20056],[-86.18746,37.20091],[-86.18786,37.20248],[-86.18786,37.2028],[-86.18778,37.20305],[-86.1876,37.20322],[-86.18668,37.20358],[-86.18642,37.20382],[-86.18616,37.20428],[-86.18599,37.2047],[-86.18608,37.20519],[-86.18643,37.2054],[-86.18696,37.20554],[-86.18731,37.20553],[-86.18845,37.20522],[-86.18949,37.20448],[-86.19019,37.20416],[-86.1905,37.20419],[-86.19129,37.20464],[-86.1916,37.20513],[-86.19173,37.20552],[-86.19253,37.2065],[-86.19301,37.20726],[-86.19411,37.20772],[-86.19512,37.20834],[-86.1956,37.20845],[-86.19604,37.20876],[-86.19648,37.20897],[-86.19754,37.20973],[-86.19846,37.20987],[-86.19894,37.2099],[-86.19951,37.20983],[-86.20069,37.20958],[-86.20122,37.2093],[-86.20156,37.20898],[-86.20318,37.20786],[-86.20383,37.20736],[-86.20435,37.20684],[-86.20484,37.20694],[-86.20519,37.20718],[-86.20559,37.20774],[-86.20625,37.20826],[-86.2069,37.20865],[-86.20914,37.20923],[-86.20963,37.20948],[-86.2109,37.21056],[-86.21139,37.2114],[-86.21152,37.21189],[-86.21139,37.21224],[-86.21057,37.21336],[-86.21057,37.21375],[-86.21075,37.21413],[-86.21088,37.21469],[-86.21132,37.21497],[-86.21211,37.21528],[-86.21251,37.21553],[-86.21312,37.21566],[-86.21356,37.21566],[-86.21483,37.21531],[-86.21566,37.21541],[-86.2161,37.21565],[-86.21677,37.21684],[-86.21686,37.21723],[-86.21708,37.21757],[-86.21734,37.21778],[-86.21769,37.21789],[-86.21844,37.21764],[-86.21922,37.21704],[-86.2197,37.21606],[-86.21987,37.21546],[-86.22017,37.21504],[-86.22065,37.21483],[-86.22144,37.21479],[-86.22245,37.21521],[-86.22285,37.21555],[-86.22311,37.21597],[-86.22311,37.21632],[-86.22325,37.21667],[-86.22391,37.21695],[-86.22466,37.21849],[-86.22497,37.21856],[-86.22558,37.21835],[-86.22593,37.21803],[-86.22693,37.2168],[-86.22697,37.21641],[-86.2271,37.2161],[-86.22732,37.21592],[-86.23021,37.21581],[-86.23218,37.21534],[-86.23305,37.21506],[-86.23453,37.21428],[-86.23506,37.21393],[-86.2361,37.21291],[-86.23671,37.21213],[-86.23705,37.21056],[-86.2373,37.20873],[-86.23791,37.20754],[-86.23808,37.20698],[-86.23851,37.20638],[-86.23908,37.2061],[-86.24,37.20606],[-86.24052,37.20616],[-86.24101,37.20634],[-86.2411,37.20683],[-86.24088,37.20739],[-86.2401,37.20774],[-86.23984,37.20799],[-86.24089,37.20907],[-86.24129,37.20959],[-86.24138,37.21036],[-86.24121,37.21124],[-86.24135,37.21257],[-86.24153,37.21313],[-86.24193,37.21358],[-86.24259,37.21414],[-86.24316,37.21445],[-86.2436,37.21494],[-86.24426,37.21547],[-86.2451,37.21634],[-86.24532,37.21676],[-86.24533,37.21707],[-86.24481,37.21823],[-86.24407,37.21904],[-86.24351,37.21985],[-86.24342,37.22037],[-86.24351,37.22079],[-86.24364,37.22107],[-86.24483,37.22124],[-86.24522,37.2211],[-86.24745,37.2199],[-86.2481,37.21941],[-86.24867,37.21895],[-86.24888,37.21849],[-86.2494,37.21664],[-86.24961,37.21628],[-86.24988,37.21621],[-86.25045,37.21674],[-86.25172,37.2175],[-86.252,37.21759]]]}},{"type":"Feature","properties":{"NAME":"Little South Fork Wild River","TYPE":"Wild River (State)","ACCESS":"Restricted","URL":"https://eec.ky.gov/Nature-Preserves/Locations/Pages/Little-South-Fork-Wild-River.aspx"},"geometry":{"type":"Polygon","coordinates":[[[-84.65996,36.76463],[-84.6613,36.76451],[-84.66173,36.76453],[-84.66242,36.76476],[-84.66419,36.76586],[-84.66485,36.76606],[-84.66519,36.76605],[-84.6658,36.76619],[-84.6661,36.76619],[-84.66679,36.76594],[-84.66686,36.76579],[-84.6665,36.76516],[-84.66601,36.76474],[-84.66582,36.76448],[-84.66501,36.76399],[-84.66459,36.76363],[-84.66396,36.76328],[-84.66382,36.76295],[-84.66384,36.76286],[-84.66417,36.76276],[-84.66481,36.76274],[-84.66593,36.76254],[-84.66606,36.76248],[-84.66619,36.7623],[-84.66681,36.76192],[-84.667,36.76171],[-84.66712,36.76089],[-84.66707,36.76023],[-84.66746,36.75921],[-84.66752,36.75875],[-84.66769,36.75865],[-84.66825,36.75868],[-84.6684,36.75883],[-84.66893,36.75905],[-84.66949,36.75905],[-84.6696,36.75919],[-84.67017,36.75948],[-84.67089,36.76005],[-84.67154,36.76034],[-84.67194,36.76069],[-84.67223,36.76114],[-84.67326,36.76193],[-84.6737,36.76212],[-84.67448,36.76226],[-84.67573,36.76221],[-84.67631,36.76178],[-84.67682,36.76162],[-84.67761,36.761],[-84.67873,36.76058],[-84.67886,36.76035],[-84.67894,36.76002],[-84.6788,36.75929],[-84.67842,36.75858],[-84.67806,36.75816],[-84.67695,36.75767],[-84.67661,36.75767],[-84.67476,36.75827],[-84.67355,36.75851],[-84.67221,36.75853],[-84.67086,36.75826],[-84.67053,36.75814],[-84.67008,36.75785],[-84.66957,36.75741],[-84.66867,36.75686],[-84.66744,36.75571],[-84.66683,36.75553],[-84.66588,36.75559],[-84.66528,36.75556],[-84.66467,36.75582],[-84.66425,36.75631],[-84.6641,36.75742],[-84.66415,36.75803],[-84.66427,36.75842],[-84.66469,36.7591],[-84.66497,36.75936],[-84.66509,36.7597],[-84.66538,36.7602],[-84.66544,36.76045],[-84.66534,36.7606],[-84.66513,36.76066],[-84.66439,36.76065],[-84.66393,36.76048],[-84.66374,36.76047],[-84.66317,36.76013],[-84.66203,36.75966],[-84.66134,36.75928],[-84.66103,36.75924],[-84.66041,36.75948],[-84.65999,36.75992],[-84.65954,36.76026],[-84.65916,36.76072],[-84.65899,36.76104],[-84.65882,36.76162],[-84.65803,36.76197],[-84.65745,36.76213],[-84.65711,36.7625],[-84.65606,36.76327],[-84.65562,36.76382],[-84.65553,36.76405],[-84.65452,36.76544],[-84.65399,36.766],[-84.65347,36.76625],[-84.65194,36.76661],[-84.65138,36.76651],[-84.6507,36.7661],[-84.65046,36.76586],[-84.65003,36.76587],[-84.64985,36.76599],[-84.64947,36.76606],[-84.6479,36.766],[-84.64743,36.76589],[-84.64666,36.76527],[-84.64629,36.76507],[-84.64586,36.76501],[-84.6453,36.76508],[-84.64461,36.76546],[-84.64392,36.76553],[-84.64284,36.76546],[-84.64236,36.76532],[-84.64197,36.76541],[-84.6418,36.76554],[-84.64114,36.76646],[-84.64044,36.76692],[-84.64012,36.76723],[-84.63991,36.76754],[-84.63986,36.76821],[-84.63973,36.76833],[-84.63938,36.76842],[-84.63841,36.76844],[-84.63774,36.7684],[-84.63683,36.76814],[-84.63669,36.76781],[-84.63667,36.76757],[-84.63683,36.76697],[-84.63706,36.76668],[-84.63706,36.7665],[-84.63693,36.76635],[-84.63653,36.76625],[-84.6359,36.76596],[-84.63524,36.76533],[-84.635,36.76527],[-84.63429,36.76557],[-84.63402,36.76581],[-84.63372,36.76623],[-84.63355,36.76669],[-84.6335,36.76711],[-84.63323,36.76755],[-84.63174,36.7682],[-84.63162,36.76835],[-84.63106,36.76865],[-84.62978,36.76969],[-84.62929,36.77045],[-84.62935,36.77108],[-84.62991,36.77205],[-84.63055,36.77269],[-84.63118,36.77347],[-84.6313,36.77376],[-84.63131,36.77439],[-84.63161,36.77581],[-84.63162,36.77613],[-84.63174,36.77643],[-84.63258,36.77772],[-84.63278,36.77829],[-84.63276,36.77852],[-84.63249,36.77869],[-84.63167,36.77877],[-84.63104,36.77868],[-84.62907,36.77867],[-84.62879,36.77873],[-84.62816,36.77867],[-84.62788,36.77853],[-84.62732,36.77774],[-84.6271,36.77716],[-84.62693,36.77602],[-84.62697,36.77587],[-84.62714,36.77566],[-84.62718,36.77545],[-84.62713,36.77524],[-84.62668,36.77467],[-84.626,36.77281],[-84.62591,36.77269],[-84.62577,36.7727],[-84.62555,36.77282],[-84.6253,36.77333],[-84.62511,36.77506],[-84.62488,36.77533],[-84.6245,36.77615],[-84.62408,36.77753],[-84.62385,36.77804],[-84.62344,36.77859],[-84.62289,36.77902],[-84.62261,36.77933],[-84.62218,36.78033],[-84.62139,36.78137],[-84.62123,36.78149],[-84.62084,36.7816],[-84.62056,36.78176],[-84.62037,36.78194],[-84.62002,36.78213],[-84.61956,36.78261],[-84.61952,36.78294],[-84.61959,36.78352],[-84.61973,36.78366],[-84.62071,36.78414],[-84.62133,36.78506],[-84.62147,36.78541],[-84.62246,36.78639],[-84.62282,36.78738],[-84.62295,36.78758],[-84.62361,36.78779],[-84.62413,36.78808],[-84.62439,36.78808],[-84.62528,36.7883],[-84.62608,36.78837],[-84.62647,36.78849],[-84.62719,36.78852],[-84.62749,36.7885],[-84.6284,36.78761],[-84.62949,36.78682],[-84.63004,36.78693],[-84.62997,36.78718],[-84.62927,36.78777],[-84.62728,36.78923],[-84.62711,36.78943],[-84.62582,36.79048],[-84.62526,36.79088],[-84.625,36.79098],[-84.62485,36.79095],[-84.62465,36.79078],[-84.62413,36.79054],[-84.62336,36.78988],[-84.62271,36.78977],[-84.62151,36.79051],[-84.61981,36.79099],[-84.61943,36.79118],[-84.61881,36.7917],[-84.61817,36.79257],[-84.61739,36.79343],[-84.61701,36.79418],[-84.61663,36.79459],[-84.61642,36.79464],[-84.61431,36.79387],[-84.6138,36.79356],[-84.61372,36.79336],[-84.61401,36.79289],[-84.61435,36.79259],[-84.61469,36.79209],[-84.61509,36.79175],[-84.61563,36.79053],[-84.61568,36.78939],[-84.61549,36.78854],[-84.61531,36.78807],[-84.61472,36.78769],[-84.61446,36.78763],[-84.61264,36.78791],[-84.6113,36.78793],[-84.61104,36.78804],[-84.61012,36.7886],[-84.60966,36.78906],[-84.60959,36.78921],[-84.60953,36.78951],[-84.60959,36.7899],[-84.60975,36.79057],[-84.60999,36.79097],[-84.61005,36.79139],[-84.60999,36.79182],[-84.60971,36.79216],[-84.60939,36.7924],[-84.60894,36.7926],[-84.60825,36.79277],[-84.60797,36.79295],[-84.60738,36.79351],[-84.60685,36.7943],[-84.60673,36.79485],[-84.60684,36.7959],[-84.60693,36.79625],[-84.60728,36.79671],[-84.60751,36.79724],[-84.60748,36.79779],[-84.60727,36.79838],[-84.60728,36.79866],[-84.60703,36.79912],[-84.60668,36.79927],[-84.60599,36.79916],[-84.60553,36.79894],[-84.60422,36.79854],[-84.60327,36.7981],[-84.60235,36.798],[-84.60188,36.79777],[-84.60014,36.79756],[-84.59951,36.79725],[-84.59942,36.79698],[-84.59946,36.79671],[-84.59988,36.796],[-84.59994,36.79576],[-84.59997,36.79531],[-84.59982,36.79492],[-84.59966,36.79469],[-84.59942,36.79457],[-84.59929,36.79442],[-84.59796,36.79379],[-84.59761,36.79348],[-84.59699,36.79269],[-84.59637,36.79209],[-84.5961,36.79188],[-84.59597,36.79183],[-84.59583,36.79186],[-84.59566,36.79229],[-84.59556,36.79377],[-84.59597,36.79524],[-84.59596,36.79556],[-84.59616,36.79723],[-84.59609,36.79806],[-84.59603,36.79823],[-84.59571,36.79861],[-84.5955,36.79917],[-84.59549,36.7995],[-84.59567,36.80015],[-84.59626,36.80078],[-84.59705,36.80113],[-84.59878,36.80221],[-84.59931,36.80328],[-84.59976,36.80381],[-84.59996,36.80432],[-84.6006,36.80477],[-84.60099,36.80526],[-84.60159,36.80576],[-84.60178,36.80598],[-84.60197,36.80655],[-84.60146,36.80703],[-84.60077,36.80709],[-84.60053,36.80733],[-84.60039,36.80758],[-84.59994,36.80786],[-84.59963,36.80791],[-84.59926,36.80759],[-84.59888,36.807],[-84.59849,36.80656],[-84.59826,36.8061],[-84.59821,36.80581],[-84.59797,36.80539],[-84.59781,36.80519],[-84.59751,36.805],[-84.59633,36.80467],[-84.59601,36.80468],[-84.59491,36.80505],[-84.59485,36.80509],[-84.5949,36.80529],[-84.5961,36.80634],[-84.59643,36.80629],[-84.59686,36.80737],[-84.59726,36.80808],[-84.59746,36.80826],[-84.59789,36.80919],[-84.59863,36.80954],[-84.59919,36.80962],[-84.59949,36.80961],[-84.60024,36.80941],[-84.6005,36.80914],[-84.60081,36.80925],[-84.60212,36.80996],[-84.60253,36.81004],[-84.60263,36.80987],[-84.60269,36.80937],[-84.60298,36.80849],[-84.60347,36.80808],[-84.60437,36.80782],[-84.60473,36.80764],[-84.60494,36.8074],[-84.60498,36.8072],[-84.60493,36.80687],[-84.60409,36.80536],[-84.60378,36.80498],[-84.60341,36.80476],[-84.60282,36.80454],[-84.60201,36.80404],[-84.60144,36.80339],[-84.60134,36.80269],[-84.60096,36.80214],[-84.60045,36.80166],[-84.6,36.80148],[-84.59925,36.80075],[-84.59783,36.79997],[-84.5978,36.79979],[-84.59785,36.79966],[-84.59802,36.79953],[-84.5984,36.79947],[-84.59877,36.79932],[-84.59952,36.79927],[-84.60054,36.79927],[-84.60098,36.79935],[-84.60208,36.79964],[-84.60263,36.7999],[-84.60417,36.80027],[-84.60465,36.80055],[-84.60541,36.80081],[-84.60611,36.80124],[-84.60624,36.80139],[-84.60674,36.80163],[-84.60731,36.80173],[-84.6083,36.80169],[-84.60875,36.80131],[-84.60894,36.80082],[-84.60897,36.80041],[-84.60922,36.80004],[-84.60982,36.79979],[-84.60997,36.79955],[-84.6099,36.7991],[-84.60959,36.79867],[-84.60925,36.79787],[-84.60902,36.79612],[-84.60873,36.79523],[-84.60881,36.79504],[-84.60909,36.79483],[-84.60961,36.79478],[-84.61006,36.79465],[-84.6124,36.79488],[-84.61386,36.79537],[-84.61478,36.79598],[-84.61558,36.79639],[-84.6174,36.79654],[-84.61809,36.79666],[-84.61844,36.79679],[-84.6188,36.79716],[-84.61893,36.79743],[-84.61919,36.79891],[-84.61928,36.79902],[-84.61981,36.79926],[-84.62136,36.79941],[-84.62199,36.79934],[-84.62301,36.79937],[-84.62331,36.79924],[-84.62349,36.7988],[-84.62351,36.79852],[-84.62343,36.79771],[-84.62347,36.79737],[-84.62331,36.79666],[-84.62313,36.79629],[-84.62299,36.79492],[-84.62319,36.79475],[-84.62379,36.79474],[-84.62459,36.79461],[-84.6257,36.79408],[-84.62611,36.794],[-84.62631,36.79386],[-84.62664,36.79345],[-84.62678,36.79278],[-84.62682,36.7921],[-84.62694,36.79192],[-84.62757,36.79166],[-84.62806,36.79155],[-84.62841,36.79152],[-84.62882,36.79161],[-84.62965,36.79207],[-84.63029,36.79269],[-84.63068,36.79295],[-84.63077,36.7932],[-84.63127,36.79363],[-84.63175,36.79366],[-84.63305,36.7934],[-84.63419,36.79345],[-84.63477,36.79339],[-84.63518,36.79311],[-84.63524,36.79299],[-84.63513,36.79253],[-84.63497,36.79235],[-84.6346,36.79218],[-84.63438,36.79198],[-84.6339,36.79172],[-84.63151,36.79106],[-84.63003,36.79049],[-84.62948,36.79006],[-84.62935,36.78985],[-84.62931,36.78975],[-84.62941,36.78949],[-84.62966,36.78924],[-84.63031,36.78883],[-84.63131,36.78841],[-84.63174,36.78814],[-84.63197,36.78783],[-84.63206,36.78761],[-84.63211,36.78711],[-84.63199,36.78648],[-84.63142,36.78577],[-84.63089,36.78542],[-84.6302,36.78531],[-84.62925,36.78533],[-84.62891,36.78544],[-84.62706,36.78652],[-84.62672,36.78664],[-84.62629,36.78664],[-84.62613,36.78656],[-84.62567,36.78593],[-84.62505,36.78526],[-84.62402,36.78455],[-84.62376,36.78419],[-84.62375,36.78395],[-84.62457,36.7824],[-84.62469,36.78192],[-84.62498,36.78128],[-84.62538,36.78073],[-84.6256,36.78057],[-84.62635,36.78032],[-84.62704,36.78027],[-84.62906,36.78074],[-84.62982,36.78099],[-84.63119,36.78119],[-84.63249,36.78118],[-84.63311,36.78109],[-84.63352,36.78102],[-84.63442,36.78069],[-84.63498,36.78035],[-84.63537,36.77999],[-84.63568,36.77956],[-84.63645,36.77919],[-84.63688,36.77902],[-84.63768,36.77901],[-84.63824,36.77893],[-84.63932,36.77858],[-84.63988,36.77824],[-84.64056,36.77751],[-84.64076,36.7771],[-84.64087,36.77666],[-84.64073,36.77605],[-84.64035,36.77537],[-84.64017,36.77485],[-84.64011,36.77449],[-84.64017,36.77387],[-84.64053,36.77314],[-84.64086,36.77276],[-84.64124,36.77185],[-84.64174,36.77099],[-84.64215,36.77084],[-84.64298,36.77104],[-84.64339,36.77118],[-84.64448,36.77179],[-84.64503,36.77202],[-84.64565,36.77209],[-84.64598,36.77219],[-84.64648,36.77248],[-84.64707,36.77249],[-84.64745,36.77233],[-84.6476,36.77216],[-84.64801,36.772],[-84.64909,36.77183],[-84.64937,36.77163],[-84.64945,36.7714],[-84.64945,36.7711],[-84.64917,36.77032],[-84.64923,36.76993],[-84.64933,36.76979],[-84.64976,36.76949],[-84.65035,36.76935],[-84.65086,36.7691],[-84.65099,36.76887],[-84.65118,36.76882],[-84.65153,36.76885],[-84.65281,36.76907],[-84.65326,36.769],[-84.6538,36.76881],[-84.65451,36.7687],[-84.65492,36.76881],[-84.65532,36.76907],[-84.65597,36.76921],[-84.65616,36.76918],[-84.65648,36.76885],[-84.65652,36.76858],[-84.65633,36.76789],[-84.65631,36.76756],[-84.65637,36.76735],[-84.65684,36.76692],[-84.65707,36.76658],[-84.65754,36.76632],[-84.6578,36.76607],[-84.65794,36.76584],[-84.6579,36.76572],[-84.6583,36.76495],[-84.6584,36.76487],[-84.65922,36.76479],[-84.65996,36.76463]]]}},{"type":"Feature","properties":{"NAME":"Martin's Fork Wild River","TYPE":"Wild River (State)","ACCESS":"Restricted","URL":"https://eec.ky.gov/Nature-Preserves/Locations/Pages/Martins-Fork-Wild-River.aspx"},"geometry":{"type":"Polygon","coordinates":[[[-83.44449,36.6857],[-83.4429,36.68423],[-83.44246,36.68441],[-83.44189,36.68501],[-83.44155,36.68527],[-83.44108,36.68533],[-83.4407,36.68533],[-83.44045,36.68518],[-83.44034,36.68491],[-83.43992,36.6847],[-83.43794,36.68459],[-83.43727,36.68444],[-83.43681,36.68416],[-83.43641,36.68344],[-83.43634,36.6831],[-83.43598,36.68234],[-83.43513,36.6813],[-83.435,36.68133],[-83.43491,36.68144],[-83.43494,36.68188],[-83.43476,36.68221],[-83.43475,36.68272],[-83.43486,36.68296],[-83.43481,36.68344],[-83.43491,36.68409],[-83.43512,36.68419],[-83.4352,36.68437],[-83.43515,36.6846],[-83.43519,36.68484],[-83.43509,36.68535],[-83.435,36.68552],[-83.43439,36.68588],[-83.43384,36.686],[-83.43341,36.6862],[-83.43248,36.68635],[-83.4312,36.68667],[-83.43074,36.68669],[-83.43053,36.68658],[-83.42986,36.68647],[-83.42944,36.68649],[-83.42743,36.6872],[-83.42718,36.68723],[-83.42659,36.68719],[-83.42596,36.687],[-83.42419,36.68673],[-83.42385,36.68686],[-83.42262,36.68694],[-83.42186,36.68712],[-83.42135,36.68732],[-83.42053,36.68781],[-83.42036,36.68794],[-83.41978,36.68895],[-83.41939,36.68911],[-83.41904,36.68941],[-83.4187,36.68958],[-83.41832,36.68964],[-83.4179,36.68959],[-83.41772,36.68944],[-83.41745,36.6884],[-83.41738,36.68764],[-83.41681,36.68638],[-83.41621,36.68593],[-83.41571,36.68573],[-83.41572,36.68554],[-83.41601,36.68478],[-83.41599,36.68448],[-83.4159,36.68415],[-83.41548,36.68352],[-83.41501,36.6834],[-83.41463,36.68345],[-83.41391,36.68395],[-83.41298,36.68445],[-83.41284,36.68464],[-83.41147,36.68518],[-83.41043,36.68513],[-83.4101,36.68494],[-83.40977,36.6846],[-83.40961,36.68433],[-83.40901,36.68407],[-83.40833,36.68417],[-83.40799,36.68438],[-83.40731,36.68447],[-83.40597,36.68515],[-83.40559,36.68542],[-83.40477,36.68575],[-83.40408,36.68615],[-83.40247,36.6869],[-83.40229,36.68714],[-83.40163,36.68746],[-83.40096,36.68744],[-83.39986,36.68727],[-83.39948,36.68728],[-83.39906,36.68756],[-83.39889,36.68786],[-83.39875,36.68794],[-83.39743,36.688],[-83.3973,36.68794],[-83.3971,36.68743],[-83.39689,36.68717],[-83.39657,36.68703],[-83.39595,36.68702],[-83.39575,36.6871],[-83.39548,36.6874],[-83.39547,36.68762],[-83.39518,36.68833],[-83.39474,36.68845],[-83.39359,36.68793],[-83.3932,36.68757],[-83.39256,36.68736],[-83.39164,36.68719],[-83.39105,36.68726],[-83.39047,36.68747],[-83.39039,36.68769],[-83.3906,36.6885],[-83.39054,36.68882],[-83.3897,36.68883],[-83.38844,36.68871],[-83.38827,36.68882],[-83.38821,36.68895],[-83.38817,36.68943],[-83.38832,36.68993],[-83.38826,36.69075],[-83.38834,36.69095],[-83.38891,36.6917],[-83.38909,36.69206],[-83.38995,36.6931],[-83.39032,36.69332],[-83.39072,36.69339],[-83.39085,36.69353],[-83.39085,36.69366],[-83.39076,36.69381],[-83.3906,36.69385],[-83.39008,36.69386],[-83.38886,36.69407],[-83.38751,36.69494],[-83.38694,36.69504],[-83.38648,36.69501],[-83.38609,36.69537],[-83.38583,36.69582],[-83.3858,36.69604],[-83.38585,36.69617],[-83.38663,36.69634],[-83.3876,36.6964],[-83.38999,36.69673],[-83.39626,36.69773],[-83.39675,36.6977],[-83.39914,36.6982],[-83.3993,36.69812],[-83.39939,36.69781],[-83.39954,36.69645],[-83.3995,36.69614],[-83.39935,36.69581],[-83.39914,36.69557],[-83.39882,36.69541],[-83.39807,36.6952],[-83.39656,36.69495],[-83.39613,36.69481],[-83.39594,36.69485],[-83.39474,36.69454],[-83.39518,36.69436],[-83.39598,36.69383],[-83.39644,36.69369],[-83.39663,36.69351],[-83.39856,36.69229],[-83.39885,36.69184],[-83.39888,36.6916],[-83.39924,36.69135],[-83.39946,36.69127],[-83.40007,36.69154],[-83.40051,36.69129],[-83.40068,36.69129],[-83.40105,36.69143],[-83.40139,36.69172],[-83.40153,36.69168],[-83.40167,36.69148],[-83.40203,36.69125],[-83.40253,36.69153],[-83.40306,36.69121],[-83.40393,36.6909],[-83.40498,36.69074],[-83.40513,36.69049],[-83.4054,36.69039],[-83.40569,36.68982],[-83.4055,36.68922],[-83.40568,36.68901],[-83.40589,36.68888],[-83.40683,36.68895],[-83.40697,36.68879],[-83.40731,36.68863],[-83.40779,36.68856],[-83.40812,36.68862],[-83.40836,36.68876],[-83.40876,36.6888],[-83.40966,36.68825],[-83.40979,36.68836],[-83.40981,36.68863],[-83.41008,36.68874],[-83.41068,36.68889],[-83.41099,36.68887],[-83.41136,36.68872],[-83.41183,36.68878],[-83.41207,36.68889],[-83.41254,36.68935],[-83.41275,36.68939],[-83.41331,36.68899],[-83.41357,36.68903],[-83.41365,36.68917],[-83.41368,36.68951],[-83.41358,36.68985],[-83.41377,36.69054],[-83.41369,36.69056],[-83.41389,36.69081],[-83.41447,36.69123],[-83.41458,36.69167],[-83.41475,36.69181],[-83.41618,36.69177],[-83.4169,36.69192],[-83.41718,36.69223],[-83.41764,36.69245],[-83.41794,36.69242],[-83.41815,36.69225],[-83.41874,36.69226],[-83.41917,36.6921],[-83.41926,36.69193],[-83.4196,36.69174],[-83.42033,36.69148],[-83.42067,36.69142],[-83.4213,36.69147],[-83.42215,36.69138],[-83.423,36.69109],[-83.42372,36.69097],[-83.42381,36.69087],[-83.4244,36.69081],[-83.42504,36.69062],[-83.42584,36.69091],[-83.42613,36.69088],[-83.42638,36.69102],[-83.42719,36.69077],[-83.42741,36.6906],[-83.42796,36.69041],[-83.42813,36.69041],[-83.42825,36.69059],[-83.42876,36.6907],[-83.42952,36.69071],[-83.42977,36.69079],[-83.43027,36.6908],[-83.43163,36.69065],[-83.43197,36.69049],[-83.43216,36.68985],[-83.43242,36.68972],[-83.43289,36.68962],[-83.43394,36.68975],[-83.435,36.6895],[-83.43738,36.68914],[-83.43759,36.6889],[-83.43774,36.68843],[-83.4378,36.68761],[-83.4379,36.68738],[-83.43815,36.68728],[-83.43882,36.68753],[-83.43894,36.68767],[-83.4402,36.68804],[-83.44071,36.68798],[-83.44096,36.68808],[-83.44146,36.68813],[-83.44218,36.68807],[-83.44324,36.68779],[-83.44355,36.68763],[-83.44398,36.68706],[-83.44437,36.68672],[-83.44434,36.68645],[-83.44418,36.68604],[-83.44449,36.6857]]]}},{"type":"Feature","properties":{"NAME":"Red River Wild River","TYPE":"Wild River (State)","ACCESS":"Restricted","URL":"https://eec.ky.gov/Nature-Preserves/Locations/Pages/Red-River-Wild-River.aspx"},"geometry":{"type":"Polygon","coordinates":[[[-83.5309,37.80805],[-83.5309,37.80844],[-83.53097,37.80872],[-83.53114,37.80892],[-83.5317,37.80882],[-83.53208,37.80845],[-83.53237,37.80834],[-83.53279,37.80795],[-83.53297,37.80798],[-83.53313,37.8081],[-83.53327,37.80874],[-83.53326,37.80954],[-83.53275,37.81041],[-83.53266,37.81076],[-83.53276,37.81113],[-83.53307,37.81144],[-83.53369,37.81139],[-83.53397,37.81115],[-83.53476,37.80992],[-83.53494,37.80978],[-83.53511,37.80953],[-83.53527,37.8095],[-83.5354,37.80958],[-83.53584,37.81065],[-83.53658,37.81119],[-83.53698,37.81158],[-83.5378,37.813],[-83.53834,37.81318],[-83.53879,37.81288],[-83.53891,37.81245],[-83.53892,37.81137],[-83.53867,37.81033],[-83.53892,37.81006],[-83.53907,37.80933],[-83.53951,37.80903],[-83.53972,37.80902],[-83.54008,37.80921],[-83.54033,37.80919],[-83.54047,37.80894],[-83.54067,37.80818],[-83.54097,37.80791],[-83.54139,37.80769],[-83.542,37.80766],[-83.54241,37.80771],[-83.54288,37.80789],[-83.54316,37.80793],[-83.54371,37.80758],[-83.54406,37.80719],[-83.54432,37.80704],[-83.54481,37.8069],[-83.54572,37.80623],[-83.5459,37.80622],[-83.54601,37.80629],[-83.54599,37.8065],[-83.54528,37.80703],[-83.54443,37.80787],[-83.54399,37.80878],[-83.54386,37.8094],[-83.54396,37.80997],[-83.54409,37.8102],[-83.54458,37.81073],[-83.54472,37.81101],[-83.5452,37.81144],[-83.54622,37.81262],[-83.54646,37.81311],[-83.54652,37.81365],[-83.54645,37.81388],[-83.54629,37.81406],[-83.54596,37.81429],[-83.54516,37.81508],[-83.54494,37.81522],[-83.54482,37.81542],[-83.54424,37.81581],[-83.5441,37.81628],[-83.54487,37.81671],[-83.54511,37.81701],[-83.54567,37.81796],[-83.54609,37.81842],[-83.54633,37.81851],[-83.54688,37.81805],[-83.54711,37.81773],[-83.54734,37.81755],[-83.54767,37.81751],[-83.54789,37.81738],[-83.54831,37.81728],[-83.54877,37.81727],[-83.54966,37.81742],[-83.55013,37.81782],[-83.5504,37.81828],[-83.55126,37.81852],[-83.55153,37.81891],[-83.55234,37.81907],[-83.55264,37.81939],[-83.5534,37.8192],[-83.55377,37.81897],[-83.55457,37.81898],[-83.55468,37.81904],[-83.55468,37.8196],[-83.55446,37.82002],[-83.5542,37.82022],[-83.55401,37.82029],[-83.55313,37.82035],[-83.55176,37.82078],[-83.55083,37.82127],[-83.55029,37.82169],[-83.55018,37.82192],[-83.5502,37.82214],[-83.55029,37.82228],[-83.55119,37.82279],[-83.55258,37.82277],[-83.55399,37.82313],[-83.55426,37.82312],[-83.55504,37.8228],[-83.55528,37.82278],[-83.55647,37.82299],[-83.55725,37.82244],[-83.55741,37.8224],[-83.55764,37.82257],[-83.55791,37.82256],[-83.55827,37.82241],[-83.55865,37.82202],[-83.55898,37.82184],[-83.55987,37.82165],[-83.56051,37.82133],[-83.56078,37.82141],[-83.56071,37.82167],[-83.56047,37.82199],[-83.56012,37.82214],[-83.55943,37.8226],[-83.5593,37.82273],[-83.55926,37.82293],[-83.55945,37.82309],[-83.55971,37.82312],[-83.56029,37.8229],[-83.56055,37.82265],[-83.56074,37.82258],[-83.56077,37.82265],[-83.56077,37.82288],[-83.56042,37.82384],[-83.56041,37.82414],[-83.5606,37.8262],[-83.56075,37.82658],[-83.56103,37.82681],[-83.56138,37.82684],[-83.56171,37.82657],[-83.562,37.8265],[-83.56271,37.82639],[-83.56325,37.8264],[-83.56374,37.82719],[-83.56402,37.82735],[-83.56478,37.82749],[-83.56506,37.82772],[-83.56521,37.82795],[-83.56533,37.82844],[-83.56528,37.82887],[-83.56559,37.82923],[-83.56616,37.82944],[-83.56672,37.82998],[-83.56723,37.83004],[-83.56752,37.82992],[-83.56765,37.82967],[-83.56749,37.82853],[-83.56769,37.82828],[-83.56773,37.82803],[-83.56768,37.82777],[-83.56691,37.82669],[-83.56693,37.82604],[-83.56713,37.82571],[-83.56755,37.82559],[-83.56797,37.82535],[-83.56898,37.82471],[-83.56924,37.82446],[-83.56935,37.82403],[-83.56938,37.82406],[-83.56934,37.82327],[-83.56939,37.82271],[-83.56962,37.82262],[-83.57028,37.82288],[-83.57075,37.82312],[-83.57122,37.82358],[-83.57166,37.82379],[-83.57204,37.82388],[-83.57233,37.82383],[-83.57247,37.82343],[-83.57269,37.82331],[-83.57346,37.82312],[-83.57363,37.82297],[-83.5737,37.82279],[-83.5738,37.82244],[-83.57382,37.82201],[-83.57392,37.82176],[-83.57312,37.81949],[-83.5724,37.81803],[-83.57211,37.81808],[-83.57198,37.8182],[-83.57159,37.81835],[-83.5705,37.81858],[-83.57002,37.81877],[-83.56914,37.81944],[-83.56877,37.81982],[-83.56802,37.82033],[-83.56756,37.82088],[-83.56655,37.82188],[-83.56628,37.82205],[-83.56615,37.82222],[-83.56497,37.82319],[-83.56471,37.82334],[-83.56439,37.82338],[-83.56424,37.82317],[-83.56435,37.82275],[-83.56451,37.8225],[-83.56534,37.82155],[-83.56566,37.8213],[-83.56602,37.82116],[-83.56654,37.82081],[-83.56726,37.82024],[-83.5677,37.81934],[-83.56802,37.81843],[-83.56799,37.81818],[-83.56784,37.81803],[-83.56704,37.81806],[-83.56593,37.81769],[-83.56577,37.81758],[-83.56526,37.81762],[-83.565,37.81772],[-83.56426,37.81819],[-83.5633,37.81817],[-83.56291,37.81849],[-83.56178,37.81898],[-83.56111,37.81896],[-83.55917,37.81934],[-83.55854,37.8196],[-83.55762,37.82011],[-83.55737,37.82007],[-83.55735,37.8199],[-83.55763,37.81963],[-83.5578,37.81873],[-83.55779,37.81849],[-83.55819,37.81821],[-83.55847,37.81812],[-83.55947,37.81802],[-83.55988,37.81787],[-83.56034,37.81744],[-83.56036,37.81722],[-83.56031,37.8171],[-83.56003,37.81695],[-83.55937,37.81679],[-83.55745,37.81692],[-83.5571,37.81689],[-83.55684,37.81679],[-83.55662,37.81661],[-83.55637,37.81627],[-83.55627,37.81567],[-83.55644,37.81481],[-83.5564,37.8144],[-83.55656,37.81414],[-83.55661,37.81374],[-83.55645,37.81322],[-83.5559,37.81279],[-83.55556,37.81276],[-83.55482,37.81302],[-83.55406,37.81382],[-83.55375,37.81431],[-83.5537,37.81479],[-83.55379,37.81493],[-83.5539,37.81578],[-83.55411,37.81651],[-83.554,37.81668],[-83.55355,37.81676],[-83.55311,37.81663],[-83.55255,37.81635],[-83.55242,37.81615],[-83.55242,37.81585],[-83.55226,37.81569],[-83.5515,37.81532],[-83.55148,37.8152],[-83.55212,37.81486],[-83.5523,37.81436],[-83.55217,37.81422],[-83.55166,37.81422],[-83.55133,37.81434],[-83.55123,37.8143],[-83.55107,37.81435],[-83.5509,37.8146],[-83.55068,37.81463],[-83.55045,37.81449],[-83.55033,37.81385],[-83.55023,37.81366],[-83.54985,37.81317],[-83.54976,37.81287],[-83.54909,37.81198],[-83.54859,37.81138],[-83.54832,37.8114],[-83.54793,37.81116],[-83.54783,37.81059],[-83.54764,37.81043],[-83.54685,37.81011],[-83.54662,37.80974],[-83.54658,37.80956],[-83.54682,37.80945],[-83.54764,37.80975],[-83.5481,37.80976],[-83.54851,37.80958],[-83.54874,37.80955],[-83.54914,37.80953],[-83.54979,37.80964],[-83.55045,37.80947],[-83.55053,37.80925],[-83.55038,37.80901],[-83.55002,37.80882],[-83.54847,37.80839],[-83.54766,37.8084],[-83.54738,37.80834],[-83.54703,37.80815],[-83.54683,37.80811],[-83.54682,37.80786],[-83.54712,37.80751],[-83.54742,37.80696],[-83.54744,37.80664],[-83.54785,37.80555],[-83.54781,37.80538],[-83.54757,37.80511],[-83.54712,37.80498],[-83.54671,37.80473],[-83.54646,37.80453],[-83.54635,37.80428],[-83.54624,37.80387],[-83.54657,37.80258],[-83.54686,37.80217],[-83.54689,37.80184],[-83.54679,37.80119],[-83.54662,37.80097],[-83.54621,37.80074],[-83.54558,37.80096],[-83.54536,37.80112],[-83.54509,37.80155],[-83.54498,37.80189],[-83.54471,37.80231],[-83.54428,37.80482],[-83.544,37.80531],[-83.54383,37.80544],[-83.54326,37.8054],[-83.54301,37.80517],[-83.54282,37.80488],[-83.54186,37.80411],[-83.54181,37.80392],[-83.54115,37.80283],[-83.54073,37.80246],[-83.54065,37.80242],[-83.54053,37.80249],[-83.54033,37.80286],[-83.54033,37.80317],[-83.54057,37.80368],[-83.54073,37.80436],[-83.54091,37.8046],[-83.54093,37.80481],[-83.54113,37.80529],[-83.54177,37.80587],[-83.5418,37.80604],[-83.54176,37.80611],[-83.54147,37.80617],[-83.54067,37.80602],[-83.54,37.80567],[-83.53959,37.80561],[-83.53927,37.80564],[-83.53914,37.80575],[-83.53887,37.80577],[-83.53802,37.80621],[-83.53789,37.80643],[-83.53782,37.80693],[-83.53748,37.80826],[-83.53745,37.80893],[-83.53741,37.80906],[-83.53734,37.80908],[-83.53593,37.80826],[-83.53567,37.80808],[-83.53543,37.80781],[-83.53505,37.8071],[-83.53492,37.80637],[-83.53464,37.80548],[-83.53446,37.8052],[-83.53408,37.80486],[-83.53316,37.80457],[-83.53243,37.80443],[-83.53096,37.80441],[-83.53047,37.80426],[-83.53044,37.80409],[-83.53052,37.80392],[-83.53087,37.80374],[-83.53129,37.8033],[-83.53155,37.80264],[-83.5315,37.80239],[-83.53141,37.8023],[-83.5311,37.80227],[-83.53018,37.80244],[-83.52972,37.80268],[-83.52952,37.80288],[-83.52928,37.80288],[-83.52887,37.80239],[-83.5287,37.80208],[-83.52824,37.80158],[-83.52797,37.80139],[-83.52726,37.80121],[-83.5269,37.801],[-83.52674,37.80097],[-83.52638,37.80113],[-83.52604,37.80101],[-83.52498,37.80153],[-83.52473,37.802],[-83.52482,37.80299],[-83.52574,37.80417],[-83.52591,37.80445],[-83.52592,37.80461],[-83.52586,37.80467],[-83.52562,37.80472],[-83.52505,37.80448],[-83.52398,37.80395],[-83.52321,37.80334],[-83.52282,37.80327],[-83.52287,37.80303],[-83.52314,37.80294],[-83.52331,37.80269],[-83.52333,37.80249],[-83.5232,37.80233],[-83.52331,37.80195],[-83.52455,37.80054],[-83.5249,37.79986],[-83.52555,37.79926],[-83.52551,37.79859],[-83.52531,37.79828],[-83.52529,37.79774],[-83.52524,37.79772],[-83.52502,37.79767],[-83.52484,37.79771],[-83.52404,37.79827],[-83.52365,37.79819],[-83.52305,37.79779],[-83.52286,37.79761],[-83.5228,37.79727],[-83.52286,37.79698],[-83.52276,37.79649],[-83.52249,37.79613],[-83.52224,37.7961],[-83.52204,37.79627],[-83.52176,37.79675],[-83.52151,37.79676],[-83.5208,37.79638],[-83.52042,37.79593],[-83.51974,37.79546],[-83.51964,37.79526],[-83.51971,37.79485],[-83.51983,37.79467],[-83.52076,37.79394],[-83.52085,37.79376],[-83.52061,37.79339],[-83.52036,37.79329],[-83.52006,37.79345],[-83.51963,37.79357],[-83.51946,37.79366],[-83.51942,37.79375],[-83.5189,37.79392],[-83.51829,37.79375],[-83.5178,37.79319],[-83.51728,37.79282],[-83.51686,37.79271],[-83.51646,37.79268],[-83.51609,37.79273],[-83.51522,37.79323],[-83.51423,37.79322],[-83.5141,37.79337],[-83.51436,37.79382],[-83.51503,37.79451],[-83.51499,37.79479],[-83.5149,37.79484],[-83.51445,37.79463],[-83.51394,37.79428],[-83.51247,37.79258],[-83.51204,37.79238],[-83.51179,37.79235],[-83.51158,37.79281],[-83.51159,37.79293],[-83.51172,37.79338],[-83.51229,37.79416],[-83.51231,37.79433],[-83.51207,37.7945],[-83.5119,37.79472],[-83.51179,37.7948],[-83.51125,37.79487],[-83.51068,37.79469],[-83.5095,37.7947],[-83.50916,37.79461],[-83.50873,37.79464],[-83.50815,37.79481],[-83.50729,37.7955],[-83.50723,37.7959],[-83.50692,37.79613],[-83.50652,37.79661],[-83.50623,37.79749],[-83.50571,37.79797],[-83.50514,37.79832],[-83.50482,37.79871],[-83.50483,37.79884],[-83.50534,37.79898],[-83.50583,37.79891],[-83.50619,37.79868],[-83.50661,37.79855],[-83.50689,37.79855],[-83.50764,37.79866],[-83.50802,37.79883],[-83.5083,37.79914],[-83.50848,37.7995],[-83.50844,37.79985],[-83.50831,37.80023],[-83.50835,37.80046],[-83.5083,37.8007],[-83.50804,37.80145],[-83.50796,37.80251],[-83.50782,37.80264],[-83.50736,37.80265],[-83.50719,37.80254],[-83.50686,37.80264],[-83.5062,37.80266],[-83.50585,37.80278],[-83.505,37.80264],[-83.50435,37.80264],[-83.50414,37.80273],[-83.50381,37.80329],[-83.50303,37.80366],[-83.50263,37.80367],[-83.50256,37.80374],[-83.50212,37.80344],[-83.5018,37.80341],[-83.50096,37.80346],[-83.5001,37.8036],[-83.49957,37.80351],[-83.49944,37.80331],[-83.49931,37.80263],[-83.49868,37.8025],[-83.49824,37.80292],[-83.49816,37.80306],[-83.49806,37.80367],[-83.49794,37.8037],[-83.49685,37.80344],[-83.496,37.80333],[-83.49572,37.80334],[-83.49533,37.80353],[-83.49476,37.80366],[-83.49368,37.80362],[-83.49342,37.80347],[-83.49337,37.80324],[-83.49345,37.80251],[-83.4938,37.80191],[-83.49415,37.80158],[-83.49466,37.8008],[-83.49475,37.80055],[-83.49478,37.80017],[-83.49476,37.7999],[-83.49466,37.79972],[-83.49424,37.79945],[-83.49408,37.79925],[-83.49363,37.7991],[-83.49329,37.79911],[-83.4924,37.79937],[-83.4918,37.79947],[-83.49152,37.79948],[-83.49124,37.79938],[-83.49104,37.79916],[-83.49082,37.79841],[-83.49044,37.79805],[-83.49014,37.79795],[-83.48957,37.79797],[-83.48916,37.79812],[-83.48864,37.79813],[-83.48858,37.79819],[-83.48868,37.79837],[-83.48901,37.7986],[-83.48916,37.7989],[-83.4894,37.79894],[-83.48975,37.79914],[-83.48992,37.7994],[-83.49005,37.80019],[-83.49019,37.80039],[-83.49075,37.80072],[-83.49141,37.80068],[-83.49202,37.80049],[-83.49228,37.80034],[-83.49272,37.80033],[-83.49299,37.8004],[-83.49309,37.8005],[-83.49263,37.80081],[-83.49243,37.80124],[-83.49205,37.80166],[-83.49199,37.80202],[-83.49173,37.80274],[-83.49178,37.80353],[-83.49193,37.80386],[-83.49179,37.80464],[-83.49184,37.80505],[-83.49209,37.80542],[-83.49222,37.80574],[-83.49243,37.80591],[-83.49256,37.80598],[-83.49323,37.80597],[-83.4939,37.80584],[-83.49423,37.80558],[-83.49464,37.8051],[-83.49509,37.80489],[-83.49565,37.80497],[-83.49629,37.8053],[-83.49687,37.80536],[-83.49724,37.80526],[-83.49762,37.80527],[-83.49796,37.80532],[-83.49809,37.80542],[-83.49836,37.80548],[-83.49903,37.80522],[-83.49978,37.80516],[-83.49998,37.80507],[-83.50035,37.80511],[-83.50165,37.80503],[-83.50208,37.80527],[-83.50218,37.80559],[-83.50215,37.80614],[-83.50208,37.80629],[-83.50213,37.80679],[-83.50252,37.80779],[-83.50267,37.80793],[-83.50286,37.80792],[-83.50303,37.80782],[-83.50336,37.80743],[-83.50352,37.80696],[-83.50359,37.80626],[-83.50347,37.80578],[-83.50351,37.80548],[-83.50395,37.80509],[-83.50438,37.805],[-83.50482,37.80503],[-83.50542,37.80531],[-83.5057,37.80536],[-83.50637,37.80467],[-83.50685,37.80436],[-83.50748,37.80413],[-83.50778,37.80414],[-83.508,37.80406],[-83.50837,37.80404],[-83.50958,37.80349],[-83.51039,37.80356],[-83.51068,37.80338],[-83.51076,37.80301],[-83.51017,37.8021],[-83.51004,37.80165],[-83.51003,37.80125],[-83.51018,37.80062],[-83.51023,37.80046],[-83.5104,37.80027],[-83.51043,37.8001],[-83.51049,37.79957],[-83.51043,37.79851],[-83.51005,37.79792],[-83.50974,37.79765],[-83.50934,37.79751],[-83.50891,37.79748],[-83.50851,37.79756],[-83.50832,37.7975],[-83.50831,37.7973],[-83.50867,37.79692],[-83.50948,37.79639],[-83.50979,37.79635],[-83.50989,37.79649],[-83.51007,37.79652],[-83.51104,37.79653],[-83.51146,37.79646],[-83.51193,37.79628],[-83.51264,37.79582],[-83.51308,37.79592],[-83.51299,37.79643],[-83.51287,37.79673],[-83.51291,37.79691],[-83.51303,37.79699],[-83.51326,37.797],[-83.51368,37.79689],[-83.51419,37.79645],[-83.51443,37.79635],[-83.51584,37.79605],[-83.51618,37.79592],[-83.51635,37.79577],[-83.51669,37.79577],[-83.51698,37.79601],[-83.51705,37.79658],[-83.51715,37.79667],[-83.51833,37.79716],[-83.51876,37.79752],[-83.51892,37.79777],[-83.51927,37.798],[-83.51973,37.79847],[-83.52019,37.79859],[-83.52029,37.79875],[-83.52102,37.79914],[-83.52186,37.79982],[-83.52183,37.8002],[-83.5216,37.80036],[-83.52075,37.80066],[-83.52067,37.80083],[-83.52065,37.80112],[-83.52086,37.80164],[-83.52073,37.80202],[-83.52041,37.8022],[-83.5195,37.80293],[-83.51821,37.80411],[-83.51786,37.80436],[-83.51756,37.80481],[-83.51738,37.80489],[-83.51728,37.80504],[-83.51715,37.80505],[-83.51702,37.80528],[-83.5171,37.80537],[-83.51737,37.80551],[-83.51886,37.80557],[-83.5192,37.80571],[-83.51951,37.80609],[-83.51952,37.80633],[-83.51963,37.80662],[-83.52042,37.80765],[-83.52061,37.80774],[-83.52089,37.80774],[-83.52164,37.8071],[-83.52177,37.80673],[-83.52185,37.80634],[-83.52166,37.805],[-83.52174,37.80467],[-83.52189,37.80456],[-83.52229,37.80462],[-83.52243,37.80472],[-83.52262,37.80531],[-83.5225,37.80583],[-83.52277,37.80618],[-83.52279,37.80644],[-83.52296,37.8068],[-83.52292,37.80708],[-83.52321,37.80725],[-83.52341,37.80723],[-83.52383,37.807],[-83.52413,37.80657],[-83.52462,37.8063],[-83.52512,37.80633],[-83.52548,37.80648],[-83.52619,37.80664],[-83.52638,37.80661],[-83.52654,37.80648],[-83.52753,37.80608],[-83.52774,37.80591],[-83.52781,37.80575],[-83.52782,37.8055],[-83.52794,37.8052],[-83.52783,37.80487],[-83.52787,37.80479],[-83.52798,37.80479],[-83.52909,37.80542],[-83.52943,37.80598],[-83.52964,37.80616],[-83.52997,37.80616],[-83.53055,37.80585],[-83.53137,37.80572],[-83.53171,37.80577],[-83.53178,37.80594],[-83.53178,37.80636],[-83.53156,37.80669],[-83.5313,37.8069],[-83.53115,37.80716],[-83.5309,37.80805]]]}},{"type":"Feature","properties":{"NAME":"Rock Creek Wild River","TYPE":"Wild River (State)","ACCESS":"Restricted","URL":"https://eec.ky.gov/Nature-Preserves/Locations/Pages/Rock-Creek-Wild-River.aspx"},"geometry":{"type":"Polygon","coordinates":[[[-84.68776,36.65016],[-84.68752,36.65046],[-84.68726,36.65037],[-84.68676,36.65037],[-84.68628,36.65049],[-84.68569,36.6508],[-84.68468,36.65189],[-84.68332,36.65382],[-84.68316,36.6545],[-84.68318,36.65506],[-84.68358,36.6555],[-84.68427,36.65589],[-84.68472,36.65646],[-84.68493,36.65679],[-84.68493,36.65697],[-84.68482,36.65717],[-84.68453,36.65724],[-84.68361,36.65678],[-84.6832,36.6567],[-84.68278,36.65675],[-84.68248,36.65689],[-84.68209,36.65794],[-84.68187,36.65813],[-84.68154,36.65826],[-84.68072,36.65836],[-84.679,36.65838],[-84.67804,36.6586],[-84.6769,36.65936],[-84.67681,36.65953],[-84.67662,36.65965],[-84.67603,36.65991],[-84.67483,36.66016],[-84.67384,36.66071],[-84.6732,36.66144],[-84.6726,36.66226],[-84.67111,36.66349],[-84.67093,36.6637],[-84.67023,36.6642],[-84.66997,36.6643],[-84.66967,36.66419],[-84.66926,36.66389],[-84.66856,36.66383],[-84.66839,36.66376],[-84.66811,36.66355],[-84.6679,36.66328],[-84.66786,36.66269],[-84.6682,36.66208],[-84.66868,36.6614],[-84.66891,36.66075],[-84.66891,36.66049],[-84.66869,36.65975],[-84.66796,36.65866],[-84.66761,36.65784],[-84.66737,36.65747],[-84.66712,36.65724],[-84.66679,36.65706],[-84.66655,36.65701],[-84.66555,36.65707],[-84.66525,36.65703],[-84.66514,36.6569],[-84.66512,36.65671],[-84.66522,36.65645],[-84.66537,36.65628],[-84.6654,36.656],[-84.66504,36.65528],[-84.66426,36.65492],[-84.6637,36.65439],[-84.66276,36.65377],[-84.66185,36.65344],[-84.66119,36.65363],[-84.66106,36.65377],[-84.66059,36.65473],[-84.66039,36.6549],[-84.65998,36.655],[-84.65946,36.65487],[-84.6592,36.65471],[-84.65901,36.65429],[-84.6592,36.65337],[-84.65895,36.65289],[-84.65891,36.65265],[-84.65876,36.65249],[-84.65833,36.65227],[-84.65744,36.65204],[-84.65537,36.65219],[-84.65332,36.65273],[-84.65228,36.65316],[-84.65206,36.65328],[-84.65194,36.65365],[-84.65217,36.65466],[-84.65216,36.65498],[-84.65204,36.65564],[-84.65178,36.65617],[-84.65149,36.65629],[-84.65134,36.65627],[-84.65128,36.65614],[-84.6513,36.65583],[-84.65108,36.6549],[-84.65095,36.65486],[-84.65021,36.65503],[-84.6496,36.65489],[-84.64945,36.65499],[-84.64936,36.6552],[-84.64808,36.65652],[-84.64744,36.65682],[-84.64627,36.65715],[-84.64613,36.6573],[-84.64625,36.65802],[-84.64619,36.65814],[-84.64606,36.65818],[-84.64543,36.658],[-84.64519,36.65803],[-84.64436,36.65841],[-84.64425,36.65839],[-84.64407,36.65816],[-84.64405,36.65789],[-84.64458,36.65745],[-84.64468,36.65695],[-84.64502,36.65652],[-84.64514,36.65625],[-84.6452,36.65594],[-84.64549,36.65519],[-84.64545,36.65498],[-84.64448,36.65428],[-84.64311,36.65388],[-84.64218,36.65349],[-84.64132,36.65341],[-84.64089,36.65379],[-84.64031,36.65413],[-84.63991,36.65412],[-84.63951,36.65385],[-84.63927,36.65377],[-84.63889,36.65373],[-84.63874,36.6538],[-84.63872,36.65388],[-84.63891,36.65415],[-84.63895,36.65433],[-84.6389,36.6544],[-84.63867,36.65432],[-84.63812,36.65434],[-84.63797,36.65468],[-84.63798,36.65535],[-84.63838,36.65605],[-84.6383,36.65634],[-84.63792,36.65662],[-84.63761,36.65667],[-84.63666,36.65638],[-84.63654,36.65618],[-84.63664,36.65582],[-84.6366,36.65563],[-84.63641,36.65545],[-84.63608,36.65535],[-84.6358,36.65493],[-84.63549,36.65462],[-84.63532,36.65467],[-84.63515,36.65496],[-84.63503,36.65542],[-84.63505,36.65561],[-84.63488,36.65586],[-84.63469,36.65582],[-84.63455,36.65568],[-84.63409,36.65583],[-84.63354,36.65614],[-84.63325,36.65623],[-84.63294,36.65625],[-84.63249,36.65605],[-84.63216,36.6561],[-84.63184,36.65624],[-84.63129,36.65671],[-84.63104,36.65715],[-84.63094,36.65763],[-84.63099,36.6578],[-84.63172,36.6581],[-84.63189,36.65823],[-84.63207,36.6585],[-84.63254,36.65891],[-84.63292,36.65915],[-84.63301,36.65938],[-84.63294,36.65959],[-84.63275,36.65972],[-84.63176,36.66006],[-84.63129,36.65997],[-84.63112,36.66001],[-84.63057,36.66024],[-84.63006,36.6606],[-84.6294,36.66051],[-84.62924,36.66009],[-84.62931,36.65973],[-84.62922,36.65928],[-84.62864,36.65843],[-84.62821,36.65825],[-84.628,36.65846],[-84.62744,36.6588],[-84.62708,36.65917],[-84.62679,36.65928],[-84.62655,36.65947],[-84.62624,36.65956],[-84.62593,36.65952],[-84.62526,36.65972],[-84.62444,36.66031],[-84.62434,36.66052],[-84.62434,36.66096],[-84.62541,36.66245],[-84.62557,36.66284],[-84.62552,36.66299],[-84.62523,36.66307],[-84.62495,36.66301],[-84.62476,36.66289],[-84.62416,36.66284],[-84.62366,36.6629],[-84.62357,36.66297],[-84.62299,36.6631],[-84.62289,36.66329],[-84.6232,36.66351],[-84.62336,36.66374],[-84.62358,36.66391],[-84.62369,36.6642],[-84.62369,36.6644],[-84.62411,36.66455],[-84.62464,36.66452],[-84.62521,36.66491],[-84.62525,36.66518],[-84.6252,36.66541],[-84.62496,36.66556],[-84.62469,36.66583],[-84.62459,36.66602],[-84.62461,36.66638],[-84.6248,36.66679],[-84.6246,36.66688],[-84.62446,36.66684],[-84.6242,36.66661],[-84.62392,36.66615],[-84.62359,36.66589],[-84.62231,36.66573],[-84.622,36.66595],[-84.62166,36.66582],[-84.62134,36.66526],[-84.62077,36.66483],[-84.62073,36.66464],[-84.62105,36.66391],[-84.62144,36.66332],[-84.62145,36.66261],[-84.62131,36.66226],[-84.62115,36.6622],[-84.62098,36.66224],[-84.62009,36.66259],[-84.61966,36.66284],[-84.61921,36.66289],[-84.61916,36.6626],[-84.61926,36.66235],[-84.61943,36.66205],[-84.61994,36.66148],[-84.62009,36.66119],[-84.62012,36.66088],[-84.61998,36.66052],[-84.61965,36.66011],[-84.61904,36.65978],[-84.61837,36.65958],[-84.61804,36.65939],[-84.61759,36.65925],[-84.61552,36.65909],[-84.61484,36.65849],[-84.61458,36.65835],[-84.61415,36.65835],[-84.61398,36.65848],[-84.61395,36.65898],[-84.61377,36.65954],[-84.61365,36.65967],[-84.61348,36.65969],[-84.61332,36.65957],[-84.61318,36.65934],[-84.61302,36.6588],[-84.61262,36.6586],[-84.6119,36.65873],[-84.61164,36.65888],[-84.61144,36.65905],[-84.61125,36.65957],[-84.6111,36.65974],[-84.61091,36.6598],[-84.61022,36.65979],[-84.60988,36.65992],[-84.60906,36.66085],[-84.60855,36.66158],[-84.60736,36.66268],[-84.60579,36.6628],[-84.6049,36.66273],[-84.60415,36.66232],[-84.60329,36.66208],[-84.60227,36.66201],[-84.60177,36.66205],[-84.60115,36.66223],[-84.60086,36.66217],[-84.60058,36.66196],[-84.59996,36.66184],[-84.59876,36.662],[-84.59821,36.66222],[-84.59771,36.66262],[-84.5976,36.66308],[-84.59759,36.66387],[-84.59725,36.6646],[-84.59665,36.66497],[-84.59578,36.66573],[-84.59575,36.66602],[-84.59589,36.66633],[-84.59635,36.66681],[-84.59628,36.66714],[-84.59561,36.66871],[-84.59533,36.66963],[-84.59521,36.6698],[-84.59437,36.67014],[-84.59284,36.67039],[-84.59175,36.66996],[-84.59137,36.66991],[-84.59099,36.67001],[-84.59058,36.6702],[-84.58936,36.67187],[-84.58929,36.67212],[-84.58936,36.67239],[-84.58954,36.67259],[-84.59004,36.67297],[-84.5912,36.67349],[-84.59171,36.67407],[-84.59237,36.67459],[-84.59247,36.67477],[-84.59253,36.67523],[-84.59241,36.67536],[-84.59205,36.67543],[-84.59162,36.67526],[-84.59068,36.67454],[-84.59037,36.67438],[-84.5899,36.67388],[-84.58952,36.67381],[-84.58861,36.67411],[-84.58693,36.67504],[-84.5864,36.6757],[-84.58614,36.67668],[-84.58578,36.67716],[-84.58539,36.67733],[-84.5848,36.67738],[-84.58456,36.67749],[-84.58436,36.67766],[-84.58429,36.67789],[-84.58402,36.67816],[-84.58373,36.67827],[-84.58339,36.67852],[-84.5831,36.67903],[-84.58287,36.67995],[-84.58287,36.68032],[-84.583,36.68068],[-84.58306,36.68136],[-84.58325,36.68159],[-84.58392,36.68182],[-84.58427,36.68233],[-84.58399,36.68328],[-84.58413,36.68357],[-84.58444,36.68371],[-84.58518,36.68364],[-84.58575,36.68349],[-84.5863,36.68352],[-84.58658,36.68346],[-84.58701,36.6836],[-84.58725,36.68376],[-84.58729,36.68389],[-84.58714,36.68483],[-84.58716,36.68506],[-84.58788,36.68576],[-84.58826,36.68648],[-84.58844,36.68659],[-84.5889,36.68671],[-84.58987,36.68686],[-84.5903,36.68705],[-84.59041,36.68723],[-84.59024,36.68736],[-84.58996,36.6874],[-84.5886,36.68746],[-84.58774,36.68757],[-84.58743,36.68768],[-84.58714,36.68795],[-84.58701,36.68854],[-84.58702,36.68894],[-84.58667,36.69005],[-84.58662,36.69065],[-84.58668,36.69122],[-84.58663,36.69145],[-84.58641,36.69176],[-84.58585,36.69216],[-84.58571,36.69233],[-84.58535,36.69252],[-84.58527,36.69265],[-84.58534,36.69284],[-84.58562,36.69313],[-84.58576,36.6935],[-84.58554,36.69384],[-84.58477,36.69447],[-84.5845,36.69506],[-84.58452,36.69524],[-84.58487,36.69585],[-84.58508,36.69607],[-84.58507,36.69664],[-84.5852,36.69714],[-84.5853,36.69734],[-84.58572,36.69759],[-84.58634,36.69766],[-84.58682,36.69762],[-84.58729,36.6978],[-84.58782,36.69788],[-84.5885,36.69816],[-84.58883,36.69839],[-84.589,36.69862],[-84.58913,36.69947],[-84.58936,36.69976],[-84.58962,36.70003],[-84.59007,36.70015],[-84.59043,36.70039],[-84.59035,36.7009],[-84.59005,36.70167],[-84.59002,36.70194],[-84.59004,36.70215],[-84.59037,36.70269],[-84.59076,36.70313],[-84.59206,36.70399],[-84.59275,36.70431],[-84.59365,36.70503],[-84.59423,36.70438],[-84.59445,36.70402],[-84.59453,36.70363],[-84.59516,36.70283],[-84.59617,36.70219],[-84.59699,36.70176],[-84.59718,36.70159],[-84.5969,36.70116],[-84.59688,36.70095],[-84.5974,36.69955],[-84.59799,36.69721],[-84.5981,36.69624],[-84.59805,36.69606],[-84.59787,36.69573],[-84.59678,36.69505],[-84.5964,36.69474],[-84.59594,36.69406],[-84.59563,36.69383],[-84.59463,36.69363],[-84.5949,36.69317],[-84.59495,36.69294],[-84.59496,36.69265],[-84.59484,36.69238],[-84.59489,36.69217],[-84.59552,36.69172],[-84.59576,36.69147],[-84.59635,36.69048],[-84.59664,36.69019],[-84.59676,36.6899],[-84.59735,36.68901],[-84.59778,36.68744],[-84.59832,36.68654],[-84.59848,36.68558],[-84.59805,36.68519],[-84.59789,36.68496],[-84.59787,36.68473],[-84.59799,36.6846],[-84.5981,36.68383],[-84.59805,36.68346],[-84.59794,36.68329],[-84.59701,36.68288],[-84.59566,36.68263],[-84.59514,36.68246],[-84.59446,36.68203],[-84.59438,36.68195],[-84.59438,36.68185],[-84.59465,36.68174],[-84.59493,36.68182],[-84.59526,36.68211],[-84.5955,36.68219],[-84.59574,36.68219],[-84.5966,36.68189],[-84.59684,36.68174],[-84.59701,36.68144],[-84.59702,36.68111],[-84.59688,36.68059],[-84.59684,36.67998],[-84.59716,36.67984],[-84.59923,36.6799],[-84.5994,36.67979],[-84.59984,36.67912],[-84.60052,36.67836],[-84.60158,36.67779],[-84.60217,36.67757],[-84.60232,36.6774],[-84.60247,36.67681],[-84.60256,36.67585],[-84.60257,36.67483],[-84.60249,36.67437],[-84.60207,36.67354],[-84.60172,36.6733],[-84.60124,36.67318],[-84.60112,36.67297],[-84.60115,36.67278],[-84.60155,36.67192],[-84.60169,36.67177],[-84.60188,36.67173],[-84.60214,36.67181],[-84.60242,36.6722],[-84.60285,36.67241],[-84.60302,36.67243],[-84.60325,36.67241],[-84.60407,36.67194],[-84.60448,36.67179],[-84.60467,36.67178],[-84.60536,36.67205],[-84.60581,36.67209],[-84.60598,36.67206],[-84.60639,36.67175],[-84.60675,36.67176],[-84.60715,36.67195],[-84.60749,36.67286],[-84.60806,36.67336],[-84.60846,36.67341],[-84.60961,36.67315],[-84.61124,36.67232],[-84.61158,36.67202],[-84.61188,36.67152],[-84.612,36.67089],[-84.61215,36.67062],[-84.61229,36.67056],[-84.61253,36.6706],[-84.6126,36.67074],[-84.61279,36.67082],[-84.61305,36.6708],[-84.6137,36.67048],[-84.61397,36.67025],[-84.61411,36.66876],[-84.61404,36.66855],[-84.61364,36.66808],[-84.61284,36.66767],[-84.61265,36.66744],[-84.61251,36.66707],[-84.61259,36.66694],[-84.61278,36.66688],[-84.61307,36.66686],[-84.61333,36.66693],[-84.61427,36.66745],[-84.61476,36.66815],[-84.61475,36.66901],[-84.61489,36.66938],[-84.61517,36.6695],[-84.61562,36.66954],[-84.61593,36.66972],[-84.616,36.66999],[-84.61571,36.67035],[-84.61561,36.67081],[-84.61562,36.67142],[-84.61583,36.67166],[-84.6163,36.67185],[-84.61649,36.67201],[-84.61658,36.67245],[-84.61646,36.67281],[-84.61621,36.6731],[-84.61611,36.67358],[-84.61634,36.67404],[-84.61684,36.67451],[-84.61714,36.67491],[-84.61773,36.67521],[-84.61842,36.67531],[-84.61888,36.67526],[-84.61926,36.67499],[-84.61941,36.67446],[-84.61953,36.67428],[-84.6197,36.67417],[-84.61996,36.67427],[-84.62013,36.67448],[-84.62032,36.67454],[-84.62075,36.67455],[-84.62096,36.67439],[-84.62109,36.67407],[-84.62109,36.6737],[-84.62077,36.67324],[-84.62045,36.67228],[-84.62045,36.67201],[-84.62064,36.67189],[-84.62095,36.67197],[-84.62116,36.67217],[-84.62195,36.6725],[-84.62263,36.67309],[-84.62351,36.673],[-84.62368,36.6731],[-84.62389,36.67339],[-84.62415,36.67462],[-84.6246,36.67512],[-84.62529,36.6753],[-84.62577,36.67511],[-84.62637,36.67506],[-84.6268,36.67489],[-84.62723,36.67434],[-84.62734,36.67363],[-84.62754,36.67338],[-84.62766,36.67308],[-84.62784,36.67212],[-84.62837,36.67178],[-84.62889,36.67182],[-84.62944,36.67223],[-84.62967,36.67254],[-84.62993,36.67268],[-84.63062,36.67276],[-84.6311,36.67249],[-84.6318,36.67202],[-84.63214,36.67168],[-84.63272,36.67126],[-84.63306,36.67082],[-84.63301,36.67057],[-84.63259,36.66996],[-84.63253,36.6697],[-84.6327,36.6693],[-84.63304,36.66908],[-84.63339,36.66902],[-84.63409,36.66876],[-84.63416,36.66859],[-84.63409,36.66847],[-84.6339,36.66837],[-84.63348,36.66827],[-84.63165,36.66743],[-84.63128,36.66668],[-84.63132,36.66606],[-84.63153,36.66591],[-84.63191,36.66595],[-84.63246,36.6664],[-84.63326,36.66689],[-84.63454,36.66707],[-84.63469,36.66702],[-84.63472,36.66667],[-84.6346,36.66625],[-84.63437,36.66586],[-84.63437,36.66555],[-84.6345,36.66546],[-84.63509,36.66539],[-84.6355,36.66551],[-84.6358,36.66605],[-84.63611,36.66621],[-84.63656,36.66617],[-84.63718,36.66625],[-84.63753,36.66639],[-84.63786,36.66666],[-84.63819,36.66678],[-84.63846,36.66677],[-84.63896,36.6666],[-84.63906,36.66652],[-84.63916,36.66623],[-84.63907,36.66581],[-84.63851,36.66481],[-84.63854,36.6645],[-84.63857,36.66421],[-84.63869,36.66389],[-84.63883,36.66385],[-84.63902,36.66401],[-84.63904,36.66412],[-84.6395,36.66422],[-84.63974,36.66409],[-84.63983,36.66392],[-84.63984,36.6634],[-84.63963,36.66313],[-84.6395,36.66265],[-84.63929,36.66232],[-84.63929,36.6622],[-84.63941,36.66217],[-84.63986,36.6623],[-84.64064,36.66281],[-84.64074,36.66336],[-84.64067,36.66393],[-84.64073,36.66457],[-84.64115,36.66499],[-84.64163,36.66527],[-84.64185,36.66531],[-84.64202,36.6653],[-84.64252,36.66507],[-84.64276,36.66511],[-84.64306,36.66574],[-84.64333,36.6661],[-84.64379,36.66624],[-84.64424,36.66624],[-84.64505,36.66613],[-84.64596,36.66589],[-84.64623,36.66577],[-84.6464,36.6656],[-84.64654,36.66537],[-84.64657,36.66481],[-84.64625,36.6642],[-84.64621,36.66406],[-84.64632,36.66394],[-84.64673,36.66389],[-84.64712,36.66394],[-84.64766,36.66407],[-84.64779,36.66416],[-84.64803,36.66418],[-84.64829,36.66413],[-84.64851,36.66397],[-84.64873,36.66363],[-84.64893,36.66352],[-84.64961,36.66346],[-84.64995,36.66362],[-84.65037,36.66434],[-84.65094,36.66445],[-84.65137,36.66484],[-84.65282,36.66472],[-84.65426,36.66443],[-84.65525,36.66395],[-84.65558,36.66353],[-84.6558,36.66301],[-84.65574,36.66273],[-84.65555,36.66241],[-84.65551,36.66224],[-84.65556,36.66201],[-84.65621,36.66156],[-84.65678,36.66139],[-84.65705,36.66231],[-84.6575,36.66294],[-84.6578,36.66289],[-84.65802,36.66273],[-84.65822,36.66244],[-84.65857,36.66246],[-84.6587,36.66265],[-84.65881,36.66349],[-84.659,36.66428],[-84.65919,36.66467],[-84.65921,36.665],[-84.65939,36.6655],[-84.65956,36.66572],[-84.66002,36.66599],[-84.66025,36.66605],[-84.66034,36.66615],[-84.66032,36.66636],[-84.6599,36.66662],[-84.65974,36.66683],[-84.65837,36.66746],[-84.65821,36.66806],[-84.65828,36.66876],[-84.65843,36.66895],[-84.65847,36.66911],[-84.65869,36.66936],[-84.65946,36.66989],[-84.65941,36.6701],[-84.65891,36.67023],[-84.65889,36.67037],[-84.65903,36.67076],[-84.6592,36.67106],[-84.6594,36.67125],[-84.65984,36.67222],[-84.6602,36.67259],[-84.66091,36.67314],[-84.66156,36.67355],[-84.66251,36.67401],[-84.66318,36.67395],[-84.66443,36.67329],[-84.66545,36.67313],[-84.66582,36.67334],[-84.66603,36.67368],[-84.66583,36.67441],[-84.66584,36.67473],[-84.66616,36.67524],[-84.6664,36.6755],[-84.66713,36.67586],[-84.66847,36.67599],[-84.66984,36.67627],[-84.67025,36.67627],[-84.67056,36.67617],[-84.671,36.67595],[-84.67183,36.67538],[-84.67229,36.67535],[-84.67306,36.67555],[-84.67361,36.67545],[-84.67438,36.67507],[-84.67538,36.67445],[-84.67576,36.67407],[-84.67626,36.6737],[-84.67633,36.67355],[-84.67688,36.67304],[-84.67738,36.67284],[-84.67774,36.67251],[-84.67751,36.67133],[-84.67776,36.6709],[-84.6785,36.6708],[-84.67882,36.67087],[-84.67915,36.6711],[-84.67932,36.67112],[-84.67995,36.67102],[-84.68047,36.67076],[-84.68091,36.67063],[-84.68181,36.67046],[-84.68211,36.67029],[-84.6824,36.66989],[-84.68258,36.66977],[-84.68342,36.66966],[-84.68378,36.66936],[-84.684,36.66887],[-84.6842,36.66868],[-84.6845,36.66876],[-84.68461,36.66891],[-84.68426,36.67054],[-84.68484,36.67121],[-84.68568,36.67162],[-84.68757,36.67148],[-84.6897,36.6711],[-84.69217,36.67037],[-84.69274,36.67013],[-84.69408,36.66912],[-84.69458,36.66862],[-84.69496,36.66803],[-84.69521,36.66749],[-84.69541,36.66683],[-84.69555,36.66471],[-84.69568,36.66441],[-84.69588,36.66426],[-84.6963,36.66414],[-84.69695,36.66408],[-84.69821,36.6643],[-84.69836,36.66428],[-84.69856,36.66412],[-84.69923,36.66392],[-84.69934,36.66383],[-84.69924,36.66352],[-84.69872,36.66299],[-84.69877,36.6626],[-84.69912,36.66252],[-84.69932,36.66261],[-84.69964,36.66259],[-84.70004,36.66228],[-84.70026,36.66171],[-84.70033,36.65998],[-84.70021,36.65927],[-84.7,36.65889],[-84.69933,36.65858],[-84.69911,36.65855],[-84.6988,36.65877],[-84.69861,36.65879],[-84.69834,36.6591],[-84.69817,36.65919],[-84.69806,36.65913],[-84.698,36.65894],[-84.69816,36.658],[-84.6981,36.65782],[-84.69732,36.65764],[-84.69704,36.65737],[-84.69702,36.65713],[-84.69727,36.65683],[-84.6976,36.65659],[-84.69764,36.65642],[-84.69735,36.65585],[-84.69727,36.65519],[-84.69708,36.65501],[-84.69604,36.65477],[-84.69604,36.65469],[-84.69683,36.65422],[-84.69696,36.65382],[-84.69666,36.6532],[-84.69682,36.65277],[-84.69695,36.65272],[-84.69711,36.65277],[-84.69783,36.65347],[-84.69814,36.65352],[-84.69827,36.65339],[-84.6985,36.65294],[-84.69863,36.65256],[-84.69905,36.652],[-84.6995,36.65162],[-84.69972,36.65152],[-84.69994,36.65152],[-84.69997,36.6517],[-84.69991,36.65188],[-84.69962,36.65208],[-84.69996,36.65249],[-84.70028,36.65267],[-84.70065,36.65283],[-84.70132,36.65296],[-84.70169,36.6532],[-84.70239,36.65343],[-84.70359,36.65354],[-84.70425,36.65368],[-84.70473,36.65368],[-84.7052,36.65364],[-84.70571,36.65349],[-84.70584,36.65326],[-84.70579,36.65252],[-84.70617,36.65224],[-84.70636,36.65232],[-84.70658,36.65263],[-84.70702,36.65276],[-84.70711,36.65284],[-84.70723,36.65327],[-84.70739,36.65345],[-84.70767,36.65353],[-84.70821,36.65351],[-84.71069,36.65277],[-84.71152,36.65219],[-84.71208,36.65107],[-84.71202,36.65038],[-84.7119,36.65],[-84.71165,36.64956],[-84.71198,36.649],[-84.71249,36.6488],[-84.71275,36.64827],[-84.71294,36.64812],[-84.71402,36.648],[-84.71459,36.6475],[-84.71532,36.6473],[-84.71568,36.64692],[-84.71568,36.64677],[-84.71597,36.64659],[-84.71613,36.64654],[-84.71663,36.64667],[-84.71692,36.64642],[-84.71721,36.64601],[-84.71778,36.64587],[-84.71813,36.64567],[-84.71823,36.64551],[-84.71795,36.64508],[-84.71789,36.64469],[-84.71809,36.64426],[-84.71873,36.64381],[-84.71886,36.6435],[-84.71859,36.64225],[-84.71838,36.64171],[-84.71825,36.64151],[-84.71794,36.64135],[-84.71772,36.64112],[-84.71772,36.64099],[-84.71801,36.64066],[-84.71887,36.64049],[-84.71916,36.64034],[-84.71941,36.64004],[-84.71966,36.63831],[-84.71963,36.6381],[-84.71973,36.6378],[-84.7196,36.63757],[-84.71885,36.63751],[-84.71866,36.63733],[-84.7185,36.63705],[-84.71819,36.63681],[-84.71813,36.63658],[-84.71791,36.6364],[-84.71785,36.63622],[-84.71812,36.63518],[-84.71825,36.635],[-84.7185,36.63488],[-84.71958,36.63489],[-84.72028,36.63469],[-84.72053,36.63454],[-84.72091,36.63449],[-84.72151,36.63475],[-84.72182,36.63496],[-84.72201,36.63517],[-84.72178,36.63608],[-84.72208,36.63728],[-84.7221,36.63805],[-84.72222,36.6383],[-84.72266,36.63856],[-84.72291,36.63862],[-84.72342,36.63898],[-84.72392,36.63903],[-84.7243,36.63899],[-84.72485,36.63856],[-84.7251,36.63861],[-84.72538,36.63882],[-84.72592,36.639],[-84.72658,36.63896],[-84.72696,36.63873],[-84.72728,36.63863],[-84.72738,36.63845],[-84.72729,36.63817],[-84.72685,36.63758],[-84.72699,36.63702],[-84.72714,36.63702],[-84.72733,36.63733],[-84.72789,36.63792],[-84.72834,36.63792],[-84.72875,36.6378],[-84.72904,36.63755],[-84.72889,36.63688],[-84.72914,36.63684],[-84.72958,36.63704],[-84.73002,36.63715],[-84.73034,36.63715],[-84.73082,36.63695],[-84.73095,36.63677],[-84.73224,36.63679],[-84.73285,36.63674],[-84.73342,36.63649],[-84.73358,36.63621],[-84.73365,36.63588],[-84.73391,36.63555],[-84.73486,36.63507],[-84.73519,36.63441],[-84.7351,36.63413],[-84.73481,36.63395],[-84.7352,36.63367],[-84.73536,36.63327],[-84.7354,36.63296],[-84.7352,36.6313],[-84.73501,36.63082],[-84.7348,36.63051],[-84.73439,36.63002],[-84.73408,36.62989],[-84.73338,36.63016],[-84.73233,36.63072],[-84.73179,36.63063],[-84.73113,36.63022],[-84.7311,36.62994],[-84.7313,36.62961],[-84.73174,36.62938],[-84.73194,36.62916],[-84.73204,36.62867],[-84.73201,36.62842],[-84.7324,36.62773],[-84.73265,36.6275],[-84.73264,36.62668],[-84.73291,36.62615],[-84.73317,36.62592],[-84.73326,36.62556],[-84.73326,36.62532],[-84.73316,36.62504],[-84.73276,36.62461],[-84.73224,36.6238],[-84.73216,36.62344],[-84.73218,36.62306],[-84.73251,36.62267],[-84.73264,36.62234],[-84.73237,36.62186],[-84.73201,36.62157],[-84.73182,36.62129],[-84.73166,36.62091],[-84.73152,36.62019],[-84.73163,36.61997],[-84.73195,36.61972],[-84.73246,36.61955],[-84.73285,36.61953],[-84.73365,36.6197],[-84.73389,36.61984],[-84.73403,36.62001],[-84.73426,36.62061],[-84.73447,36.6207],[-84.73479,36.62072],[-84.73534,36.62093],[-84.7358,36.6214],[-84.73601,36.62191],[-84.73613,36.622],[-84.73776,36.62261],[-84.73895,36.62257],[-84.73995,36.62243],[-84.74126,36.62194],[-84.74152,36.62169],[-84.74169,36.62143],[-84.74174,36.62112],[-84.7417,36.62078],[-84.74149,36.62016],[-84.74116,36.61983],[-84.74042,36.61957],[-84.74004,36.61951],[-84.73968,36.61934],[-84.73949,36.61889],[-84.73943,36.61851],[-84.73946,36.61808],[-84.74007,36.61713],[-84.74016,36.61674],[-84.73995,36.61483],[-84.74028,36.61434],[-84.74075,36.61414],[-84.74119,36.6141],[-84.74221,36.61427],[-84.74376,36.61433],[-84.74425,36.61423],[-84.74447,36.61408],[-84.74456,36.61389],[-84.74476,36.61294],[-84.74477,36.61237],[-84.74467,36.61151],[-84.74425,36.61108],[-84.74366,36.61075],[-84.7433,36.61045],[-84.74267,36.61029],[-84.74214,36.61036],[-84.74156,36.61027],[-84.74119,36.6099],[-84.74087,36.60935],[-84.74066,36.60923],[-84.7399,36.60904],[-84.7396,36.60888],[-84.73829,36.60861],[-84.73772,36.60838],[-84.7373,36.60814],[-84.73721,36.60802],[-84.73732,36.60769],[-84.7378,36.60699],[-84.73816,36.60691],[-84.73876,36.60692],[-84.73934,36.6067],[-84.73974,36.60667],[-84.74065,36.60681],[-84.74104,36.60678],[-84.74155,36.6066],[-84.74183,36.60629],[-84.74231,36.60544],[-84.74226,36.60463],[-84.74249,36.60428],[-84.74255,36.60364],[-84.74263,36.60349],[-84.74289,36.60337],[-84.74381,36.60328],[-84.744,36.60319],[-84.74406,36.60309],[-84.74409,36.6028],[-84.74369,36.60252],[-84.73278,36.6022],[-84.73287,36.60243],[-84.73314,36.60267],[-84.73343,36.60306],[-84.73343,36.60327],[-84.73316,36.60395],[-84.73326,36.6045],[-84.73339,36.60469],[-84.73336,36.6051],[-84.73319,36.60514],[-84.73289,36.60507],[-84.73264,36.60494],[-84.73224,36.60458],[-84.73195,36.60447],[-84.73163,36.60451],[-84.73105,36.60481],[-84.73061,36.60539],[-84.73042,36.60583],[-84.73027,36.60597],[-84.72922,36.60639],[-84.72881,36.60673],[-84.72874,36.60704],[-84.72891,36.60735],[-84.72912,36.6075],[-84.72964,36.60836],[-84.72987,36.6085],[-84.73097,36.60865],[-84.73197,36.60869],[-84.73221,36.60881],[-84.73231,36.60897],[-84.73205,36.60934],[-84.73189,36.60982],[-84.73208,36.61022],[-84.73233,36.61039],[-84.7332,36.61052],[-84.73411,36.6113],[-84.73419,36.61151],[-84.73412,36.61181],[-84.73426,36.61233],[-84.73436,36.61336],[-84.7343,36.61408],[-84.7341,36.61463],[-84.73381,36.61469],[-84.73298,36.61453],[-84.73262,36.6143],[-84.73218,36.61363],[-84.73204,36.61318],[-84.73128,36.61258],[-84.73035,36.61218],[-84.7301,36.612],[-84.72917,36.61165],[-84.72904,36.6115],[-84.72826,36.61133],[-84.72734,36.61143],[-84.72702,36.61158],[-84.72636,36.61214],[-84.72628,36.61286],[-84.72638,36.61337],[-84.72614,36.61413],[-84.72592,36.61431],[-84.72545,36.61489],[-84.72527,36.61534],[-84.72471,36.6161],[-84.72422,36.61709],[-84.72418,36.61744],[-84.72449,36.61828],[-84.72446,36.619],[-84.7243,36.61967],[-84.72392,36.61942],[-84.72313,36.61921],[-84.7224,36.61956],[-84.7221,36.61978],[-84.72193,36.62012],[-84.7219,36.62045],[-84.722,36.62095],[-84.72194,36.62112],[-84.72174,36.62137],[-84.72134,36.62142],[-84.7211,36.62154],[-84.72116,36.62185],[-84.72162,36.62221],[-84.72206,36.62271],[-84.72215,36.62289],[-84.72216,36.62325],[-84.72227,36.62354],[-84.72258,36.6239],[-84.72295,36.62451],[-84.72291,36.62485],[-84.72205,36.62537],[-84.72124,36.62562],[-84.72106,36.62581],[-84.72093,36.6266],[-84.72057,36.62709],[-84.72023,36.62681],[-84.71952,36.62563],[-84.71923,36.62558],[-84.71882,36.62562],[-84.71828,36.62582],[-84.71764,36.62592],[-84.71691,36.6265],[-84.71671,36.62693],[-84.71661,36.62741],[-84.71664,36.62782],[-84.71679,36.62828],[-84.71672,36.62866],[-84.71675,36.62889],[-84.71658,36.62958],[-84.71633,36.62978],[-84.7161,36.62983],[-84.71585,36.6296],[-84.71545,36.62909],[-84.7152,36.62857],[-84.71457,36.6288],[-84.71438,36.62869],[-84.71404,36.62805],[-84.71382,36.62803],[-84.71353,36.62802],[-84.71261,36.62837],[-84.71191,36.62888],[-84.7114,36.62905],[-84.71066,36.62948],[-84.7105,36.62971],[-84.7105,36.63016],[-84.71095,36.6318],[-84.71082,36.63206],[-84.71069,36.63213],[-84.71035,36.6319],[-84.70994,36.63182],[-84.70978,36.63171],[-84.70959,36.63174],[-84.70927,36.63191],[-84.70914,36.63217],[-84.70925,36.63304],[-84.70958,36.63439],[-84.70942,36.63505],[-84.70919,36.63559],[-84.70874,36.63591],[-84.70842,36.63634],[-84.70835,36.63665],[-84.70843,36.63759],[-84.70838,36.63882],[-84.70822,36.63923],[-84.70653,36.64018],[-84.70563,36.64129],[-84.70524,36.64144],[-84.7041,36.64166],[-84.70379,36.64163],[-84.70268,36.64129],[-84.70189,36.64126],[-84.70145,36.6409],[-84.70124,36.64046],[-84.70095,36.64038],[-84.69975,36.64035],[-84.6994,36.64042],[-84.69915,36.64055],[-84.69914,36.64108],[-84.69928,36.64215],[-84.69915,36.64248],[-84.69899,36.64269],[-84.69877,36.64284],[-84.69813,36.64301],[-84.69778,36.64301],[-84.6975,36.64293],[-84.697,36.64259],[-84.69649,36.64254],[-84.69625,36.64218],[-84.69599,36.64202],[-84.69539,36.6423],[-84.69465,36.643],[-84.69446,36.64336],[-84.69432,36.64369],[-84.69435,36.6443],[-84.69371,36.64458],[-84.69355,36.64488],[-84.69329,36.64514],[-84.6924,36.64576],[-84.69103,36.64621],[-84.69048,36.64669],[-84.69032,36.647],[-84.69029,36.64725],[-84.69013,36.6474],[-84.68895,36.64805],[-84.68847,36.64825],[-84.68818,36.64853],[-84.68798,36.64899],[-84.68782,36.64914],[-84.68776,36.65016]]]}},{"type":"Feature","properties":{"NAME":"Rockcastle River Wild River","TYPE":"Wild River (State)","ACCESS":"Restricted","URL":"https://eec.ky.gov/Nature-Preserves/Locations/Pages/Rockcastle-River-Wild-River.aspx"},"geometry":{"type":"Polygon","coordinates":[[[-84.28867,37.10688],[-84.28785,37.10648],[-84.28729,37.10589],[-84.28668,37.10546],[-84.28564,37.10444],[-84.2849,37.10356],[-84.2847,37.10311],[-84.28453,37.10295],[-84.28413,37.10267],[-84.28253,37.10181],[-84.28238,37.10144],[-84.28251,37.10101],[-84.28282,37.10064],[-84.28405,37.09993],[-84.2845,37.09955],[-84.28471,37.09945],[-84.2852,37.09939],[-84.28599,37.09952],[-84.28654,37.09969],[-84.28708,37.09969],[-84.28736,37.09943],[-84.28729,37.0986],[-84.28764,37.09772],[-84.28856,37.09698],[-84.2895,37.09636],[-84.28972,37.09593],[-84.2898,37.09567],[-84.28974,37.09543],[-84.28914,37.09455],[-84.28909,37.09402],[-84.28864,37.09268],[-84.28796,37.09197],[-84.28684,37.0912],[-84.28643,37.09044],[-84.28648,37.09016],[-84.28675,37.08998],[-84.28742,37.08997],[-84.28789,37.08988],[-84.28839,37.08989],[-84.28873,37.09002],[-84.28916,37.09004],[-84.28943,37.08986],[-84.28955,37.08967],[-84.29002,37.08928],[-84.29039,37.08911],[-84.29095,37.08915],[-84.29173,37.08967],[-84.29211,37.08983],[-84.2925,37.08982],[-84.29351,37.08946],[-84.29401,37.08942],[-84.2951,37.08949],[-84.29562,37.08961],[-84.29595,37.08978],[-84.29632,37.0904],[-84.29643,37.09093],[-84.29669,37.09121],[-84.29684,37.09132],[-84.29774,37.09152],[-84.29845,37.09177],[-84.29885,37.09215],[-84.29928,37.09276],[-84.29966,37.09304],[-84.29999,37.09323],[-84.30054,37.09336],[-84.30099,37.0933],[-84.30139,37.09314],[-84.30202,37.09264],[-84.30214,37.09242],[-84.30221,37.09199],[-84.30218,37.09137],[-84.30182,37.09027],[-84.30183,37.08976],[-84.30191,37.08961],[-84.30212,37.08929],[-84.30292,37.08879],[-84.30325,37.08872],[-84.30384,37.0884],[-84.30475,37.08779],[-84.30515,37.0874],[-84.30526,37.0867],[-84.30476,37.08548],[-84.30452,37.08506],[-84.30464,37.08478],[-84.30499,37.08466],[-84.3054,37.08439],[-84.30608,37.08279],[-84.30598,37.08236],[-84.30532,37.08172],[-84.3052,37.08153],[-84.30526,37.08105],[-84.30553,37.08055],[-84.30582,37.08043],[-84.30613,37.08048],[-84.30641,37.08114],[-84.30667,37.08145],[-84.3066,37.08196],[-84.30673,37.08237],[-84.3073,37.08268],[-84.30798,37.08335],[-84.30831,37.08353],[-84.309,37.08369],[-84.30929,37.08362],[-84.30937,37.08333],[-84.30924,37.08285],[-84.30932,37.08266],[-84.30958,37.0824],[-84.31007,37.08211],[-84.31033,37.08176],[-84.31035,37.08156],[-84.31012,37.08124],[-84.30919,37.0809],[-84.30907,37.08074],[-84.3091,37.08059],[-84.31123,37.08001],[-84.31188,37.07998],[-84.31315,37.08007],[-84.31377,37.07995],[-84.31509,37.07926],[-84.31582,37.07876],[-84.31692,37.07777],[-84.31698,37.07758],[-84.31751,37.07693],[-84.31771,37.07642],[-84.31793,37.07621],[-84.31799,37.07588],[-84.31869,37.07473],[-84.31868,37.07456],[-84.31882,37.07404],[-84.31906,37.07338],[-84.3193,37.07295],[-84.31952,37.0727],[-84.31979,37.07268],[-84.32002,37.07276],[-84.32011,37.07285],[-84.32018,37.07315],[-84.3203,37.07333],[-84.32045,37.07344],[-84.3211,37.07365],[-84.322,37.07377],[-84.32291,37.0738],[-84.32362,37.07374],[-84.32444,37.07344],[-84.32492,37.07311],[-84.325,37.07294],[-84.3252,37.07287],[-84.32563,37.07229],[-84.32606,37.07206],[-84.32639,37.07205],[-84.32711,37.07178],[-84.32772,37.0712],[-84.32822,37.07087],[-84.32878,37.07073],[-84.32927,37.07068],[-84.32957,37.07073],[-84.32996,37.07067],[-84.3301,37.0706],[-84.33039,37.07018],[-84.33044,37.06984],[-84.3304,37.06969],[-84.33033,37.06952],[-84.33003,37.06928],[-84.32968,37.06912],[-84.32817,37.06869],[-84.32762,37.0683],[-84.32743,37.06802],[-84.32737,37.0672],[-84.32724,37.06673],[-84.32715,37.06656],[-84.32664,37.06614],[-84.32658,37.06598],[-84.32665,37.06557],[-84.32698,37.06508],[-84.32697,37.06477],[-84.32707,37.06454],[-84.32745,37.064],[-84.32747,37.06385],[-84.32761,37.06365],[-84.32809,37.06361],[-84.32849,37.06369],[-84.32873,37.0636],[-84.32896,37.06336],[-84.32897,37.06295],[-84.3285,37.06242],[-84.3284,37.06238],[-84.32829,37.0621],[-84.32826,37.06157],[-84.32844,37.06128],[-84.32866,37.06113],[-84.32895,37.06107],[-84.32981,37.06116],[-84.33003,37.06113],[-84.3302,37.06101],[-84.33027,37.06053],[-84.33005,37.06002],[-84.33016,37.05834],[-84.3301,37.05821],[-84.32982,37.05793],[-84.32925,37.0576],[-84.32859,37.05747],[-84.32799,37.05757],[-84.32594,37.05832],[-84.32406,37.0589],[-84.32335,37.05889],[-84.3225,37.05866],[-84.32036,37.05775],[-84.3196,37.05711],[-84.31932,37.05678],[-84.3188,37.05587],[-84.31869,37.05556],[-84.31861,37.05481],[-84.31865,37.05466],[-84.31879,37.05455],[-84.31952,37.05444],[-84.31987,37.05432],[-84.32018,37.05414],[-84.32019,37.05388],[-84.31953,37.05305],[-84.31907,37.05263],[-84.31877,37.05222],[-84.31855,37.05176],[-84.31844,37.05126],[-84.31841,37.05027],[-84.31841,37.05003],[-84.31855,37.04955],[-84.31913,37.04943],[-84.31994,37.04958],[-84.3209,37.04956],[-84.32237,37.04969],[-84.32281,37.04966],[-84.32339,37.04945],[-84.3237,37.04916],[-84.324,37.04872],[-84.3241,37.04837],[-84.32413,37.04809],[-84.324,37.04778],[-84.32379,37.04744],[-84.32359,37.04725],[-84.32296,37.04692],[-84.32251,37.04688],[-84.32196,37.04673],[-84.32191,37.0465],[-84.32204,37.04627],[-84.32213,37.04584],[-84.32214,37.04552],[-84.32204,37.0453],[-84.32176,37.04511],[-84.32093,37.04524],[-84.32055,37.0451],[-84.32036,37.04486],[-84.32022,37.04415],[-84.32071,37.04337],[-84.32072,37.04297],[-84.32038,37.04247],[-84.32002,37.04162],[-84.31988,37.04089],[-84.31992,37.04049],[-84.32032,37.03984],[-84.3205,37.0392],[-84.32068,37.03901],[-84.32125,37.03862],[-84.32137,37.03839],[-84.32143,37.03825],[-84.32126,37.03788],[-84.32088,37.03784],[-84.32061,37.03793],[-84.32006,37.03833],[-84.31924,37.03875],[-84.31887,37.03882],[-84.31845,37.03876],[-84.31758,37.03816],[-84.31639,37.03771],[-84.3162,37.03749],[-84.31594,37.03733],[-84.31584,37.03716],[-84.31569,37.0362],[-84.31547,37.03548],[-84.31514,37.03485],[-84.31485,37.03465],[-84.31453,37.03455],[-84.31416,37.0346],[-84.3132,37.03563],[-84.31277,37.03586],[-84.31125,37.03593],[-84.31086,37.03601],[-84.3104,37.03595],[-84.30959,37.03601],[-84.30874,37.03621],[-84.30773,37.03671],[-84.30747,37.03691],[-84.30641,37.03794],[-84.30535,37.03913],[-84.30515,37.03926],[-84.305,37.03928],[-84.30483,37.03916],[-84.30491,37.03874],[-84.30531,37.03805],[-84.30555,37.03776],[-84.30619,37.03742],[-84.30686,37.03681],[-84.30757,37.0359],[-84.30773,37.03555],[-84.30828,37.03472],[-84.30923,37.03364],[-84.31058,37.03139],[-84.31063,37.03109],[-84.31087,37.03063],[-84.30605,37.02976],[-84.30577,37.03049],[-84.30523,37.03143],[-84.30422,37.03277],[-84.30329,37.03377],[-84.30191,37.03582],[-84.3011,37.03678],[-84.30092,37.03715],[-84.30088,37.03794],[-84.30091,37.03843],[-84.30107,37.03914],[-84.30103,37.03953],[-84.30081,37.03996],[-84.30022,37.04034],[-84.29883,37.0408],[-84.29666,37.04108],[-84.2967,37.04119],[-84.29687,37.0413],[-84.29719,37.0417],[-84.29736,37.04177],[-84.2979,37.04182],[-84.29881,37.04169],[-84.29944,37.0417],[-84.30036,37.04216],[-84.3008,37.0425],[-84.30185,37.04267],[-84.30223,37.0428],[-84.3029,37.04312],[-84.30353,37.04356],[-84.30485,37.04311],[-84.30543,37.0431],[-84.3061,37.04325],[-84.30755,37.04393],[-84.30923,37.04456],[-84.30962,37.04453],[-84.30979,37.04442],[-84.30995,37.04413],[-84.30996,37.04392],[-84.30962,37.04315],[-84.30919,37.04259],[-84.30914,37.04207],[-84.3092,37.04188],[-84.30985,37.04137],[-84.30991,37.04123],[-84.30986,37.04093],[-84.30991,37.04053],[-84.31047,37.04015],[-84.31086,37.04005],[-84.31123,37.03981],[-84.3126,37.03973],[-84.31316,37.04036],[-84.31346,37.04087],[-84.31376,37.04123],[-84.31405,37.04143],[-84.31522,37.04171],[-84.31555,37.0427],[-84.31553,37.04341],[-84.31529,37.04406],[-84.31518,37.04463],[-84.31528,37.04554],[-84.31492,37.04615],[-84.31437,37.0469],[-84.31423,37.04781],[-84.31409,37.04827],[-84.31328,37.05047],[-84.31293,37.05244],[-84.31254,37.05388],[-84.31228,37.05424],[-84.31102,37.05483],[-84.31096,37.05487],[-84.31097,37.05501],[-84.31133,37.05533],[-84.31156,37.05564],[-84.31181,37.05663],[-84.31198,37.05676],[-84.31213,37.05683],[-84.3125,37.05684],[-84.3134,37.05633],[-84.31361,37.0563],[-84.31386,37.05645],[-84.31396,37.0568],[-84.31395,37.05752],[-84.31402,37.05783],[-84.31449,37.05858],[-84.31457,37.05917],[-84.31512,37.05987],[-84.31685,37.06118],[-84.31711,37.06156],[-84.31722,37.06188],[-84.31731,37.06295],[-84.31745,37.06315],[-84.31779,37.06334],[-84.31819,37.06341],[-84.31875,37.06322],[-84.32029,37.06242],[-84.32094,37.06252],[-84.32167,37.06277],[-84.32188,37.06302],[-84.32191,37.06335],[-84.32169,37.0639],[-84.32147,37.06425],[-84.32132,37.06487],[-84.32095,37.06548],[-84.32077,37.06562],[-84.32003,37.06593],[-84.31932,37.06677],[-84.31856,37.06754],[-84.31739,37.06829],[-84.31653,37.06875],[-84.31614,37.06905],[-84.31547,37.06977],[-84.31442,37.07113],[-84.31264,37.0724],[-84.31221,37.073],[-84.31211,37.07329],[-84.31227,37.07365],[-84.31246,37.07387],[-84.31309,37.0744],[-84.31312,37.07474],[-84.31255,37.07535],[-84.31198,37.07579],[-84.31156,37.07583],[-84.30897,37.07489],[-84.30849,37.07475],[-84.30803,37.07471],[-84.30778,37.07474],[-84.30764,37.07484],[-84.30754,37.07548],[-84.30744,37.07555],[-84.30711,37.07562],[-84.30673,37.07545],[-84.30646,37.07543],[-84.30634,37.07554],[-84.30614,37.07594],[-84.30602,37.07601],[-84.30531,37.0761],[-84.30418,37.07661],[-84.30302,37.07678],[-84.30263,37.077],[-84.30178,37.07713],[-84.30132,37.07711],[-84.30021,37.07684],[-84.29992,37.07669],[-84.29938,37.07661],[-84.29911,37.07668],[-84.29882,37.07685],[-84.2986,37.07709],[-84.29848,37.07742],[-84.29853,37.07791],[-84.2996,37.07945],[-84.29982,37.07966],[-84.30011,37.07981],[-84.30061,37.07991],[-84.30078,37.08002],[-84.3008,37.08018],[-84.3,37.08065],[-84.29978,37.08097],[-84.29985,37.08149],[-84.30026,37.08216],[-84.30023,37.08263],[-84.29982,37.0831],[-84.29942,37.08343],[-84.29898,37.08369],[-84.29816,37.084],[-84.29775,37.08425],[-84.29749,37.0846],[-84.29693,37.08504],[-84.29615,37.08535],[-84.29558,37.08583],[-84.29512,37.08599],[-84.29348,37.0858],[-84.29306,37.08565],[-84.29177,37.08548],[-84.29013,37.0856],[-84.28923,37.08544],[-84.28833,37.08492],[-84.2882,37.08493],[-84.28785,37.08508],[-84.28769,37.08523],[-84.28719,37.08597],[-84.28713,37.08609],[-84.28726,37.08669],[-84.2871,37.08691],[-84.28671,37.08696],[-84.28587,37.08672],[-84.28539,37.08667],[-84.28441,37.08669],[-84.28404,37.08679],[-84.28392,37.08688],[-84.2837,37.0872],[-84.28333,37.08752],[-84.28294,37.08769],[-84.28236,37.08773],[-84.28213,37.08783],[-84.28195,37.08814],[-84.28192,37.08846],[-84.28208,37.08921],[-84.28194,37.08976],[-84.28197,37.09015],[-84.28213,37.09077],[-84.28208,37.09135],[-84.28213,37.09179],[-84.28242,37.09259],[-84.28306,37.09328],[-84.28386,37.09392],[-84.28397,37.09428],[-84.28398,37.09457],[-84.2839,37.09483],[-84.28362,37.0952],[-84.28298,37.09546],[-84.28273,37.09564],[-84.28177,37.09711],[-84.28152,37.09729],[-84.281,37.09744],[-84.28068,37.09779],[-84.27959,37.09856],[-84.27913,37.09921],[-84.27878,37.09949],[-84.2785,37.09966],[-84.27804,37.09978],[-84.27649,37.10092],[-84.27611,37.10104],[-84.27591,37.10133],[-84.27594,37.10154],[-84.27622,37.10187],[-84.27649,37.10206],[-84.2766,37.10229],[-84.27661,37.10274],[-84.27653,37.10296],[-84.27533,37.10414],[-84.27483,37.1049],[-84.27475,37.10519],[-84.27488,37.10548],[-84.27505,37.10567],[-84.27524,37.10576],[-84.27557,37.1058],[-84.27675,37.1056],[-84.279,37.10499],[-84.27975,37.10493],[-84.28069,37.10515],[-84.2817,37.10591],[-84.28262,37.10709],[-84.28277,37.10742],[-84.2829,37.10756],[-84.28364,37.10791],[-84.28439,37.10804],[-84.28496,37.10834],[-84.28557,37.10884],[-84.28624,37.10928],[-84.28673,37.10987],[-84.28698,37.11068],[-84.28711,37.11081],[-84.28765,37.11075],[-84.28801,37.11078],[-84.28859,37.11111],[-84.28914,37.11228],[-84.28953,37.11273],[-84.28966,37.11298],[-84.28947,37.11317],[-84.28889,37.11323],[-84.28815,37.11321],[-84.28745,37.11316],[-84.28641,37.11276],[-84.28572,37.11277],[-84.28396,37.11294],[-84.28168,37.11278],[-84.27972,37.11243],[-84.27934,37.11258],[-84.27835,37.11345],[-84.27755,37.11401],[-84.27703,37.11454],[-84.27652,37.11533],[-84.2762,37.11597],[-84.27615,37.11618],[-84.27618,37.11695],[-84.27612,37.11795],[-84.27697,37.12018],[-84.27705,37.12075],[-84.27682,37.12196],[-84.27685,37.12275],[-84.27696,37.12293],[-84.27762,37.12299],[-84.27795,37.12288],[-84.27873,37.12219],[-84.2792,37.12204],[-84.28041,37.1222],[-84.28096,37.12249],[-84.28124,37.1227],[-84.28142,37.12298],[-84.2815,37.12339],[-84.28148,37.12373],[-84.28139,37.12399],[-84.28111,37.12436],[-84.28093,37.1249],[-84.28125,37.12562],[-84.28153,37.12593],[-84.28177,37.12598],[-84.28205,37.12593],[-84.28221,37.12578],[-84.28257,37.12518],[-84.28292,37.12494],[-84.28321,37.12489],[-84.28364,37.12506],[-84.28376,37.12526],[-84.28413,37.12552],[-84.2853,37.12553],[-84.2861,37.12564],[-84.28669,37.12559],[-84.28737,37.12603],[-84.28749,37.12603],[-84.28783,37.12621],[-84.28802,37.12616],[-84.28825,37.12598],[-84.28888,37.12591],[-84.28898,37.12595],[-84.28897,37.12621],[-84.28786,37.12725],[-84.28736,37.12808],[-84.28723,37.12849],[-84.28636,37.12899],[-84.28603,37.12924],[-84.28593,37.12946],[-84.28595,37.12996],[-84.28651,37.13068],[-84.28653,37.13134],[-84.2864,37.13169],[-84.28642,37.13185],[-84.28653,37.13201],[-84.28674,37.13217],[-84.28705,37.13223],[-84.28813,37.13212],[-84.28839,37.13238],[-84.28837,37.13274],[-84.28822,37.13309],[-84.28765,37.13391],[-84.2869,37.13425],[-84.28648,37.13458],[-84.28554,37.13505],[-84.28514,37.13535],[-84.28491,37.13582],[-84.28507,37.1363],[-84.28574,37.13674],[-84.28602,37.13682],[-84.28656,37.13677],[-84.28704,37.13661],[-84.28788,37.1365],[-84.28857,37.13657],[-84.28878,37.13678],[-84.28894,37.13736],[-84.28876,37.13795],[-84.28796,37.13865],[-84.28726,37.13938],[-84.28718,37.14026],[-84.28725,37.14062],[-84.28781,37.14128],[-84.28813,37.14152],[-84.28848,37.14192],[-84.28904,37.14232],[-84.28924,37.14264],[-84.28925,37.14293],[-84.28907,37.14323],[-84.28888,37.14333],[-84.28879,37.14346],[-84.28869,37.14383],[-84.28868,37.14434],[-84.28846,37.14469],[-84.28805,37.14494],[-84.28661,37.14528],[-84.28629,37.14554],[-84.28628,37.14568],[-84.28668,37.14614],[-84.2868,37.14638],[-84.28685,37.14656],[-84.28681,37.14742],[-84.28693,37.14766],[-84.28705,37.14778],[-84.28793,37.14792],[-84.28826,37.14829],[-84.28838,37.1487],[-84.2884,37.14907],[-84.28827,37.14945],[-84.28788,37.14979],[-84.28725,37.15014],[-84.28652,37.15032],[-84.28507,37.15048],[-84.28474,37.15064],[-84.28466,37.15081],[-84.28499,37.15151],[-84.28509,37.15206],[-84.28489,37.15251],[-84.28462,37.15286],[-84.28457,37.15322],[-84.2847,37.1535],[-84.28565,37.15419],[-84.28576,37.15472],[-84.28488,37.15729],[-84.28465,37.15755],[-84.28469,37.15816],[-84.28507,37.15898],[-84.28518,37.15908],[-84.28529,37.16037],[-84.28573,37.16159],[-84.28596,37.16201],[-84.28613,37.16251],[-84.28667,37.16348],[-84.28678,37.16389],[-84.28752,37.16562],[-84.28779,37.16596],[-84.28835,37.1669],[-84.28997,37.16844],[-84.29046,37.16871],[-84.29103,37.16876],[-84.29154,37.16861],[-84.29301,37.16761],[-84.29374,37.16729],[-84.29425,37.16717],[-84.29456,37.16715],[-84.29536,37.16726],[-84.29609,37.16764],[-84.29677,37.16837],[-84.29686,37.16886],[-84.2969,37.17052],[-84.29684,37.17137],[-84.29693,37.17214],[-84.29719,37.17231],[-84.29816,37.17253],[-84.29842,37.17267],[-84.29871,37.17289],[-84.29929,37.17388],[-84.29966,37.17406],[-84.29992,37.17401],[-84.30016,37.17384],[-84.30048,37.17328],[-84.30059,37.17305],[-84.30074,37.17222],[-84.30132,37.17131],[-84.30184,37.17082],[-84.30193,37.17064],[-84.30225,37.16943],[-84.30233,37.16902],[-84.30231,37.16872],[-84.30194,37.16779],[-84.30173,37.16686],[-84.30143,37.16609],[-84.30103,37.16537],[-84.29999,37.16428],[-84.29946,37.16385],[-84.29782,37.16289],[-84.29712,37.16258],[-84.29629,37.16238],[-84.29559,37.16197],[-84.29487,37.16166],[-84.29399,37.16148],[-84.29305,37.16146],[-84.29173,37.16106],[-84.2914,37.16086],[-84.29094,37.15982],[-84.29045,37.15812],[-84.29028,37.15724],[-84.29026,37.15635],[-84.29028,37.15559],[-84.29052,37.15527],[-84.29067,37.15533],[-84.29073,37.15551],[-84.29112,37.15583],[-84.29252,37.15617],[-84.29339,37.15575],[-84.29456,37.15505],[-84.2951,37.15458],[-84.2953,37.1539],[-84.29552,37.15363],[-84.29572,37.15344],[-84.29632,37.15312],[-84.29655,37.15281],[-84.29653,37.15271],[-84.29676,37.15227],[-84.297,37.15218],[-84.29754,37.15223],[-84.29805,37.15195],[-84.29804,37.15164],[-84.29792,37.15151],[-84.29775,37.151],[-84.29773,37.15084],[-84.29781,37.15062],[-84.29804,37.15032],[-84.29833,37.1501],[-84.29894,37.1499],[-84.29899,37.14977],[-84.29891,37.14902],[-84.2988,37.14888],[-84.29845,37.14882],[-84.29769,37.1485],[-84.29736,37.14857],[-84.29667,37.14855],[-84.29658,37.14845],[-84.29658,37.14819],[-84.29634,37.14786],[-84.2963,37.1475],[-84.29647,37.14744],[-84.29749,37.14744],[-84.29763,37.14718],[-84.29758,37.14672],[-84.29686,37.14594],[-84.29668,37.14549],[-84.29673,37.14512],[-84.29695,37.14486],[-84.29695,37.14437],[-84.29684,37.14423],[-84.29669,37.14417],[-84.2962,37.14336],[-84.29485,37.14255],[-84.29423,37.1423],[-84.29372,37.14159],[-84.29359,37.14088],[-84.2936,37.14052],[-84.2937,37.14025],[-84.29416,37.14027],[-84.29445,37.14045],[-84.29467,37.141],[-84.29513,37.14163],[-84.29527,37.14174],[-84.29579,37.14191],[-84.2972,37.14181],[-84.29767,37.14161],[-84.29796,37.14156],[-84.29838,37.14132],[-84.29845,37.14074],[-84.29842,37.13948],[-84.29718,37.13668],[-84.29718,37.13642],[-84.29706,37.13619],[-84.29699,37.13573],[-84.2971,37.13512],[-84.29683,37.13484],[-84.29556,37.1341],[-84.29482,37.13398],[-84.2945,37.13374],[-84.29413,37.13371],[-84.29393,37.13362],[-84.29377,37.13325],[-84.29375,37.13295],[-84.29385,37.13234],[-84.29401,37.13198],[-84.29388,37.13158],[-84.29376,37.13143],[-84.29257,37.13064],[-84.29224,37.13019],[-84.29177,37.12981],[-84.29168,37.12962],[-84.2917,37.12949],[-84.29184,37.12931],[-84.2924,37.12907],[-84.29275,37.12883],[-84.29284,37.12854],[-84.2931,37.1283],[-84.29336,37.12827],[-84.29359,37.12832],[-84.29391,37.12872],[-84.29422,37.12896],[-84.29439,37.12901],[-84.29455,37.12876],[-84.29518,37.12834],[-84.29553,37.12781],[-84.29582,37.12772],[-84.29602,37.12774],[-84.2962,37.12788],[-84.2964,37.12812],[-84.29661,37.12857],[-84.29715,37.12912],[-84.2973,37.12925],[-84.29758,37.12928],[-84.29781,37.12927],[-84.29826,37.12906],[-84.29889,37.12864],[-84.29929,37.12848],[-84.30044,37.12826],[-84.30061,37.12815],[-84.30093,37.12764],[-84.30111,37.12716],[-84.30109,37.1266],[-84.30076,37.126],[-84.3006,37.12536],[-84.30061,37.12498],[-84.30005,37.1244],[-84.29986,37.12407],[-84.29981,37.12349],[-84.29989,37.12297],[-84.30017,37.12241],[-84.30068,37.12214],[-84.30084,37.12197],[-84.30102,37.12138],[-84.30101,37.12086],[-84.30087,37.12054],[-84.30066,37.12027],[-84.30038,37.12013],[-84.29929,37.1199],[-84.29783,37.11975],[-84.29694,37.11949],[-84.29636,37.11904],[-84.29619,37.11807],[-84.29607,37.1179],[-84.29591,37.11781],[-84.29538,37.11785],[-84.2951,37.11794],[-84.29365,37.11898],[-84.29244,37.1194],[-84.29182,37.12006],[-84.29146,37.12021],[-84.29079,37.12014],[-84.29049,37.12033],[-84.29011,37.12086],[-84.2898,37.12087],[-84.2893,37.12054],[-84.28905,37.12054],[-84.28823,37.121],[-84.28805,37.12104],[-84.28765,37.12098],[-84.28712,37.12074],[-84.2868,37.12074],[-84.28645,37.12089],[-84.28608,37.12088],[-84.28587,37.12067],[-84.28477,37.12029],[-84.28458,37.11942],[-84.28423,37.11934],[-84.28334,37.11941],[-84.28235,37.11935],[-84.28192,37.1192],[-84.28122,37.11879],[-84.28078,37.11849],[-84.28049,37.1181],[-84.28012,37.11729],[-84.2803,37.11694],[-84.28075,37.11662],[-84.28143,37.1159],[-84.28182,37.11582],[-84.28349,37.1161],[-84.28419,37.11602],[-84.28455,37.11629],[-84.2847,37.11674],[-84.28469,37.11697],[-84.28492,37.11733],[-84.28524,37.11747],[-84.28578,37.11745],[-84.28611,37.11733],[-84.28638,37.11738],[-84.28695,37.11767],[-84.28734,37.11798],[-84.28777,37.1181],[-84.28799,37.11807],[-84.28824,37.11785],[-84.28828,37.11743],[-84.28847,37.11706],[-84.28864,37.11698],[-84.28908,37.11691],[-84.2897,37.11734],[-84.2901,37.11747],[-84.29078,37.11748],[-84.29258,37.11733],[-84.29331,37.11714],[-84.29408,37.11641],[-84.29436,37.11625],[-84.29548,37.11615],[-84.2961,37.11573],[-84.29641,37.11494],[-84.29636,37.1142],[-84.29641,37.11343],[-84.29639,37.11302],[-84.29599,37.11213],[-84.29579,37.112],[-84.29554,37.11198],[-84.295,37.11208],[-84.2946,37.11201],[-84.29433,37.11143],[-84.29418,37.11124],[-84.29347,37.11083],[-84.29301,37.11046],[-84.29294,37.11028],[-84.29309,37.1096],[-84.29306,37.10933],[-84.29285,37.10905],[-84.29263,37.10886],[-84.29191,37.10847],[-84.29111,37.10827],[-84.29065,37.10802],[-84.28953,37.10723],[-84.28867,37.10688]]]}}]}