{"type":"FeatureCollection","features":[{"type":"Feature","properties":{"NAME":"Beaver Creek Wilderness","ACRES":4864},"geometry":{"type":"Polygon","coordinates":[[[-84.4162,36.93279],[-84.41596,36.9329],[-84.41562,36.93304],[-84.41515,36.93321],[-84.41496,36.93326],[-84.4147,36.93334],[-84.41406,36.93344],[-84.41369,36.93348],[-84.4133,36.93355],[-84.41306,36.93361],[-84.41274,36.93368],[-84.41241,36.93376],[-84.41185,36.934],[-84.4119,36.93408],[-84.41231,36.93486],[-84.41314,36.93646],[-84.41356,36.93629],[-84.41371,36.93623],[-84.41385,36.93618],[-84.41391,36.93615],[-84.41472,36.93582],[-84.41588,36.93533],[-84.41656,36.93505],[-84.41779,36.93454],[-84.41907,36.93402],[-84.41925,36.93395],[-84.41955,36.93381],[-84.41966,36.93376],[-84.41987,36.93366],[-84.42012,36.93356],[-84.42017,36.93354],[-84.42021,36.93352],[-84.42075,36.9335],[-84.42112,36.93348],[-84.42175,36.93349],[-84.4221,36.9335],[-84.42371,36.93352],[-84.42467,36.93356],[-84.42482,36.93357],[-84.42493,36.93357],[-84.42524,36.93359],[-84.42551,36.93361],[-84.42577,36.93363],[-84.42608,36.93363],[-84.42639,36.93358],[-84.42655,36.93354],[-84.42675,36.93349],[-84.42699,36.93341],[-84.42732,36.93328],[-84.42782,36.9331],[-84.42831,36.93295],[-84.42872,36.9328],[-84.42884,36.93278],[-84.42904,36.93275],[-84.4293,36.93271],[-84.42956,36.93267],[-84.42979,36.93261],[-84.43038,36.93246],[-84.43072,36.93239],[-84.43104,36.93232],[-84.43116,36.93228],[-84.43124,36.9322],[-84.43123,36.93209],[-84.43118,36.93208],[-84.43115,36.93205],[-84.43102,36.93199],[-84.4308,36.93194],[-84.42998,36.93184],[-84.42971,36.93181],[-84.4295,36.93176],[-84.42929,36.93167],[-84.42912,36.93159],[-84.42889,36.93153],[-84.42856,36.93146],[-84.42849,36.93141],[-84.42843,36.93132],[-84.42842,36.93121],[-84.42844,36.9311],[-84.42856,36.93086],[-84.42868,36.93072],[-84.42886,36.93055],[-84.42893,36.93052],[-84.42906,36.93046],[-84.42922,36.93041],[-84.42963,36.93032],[-84.42992,36.93027],[-84.43004,36.93027],[-84.43021,36.93022],[-84.43045,36.9301],[-84.43076,36.92989],[-84.43083,36.92983],[-84.43094,36.9297],[-84.43104,36.92958],[-84.43117,36.92946],[-84.43131,36.9294],[-84.43152,36.92936],[-84.4317,36.92937],[-84.43187,36.92941],[-84.43202,36.9295],[-84.43211,36.9296],[-84.43214,36.92967],[-84.4322,36.9298],[-84.43217,36.93008],[-84.43221,36.93016],[-84.43228,36.93022],[-84.43236,36.93025],[-84.43247,36.9303],[-84.43264,36.93039],[-84.4327,36.93045],[-84.43273,36.93055],[-84.43272,36.93068],[-84.4327,36.93085],[-84.43268,36.93096],[-84.43272,36.93105],[-84.4328,36.93113],[-84.43294,36.93125],[-84.43307,36.93135],[-84.43326,36.93147],[-84.43346,36.93164],[-84.43365,36.93182],[-84.43379,36.93199],[-84.43384,36.93206],[-84.43401,36.93225],[-84.43411,36.93236],[-84.43431,36.93249],[-84.43455,36.93262],[-84.4347,36.93267],[-84.43489,36.9327],[-84.43503,36.93267],[-84.43516,36.93262],[-84.4355,36.93239],[-84.43554,36.93236],[-84.43565,36.93225],[-84.43576,36.93214],[-84.4359,36.932],[-84.43606,36.93186],[-84.43623,36.93169],[-84.43642,36.93155],[-84.43645,36.93151],[-84.43652,36.93142],[-84.43655,36.93133],[-84.43654,36.93117],[-84.43654,36.93105],[-84.43656,36.93091],[-84.43662,36.93079],[-84.43672,36.93065],[-84.43678,36.93057],[-84.43686,36.93047],[-84.43693,36.93035],[-84.43695,36.9302],[-84.43692,36.93006],[-84.43686,36.92996],[-84.43678,36.92988],[-84.43663,36.92979],[-84.43651,36.92972],[-84.43634,36.92965],[-84.43606,36.92958],[-84.4357,36.9295],[-84.43529,36.92941],[-84.43504,36.92932],[-84.43495,36.92928],[-84.43485,36.92921],[-84.4348,36.92913],[-84.43477,36.92903],[-84.4347,36.92879],[-84.43466,36.92868],[-84.43459,36.92855],[-84.43451,36.92838],[-84.43445,36.92824],[-84.43446,36.92818],[-84.43456,36.92812],[-84.43469,36.92813],[-84.43478,36.92818],[-84.43492,36.92824],[-84.43506,36.92829],[-84.43521,36.92835],[-84.43536,36.92839],[-84.43558,36.92846],[-84.43584,36.92852],[-84.43619,36.92862],[-84.43645,36.9287],[-84.43662,36.92879],[-84.43676,36.92886],[-84.43703,36.92894],[-84.43742,36.92901],[-84.43748,36.92902],[-84.43762,36.929],[-84.43776,36.92894],[-84.43781,36.92885],[-84.43779,36.92874],[-84.43772,36.9286],[-84.43762,36.92846],[-84.43755,36.92834],[-84.43753,36.92823],[-84.43757,36.92815],[-84.43763,36.9281],[-84.43775,36.92807],[-84.43792,36.92805],[-84.43838,36.92808],[-84.43909,36.92813],[-84.43939,36.92814],[-84.43954,36.92813],[-84.43973,36.92809],[-84.43994,36.92802],[-84.44015,36.92785],[-84.44034,36.92767],[-84.44054,36.92754],[-84.44069,36.92743],[-84.44082,36.92738],[-84.44096,36.92736],[-84.44109,36.92739],[-84.44123,36.92751],[-84.44133,36.92765],[-84.4414,36.92782],[-84.44147,36.92811],[-84.44149,36.9283],[-84.44146,36.92842],[-84.44137,36.92855],[-84.44122,36.92864],[-84.44071,36.92884],[-84.44066,36.92887],[-84.44059,36.92896],[-84.44055,36.92908],[-84.44054,36.92919],[-84.44052,36.92932],[-84.44048,36.92943],[-84.44038,36.92951],[-84.44029,36.9296],[-84.44028,36.92963],[-84.44024,36.92972],[-84.44025,36.9298],[-84.44029,36.92984],[-84.44041,36.92987],[-84.44062,36.92992],[-84.4409,36.92998],[-84.44094,36.93001],[-84.441,36.9301],[-84.44101,36.93022],[-84.44099,36.93034],[-84.44093,36.93047],[-84.44084,36.93058],[-84.44078,36.93072],[-84.44078,36.93084],[-84.44083,36.93091],[-84.4409,36.93097],[-84.44106,36.93105],[-84.44124,36.93116],[-84.44141,36.93131],[-84.44154,36.93146],[-84.44166,36.93164],[-84.44194,36.93199],[-84.44202,36.93204],[-84.44211,36.9321],[-84.44222,36.93215],[-84.4425,36.93222],[-84.44276,36.93228],[-84.44332,36.93235],[-84.44385,36.93249],[-84.44408,36.93254],[-84.44426,36.93259],[-84.44437,36.93263],[-84.44448,36.93269],[-84.44459,36.93276],[-84.44468,36.93278],[-84.44478,36.93278],[-84.44549,36.9326],[-84.44555,36.93258],[-84.44558,36.93252],[-84.44555,36.93245],[-84.44549,36.93239],[-84.44534,36.93226],[-84.44517,36.93214],[-84.44508,36.93203],[-84.44499,36.93192],[-84.44489,36.93177],[-84.44478,36.93164],[-84.44465,36.9315],[-84.4446,36.93141],[-84.44452,36.93126],[-84.44447,36.93111],[-84.44448,36.93099],[-84.4445,36.93085],[-84.44463,36.93068],[-84.44467,36.93063],[-84.44476,36.93058],[-84.44487,36.93055],[-84.44507,36.93052],[-84.44531,36.93049],[-84.44554,36.93044],[-84.44568,36.9304],[-84.44576,36.93035],[-84.44584,36.93026],[-84.4459,36.93013],[-84.44595,36.92996],[-84.44596,36.92979],[-84.446,36.92961],[-84.44604,36.92953],[-84.4461,36.92946],[-84.44618,36.92943],[-84.44632,36.92942],[-84.44645,36.92943],[-84.44664,36.92947],[-84.4468,36.92953],[-84.44696,36.92964],[-84.44707,36.92971],[-84.44718,36.92975],[-84.44732,36.92976],[-84.44744,36.92973],[-84.44747,36.92968],[-84.44748,36.9295],[-84.44742,36.92932],[-84.44737,36.92927],[-84.44726,36.92917],[-84.44716,36.92908],[-84.4471,36.929],[-84.44708,36.9289],[-84.44708,36.92883],[-84.44708,36.92874],[-84.44708,36.92859],[-84.44702,36.92847],[-84.44693,36.92837],[-84.44684,36.9283],[-84.44673,36.92818],[-84.44658,36.92796],[-84.44654,36.92788],[-84.44654,36.92781],[-84.4466,36.92773],[-84.44671,36.92767],[-84.44685,36.92758],[-84.44715,36.92742],[-84.44731,36.92735],[-84.44769,36.92718],[-84.44789,36.92712],[-84.44803,36.92709],[-84.44824,36.92704],[-84.44848,36.927],[-84.44879,36.92698],[-84.44916,36.92698],[-84.4494,36.927],[-84.44953,36.92705],[-84.44959,36.92715],[-84.44968,36.92734],[-84.44987,36.92786],[-84.44991,36.928],[-84.44998,36.92819],[-84.45001,36.92826],[-84.45009,36.92841],[-84.45019,36.9286],[-84.45025,36.92867],[-84.45036,36.92875],[-84.45056,36.92885],[-84.45074,36.92888],[-84.45092,36.92888],[-84.45099,36.92884],[-84.45108,36.92878],[-84.45116,36.92868],[-84.45122,36.92835],[-84.45122,36.92829],[-84.4512,36.92821],[-84.45117,36.9281],[-84.45113,36.92797],[-84.45111,36.92786],[-84.45111,36.92777],[-84.45112,36.92764],[-84.45112,36.9275],[-84.45112,36.92729],[-84.45112,36.92717],[-84.45113,36.92713],[-84.45116,36.92702],[-84.45122,36.92692],[-84.45129,36.92685],[-84.45139,36.92682],[-84.45151,36.9268],[-84.45163,36.92682],[-84.45176,36.92686],[-84.45209,36.92697],[-84.45219,36.92699],[-84.45224,36.92682],[-84.45223,36.92646],[-84.45219,36.92622],[-84.45216,36.92618],[-84.45211,36.92616],[-84.45195,36.92614],[-84.45174,36.92611],[-84.45158,36.92608],[-84.45137,36.92604],[-84.45119,36.92599],[-84.45104,36.92591],[-84.45086,36.92579],[-84.45067,36.92568],[-84.45047,36.92557],[-84.45026,36.9255],[-84.45012,36.92546],[-84.4499,36.92537],[-84.44974,36.92526],[-84.44966,36.92517],[-84.44962,36.92509],[-84.44957,36.92495],[-84.44959,36.92483],[-84.44965,36.92478],[-84.44977,36.92472],[-84.44991,36.92466],[-84.4501,36.92458],[-84.4503,36.92447],[-84.45042,36.92443],[-84.45047,36.92441],[-84.45059,36.92439],[-84.45077,36.92443],[-84.45094,36.92448],[-84.45115,36.92454],[-84.45129,36.92456],[-84.45174,36.92459],[-84.45186,36.9246],[-84.45201,36.92464],[-84.45218,36.92469],[-84.45234,36.92473],[-84.45242,36.92474],[-84.45254,36.92473],[-84.45268,36.92469],[-84.45287,36.92464],[-84.45301,36.92458],[-84.4531,36.92453],[-84.45328,36.92442],[-84.4534,36.92428],[-84.45344,36.92412],[-84.45341,36.92402],[-84.45335,36.92394],[-84.45323,36.92391],[-84.45308,36.92393],[-84.45285,36.92397],[-84.45261,36.92398],[-84.45246,36.92398],[-84.4523,36.92392],[-84.45221,36.92389],[-84.45217,36.92381],[-84.45217,36.92376],[-84.45219,36.92369],[-84.45226,36.92361],[-84.45235,36.9235],[-84.45243,36.9234],[-84.45249,36.9233],[-84.45249,36.92317],[-84.45246,36.92306],[-84.45238,36.92284],[-84.45236,36.92279],[-84.45231,36.92273],[-84.45225,36.92265],[-84.45215,36.9226],[-84.45203,36.92259],[-84.45193,36.9226],[-84.45187,36.92266],[-84.45182,36.92273],[-84.45171,36.92282],[-84.45155,36.92293],[-84.4514,36.923],[-84.45118,36.92307],[-84.45106,36.92311],[-84.45088,36.92315],[-84.45063,36.92318],[-84.45027,36.92319],[-84.45014,36.92316],[-84.45007,36.92311],[-84.45005,36.92302],[-84.45007,36.92293],[-84.45013,36.92288],[-84.45023,36.9228],[-84.4505,36.92257],[-84.45054,36.92251],[-84.45057,36.92248],[-84.45067,36.92236],[-84.45077,36.92225],[-84.45087,36.92211],[-84.45099,36.92184],[-84.45106,36.92171],[-84.45115,36.92157],[-84.45128,36.92146],[-84.45144,36.92135],[-84.45153,36.92129],[-84.4516,36.92124],[-84.4518,36.9211],[-84.45191,36.92101],[-84.45206,36.92089],[-84.4524,36.92053],[-84.45251,36.92042],[-84.45268,36.92019],[-84.45275,36.92008],[-84.45276,36.92004],[-84.45279,36.91993],[-84.45275,36.91982],[-84.45267,36.91971],[-84.45254,36.91957],[-84.4523,36.91939],[-84.45206,36.91928],[-84.45141,36.91896],[-84.45121,36.9189],[-84.45103,36.91885],[-84.45086,36.91887],[-84.45074,36.91891],[-84.45052,36.91903],[-84.45039,36.91916],[-84.45011,36.91951],[-84.4499,36.91971],[-84.4497,36.91987],[-84.44951,36.91995],[-84.44932,36.92004],[-84.44925,36.92006],[-84.44917,36.92014],[-84.44915,36.92024],[-84.44915,36.92035],[-84.44917,36.92046],[-84.44919,36.92061],[-84.44919,36.92082],[-84.44916,36.92098],[-84.44915,36.92103],[-84.4491,36.92113],[-84.44903,36.92123],[-84.4489,36.92132],[-84.44877,36.9214],[-84.44855,36.92144],[-84.4484,36.92146],[-84.44832,36.92152],[-84.44832,36.9216],[-84.44835,36.92171],[-84.44837,36.92181],[-84.44833,36.92192],[-84.44822,36.922],[-84.44809,36.92204],[-84.44787,36.92206],[-84.44768,36.92207],[-84.44759,36.9221],[-84.44754,36.92214],[-84.4475,36.92221],[-84.44747,36.92234],[-84.44746,36.92248],[-84.44742,36.92262],[-84.4473,36.92283],[-84.44719,36.92296],[-84.44707,36.92306],[-84.44689,36.92316],[-84.44663,36.92327],[-84.4464,36.92332],[-84.44616,36.92336],[-84.44596,36.92334],[-84.4458,36.9233],[-84.44564,36.92322],[-84.44554,36.92312],[-84.44544,36.92297],[-84.44533,36.92279],[-84.4453,36.92269],[-84.44529,36.92254],[-84.4453,36.92236],[-84.44533,36.92223],[-84.44541,36.92199],[-84.44544,36.9219],[-84.44553,36.92174],[-84.44562,36.92163],[-84.44571,36.92153],[-84.44588,36.92138],[-84.44602,36.92122],[-84.44607,36.92108],[-84.44602,36.921],[-84.44596,36.92097],[-84.44589,36.92097],[-84.44579,36.92096],[-84.44561,36.92103],[-84.44543,36.92115],[-84.44521,36.92131],[-84.44512,36.92141],[-84.44499,36.92157],[-84.44488,36.92171],[-84.44469,36.92203],[-84.4446,36.92213],[-84.44447,36.92227],[-84.44426,36.92249],[-84.44407,36.92266],[-84.44378,36.92288],[-84.44371,36.92296],[-84.4437,36.92306],[-84.44374,36.92314],[-84.44395,36.92332],[-84.44401,36.92337],[-84.44405,36.92344],[-84.44405,36.9235],[-84.44399,36.92361],[-84.44392,36.92368],[-84.44322,36.9242],[-84.44285,36.92439],[-84.44251,36.92453],[-84.44227,36.92462],[-84.44219,36.92465],[-84.44202,36.92465],[-84.44184,36.9246],[-84.44171,36.92454],[-84.44162,36.92445],[-84.44156,36.92437],[-84.44149,36.92426],[-84.44143,36.9242],[-84.44134,36.92415],[-84.44114,36.92408],[-84.4409,36.92402],[-84.44076,36.92397],[-84.44069,36.92389],[-84.44066,36.92374],[-84.44067,36.92361],[-84.44073,36.92343],[-84.4408,36.92332],[-84.44098,36.92312],[-84.44123,36.92284],[-84.44128,36.92279],[-84.44138,36.92261],[-84.44139,36.92247],[-84.44146,36.92228],[-84.44158,36.92213],[-84.44175,36.92194],[-84.44199,36.92167],[-84.4425,36.92122],[-84.44299,36.92084],[-84.44348,36.92047],[-84.44353,36.92042],[-84.44362,36.9203],[-84.44367,36.92008],[-84.44382,36.9197],[-84.44391,36.91957],[-84.44408,36.91949],[-84.44431,36.91935],[-84.44469,36.91912],[-84.44545,36.91869],[-84.4455,36.91865],[-84.44559,36.91858],[-84.44578,36.9184],[-84.44594,36.91823],[-84.44602,36.91813],[-84.44604,36.9181],[-84.44621,36.91794],[-84.44638,36.91784],[-84.44657,36.91777],[-84.4467,36.91773],[-84.4469,36.91763],[-84.44709,36.91748],[-84.44717,36.91738],[-84.44732,36.9172],[-84.44743,36.91703],[-84.44753,36.91687],[-84.44775,36.91639],[-84.44789,36.91607],[-84.44794,36.91601],[-84.44806,36.9159],[-84.44822,36.91579],[-84.44838,36.9157],[-84.44861,36.91562],[-84.44877,36.91556],[-84.44893,36.91548],[-84.44933,36.91515],[-84.45009,36.91454],[-84.45014,36.91449],[-84.45037,36.91427],[-84.45052,36.91407],[-84.45056,36.91396],[-84.4506,36.91388],[-84.45067,36.91368],[-84.45096,36.91316],[-84.45112,36.91297],[-84.45127,36.91283],[-84.45143,36.9127],[-84.45176,36.91236],[-84.45187,36.91225],[-84.45212,36.91192],[-84.45222,36.91182],[-84.45238,36.9116],[-84.4524,36.91152],[-84.45248,36.91118],[-84.45248,36.91089],[-84.45249,36.91082],[-84.45246,36.91074],[-84.4524,36.91066],[-84.45228,36.91059],[-84.45219,36.91056],[-84.45206,36.91051],[-84.45185,36.91045],[-84.45177,36.91038],[-84.45174,36.91027],[-84.45176,36.9101],[-84.45179,36.91004],[-84.45186,36.90994],[-84.45193,36.9098],[-84.45206,36.9096],[-84.45213,36.90951],[-84.4522,36.90936],[-84.45226,36.90913],[-84.45231,36.90882],[-84.45231,36.90859],[-84.45043,36.90878],[-84.45031,36.90881],[-84.45025,36.90893],[-84.45026,36.90903],[-84.45032,36.9092],[-84.45049,36.90974],[-84.45051,36.90983],[-84.45055,36.91003],[-84.45058,36.91021],[-84.45056,36.91031],[-84.45047,36.91046],[-84.45028,36.91061],[-84.45017,36.91073],[-84.45017,36.91079],[-84.45031,36.9109],[-84.45038,36.91099],[-84.45046,36.91115],[-84.45048,36.91132],[-84.45044,36.91143],[-84.45034,36.91154],[-84.45014,36.91162],[-84.44996,36.91163],[-84.44982,36.9116],[-84.44934,36.91132],[-84.44929,36.91131],[-84.44918,36.9113],[-84.44908,36.91134],[-84.44901,36.91138],[-84.4489,36.91155],[-84.44875,36.91172],[-84.4486,36.91184],[-84.4485,36.91188],[-84.44842,36.91187],[-84.44835,36.91182],[-84.44829,36.91176],[-84.44824,36.91164],[-84.44822,36.91156],[-84.44822,36.9114],[-84.44823,36.911],[-84.44824,36.9109],[-84.44819,36.9108],[-84.44813,36.91074],[-84.44802,36.91067],[-84.4479,36.91057],[-84.44782,36.91048],[-84.44775,36.91033],[-84.4477,36.9102],[-84.44765,36.91004],[-84.4476,36.90989],[-84.44756,36.90984],[-84.4475,36.90979],[-84.44739,36.90977],[-84.44723,36.90983],[-84.44719,36.90987],[-84.44717,36.90994],[-84.4472,36.91031],[-84.4472,36.91043],[-84.44719,36.91063],[-84.44714,36.91084],[-84.44706,36.91108],[-84.44696,36.91132],[-84.44683,36.91159],[-84.44636,36.91232],[-84.44599,36.91291],[-84.44589,36.91307],[-84.44547,36.91371],[-84.44538,36.9138],[-84.44521,36.91389],[-84.44494,36.91392],[-84.44435,36.9139],[-84.44425,36.91394],[-84.44411,36.91404],[-84.44404,36.91419],[-84.44405,36.91433],[-84.4441,36.91478],[-84.44412,36.91509],[-84.44413,36.91521],[-84.44408,36.91548],[-84.44397,36.91572],[-84.44378,36.91602],[-84.44373,36.91608],[-84.44365,36.91618],[-84.44357,36.91638],[-84.44349,36.91656],[-84.44331,36.91674],[-84.44307,36.91694],[-84.44287,36.9171],[-84.44278,36.91717],[-84.4426,36.91733],[-84.44247,36.91754],[-84.44243,36.9177],[-84.4424,36.9178],[-84.44233,36.91794],[-84.44217,36.91814],[-84.44207,36.91829],[-84.44197,36.91849],[-84.44186,36.91862],[-84.44168,36.91871],[-84.44137,36.9188],[-84.44127,36.91881],[-84.44105,36.91888],[-84.441,36.91889],[-84.4408,36.91898],[-84.44062,36.91904],[-84.44044,36.91906],[-84.4403,36.91902],[-84.44023,36.91893],[-84.44018,36.91881],[-84.44012,36.91864],[-84.44008,36.91852],[-84.44,36.91843],[-84.43988,36.91838],[-84.43975,36.91837],[-84.43971,36.91837],[-84.4395,36.91842],[-84.4393,36.9185],[-84.43907,36.91865],[-84.43892,36.9188],[-84.43883,36.91896],[-84.43879,36.9191],[-84.43872,36.91943],[-84.43872,36.92039],[-84.43871,36.9205],[-84.43866,36.92063],[-84.43856,36.92076],[-84.43837,36.92091],[-84.43819,36.92104],[-84.43816,36.92112],[-84.4382,36.92126],[-84.43823,36.92161],[-84.43823,36.92168],[-84.43819,36.92182],[-84.43808,36.92196],[-84.43785,36.9221],[-84.43784,36.92214],[-84.43752,36.9223],[-84.4373,36.92237],[-84.43698,36.9224],[-84.43612,36.92236],[-84.43568,36.92231],[-84.43562,36.92228],[-84.43559,36.92221],[-84.43563,36.92217],[-84.43579,36.92212],[-84.43591,36.92206],[-84.43625,36.92191],[-84.43653,36.92179],[-84.4367,36.92168],[-84.43678,36.92163],[-84.43688,36.92157],[-84.437,36.92143],[-84.43706,36.92129],[-84.43705,36.92115],[-84.43699,36.92103],[-84.43685,36.9209],[-84.43666,36.92079],[-84.43642,36.9207],[-84.4361,36.92066],[-84.43543,36.92064],[-84.43535,36.92063],[-84.43528,36.92059],[-84.43526,36.92054],[-84.43529,36.92044],[-84.43537,36.92031],[-84.43552,36.92012],[-84.4356,36.92008],[-84.43572,36.92005],[-84.43587,36.92003],[-84.43637,36.92005],[-84.43646,36.92003],[-84.43656,36.92001],[-84.43668,36.91995],[-84.43679,36.91987],[-84.43756,36.91917],[-84.43762,36.91909],[-84.43771,36.91901],[-84.43775,36.91889],[-84.43768,36.91879],[-84.4376,36.91872],[-84.43749,36.91865],[-84.43726,36.91856],[-84.43648,36.9184],[-84.43637,36.91838],[-84.43626,36.91833],[-84.43619,36.91827],[-84.43617,36.91816],[-84.43622,36.91804],[-84.43633,36.91795],[-84.43658,36.91781],[-84.43665,36.91776],[-84.43679,36.91768],[-84.43689,36.91758],[-84.43696,36.91745],[-84.437,36.91733],[-84.43694,36.91724],[-84.4369,36.91722],[-84.43682,36.91717],[-84.43668,36.91716],[-84.43653,36.9172],[-84.43631,36.91728],[-84.43609,36.91742],[-84.43579,36.91762],[-84.43555,36.91776],[-84.43533,36.91797],[-84.43495,36.91833],[-84.43458,36.91875],[-84.43421,36.91908],[-84.43407,36.9192],[-84.43391,36.91927],[-84.43377,36.91929],[-84.4336,36.91929],[-84.43357,36.91927],[-84.43348,36.91924],[-84.43339,36.91916],[-84.43338,36.91906],[-84.43339,36.91894],[-84.43343,36.91879],[-84.43345,36.91871],[-84.43346,36.9186],[-84.43343,36.91847],[-84.43337,36.91842],[-84.43326,36.91841],[-84.43311,36.9185],[-84.43293,36.91865],[-84.43275,36.91883],[-84.43265,36.91894],[-84.4325,36.91915],[-84.43234,36.91938],[-84.43218,36.91964],[-84.43212,36.91978],[-84.43198,36.9201],[-84.43187,36.92044],[-84.43184,36.92052],[-84.43176,36.92067],[-84.43158,36.92089],[-84.43136,36.92112],[-84.43119,36.92138],[-84.43112,36.9215],[-84.43095,36.92178],[-84.43093,36.92189],[-84.4309,36.92206],[-84.43094,36.9224],[-84.431,36.9227],[-84.43102,36.92279],[-84.43111,36.92297],[-84.43121,36.92315],[-84.43144,36.92361],[-84.43147,36.92373],[-84.43147,36.92385],[-84.43142,36.92405],[-84.4313,36.92427],[-84.43112,36.92446],[-84.43093,36.92466],[-84.43084,36.92477],[-84.43073,36.92492],[-84.43062,36.92512],[-84.43052,36.92533],[-84.43042,36.92544],[-84.4303,36.92552],[-84.43018,36.92556],[-84.43008,36.92554],[-84.43,36.92546],[-84.42997,36.92536],[-84.42991,36.9251],[-84.42988,36.92488],[-84.42979,36.92466],[-84.42974,36.92454],[-84.42967,36.92449],[-84.42958,36.9245],[-84.4295,36.92455],[-84.4294,36.92466],[-84.42926,36.92482],[-84.42918,36.9249],[-84.4291,36.92497],[-84.42876,36.92535],[-84.42867,36.92544],[-84.42854,36.92558],[-84.4284,36.92571],[-84.42836,36.92575],[-84.42781,36.92616],[-84.427,36.92682],[-84.42641,36.92722],[-84.42624,36.92734],[-84.42602,36.92744],[-84.42582,36.92746],[-84.42572,36.92744],[-84.42567,36.92738],[-84.42566,36.92728],[-84.42569,36.92718],[-84.42589,36.92685],[-84.42597,36.92669],[-84.42601,36.92655],[-84.42602,36.92644],[-84.42598,36.9263],[-84.42591,36.92617],[-84.42582,36.92606],[-84.42566,36.92597],[-84.42556,36.92592],[-84.42547,36.92588],[-84.42531,36.92584],[-84.42512,36.92584],[-84.42497,36.92588],[-84.42477,36.92595],[-84.42452,36.92612],[-84.42425,36.92638],[-84.42392,36.92669],[-84.42384,36.92679],[-84.42377,36.92687],[-84.42356,36.9272],[-84.42349,36.92736],[-84.42339,36.92756],[-84.42326,36.92777],[-84.42316,36.92797],[-84.42304,36.92815],[-84.42289,36.92834],[-84.42271,36.92853],[-84.42246,36.9287],[-84.42229,36.92879],[-84.4221,36.92885],[-84.42177,36.92892],[-84.42168,36.92892],[-84.42152,36.92892],[-84.42147,36.92892],[-84.42136,36.9289],[-84.42117,36.92884],[-84.42101,36.92877],[-84.42084,36.92864],[-84.4206,36.92846],[-84.42048,36.92838],[-84.42032,36.92827],[-84.42015,36.92816],[-84.41996,36.92807],[-84.4196,36.9279],[-84.41939,36.92778],[-84.41909,36.92762],[-84.41892,36.9275],[-84.41874,36.92736],[-84.41869,36.92726],[-84.41869,36.9272],[-84.41873,36.92715],[-84.41891,36.92714],[-84.41902,36.92715],[-84.41918,36.9272],[-84.41937,36.92727],[-84.41943,36.92727],[-84.41956,36.92729],[-84.41974,36.92735],[-84.41993,36.92739],[-84.42018,36.92746],[-84.42046,36.92754],[-84.4206,36.92758],[-84.42078,36.9276],[-84.42102,36.92761],[-84.42106,36.92761],[-84.42114,36.92761],[-84.42119,36.92762],[-84.42143,36.92755],[-84.42163,36.92749],[-84.42187,36.92741],[-84.42214,36.92728],[-84.42246,36.92705],[-84.42281,36.92684],[-84.42301,36.92665],[-84.42308,36.92657],[-84.42313,36.9265],[-84.42315,36.92646],[-84.42321,36.92634],[-84.42325,36.92616],[-84.42334,36.9259],[-84.42338,36.92577],[-84.42346,36.92556],[-84.42359,36.92522],[-84.42362,36.9251],[-84.42364,36.92496],[-84.42364,36.92483],[-84.42359,36.92467],[-84.42345,36.92434],[-84.42329,36.92401],[-84.42303,36.92354],[-84.42298,36.92346],[-84.42295,36.92338],[-84.42296,36.9233],[-84.42305,36.9233],[-84.42309,36.92332],[-84.42314,36.92334],[-84.42331,36.92344],[-84.42345,36.92355],[-84.42358,36.92369],[-84.42378,36.92389],[-84.42383,36.92395],[-84.42391,36.92402],[-84.42402,36.92409],[-84.42417,36.92415],[-84.42429,36.92417],[-84.42486,36.92415],[-84.42499,36.92416],[-84.42515,36.92418],[-84.42529,36.92419],[-84.42562,36.9242],[-84.42588,36.92422],[-84.42604,36.9242],[-84.42613,36.92417],[-84.42622,36.9241],[-84.42626,36.92406],[-84.42628,36.92396],[-84.42623,36.92384],[-84.42611,36.92369],[-84.4259,36.92346],[-84.42578,36.92329],[-84.42569,36.92315],[-84.42568,36.9231],[-84.42567,36.92297],[-84.4257,36.92283],[-84.42575,36.92273],[-84.42586,36.92264],[-84.42601,36.92255],[-84.42623,36.9225],[-84.42638,36.92249],[-84.42647,36.92248],[-84.42665,36.9225],[-84.42691,36.92254],[-84.42713,36.9226],[-84.42729,36.92266],[-84.42759,36.92274],[-84.42797,36.9229],[-84.42809,36.92294],[-84.42818,36.9229],[-84.42824,36.92279],[-84.42825,36.92267],[-84.42824,36.92252],[-84.42824,36.9224],[-84.4282,36.92231],[-84.4281,36.9222],[-84.42797,36.92211],[-84.42779,36.92199],[-84.42756,36.92189],[-84.42692,36.92163],[-84.42671,36.92157],[-84.42643,36.9215],[-84.42622,36.92146],[-84.42588,36.92142],[-84.42552,36.92138],[-84.42521,36.92134],[-84.42493,36.92129],[-84.42479,36.92126],[-84.42454,36.9212],[-84.42429,36.92112],[-84.42418,36.92106],[-84.42412,36.92102],[-84.42407,36.92093],[-84.42406,36.92084],[-84.4241,36.92073],[-84.42417,36.92063],[-84.42428,36.92053],[-84.42444,36.92044],[-84.4247,36.92035],[-84.42491,36.92029],[-84.42507,36.92028],[-84.42519,36.9203],[-84.42545,36.92035],[-84.4256,36.92039],[-84.42573,36.92046],[-84.42586,36.92054],[-84.42606,36.92067],[-84.42625,36.9208],[-84.42647,36.92095],[-84.42667,36.92106],[-84.42672,36.9211],[-84.42687,36.92118],[-84.42702,36.92126],[-84.42736,36.92143],[-84.42754,36.9215],[-84.42773,36.92156],[-84.42781,36.92158],[-84.428,36.92162],[-84.42817,36.92163],[-84.42838,36.92163],[-84.42896,36.92158],[-84.4292,36.92155],[-84.42923,36.92152],[-84.42933,36.92149],[-84.4294,36.92147],[-84.42957,36.92139],[-84.4297,36.92126],[-84.42981,36.92114],[-84.42993,36.921],[-84.42999,36.92091],[-84.43017,36.92064],[-84.43035,36.92041],[-84.43042,36.92029],[-84.43042,36.92021],[-84.43038,36.92015],[-84.43028,36.9201],[-84.43006,36.92],[-84.42996,36.91995],[-84.42988,36.91986],[-84.42984,36.91979],[-84.42982,36.91973],[-84.4298,36.91966],[-84.4298,36.9195],[-84.42982,36.91939],[-84.42987,36.91933],[-84.42993,36.91924],[-84.43,36.91915],[-84.4301,36.91906],[-84.43026,36.91896],[-84.4304,36.91888],[-84.43063,36.91877],[-84.43096,36.91861],[-84.43117,36.91849],[-84.4314,36.91833],[-84.43159,36.9182],[-84.43165,36.91815],[-84.43172,36.91804],[-84.43173,36.91794],[-84.4317,36.91783],[-84.43166,36.91769],[-84.43165,36.9176],[-84.43169,36.91749],[-84.43178,36.91737],[-84.43191,36.91724],[-84.43199,36.91717],[-84.43215,36.91702],[-84.43227,36.91693],[-84.43233,36.91686],[-84.43246,36.91672],[-84.4326,36.91655],[-84.43268,36.91647],[-84.43271,36.91643],[-84.43288,36.91627],[-84.43294,36.91625],[-84.43305,36.91623],[-84.43336,36.91626],[-84.43353,36.91629],[-84.43364,36.91631],[-84.43372,36.91637],[-84.4338,36.91643],[-84.43396,36.91654],[-84.43405,36.91659],[-84.43419,36.91664],[-84.43435,36.91667],[-84.43452,36.91667],[-84.43464,36.91665],[-84.43479,36.91659],[-84.43502,36.91645],[-84.43514,36.91635],[-84.43519,36.91626],[-84.43526,36.91614],[-84.43537,36.91589],[-84.43542,36.91563],[-84.43543,36.91552],[-84.43542,36.91541],[-84.43538,36.91528],[-84.43532,36.91519],[-84.43506,36.91496],[-84.4347,36.91469],[-84.43464,36.91466],[-84.43455,36.91458],[-84.4345,36.91449],[-84.43451,36.91439],[-84.43454,36.91434],[-84.43458,36.91433],[-84.43465,36.91434],[-84.43476,36.91436],[-84.43501,36.91442],[-84.43543,36.91453],[-84.43589,36.91466],[-84.43619,36.91473],[-84.43627,36.91478],[-84.43638,36.91486],[-84.43647,36.91496],[-84.43656,36.9151],[-84.43662,36.91523],[-84.43667,36.91531],[-84.43674,36.91543],[-84.43682,36.91553],[-84.43692,36.91562],[-84.43707,36.91575],[-84.4375,36.91609],[-84.43774,36.91621],[-84.43791,36.91632],[-84.43813,36.91646],[-84.43831,36.9166],[-84.43848,36.91671],[-84.43867,36.91679],[-84.43882,36.91681],[-84.43908,36.91679],[-84.43927,36.91679],[-84.43947,36.91681],[-84.4397,36.91687],[-84.43999,36.91696],[-84.44024,36.91703],[-84.44047,36.91706],[-84.44057,36.91706],[-84.44072,36.91703],[-84.44083,36.91695],[-84.44088,36.91685],[-84.44088,36.91669],[-84.44088,36.91656],[-84.4409,36.91648],[-84.44096,36.91635],[-84.44103,36.91626],[-84.44113,36.91616],[-84.44128,36.91606],[-84.44189,36.91559],[-84.44203,36.91548],[-84.44215,36.91534],[-84.44222,36.91514],[-84.44216,36.91498],[-84.44205,36.9149],[-84.44187,36.91487],[-84.4416,36.91485],[-84.44069,36.91486],[-84.44063,36.91486],[-84.4405,36.91482],[-84.44049,36.91476],[-84.44054,36.91466],[-84.44078,36.91445],[-84.44082,36.91446],[-84.44095,36.91446],[-84.4411,36.91446],[-84.44125,36.91445],[-84.44146,36.91439],[-84.44164,36.91432],[-84.44194,36.91421],[-84.44208,36.91415],[-84.44226,36.91402],[-84.44244,36.91387],[-84.44258,36.91372],[-84.44268,36.91357],[-84.44272,36.91341],[-84.44263,36.9132],[-84.44258,36.91313],[-84.44247,36.913],[-84.44229,36.91289],[-84.44206,36.91282],[-84.44175,36.91279],[-84.44147,36.91277],[-84.44117,36.91277],[-84.44107,36.91275],[-84.44092,36.91271],[-84.44068,36.9126],[-84.44041,36.91244],[-84.44016,36.91228],[-84.44006,36.91221],[-84.43989,36.91212],[-84.43968,36.91204],[-84.43948,36.91201],[-84.43922,36.912],[-84.43883,36.91204],[-84.43855,36.91202],[-84.43844,36.91201],[-84.43826,36.91196],[-84.43805,36.91187],[-84.43788,36.91179],[-84.43781,36.91174],[-84.43768,36.91165],[-84.43755,36.91149],[-84.43743,36.91126],[-84.43727,36.91102],[-84.43713,36.91084],[-84.43704,36.91074],[-84.43691,36.91058],[-84.43674,36.9104],[-84.43618,36.90998],[-84.43599,36.90983],[-84.43595,36.90978],[-84.43593,36.90968],[-84.43595,36.90957],[-84.436,36.90953],[-84.43603,36.9095],[-84.43615,36.9095],[-84.43627,36.90953],[-84.43645,36.9096],[-84.43664,36.90971],[-84.43729,36.91031],[-84.4374,36.91043],[-84.43759,36.91057],[-84.43788,36.91069],[-84.43801,36.91075],[-84.43818,36.91081],[-84.4384,36.91088],[-84.43868,36.91092],[-84.43891,36.91093],[-84.43924,36.91098],[-84.43954,36.91103],[-84.43988,36.91111],[-84.44012,36.91118],[-84.44025,36.91118],[-84.44042,36.91119],[-84.44064,36.91117],[-84.44114,36.91109],[-84.44156,36.91105],[-84.44193,36.91104],[-84.442,36.91103],[-84.44207,36.91098],[-84.44206,36.9109],[-84.44201,36.91083],[-84.44194,36.91078],[-84.4419,36.91078],[-84.44169,36.91067],[-84.44154,36.91063],[-84.44137,36.91059],[-84.44117,36.91053],[-84.44105,36.91047],[-84.44067,36.91019],[-84.44064,36.91015],[-84.44062,36.91009],[-84.44057,36.90984],[-84.44054,36.90972],[-84.44051,36.90964],[-84.44046,36.90958],[-84.44039,36.90949],[-84.44026,36.90941],[-84.43996,36.90927],[-84.4397,36.90921],[-84.43947,36.90918],[-84.43923,36.90916],[-84.4391,36.90913],[-84.43888,36.90907],[-84.43861,36.90897],[-84.43847,36.90889],[-84.43837,36.90878],[-84.43829,36.90864],[-84.43824,36.90849],[-84.43819,36.90841],[-84.43812,36.90829],[-84.43802,36.90819],[-84.43777,36.90804],[-84.43744,36.9078],[-84.43736,36.90774],[-84.43727,36.90758],[-84.43729,36.90746],[-84.43733,36.9074],[-84.43738,36.90736],[-84.43749,36.90734],[-84.43762,36.90735],[-84.43771,36.90736],[-84.43801,36.90742],[-84.43836,36.90753],[-84.43859,36.90759],[-84.43868,36.9076],[-84.43879,36.9076],[-84.43892,36.90756],[-84.43911,36.90754],[-84.43953,36.90747],[-84.44016,36.90742],[-84.44072,36.90735],[-84.44084,36.90733],[-84.44095,36.9073],[-84.44105,36.90723],[-84.44108,36.90712],[-84.44103,36.90704],[-84.44089,36.90689],[-84.44074,36.90677],[-84.4406,36.90665],[-84.44041,36.90649],[-84.44026,36.90636],[-84.44007,36.90624],[-84.43995,36.90616],[-84.43975,36.90603],[-84.43963,36.9059],[-84.43954,36.9058],[-84.4394,36.90574],[-84.43925,36.90571],[-84.43897,36.90569],[-84.43847,36.90568],[-84.43837,36.90566],[-84.4382,36.90562],[-84.43804,36.90555],[-84.4379,36.90543],[-84.43785,36.90532],[-84.43786,36.90521],[-84.4379,36.90516],[-84.43797,36.9051],[-84.43861,36.90496],[-84.4387,36.90493],[-84.43891,36.90487],[-84.43911,36.90474],[-84.43924,36.9047],[-84.43937,36.90466],[-84.4395,36.90468],[-84.43965,36.90474],[-84.44019,36.90508],[-84.4406,36.90532],[-84.4407,36.90538],[-84.44082,36.90546],[-84.44105,36.90554],[-84.44139,36.90561],[-84.44178,36.90569],[-84.44206,36.90573],[-84.44214,36.90574],[-84.44233,36.90573],[-84.44248,36.90569],[-84.44259,36.90562],[-84.44263,36.90551],[-84.44264,36.90531],[-84.44245,36.90497],[-84.4423,36.9047],[-84.44207,36.90445],[-84.44201,36.90433],[-84.44196,36.90418],[-84.44198,36.90408],[-84.44207,36.904],[-84.44218,36.90397],[-84.4423,36.90397],[-84.44241,36.90397],[-84.44249,36.90397],[-84.44251,36.90393],[-84.44247,36.90386],[-84.44192,36.90309],[-84.44184,36.90301],[-84.44171,36.90286],[-84.44148,36.90262],[-84.44134,36.90246],[-84.4413,36.90239],[-84.44122,36.9023],[-84.44109,36.90214],[-84.44096,36.90202],[-84.4407,36.90189],[-84.44035,36.90173],[-84.44025,36.90164],[-84.4402,36.9015],[-84.44007,36.90096],[-84.44007,36.9009],[-84.44006,36.90079],[-84.44009,36.90067],[-84.44015,36.90055],[-84.44021,36.90046],[-84.44029,36.90029],[-84.44026,36.90017],[-84.44018,36.90012],[-84.44003,36.90008],[-84.4398,36.90006],[-84.43977,36.90006],[-84.43903,36.90006],[-84.43894,36.90007],[-84.43878,36.90003],[-84.4387,36.89999],[-84.43867,36.89992],[-84.43867,36.89977],[-84.43871,36.89959],[-84.43875,36.89951],[-84.43879,36.89943],[-84.43891,36.89923],[-84.43919,36.89885],[-84.43926,36.89878],[-84.43938,36.89868],[-84.43951,36.89863],[-84.43972,36.89854],[-84.43986,36.89851],[-84.43997,36.8985],[-84.44004,36.89851],[-84.44013,36.89851],[-84.44032,36.89856],[-84.44072,36.89868],[-84.44112,36.89881],[-84.44156,36.89903],[-84.44207,36.89924],[-84.44217,36.89932],[-84.44229,36.89946],[-84.44238,36.89961],[-84.44242,36.89974],[-84.44243,36.89993],[-84.44242,36.90007],[-84.44241,36.90015],[-84.44239,36.90027],[-84.44233,36.90055],[-84.44232,36.90076],[-84.44234,36.90082],[-84.4424,36.90089],[-84.44252,36.90097],[-84.44284,36.90117],[-84.44335,36.90145],[-84.44367,36.90168],[-84.44397,36.90191],[-84.44414,36.90205],[-84.44427,36.90215],[-84.44432,36.90219],[-84.44443,36.90224],[-84.44458,36.90229],[-84.44475,36.90237],[-84.44487,36.90245],[-84.44508,36.9026],[-84.44521,36.90271],[-84.44566,36.90312],[-84.44576,36.9032],[-84.44589,36.90329],[-84.446,36.9033],[-84.44616,36.9033],[-84.44623,36.90327],[-84.44628,36.90326],[-84.44635,36.90319],[-84.44635,36.90309],[-84.44628,36.903],[-84.44616,36.90288],[-84.44598,36.90274],[-84.44585,36.90261],[-84.4458,36.9025],[-84.44577,36.90239],[-84.44579,36.90225],[-84.44585,36.9021],[-84.44585,36.90202],[-84.44583,36.90192],[-84.44575,36.90185],[-84.44561,36.90177],[-84.4454,36.9017],[-84.4452,36.90162],[-84.44502,36.90149],[-84.44485,36.90133],[-84.44474,36.90119],[-84.44464,36.90104],[-84.4445,36.90074],[-84.44446,36.90053],[-84.44446,36.90043],[-84.44447,36.90027],[-84.44448,36.89999],[-84.44449,36.89978],[-84.44452,36.89967],[-84.44458,36.8995],[-84.4447,36.89935],[-84.44478,36.89926],[-84.44487,36.8992],[-84.44509,36.89913],[-84.44522,36.8991],[-84.44538,36.89905],[-84.44544,36.89897],[-84.44541,36.89883],[-84.44495,36.89826],[-84.4449,36.89818],[-84.44489,36.89805],[-84.44491,36.898],[-84.44493,36.89797],[-84.44499,36.89793],[-84.4451,36.89789],[-84.44529,36.89791],[-84.44562,36.89796],[-84.44573,36.89799],[-84.44586,36.89806],[-84.44607,36.8982],[-84.44636,36.89838],[-84.44647,36.89847],[-84.44666,36.89863],[-84.44683,36.89879],[-84.44704,36.89908],[-84.44721,36.89936],[-84.44741,36.8996],[-84.44759,36.89982],[-84.44779,36.90004],[-84.44792,36.90014],[-84.44808,36.90024],[-84.44828,36.9004],[-84.44845,36.90058],[-84.44858,36.90072],[-84.44872,36.90082],[-84.44888,36.90089],[-84.449,36.9009],[-84.44915,36.9009],[-84.44926,36.90091],[-84.44934,36.90092],[-84.4496,36.90093],[-84.44979,36.90097],[-84.45004,36.90106],[-84.4501,36.90108],[-84.45023,36.90113],[-84.4504,36.90123],[-84.45055,36.90134],[-84.4507,36.9015],[-84.45086,36.90169],[-84.45095,36.90179],[-84.45109,36.90191],[-84.45125,36.90198],[-84.4514,36.90204],[-84.4516,36.90216],[-84.45186,36.90232],[-84.45197,36.90238],[-84.4521,36.9024],[-84.45227,36.90242],[-84.45244,36.90241],[-84.45268,36.90242],[-84.4529,36.90245],[-84.45308,36.90253],[-84.45344,36.90273],[-84.45349,36.90275],[-84.4536,36.90275],[-84.45371,36.90271],[-84.45377,36.90262],[-84.45377,36.90253],[-84.45371,36.90245],[-84.4536,36.90239],[-84.45344,36.90229],[-84.45326,36.90217],[-84.45309,36.90203],[-84.45299,36.9019],[-84.45291,36.90183],[-84.45277,36.90166],[-84.45263,36.90145],[-84.45247,36.90122],[-84.45238,36.90102],[-84.45233,36.90094],[-84.45216,36.90077],[-84.45205,36.90063],[-84.45202,36.90059],[-84.4519,36.90044],[-84.45173,36.90028],[-84.45158,36.90014],[-84.45099,36.89966],[-84.44995,36.89876],[-84.4499,36.89869],[-84.44986,36.89859],[-84.4499,36.89854],[-84.44998,36.89852],[-84.45024,36.89853],[-84.45037,36.89852],[-84.45049,36.89846],[-84.45062,36.89838],[-84.45076,36.89833],[-84.45081,36.89833],[-84.451,36.89831],[-84.45115,36.89835],[-84.45122,36.8984],[-84.45128,36.89851],[-84.4513,36.8987],[-84.45134,36.8989],[-84.4514,36.89904],[-84.45152,36.89911],[-84.45164,36.89914],[-84.45181,36.89911],[-84.45196,36.89907],[-84.45207,36.89903],[-84.45231,36.89899],[-84.45255,36.89892],[-84.45279,36.89891],[-84.45308,36.89894],[-84.45327,36.89901],[-84.45348,36.89915],[-84.45367,36.89933],[-84.45374,36.8994],[-84.45389,36.89948],[-84.45413,36.89951],[-84.45493,36.89949],[-84.45507,36.89951],[-84.45523,36.89954],[-84.45533,36.89961],[-84.45542,36.89975],[-84.4555,36.89997],[-84.45563,36.90055],[-84.45565,36.90063],[-84.45569,36.90077],[-84.45576,36.90093],[-84.45579,36.901],[-84.45591,36.90109],[-84.45608,36.90117],[-84.45629,36.90129],[-84.45647,36.90146],[-84.45659,36.90165],[-84.45666,36.90179],[-84.45668,36.9019],[-84.45669,36.90213],[-84.45668,36.90234],[-84.45669,36.90244],[-84.45676,36.9025],[-84.45695,36.9026],[-84.45716,36.90273],[-84.45727,36.90283],[-84.45745,36.90301],[-84.45763,36.90324],[-84.45777,36.90345],[-84.45791,36.90362],[-84.45796,36.90372],[-84.45805,36.90395],[-84.45816,36.90416],[-84.45826,36.90438],[-84.45825,36.90441],[-84.45841,36.90461],[-84.45845,36.90466],[-84.45851,36.9047],[-84.45863,36.90473],[-84.45961,36.90478],[-84.45968,36.90479],[-84.45978,36.90476],[-84.45986,36.90469],[-84.45987,36.90462],[-84.45983,36.90455],[-84.45973,36.90445],[-84.45962,36.90438],[-84.45947,36.90428],[-84.45931,36.90421],[-84.45923,36.90416],[-84.45912,36.90405],[-84.45904,36.90395],[-84.45902,36.90387],[-84.45901,36.90379],[-84.45899,36.90321],[-84.4589,36.90232],[-84.45891,36.90222],[-84.45894,36.9021],[-84.45901,36.90197],[-84.45909,36.90184],[-84.45923,36.90174],[-84.45937,36.90166],[-84.45945,36.90161],[-84.45953,36.9015],[-84.45959,36.90136],[-84.45963,36.90114],[-84.45963,36.90078],[-84.45964,36.9007],[-84.45969,36.90056],[-84.45975,36.90047],[-84.45984,36.90042],[-84.46,36.9004],[-84.46011,36.90039],[-84.46031,36.90042],[-84.46062,36.90048],[-84.46077,36.90048],[-84.46086,36.90047],[-84.46114,36.90037],[-84.46133,36.90029],[-84.46156,36.90019],[-84.46176,36.90013],[-84.46185,36.90011],[-84.46204,36.90008],[-84.46219,36.90009],[-84.4623,36.90012],[-84.46264,36.90026],[-84.46287,36.90032],[-84.46302,36.90033],[-84.46313,36.90032],[-84.46331,36.90029],[-84.46347,36.90023],[-84.46364,36.90014],[-84.46371,36.90008],[-84.46381,36.89997],[-84.46388,36.89983],[-84.4639,36.89967],[-84.46393,36.89961],[-84.46399,36.89954],[-84.464,36.89951],[-84.46405,36.89944],[-84.46405,36.89933],[-84.46396,36.89928],[-84.46384,36.89927],[-84.46358,36.89926],[-84.46338,36.89926],[-84.46325,36.89924],[-84.46317,36.89918],[-84.46309,36.89909],[-84.46305,36.89899],[-84.46305,36.89884],[-84.46309,36.89867],[-84.46314,36.8986],[-84.46322,36.89854],[-84.46327,36.89843],[-84.46321,36.89833],[-84.46308,36.89824],[-84.46289,36.89817],[-84.4625,36.89809],[-84.46222,36.89808],[-84.46203,36.89808],[-84.46165,36.89812],[-84.46136,36.89817],[-84.46093,36.89822],[-84.46078,36.89824],[-84.46062,36.89827],[-84.46034,36.89827],[-84.46026,36.89826],[-84.46007,36.89824],[-84.45993,36.89819],[-84.45975,36.89813],[-84.4596,36.89805],[-84.45946,36.89797],[-84.45926,36.89784],[-84.45907,36.89772],[-84.45882,36.89762],[-84.45851,36.89755],[-84.45842,36.8975],[-84.45838,36.89742],[-84.45841,36.89736],[-84.45849,36.89731],[-84.4586,36.89727],[-84.4588,36.89718],[-84.4591,36.89706],[-84.45925,36.89701],[-84.45946,36.89692],[-84.45959,36.89686],[-84.45966,36.89681],[-84.45973,36.89673],[-84.45979,36.89658],[-84.45987,36.89639],[-84.46004,36.89618],[-84.4601,36.89613],[-84.46022,36.89604],[-84.46043,36.89599],[-84.46061,36.89597],[-84.46067,36.89596],[-84.46074,36.89592],[-84.4608,36.89584],[-84.46081,36.89582],[-84.46086,36.89573],[-84.46091,36.89568],[-84.46097,36.89563],[-84.46113,36.89555],[-84.46131,36.89549],[-84.46139,36.89548],[-84.46152,36.89548],[-84.46166,36.89551],[-84.46182,36.89555],[-84.462,36.89559],[-84.46212,36.89557],[-84.46227,36.89555],[-84.46251,36.8955],[-84.46262,36.89549],[-84.46275,36.89548],[-84.46292,36.89549],[-84.46316,36.89552],[-84.46345,36.89559],[-84.46364,36.89565],[-84.46373,36.89569],[-84.46398,36.89575],[-84.46409,36.89573],[-84.46415,36.8957],[-84.46418,36.89569],[-84.46419,36.89569],[-84.46425,36.89563],[-84.46434,36.89548],[-84.4644,36.89538],[-84.46456,36.89521],[-84.46469,36.89513],[-84.46477,36.89511],[-84.46489,36.89507],[-84.46502,36.89506],[-84.46524,36.89507],[-84.46548,36.89512],[-84.46587,36.8952],[-84.46596,36.8952],[-84.46604,36.8952],[-84.46615,36.89518],[-84.46634,36.8951],[-84.46704,36.89485],[-84.4676,36.89466],[-84.46792,36.89455],[-84.46836,36.89437],[-84.46841,36.89435],[-84.46853,36.8943],[-84.46872,36.8942],[-84.4688,36.89414],[-84.46886,36.89405],[-84.46886,36.89392],[-84.46883,36.89381],[-84.46876,36.89365],[-84.46867,36.89354],[-84.46852,36.89344],[-84.46842,36.89337],[-84.46825,36.89328],[-84.46804,36.89322],[-84.46771,36.89316],[-84.46759,36.89312],[-84.46744,36.89307],[-84.46731,36.893],[-84.46679,36.89267],[-84.46679,36.89266],[-84.46675,36.89262],[-84.46674,36.89253],[-84.46677,36.89248],[-84.46683,36.89245],[-84.46733,36.89239],[-84.46755,36.89237],[-84.46766,36.89235],[-84.46788,36.8923],[-84.46798,36.89226],[-84.46805,36.89223],[-84.46818,36.89218],[-84.46828,36.89215],[-84.46843,36.89208],[-84.46861,36.89199],[-84.46878,36.89184],[-84.46884,36.8918],[-84.46889,36.89179],[-84.46896,36.89184],[-84.46914,36.89193],[-84.46929,36.89197],[-84.46939,36.89198],[-84.4695,36.89192],[-84.46966,36.89177],[-84.46982,36.89159],[-84.46989,36.89155],[-84.47002,36.8915],[-84.47017,36.8915],[-84.47027,36.89152],[-84.47032,36.89158],[-84.47036,36.89174],[-84.4704,36.89186],[-84.47048,36.89194],[-84.47049,36.89194],[-84.4706,36.89204],[-84.47073,36.89212],[-84.47089,36.89226],[-84.47095,36.89235],[-84.471,36.89242],[-84.47105,36.89253],[-84.47106,36.89264],[-84.47108,36.89281],[-84.47109,36.89294],[-84.47115,36.89301],[-84.47138,36.89314],[-84.47145,36.89312],[-84.47162,36.89308],[-84.4719,36.89297],[-84.47201,36.89294],[-84.47216,36.89292],[-84.47228,36.89291],[-84.47263,36.89294],[-84.4729,36.89295],[-84.47296,36.89293],[-84.47303,36.89289],[-84.47312,36.8928],[-84.47314,36.89267],[-84.4731,36.89257],[-84.47302,36.89246],[-84.47291,36.89237],[-84.47275,36.89225],[-84.47241,36.89207],[-84.4722,36.89196],[-84.47215,36.89193],[-84.47212,36.89185],[-84.4721,36.89174],[-84.47211,36.89161],[-84.47211,36.89161],[-84.47215,36.89144],[-84.4722,36.89125],[-84.4722,36.89116],[-84.47219,36.89107],[-84.47215,36.89099],[-84.47204,36.89089],[-84.47189,36.89079],[-84.47169,36.89065],[-84.47157,36.89056],[-84.47154,36.89051],[-84.47154,36.89043],[-84.4716,36.89035],[-84.47168,36.89027],[-84.47176,36.89018],[-84.47194,36.89002],[-84.47245,36.88963],[-84.47262,36.88944],[-84.47269,36.88935],[-84.47277,36.88922],[-84.4728,36.88916],[-84.47281,36.88912],[-84.4728,36.88898],[-84.47278,36.88876],[-84.47273,36.88859],[-84.47269,36.88839],[-84.47268,36.88833],[-84.47268,36.88824],[-84.47273,36.88814],[-84.47279,36.88807],[-84.47279,36.88803],[-84.47291,36.88793],[-84.47306,36.88781],[-84.47321,36.88774],[-84.47341,36.88769],[-84.47359,36.8877],[-84.47372,36.88774],[-84.47384,36.88782],[-84.47395,36.88797],[-84.47405,36.88813],[-84.47414,36.88829],[-84.47418,36.88836],[-84.47424,36.88848],[-84.47433,36.88863],[-84.47444,36.88881],[-84.47451,36.8889],[-84.47465,36.88901],[-84.47478,36.8891],[-84.47496,36.88916],[-84.47514,36.88922],[-84.47534,36.88926],[-84.47581,36.88929],[-84.47591,36.8893],[-84.47621,36.88933],[-84.47643,36.88938],[-84.47656,36.88944],[-84.4767,36.88952],[-84.47675,36.88955],[-84.47696,36.88969],[-84.47708,36.88982],[-84.4772,36.89004],[-84.47724,36.89011],[-84.47745,36.89057],[-84.47752,36.89071],[-84.47764,36.89092],[-84.47778,36.89106],[-84.47784,36.89114],[-84.47799,36.89122],[-84.47816,36.89122],[-84.4783,36.89116],[-84.47839,36.89108],[-84.47846,36.89097],[-84.4785,36.89082],[-84.47859,36.89035],[-84.47862,36.89029],[-84.47866,36.89021],[-84.47868,36.89018],[-84.47877,36.89003],[-84.47887,36.88993],[-84.47894,36.88989],[-84.47907,36.88983],[-84.4792,36.88977],[-84.47935,36.88971],[-84.47962,36.88964],[-84.47977,36.88958],[-84.47983,36.88953],[-84.47992,36.88945],[-84.4802,36.88916],[-84.48022,36.88911],[-84.48028,36.88905],[-84.48031,36.88891],[-84.48034,36.88867],[-84.48035,36.88845],[-84.48038,36.88836],[-84.48044,36.8883],[-84.48056,36.88823],[-84.48071,36.88813],[-84.48088,36.88801],[-84.48098,36.88792],[-84.48101,36.88787],[-84.4811,36.88775],[-84.48116,36.88763],[-84.48118,36.88752],[-84.48119,36.88731],[-84.48118,36.88705],[-84.48118,36.887],[-84.48122,36.88689],[-84.48127,36.88681],[-84.48135,36.88676],[-84.48144,36.88671],[-84.48164,36.88669],[-84.48177,36.8867],[-84.48181,36.88671],[-84.48192,36.88673],[-84.48205,36.88682],[-84.48216,36.88692],[-84.48223,36.88706],[-84.48231,36.88723],[-84.48232,36.88732],[-84.48234,36.88745],[-84.48242,36.88757],[-84.48252,36.88768],[-84.4827,36.88781],[-84.48307,36.88804],[-84.48312,36.88809],[-84.48319,36.88823],[-84.48325,36.88839],[-84.48334,36.88857],[-84.4834,36.88864],[-84.48352,36.88875],[-84.48365,36.88884],[-84.48394,36.88898],[-84.48412,36.88914],[-84.48423,36.88924],[-84.4843,36.88933],[-84.48438,36.88945],[-84.48441,36.88952],[-84.48443,36.88959],[-84.48445,36.88972],[-84.48447,36.88988],[-84.48445,36.89001],[-84.48441,36.89016],[-84.48431,36.89031],[-84.48419,36.89051],[-84.48402,36.89074],[-84.4838,36.89101],[-84.48344,36.89137],[-84.48324,36.89155],[-84.4832,36.89158],[-84.48307,36.89171],[-84.48302,36.89176],[-84.48297,36.89188],[-84.48296,36.89206],[-84.48301,36.89244],[-84.48303,36.89249],[-84.48307,36.8926],[-84.48309,36.89274],[-84.4831,36.89295],[-84.48311,36.89317],[-84.48319,36.89329],[-84.48326,36.89329],[-84.48334,36.89321],[-84.48342,36.89308],[-84.48349,36.89296],[-84.48355,36.89277],[-84.4836,36.89258],[-84.48363,36.89246],[-84.48366,36.89229],[-84.48373,36.89186],[-84.48376,36.89176],[-84.48381,36.89166],[-84.48389,36.89157],[-84.48397,36.89149],[-84.48429,36.89123],[-84.48454,36.89102],[-84.48477,36.8908],[-84.48485,36.8907],[-84.48497,36.89053],[-84.48507,36.89038],[-84.4851,36.8903],[-84.48515,36.89014],[-84.48516,36.88998],[-84.48518,36.88974],[-84.48517,36.88937],[-84.48518,36.88929],[-84.48519,36.88921],[-84.48526,36.88914],[-84.48534,36.8891],[-84.48546,36.88909],[-84.48569,36.88912],[-84.48575,36.88912],[-84.48588,36.8891],[-84.48601,36.88906],[-84.48608,36.88902],[-84.48615,36.88901],[-84.48625,36.88902],[-84.48637,36.88906],[-84.48664,36.88921],[-84.48685,36.88936],[-84.48701,36.8895],[-84.48709,36.88958],[-84.48717,36.88968],[-84.48724,36.88978],[-84.4873,36.88989],[-84.48733,36.88998],[-84.48732,36.89011],[-84.4873,36.89023],[-84.48725,36.89032],[-84.48724,36.89034],[-84.48715,36.89049],[-84.48702,36.89074],[-84.48695,36.89095],[-84.48694,36.89104],[-84.48694,36.8912],[-84.48699,36.89135],[-84.48712,36.89144],[-84.48727,36.89147],[-84.48738,36.89145],[-84.4875,36.89138],[-84.48759,36.89127],[-84.48768,36.89112],[-84.48795,36.8906],[-84.48801,36.89054],[-84.48813,36.89048],[-84.48822,36.89049],[-84.48827,36.89052],[-84.48831,36.89058],[-84.48843,36.8907],[-84.48863,36.89088],[-84.48879,36.89101],[-84.48889,36.89109],[-84.48906,36.89121],[-84.4893,36.89132],[-84.4895,36.8914],[-84.4897,36.89144],[-84.48974,36.89144],[-84.48984,36.8914],[-84.48989,36.89133],[-84.48989,36.89123],[-84.48985,36.89106],[-84.48983,36.89098],[-84.4898,36.89085],[-84.48979,36.89076],[-84.48976,36.89063],[-84.48975,36.89051],[-84.48975,36.89037],[-84.48977,36.8902],[-84.48981,36.89004],[-84.48986,36.88984],[-84.48984,36.88976],[-84.48979,36.8897],[-84.48971,36.88968],[-84.48961,36.88967],[-84.48948,36.88969],[-84.48934,36.88973],[-84.48919,36.88975],[-84.48904,36.88973],[-84.48892,36.8897],[-84.48881,36.88963],[-84.48863,36.88954],[-84.48833,36.88934],[-84.48825,36.8893],[-84.48803,36.88919],[-84.48789,36.88911],[-84.48781,36.88906],[-84.48773,36.88898],[-84.48766,36.88889],[-84.4876,36.88877],[-84.4876,36.8887],[-84.48771,36.88862],[-84.48786,36.88858],[-84.48796,36.88855],[-84.48816,36.88852],[-84.48874,36.88849],[-84.48882,36.88848],[-84.48894,36.88844],[-84.48899,36.88837],[-84.48899,36.8883],[-84.48894,36.88824],[-84.48884,36.88821],[-84.48861,36.88818],[-84.48803,36.88815],[-84.48793,36.88814],[-84.48779,36.88812],[-84.48769,36.88808],[-84.48764,36.88801],[-84.48765,36.88793],[-84.48767,36.88786],[-84.48776,36.88777],[-84.48818,36.88747],[-84.48828,36.88739],[-84.48844,36.88727],[-84.48867,36.88712],[-84.48878,36.88707],[-84.48899,36.88697],[-84.48913,36.8869],[-84.48926,36.88683],[-84.48933,36.88678],[-84.48945,36.88668],[-84.48959,36.88653],[-84.48973,36.88634],[-84.48979,36.88628],[-84.48994,36.88615],[-84.49009,36.88606],[-84.49026,36.886],[-84.4904,36.88591],[-84.49047,36.88587],[-84.49058,36.88581],[-84.49066,36.88567],[-84.4907,36.88555],[-84.49075,36.88533],[-84.49083,36.88518],[-84.49093,36.88507],[-84.49104,36.88497],[-84.49116,36.88488],[-84.49158,36.88456],[-84.49167,36.88452],[-84.49175,36.88446],[-84.49172,36.8844],[-84.49163,36.88435],[-84.49107,36.88428],[-84.49095,36.8843],[-84.4909,36.88432],[-84.49085,36.88438],[-84.49077,36.88452],[-84.49069,36.88459],[-84.49058,36.8846],[-84.49031,36.8846],[-84.4902,36.8846],[-84.49016,36.88467],[-84.4902,36.88487],[-84.4902,36.88495],[-84.49019,36.88502],[-84.49014,36.88512],[-84.49006,36.88523],[-84.48988,36.8854],[-84.48961,36.88561],[-84.4893,36.88586],[-84.48921,36.88593],[-84.48901,36.88602],[-84.48883,36.88612],[-84.48852,36.88637],[-84.48827,36.88657],[-84.48808,36.88669],[-84.488,36.88675],[-84.48787,36.88682],[-84.48768,36.88687],[-84.48748,36.88692],[-84.48736,36.88696],[-84.48728,36.88703],[-84.48723,36.88712],[-84.48716,36.88724],[-84.48707,36.88734],[-84.48692,36.88744],[-84.48673,36.88749],[-84.48655,36.88747],[-84.48642,36.88742],[-84.48625,36.88728],[-84.48614,36.88715],[-84.48588,36.88686],[-84.48577,36.88676],[-84.48567,36.88668],[-84.48556,36.88666],[-84.48546,36.88668],[-84.48525,36.88675],[-84.48501,36.8868],[-84.48478,36.88684],[-84.48454,36.88687],[-84.48432,36.88687],[-84.48418,36.88685],[-84.48405,36.88681],[-84.48395,36.88677],[-84.48372,36.88668],[-84.4835,36.88657],[-84.48333,36.88643],[-84.48329,36.88638],[-84.48324,36.88631],[-84.48314,36.8861],[-84.4831,36.886],[-84.48308,36.88597],[-84.48307,36.88593],[-84.48305,36.88583],[-84.48305,36.88569],[-84.48307,36.88561],[-84.48312,36.88552],[-84.4832,36.88542],[-84.48332,36.88532],[-84.48342,36.88525],[-84.48356,36.88515],[-84.4838,36.88499],[-84.48387,36.88495],[-84.48399,36.88485],[-84.4841,36.88473],[-84.48426,36.88458],[-84.48431,36.88454],[-84.4844,36.8845],[-84.48452,36.88447],[-84.48469,36.88447],[-84.48485,36.88445],[-84.48497,36.88439],[-84.48503,36.88435],[-84.48509,36.88428],[-84.48509,36.8842],[-84.48506,36.88408],[-84.48503,36.88396],[-84.48502,36.88387],[-84.48502,36.88377],[-84.48511,36.88364],[-84.48513,36.8836],[-84.48518,36.88354],[-84.48526,36.8835],[-84.48534,36.88347],[-84.48548,36.88346],[-84.48558,36.88345],[-84.48568,36.88339],[-84.48574,36.88334],[-84.48579,36.88329],[-84.48584,36.88319],[-84.48587,36.88312],[-84.48589,36.88302],[-84.48589,36.8829],[-84.48595,36.8828],[-84.48604,36.88269],[-84.48613,36.88257],[-84.48619,36.88251],[-84.48628,36.88241],[-84.4864,36.88233],[-84.48653,36.88228],[-84.48673,36.88218],[-84.48684,36.88211],[-84.4869,36.88206],[-84.48698,36.88196],[-84.48705,36.88177],[-84.48715,36.88159],[-84.48728,36.88148],[-84.48732,36.88145],[-84.4874,36.88138],[-84.48749,36.8813],[-84.48767,36.88116],[-84.48785,36.88099],[-84.48792,36.88091],[-84.488,36.88076],[-84.48806,36.88062],[-84.48804,36.88048],[-84.48802,36.88044],[-84.48799,36.88041],[-84.48792,36.88039],[-84.48781,36.88042],[-84.48762,36.88048],[-84.48733,36.88065],[-84.48715,36.88078],[-84.48699,36.88094],[-84.48685,36.8811],[-84.48678,36.88114],[-84.4867,36.88118],[-84.48657,36.8812],[-84.48644,36.88117],[-84.48635,36.88112],[-84.48626,36.88105],[-84.48591,36.88064],[-84.48582,36.88056],[-84.48571,36.88049],[-84.48557,36.88044],[-84.48554,36.88045],[-84.48549,36.88054],[-84.48548,36.88065],[-84.4855,36.88071],[-84.48553,36.88085],[-84.48574,36.88136],[-84.48576,36.88144],[-84.48577,36.88154],[-84.48576,36.88164],[-84.48571,36.88175],[-84.48558,36.88191],[-84.48546,36.882],[-84.48534,36.88204],[-84.48518,36.88205],[-84.48496,36.88203],[-84.48479,36.88199],[-84.48474,36.88199],[-84.48471,36.88203],[-84.48469,36.8821],[-84.4847,36.88219],[-84.4847,36.8823],[-84.48469,36.8824],[-84.48461,36.8826],[-84.4845,36.88278],[-84.48437,36.88295],[-84.48418,36.88314],[-84.48405,36.88323],[-84.48398,36.88326],[-84.48387,36.8833],[-84.48374,36.8833],[-84.48358,36.88326],[-84.48349,36.88323],[-84.48339,36.88314],[-84.48327,36.88302],[-84.48318,36.88286],[-84.48306,36.88271],[-84.48294,36.88252],[-84.48288,36.88237],[-84.48279,36.88213],[-84.48275,36.88206],[-84.48268,36.88193],[-84.48265,36.88186],[-84.48254,36.88178],[-84.4824,36.88171],[-84.48228,36.88166],[-84.48208,36.88159],[-84.48199,36.88153],[-84.48193,36.88149],[-84.48186,36.88144],[-84.48179,36.88134],[-84.48175,36.88124],[-84.48171,36.88116],[-84.48171,36.88114],[-84.48166,36.88109],[-84.4816,36.88104],[-84.48148,36.88094],[-84.48141,36.88085],[-84.48139,36.88077],[-84.48138,36.88065],[-84.48137,36.8806],[-84.48133,36.88055],[-84.48128,36.88051],[-84.48117,36.88043],[-84.48103,36.88033],[-84.48091,36.88022],[-84.48086,36.88013],[-84.48081,36.88003],[-84.48079,36.87994],[-84.48071,36.87973],[-84.48068,36.87961],[-84.48065,36.87947],[-84.48062,36.87928],[-84.48059,36.87884],[-84.48058,36.87874],[-84.48055,36.87863],[-84.48052,36.87854],[-84.48041,36.87839],[-84.48034,36.87831],[-84.4802,36.87813],[-84.48016,36.87804],[-84.48007,36.8779],[-84.48,36.87775],[-84.47992,36.8776],[-84.47987,36.87747],[-84.47983,36.87743],[-84.47978,36.87743],[-84.47969,36.87752],[-84.47966,36.87766],[-84.47964,36.87786],[-84.47966,36.87801],[-84.4797,36.87814],[-84.47975,36.87826],[-84.47981,36.87837],[-84.47986,36.87848],[-84.47991,36.87863],[-84.47994,36.87874],[-84.47993,36.87893],[-84.47993,36.87905],[-84.47993,36.87924],[-84.47995,36.87942],[-84.47999,36.87952],[-84.48004,36.87975],[-84.48006,36.87994],[-84.48007,36.88],[-84.48009,36.88011],[-84.4801,36.88023],[-84.48011,36.88035],[-84.48011,36.88059],[-84.48013,36.88066],[-84.48016,36.88074],[-84.48024,36.88086],[-84.48032,36.88094],[-84.48051,36.88105],[-84.48079,36.8812],[-84.4809,36.88128],[-84.48099,36.88138],[-84.48104,36.88146],[-84.48108,36.88154],[-84.48128,36.88204],[-84.48132,36.88212],[-84.48137,36.88216],[-84.48146,36.88223],[-84.48159,36.88228],[-84.48161,36.88229],[-84.48198,36.88244],[-84.48213,36.88252],[-84.48228,36.8826],[-84.48248,36.88274],[-84.48261,36.88287],[-84.48274,36.8831],[-84.48281,36.88327],[-84.48285,36.88345],[-84.48286,36.88362],[-84.48283,36.88377],[-84.48274,36.88407],[-84.48259,36.8843],[-84.48227,36.88476],[-84.48215,36.88487],[-84.48199,36.88496],[-84.48189,36.88498],[-84.48177,36.88502],[-84.48151,36.88505],[-84.48127,36.88504],[-84.48106,36.88503],[-84.48097,36.88504],[-84.4809,36.88509],[-84.48086,36.88525],[-84.48081,36.88541],[-84.48072,36.8855],[-84.4806,36.88559],[-84.48046,36.88577],[-84.48036,36.88598],[-84.4802,36.88626],[-84.4801,36.88639],[-84.47996,36.88652],[-84.47977,36.88665],[-84.47957,36.88675],[-84.47918,36.88686],[-84.47849,36.88703],[-84.47795,36.8872],[-84.47738,36.88737],[-84.47723,36.88743],[-84.47695,36.88754],[-84.47668,36.88763],[-84.47634,36.88774],[-84.47611,36.8878],[-84.4758,36.88783],[-84.47556,36.88783],[-84.47531,36.88778],[-84.47516,36.88769],[-84.47509,36.88757],[-84.47508,36.88745],[-84.47512,36.88729],[-84.47522,36.8871],[-84.47533,36.887],[-84.47547,36.88687],[-84.47563,36.88664],[-84.4757,36.88646],[-84.47576,36.88636],[-84.47589,36.88617],[-84.47598,36.88604],[-84.47604,36.88594],[-84.47599,36.88587],[-84.47599,36.88587],[-84.4759,36.88586],[-84.47567,36.88586],[-84.47543,36.88585],[-84.47522,36.88584],[-84.47507,36.88578],[-84.47495,36.88564],[-84.47488,36.88552],[-84.47478,36.88531],[-84.47467,36.88512],[-84.4746,36.88505],[-84.47454,36.88505],[-84.47446,36.88516],[-84.47442,36.88532],[-84.47439,36.88547],[-84.47441,36.88562],[-84.47446,36.8858],[-84.47451,36.88599],[-84.47452,36.8861],[-84.47448,36.88613],[-84.47438,36.88614],[-84.47426,36.88613],[-84.4738,36.88614],[-84.47353,36.88618],[-84.47331,36.88623],[-84.47304,36.8863],[-84.47282,36.88639],[-84.47258,36.88651],[-84.47239,36.88661],[-84.47228,36.88666],[-84.47212,36.8867],[-84.4719,36.88672],[-84.47164,36.88674],[-84.4715,36.88679],[-84.47134,36.88688],[-84.47104,36.88707],[-84.47088,36.88715],[-84.47072,36.88716],[-84.47058,36.88712],[-84.47043,36.88703],[-84.47035,36.88693],[-84.47031,36.8868],[-84.47027,36.88663],[-84.47026,36.8865],[-84.47028,36.88639],[-84.47033,36.88618],[-84.47043,36.88599],[-84.47058,36.88578],[-84.47071,36.88556],[-84.47075,36.88543],[-84.47069,36.88536],[-84.47061,36.88537],[-84.47053,36.88539],[-84.47041,36.88545],[-84.47017,36.88558],[-84.47002,36.88564],[-84.46986,36.88569],[-84.4697,36.8857],[-84.46961,36.8857],[-84.46942,36.88569],[-84.46936,36.88572],[-84.46929,36.88578],[-84.46926,36.886],[-84.46931,36.88648],[-84.46936,36.88678],[-84.46942,36.88706],[-84.46948,36.88729],[-84.46954,36.88751],[-84.46978,36.88814],[-84.46984,36.88829],[-84.4699,36.8885],[-84.4699,36.88873],[-84.46985,36.88887],[-84.46972,36.88898],[-84.46957,36.88904],[-84.46939,36.88905],[-84.4692,36.88903],[-84.46904,36.88896],[-84.46881,36.8888],[-84.46868,36.88866],[-84.46815,36.88799],[-84.46803,36.88785],[-84.46796,36.88776],[-84.46786,36.88773],[-84.46777,36.88776],[-84.46768,36.88787],[-84.46758,36.88808],[-84.46742,36.88838],[-84.4673,36.88865],[-84.46713,36.88892],[-84.46679,36.8892],[-84.46673,36.88925],[-84.4666,36.88932],[-84.46637,36.88938],[-84.46634,36.88938],[-84.46618,36.88936],[-84.46597,36.88929],[-84.46552,36.88902],[-84.46545,36.88897],[-84.46537,36.88885],[-84.46533,36.88871],[-84.46533,36.88846],[-84.46528,36.88833],[-84.4652,36.88828],[-84.46509,36.88829],[-84.46501,36.88836],[-84.46491,36.8885],[-84.46478,36.88868],[-84.46465,36.88877],[-84.46453,36.88881],[-84.46436,36.88882],[-84.46416,36.88881],[-84.46402,36.88881],[-84.46393,36.88878],[-84.46379,36.88875],[-84.46371,36.88876],[-84.46368,36.88883],[-84.46365,36.88894],[-84.46361,36.88902],[-84.46352,36.88907],[-84.46338,36.88913],[-84.46337,36.8892],[-84.46339,36.8893],[-84.46339,36.88937],[-84.46343,36.88984],[-84.46343,36.88991],[-84.46343,36.89004],[-84.46343,36.89011],[-84.46341,36.89032],[-84.46332,36.89062],[-84.46322,36.8909],[-84.46308,36.89119],[-84.46295,36.8914],[-84.46289,36.89145],[-84.46278,36.89153],[-84.46265,36.89157],[-84.46264,36.89157],[-84.4625,36.89157],[-84.46237,36.89153],[-84.46224,36.89145],[-84.46212,36.89135],[-84.46204,36.89123],[-84.462,36.8911],[-84.46197,36.89096],[-84.46195,36.89082],[-84.46194,36.8907],[-84.46187,36.89056],[-84.4618,36.89047],[-84.46173,36.89042],[-84.46159,36.89041],[-84.4614,36.89043],[-84.46119,36.89052],[-84.46103,36.89061],[-84.46087,36.89069],[-84.46079,36.89073],[-84.46066,36.89076],[-84.46053,36.89077],[-84.46036,36.89073],[-84.46022,36.89069],[-84.46003,36.89066],[-84.45984,36.89066],[-84.45966,36.8907],[-84.45952,36.89074],[-84.45936,36.89079],[-84.45921,36.89083],[-84.45905,36.89087],[-84.45888,36.89096],[-84.45885,36.89098],[-84.45875,36.89106],[-84.45866,36.8912],[-84.45858,36.89143],[-84.45847,36.89164],[-84.45828,36.89184],[-84.45805,36.892],[-84.45779,36.89214],[-84.45773,36.8922],[-84.45763,36.89231],[-84.45748,36.8925],[-84.45737,36.89261],[-84.45728,36.89271],[-84.4571,36.89284],[-84.45694,36.89292],[-84.45671,36.89294],[-84.45652,36.89295],[-84.45635,36.89296],[-84.45629,36.89299],[-84.4562,36.89304],[-84.45612,36.89313],[-84.45607,36.89325],[-84.45598,36.89339],[-84.45588,36.8935],[-84.45573,36.89362],[-84.45558,36.89372],[-84.45551,36.89376],[-84.45525,36.89391],[-84.45501,36.89406],[-84.45468,36.89426],[-84.4546,36.89431],[-84.45447,36.89442],[-84.45428,36.89467],[-84.45398,36.89506],[-84.45391,36.89512],[-84.45384,36.89515],[-84.4537,36.89516],[-84.45367,36.89516],[-84.45348,36.89516],[-84.45295,36.89511],[-84.45287,36.89509],[-84.45276,36.89502],[-84.45259,36.89489],[-84.45232,36.89469],[-84.45227,36.89466],[-84.45217,36.89461],[-84.452,36.89458],[-84.45182,36.89458],[-84.45077,36.89476],[-84.45069,36.89477],[-84.45049,36.89474],[-84.45044,36.89471],[-84.45042,36.89464],[-84.45044,36.8945],[-84.4506,36.89395],[-84.45062,36.89389],[-84.45068,36.8938],[-84.45074,36.8937],[-84.45077,36.8936],[-84.45079,36.89346],[-84.45075,36.89331],[-84.45064,36.89321],[-84.4505,36.89313],[-84.45037,36.89306],[-84.45033,36.89299],[-84.45033,36.89292],[-84.45036,36.89289],[-84.45044,36.89288],[-84.45063,36.89288],[-84.4507,36.89289],[-84.45085,36.8929],[-84.45103,36.8929],[-84.45129,36.89291],[-84.4517,36.8929],[-84.45215,36.89295],[-84.45226,36.89295],[-84.45241,36.89293],[-84.4526,36.89288],[-84.45279,36.8928],[-84.45362,36.8924],[-84.45377,36.8923],[-84.4538,36.89227],[-84.45391,36.89216],[-84.45399,36.89208],[-84.45409,36.89192],[-84.45419,36.89171],[-84.45428,36.89138],[-84.45432,36.89131],[-84.45437,36.89124],[-84.45448,36.89118],[-84.45466,36.89112],[-84.45495,36.89108],[-84.45511,36.89106],[-84.4553,36.89104],[-84.45551,36.89105],[-84.45576,36.89107],[-84.45584,36.89103],[-84.45595,36.89098],[-84.45604,36.89094],[-84.45613,36.8909],[-84.45633,36.89082],[-84.45644,36.89078],[-84.45664,36.89072],[-84.45689,36.89067],[-84.45698,36.89063],[-84.45706,36.89055],[-84.45709,36.89044],[-84.45708,36.89027],[-84.45708,36.89013],[-84.4571,36.89003],[-84.45715,36.88993],[-84.4572,36.88983],[-84.45728,36.88971],[-84.45743,36.88952],[-84.45762,36.88931],[-84.45772,36.88921],[-84.45792,36.889],[-84.45803,36.8889],[-84.45809,36.88888],[-84.45822,36.88882],[-84.45829,36.88874],[-84.45829,36.88868],[-84.45823,36.88861],[-84.45812,36.88856],[-84.45792,36.88842],[-84.45787,36.88834],[-84.45787,36.88823],[-84.45789,36.88815],[-84.45796,36.88803],[-84.45802,36.88794],[-84.45813,36.88785],[-84.45826,36.88778],[-84.45831,36.88774],[-84.45839,36.88768],[-84.45844,36.8876],[-84.45848,36.8875],[-84.45852,36.88739],[-84.45855,36.88725],[-84.45856,36.88712],[-84.4586,36.88695],[-84.45869,36.88673],[-84.45877,36.88655],[-84.45881,36.8865],[-84.4589,36.88641],[-84.45901,36.88634],[-84.45915,36.88628],[-84.4593,36.88624],[-84.45952,36.8862],[-84.45974,36.88617],[-84.45986,36.88616],[-84.46004,36.88617],[-84.46037,36.88618],[-84.46063,36.88621],[-84.46081,36.88622],[-84.46103,36.88622],[-84.46122,36.8862],[-84.46136,36.88617],[-84.46151,36.88614],[-84.46157,36.88612],[-84.46163,36.88609],[-84.46162,36.88601],[-84.46157,36.88595],[-84.46147,36.88582],[-84.46137,36.88567],[-84.46133,36.88559],[-84.46125,36.88546],[-84.4612,36.88534],[-84.46115,36.88523],[-84.46104,36.88508],[-84.46086,36.88494],[-84.46063,36.88482],[-84.46057,36.88478],[-84.46048,36.88469],[-84.46044,36.88457],[-84.46045,36.88447],[-84.4605,36.88441],[-84.46057,36.88438],[-84.46068,36.88434],[-84.46103,36.88428],[-84.4611,36.88427],[-84.46121,36.88427],[-84.46134,36.88426],[-84.46147,36.88427],[-84.46167,36.8843],[-84.4618,36.88434],[-84.46188,36.88433],[-84.46199,36.8843],[-84.46206,36.88424],[-84.46211,36.88411],[-84.46216,36.88396],[-84.46219,36.88384],[-84.46225,36.88374],[-84.46236,36.88367],[-84.46249,36.88363],[-84.46276,36.88358],[-84.46283,36.88358],[-84.46293,36.88359],[-84.46308,36.88364],[-84.46328,36.88373],[-84.46334,36.88375],[-84.46362,36.88385],[-84.46368,36.88385],[-84.46377,36.88384],[-84.46383,36.8838],[-84.46396,36.88374],[-84.46413,36.88369],[-84.46437,36.88367],[-84.46473,36.8836],[-84.46505,36.88356],[-84.46525,36.88354],[-84.46543,36.88354],[-84.46556,36.88354],[-84.46562,36.88353],[-84.46571,36.8835],[-84.46575,36.88349],[-84.46582,36.88341],[-84.4658,36.88334],[-84.46573,36.88326],[-84.46556,36.88309],[-84.46543,36.88291],[-84.46538,36.88285],[-84.46536,36.88274],[-84.46535,36.88264],[-84.46535,36.88253],[-84.46538,36.88235],[-84.46542,36.88228],[-84.46547,36.8822],[-84.46555,36.88213],[-84.46568,36.88204],[-84.46586,36.88191],[-84.46601,36.88181],[-84.46617,36.88175],[-84.46642,36.88164],[-84.46666,36.88154],[-84.46678,36.88148],[-84.46703,36.8813],[-84.46727,36.88112],[-84.46738,36.88101],[-84.46742,36.88092],[-84.46735,36.88085],[-84.46722,36.88087],[-84.46712,36.8809],[-84.46703,36.88091],[-84.46688,36.88088],[-84.46682,36.88082],[-84.46678,36.88074],[-84.46678,36.88066],[-84.46683,36.88057],[-84.46698,36.88021],[-84.46704,36.88012],[-84.46718,36.87998],[-84.46729,36.87988],[-84.46738,36.87977],[-84.46736,36.8797],[-84.46729,36.87964],[-84.46714,36.87959],[-84.46704,36.8796],[-84.46686,36.87974],[-84.46675,36.87982],[-84.46664,36.87989],[-84.46653,36.87998],[-84.46641,36.88011],[-84.46629,36.88024],[-84.46618,36.88031],[-84.46605,36.88039],[-84.46576,36.88047],[-84.46569,36.88047],[-84.46557,36.88049],[-84.46543,36.88047],[-84.46531,36.88042],[-84.46522,36.88032],[-84.46513,36.88017],[-84.4651,36.88003],[-84.46509,36.87993],[-84.4651,36.87985],[-84.46511,36.87955],[-84.46515,36.87906],[-84.46515,36.87885],[-84.46515,36.87865],[-84.46509,36.87851],[-84.46503,36.87846],[-84.4649,36.87843],[-84.46481,36.87845],[-84.46474,36.87852],[-84.46465,36.8787],[-84.46448,36.87908],[-84.46436,36.87928],[-84.46421,36.87953],[-84.4636,36.88047],[-84.46351,36.88058],[-84.46339,36.88069],[-84.46327,36.88076],[-84.46313,36.88081],[-84.46293,36.88083],[-84.46275,36.88079],[-84.46257,36.88072],[-84.46222,36.88053],[-84.46218,36.8805],[-84.46208,36.8804],[-84.46204,36.88032],[-84.46201,36.88011],[-84.462,36.88006],[-84.46199,36.88003],[-84.46198,36.87996],[-84.46199,36.87981],[-84.46201,36.87962],[-84.46204,36.8794],[-84.46206,36.87934],[-84.46211,36.87917],[-84.46227,36.8787],[-84.4623,36.87862],[-84.46232,36.87848],[-84.46233,36.87838],[-84.46217,36.87799],[-84.46228,36.87778],[-84.46245,36.87756],[-84.46266,36.87722],[-84.4627,36.87718],[-84.4628,36.87711],[-84.46292,36.87705],[-84.46305,36.87699],[-84.46345,36.87685],[-84.46368,36.87676],[-84.46377,36.87672],[-84.46388,36.87667],[-84.46394,36.87663],[-84.46397,36.87656],[-84.46396,36.87649],[-84.46393,36.87638],[-84.46392,36.87634],[-84.46389,36.87627],[-84.46387,36.87618],[-84.46388,36.8761],[-84.46389,36.876],[-84.464,36.87578],[-84.46405,36.8757],[-84.46408,36.8756],[-84.4641,36.87549],[-84.4641,36.87539],[-84.4641,36.87528],[-84.46416,36.87508],[-84.46418,36.87468],[-84.4642,36.87452],[-84.46426,36.87438],[-84.46429,36.87433],[-84.46433,36.87427],[-84.46453,36.87413],[-84.46461,36.87407],[-84.46492,36.87394],[-84.46523,36.87383],[-84.46545,36.87377],[-84.46563,36.87372],[-84.46576,36.87367],[-84.46589,36.87359],[-84.46603,36.87354],[-84.46619,36.87353],[-84.46636,36.87356],[-84.46652,36.87361],[-84.46669,36.87366],[-84.4668,36.87368],[-84.4669,36.87366],[-84.46698,36.87359],[-84.46706,36.87346],[-84.46715,36.87338],[-84.46721,36.87333],[-84.46754,36.87324],[-84.46786,36.87317],[-84.46812,36.87312],[-84.46834,36.87306],[-84.46847,36.87299],[-84.46853,36.87293],[-84.46852,36.87285],[-84.46844,36.87275],[-84.46831,36.87268],[-84.46809,36.87261],[-84.46781,36.87252],[-84.46759,36.87242],[-84.46745,36.87234],[-84.46733,36.87225],[-84.46724,36.87217],[-84.46717,36.87206],[-84.46712,36.87194],[-84.46708,36.87183],[-84.4671,36.87162],[-84.46714,36.87144],[-84.46725,36.87128],[-84.46746,36.87104],[-84.46764,36.87086],[-84.46779,36.87075],[-84.46793,36.87073],[-84.46809,36.87076],[-84.46826,36.87085],[-84.46833,36.87092],[-84.4685,36.87102],[-84.4687,36.87112],[-84.46894,36.87119],[-84.46918,36.8712],[-84.46944,36.87119],[-84.46966,36.8712],[-84.46979,36.87125],[-84.46992,36.8713],[-84.46999,36.87134],[-84.47023,36.87141],[-84.47045,36.87148],[-84.47068,36.87152],[-84.47086,36.87152],[-84.4709,36.87151],[-84.47115,36.87115],[-84.47124,36.87096],[-84.47124,36.87084],[-84.47119,36.87075],[-84.47111,36.87068],[-84.47095,36.87057],[-84.47073,36.87044],[-84.47063,36.87035],[-84.4706,36.87025],[-84.47065,36.87009],[-84.47066,36.87005],[-84.47079,36.86995],[-84.47097,36.86986],[-84.47125,36.8698],[-84.47158,36.86978],[-84.47174,36.86978],[-84.47192,36.86983],[-84.47209,36.86991],[-84.47225,36.87002],[-84.4724,36.87016],[-84.47252,36.87028],[-84.47255,36.87031],[-84.4726,36.87034],[-84.47264,36.87035],[-84.47297,36.87035],[-84.47321,36.87033],[-84.4734,36.87029],[-84.4736,36.87024],[-84.47378,36.87018],[-84.47397,36.87014],[-84.4742,36.87011],[-84.47433,36.87012],[-84.47444,36.87016],[-84.47455,36.87024],[-84.47464,36.87032],[-84.47472,36.87037],[-84.47478,36.87038],[-84.47501,36.87037],[-84.47522,36.87035],[-84.47543,36.87037],[-84.47557,36.87041],[-84.47571,36.87046],[-84.47577,36.87048],[-84.4759,36.87047],[-84.47597,36.87043],[-84.47603,36.87033],[-84.47603,36.8701],[-84.47601,36.86999],[-84.47597,36.8699],[-84.47591,36.86985],[-84.47578,36.86968],[-84.47539,36.8694],[-84.47529,36.86932],[-84.47521,36.86925],[-84.47519,36.86919],[-84.47521,36.86907],[-84.47538,36.8689],[-84.4756,36.86877],[-84.47576,36.86864],[-84.47583,36.86851],[-84.47588,36.86832],[-84.47587,36.86817],[-84.47581,36.86804],[-84.47575,36.86798],[-84.47554,36.86791],[-84.47536,36.86789],[-84.47511,36.86788],[-84.47475,36.8679],[-84.47457,36.86793],[-84.47447,36.86795],[-84.47424,36.86799],[-84.47403,36.86801],[-84.47388,36.86802],[-84.47377,36.86799],[-84.47366,36.86796],[-84.47357,36.86787],[-84.47355,36.86773],[-84.47356,36.86766],[-84.47372,36.86749],[-84.47399,36.86713],[-84.47409,36.867],[-84.4741,36.86689],[-84.47403,36.86684],[-84.47388,36.86681],[-84.47353,36.8668],[-84.47343,36.8668],[-84.47321,36.86679],[-84.47307,36.86679],[-84.47296,36.86686],[-84.47284,36.86698],[-84.47267,36.86716],[-84.47251,36.8673],[-84.47239,36.8674],[-84.47223,36.86747],[-84.47207,36.86751],[-84.47192,36.86752],[-84.47178,36.8675],[-84.47167,36.86745],[-84.47161,36.86741],[-84.47143,36.86725],[-84.47124,36.86713],[-84.47107,36.86705],[-84.47083,36.86704],[-84.47031,36.86711],[-84.46976,36.86725],[-84.46959,36.86729],[-84.46946,36.86731],[-84.46935,36.8673],[-84.46926,36.86725],[-84.46922,36.86709],[-84.46926,36.86691],[-84.46934,36.86678],[-84.46938,36.86674],[-84.46954,36.86661],[-84.46976,36.86646],[-84.47,36.8663],[-84.47025,36.86617],[-84.47049,36.86608],[-84.47072,36.86604],[-84.47097,36.866],[-84.47124,36.86597],[-84.47153,36.86593],[-84.47165,36.86589],[-84.47189,36.86581],[-84.47243,36.86558],[-84.47287,36.86539],[-84.47315,36.86529],[-84.47338,36.8652],[-84.47365,36.8651],[-84.47384,36.86499],[-84.47404,36.86486],[-84.47418,36.86477],[-84.47428,36.86464],[-84.47431,36.86457],[-84.47441,36.86441],[-84.47453,36.86424],[-84.47471,36.86408],[-84.47492,36.86397],[-84.47526,36.86388],[-84.47551,36.86383],[-84.47559,36.86381],[-84.47578,36.86378],[-84.47598,36.86371],[-84.47625,36.86366],[-84.47653,36.86365],[-84.47675,36.86366],[-84.47693,36.86368],[-84.47708,36.8637],[-84.47725,36.86373],[-84.47737,36.86373],[-84.47754,36.86373],[-84.47789,36.86374],[-84.47843,36.86374],[-84.47882,36.86377],[-84.47921,36.86381],[-84.47953,36.86384],[-84.47983,36.86385],[-84.48002,36.86384],[-84.48026,36.86382],[-84.48048,36.8638],[-84.48069,36.86383],[-84.48087,36.86387],[-84.48105,36.86387],[-84.48118,36.86386],[-84.48152,36.86379],[-84.48186,36.86366],[-84.48211,36.86357],[-84.48237,36.86344],[-84.48247,36.86339],[-84.48269,36.86327],[-84.48282,36.86321],[-84.48289,36.86313],[-84.48291,36.86302],[-84.4828,36.86292],[-84.48247,36.86283],[-84.48212,36.86285],[-84.48189,36.86291],[-84.48167,36.86299],[-84.48145,36.86303],[-84.48127,36.86304],[-84.48098,36.86303],[-84.4807,36.86299],[-84.48052,36.86294],[-84.48032,36.86285],[-84.48006,36.86271],[-84.47978,36.86257],[-84.47949,36.86242],[-84.47927,36.86228],[-84.47899,36.86216],[-84.47876,36.86207],[-84.47857,36.86201],[-84.47844,36.86199],[-84.47835,36.86197],[-84.47804,36.86194],[-84.47784,36.86193],[-84.47746,36.86196],[-84.47675,36.86198],[-84.47641,36.86197],[-84.47604,36.86195],[-84.47582,36.86192],[-84.47562,36.86187],[-84.47543,36.86182],[-84.47529,36.86173],[-84.47517,36.86164],[-84.47508,36.86153],[-84.47501,36.86143],[-84.47497,36.86129],[-84.47494,36.8612],[-84.47489,36.86097],[-84.47491,36.86077],[-84.47501,36.86059],[-84.47516,36.86048],[-84.47535,36.86036],[-84.47562,36.86025],[-84.47578,36.8602],[-84.47619,36.86011],[-84.47648,36.86004],[-84.47664,36.85996],[-84.47668,36.8599],[-84.47662,36.85975],[-84.4765,36.85954],[-84.47639,36.85936],[-84.47632,36.8592],[-84.4763,36.85902],[-84.47631,36.85898],[-84.47635,36.8588],[-84.47644,36.85865],[-84.47655,36.85854],[-84.47669,36.85846],[-84.47685,36.85842],[-84.47708,36.8584],[-84.47721,36.85841],[-84.4776,36.8585],[-84.47786,36.85859],[-84.4781,36.85866],[-84.47836,36.8587],[-84.4787,36.85874],[-84.47899,36.85874],[-84.47918,36.85872],[-84.47926,36.85867],[-84.4793,36.8586],[-84.47937,36.85813],[-84.47944,36.85781],[-84.47952,36.85767],[-84.47952,36.85749],[-84.47944,36.85733],[-84.47936,36.85719],[-84.47929,36.85705],[-84.47929,36.85701],[-84.47928,36.85687],[-84.47934,36.85658],[-84.4794,36.85641],[-84.4794,36.85634],[-84.47941,36.85622],[-84.4794,36.85616],[-84.47935,36.85572],[-84.47934,36.85568],[-84.47928,36.85551],[-84.47919,36.85538],[-84.47915,36.85533],[-84.47889,36.85515],[-84.47871,36.85502],[-84.4786,36.85489],[-84.47855,36.85477],[-84.47862,36.85453],[-84.47881,36.8542],[-84.47895,36.85395],[-84.47902,36.85378],[-84.47903,36.85367],[-84.47904,36.85316],[-84.47905,36.85304],[-84.47908,36.85272],[-84.47916,36.85243],[-84.47924,36.85224],[-84.47945,36.85197],[-84.4795,36.85189],[-84.47957,36.85178],[-84.47964,36.85157],[-84.47963,36.85141],[-84.47954,36.85127],[-84.4794,36.85119],[-84.47934,36.85119],[-84.47923,36.85119],[-84.47905,36.8513],[-84.47877,36.85154],[-84.47843,36.85189],[-84.47823,36.85212],[-84.4781,36.85236],[-84.47803,36.85263],[-84.47787,36.85315],[-84.47779,36.85335],[-84.4777,36.8535],[-84.47766,36.85355],[-84.4776,36.85363],[-84.4772,36.85411],[-84.47683,36.85452],[-84.47636,36.85513],[-84.4762,36.85531],[-84.47605,36.85547],[-84.47596,36.85553],[-84.47579,36.85568],[-84.47564,36.85579],[-84.47555,36.85583],[-84.4754,36.85584],[-84.47525,36.8558],[-84.47511,36.85572],[-84.47505,36.85568],[-84.47481,36.85552],[-84.47476,36.85544],[-84.47467,36.85533],[-84.47461,36.85513],[-84.47458,36.85484],[-84.47457,36.85456],[-84.47451,36.85443],[-84.47441,36.85432],[-84.47423,36.85422],[-84.47408,36.85415],[-84.47404,36.85411],[-84.47393,36.85393],[-84.47384,36.8536],[-84.47378,36.85328],[-84.47378,36.853],[-84.47385,36.85273],[-84.47402,36.85238],[-84.47408,36.85226],[-84.47429,36.85209],[-84.47464,36.85175],[-84.47491,36.85151],[-84.47513,36.8512],[-84.47535,36.85087],[-84.47563,36.85047],[-84.47576,36.85014],[-84.47581,36.84985],[-84.47576,36.84956],[-84.47568,36.84938],[-84.47525,36.84834],[-84.47525,36.84833],[-84.47483,36.84725],[-84.47475,36.84703],[-84.47468,36.84674],[-84.47463,36.84649],[-84.47468,36.84623],[-84.4747,36.8459],[-84.47483,36.84558],[-84.47507,36.84519],[-84.47525,36.84501],[-84.47548,36.84485],[-84.47585,36.84471],[-84.4761,36.84459],[-84.47623,36.84446],[-84.47627,36.84434],[-84.47623,36.84424],[-84.4761,36.84416],[-84.47586,36.84417],[-84.47563,36.84421],[-84.47539,36.84421],[-84.47531,36.84421],[-84.47508,36.8442],[-84.47501,36.84419],[-84.4749,36.84418],[-84.47475,36.84413],[-84.47456,36.84404],[-84.4745,36.84389],[-84.47448,36.84374],[-84.47454,36.84351],[-84.47458,36.84339],[-84.47459,36.84337],[-84.47465,36.8432],[-84.47481,36.84279],[-84.47502,36.84234],[-84.47511,36.84206],[-84.47523,36.84167],[-84.47533,36.84141],[-84.47544,36.84111],[-84.47553,36.84082],[-84.47551,36.84065],[-84.4754,36.84058],[-84.47527,36.84056],[-84.47503,36.8406],[-84.47482,36.84074],[-84.47463,36.84091],[-84.47438,36.84128],[-84.47417,36.84169],[-84.47396,36.84196],[-84.47366,36.84211],[-84.47345,36.84218],[-84.47313,36.84222],[-84.47291,36.84219],[-84.4727,36.84212],[-84.47245,36.84201],[-84.47223,36.84187],[-84.47205,36.8417],[-84.47179,36.84146],[-84.4715,36.84123],[-84.47121,36.84101],[-84.47092,36.84085],[-84.47071,36.84076],[-84.47051,36.84072],[-84.47037,36.8407],[-84.47019,36.8407],[-84.47004,36.84078],[-84.46996,36.84094],[-84.46995,36.84115],[-84.46994,36.84129],[-84.47,36.84147],[-84.47018,36.84179],[-84.47035,36.84204],[-84.47048,36.84219],[-84.47071,36.84242],[-84.47089,36.84267],[-84.47107,36.84286],[-84.47123,36.84307],[-84.47141,36.84327],[-84.47152,36.84343],[-84.47169,36.84359],[-84.47196,36.84371],[-84.47215,36.84379],[-84.47234,36.84397],[-84.47242,36.84402],[-84.47256,36.84412],[-84.47268,36.84433],[-84.47273,36.84454],[-84.47278,36.84473],[-84.47275,36.84486],[-84.4726,36.84496],[-84.47255,36.84499],[-84.47242,36.84502],[-84.4722,36.84506],[-84.47183,36.84516],[-84.47157,36.84528],[-84.47156,36.84529],[-84.47145,36.84544],[-84.47147,36.84557],[-84.47154,36.84568],[-84.47163,36.84579],[-84.47176,36.84591],[-84.47199,36.84611],[-84.47216,36.84627],[-84.47235,36.84643],[-84.47257,36.84661],[-84.47273,36.84687],[-84.47278,36.84706],[-84.47282,36.84721],[-84.47287,36.84736],[-84.47294,36.8475],[-84.47304,36.84775],[-84.47316,36.84799],[-84.47321,36.84819],[-84.47325,36.84831],[-84.47325,36.84832],[-84.47328,36.84858],[-84.4733,36.84883],[-84.47332,36.84896],[-84.47335,36.84907],[-84.4734,36.84928],[-84.47348,36.84951],[-84.47352,36.84971],[-84.47351,36.84987],[-84.47349,36.84996],[-84.47337,36.85018],[-84.47325,36.85043],[-84.47318,36.85053],[-84.47296,36.85077],[-84.4728,36.851],[-84.47264,36.85114],[-84.47252,36.85123],[-84.47236,36.85124],[-84.47223,36.85122],[-84.47211,36.85113],[-84.472,36.85098],[-84.47191,36.85072],[-84.47183,36.85051],[-84.47174,36.85037],[-84.47162,36.85028],[-84.4714,36.85019],[-84.47105,36.85013],[-84.47068,36.85002],[-84.47049,36.84994],[-84.47038,36.84985],[-84.4702,36.84968],[-84.47006,36.84957],[-84.47002,36.84954],[-84.46987,36.84946],[-84.46965,36.84938],[-84.4694,36.84926],[-84.46917,36.84914],[-84.46895,36.84897],[-84.46875,36.84882],[-84.46861,36.84856],[-84.46837,36.84837],[-84.46823,36.84824],[-84.46804,36.84812],[-84.46786,36.84797],[-84.46771,36.84788],[-84.46762,36.84783],[-84.46722,36.84769],[-84.46673,36.84753],[-84.46636,36.84744],[-84.46595,36.84732],[-84.46574,36.84725],[-84.46557,36.8472],[-84.46542,36.84716],[-84.46536,36.84715],[-84.46526,36.84713],[-84.46515,36.84713],[-84.46513,36.8472],[-84.46516,36.84725],[-84.4652,36.84734],[-84.46526,36.84746],[-84.46552,36.84775],[-84.46589,36.84814],[-84.46639,36.84848],[-84.46686,36.84885],[-84.46719,36.84912],[-84.46746,36.84944],[-84.46765,36.84967],[-84.46782,36.84989],[-84.4679,36.85014],[-84.46775,36.85035],[-84.46756,36.85056],[-84.46746,36.85071],[-84.46732,36.85086],[-84.46725,36.85103],[-84.46727,36.85123],[-84.46734,36.85139],[-84.46745,36.85154],[-84.46758,36.85166],[-84.4678,36.85171],[-84.46808,36.85174],[-84.46837,36.85179],[-84.46868,36.85184],[-84.46887,36.85189],[-84.46901,36.85197],[-84.46911,36.85206],[-84.46915,36.85216],[-84.46916,36.85237],[-84.4692,36.85254],[-84.46929,36.85266],[-84.46943,36.85274],[-84.46956,36.85274],[-84.46965,36.85273],[-84.46992,36.85273],[-84.47031,36.85271],[-84.47056,36.85272],[-84.4707,36.85277],[-84.47083,36.85285],[-84.47096,36.85301],[-84.47102,36.8531],[-84.47119,36.85322],[-84.47133,36.85336],[-84.47144,36.85353],[-84.47146,36.85371],[-84.47137,36.85401],[-84.47135,36.85429],[-84.47132,36.85453],[-84.47126,36.8548],[-84.47116,36.85504],[-84.47117,36.85532],[-84.47118,36.85545],[-84.47122,36.85564],[-84.47122,36.85577],[-84.47121,36.85593],[-84.47132,36.85603],[-84.47157,36.85601],[-84.47178,36.85596],[-84.47211,36.85592],[-84.47234,36.85592],[-84.47252,36.85596],[-84.47262,36.85605],[-84.47274,36.85617],[-84.47288,36.85631],[-84.47302,36.85653],[-84.47314,36.85668],[-84.47331,36.85696],[-84.47341,36.85732],[-84.47348,36.85769],[-84.4735,36.85797],[-84.47344,36.85811],[-84.47336,36.85822],[-84.47327,36.85829],[-84.47318,36.85832],[-84.47298,36.85833],[-84.47274,36.85829],[-84.47254,36.85823],[-84.47235,36.85815],[-84.47204,36.85806],[-84.47169,36.85798],[-84.47146,36.85798],[-84.47126,36.85798],[-84.47106,36.85795],[-84.47098,36.85802],[-84.47104,36.85819],[-84.47125,36.85837],[-84.47138,36.85846],[-84.47157,36.8586],[-84.47184,36.85874],[-84.47201,36.85886],[-84.47214,36.85898],[-84.47223,36.8591],[-84.47231,36.85924],[-84.47235,36.85934],[-84.47236,36.85941],[-84.47238,36.8597],[-84.47237,36.85988],[-84.47233,36.85997],[-84.47222,36.86019],[-84.47207,36.86033],[-84.47198,36.86039],[-84.4719,36.86041],[-84.47183,36.86043],[-84.47161,36.86044],[-84.4713,36.86041],[-84.47095,36.86033],[-84.47053,36.86024],[-84.4702,36.86024],[-84.4701,36.86025],[-84.46989,36.86026],[-84.46958,36.86022],[-84.46942,36.86016],[-84.46928,36.8601],[-84.46919,36.86006],[-84.46903,36.85995],[-84.46892,36.85986],[-84.4687,36.85961],[-84.4686,36.85944],[-84.46851,36.85901],[-84.46841,36.85884],[-84.46832,36.85868],[-84.46822,36.85862],[-84.46809,36.85855],[-84.46794,36.85854],[-84.46777,36.85856],[-84.46763,36.85862],[-84.46753,36.85883],[-84.46748,36.85906],[-84.46743,36.85927],[-84.46741,36.85948],[-84.46736,36.85965],[-84.46733,36.85975],[-84.46733,36.85976],[-84.4673,36.85987],[-84.46719,36.85994],[-84.46701,36.85998],[-84.46682,36.86006],[-84.46677,36.86021],[-84.46677,36.8603],[-84.46678,36.86042],[-84.46679,36.86052],[-84.46686,36.8606],[-84.46692,36.86071],[-84.46707,36.861],[-84.46719,36.86119],[-84.46733,36.86126],[-84.46745,36.8613],[-84.46762,36.86129],[-84.4679,36.86125],[-84.46836,36.86124],[-84.46874,36.86127],[-84.46907,36.86134],[-84.46939,36.86141],[-84.46961,36.86156],[-84.46977,36.86164],[-84.46988,36.86174],[-84.46996,36.86183],[-84.47003,36.86193],[-84.47006,36.86212],[-84.46999,36.8624],[-84.46984,36.86267],[-84.46969,36.86287],[-84.46931,36.86318],[-84.46895,36.86341],[-84.46872,36.86355],[-84.46858,36.8636],[-84.46845,36.86361],[-84.46829,36.86356],[-84.46817,36.86345],[-84.46807,36.86336],[-84.46793,36.86336],[-84.46778,36.86349],[-84.4677,36.86366],[-84.46757,36.8639],[-84.46729,36.86457],[-84.46713,36.86472],[-84.46682,36.8648],[-84.46667,36.86477],[-84.4665,36.86471],[-84.46638,36.86457],[-84.46633,36.86442],[-84.46634,36.86431],[-84.46634,36.86405],[-84.46635,36.8639],[-84.46636,36.86376],[-84.46629,36.86354],[-84.46607,36.86337],[-84.46579,36.86331],[-84.46558,36.86328],[-84.46557,36.86328],[-84.46544,36.86323],[-84.46534,36.86315],[-84.46521,36.863],[-84.46511,36.86286],[-84.46504,36.86274],[-84.46499,36.86263],[-84.46496,36.86256],[-84.46494,36.86252],[-84.4649,36.86245],[-84.46483,36.86226],[-84.46482,36.86212],[-84.46482,36.86203],[-84.46476,36.86188],[-84.46476,36.86187],[-84.46469,36.86176],[-84.46468,36.86174],[-84.46464,36.86163],[-84.46456,36.86152],[-84.46454,36.86138],[-84.46449,36.86125],[-84.46449,36.86125],[-84.46442,36.86115],[-84.46431,36.86112],[-84.46418,36.86114],[-84.4641,36.86122],[-84.4641,36.86141],[-84.46397,36.86156],[-84.46376,36.86159],[-84.46356,36.86154],[-84.46343,36.86142],[-84.46318,36.86123],[-84.46288,36.86105],[-84.46257,36.86087],[-84.46238,36.86074],[-84.46227,36.86063],[-84.4622,36.86051],[-84.4622,36.86024],[-84.46218,36.86],[-84.4621,36.85979],[-84.46201,36.85971],[-84.46181,36.85964],[-84.46157,36.85957],[-84.46131,36.85951],[-84.46115,36.85946],[-84.46109,36.85941],[-84.46102,36.85935],[-84.46097,36.85918],[-84.461,36.85896],[-84.46106,36.85875],[-84.46108,36.85861],[-84.46109,36.85852],[-84.46103,36.85837],[-84.46099,36.85831],[-84.46085,36.85819],[-84.46066,36.85803],[-84.46052,36.8579],[-84.46045,36.85766],[-84.4604,36.85742],[-84.46035,36.85728],[-84.46023,36.85711],[-84.4601,36.85705],[-84.45987,36.85711],[-84.45972,36.85722],[-84.45963,36.85742],[-84.45953,36.85783],[-84.45948,36.85808],[-84.45939,36.85829],[-84.45927,36.85844],[-84.45912,36.85856],[-84.45893,36.85861],[-84.45833,36.85862],[-84.4578,36.85855],[-84.4575,36.85848],[-84.45721,36.85846],[-84.4572,36.85846],[-84.45703,36.85848],[-84.45696,36.85853],[-84.45696,36.85854],[-84.45693,36.85871],[-84.457,36.85886],[-84.45704,36.8589],[-84.45713,36.85898],[-84.45721,36.85904],[-84.45724,36.85906],[-84.45729,36.85909],[-84.45756,36.85924],[-84.45799,36.85944],[-84.45872,36.85979],[-84.45902,36.85993],[-84.45925,36.86008],[-84.45932,36.8602],[-84.45939,36.86037],[-84.45941,36.86051],[-84.45941,36.86072],[-84.45941,36.86099],[-84.45931,36.86122],[-84.45916,36.86145],[-84.45909,36.86168],[-84.45919,36.86178],[-84.45943,36.86195],[-84.45972,36.86207],[-84.45991,36.86214],[-84.46014,36.86216],[-84.46028,36.8622],[-84.46041,36.86227],[-84.46051,36.86234],[-84.46072,36.86254],[-84.46079,36.86273],[-84.46079,36.86297],[-84.46074,36.86318],[-84.46076,36.86328],[-84.46087,36.86336],[-84.46112,36.8634],[-84.46144,36.86344],[-84.46177,36.86356],[-84.46203,36.86364],[-84.46228,36.86379],[-84.46244,36.86389],[-84.46255,36.86404],[-84.46269,36.86427],[-84.46274,36.8645],[-84.46272,36.86462],[-84.46266,36.86477],[-84.46258,36.86491],[-84.46249,36.86501],[-84.46236,36.8651],[-84.46225,36.86513],[-84.46193,36.86525],[-84.4617,36.86534],[-84.46139,36.86544],[-84.4612,36.86557],[-84.46102,36.86582],[-84.46096,36.866],[-84.4609,36.86623],[-84.46091,36.86631],[-84.46101,36.86637],[-84.46114,36.86636],[-84.46129,36.86631],[-84.46161,36.86629],[-84.46184,36.86633],[-84.46198,36.8664],[-84.46209,36.86646],[-84.46221,36.86655],[-84.46233,36.86657],[-84.46244,36.8665],[-84.46258,36.8664],[-84.46281,36.86634],[-84.46324,36.86629],[-84.46352,36.86629],[-84.46374,36.86635],[-84.46394,36.86646],[-84.4641,36.8666],[-84.46422,36.86678],[-84.46427,36.86694],[-84.46435,36.86725],[-84.46439,36.86744],[-84.46449,36.8676],[-84.46463,36.86771],[-84.46486,36.86784],[-84.46507,36.86797],[-84.46512,36.86802],[-84.46517,36.86808],[-84.46522,36.86821],[-84.46522,36.86833],[-84.4652,36.86843],[-84.46503,36.86871],[-84.46493,36.86881],[-84.46484,36.86889],[-84.46465,36.86902],[-84.46438,36.86913],[-84.46419,36.86918],[-84.46382,36.86923],[-84.46368,36.86924],[-84.46362,36.86928],[-84.46357,36.86934],[-84.46356,36.86947],[-84.46357,36.86956],[-84.46357,36.86973],[-84.4635,36.86992],[-84.46342,36.87006],[-84.46338,36.87019],[-84.46338,36.87028],[-84.46338,36.87034],[-84.46339,36.87052],[-84.46338,36.87067],[-84.46336,36.87074],[-84.46321,36.87099],[-84.46308,36.87117],[-84.46304,36.87139],[-84.463,36.87156],[-84.46296,36.87165],[-84.46293,36.87173],[-84.46284,36.87183],[-84.46278,36.87185],[-84.46271,36.87187],[-84.46247,36.87181],[-84.46225,36.87167],[-84.46217,36.87142],[-84.46204,36.8712],[-84.46186,36.87123],[-84.46169,36.87133],[-84.46154,36.87139],[-84.46143,36.87159],[-84.46129,36.87164],[-84.46115,36.87166],[-84.46108,36.87169],[-84.46101,36.87172],[-84.46094,36.8718],[-84.46093,36.87181],[-84.46088,36.87196],[-84.46092,36.87224],[-84.46095,36.87249],[-84.46093,36.87263],[-84.46085,36.87273],[-84.46074,36.87275],[-84.46036,36.87278],[-84.46022,36.87284],[-84.46019,36.87291],[-84.46015,36.87299],[-84.46013,36.87307],[-84.46005,36.87332],[-84.45996,36.87355],[-84.45982,36.87367],[-84.4597,36.87375],[-84.4595,36.87393],[-84.45939,36.87401],[-84.45925,36.87412],[-84.45903,36.87419],[-84.45887,36.87417],[-84.45873,36.87391],[-84.45861,36.87357],[-84.45851,36.8732],[-84.45845,36.87293],[-84.45848,36.87276],[-84.45858,36.87248],[-84.45865,36.87203],[-84.45891,36.87184],[-84.45897,36.8716],[-84.45898,36.87138],[-84.45881,36.8713],[-84.45846,36.87126],[-84.45817,36.87118],[-84.45793,36.87117],[-84.45769,36.87121],[-84.45749,36.87126],[-84.45729,36.87129],[-84.45709,36.87129],[-84.45684,36.87128],[-84.45673,36.87126],[-84.45664,36.87122],[-84.45658,36.87118],[-84.45649,36.87109],[-84.45638,36.87091],[-84.45632,36.87071],[-84.4563,36.87041],[-84.45636,36.87015],[-84.45637,36.86994],[-84.45632,36.86981],[-84.4563,36.8697],[-84.45621,36.86955],[-84.45616,36.86939],[-84.45618,36.8692],[-84.45624,36.86897],[-84.45629,36.86875],[-84.45631,36.86854],[-84.45634,36.86831],[-84.45643,36.86818],[-84.45644,36.86818],[-84.45649,36.86813],[-84.45668,36.86804],[-84.45678,36.86793],[-84.45678,36.8679],[-84.4568,36.86775],[-84.45671,36.86766],[-84.45659,36.86765],[-84.45648,36.86764],[-84.4562,36.86762],[-84.45603,36.86758],[-84.456,36.86757],[-84.45592,36.86754],[-84.45582,36.86738],[-84.45566,36.86716],[-84.45555,36.86695],[-84.45555,36.86694],[-84.45548,36.86669],[-84.45539,36.8665],[-84.4553,36.86636],[-84.45515,36.86629],[-84.45506,36.86626],[-84.45489,36.8662],[-84.4547,36.8661],[-84.45457,36.86598],[-84.45447,36.86586],[-84.45434,36.86578],[-84.45417,36.86574],[-84.45401,36.86561],[-84.45385,36.86548],[-84.45355,36.86537],[-84.45352,36.86554],[-84.45355,36.86568],[-84.45357,36.86575],[-84.45358,36.8658],[-84.45358,36.8658],[-84.45363,36.86598],[-84.45369,36.86608],[-84.4538,36.86626],[-84.45399,36.86653],[-84.45417,36.86676],[-84.45427,36.86692],[-84.45431,36.86698],[-84.45443,36.86714],[-84.45451,36.86731],[-84.45455,36.86745],[-84.45464,36.86788],[-84.45465,36.86806],[-84.45461,36.86819],[-84.45461,36.86826],[-84.45453,36.86842],[-84.45443,36.86856],[-84.45432,36.86872],[-84.45428,36.86877],[-84.45425,36.86884],[-84.4542,36.86904],[-84.45412,36.86922],[-84.45403,36.86934],[-84.45388,36.86938],[-84.45381,36.86937],[-84.45371,36.86935],[-84.45347,36.86931],[-84.45322,36.86924],[-84.45297,36.86913],[-84.45274,36.86904],[-84.45262,36.86892],[-84.45247,36.8688],[-84.45228,36.86873],[-84.45211,36.86872],[-84.45201,36.86869],[-84.4519,36.86865],[-84.4518,36.86855],[-84.4517,36.86845],[-84.45163,36.86832],[-84.45157,36.86827],[-84.45147,36.8682],[-84.45137,36.86814],[-84.45125,36.86814],[-84.45111,36.86816],[-84.451,36.86812],[-84.45091,36.86799],[-84.4509,36.86798],[-84.4507,36.86789],[-84.45048,36.86774],[-84.45044,36.8675],[-84.45034,36.86735],[-84.45016,36.86725],[-84.44986,36.86738],[-84.44957,36.86741],[-84.44935,36.8674],[-84.44918,36.86731],[-84.4489,36.8672],[-84.44854,36.86711],[-84.4483,36.86693],[-84.44798,36.8667],[-84.4476,36.86662],[-84.44729,36.8665],[-84.44704,36.86646],[-84.44714,36.86669],[-84.44724,36.86693],[-84.44745,36.86714],[-84.44753,36.86725],[-84.44771,36.86737],[-84.44788,36.86746],[-84.448,36.86758],[-84.44801,36.86773],[-84.44818,36.86784],[-84.44838,36.86798],[-84.44852,36.86812],[-84.44859,36.86835],[-84.44868,36.86852],[-84.44871,36.86866],[-84.44871,36.86876],[-84.44875,36.86885],[-84.44889,36.86889],[-84.44901,36.8689],[-84.44916,36.86892],[-84.44938,36.86899],[-84.44952,36.86906],[-84.44964,36.86914],[-84.44969,36.86926],[-84.44964,36.86934],[-84.44961,36.86949],[-84.44956,36.86972],[-84.44965,36.86994],[-84.44979,36.86997],[-84.44996,36.86987],[-84.4502,36.86971],[-84.45041,36.86959],[-84.45054,36.86957],[-84.45077,36.86964],[-84.45094,36.86975],[-84.45113,36.86981],[-84.45135,36.86984],[-84.45136,36.86992],[-84.4513,36.87004],[-84.45124,36.87023],[-84.45125,36.87032],[-84.4513,36.87038],[-84.45142,36.87042],[-84.45156,36.87041],[-84.45181,36.87038],[-84.45206,36.8706],[-84.45258,36.87081],[-84.45294,36.87097],[-84.4532,36.8711],[-84.45349,36.87118],[-84.45371,36.87125],[-84.45386,36.87132],[-84.45397,36.87142],[-84.45408,36.87159],[-84.45413,36.87172],[-84.45423,36.87184],[-84.45429,36.87188],[-84.4545,36.872],[-84.45486,36.87228],[-84.45507,36.87248],[-84.45518,36.87258],[-84.4553,36.87268],[-84.45571,36.873],[-84.45588,36.87315],[-84.45599,36.87334],[-84.45606,36.87356],[-84.45608,36.87374],[-84.45617,36.87424],[-84.45619,36.87458],[-84.45589,36.87507],[-84.45585,36.87531],[-84.45591,36.87552],[-84.45612,36.87557],[-84.45618,36.87558],[-84.45631,36.87558],[-84.45659,36.87558],[-84.45669,36.8756],[-84.45679,36.87562],[-84.45689,36.87566],[-84.45695,36.87573],[-84.45702,36.87586],[-84.4571,36.87599],[-84.45718,36.87623],[-84.45728,36.87685],[-84.45733,36.87764],[-84.45738,36.87824],[-84.45752,36.87871],[-84.45755,36.87898],[-84.45753,36.87922],[-84.45743,36.87952],[-84.45731,36.87981],[-84.45727,36.87991],[-84.4572,36.87999],[-84.45711,36.88],[-84.45699,36.87998],[-84.45688,36.87993],[-84.45671,36.87983],[-84.45656,36.87975],[-84.45641,36.87965],[-84.45622,36.87955],[-84.45602,36.8795],[-84.45591,36.87947],[-84.4558,36.87943],[-84.45559,36.8794],[-84.45535,36.87942],[-84.45516,36.87948],[-84.45501,36.87956],[-84.45485,36.87965],[-84.45479,36.87968],[-84.45466,36.87972],[-84.4545,36.87975],[-84.45433,36.87974],[-84.45415,36.87972],[-84.45396,36.8797],[-84.45381,36.87972],[-84.45376,36.87976],[-84.45373,36.87978],[-84.45367,36.87988],[-84.45368,36.87998],[-84.4537,36.88004],[-84.45378,36.88012],[-84.45392,36.8802],[-84.45428,36.88035],[-84.45437,36.88037],[-84.45445,36.88037],[-84.45464,36.88038],[-84.4548,36.8804],[-84.45494,36.88043],[-84.45508,36.8805],[-84.45517,36.88055],[-84.45537,36.88069],[-84.45551,36.88082],[-84.45562,36.88095],[-84.45574,36.88109],[-84.4558,36.88121],[-84.45586,36.88137],[-84.4559,36.88156],[-84.45589,36.88167],[-84.45585,36.88185],[-84.45574,36.88203],[-84.45565,36.88212],[-84.45555,36.88221],[-84.45539,36.88235],[-84.45534,36.88242],[-84.45531,36.88252],[-84.45533,36.88263],[-84.4554,36.8828],[-84.45546,36.88295],[-84.45555,36.88311],[-84.45567,36.88326],[-84.45584,36.88345],[-84.45585,36.88352],[-84.45586,36.88367],[-84.45584,36.88381],[-84.45578,36.88401],[-84.45566,36.88429],[-84.45541,36.88503],[-84.4553,36.88541],[-84.45525,36.88552],[-84.4552,36.88561],[-84.45513,36.88572],[-84.45508,36.88577],[-84.45503,36.88584],[-84.45483,36.88597],[-84.45461,36.88611],[-84.45453,36.88622],[-84.45445,36.88637],[-84.45435,36.88655],[-84.45423,36.88689],[-84.45418,36.887],[-84.45405,36.88718],[-84.45388,36.88743],[-84.45371,36.88763],[-84.45366,36.88766],[-84.45354,36.88771],[-84.45337,36.88772],[-84.45313,36.88771],[-84.45285,36.88764],[-84.45263,36.88759],[-84.45246,36.8876],[-84.4523,36.88768],[-84.45218,36.88776],[-84.45197,36.88791],[-84.45189,36.88797],[-84.4518,36.88803],[-84.45165,36.88807],[-84.45145,36.88814],[-84.4513,36.88822],[-84.45088,36.88862],[-84.45077,36.88877],[-84.45068,36.88899],[-84.45056,36.88916],[-84.45046,36.88923],[-84.45037,36.88923],[-84.45027,36.8892],[-84.45019,36.88912],[-84.45011,36.88898],[-84.45003,36.88879],[-84.44991,36.88856],[-84.44976,36.88833],[-84.44966,36.88821],[-84.4495,36.88802],[-84.44931,36.88777],[-84.44916,36.88759],[-84.44903,36.88745],[-84.44885,36.88729],[-84.44876,36.88724],[-84.4487,36.88721],[-84.4485,36.88716],[-84.44832,36.88719],[-84.44822,36.88725],[-84.44813,36.88734],[-84.44805,36.88748],[-84.44792,36.88767],[-84.4477,36.88801],[-84.44763,36.88813],[-84.44752,36.8883],[-84.44731,36.8887],[-84.44722,36.88898],[-84.4472,36.88908],[-84.44718,36.88923],[-84.44721,36.88947],[-84.44722,36.88975],[-84.4472,36.88984],[-84.44716,36.88994],[-84.44708,36.89009],[-84.44706,36.89012],[-84.44698,36.89029],[-84.4469,36.89048],[-84.44677,36.89085],[-84.44674,36.89092],[-84.44666,36.89103],[-84.44653,36.89116],[-84.44633,36.89128],[-84.44612,36.8914],[-84.44599,36.89155],[-84.44594,36.89163],[-84.44594,36.8917],[-84.44593,36.89178],[-84.44595,36.89204],[-84.44594,36.89211],[-84.44589,36.89221],[-84.4458,36.8923],[-84.44575,36.89233],[-84.44565,36.89233],[-84.44547,36.89231],[-84.4453,36.89228],[-84.44515,36.8923],[-84.44503,36.89234],[-84.44487,36.89243],[-84.44475,36.89247],[-84.44463,36.89248],[-84.44444,36.89242],[-84.44427,36.89228],[-84.44388,36.89194],[-84.44382,36.89194],[-84.44373,36.89197],[-84.44366,36.89204],[-84.44356,36.89214],[-84.44339,36.89232],[-84.44288,36.89273],[-84.44271,36.89287],[-84.44259,36.89292],[-84.44251,36.8929],[-84.44246,36.89282],[-84.44245,36.89272],[-84.44251,36.89224],[-84.44254,36.89161],[-84.44256,36.8914],[-84.44259,36.89132],[-84.44261,36.89122],[-84.44265,36.89114],[-84.44277,36.89103],[-84.44292,36.89088],[-84.44296,36.89078],[-84.44291,36.89068],[-84.44285,36.8906],[-84.44269,36.8905],[-84.44264,36.89044],[-84.4426,36.89038],[-84.44254,36.89029],[-84.44249,36.8902],[-84.44242,36.89012],[-84.44235,36.89011],[-84.44231,36.89013],[-84.44226,36.89018],[-84.44217,36.89027],[-84.44203,36.89038],[-84.44193,36.89041],[-84.44174,36.89047],[-84.44158,36.89053],[-84.44146,36.89058],[-84.44137,36.89067],[-84.44127,36.8908],[-84.44116,36.89093],[-84.44104,36.89103],[-84.44096,36.89104],[-84.44088,36.89101],[-84.44082,36.89095],[-84.44082,36.8909],[-84.44083,36.89081],[-84.44088,36.89069],[-84.441,36.89051],[-84.44103,36.89041],[-84.44105,36.8903],[-84.44103,36.89018],[-84.44095,36.89007],[-84.44088,36.89004],[-84.44081,36.89004],[-84.44075,36.89006],[-84.44065,36.8901],[-84.44048,36.89019],[-84.44026,36.89027],[-84.43999,36.89036],[-84.43993,36.89037],[-84.43986,36.89035],[-84.43981,36.89029],[-84.4398,36.89016],[-84.43985,36.89003],[-84.43999,36.88969],[-84.44002,36.88963],[-84.44007,36.88953],[-84.44013,36.88948],[-84.44021,36.88943],[-84.44035,36.88939],[-84.44041,36.88938],[-84.44053,36.88936],[-84.44073,36.88934],[-84.44093,36.88934],[-84.44101,36.88935],[-84.44123,36.8894],[-84.44136,36.88944],[-84.44149,36.88947],[-84.44169,36.88948],[-84.44188,36.88946],[-84.44212,36.8894],[-84.44252,36.88932],[-84.44262,36.88932],[-84.44278,36.88932],[-84.44289,36.88932],[-84.44316,36.88941],[-84.44342,36.88951],[-84.44355,36.88955],[-84.4436,36.88956],[-84.44366,36.88955],[-84.44369,36.88952],[-84.44372,36.88952],[-84.44371,36.88945],[-84.44364,36.88938],[-84.44352,36.88926],[-84.44339,36.88912],[-84.44323,36.88887],[-84.44316,36.8888],[-84.44305,36.88874],[-84.4429,36.88864],[-84.44274,36.88856],[-84.44263,36.88848],[-84.44261,36.88842],[-84.44262,36.88836],[-84.44268,36.88828],[-84.44273,36.88822],[-84.44279,36.88818],[-84.44288,36.88813],[-84.44302,36.88808],[-84.44316,36.88803],[-84.44334,36.88794],[-84.44349,36.88784],[-84.44357,36.88781],[-84.44367,36.88776],[-84.44376,36.88771],[-84.44386,36.88763],[-84.44393,36.88748],[-84.44394,36.88738],[-84.44389,36.88724],[-84.44383,36.88711],[-84.4437,36.88695],[-84.44365,36.8869],[-84.44357,36.88685],[-84.44346,36.88679],[-84.44334,36.88673],[-84.44311,36.88665],[-84.44295,36.88658],[-84.44292,36.88653],[-84.4429,36.88643],[-84.44292,36.8863],[-84.44297,36.88583],[-84.443,36.88563],[-84.44302,36.88546],[-84.44305,36.88534],[-84.4431,36.88512],[-84.44319,36.88486],[-84.44323,36.88465],[-84.44325,36.88455],[-84.44322,36.88443],[-84.44312,36.88441],[-84.44301,36.8845],[-84.44293,36.88456],[-84.44283,36.88465],[-84.44266,36.88478],[-84.44258,36.88486],[-84.44249,36.88496],[-84.44241,36.88505],[-84.44224,36.88517],[-84.44204,36.88531],[-84.44185,36.88543],[-84.44163,36.88555],[-84.44153,36.88565],[-84.44145,36.88577],[-84.44139,36.88588],[-84.44131,36.886],[-84.44127,36.88613],[-84.44127,36.88614],[-84.44124,36.88625],[-84.44116,36.8866],[-84.44112,36.88669],[-84.44106,36.88679],[-84.44097,36.88689],[-84.4409,36.88693],[-84.44084,36.88694],[-84.44079,36.88692],[-84.44076,36.88688],[-84.44073,36.88682],[-84.44075,36.88673],[-84.44079,36.8866],[-84.44082,36.88648],[-84.44087,36.88626],[-84.44087,36.88621],[-84.44084,36.88613],[-84.44081,36.88606],[-84.44071,36.88599],[-84.44054,36.88589],[-84.44043,36.88581],[-84.4404,36.88572],[-84.44036,36.8856],[-84.44031,36.8854],[-84.44022,36.88511],[-84.4402,36.88504],[-84.44018,36.88496],[-84.44017,36.88483],[-84.44019,36.88476],[-84.44024,36.88464],[-84.44034,36.88454],[-84.44051,36.88434],[-84.44057,36.88426],[-84.44059,36.88422],[-84.44061,36.88415],[-84.44062,36.88399],[-84.44057,36.88362],[-84.44055,36.88357],[-84.44049,36.88349],[-84.44039,36.88342],[-84.44019,36.88332],[-84.44001,36.88325],[-84.43991,36.88319],[-84.43989,36.8831],[-84.43992,36.88301],[-84.43997,36.88291],[-84.44007,36.8828],[-84.44015,36.88273],[-84.44024,36.88268],[-84.44046,36.88259],[-84.44097,36.88237],[-84.44113,36.8823],[-84.44121,36.88227],[-84.4413,36.8822],[-84.4414,36.88208],[-84.44141,36.88207],[-84.44201,36.88138],[-84.44205,36.88131],[-84.44206,36.88127],[-84.44211,36.88115],[-84.44209,36.88101],[-84.44206,36.88089],[-84.44199,36.88076],[-84.44189,36.88069],[-84.44182,36.88068],[-84.4417,36.88069],[-84.44151,36.88074],[-84.44147,36.88074],[-84.44127,36.88079],[-84.4408,36.88086],[-84.44075,36.88086],[-84.44064,36.88085],[-84.44054,36.8808],[-84.44041,36.88072],[-84.44032,36.88064],[-84.44028,36.88055],[-84.44028,36.88041],[-84.44032,36.88023],[-84.44037,36.88007],[-84.44042,36.87996],[-84.44047,36.87988],[-84.44056,36.87977],[-84.44066,36.87967],[-84.44082,36.8795],[-84.44118,36.87916],[-84.44142,36.87893],[-84.44149,36.87886],[-84.44165,36.87873],[-84.44193,36.87846],[-84.44198,36.87839],[-84.44208,36.87828],[-84.44219,36.87805],[-84.44228,36.87792],[-84.44234,36.87782],[-84.44248,36.8777],[-84.44275,36.87748],[-84.4429,36.87734],[-84.44297,36.87728],[-84.44301,36.87723],[-84.44312,36.87712],[-84.44316,36.87702],[-84.44318,36.87684],[-84.44318,36.87661],[-84.4432,36.87654],[-84.44325,36.87643],[-84.44331,36.87632],[-84.44339,36.87623],[-84.44351,36.87615],[-84.44366,36.87607],[-84.44381,36.87601],[-84.44388,36.876],[-84.44393,36.87596],[-84.44399,36.87591],[-84.44406,36.8758],[-84.44411,36.87569],[-84.44415,36.8756],[-84.44423,36.8755],[-84.44439,36.87534],[-84.44445,36.87521],[-84.44445,36.87518],[-84.44441,36.87509],[-84.44426,36.87494],[-84.44415,36.87487],[-84.44403,36.87481],[-84.44389,36.87477],[-84.44374,36.87476],[-84.44351,36.87479],[-84.44329,36.87482],[-84.44307,36.87484],[-84.44293,36.87486],[-84.44273,36.87485],[-84.44229,36.87482],[-84.4421,36.87481],[-84.44202,36.87483],[-84.44198,36.87489],[-84.44195,36.87494],[-84.44193,36.87497],[-84.4419,36.87509],[-84.442,36.87551],[-84.44204,36.87558],[-84.4421,36.87573],[-84.44214,36.87581],[-84.44216,36.8759],[-84.44219,36.87602],[-84.44222,36.87617],[-84.44223,36.87629],[-84.44224,36.87639],[-84.44224,36.87646],[-84.44222,36.87654],[-84.44218,36.87661],[-84.44205,36.87678],[-84.44197,36.87685],[-84.44185,36.87697],[-84.44172,36.87705],[-84.44165,36.87709],[-84.44144,36.87719],[-84.44116,36.87731],[-84.44098,36.87738],[-84.44086,36.87743],[-84.44078,36.87748],[-84.4407,36.87754],[-84.44065,36.87759],[-84.44051,36.87775],[-84.44039,36.87787],[-84.44028,36.87795],[-84.44004,36.87809],[-84.43986,36.87815],[-84.43964,36.87819],[-84.43939,36.87816],[-84.4392,36.87813],[-84.43905,36.87807],[-84.43893,36.87799],[-84.43884,36.87792],[-84.43879,36.87782],[-84.43876,36.87772],[-84.43874,36.87759],[-84.43873,36.8774],[-84.43871,36.87723],[-84.43869,36.87714],[-84.43861,36.87626],[-84.43861,36.8761],[-84.43861,36.87602],[-84.43868,36.87594],[-84.43885,36.87581],[-84.43902,36.87573],[-84.4392,36.87564],[-84.43926,36.87559],[-84.43931,36.87555],[-84.43933,36.8755],[-84.43936,36.87542],[-84.43937,36.87539],[-84.43941,36.87531],[-84.43952,36.87509],[-84.43965,36.87483],[-84.43967,36.87473],[-84.43954,36.87439],[-84.43947,36.87425],[-84.43937,36.87407],[-84.43926,36.87379],[-84.43919,36.87353],[-84.43917,36.87338],[-84.43919,36.87317],[-84.43901,36.8729],[-84.43885,36.87264],[-84.4388,36.87256],[-84.43872,36.87237],[-84.43861,36.87214],[-84.43857,36.87198],[-84.43857,36.87191],[-84.43859,36.87176],[-84.43863,36.87163],[-84.4387,36.87148],[-84.4388,36.87133],[-84.43908,36.87109],[-84.43917,36.87103],[-84.43927,36.87096],[-84.43926,36.87087],[-84.43916,36.87077],[-84.43901,36.87065],[-84.43883,36.87056],[-84.43853,36.87047],[-84.4383,36.87042],[-84.43786,36.87041],[-84.43762,36.87042],[-84.43756,36.87043],[-84.43741,36.87042],[-84.43723,36.87036],[-84.43707,36.87026],[-84.43695,36.87008],[-84.43675,36.86982],[-84.43667,36.86971],[-84.43649,36.86945],[-84.43641,36.86933],[-84.43628,36.86917],[-84.43614,36.869],[-84.43595,36.86886],[-84.43574,36.86879],[-84.43547,36.86875],[-84.4354,36.86875],[-84.4344,36.86873],[-84.43429,36.86874],[-84.43415,36.86878],[-84.43404,36.86885],[-84.43398,36.86897],[-84.43396,36.8691],[-84.43397,36.8692],[-84.43403,36.86949],[-84.43411,36.86978],[-84.43415,36.86996],[-84.43418,36.87016],[-84.43419,36.87024],[-84.43426,36.8705],[-84.43441,36.87103],[-84.43444,36.8711],[-84.43456,36.87124],[-84.43464,36.8713],[-84.43471,36.87137],[-84.43518,36.87175],[-84.43527,36.87183],[-84.4354,36.87195],[-84.43555,36.87212],[-84.43569,36.87231],[-84.43582,36.87258],[-84.43597,36.87282],[-84.43611,36.87305],[-84.43626,36.87326],[-84.43637,36.87347],[-84.43642,36.87358],[-84.43648,36.87376],[-84.43649,36.87393],[-84.43648,36.8741],[-84.43641,36.87431],[-84.43634,36.87451],[-84.43623,36.87473],[-84.43616,36.87489],[-84.43614,36.87509],[-84.43619,36.8753],[-84.43621,36.87538],[-84.43622,36.87547],[-84.43622,36.87555],[-84.43617,36.87565],[-84.43613,36.87581],[-84.4361,36.87608],[-84.43611,36.87618],[-84.43614,36.8763],[-84.43622,36.87641],[-84.43637,36.8765],[-84.43655,36.87658],[-84.43665,36.87668],[-84.43669,36.87683],[-84.43668,36.87699],[-84.43662,36.87719],[-84.43653,36.87738],[-84.43644,36.87751],[-84.43643,36.87762],[-84.43648,36.87776],[-84.43658,36.87804],[-84.43672,36.87842],[-84.43678,36.87851],[-84.43692,36.87863],[-84.43705,36.87872],[-84.43722,36.87881],[-84.43733,36.87892],[-84.43739,36.8791],[-84.43743,36.8793],[-84.43748,36.87966],[-84.43752,36.87994],[-84.43764,36.88079],[-84.43763,36.88093],[-84.43762,36.88115],[-84.43755,36.88133],[-84.43745,36.88145],[-84.43743,36.88148],[-84.43727,36.88162],[-84.43707,36.88168],[-84.43685,36.88167],[-84.43667,36.8816],[-84.43651,36.88149],[-84.43638,36.88135],[-84.43626,36.88115],[-84.43607,36.88079],[-84.43585,36.88021],[-84.43578,36.87997],[-84.43571,36.87974],[-84.43568,36.87962],[-84.43561,36.87948],[-84.43555,36.87935],[-84.4354,36.87921],[-84.43525,36.87912],[-84.43508,36.87907],[-84.43487,36.87903],[-84.43478,36.879],[-84.43467,36.87898],[-84.43448,36.87892],[-84.43433,36.87883],[-84.43414,36.8787],[-84.43391,36.87852],[-84.43358,36.87831],[-84.43339,36.87818],[-84.43328,36.87804],[-84.43323,36.87787],[-84.43322,36.87761],[-84.43318,36.87745],[-84.43317,36.87742],[-84.43309,36.87733],[-84.433,36.87728],[-84.43287,36.87722],[-84.43275,36.87714],[-84.43268,36.87706],[-84.43262,36.87695],[-84.43252,36.8768],[-84.4325,36.87678],[-84.43237,36.87666],[-84.43223,36.87657],[-84.43205,36.87652],[-84.43198,36.87654],[-84.43192,36.87656],[-84.43182,36.87662],[-84.43172,36.87675],[-84.43156,36.87708],[-84.4315,36.87731],[-84.43149,36.87735],[-84.43146,36.87762],[-84.43144,36.87778],[-84.43143,36.87784],[-84.43138,36.87798],[-84.43133,36.87814],[-84.43127,36.87829],[-84.43124,36.87843],[-84.43123,36.87858],[-84.43125,36.8787],[-84.43132,36.8788],[-84.43143,36.8789],[-84.43161,36.87904],[-84.43185,36.87917],[-84.43213,36.87936],[-84.43226,36.87956],[-84.43237,36.87973],[-84.43243,36.87994],[-84.43243,36.88016],[-84.43239,36.88032],[-84.43234,36.88035],[-84.4323,36.88038],[-84.43216,36.8804],[-84.43141,36.88039],[-84.43132,36.88038],[-84.43123,36.88034],[-84.43113,36.88022],[-84.43107,36.88009],[-84.43102,36.8799],[-84.43097,36.87979],[-84.4309,36.87968],[-84.43078,36.87949],[-84.43019,36.87896],[-84.43013,36.87892],[-84.42998,36.87891],[-84.42987,36.87893],[-84.42977,36.87903],[-84.42971,36.87912],[-84.42965,36.87929],[-84.42961,36.87964],[-84.42958,36.87977],[-84.42956,36.87987],[-84.4295,36.88003],[-84.42943,36.88015],[-84.42931,36.88026],[-84.42915,36.88035],[-84.42899,36.88038],[-84.42879,36.88032],[-84.42865,36.88025],[-84.42847,36.88014],[-84.42828,36.87999],[-84.42819,36.87988],[-84.42811,36.87974],[-84.42804,36.87963],[-84.42795,36.87952],[-84.42748,36.87917],[-84.42723,36.87906],[-84.42718,36.87906],[-84.42707,36.87908],[-84.42695,36.87912],[-84.42679,36.87917],[-84.42662,36.87923],[-84.42644,36.87927],[-84.42617,36.8793],[-84.42593,36.87931],[-84.4257,36.87931],[-84.42544,36.87928],[-84.42521,36.87925],[-84.42491,36.8792],[-84.42428,36.87907],[-84.42401,36.87899],[-84.42388,36.87897],[-84.4238,36.87899],[-84.42376,36.87903],[-84.4238,36.87911],[-84.42431,36.87976],[-84.42434,36.87979],[-84.42466,36.88021],[-84.42482,36.88038],[-84.42488,36.88043],[-84.42504,36.88053],[-84.42517,36.8806],[-84.42538,36.88064],[-84.4256,36.88062],[-84.42571,36.88063],[-84.42584,36.88065],[-84.42597,36.88068],[-84.42621,36.88075],[-84.42709,36.8811],[-84.42724,36.8812],[-84.4273,36.88133],[-84.4273,36.88146],[-84.4273,36.88165],[-84.42733,36.88174],[-84.42737,36.8818],[-84.42761,36.88194],[-84.42782,36.88205],[-84.42814,36.88224],[-84.42847,36.88243],[-84.42854,36.88245],[-84.42866,36.88244],[-84.42883,36.88239],[-84.42907,36.88231],[-84.42931,36.88225],[-84.42954,36.88223],[-84.4298,36.88222],[-84.43009,36.8822],[-84.43042,36.88219],[-84.43062,36.8822],[-84.43075,36.88221],[-84.43098,36.88224],[-84.43127,36.88228],[-84.43162,36.88233],[-84.43183,36.88236],[-84.43193,36.88237],[-84.43208,36.88236],[-84.43227,36.88233],[-84.43247,36.88233],[-84.43263,36.88235],[-84.43279,36.8824],[-84.43356,36.8827],[-84.43369,36.88277],[-84.43374,36.88282],[-84.43373,36.88288],[-84.43364,36.88296],[-84.43354,36.88301],[-84.43339,36.88308],[-84.43325,36.88316],[-84.43313,36.88325],[-84.43302,36.88336],[-84.43291,36.8835],[-84.43274,36.88362],[-84.4325,36.88374],[-84.43219,36.88392],[-84.43199,36.8841],[-84.43191,36.88422],[-84.43191,36.88431],[-84.43194,36.88438],[-84.43201,36.88449],[-84.43216,36.88463],[-84.43235,36.88474],[-84.43249,36.8848],[-84.43263,36.8848],[-84.43281,36.88479],[-84.43338,36.88469],[-84.43401,36.8846],[-84.43428,36.88454],[-84.43445,36.8845],[-84.43457,36.88445],[-84.43473,36.88436],[-84.43478,36.88433],[-84.43486,36.88429],[-84.43491,36.88426],[-84.43502,36.8842],[-84.43518,36.88417],[-84.43533,36.88419],[-84.43544,36.88423],[-84.43555,36.88431],[-84.43564,36.88447],[-84.43567,36.88462],[-84.43566,36.88472],[-84.43563,36.8848],[-84.4356,36.88492],[-84.43562,36.88499],[-84.43568,36.88502],[-84.43578,36.88503],[-84.43592,36.88501],[-84.4361,36.885],[-84.43625,36.88501],[-84.43638,36.88499],[-84.43651,36.88494],[-84.43665,36.88488],[-84.43675,36.88484],[-84.43684,36.88486],[-84.43692,36.8849],[-84.43697,36.88496],[-84.43699,36.8851],[-84.43697,36.88527],[-84.43695,36.88545],[-84.43695,36.88556],[-84.43695,36.88566],[-84.43697,36.8858],[-84.43703,36.88593],[-84.43716,36.8861],[-84.43728,36.88625],[-84.43731,36.88632],[-84.43739,36.88644],[-84.43742,36.88655],[-84.43742,36.88665],[-84.43741,36.8868],[-84.43738,36.88694],[-84.43735,36.88709],[-84.43729,36.88731],[-84.43724,36.88759],[-84.43722,36.88766],[-84.43718,36.88782],[-84.43712,36.88799],[-84.4371,36.88813],[-84.43711,36.88831],[-84.43718,36.88855],[-84.43723,36.88865],[-84.43727,36.88869],[-84.43725,36.88881],[-84.43718,36.88889],[-84.4371,36.88889],[-84.437,36.88885],[-84.43689,36.88879],[-84.4367,36.88867],[-84.43595,36.88813],[-84.43589,36.88808],[-84.43576,36.88795],[-84.43574,36.88791],[-84.43568,36.8878],[-84.43561,36.88764],[-84.43553,36.88752],[-84.43545,36.88745],[-84.43534,36.8874],[-84.43528,36.88742],[-84.43519,36.88752],[-84.43502,36.88771],[-84.43482,36.88798],[-84.43477,36.88804],[-84.43472,36.88808],[-84.43463,36.88812],[-84.43449,36.88815],[-84.43429,36.88815],[-84.43403,36.88817],[-84.43394,36.88819],[-84.43383,36.88824],[-84.43381,36.88826],[-84.43376,36.88831],[-84.43375,36.8884],[-84.43377,36.88849],[-84.43385,36.88859],[-84.434,36.88873],[-84.43427,36.88891],[-84.43433,36.88898],[-84.4344,36.88908],[-84.43441,36.8892],[-84.43438,36.88929],[-84.43437,36.88932],[-84.43432,36.88941],[-84.43417,36.88957],[-84.4339,36.88977],[-84.4337,36.88993],[-84.43366,36.89001],[-84.43363,36.8901],[-84.43363,36.89019],[-84.43368,36.8903],[-84.43377,36.89044],[-84.43385,36.8905],[-84.43395,36.89054],[-84.43411,36.89058],[-84.4343,36.89061],[-84.43439,36.89063],[-84.43444,36.89065],[-84.43449,36.89066],[-84.43465,36.89073],[-84.43475,36.89076],[-84.43491,36.89077],[-84.43515,36.89077],[-84.43556,36.89076],[-84.43574,36.89075],[-84.43597,36.89076],[-84.43614,36.89078],[-84.43625,36.89081],[-84.43636,36.89092],[-84.43638,36.89104],[-84.43636,36.89122],[-84.4363,36.89152],[-84.43631,36.89161],[-84.43632,36.89164],[-84.43635,36.89174],[-84.43643,36.89182],[-84.43663,36.8919],[-84.43682,36.89203],[-84.43691,36.89214],[-84.43695,36.89227],[-84.43692,36.89237],[-84.4368,36.89247],[-84.43652,36.89265],[-84.43645,36.89269],[-84.43635,36.8928],[-84.4363,36.8929],[-84.43625,36.89333],[-84.43622,36.89342],[-84.43616,36.89358],[-84.43606,36.89371],[-84.43591,36.8939],[-84.4358,36.89406],[-84.4358,36.89416],[-84.43583,36.89419],[-84.43597,36.89426],[-84.43617,36.89436],[-84.43637,36.89444],[-84.43688,36.89459],[-84.437,36.89464],[-84.43715,36.89472],[-84.43729,36.89483],[-84.4373,36.89496],[-84.43726,36.89511],[-84.43721,36.89521],[-84.4371,36.89531],[-84.43691,36.89545],[-84.43668,36.89558],[-84.43628,36.89584],[-84.43614,36.89596],[-84.43602,36.89611],[-84.43578,36.89641],[-84.43553,36.89678],[-84.43539,36.89709],[-84.43538,36.89721],[-84.43535,36.89738],[-84.43537,36.89754],[-84.43543,36.89778],[-84.43547,36.89798],[-84.43546,36.89809],[-84.4353,36.89819],[-84.43509,36.89826],[-84.43493,36.89826],[-84.43476,36.89819],[-84.43462,36.89808],[-84.43452,36.89798],[-84.43442,36.89791],[-84.43426,36.89781],[-84.43409,36.8977],[-84.43396,36.89767],[-84.43383,36.89768],[-84.43377,36.8977],[-84.43366,36.89772],[-84.43351,36.89775],[-84.43335,36.89778],[-84.43322,36.89778],[-84.43307,36.89774],[-84.4329,36.89769],[-84.43272,36.89764],[-84.43258,36.89765],[-84.43254,36.89767],[-84.43245,36.8977],[-84.43229,36.89778],[-84.43217,36.89788],[-84.43213,36.89796],[-84.43214,36.89804],[-84.43219,36.89821],[-84.43228,36.89843],[-84.43242,36.89861],[-84.43259,36.89879],[-84.43299,36.8991],[-84.43374,36.8997],[-84.43387,36.89981],[-84.43405,36.89994],[-84.43467,36.90012],[-84.43475,36.90016],[-84.43479,36.90021],[-84.4348,36.90034],[-84.43474,36.90054],[-84.43463,36.90068],[-84.43444,36.90081],[-84.43434,36.90089],[-84.43419,36.90101],[-84.43411,36.9011],[-84.43397,36.90126],[-84.43389,36.90146],[-84.43387,36.90161],[-84.43386,36.9018],[-84.43388,36.90207],[-84.43391,36.90225],[-84.4339,36.90243],[-84.43386,36.90255],[-84.43376,36.90262],[-84.43361,36.90267],[-84.43344,36.90269],[-84.43315,36.90269],[-84.43287,36.9027],[-84.43281,36.90272],[-84.43273,36.90278],[-84.43265,36.9029],[-84.43257,36.90317],[-84.43257,36.90318],[-84.43253,36.90345],[-84.43255,36.90359],[-84.43257,36.90367],[-84.43267,36.90381],[-84.43284,36.90407],[-84.43286,36.90414],[-84.43296,36.90442],[-84.43301,36.90465],[-84.43306,36.90494],[-84.43312,36.90517],[-84.43316,36.90531],[-84.43322,36.90554],[-84.43323,36.90563],[-84.43324,36.90568],[-84.43323,36.90575],[-84.43318,36.90582],[-84.43302,36.90592],[-84.43278,36.90607],[-84.43257,36.9062],[-84.43239,36.9063],[-84.43229,36.90628],[-84.4323,36.90614],[-84.43241,36.90582],[-84.43245,36.90573],[-84.43249,36.90557],[-84.43251,36.90544],[-84.43251,36.90524],[-84.43248,36.90509],[-84.43246,36.90495],[-84.43239,36.90474],[-84.4322,36.90439],[-84.43209,36.90416],[-84.432,36.90402],[-84.43191,36.90384],[-84.43183,36.90363],[-84.43179,36.90348],[-84.43177,36.90337],[-84.43175,36.90312],[-84.43174,36.90296],[-84.43173,36.90291],[-84.43173,36.90282],[-84.43173,36.90262],[-84.43174,36.90243],[-84.43175,36.90234],[-84.43178,36.90217],[-84.43183,36.90195],[-84.43192,36.9017],[-84.43196,36.90162],[-84.43203,36.90146],[-84.43213,36.90132],[-84.43234,36.90112],[-84.4324,36.90105],[-84.4324,36.90093],[-84.43236,36.90087],[-84.43226,36.90079],[-84.43206,36.90067],[-84.43194,36.9006],[-84.43193,36.90058],[-84.43187,36.90052],[-84.43183,36.90041],[-84.43181,36.90025],[-84.43181,36.90011],[-84.43178,36.9],[-84.43172,36.89991],[-84.43139,36.8996],[-84.43133,36.89957],[-84.43123,36.89956],[-84.43115,36.89957],[-84.43086,36.89968],[-84.43067,36.89971],[-84.43043,36.89974],[-84.43023,36.89973],[-84.43006,36.89972],[-84.42992,36.89971],[-84.42986,36.89972],[-84.42981,36.89974],[-84.42978,36.89979],[-84.42976,36.89989],[-84.42977,36.89998],[-84.4299,36.90013],[-84.43009,36.90035],[-84.43023,36.90053],[-84.43032,36.90064],[-84.4304,36.90075],[-84.43047,36.90089],[-84.43052,36.90107],[-84.43054,36.90125],[-84.43053,36.90138],[-84.43052,36.90141],[-84.43049,36.90149],[-84.43044,36.90157],[-84.43034,36.90166],[-84.43021,36.90176],[-84.43005,36.90188],[-84.42994,36.90198],[-84.42986,36.9021],[-84.42981,36.90225],[-84.42978,36.90238],[-84.42975,36.90252],[-84.42968,36.90262],[-84.4296,36.90265],[-84.42951,36.90265],[-84.42946,36.90262],[-84.4294,36.90255],[-84.42933,36.90245],[-84.42924,36.90233],[-84.42917,36.90226],[-84.42907,36.90217],[-84.42893,36.90207],[-84.42877,36.90198],[-84.42869,36.90189],[-84.42863,36.90179],[-84.42863,36.9017],[-84.42867,36.90162],[-84.42874,36.90151],[-84.42887,36.90132],[-84.42892,36.90122],[-84.42898,36.90092],[-84.42899,36.90081],[-84.42896,36.90072],[-84.4289,36.90061],[-84.42883,36.90048],[-84.42873,36.90036],[-84.42864,36.90026],[-84.4285,36.90018],[-84.42833,36.90014],[-84.42826,36.90012],[-84.42816,36.90009],[-84.42803,36.90005],[-84.42793,36.89998],[-84.42784,36.89996],[-84.42781,36.9],[-84.42781,36.90006],[-84.42782,36.90006],[-84.42788,36.90031],[-84.42798,36.90077],[-84.42798,36.90088],[-84.42796,36.90093],[-84.42791,36.90103],[-84.42782,36.90112],[-84.42759,36.90126],[-84.42722,36.90143],[-84.42711,36.9014],[-84.42705,36.90133],[-84.42701,36.90121],[-84.42697,36.90095],[-84.42692,36.90049],[-84.42688,36.90015],[-84.42686,36.89998],[-84.42686,36.89994],[-84.42687,36.89989],[-84.42689,36.8997],[-84.42691,36.89951],[-84.42694,36.89937],[-84.42698,36.89923],[-84.42703,36.89903],[-84.4271,36.8988],[-84.42715,36.89865],[-84.42722,36.89846],[-84.42737,36.89811],[-84.42743,36.89801],[-84.42754,36.89785],[-84.42767,36.89764],[-84.42782,36.8974],[-84.42786,36.89731],[-84.42799,36.89711],[-84.42823,36.89685],[-84.42833,36.89679],[-84.42838,36.89669],[-84.42833,36.89655],[-84.42833,36.89645],[-84.42834,36.89638],[-84.42838,36.89629],[-84.42845,36.89622],[-84.42864,36.896],[-84.42872,36.89589],[-84.42882,36.89574],[-84.42883,36.89566],[-84.42879,36.89559],[-84.42869,36.89554],[-84.42854,36.89553],[-84.42847,36.89553],[-84.42827,36.89558],[-84.42813,36.89564],[-84.42807,36.89568],[-84.42808,36.89573],[-84.42806,36.89577],[-84.42805,36.89586],[-84.42802,36.89596],[-84.42797,36.89604],[-84.42787,36.8961],[-84.42775,36.89616],[-84.4276,36.89621],[-84.42753,36.89624],[-84.4274,36.89631],[-84.42726,36.89639],[-84.42715,36.89643],[-84.427,36.89647],[-84.4268,36.89648],[-84.42663,36.89646],[-84.42637,36.89641],[-84.4261,36.89636],[-84.42589,36.8963],[-84.4257,36.89624],[-84.42563,36.89624],[-84.42554,36.89627],[-84.42548,36.89633],[-84.42549,36.89639],[-84.42552,36.89645],[-84.42561,36.89654],[-84.42602,36.89693],[-84.42606,36.897],[-84.42611,36.89709],[-84.42612,36.89718],[-84.4261,36.89725],[-84.42608,36.89735],[-84.42604,36.89746],[-84.42598,36.89757],[-84.42586,36.89776],[-84.42572,36.89795],[-84.42548,36.89819],[-84.42516,36.89841],[-84.42493,36.89857],[-84.42474,36.89868],[-84.42461,36.89875],[-84.42451,36.89879],[-84.42437,36.8988],[-84.42429,36.89878],[-84.42424,36.89873],[-84.42421,36.89866],[-84.42417,36.89859],[-84.42404,36.89828],[-84.42395,36.89813],[-84.4239,36.89807],[-84.42384,36.89801],[-84.42372,36.89791],[-84.42357,36.89781],[-84.42344,36.89771],[-84.42338,36.89762],[-84.42335,36.89753],[-84.42334,36.89744],[-84.42333,36.89731],[-84.4233,36.89721],[-84.42311,36.89671],[-84.42306,36.89648],[-84.42305,36.89644],[-84.42297,36.89614],[-84.42293,36.89608],[-84.42289,36.89605],[-84.42284,36.89601],[-84.42266,36.89602],[-84.42258,36.89607],[-84.42251,36.89615],[-84.42246,36.89626],[-84.4224,36.89639],[-84.42235,36.89655],[-84.42229,36.89666],[-84.42221,36.89679],[-84.42206,36.89697],[-84.42172,36.89735],[-84.42168,36.89737],[-84.42165,36.89737],[-84.4216,36.89731],[-84.42156,36.89718],[-84.42156,36.89702],[-84.42159,36.8969],[-84.42168,36.89676],[-84.42175,36.89667],[-84.42183,36.8966],[-84.42193,36.89644],[-84.42194,36.89635],[-84.4219,36.89625],[-84.42186,36.89611],[-84.42178,36.89593],[-84.42172,36.89566],[-84.4217,36.89561],[-84.42168,36.89551],[-84.42166,36.89536],[-84.42168,36.89525],[-84.42171,36.89515],[-84.4218,36.89504],[-84.42192,36.8949],[-84.42218,36.89473],[-84.42231,36.89468],[-84.42251,36.89461],[-84.42273,36.89449],[-84.42303,36.89429],[-84.42309,36.89423],[-84.42323,36.89408],[-84.42336,36.89392],[-84.42351,36.89373],[-84.42363,36.89358],[-84.42372,36.8935],[-84.42384,36.89342],[-84.42402,36.89335],[-84.42426,36.89327],[-84.42431,36.89324],[-84.42435,36.89319],[-84.42434,36.89311],[-84.42428,36.89308],[-84.42418,36.89308],[-84.42402,36.89313],[-84.42372,36.89329],[-84.42356,36.89333],[-84.42338,36.89335],[-84.4232,36.89335],[-84.42307,36.89331],[-84.423,36.89325],[-84.42292,36.89314],[-84.42281,36.89297],[-84.42277,36.89291],[-84.42266,36.89286],[-84.42261,36.89286],[-84.42254,36.89285],[-84.42244,36.8929],[-84.42233,36.893],[-84.42227,36.89307],[-84.4222,36.89317],[-84.42205,36.89351],[-84.42201,36.8936],[-84.42196,36.89371],[-84.42185,36.89381],[-84.42172,36.89386],[-84.42148,36.89389],[-84.42137,36.89389],[-84.42126,36.89382],[-84.42124,36.89371],[-84.4213,36.89353],[-84.42147,36.89311],[-84.42151,36.89298],[-84.42155,36.89275],[-84.42156,36.89261],[-84.42153,36.89252],[-84.42143,36.89245],[-84.42124,36.8924],[-84.42103,36.89232],[-84.42086,36.89224],[-84.42079,36.89215],[-84.42079,36.89202],[-84.42085,36.89189],[-84.42091,36.89181],[-84.42098,36.89176],[-84.4211,36.89171],[-84.42123,36.89164],[-84.42137,36.89156],[-84.4216,36.89137],[-84.42164,36.89134],[-84.42173,36.89127],[-84.42182,36.89123],[-84.42192,36.89118],[-84.42208,36.89111],[-84.42222,36.89096],[-84.42232,36.89081],[-84.42233,36.89066],[-84.42226,36.89059],[-84.42211,36.89053],[-84.42179,36.89051],[-84.42151,36.89051],[-84.42128,36.89048],[-84.42118,36.89039],[-84.42119,36.89031],[-84.42125,36.8902],[-84.42141,36.89005],[-84.42178,36.88968],[-84.42191,36.88954],[-84.42204,36.88931],[-84.42218,36.88898],[-84.42226,36.8888],[-84.4223,36.88872],[-84.4224,36.8886],[-84.42253,36.88852],[-84.4227,36.88845],[-84.42304,36.88832],[-84.42339,36.88824],[-84.42394,36.88818],[-84.42422,36.88814],[-84.42434,36.88811],[-84.42452,36.88802],[-84.42533,36.88762],[-84.42544,36.88756],[-84.4255,36.88753],[-84.42552,36.88751],[-84.42564,36.88742],[-84.42576,36.88732],[-84.42598,36.88706],[-84.42609,36.88692],[-84.42605,36.88683],[-84.42596,36.88679],[-84.42584,36.88681],[-84.42563,36.88688],[-84.42527,36.88698],[-84.425,36.88705],[-84.42499,36.88705],[-84.4247,36.88711],[-84.42455,36.88714],[-84.42442,36.88717],[-84.42413,36.88721],[-84.42373,36.88726],[-84.42308,36.8873],[-84.42291,36.88727],[-84.42275,36.88721],[-84.42263,36.88708],[-84.42255,36.88692],[-84.4225,36.88681],[-84.42241,36.88671],[-84.42222,36.8866],[-84.42193,36.88652],[-84.42165,36.8865],[-84.42139,36.88652],[-84.42134,36.88656],[-84.42132,36.88662],[-84.42136,36.88672],[-84.42145,36.88692],[-84.4215,36.88713],[-84.42152,36.88735],[-84.4215,36.88751],[-84.4214,36.88768],[-84.42122,36.88789],[-84.42096,36.88811],[-84.42076,36.88827],[-84.42052,36.88846],[-84.42036,36.88861],[-84.4202,36.88879],[-84.42004,36.88906],[-84.41992,36.88937],[-84.41979,36.88957],[-84.41972,36.88965],[-84.41963,36.88964],[-84.41952,36.88957],[-84.4194,36.88945],[-84.41924,36.88923],[-84.41914,36.88902],[-84.41909,36.88889],[-84.41906,36.88882],[-84.41904,36.88864],[-84.41904,36.88847],[-84.41903,36.88824],[-84.41899,36.88806],[-84.41891,36.88784],[-84.41884,36.88764],[-84.41878,36.88747],[-84.41875,36.88732],[-84.41875,36.88718],[-84.41875,36.887],[-84.4187,36.88683],[-84.41862,36.88668],[-84.41806,36.88612],[-84.41795,36.88606],[-84.41785,36.88607],[-84.41777,36.88615],[-84.41774,36.8862],[-84.41771,36.88625],[-84.41764,36.88642],[-84.41753,36.88679],[-84.41753,36.88685],[-84.41753,36.88696],[-84.41754,36.88706],[-84.41759,36.88723],[-84.41769,36.88742],[-84.41777,36.88764],[-84.41781,36.88786],[-84.41784,36.88813],[-84.41784,36.88849],[-84.41783,36.88874],[-84.41781,36.88902],[-84.41781,36.88913],[-84.41784,36.88931],[-84.41785,36.88936],[-84.41789,36.88948],[-84.41806,36.88973],[-84.41838,36.89018],[-84.41857,36.89045],[-84.41881,36.89063],[-84.41889,36.89075],[-84.41891,36.8909],[-84.41885,36.89101],[-84.41883,36.89106],[-84.41871,36.89113],[-84.41855,36.89116],[-84.41835,36.89111],[-84.41819,36.89101],[-84.41802,36.89088],[-84.4179,36.89077],[-84.41779,36.8907],[-84.41766,36.89065],[-84.4175,36.89061],[-84.41725,36.89057],[-84.41706,36.89051],[-84.41688,36.89042],[-84.41619,36.89006],[-84.41613,36.89001],[-84.41606,36.88992],[-84.41604,36.88984],[-84.41603,36.88973],[-84.41602,36.88959],[-84.416,36.88948],[-84.4159,36.88936],[-84.41579,36.88924],[-84.41564,36.88912],[-84.41545,36.88899],[-84.41535,36.88893],[-84.4151,36.88875],[-84.41479,36.88852],[-84.41405,36.88793],[-84.41392,36.88785],[-84.41362,36.88762],[-84.41336,36.88745],[-84.41246,36.88695],[-84.41242,36.88693],[-84.41219,36.8868],[-84.41211,36.88675],[-84.41205,36.88672],[-84.41188,36.88673],[-84.41171,36.88678],[-84.4116,36.88689],[-84.41159,36.88694],[-84.41161,36.88697],[-84.41168,36.88703],[-84.41249,36.88753],[-84.4126,36.8876],[-84.41271,36.88768],[-84.4128,36.88781],[-84.41288,36.8879],[-84.41294,36.88795],[-84.41301,36.888],[-84.41323,36.88812],[-84.41346,36.88825],[-84.41363,36.88839],[-84.41374,36.88851],[-84.41409,36.88887],[-84.4143,36.88913],[-84.41438,36.88928],[-84.41453,36.88955],[-84.41471,36.88983],[-84.41482,36.8901],[-84.41493,36.89033],[-84.41502,36.8906],[-84.41503,36.89073],[-84.41504,36.89087],[-84.41509,36.89099],[-84.41518,36.8911],[-84.41587,36.89138],[-84.41615,36.89147],[-84.41634,36.89161],[-84.41647,36.89176],[-84.41656,36.89195],[-84.41661,36.89214],[-84.41661,36.89222],[-84.41668,36.89229],[-84.41683,36.89238],[-84.4171,36.89246],[-84.4173,36.89252],[-84.41748,36.8926],[-84.41763,36.89262],[-84.41783,36.89263],[-84.41805,36.89269],[-84.41822,36.8928],[-84.41832,36.89288],[-84.41843,36.89302],[-84.41849,36.89315],[-84.41856,36.89333],[-84.41863,36.89346],[-84.41875,36.89363],[-84.41886,36.89388],[-84.4189,36.89413],[-84.41891,36.89441],[-84.41895,36.89451],[-84.419,36.89462],[-84.4191,36.89476],[-84.41917,36.89493],[-84.41922,36.89508],[-84.41926,36.89527],[-84.41931,36.8955],[-84.41937,36.89571],[-84.41945,36.89605],[-84.41948,36.89626],[-84.41949,36.89648],[-84.41948,36.89666],[-84.41942,36.8968],[-84.41928,36.89692],[-84.41913,36.89713],[-84.41905,36.89704],[-84.41876,36.89714],[-84.41836,36.89724],[-84.41797,36.89729],[-84.41785,36.89729],[-84.41764,36.89729],[-84.41747,36.89729],[-84.41607,36.89713],[-84.41597,36.8971],[-84.4158,36.89704],[-84.41569,36.89696],[-84.41557,36.89685],[-84.41543,36.89669],[-84.41524,36.89652],[-84.41506,36.89637],[-84.41492,36.89627],[-84.41468,36.89618],[-84.41441,36.89611],[-84.41375,36.89597],[-84.41358,36.89602],[-84.41355,36.89605],[-84.41355,36.89612],[-84.41359,36.89621],[-84.41367,36.8963],[-84.41392,36.8965],[-84.41431,36.89676],[-84.41453,36.89688],[-84.41475,36.89703],[-84.41491,36.89721],[-84.41502,36.89736],[-84.41507,36.89751],[-84.41508,36.89777],[-84.41506,36.89802],[-84.41507,36.89809],[-84.41508,36.89818],[-84.41511,36.89827],[-84.41513,36.89832],[-84.41524,36.8984],[-84.41537,36.89842],[-84.41553,36.89841],[-84.41581,36.89836],[-84.41606,36.89832],[-84.4162,36.89833],[-84.41638,36.89834],[-84.41658,36.89835],[-84.41678,36.89839],[-84.41698,36.89845],[-84.41723,36.89855],[-84.41747,36.89868],[-84.4177,36.89884],[-84.41779,36.89889],[-84.41804,36.89896],[-84.41823,36.89899],[-84.41844,36.89898],[-84.41866,36.89895],[-84.41919,36.89884],[-84.41932,36.89882],[-84.41959,36.89879],[-84.41979,36.89881],[-84.42001,36.89884],[-84.42041,36.89902],[-84.42064,36.8993],[-84.42068,36.89941],[-84.42069,36.89956],[-84.42067,36.89968],[-84.4206,36.89982],[-84.42045,36.89997],[-84.42016,36.90025],[-84.41997,36.90045],[-84.41994,36.90053],[-84.41989,36.90065],[-84.41985,36.9008],[-84.41976,36.90109],[-84.41965,36.90135],[-84.41948,36.90162],[-84.41941,36.90178],[-84.41946,36.90183],[-84.41954,36.90186],[-84.41969,36.90188],[-84.41984,36.90187],[-84.42043,36.9017],[-84.42064,36.90157],[-84.42082,36.90149],[-84.42105,36.90143],[-84.4212,36.90141],[-84.42141,36.90142],[-84.42159,36.90147],[-84.42172,36.90156],[-84.42179,36.90164],[-84.42186,36.9018],[-84.4219,36.90203],[-84.42196,36.90217],[-84.42206,36.90225],[-84.4222,36.90231],[-84.42276,36.90242],[-84.42288,36.9024],[-84.42308,36.90235],[-84.42324,36.90232],[-84.42346,36.90235],[-84.4237,36.90245],[-84.42379,36.90257],[-84.42382,36.90275],[-84.42377,36.90295],[-84.42372,36.90318],[-84.42373,36.90332],[-84.42377,36.90343],[-84.42384,36.90352],[-84.4239,36.90356],[-84.424,36.90358],[-84.42418,36.90356],[-84.42441,36.90353],[-84.42456,36.90352],[-84.42476,36.90357],[-84.42487,36.90364],[-84.4249,36.90373],[-84.42489,36.90383],[-84.42482,36.90405],[-84.42478,36.90411],[-84.4247,36.9042],[-84.42462,36.90426],[-84.42456,36.90431],[-84.42439,36.90443],[-84.42424,36.90458],[-84.4241,36.90479],[-84.424,36.90497],[-84.42395,36.90508],[-84.42394,36.90512],[-84.42388,36.90528],[-84.42381,36.90542],[-84.42375,36.90554],[-84.42376,36.90564],[-84.42385,36.90574],[-84.42398,36.90583],[-84.42427,36.90597],[-84.42436,36.90602],[-84.42437,36.90603],[-84.42456,36.90614],[-84.42471,36.90625],[-84.42479,36.90636],[-84.42488,36.9065],[-84.42495,36.90658],[-84.42507,36.90664],[-84.4256,36.90676],[-84.42572,36.90677],[-84.42584,36.90676],[-84.42587,36.90672],[-84.42593,36.90669],[-84.4261,36.9066],[-84.42633,36.90648],[-84.42651,36.90641],[-84.42679,36.90629],[-84.42686,36.90623],[-84.427,36.90609],[-84.42704,36.90593],[-84.42704,36.9058],[-84.42704,36.90564],[-84.42706,36.90544],[-84.42708,36.90528],[-84.42712,36.9051],[-84.42733,36.90476],[-84.42745,36.90466],[-84.42761,36.90462],[-84.42777,36.90465],[-84.42789,36.90472],[-84.428,36.90487],[-84.42819,36.90517],[-84.42821,36.90525],[-84.42821,36.90531],[-84.42822,36.90537],[-84.42823,36.90552],[-84.42822,36.90568],[-84.42823,36.90587],[-84.42825,36.90601],[-84.42825,36.90613],[-84.42822,36.90623],[-84.42807,36.90631],[-84.42789,36.9064],[-84.42768,36.90647],[-84.42759,36.90655],[-84.42749,36.90666],[-84.42745,36.90679],[-84.42742,36.90695],[-84.4274,36.90716],[-84.42738,36.9073],[-84.42735,36.90744],[-84.42728,36.90762],[-84.42723,36.90775],[-84.42719,36.9079],[-84.42722,36.90801],[-84.42726,36.90812],[-84.42749,36.90851],[-84.42754,36.90859],[-84.42755,36.90868],[-84.42753,36.90879],[-84.42748,36.90889],[-84.42739,36.90894],[-84.42728,36.90896],[-84.42713,36.90891],[-84.42697,36.90884],[-84.4268,36.90875],[-84.42661,36.90867],[-84.42641,36.9086],[-84.4262,36.90854],[-84.42602,36.9085],[-84.42584,36.90841],[-84.42566,36.90834],[-84.42552,36.90831],[-84.4253,36.90833],[-84.42512,36.90836],[-84.42477,36.90841],[-84.42455,36.9084],[-84.42433,36.90838],[-84.42422,36.90842],[-84.42418,36.90849],[-84.42415,36.90902],[-84.42416,36.90906],[-84.42421,36.90914],[-84.42433,36.90925],[-84.42453,36.90936],[-84.4249,36.90949],[-84.42518,36.90959],[-84.42568,36.90993],[-84.42576,36.90999],[-84.42586,36.9101],[-84.42592,36.91022],[-84.4259,36.91038],[-84.42585,36.91047],[-84.42584,36.91049],[-84.42571,36.91056],[-84.42557,36.91057],[-84.42535,36.91051],[-84.42519,36.91042],[-84.42504,36.91035],[-84.42492,36.91037],[-84.42484,36.91045],[-84.42472,36.91057],[-84.42455,36.91077],[-84.42435,36.91097],[-84.42432,36.91102],[-84.42431,36.91108],[-84.42434,36.91117],[-84.42437,36.91123],[-84.4244,36.91126],[-84.4244,36.91128],[-84.4244,36.91142],[-84.4244,36.91157],[-84.42436,36.91171],[-84.42428,36.91187],[-84.42419,36.91204],[-84.42401,36.91224],[-84.42387,36.91244],[-84.42387,36.91257],[-84.42392,36.91272],[-84.42413,36.91323],[-84.42417,36.91336],[-84.4242,36.91352],[-84.4242,36.91374],[-84.42422,36.91393],[-84.42425,36.91408],[-84.42431,36.91418],[-84.42452,36.91444],[-84.42456,36.91454],[-84.42456,36.91469],[-84.42455,36.91473],[-84.42455,36.91476],[-84.42452,36.91492],[-84.42444,36.9152],[-84.42432,36.91548],[-84.42421,36.91572],[-84.42418,36.91586],[-84.42416,36.91593],[-84.42414,36.91609],[-84.42412,36.91628],[-84.42407,36.91648],[-84.42402,36.91662],[-84.42386,36.91674],[-84.42369,36.91682],[-84.42354,36.9168],[-84.42349,36.91673],[-84.42347,36.91659],[-84.42351,36.91607],[-84.4235,36.91601],[-84.42344,36.91592],[-84.4233,36.91582],[-84.4231,36.91565],[-84.42289,36.91544],[-84.42284,36.91539],[-84.42281,36.91531],[-84.4228,36.91517],[-84.42292,36.91459],[-84.42293,36.91454],[-84.42293,36.91449],[-84.42292,36.91439],[-84.42284,36.91431],[-84.42272,36.91426],[-84.42265,36.91423],[-84.42242,36.91421],[-84.42224,36.91423],[-84.42218,36.91427],[-84.4221,36.9144],[-84.42187,36.91482],[-84.42183,36.91489],[-84.42174,36.91501],[-84.42159,36.91515],[-84.42142,36.91527],[-84.42117,36.91538],[-84.42098,36.91544],[-84.42085,36.91543],[-84.42075,36.91536],[-84.42068,36.91522],[-84.42068,36.91514],[-84.42074,36.91498],[-84.42087,36.91454],[-84.42093,36.91423],[-84.42095,36.9141],[-84.42097,36.91395],[-84.42096,36.91384],[-84.42091,36.91365],[-84.42085,36.91348],[-84.42076,36.91331],[-84.4207,36.91314],[-84.42071,36.91295],[-84.42073,36.91287],[-84.42079,36.91277],[-84.42086,36.91269],[-84.42099,36.91251],[-84.42105,36.91237],[-84.42101,36.91223],[-84.42097,36.91216],[-84.42091,36.91216],[-84.42079,36.91223],[-84.42065,36.91229],[-84.42049,36.91232],[-84.42043,36.91229],[-84.42043,36.91223],[-84.42044,36.91211],[-84.42048,36.91185],[-84.42048,36.91174],[-84.42044,36.91165],[-84.42039,36.91159],[-84.42026,36.91156],[-84.42011,36.91155],[-84.41991,36.91157],[-84.41973,36.91163],[-84.41963,36.91168],[-84.41952,36.91178],[-84.4193,36.91212],[-84.41924,36.91224],[-84.41916,36.91232],[-84.41902,36.91237],[-84.41862,36.91247],[-84.41855,36.91256],[-84.41856,36.91262],[-84.41863,36.9127],[-84.41873,36.9128],[-84.41882,36.91289],[-84.41886,36.91298],[-84.41888,36.9131],[-84.4189,36.91322],[-84.41891,36.91334],[-84.41894,36.91343],[-84.41898,36.91352],[-84.41903,36.91369],[-84.41905,36.91382],[-84.41902,36.91395],[-84.419,36.91402],[-84.4189,36.91416],[-84.41876,36.91435],[-84.41869,36.91446],[-84.41864,36.91456],[-84.41854,36.91466],[-84.41842,36.9147],[-84.41823,36.91467],[-84.41772,36.91444],[-84.41751,36.91431],[-84.41735,36.91412],[-84.41722,36.91394],[-84.41721,36.91387],[-84.4172,36.91378],[-84.41723,36.91369],[-84.41742,36.91338],[-84.41744,36.9133],[-84.41743,36.91322],[-84.41738,36.91314],[-84.41719,36.91297],[-84.41706,36.91286],[-84.41699,36.91275],[-84.41697,36.91264],[-84.41699,36.91248],[-84.41705,36.91217],[-84.41705,36.91208],[-84.41704,36.91192],[-84.41698,36.91172],[-84.41696,36.91153],[-84.41707,36.91133],[-84.41716,36.91129],[-84.4173,36.91127],[-84.41743,36.91128],[-84.41756,36.91134],[-84.4179,36.91148],[-84.41799,36.9115],[-84.41806,36.91149],[-84.41817,36.91144],[-84.41828,36.91135],[-84.41842,36.91123],[-84.41886,36.91076],[-84.41896,36.91069],[-84.41905,36.91063],[-84.41917,36.91056],[-84.41935,36.91047],[-84.41945,36.91037],[-84.41954,36.91021],[-84.41961,36.91007],[-84.41965,36.90997],[-84.41972,36.90991],[-84.4204,36.90951],[-84.4207,36.90924],[-84.42077,36.90919],[-84.42137,36.90862],[-84.42144,36.90853],[-84.42143,36.90843],[-84.42137,36.90833],[-84.42125,36.90826],[-84.42111,36.90826],[-84.42093,36.90829],[-84.42063,36.90835],[-84.42039,36.9084],[-84.42018,36.90838],[-84.41994,36.90834],[-84.41971,36.90825],[-84.41942,36.90812],[-84.4193,36.90811],[-84.41913,36.90811],[-84.41895,36.90815],[-84.4188,36.90823],[-84.41873,36.90828],[-84.41865,36.90834],[-84.41851,36.90843],[-84.41838,36.90848],[-84.41827,36.90851],[-84.41807,36.90851],[-84.41783,36.90855],[-84.41762,36.90862],[-84.41736,36.90873],[-84.41708,36.90885],[-84.41684,36.90897],[-84.41667,36.90903],[-84.41655,36.909],[-84.41655,36.90892],[-84.41665,36.90878],[-84.41701,36.9083],[-84.41727,36.90804],[-84.41754,36.9077],[-84.41761,36.9076],[-84.41775,36.90733],[-84.41779,36.90725],[-84.4178,36.90721],[-84.41784,36.90707],[-84.41785,36.90703],[-84.41785,36.90703],[-84.41787,36.90684],[-84.41788,36.90674],[-84.41785,36.90658],[-84.41779,36.90644],[-84.41774,36.90635],[-84.41766,36.90624],[-84.41758,36.90616],[-84.41739,36.90608],[-84.41727,36.90607],[-84.41722,36.90607],[-84.41705,36.90609],[-84.41689,36.90613],[-84.41676,36.90618],[-84.41664,36.90625],[-84.41652,36.90633],[-84.41646,36.90639],[-84.41642,36.90644],[-84.4163,36.90659],[-84.41616,36.90679],[-84.41608,36.90688],[-84.41588,36.90703],[-84.41562,36.90713],[-84.41491,36.90738],[-84.41485,36.90739],[-84.41472,36.90736],[-84.41458,36.90725],[-84.41436,36.90707],[-84.41418,36.90695],[-84.414,36.90687],[-84.41366,36.90684],[-84.4134,36.90688],[-84.41327,36.90695],[-84.41322,36.90705],[-84.41325,36.90758],[-84.41325,36.90767],[-84.41324,36.90777],[-84.41319,36.90787],[-84.41308,36.90801],[-84.41297,36.90811],[-84.41274,36.90822],[-84.41271,36.90822],[-84.41262,36.90824],[-84.41247,36.90826],[-84.41213,36.90828],[-84.41178,36.90826],[-84.41163,36.90825],[-84.41145,36.9082],[-84.41128,36.9081],[-84.41112,36.90798],[-84.411,36.90781],[-84.41092,36.90764],[-84.41078,36.90733],[-84.41074,36.90721],[-84.41066,36.90707],[-84.41059,36.90696],[-84.41042,36.90686],[-84.41016,36.90676],[-84.41,36.90674],[-84.40989,36.90678],[-84.4098,36.90687],[-84.40969,36.90703],[-84.40955,36.90723],[-84.40945,36.90733],[-84.40932,36.90737],[-84.40918,36.90738],[-84.40883,36.90734],[-84.40867,36.90729],[-84.40856,36.90724],[-84.40852,36.90716],[-84.40855,36.90702],[-84.40875,36.90657],[-84.40879,36.90648],[-84.40891,36.90612],[-84.4089,36.90597],[-84.40884,36.90565],[-84.40884,36.90547],[-84.40884,36.90532],[-84.40884,36.90522],[-84.40889,36.90495],[-84.40888,36.90485],[-84.40885,36.90476],[-84.40876,36.9047],[-84.40866,36.90469],[-84.40858,36.90468],[-84.40844,36.90471],[-84.4083,36.90478],[-84.40817,36.90489],[-84.40813,36.90493],[-84.40767,36.9054],[-84.40759,36.90548],[-84.40747,36.90558],[-84.40733,36.90562],[-84.4072,36.90561],[-84.40699,36.90556],[-84.40668,36.90546],[-84.40654,36.9054],[-84.40632,36.90532],[-84.40614,36.90524],[-84.40574,36.90506],[-84.40524,36.90484],[-84.40514,36.90479],[-84.40483,36.90468],[-84.40464,36.90463],[-84.4044,36.9046],[-84.40417,36.9046],[-84.40405,36.90467],[-84.40404,36.90468],[-84.4039,36.90485],[-84.40389,36.90495],[-84.40391,36.90501],[-84.40401,36.9051],[-84.40437,36.90536],[-84.40492,36.90567],[-84.40525,36.9059],[-84.40537,36.90599],[-84.40551,36.90611],[-84.40569,36.90626],[-84.40579,36.90648],[-84.40607,36.90698],[-84.40614,36.90712],[-84.40624,36.90729],[-84.40625,36.90744],[-84.40615,36.90762],[-84.40608,36.90772],[-84.40596,36.90789],[-84.4059,36.90812],[-84.40589,36.90838],[-84.40594,36.90871],[-84.406,36.90897],[-84.40611,36.90921],[-84.40617,36.90931],[-84.40627,36.9094],[-84.40636,36.90948],[-84.4066,36.90966],[-84.40671,36.90971],[-84.40692,36.9098],[-84.40716,36.90985],[-84.40729,36.90987],[-84.40747,36.90989],[-84.40779,36.90993],[-84.40795,36.90995],[-84.40815,36.90998],[-84.40833,36.91004],[-84.40856,36.91019],[-84.40867,36.91035],[-84.40872,36.91049],[-84.40876,36.91068],[-84.40875,36.9109],[-84.40869,36.91109],[-84.40864,36.9112],[-84.4086,36.91138],[-84.40861,36.91149],[-84.40867,36.91159],[-84.40875,36.91165],[-84.40887,36.91172],[-84.40905,36.91177],[-84.40932,36.91185],[-84.40973,36.91195],[-84.4099,36.91201],[-84.41006,36.91206],[-84.41015,36.91208],[-84.41028,36.91205],[-84.4105,36.91198],[-84.41067,36.91188],[-84.41085,36.91179],[-84.4112,36.91164],[-84.41136,36.91157],[-84.41156,36.91148],[-84.41174,36.91141],[-84.41186,36.9114],[-84.41209,36.91139],[-84.4124,36.9114],[-84.41246,36.91141],[-84.41257,36.91144],[-84.41271,36.91151],[-84.41277,36.91161],[-84.41279,36.91182],[-84.41275,36.91213],[-84.41275,36.91221],[-84.41279,36.91233],[-84.41288,36.91243],[-84.41299,36.91253],[-84.41318,36.91266],[-84.41326,36.91279],[-84.41328,36.9131],[-84.41329,36.91318],[-84.41332,36.91334],[-84.41334,36.91345],[-84.41331,36.91357],[-84.41323,36.91364],[-84.41307,36.91367],[-84.41294,36.91365],[-84.41273,36.91356],[-84.41231,36.91338],[-84.41214,36.91331],[-84.41206,36.9133],[-84.41199,36.91333],[-84.41192,36.91339],[-84.41181,36.91354],[-84.41165,36.91368],[-84.41142,36.91384],[-84.41117,36.91398],[-84.41102,36.91407],[-84.41089,36.91413],[-84.41079,36.91423],[-84.41076,36.91427],[-84.41071,36.91436],[-84.41067,36.91452],[-84.41066,36.91458],[-84.41065,36.91465],[-84.41059,36.91479],[-84.41047,36.91492],[-84.41043,36.91498],[-84.41032,36.91512],[-84.4103,36.91527],[-84.4103,36.91543],[-84.41029,36.91559],[-84.4103,36.91575],[-84.41031,36.91587],[-84.41038,36.91594],[-84.41062,36.91604],[-84.41071,36.91605],[-84.41082,36.91603],[-84.41108,36.91596],[-84.41131,36.91592],[-84.41144,36.91591],[-84.41161,36.9159],[-84.41177,36.9159],[-84.41186,36.91593],[-84.41193,36.91599],[-84.41196,36.9161],[-84.41191,36.9163],[-84.41187,36.91637],[-84.41181,36.91642],[-84.41162,36.91652],[-84.41146,36.91658],[-84.41118,36.91675],[-84.41101,36.91693],[-84.41092,36.91711],[-84.41092,36.91719],[-84.41095,36.91724],[-84.41101,36.91728],[-84.41118,36.91736],[-84.41155,36.91748],[-84.41168,36.91751],[-84.41185,36.91752],[-84.41199,36.91751],[-84.412,36.91751],[-84.41218,36.91744],[-84.41233,36.91734],[-84.41258,36.91712],[-84.41274,36.91688],[-84.41276,36.91683],[-84.41286,36.91671],[-84.41296,36.91664],[-84.41307,36.9166],[-84.4132,36.91658],[-84.41332,36.91659],[-84.41341,36.91664],[-84.41352,36.91673],[-84.41361,36.91679],[-84.41375,36.91682],[-84.41388,36.91679],[-84.41406,36.91671],[-84.4142,36.9166],[-84.4143,36.91646],[-84.41437,36.91625],[-84.41445,36.91599],[-84.4145,36.91595],[-84.41457,36.91594],[-84.41502,36.91603],[-84.41519,36.91608],[-84.41525,36.91612],[-84.41528,36.91622],[-84.41525,36.91636],[-84.41515,36.9165],[-84.41496,36.91668],[-84.41439,36.91711],[-84.41431,36.91718],[-84.41421,36.91736],[-84.4142,36.91749],[-84.41424,36.91756],[-84.41435,36.91761],[-84.41447,36.91764],[-84.4146,36.91764],[-84.41507,36.91759],[-84.4153,36.91758],[-84.41552,36.9176],[-84.41578,36.91764],[-84.41601,36.91769],[-84.41611,36.91769],[-84.41618,36.91766],[-84.41626,36.91759],[-84.41639,36.9174],[-84.41653,36.91722],[-84.41661,36.91717],[-84.41672,36.91712],[-84.41685,36.91707],[-84.41704,36.91704],[-84.41726,36.91704],[-84.41816,36.91726],[-84.41824,36.9173],[-84.41832,36.91738],[-84.41836,36.91751],[-84.41832,36.91761],[-84.41822,36.91773],[-84.4181,36.91783],[-84.41786,36.9179],[-84.41751,36.91793],[-84.41715,36.91796],[-84.41706,36.91799],[-84.41695,36.91804],[-84.41684,36.91812],[-84.4167,36.91823],[-84.41651,36.91831],[-84.41618,36.91843],[-84.4158,36.91855],[-84.41547,36.91862],[-84.4152,36.91866],[-84.41495,36.91866],[-84.41485,36.91863],[-84.41478,36.91859],[-84.41467,36.91847],[-84.41449,36.91832],[-84.41424,36.91815],[-84.41402,36.91804],[-84.41377,36.91796],[-84.41348,36.91791],[-84.41331,36.91795],[-84.41307,36.91804],[-84.4129,36.91816],[-84.41278,36.9183],[-84.41269,36.91849],[-84.41262,36.91867],[-84.41256,36.91882],[-84.41247,36.91889],[-84.41238,36.9189],[-84.41228,36.91888],[-84.4121,36.9188],[-84.41195,36.91869],[-84.4119,36.91863],[-84.41178,36.91851],[-84.41165,36.91836],[-84.41154,36.91827],[-84.41141,36.91823],[-84.41126,36.91824],[-84.41112,36.91828],[-84.41078,36.91842],[-84.4103,36.91863],[-84.41019,36.91867],[-84.40994,36.91883],[-84.40982,36.91897],[-84.40973,36.91914],[-84.40966,36.91931],[-84.40962,36.91954],[-84.4096,36.91987],[-84.40963,36.92021],[-84.40965,36.92037],[-84.40971,36.92079],[-84.4097,36.92101],[-84.40968,36.92106],[-84.40968,36.92107],[-84.40964,36.92117],[-84.40956,36.9213],[-84.4094,36.92146],[-84.40904,36.92169],[-84.40863,36.92197],[-84.40855,36.92201],[-84.40838,36.92202],[-84.40825,36.92199],[-84.40816,36.9219],[-84.40813,36.92183],[-84.40811,36.92152],[-84.40807,36.92095],[-84.40806,36.92087],[-84.40804,36.92074],[-84.40797,36.92061],[-84.40784,36.92053],[-84.40757,36.9205],[-84.40728,36.92046],[-84.40707,36.9204],[-84.40698,36.92035],[-84.40696,36.92029],[-84.40701,36.92023],[-84.40708,36.9202],[-84.40722,36.92018],[-84.40793,36.92017],[-84.408,36.92016],[-84.40813,36.9201],[-84.4082,36.92002],[-84.40825,36.91992],[-84.40831,36.91977],[-84.40836,36.91961],[-84.40843,36.91943],[-84.4085,36.91928],[-84.40854,36.91922],[-84.40863,36.91908],[-84.40877,36.9189],[-84.40898,36.9187],[-84.40928,36.9184],[-84.40936,36.91831],[-84.40948,36.91815],[-84.40946,36.91793],[-84.40931,36.91754],[-84.4093,36.9175],[-84.40921,36.91741],[-84.40908,36.91739],[-84.4088,36.91744],[-84.40874,36.91745],[-84.40849,36.91752],[-84.40835,36.91758],[-84.40815,36.91767],[-84.40799,36.91781],[-84.4078,36.91801],[-84.40772,36.91808],[-84.40756,36.91817],[-84.40735,36.91827],[-84.40713,36.91832],[-84.40687,36.91835],[-84.40656,36.91837],[-84.40633,36.91838],[-84.40619,36.91838],[-84.40584,36.91833],[-84.40545,36.91826],[-84.40543,36.91826],[-84.40513,36.91819],[-84.40494,36.91814],[-84.40467,36.91802],[-84.40444,36.91789],[-84.40436,36.91781],[-84.40431,36.91769],[-84.40432,36.91757],[-84.4044,36.91743],[-84.40455,36.91725],[-84.40463,36.91717],[-84.4046,36.91709],[-84.40443,36.91696],[-84.40394,36.91667],[-84.4038,36.91657],[-84.40362,36.91642],[-84.40348,36.91625],[-84.40339,36.91607],[-84.40331,36.91583],[-84.40328,36.91568],[-84.40331,36.91558],[-84.40336,36.9155],[-84.40356,36.91531],[-84.40367,36.91517],[-84.40371,36.91501],[-84.40372,36.91486],[-84.40371,36.91474],[-84.40364,36.91461],[-84.40355,36.91447],[-84.40346,36.91431],[-84.40342,36.91419],[-84.40342,36.91401],[-84.40342,36.91384],[-84.40341,36.91368],[-84.40334,36.91359],[-84.40324,36.91354],[-84.4031,36.91355],[-84.40293,36.91361],[-84.40268,36.91371],[-84.40245,36.91385],[-84.40228,36.91397],[-84.40209,36.91413],[-84.40174,36.91444],[-84.4015,36.91475],[-84.40138,36.91478],[-84.40128,36.91474],[-84.40115,36.9146],[-84.40102,36.91442],[-84.40064,36.9139],[-84.40031,36.91334],[-84.39987,36.91268],[-84.39978,36.91257],[-84.39968,36.9125],[-84.3996,36.91255],[-84.3995,36.91264],[-84.39935,36.9128],[-84.39914,36.91311],[-84.39896,36.91337],[-84.39877,36.91373],[-84.39875,36.91376],[-84.39869,36.91392],[-84.39868,36.91408],[-84.39871,36.91421],[-84.39879,36.91436],[-84.39888,36.91447],[-84.39888,36.91453],[-84.39886,36.91465],[-84.39881,36.91476],[-84.39879,36.91492],[-84.39881,36.91501],[-84.39888,36.91506],[-84.39895,36.91508],[-84.39907,36.91508],[-84.39928,36.9151],[-84.39939,36.91513],[-84.3995,36.91518],[-84.3996,36.91528],[-84.39971,36.91541],[-84.39991,36.91573],[-84.40002,36.91596],[-84.40006,36.91606],[-84.40008,36.91612],[-84.40009,36.91625],[-84.40007,36.91652],[-84.40006,36.91669],[-84.40009,36.91681],[-84.40012,36.91687],[-84.40023,36.91695],[-84.40037,36.91703],[-84.40055,36.91711],[-84.40067,36.91717],[-84.40068,36.91724],[-84.40067,36.91735],[-84.40064,36.91749],[-84.40064,36.91766],[-84.40065,36.91775],[-84.40068,36.91781],[-84.40082,36.91795],[-84.40097,36.9181],[-84.40105,36.91821],[-84.40111,36.91832],[-84.40112,36.91848],[-84.40108,36.91859],[-84.40099,36.91871],[-84.40082,36.91887],[-84.40066,36.91898],[-84.40059,36.91909],[-84.40054,36.9192],[-84.40041,36.91953],[-84.40035,36.91964],[-84.40034,36.9197],[-84.40033,36.91976],[-84.40034,36.91983],[-84.40042,36.91988],[-84.40059,36.91989],[-84.40073,36.91992],[-84.40077,36.91998],[-84.40071,36.92011],[-84.40058,36.92027],[-84.40039,36.92047],[-84.40022,36.92076],[-84.40001,36.92099],[-84.39997,36.92103],[-84.39995,36.92109],[-84.39994,36.92114],[-84.39997,36.92119],[-84.40001,36.92124],[-84.40005,36.92127],[-84.4001,36.92131],[-84.40038,36.92144],[-84.4005,36.92152],[-84.40067,36.92164],[-84.40083,36.92173],[-84.40096,36.9218],[-84.40104,36.92185],[-84.40107,36.9219],[-84.40109,36.92195],[-84.4011,36.922],[-84.40109,36.92208],[-84.40104,36.92239],[-84.40107,36.92248],[-84.40116,36.9226],[-84.40119,36.92261],[-84.40135,36.92271],[-84.40156,36.92276],[-84.40175,36.92273],[-84.40212,36.92262],[-84.40237,36.92258],[-84.40248,36.92259],[-84.40248,36.92265],[-84.40239,36.92277],[-84.40211,36.92301],[-84.40159,36.92345],[-84.40155,36.92356],[-84.40154,36.92369],[-84.40162,36.92382],[-84.40175,36.92398],[-84.4019,36.9241],[-84.40209,36.92418],[-84.40232,36.92425],[-84.40244,36.92427],[-84.40274,36.92432],[-84.40296,36.92437],[-84.40308,36.92447],[-84.40313,36.92459],[-84.40313,36.92473],[-84.40311,36.92491],[-84.40312,36.92512],[-84.40319,36.92523],[-84.40329,36.92535],[-84.40331,36.9254],[-84.40334,36.92548],[-84.40331,36.9256],[-84.40326,36.92567],[-84.40322,36.92568],[-84.40311,36.92571],[-84.40291,36.92575],[-84.40279,36.92584],[-84.40275,36.92601],[-84.40277,36.92626],[-84.40276,36.92651],[-84.40275,36.92661],[-84.4027,36.92675],[-84.40256,36.9269],[-84.40228,36.92706],[-84.40178,36.92727],[-84.40162,36.92731],[-84.40142,36.92734],[-84.40111,36.92733],[-84.40078,36.92732],[-84.40068,36.92731],[-84.40017,36.92731],[-84.39987,36.92734],[-84.39975,36.92739],[-84.39963,36.92748],[-84.39949,36.92762],[-84.3993,36.92787],[-84.39925,36.92795],[-84.39907,36.92822],[-84.39892,36.9284],[-84.39876,36.92859],[-84.39873,36.92872],[-84.39876,36.92888],[-84.39884,36.92902],[-84.39897,36.92913],[-84.39907,36.92917],[-84.39917,36.9292],[-84.39936,36.92923],[-84.39961,36.92926],[-84.3998,36.92928],[-84.4,36.92932],[-84.40015,36.92942],[-84.40029,36.92957],[-84.4004,36.92976],[-84.40047,36.92991],[-84.40054,36.92999],[-84.4007,36.93009],[-84.40091,36.93011],[-84.40105,36.93005],[-84.40164,36.92948],[-84.40169,36.92944],[-84.40177,36.92942],[-84.40192,36.92939],[-84.4023,36.92947],[-84.40239,36.92953],[-84.40236,36.92961],[-84.40229,36.92976],[-84.40214,36.92996],[-84.40212,36.93004],[-84.40216,36.93012],[-84.40223,36.93021],[-84.40243,36.93041],[-84.40251,36.93048],[-84.40259,36.93048],[-84.40268,36.93037],[-84.40277,36.93019],[-84.40286,36.9301],[-84.4029,36.93008],[-84.40298,36.93003],[-84.40314,36.93003],[-84.40328,36.93008],[-84.40371,36.93024],[-84.40376,36.93026],[-84.40412,36.93042],[-84.40426,36.93048],[-84.40434,36.93053],[-84.40442,36.93065],[-84.40444,36.93073],[-84.40442,36.93085],[-84.40438,36.93096],[-84.40436,36.93104],[-84.40434,36.93123],[-84.40436,36.93133],[-84.40437,36.93136],[-84.40442,36.93144],[-84.40452,36.93162],[-84.40458,36.93179],[-84.40462,36.93195],[-84.40462,36.93211],[-84.40461,36.93232],[-84.40466,36.93247],[-84.40479,36.93257],[-84.40505,36.93268],[-84.40509,36.9327],[-84.40515,36.93266],[-84.40524,36.93255],[-84.40532,36.93246],[-84.40544,36.93242],[-84.40546,36.93241],[-84.4055,36.9324],[-84.40575,36.93234],[-84.40594,36.93229],[-84.40599,36.93227],[-84.406,36.93227],[-84.40608,36.93219],[-84.40611,36.93204],[-84.40612,36.93194],[-84.40618,36.93182],[-84.40632,36.93178],[-84.40655,36.9318],[-84.40671,36.93184],[-84.40688,36.9319],[-84.40702,36.93198],[-84.40716,36.93204],[-84.40727,36.93209],[-84.40734,36.93215],[-84.40736,36.93226],[-84.40735,36.93266],[-84.40739,36.9328],[-84.40748,36.93284],[-84.40767,36.93283],[-84.40799,36.93271],[-84.40806,36.93267],[-84.40844,36.93249],[-84.40892,36.93223],[-84.40913,36.93214],[-84.4095,36.93197],[-84.41007,36.93172],[-84.41024,36.93162],[-84.41061,36.93147],[-84.41136,36.93112],[-84.41215,36.93077],[-84.41226,36.93072],[-84.41241,36.93067],[-84.41259,36.93063],[-84.41276,36.93065],[-84.41283,36.93068],[-84.4129,36.93071],[-84.41303,36.93083],[-84.41319,36.93106],[-84.41325,36.93119],[-84.41333,36.93128],[-84.41345,36.93136],[-84.41362,36.93143],[-84.41381,36.93151],[-84.41394,36.93161],[-84.41402,36.93174],[-84.41403,36.93186],[-84.41394,36.93195],[-84.41366,36.93203],[-84.41345,36.93204],[-84.4131,36.93207],[-84.41298,36.93209],[-84.41294,36.93218],[-84.41294,36.93229],[-84.413,36.93245],[-84.41301,36.93261],[-84.41301,36.93271],[-84.41299,36.93288],[-84.41303,36.93301],[-84.41314,36.93307],[-84.41325,36.93307],[-84.41348,36.93303],[-84.41374,36.93297],[-84.41403,36.93289],[-84.41422,36.93283],[-84.41435,36.93279],[-84.4146,36.93271],[-84.41517,36.93256],[-84.41564,36.9324],[-84.41589,36.93234],[-84.41622,36.93222],[-84.41654,36.93211],[-84.41666,36.93208],[-84.41682,36.93204],[-84.41705,36.93205],[-84.41712,36.9321],[-84.4171,36.93218],[-84.417,36.93229],[-84.41684,36.93243],[-84.41653,36.93264],[-84.4162,36.93279]]]}},{"type":"Feature","properties":{"NAME":"Clifty Wilderness","ACRES":12551},"geometry":{"type":"Polygon","coordinates":[[[-83.57424,37.9056],[-83.5743,37.90567],[-83.57436,37.90571],[-83.57446,37.90577],[-83.57457,37.90582],[-83.57464,37.90586],[-83.57471,37.90591],[-83.57477,37.90598],[-83.57482,37.90608],[-83.57484,37.90619],[-83.57483,37.90629],[-83.57475,37.90658],[-83.57455,37.90694],[-83.57453,37.90708],[-83.57453,37.90719],[-83.57455,37.90731],[-83.57458,37.90741],[-83.5746,37.90746],[-83.57465,37.90755],[-83.575,37.90803],[-83.57509,37.90816],[-83.5752,37.9083],[-83.57533,37.90845],[-83.57547,37.9086],[-83.57555,37.90865],[-83.57561,37.90866],[-83.5757,37.90864],[-83.57579,37.90858],[-83.57589,37.90849],[-83.57608,37.90782],[-83.57605,37.90765],[-83.57601,37.90748],[-83.57587,37.90707],[-83.57583,37.90698],[-83.5758,37.90693],[-83.57579,37.90685],[-83.57579,37.90679],[-83.57581,37.90675],[-83.57586,37.90662],[-83.57592,37.90657],[-83.57611,37.90639],[-83.57614,37.90635],[-83.57616,37.90629],[-83.5762,37.90623],[-83.5762,37.90618],[-83.57622,37.90585],[-83.57627,37.90581],[-83.57638,37.90578],[-83.57647,37.90577],[-83.57668,37.9058],[-83.57745,37.90601],[-83.57833,37.90637],[-83.57911,37.90673],[-83.57931,37.90665],[-83.58156,37.90578],[-83.58136,37.90562],[-83.58133,37.90556],[-83.58131,37.90528],[-83.58128,37.90508],[-83.58127,37.90503],[-83.58126,37.90496],[-83.58122,37.90485],[-83.58115,37.90467],[-83.58112,37.90456],[-83.58111,37.90451],[-83.58117,37.90427],[-83.58119,37.90421],[-83.58119,37.904],[-83.58119,37.90386],[-83.58119,37.90377],[-83.58122,37.90354],[-83.58123,37.90348],[-83.58127,37.90335],[-83.58132,37.90314],[-83.58137,37.90299],[-83.58146,37.90279],[-83.58154,37.90258],[-83.58175,37.90206],[-83.58179,37.90191],[-83.5818,37.90181],[-83.58173,37.90161],[-83.58166,37.90149],[-83.58159,37.9014],[-83.58138,37.90132],[-83.5809,37.90124],[-83.5798,37.90113],[-83.57955,37.90108],[-83.57935,37.90103],[-83.57922,37.90098],[-83.57913,37.90093],[-83.57906,37.90086],[-83.57902,37.90072],[-83.57899,37.90052],[-83.57902,37.90038],[-83.5791,37.90025],[-83.5792,37.90015],[-83.57948,37.90002],[-83.57967,37.89993],[-83.57978,37.89987],[-83.57987,37.89981],[-83.57993,37.89975],[-83.57999,37.89971],[-83.58006,37.89962],[-83.58017,37.89948],[-83.58021,37.89936],[-83.58022,37.89913],[-83.58019,37.89894],[-83.57778,37.8992],[-83.57439,37.89956],[-83.57429,37.89884],[-83.57426,37.8987],[-83.5742,37.8986],[-83.57412,37.89851],[-83.5739,37.89842],[-83.57373,37.89834],[-83.57361,37.89829],[-83.57352,37.89824],[-83.57337,37.89814],[-83.57332,37.8981],[-83.57325,37.89803],[-83.57319,37.89752],[-83.57316,37.89716],[-83.57318,37.89698],[-83.57313,37.89686],[-83.57308,37.89676],[-83.5725,37.89622],[-83.5724,37.89612],[-83.57229,37.896],[-83.57223,37.8959],[-83.5722,37.89583],[-83.57219,37.89574],[-83.57236,37.8951],[-83.57242,37.89489],[-83.57246,37.89477],[-83.57247,37.89467],[-83.57244,37.89457],[-83.57236,37.89448],[-83.5717,37.89413],[-83.57158,37.89403],[-83.57149,37.89394],[-83.57139,37.89383],[-83.5712,37.89332],[-83.57113,37.893],[-83.5711,37.89286],[-83.57106,37.89275],[-83.57101,37.89266],[-83.57095,37.89258],[-83.57089,37.89248],[-83.57034,37.89175],[-83.57022,37.8916],[-83.57018,37.89149],[-83.57018,37.89136],[-83.57053,37.89097],[-83.57084,37.89069],[-83.57106,37.89043],[-83.57113,37.89032],[-83.57114,37.89022],[-83.57114,37.89012],[-83.57108,37.89002],[-83.57081,37.88984],[-83.57076,37.88981],[-83.57069,37.8898],[-83.5705,37.8898],[-83.57021,37.8898],[-83.57009,37.88978],[-83.56986,37.88975],[-83.56973,37.8897],[-83.56961,37.88964],[-83.56927,37.88932],[-83.56918,37.8892],[-83.56909,37.88906],[-83.56907,37.88874],[-83.56907,37.88863],[-83.56911,37.88851],[-83.56928,37.88824],[-83.56931,37.88819],[-83.56938,37.88803],[-83.56937,37.88793],[-83.56933,37.8878],[-83.56927,37.8877],[-83.569,37.88753],[-83.56888,37.88747],[-83.56877,37.88741],[-83.56864,37.88734],[-83.56824,37.88719],[-83.5681,37.88713],[-83.56803,37.88707],[-83.56798,37.88693],[-83.56798,37.88687],[-83.56796,37.88675],[-83.56798,37.88666],[-83.56804,37.88652],[-83.56809,37.88647],[-83.56815,37.88641],[-83.56822,37.88634],[-83.56856,37.88617],[-83.56869,37.88611],[-83.56922,37.88594],[-83.57023,37.88572],[-83.57062,37.88554],[-83.57069,37.88547],[-83.57077,37.88541],[-83.57084,37.88531],[-83.57084,37.88523],[-83.57084,37.88515],[-83.57083,37.88509],[-83.57077,37.885],[-83.57014,37.88475],[-83.56963,37.88458],[-83.56925,37.88442],[-83.56819,37.88386],[-83.5681,37.88377],[-83.56808,37.88371],[-83.56867,37.88356],[-83.56876,37.88353],[-83.56887,37.88347],[-83.56892,37.88342],[-83.56891,37.88312],[-83.56887,37.883],[-83.56884,37.88286],[-83.5689,37.88249],[-83.56893,37.88235],[-83.56893,37.88226],[-83.56894,37.88211],[-83.56891,37.88151],[-83.56893,37.8814],[-83.56898,37.8813],[-83.56905,37.88123],[-83.56988,37.88125],[-83.56995,37.88127],[-83.57027,37.88141],[-83.57038,37.88145],[-83.57048,37.88144],[-83.57054,37.88125],[-83.57051,37.88113],[-83.57037,37.88075],[-83.57027,37.88057],[-83.57027,37.8805],[-83.57032,37.88045],[-83.57038,37.88042],[-83.57077,37.88044],[-83.57103,37.88052],[-83.57112,37.88056],[-83.57124,37.88061],[-83.57131,37.88066],[-83.57141,37.88073],[-83.57151,37.8808],[-83.57158,37.88085],[-83.57168,37.8809],[-83.57192,37.88099],[-83.57197,37.88099],[-83.57204,37.881],[-83.57242,37.88103],[-83.57275,37.88107],[-83.57289,37.88111],[-83.57298,37.88114],[-83.57309,37.88118],[-83.57316,37.88121],[-83.57402,37.88172],[-83.57411,37.88178],[-83.57419,37.88182],[-83.57469,37.88201],[-83.57481,37.88204],[-83.57537,37.88229],[-83.57551,37.88234],[-83.57563,37.88234],[-83.5757,37.88222],[-83.57568,37.88217],[-83.57565,37.88209],[-83.5756,37.882],[-83.57538,37.88181],[-83.57529,37.88174],[-83.57518,37.88165],[-83.57485,37.88095],[-83.57478,37.88079],[-83.57438,37.88024],[-83.57422,37.88007],[-83.57407,37.87993],[-83.57398,37.87985],[-83.57385,37.87977],[-83.57368,37.87967],[-83.57285,37.87936],[-83.57269,37.87927],[-83.57253,37.8792],[-83.57164,37.87867],[-83.57092,37.87827],[-83.57078,37.87819],[-83.57068,37.87813],[-83.57062,37.87804],[-83.57057,37.87795],[-83.57057,37.87788],[-83.57059,37.87782],[-83.57078,37.87777],[-83.57127,37.87766],[-83.57192,37.87764],[-83.57223,37.87759],[-83.57258,37.87743],[-83.57267,37.87736],[-83.57273,37.87729],[-83.57278,37.87713],[-83.57278,37.87708],[-83.57278,37.87701],[-83.57267,37.87663],[-83.57256,37.87642],[-83.5725,37.87633],[-83.57237,37.87623],[-83.57193,37.87601],[-83.57184,37.87596],[-83.57177,37.87592],[-83.57129,37.87539],[-83.57091,37.87509],[-83.57029,37.87458],[-83.57021,37.8745],[-83.57015,37.87441],[-83.57012,37.87432],[-83.57014,37.87423],[-83.57014,37.8742],[-83.57024,37.87403],[-83.57036,37.87392],[-83.57041,37.87387],[-83.57105,37.87343],[-83.5712,37.87335],[-83.5713,37.8733],[-83.57137,37.87322],[-83.57135,37.87312],[-83.57122,37.87299],[-83.57107,37.87287],[-83.57104,37.87281],[-83.57107,37.87269],[-83.57115,37.87259],[-83.57125,37.87253],[-83.57133,37.8725],[-83.57166,37.87242],[-83.5718,37.87236],[-83.57195,37.87229],[-83.57204,37.87216],[-83.57208,37.87201],[-83.57207,37.87185],[-83.57203,37.87164],[-83.57198,37.87149],[-83.57183,37.87106],[-83.5718,37.87093],[-83.57179,37.87082],[-83.5718,37.8707],[-83.57187,37.8706],[-83.57191,37.87057],[-83.57197,37.87054],[-83.57214,37.87047],[-83.57234,37.8704],[-83.57261,37.87032],[-83.57268,37.87027],[-83.5727,37.87019],[-83.5727,37.87008],[-83.57271,37.87001],[-83.57274,37.86996],[-83.57281,37.86992],[-83.57285,37.86992],[-83.57296,37.86991],[-83.57307,37.86995],[-83.57314,37.87003],[-83.5732,37.87014],[-83.57326,37.8702],[-83.57335,37.87026],[-83.57343,37.87029],[-83.57366,37.87033],[-83.57388,37.8704],[-83.57402,37.87047],[-83.57418,37.87056],[-83.57426,37.87063],[-83.57435,37.87072],[-83.57442,37.87081],[-83.57445,37.87087],[-83.57456,37.87116],[-83.57463,37.87129],[-83.57469,37.87133],[-83.57478,37.87136],[-83.57492,37.87135],[-83.57504,37.87131],[-83.57516,37.8712],[-83.57521,37.87103],[-83.57518,37.87083],[-83.57516,37.87074],[-83.57512,37.87058],[-83.57507,37.87043],[-83.57501,37.87016],[-83.57495,37.87002],[-83.57495,37.86995],[-83.57502,37.86984],[-83.57511,37.86979],[-83.57527,37.86983],[-83.57567,37.86999],[-83.57587,37.87007],[-83.57598,37.87015],[-83.5761,37.87025],[-83.57618,37.87031],[-83.57637,37.87048],[-83.57655,37.87062],[-83.57672,37.87071],[-83.57687,37.87075],[-83.57705,37.87079],[-83.57722,37.8708],[-83.57737,37.87081],[-83.57761,37.87087],[-83.57775,37.87091],[-83.57793,37.87095],[-83.57801,37.87097],[-83.57822,37.87096],[-83.57841,37.87095],[-83.57862,37.87089],[-83.57875,37.87082],[-83.57889,37.87078],[-83.57899,37.87075],[-83.57922,37.8707],[-83.57943,37.87063],[-83.57958,37.87057],[-83.57975,37.87052],[-83.57988,37.8705],[-83.58014,37.87047],[-83.58043,37.87048],[-83.58049,37.87046],[-83.58059,37.87047],[-83.58063,37.87052],[-83.58065,37.87062],[-83.58059,37.87074],[-83.58047,37.87087],[-83.58036,37.87101],[-83.58027,37.8711],[-83.57999,37.87135],[-83.5799,37.87143],[-83.57983,37.8715],[-83.5798,37.8716],[-83.57983,37.87169],[-83.57987,37.87177],[-83.57994,37.87185],[-83.57996,37.87191],[-83.57996,37.87197],[-83.57992,37.87203],[-83.57986,37.87208],[-83.57982,37.8722],[-83.57979,37.87232],[-83.57973,37.87244],[-83.57969,37.87252],[-83.57965,37.87256],[-83.57957,37.87263],[-83.57945,37.87273],[-83.57933,37.87277],[-83.57918,37.87283],[-83.57909,37.87288],[-83.579,37.87294],[-83.57894,37.87298],[-83.57871,37.87329],[-83.57864,37.87338],[-83.57858,37.87347],[-83.57856,37.87357],[-83.57856,37.87366],[-83.57859,37.87375],[-83.57869,37.87382],[-83.57882,37.87386],[-83.57898,37.87387],[-83.57908,37.87386],[-83.57935,37.87381],[-83.57983,37.8737],[-83.58004,37.87366],[-83.58021,37.87364],[-83.58038,37.87365],[-83.5805,37.87369],[-83.58059,37.87377],[-83.58062,37.87388],[-83.58064,37.874],[-83.58061,37.87411],[-83.58056,37.87421],[-83.5805,37.8743],[-83.58038,37.87442],[-83.58026,37.87453],[-83.58017,37.87462],[-83.5801,37.87468],[-83.58003,37.87478],[-83.57995,37.87494],[-83.57995,37.87502],[-83.57996,37.87509],[-83.57998,37.87516],[-83.58003,37.87541],[-83.58001,37.87547],[-83.57996,37.87553],[-83.57987,37.87563],[-83.57943,37.87599],[-83.57923,37.87607],[-83.57916,37.87607],[-83.57912,37.87606],[-83.57907,37.87604],[-83.57891,37.87595],[-83.57884,37.87595],[-83.57877,37.87595],[-83.57868,37.87597],[-83.57861,37.87601],[-83.57817,37.87646],[-83.57814,37.87652],[-83.57822,37.87678],[-83.57829,37.87686],[-83.57838,37.87692],[-83.57846,37.87696],[-83.57859,37.87701],[-83.57877,37.87709],[-83.57955,37.87738],[-83.57986,37.87752],[-83.57991,37.87756],[-83.57993,37.87759],[-83.57994,37.87762],[-83.57993,37.87766],[-83.57988,37.87773],[-83.57951,37.87825],[-83.57951,37.87835],[-83.57953,37.87838],[-83.57958,37.87846],[-83.57963,37.87851],[-83.57991,37.87892],[-83.58015,37.87911],[-83.58083,37.87907],[-83.58142,37.87909],[-83.58182,37.87918],[-83.58209,37.87938],[-83.5823,37.87983],[-83.5824,37.88032],[-83.5824,37.88072],[-83.58234,37.88086],[-83.58215,37.88109],[-83.58189,37.88128],[-83.58152,37.88154],[-83.5813,37.8817],[-83.58119,37.88186],[-83.58122,37.8821],[-83.58141,37.88227],[-83.58177,37.88247],[-83.58215,37.8827],[-83.58233,37.88298],[-83.58238,37.88325],[-83.58251,37.88352],[-83.58261,37.88391],[-83.58267,37.88436],[-83.58262,37.88465],[-83.58253,37.88476],[-83.58229,37.88492],[-83.58223,37.88498],[-83.58176,37.88525],[-83.58148,37.88548],[-83.58144,37.88558],[-83.58145,37.88564],[-83.58146,37.88572],[-83.58149,37.8858],[-83.58155,37.88588],[-83.58184,37.88628],[-83.58191,37.88636],[-83.58199,37.88646],[-83.58207,37.88654],[-83.58213,37.88667],[-83.58217,37.88674],[-83.58224,37.88707],[-83.58227,37.88723],[-83.58183,37.88787],[-83.58172,37.88818],[-83.58163,37.88842],[-83.58166,37.8886],[-83.58189,37.88883],[-83.58206,37.88899],[-83.58224,37.88927],[-83.5823,37.88955],[-83.58222,37.88965],[-83.58208,37.88983],[-83.58192,37.89008],[-83.58176,37.89031],[-83.58175,37.89054],[-83.58181,37.89074],[-83.58213,37.89108],[-83.58225,37.8912],[-83.5822,37.89138],[-83.58199,37.89168],[-83.58193,37.89201],[-83.58195,37.89228],[-83.58217,37.89256],[-83.58243,37.89271],[-83.5828,37.89281],[-83.58313,37.89278],[-83.58334,37.8927],[-83.58368,37.89251],[-83.58403,37.89223],[-83.58417,37.89226],[-83.5842,37.89241],[-83.58414,37.89261],[-83.58397,37.89282],[-83.58369,37.89297],[-83.58369,37.89301],[-83.58341,37.89329],[-83.58302,37.89358],[-83.58269,37.89388],[-83.58265,37.89393],[-83.58264,37.89398],[-83.58254,37.89434],[-83.5825,37.89464],[-83.58245,37.89476],[-83.58235,37.89497],[-83.5823,37.89517],[-83.58231,37.89527],[-83.58239,37.89553],[-83.58246,37.89556],[-83.5825,37.89558],[-83.58279,37.8956],[-83.58305,37.89559],[-83.58349,37.89557],[-83.58374,37.89554],[-83.58391,37.89551],[-83.58403,37.89552],[-83.58414,37.89557],[-83.58421,37.89561],[-83.58435,37.89574],[-83.58442,37.89584],[-83.58445,37.89604],[-83.58442,37.89616],[-83.58439,37.89625],[-83.58422,37.8967],[-83.58404,37.89703],[-83.58394,37.89717],[-83.58371,37.89744],[-83.5832,37.89801],[-83.58294,37.89841],[-83.58289,37.89853],[-83.58281,37.89877],[-83.58275,37.89915],[-83.58276,37.89927],[-83.58286,37.89947],[-83.58293,37.89951],[-83.58299,37.89955],[-83.58345,37.89967],[-83.58365,37.89972],[-83.58379,37.89974],[-83.58386,37.89973],[-83.58393,37.89973],[-83.58406,37.89969],[-83.58473,37.89943],[-83.58517,37.89918],[-83.58522,37.89913],[-83.58528,37.89906],[-83.58531,37.899],[-83.58546,37.89885],[-83.5855,37.89884],[-83.5856,37.89884],[-83.58623,37.89907],[-83.58632,37.89912],[-83.58637,37.89919],[-83.58642,37.89926],[-83.58644,37.89935],[-83.58642,37.89949],[-83.58641,37.8997],[-83.58636,37.90014],[-83.58639,37.90042],[-83.58642,37.90051],[-83.58651,37.90077],[-83.58677,37.90141],[-83.58682,37.90153],[-83.58689,37.90164],[-83.58691,37.90171],[-83.58693,37.90174],[-83.58692,37.90182],[-83.58682,37.90199],[-83.58671,37.90214],[-83.58667,37.90226],[-83.58665,37.90234],[-83.58665,37.90243],[-83.58666,37.90253],[-83.58672,37.90283],[-83.58672,37.90292],[-83.5867,37.90301],[-83.58667,37.90309],[-83.58648,37.90331],[-83.58644,37.90342],[-83.58645,37.90362],[-83.58658,37.904],[-83.58668,37.90413],[-83.58677,37.90422],[-83.5872,37.90451],[-83.5873,37.90457],[-83.58736,37.90459],[-83.58744,37.90461],[-83.58748,37.90462],[-83.58784,37.9046],[-83.58795,37.90453],[-83.58805,37.90446],[-83.58839,37.90409],[-83.58841,37.90402],[-83.58847,37.90372],[-83.58847,37.90361],[-83.58846,37.90332],[-83.58848,37.90327],[-83.58863,37.90301],[-83.5887,37.90299],[-83.58879,37.90299],[-83.58887,37.90302],[-83.58946,37.90329],[-83.58958,37.90331],[-83.58965,37.9033],[-83.58996,37.90329],[-83.59006,37.90335],[-83.59014,37.90343],[-83.59017,37.90351],[-83.5903,37.90384],[-83.59038,37.9039],[-83.59042,37.90392],[-83.59048,37.90395],[-83.59057,37.90397],[-83.59069,37.90393],[-83.59075,37.90385],[-83.59101,37.90267],[-83.59106,37.90251],[-83.59122,37.90202],[-83.59125,37.90175],[-83.59121,37.90172],[-83.59052,37.90131],[-83.59039,37.90122],[-83.59002,37.90094],[-83.5899,37.90084],[-83.58954,37.90049],[-83.58949,37.90042],[-83.58945,37.90023],[-83.58944,37.90006],[-83.58948,37.89989],[-83.58952,37.89979],[-83.58957,37.89966],[-83.58989,37.89913],[-83.58996,37.89905],[-83.59002,37.89899],[-83.59009,37.89893],[-83.59033,37.89876],[-83.5904,37.89869],[-83.59042,37.89863],[-83.59043,37.89857],[-83.59043,37.89839],[-83.59043,37.89836],[-83.59042,37.89828],[-83.59038,37.89821],[-83.59034,37.89815],[-83.59025,37.89809],[-83.59015,37.89802],[-83.59004,37.89795],[-83.58912,37.89767],[-83.58892,37.89763],[-83.58849,37.89748],[-83.58841,37.89744],[-83.58834,37.8974],[-83.58828,37.89735],[-83.58821,37.89728],[-83.58811,37.89708],[-83.58804,37.89701],[-83.58797,37.89698],[-83.58788,37.89696],[-83.58755,37.89684],[-83.58753,37.8968],[-83.58752,37.89672],[-83.58756,37.89667],[-83.58761,37.89663],[-83.58809,37.8964],[-83.58843,37.89621],[-83.58849,37.89611],[-83.5885,37.89598],[-83.58847,37.89586],[-83.58833,37.89569],[-83.58816,37.89557],[-83.58794,37.89545],[-83.5877,37.89527],[-83.58763,37.89519],[-83.58762,37.89507],[-83.58769,37.89494],[-83.58774,37.8949],[-83.58794,37.89477],[-83.58871,37.89448],[-83.58874,37.89443],[-83.58883,37.89434],[-83.58885,37.89427],[-83.58884,37.89418],[-83.58881,37.89412],[-83.58875,37.89405],[-83.58861,37.89396],[-83.58785,37.89359],[-83.58717,37.89336],[-83.58685,37.89316],[-83.58681,37.89312],[-83.58677,37.89307],[-83.58674,37.893],[-83.58665,37.89254],[-83.58662,37.89225],[-83.58664,37.89218],[-83.58666,37.89213],[-83.58678,37.89207],[-83.58685,37.89203],[-83.58695,37.89203],[-83.587,37.89205],[-83.58728,37.89226],[-83.58737,37.89227],[-83.58746,37.89227],[-83.58781,37.89224],[-83.58791,37.89228],[-83.58795,37.89231],[-83.58816,37.89245],[-83.58826,37.89247],[-83.58835,37.89248],[-83.5893,37.89244],[-83.5896,37.89246],[-83.58978,37.89249],[-83.58993,37.89252],[-83.59018,37.89259],[-83.59074,37.89276],[-83.59086,37.89278],[-83.59094,37.89278],[-83.59105,37.89275],[-83.5912,37.89257],[-83.59162,37.89198],[-83.59173,37.89184],[-83.59223,37.89122],[-83.59227,37.89115],[-83.59233,37.89105],[-83.59245,37.89068],[-83.59241,37.8906],[-83.59233,37.89055],[-83.59223,37.89052],[-83.59213,37.89051],[-83.59204,37.89051],[-83.59199,37.89052],[-83.59165,37.89063],[-83.59152,37.89066],[-83.59127,37.89069],[-83.59096,37.89068],[-83.59038,37.89059],[-83.5893,37.89028],[-83.58815,37.89027],[-83.58851,37.88902],[-83.58813,37.8887],[-83.588,37.88866],[-83.5879,37.88865],[-83.58782,37.88864],[-83.58773,37.88865],[-83.58763,37.88866],[-83.58749,37.8887],[-83.58737,37.88873],[-83.58728,37.88878],[-83.58716,37.88886],[-83.58706,37.88895],[-83.587,37.889],[-83.58664,37.88925],[-83.58602,37.88979],[-83.58552,37.88998],[-83.58535,37.89],[-83.58527,37.89001],[-83.58511,37.8899],[-83.58508,37.88976],[-83.58516,37.88962],[-83.58528,37.88945],[-83.58525,37.88935],[-83.5852,37.88929],[-83.58504,37.8892],[-83.58498,37.88907],[-83.58496,37.88884],[-83.5851,37.88865],[-83.58526,37.88854],[-83.58544,37.88849],[-83.58546,37.88844],[-83.58542,37.8884],[-83.58533,37.88839],[-83.58518,37.88836],[-83.58497,37.88834],[-83.58488,37.88825],[-83.58491,37.88813],[-83.58505,37.88803],[-83.58541,37.88781],[-83.5856,37.88762],[-83.5856,37.88745],[-83.58545,37.88727],[-83.58518,37.88674],[-83.58516,37.88659],[-83.58522,37.8863],[-83.5855,37.88589],[-83.58561,37.88582],[-83.5857,37.88574],[-83.58579,37.88569],[-83.58588,37.88564],[-83.58613,37.88554],[-83.58645,37.88559],[-83.58697,37.88573],[-83.58732,37.88569],[-83.58769,37.88545],[-83.58791,37.88527],[-83.58813,37.88524],[-83.58822,37.88524],[-83.58829,37.88526],[-83.58837,37.88528],[-83.58842,37.88528],[-83.58847,37.88526],[-83.58851,37.8852],[-83.58854,37.88498],[-83.58849,37.88486],[-83.58839,37.88477],[-83.58823,37.88468],[-83.58726,37.88411],[-83.58712,37.88405],[-83.58689,37.88399],[-83.58671,37.88396],[-83.58621,37.88378],[-83.58601,37.88369],[-83.58585,37.88361],[-83.5857,37.8835],[-83.58533,37.88302],[-83.58534,37.88293],[-83.58537,37.88287],[-83.5854,37.88283],[-83.58552,37.88258],[-83.58594,37.88228],[-83.58644,37.88207],[-83.58701,37.88197],[-83.58742,37.88195],[-83.58776,37.88197],[-83.5878,37.88169],[-83.58792,37.88134],[-83.58808,37.88118],[-83.58826,37.88109],[-83.58836,37.88108],[-83.58877,37.88101],[-83.58938,37.88103],[-83.58953,37.88104],[-83.58994,37.88103],[-83.58997,37.88104],[-83.59006,37.88107],[-83.59033,37.88121],[-83.59039,37.88125],[-83.59052,37.88133],[-83.59088,37.88159],[-83.5909,37.88161],[-83.59094,37.88166],[-83.59099,37.88169],[-83.59102,37.88172],[-83.59109,37.88179],[-83.59125,37.88205],[-83.59141,37.88254],[-83.59155,37.88296],[-83.59157,37.883],[-83.59161,37.88314],[-83.59162,37.88317],[-83.59167,37.88324],[-83.59169,37.88327],[-83.59176,37.88336],[-83.5918,37.88342],[-83.59206,37.88374],[-83.59208,37.88376],[-83.59232,37.88412],[-83.59237,37.88425],[-83.59242,37.88439],[-83.59247,37.88461],[-83.59252,37.88541],[-83.59263,37.88581],[-83.59268,37.88594],[-83.59283,37.88617],[-83.59312,37.88643],[-83.59319,37.88645],[-83.59329,37.88644],[-83.59338,37.88642],[-83.59358,37.88634],[-83.59475,37.88588],[-83.59573,37.88547],[-83.59651,37.88529],[-83.59663,37.88529],[-83.59676,37.88532],[-83.59684,37.88535],[-83.59696,37.88544],[-83.59714,37.88565],[-83.59726,37.88567],[-83.59735,37.88568],[-83.59744,37.88567],[-83.59792,37.88526],[-83.59832,37.88483],[-83.59844,37.88466],[-83.59852,37.88464],[-83.59861,37.88464],[-83.59875,37.88469],[-83.59885,37.88475],[-83.59893,37.8848],[-83.59902,37.88486],[-83.59911,37.8849],[-83.5992,37.88491],[-83.59932,37.8849],[-83.59938,37.88488],[-83.59945,37.88479],[-83.59949,37.8847],[-83.59946,37.88448],[-83.59936,37.88412],[-83.59943,37.88404],[-83.59949,37.88398],[-83.59957,37.88393],[-83.59963,37.88387],[-83.59969,37.88378],[-83.5997,37.88371],[-83.5997,37.88365],[-83.59967,37.88341],[-83.59971,37.88336],[-83.59978,37.88333],[-83.5999,37.88332],[-83.60003,37.88337],[-83.6003,37.88348],[-83.60042,37.88352],[-83.60054,37.88354],[-83.60063,37.88353],[-83.60071,37.88352],[-83.60089,37.88339],[-83.6009,37.88332],[-83.60086,37.88325],[-83.60044,37.88282],[-83.60036,37.8827],[-83.60007,37.88237],[-83.60003,37.88227],[-83.60001,37.8822],[-83.60004,37.88206],[-83.60009,37.88193],[-83.60024,37.8815],[-83.60045,37.88079],[-83.60045,37.88066],[-83.60043,37.88059],[-83.60037,37.88048],[-83.6003,37.88026],[-83.60031,37.88016],[-83.60038,37.87967],[-83.60068,37.87818],[-83.60082,37.87783],[-83.60091,37.87779],[-83.60103,37.8778],[-83.60111,37.87784],[-83.60116,37.87786],[-83.60174,37.87815],[-83.60188,37.87826],[-83.60244,37.87865],[-83.60322,37.8792],[-83.60363,37.87951],[-83.6037,37.87957],[-83.60374,37.87963],[-83.60379,37.87971],[-83.60382,37.87977],[-83.60384,37.87986],[-83.60384,37.88033],[-83.60384,37.8807],[-83.60389,37.88083],[-83.60396,37.88086],[-83.60404,37.88088],[-83.60415,37.88088],[-83.60434,37.88086],[-83.60476,37.88078],[-83.60486,37.8808],[-83.60496,37.88083],[-83.60506,37.88086],[-83.60513,37.8809],[-83.6052,37.88097],[-83.60524,37.88104],[-83.60523,37.8812],[-83.60516,37.88129],[-83.60506,37.88136],[-83.60457,37.8816],[-83.60424,37.8819],[-83.60417,37.88199],[-83.60413,37.88207],[-83.60414,37.88216],[-83.60413,37.88225],[-83.60415,37.88233],[-83.6042,37.88249],[-83.60425,37.88263],[-83.60435,37.88281],[-83.60447,37.88293],[-83.60485,37.88318],[-83.60528,37.88349],[-83.60539,37.8836],[-83.60546,37.88371],[-83.60552,37.88383],[-83.60567,37.88414],[-83.60575,37.88419],[-83.60582,37.88422],[-83.60603,37.88424],[-83.60611,37.88417],[-83.60615,37.88403],[-83.60623,37.8833],[-83.60625,37.88286],[-83.60638,37.88248],[-83.60644,37.88242],[-83.6065,37.88236],[-83.6066,37.88231],[-83.60669,37.88228],[-83.60681,37.88226],[-83.60692,37.88225],[-83.60703,37.88226],[-83.60716,37.88229],[-83.60727,37.88237],[-83.60738,37.88277],[-83.60751,37.88295],[-83.60769,37.8831],[-83.60808,37.88331],[-83.60876,37.88366],[-83.60891,37.88377],[-83.60935,37.88412],[-83.60944,37.88422],[-83.60949,37.88436],[-83.60949,37.88449],[-83.60954,37.88505],[-83.60961,37.88511],[-83.60969,37.88515],[-83.60982,37.88518],[-83.60992,37.88517],[-83.61002,37.88514],[-83.61013,37.88506],[-83.61019,37.88498],[-83.61022,37.88488],[-83.61041,37.88458],[-83.6105,37.88453],[-83.61059,37.88452],[-83.61069,37.88452],[-83.61077,37.88453],[-83.61091,37.88462],[-83.61103,37.88473],[-83.61117,37.88512],[-83.61125,37.88532],[-83.61147,37.88575],[-83.6116,37.88589],[-83.61176,37.88603],[-83.61225,37.88632],[-83.61238,37.88653],[-83.61263,37.88678],[-83.6129,37.88692],[-83.6132,37.88699],[-83.61341,37.887],[-83.61345,37.88695],[-83.61352,37.88687],[-83.61354,37.88667],[-83.61348,37.88648],[-83.61341,37.88635],[-83.61341,37.88626],[-83.6134,37.88619],[-83.61337,37.88613],[-83.61322,37.88591],[-83.6132,37.88571],[-83.61329,37.88525],[-83.61332,37.88516],[-83.61336,37.88506],[-83.61342,37.88496],[-83.61348,37.88488],[-83.61358,37.88472],[-83.61384,37.88443],[-83.61385,37.88435],[-83.61384,37.88429],[-83.61357,37.88398],[-83.6135,37.88397],[-83.61341,37.88397],[-83.61277,37.88395],[-83.61263,37.88389],[-83.61254,37.88382],[-83.61189,37.88311],[-83.61183,37.88301],[-83.6118,37.88293],[-83.61172,37.88263],[-83.61164,37.88247],[-83.6116,37.88243],[-83.61152,37.88236],[-83.61142,37.88232],[-83.6113,37.88229],[-83.61114,37.88228],[-83.61105,37.88225],[-83.611,37.88222],[-83.61092,37.88214],[-83.61086,37.88206],[-83.61078,37.88201],[-83.61071,37.88197],[-83.61054,37.88192],[-83.60997,37.88179],[-83.60984,37.88174],[-83.60972,37.88168],[-83.6096,37.88162],[-83.60946,37.88153],[-83.60936,37.88145],[-83.60927,37.88136],[-83.60917,37.88124],[-83.60907,37.88111],[-83.60897,37.88097],[-83.60882,37.88083],[-83.60874,37.88075],[-83.60801,37.88006],[-83.60763,37.87976],[-83.60752,37.87972],[-83.60739,37.87968],[-83.60698,37.87953],[-83.60694,37.87947],[-83.60694,37.8794],[-83.60696,37.87932],[-83.60701,37.87922],[-83.60719,37.87888],[-83.60719,37.87879],[-83.60718,37.8787],[-83.60715,37.87863],[-83.60709,37.87855],[-83.60693,37.87842],[-83.60681,37.87838],[-83.60671,37.87836],[-83.60591,37.87841],[-83.60548,37.87831],[-83.60541,37.87824],[-83.60536,37.87816],[-83.60535,37.87807],[-83.60535,37.87799],[-83.60533,37.8778],[-83.60528,37.87771],[-83.60511,37.87754],[-83.60498,37.8775],[-83.6047,37.87738],[-83.60462,37.87733],[-83.60455,37.87724],[-83.60449,37.87712],[-83.60436,37.87684],[-83.60414,37.87631],[-83.60415,37.87625],[-83.60418,37.87616],[-83.60422,37.87605],[-83.60427,37.87593],[-83.60434,37.87574],[-83.60442,37.87545],[-83.60443,37.87535],[-83.60431,37.87517],[-83.60421,37.87509],[-83.60414,37.87508],[-83.60351,37.87502],[-83.60282,37.87496],[-83.6023,37.87492],[-83.60207,37.87489],[-83.60186,37.87485],[-83.60165,37.8748],[-83.60147,37.87474],[-83.60131,37.87469],[-83.60116,37.87463],[-83.60108,37.87459],[-83.601,37.87453],[-83.60091,37.87446],[-83.60085,37.87437],[-83.60088,37.87425],[-83.60097,37.87417],[-83.60104,37.87414],[-83.60144,37.87413],[-83.60161,37.87411],[-83.60176,37.87406],[-83.60189,37.87397],[-83.60195,37.87388],[-83.60197,37.87372],[-83.60195,37.8735],[-83.60186,37.87319],[-83.60181,37.873],[-83.60178,37.87288],[-83.60176,37.87277],[-83.60178,37.87262],[-83.60182,37.87251],[-83.60186,37.8724],[-83.60188,37.87229],[-83.60187,37.872],[-83.60189,37.87151],[-83.60196,37.87133],[-83.60202,37.87119],[-83.60206,37.87113],[-83.60208,37.87109],[-83.6022,37.87103],[-83.60234,37.87101],[-83.60249,37.87107],[-83.60262,37.87116],[-83.6027,37.87124],[-83.60283,37.87145],[-83.60304,37.87173],[-83.60321,37.87192],[-83.60331,37.87203],[-83.6034,37.87209],[-83.60352,37.87216],[-83.60365,37.87223],[-83.6037,37.87228],[-83.60372,37.87236],[-83.60374,37.87246],[-83.60374,37.87254],[-83.60376,37.87269],[-83.60378,37.87285],[-83.60382,37.87294],[-83.60385,37.87302],[-83.60396,37.87312],[-83.60415,37.87323],[-83.60428,37.87331],[-83.60437,37.87333],[-83.60479,37.87342],[-83.605,37.87346],[-83.60511,37.87349],[-83.60521,37.87356],[-83.60526,37.87361],[-83.60557,37.87394],[-83.60569,37.87407],[-83.60575,37.87417],[-83.60585,37.87435],[-83.60633,37.87509],[-83.60653,37.8752],[-83.60662,37.87536],[-83.60664,37.87543],[-83.60673,37.87575],[-83.6068,37.87581],[-83.60687,37.87584],[-83.60693,37.87585],[-83.607,37.87585],[-83.60709,37.87585],[-83.60735,37.87566],[-83.60742,37.87562],[-83.60747,37.87561],[-83.60758,37.87564],[-83.60768,37.87568],[-83.60784,37.87571],[-83.60832,37.87578],[-83.60841,37.87582],[-83.60848,37.87587],[-83.60854,37.87597],[-83.60858,37.87635],[-83.60866,37.87671],[-83.60874,37.87675],[-83.60881,37.87677],[-83.60888,37.87679],[-83.60898,37.87679],[-83.60905,37.87679],[-83.6092,37.87664],[-83.60938,37.87643],[-83.60944,37.87641],[-83.60952,37.87642],[-83.60958,37.87646],[-83.60961,37.87648],[-83.60968,37.87658],[-83.60981,37.87703],[-83.61003,37.87749],[-83.61011,37.87757],[-83.61017,37.87764],[-83.61054,37.87792],[-83.61063,37.87799],[-83.61068,37.87804],[-83.61071,37.8781],[-83.61069,37.87853],[-83.61066,37.879],[-83.61074,37.87903],[-83.6109,37.87904],[-83.61128,37.87895],[-83.61131,37.87889],[-83.61133,37.87879],[-83.61126,37.87827],[-83.61126,37.87793],[-83.61131,37.87782],[-83.61138,37.87771],[-83.6115,37.87743],[-83.61151,37.87733],[-83.61148,37.87706],[-83.61139,37.87659],[-83.61144,37.87652],[-83.61149,37.87649],[-83.61156,37.87647],[-83.61181,37.87645],[-83.61192,37.87649],[-83.61205,37.87654],[-83.61285,37.87703],[-83.6137,37.8776],[-83.61381,37.87768],[-83.61437,37.87814],[-83.61447,37.87818],[-83.61457,37.87818],[-83.61519,37.87814],[-83.6158,37.87809],[-83.61587,37.87803],[-83.61613,37.87751],[-83.61634,37.87698],[-83.6165,37.87663],[-83.61644,37.87662],[-83.61636,37.87666],[-83.61571,37.87687],[-83.61565,37.87687],[-83.61528,37.87688],[-83.61516,37.87684],[-83.61509,37.8768],[-83.61497,37.87674],[-83.61487,37.8767],[-83.61457,37.87653],[-83.61397,37.87617],[-83.61384,37.87606],[-83.6134,37.87565],[-83.61338,37.87553],[-83.61334,37.8753],[-83.61328,37.87509],[-83.61326,37.87501],[-83.61326,37.87494],[-83.61329,37.87484],[-83.6134,37.87476],[-83.61352,37.87471],[-83.61368,37.87464],[-83.61409,37.87451],[-83.61433,37.87439],[-83.61444,37.8743],[-83.61447,37.87423],[-83.61446,37.87408],[-83.61447,37.87396],[-83.61451,37.87381],[-83.61457,37.87373],[-83.61466,37.87365],[-83.61476,37.87359],[-83.61522,37.87343],[-83.61539,37.87335],[-83.61551,37.87325],[-83.61554,37.87316],[-83.61555,37.87313],[-83.61553,37.87303],[-83.61547,37.87299],[-83.61544,37.87298],[-83.6153,37.87295],[-83.61508,37.87296],[-83.61493,37.87299],[-83.61484,37.87301],[-83.61447,37.87317],[-83.61425,37.87328],[-83.61409,37.87334],[-83.61397,37.87339],[-83.61368,37.87349],[-83.6132,37.87361],[-83.61291,37.8737],[-83.61259,37.8738],[-83.61243,37.87386],[-83.61206,37.87396],[-83.6117,37.87405],[-83.61145,37.8741],[-83.61129,37.87413],[-83.61116,37.87414],[-83.61093,37.87415],[-83.61066,37.87419],[-83.61044,37.87422],[-83.61019,37.87424],[-83.60986,37.87424],[-83.60962,37.87421],[-83.60941,37.87416],[-83.60927,37.87412],[-83.60909,37.8741],[-83.60892,37.8741],[-83.60881,37.87411],[-83.60872,37.87409],[-83.60862,37.87405],[-83.60856,37.874],[-83.60854,37.8739],[-83.60855,37.87378],[-83.60859,37.87371],[-83.60892,37.87349],[-83.60911,37.87335],[-83.60916,37.87328],[-83.6092,37.8732],[-83.60921,37.87312],[-83.60919,37.87302],[-83.60915,37.87294],[-83.60909,37.87288],[-83.60874,37.8727],[-83.60859,37.87261],[-83.60851,37.87257],[-83.60849,37.87254],[-83.60847,37.87246],[-83.60847,37.8724],[-83.60857,37.87206],[-83.60859,37.87201],[-83.60865,37.87193],[-83.6087,37.87189],[-83.6088,37.87183],[-83.60891,37.87176],[-83.60899,37.8717],[-83.60902,37.87166],[-83.60903,37.87161],[-83.60902,37.87156],[-83.60898,37.87143],[-83.60895,37.87137],[-83.60888,37.87127],[-83.60878,37.87116],[-83.60863,37.87101],[-83.60835,37.87082],[-83.60798,37.87064],[-83.60776,37.87059],[-83.60761,37.87057],[-83.6075,37.87057],[-83.60738,37.8706],[-83.60727,37.87066],[-83.60713,37.87076],[-83.60706,37.87082],[-83.60702,37.87089],[-83.60692,37.87105],[-83.60685,37.87109],[-83.60677,37.87107],[-83.60673,37.87105],[-83.6067,37.87103],[-83.60663,37.87096],[-83.60653,37.87082],[-83.60643,37.87067],[-83.60632,37.87053],[-83.60622,37.87042],[-83.606,37.87028],[-83.60574,37.87014],[-83.60555,37.87004],[-83.60536,37.86995],[-83.60524,37.86986],[-83.60515,37.86979],[-83.60509,37.86973],[-83.60502,37.86962],[-83.60494,37.86946],[-83.60486,37.86926],[-83.6048,37.86916],[-83.60471,37.86908],[-83.60465,37.86903],[-83.60419,37.86888],[-83.60401,37.86878],[-83.60388,37.86867],[-83.60378,37.86858],[-83.60367,37.86852],[-83.60352,37.8685],[-83.60335,37.8685],[-83.60322,37.86849],[-83.60316,37.86848],[-83.60307,37.86845],[-83.60291,37.86833],[-83.60289,37.86824],[-83.60291,37.86815],[-83.60298,37.86807],[-83.60316,37.86795],[-83.60325,37.86788],[-83.60328,37.86778],[-83.6033,37.86768],[-83.60337,37.86753],[-83.6034,37.86745],[-83.60336,37.86733],[-83.60333,37.86729],[-83.60306,37.86703],[-83.60276,37.86679],[-83.60259,37.86661],[-83.60254,37.86651],[-83.60251,37.86641],[-83.6025,37.86632],[-83.60252,37.86626],[-83.60257,37.86619],[-83.60262,37.86617],[-83.60268,37.86614],[-83.60283,37.86615],[-83.60297,37.8662],[-83.60312,37.86628],[-83.60342,37.86644],[-83.6038,37.86669],[-83.60389,37.86674],[-83.60407,37.86676],[-83.60422,37.86675],[-83.60436,37.86674],[-83.60449,37.86675],[-83.60461,37.86677],[-83.6047,37.86683],[-83.60481,37.86692],[-83.60483,37.867],[-83.60485,37.86705],[-83.60489,37.86721],[-83.60494,37.8673],[-83.60503,37.86735],[-83.60514,37.86737],[-83.60542,37.86735],[-83.60558,37.86732],[-83.6057,37.86726],[-83.60585,37.86718],[-83.60597,37.8671],[-83.60611,37.86705],[-83.60623,37.86702],[-83.60637,37.86701],[-83.60652,37.86701],[-83.60659,37.86703],[-83.6069,37.86709],[-83.60704,37.86711],[-83.60717,37.8671],[-83.60733,37.86703],[-83.60742,37.86695],[-83.60748,37.86688],[-83.60754,37.86683],[-83.60763,37.86682],[-83.60774,37.86683],[-83.60789,37.86687],[-83.60801,37.86688],[-83.60822,37.86687],[-83.60834,37.86688],[-83.60843,37.86692],[-83.60852,37.86701],[-83.60855,37.8671],[-83.6086,37.8673],[-83.60865,37.86741],[-83.60873,37.86751],[-83.60877,37.86755],[-83.60902,37.86777],[-83.60918,37.86794],[-83.60925,37.86806],[-83.60931,37.86818],[-83.60933,37.86825],[-83.60938,37.86867],[-83.60938,37.86902],[-83.60935,37.86914],[-83.60932,37.86923],[-83.60934,37.86933],[-83.6094,37.86938],[-83.60957,37.86942],[-83.60979,37.8694],[-83.60991,37.86934],[-83.61007,37.86923],[-83.61016,37.86908],[-83.61018,37.86895],[-83.61026,37.86851],[-83.61029,37.86834],[-83.61037,37.86814],[-83.61046,37.868],[-83.6105,37.86793],[-83.61068,37.86775],[-83.61079,37.86767],[-83.61094,37.86763],[-83.6111,37.86762],[-83.61125,37.86764],[-83.61135,37.86768],[-83.61154,37.86778],[-83.61162,37.86783],[-83.61189,37.86801],[-83.612,37.8681],[-83.61213,37.86815],[-83.61236,37.86817],[-83.6126,37.86816],[-83.61279,37.86814],[-83.61293,37.86808],[-83.61305,37.86801],[-83.61313,37.86794],[-83.61325,37.86788],[-83.61331,37.86786],[-83.61357,37.86785],[-83.61386,37.86783],[-83.61402,37.86784],[-83.61417,37.86787],[-83.61428,37.8679],[-83.61439,37.86799],[-83.61454,37.86811],[-83.61464,37.8682],[-83.61476,37.86825],[-83.61485,37.86827],[-83.61497,37.86828],[-83.61505,37.86826],[-83.6153,37.86816],[-83.61546,37.8681],[-83.61561,37.86805],[-83.61578,37.86802],[-83.61584,37.86802],[-83.61609,37.86802],[-83.61643,37.86805],[-83.61667,37.86806],[-83.61689,37.8681],[-83.61707,37.86814],[-83.61727,37.86817],[-83.61752,37.8682],[-83.61769,37.86821],[-83.61781,37.8682],[-83.61789,37.8682],[-83.61818,37.86818],[-83.61837,37.86816],[-83.61858,37.86817],[-83.61876,37.86822],[-83.61893,37.86828],[-83.61904,37.86835],[-83.61912,37.86843],[-83.61918,37.86849],[-83.61947,37.86877],[-83.61967,37.86903],[-83.61981,37.86917],[-83.61992,37.86923],[-83.62,37.8692],[-83.62009,37.86907],[-83.6202,37.86883],[-83.62023,37.86879],[-83.62029,37.86869],[-83.62039,37.86858],[-83.62046,37.86853],[-83.62055,37.86851],[-83.62059,37.86851],[-83.62133,37.86861],[-83.62172,37.86869],[-83.62206,37.86875],[-83.62235,37.86883],[-83.62279,37.86897],[-83.62321,37.86907],[-83.62345,37.86915],[-83.62371,37.86921],[-83.62376,37.86921],[-83.62382,37.86922],[-83.62391,37.86922],[-83.62396,37.86922],[-83.624,37.86921],[-83.62408,37.8692],[-83.62411,37.86921],[-83.62416,37.86917],[-83.62421,37.86914],[-83.62421,37.8691],[-83.62417,37.869],[-83.62414,37.86897],[-83.62389,37.86882],[-83.62336,37.86863],[-83.623,37.86847],[-83.62281,37.86837],[-83.62269,37.86827],[-83.62259,37.86814],[-83.62252,37.86807],[-83.6224,37.86803],[-83.62228,37.86802],[-83.62213,37.86802],[-83.62196,37.86798],[-83.62185,37.86792],[-83.62174,37.8678],[-83.62167,37.86768],[-83.62157,37.86759],[-83.62148,37.86756],[-83.62134,37.86755],[-83.62118,37.86764],[-83.62109,37.86772],[-83.62102,37.86774],[-83.62096,37.86773],[-83.62067,37.86758],[-83.62049,37.86745],[-83.62035,37.86731],[-83.62018,37.86717],[-83.61998,37.86707],[-83.61983,37.86702],[-83.6197,37.867],[-83.61945,37.86697],[-83.61915,37.86695],[-83.61894,37.86695],[-83.6187,37.86693],[-83.61845,37.86687],[-83.61822,37.86678],[-83.61812,37.86674],[-83.61751,37.86637],[-83.61712,37.86611],[-83.61687,37.86594],[-83.61675,37.86582],[-83.61666,37.8657],[-83.61657,37.86551],[-83.61643,37.86526],[-83.61634,37.86509],[-83.61624,37.86498],[-83.6161,37.86488],[-83.61601,37.86484],[-83.61595,37.86484],[-83.61552,37.86495],[-83.61496,37.8651],[-83.61475,37.86517],[-83.61471,37.86517],[-83.61462,37.86519],[-83.61399,37.86536],[-83.61348,37.86535],[-83.61302,37.86524],[-83.61244,37.86501],[-83.61223,37.86494],[-83.61195,37.8649],[-83.61167,37.86491],[-83.61136,37.86493],[-83.61089,37.86497],[-83.61072,37.86496],[-83.61037,37.86488],[-83.61003,37.86476],[-83.60976,37.86465],[-83.60961,37.86458],[-83.60953,37.8645],[-83.60947,37.86432],[-83.60935,37.86412],[-83.6092,37.86388],[-83.60903,37.86373],[-83.60877,37.86357],[-83.60857,37.86341],[-83.60825,37.86327],[-83.60784,37.86324],[-83.60747,37.86321],[-83.60729,37.86314],[-83.60723,37.86296],[-83.60721,37.86266],[-83.60717,37.86243],[-83.60698,37.86219],[-83.60672,37.86211],[-83.60638,37.8621],[-83.60613,37.86219],[-83.60573,37.86227],[-83.60501,37.86242],[-83.60485,37.86244],[-83.60477,37.8625],[-83.60472,37.8627],[-83.60453,37.86285],[-83.60424,37.86292],[-83.60384,37.86292],[-83.60349,37.86283],[-83.6031,37.86273],[-83.60284,37.86257],[-83.60277,37.86244],[-83.60278,37.86199],[-83.6028,37.86182],[-83.60282,37.86141],[-83.60284,37.86121],[-83.60291,37.86103],[-83.60303,37.86087],[-83.60322,37.86075],[-83.60339,37.86066],[-83.60352,37.86056],[-83.60367,37.86042],[-83.60371,37.86028],[-83.6036,37.86014],[-83.60337,37.86008],[-83.60316,37.86008],[-83.60307,37.85998],[-83.6029,37.8599],[-83.6027,37.85991],[-83.60236,37.86004],[-83.60169,37.86033],[-83.60125,37.86057],[-83.60082,37.86077],[-83.6006,37.86084],[-83.60032,37.86088],[-83.60013,37.86083],[-83.59988,37.86071],[-83.59983,37.86061],[-83.59989,37.86046],[-83.60022,37.86017],[-83.60076,37.85976],[-83.60118,37.85947],[-83.60133,37.85932],[-83.60154,37.85918],[-83.60159,37.85908],[-83.60161,37.8589],[-83.60165,37.85867],[-83.60173,37.85848],[-83.60185,37.8582],[-83.60193,37.85803],[-83.6019,37.85791],[-83.6018,37.85779],[-83.60166,37.85776],[-83.6014,37.85774],[-83.60102,37.85784],[-83.60055,37.85791],[-83.60013,37.85804],[-83.5998,37.85812],[-83.59954,37.85817],[-83.59935,37.85817],[-83.59917,37.85811],[-83.59898,37.85798],[-83.5989,37.85785],[-83.59882,37.85746],[-83.59879,37.85718],[-83.59874,37.85706],[-83.59842,37.85692],[-83.59799,37.85682],[-83.59779,37.85674],[-83.59769,37.8567],[-83.59753,37.85658],[-83.59751,37.85648],[-83.59752,37.85645],[-83.59758,37.85633],[-83.59788,37.85618],[-83.59822,37.85603],[-83.59838,37.85592],[-83.5985,37.85578],[-83.59858,37.85558],[-83.59856,37.85542],[-83.59858,37.8553],[-83.59875,37.85513],[-83.59912,37.85509],[-83.59929,37.85512],[-83.59968,37.85518],[-83.60008,37.85519],[-83.60024,37.85518],[-83.60024,37.85517],[-83.60024,37.85517],[-83.6003,37.85503],[-83.60034,37.85487],[-83.60042,37.85478],[-83.60068,37.85478],[-83.60082,37.85485],[-83.60097,37.8552],[-83.60097,37.85521],[-83.60103,37.85545],[-83.60119,37.85563],[-83.60122,37.85565],[-83.60139,37.85578],[-83.60157,37.8558],[-83.6018,37.85577],[-83.60207,37.8556],[-83.60245,37.85532],[-83.60282,37.85511],[-83.60313,37.85506],[-83.60348,37.85512],[-83.60359,37.85526],[-83.60368,37.8555],[-83.60389,37.85574],[-83.60403,37.85586],[-83.6043,37.8561],[-83.60486,37.85667],[-83.60629,37.85708],[-83.60636,37.85706],[-83.60644,37.85703],[-83.60649,37.85687],[-83.60656,37.85671],[-83.60651,37.85657],[-83.60645,37.85635],[-83.60629,37.85608],[-83.60621,37.8559],[-83.60619,37.85568],[-83.60623,37.85549],[-83.60629,37.85542],[-83.60636,37.85526],[-83.60635,37.85511],[-83.60624,37.85494],[-83.60609,37.85482],[-83.60605,37.85479],[-83.60594,37.85463],[-83.60585,37.85438],[-83.60585,37.85419],[-83.60586,37.85396],[-83.6059,37.8538],[-83.60608,37.85366],[-83.60629,37.85355],[-83.60639,37.85349],[-83.60651,37.85341],[-83.60656,37.85336],[-83.60632,37.85336],[-83.60624,37.85336],[-83.60586,37.85333],[-83.60578,37.85332],[-83.60548,37.85331],[-83.60505,37.85323],[-83.60469,37.8532],[-83.60448,37.85318],[-83.60423,37.8532],[-83.60399,37.8532],[-83.60379,37.85322],[-83.60369,37.85323],[-83.6035,37.8532],[-83.60319,37.85309],[-83.60317,37.85307],[-83.60299,37.85296],[-83.60288,37.8528],[-83.60273,37.85254],[-83.60272,37.85243],[-83.60272,37.85237],[-83.60277,37.85222],[-83.60283,37.85214],[-83.6029,37.8521],[-83.60301,37.8521],[-83.60327,37.85219],[-83.6036,37.85227],[-83.60397,37.85235],[-83.60463,37.85242],[-83.60524,37.8524],[-83.60581,37.85236],[-83.60601,37.85234],[-83.60615,37.85234],[-83.60651,37.85238],[-83.60668,37.85241],[-83.60685,37.85241],[-83.60697,37.85237],[-83.60718,37.85211],[-83.60728,37.85196],[-83.6073,37.85192],[-83.60738,37.85181],[-83.60753,37.85167],[-83.60767,37.85157],[-83.60782,37.85147],[-83.60789,37.85138],[-83.60791,37.85132],[-83.60795,37.85117],[-83.60792,37.85081],[-83.6079,37.85054],[-83.6077,37.85028],[-83.60749,37.85011],[-83.60727,37.84999],[-83.60708,37.84995],[-83.60685,37.84997],[-83.60669,37.84996],[-83.60654,37.84993],[-83.60641,37.84981],[-83.60631,37.8496],[-83.60627,37.84936],[-83.60615,37.84921],[-83.60603,37.84916],[-83.60585,37.84916],[-83.6056,37.84924],[-83.60542,37.84926],[-83.6051,37.84931],[-83.60491,37.84934],[-83.6048,37.84932],[-83.60473,37.84931],[-83.60469,37.84925],[-83.60468,37.84924],[-83.60457,37.84912],[-83.6043,37.84894],[-83.60382,37.84877],[-83.60348,37.84871],[-83.60342,37.8487],[-83.60305,37.84865],[-83.60243,37.84862],[-83.60214,37.84866],[-83.60204,37.84867],[-83.60153,37.84877],[-83.60114,37.84882],[-83.60095,37.84885],[-83.60093,37.84899],[-83.60091,37.84911],[-83.60086,37.84906],[-83.60081,37.84901],[-83.60081,37.84901],[-83.60071,37.84895],[-83.6006,37.84892],[-83.60046,37.8489],[-83.60031,37.84888],[-83.60024,37.84888],[-83.6,37.84888],[-83.59982,37.84891],[-83.59962,37.84896],[-83.59944,37.84898],[-83.59939,37.84898],[-83.59935,37.84898],[-83.59929,37.84898],[-83.59917,37.84897],[-83.59907,37.84893],[-83.59906,37.84893],[-83.59898,37.84886],[-83.59892,37.84878],[-83.5989,37.84866],[-83.59895,37.8485],[-83.59964,37.84724],[-83.59984,37.84685],[-83.59999,37.84658],[-83.59996,37.84639],[-83.59994,37.84621],[-83.59994,37.84621],[-83.59993,37.84606],[-83.59996,37.8459],[-83.60001,37.84575],[-83.60007,37.84561],[-83.60011,37.84551],[-83.60043,37.8452],[-83.60055,37.84509],[-83.60065,37.845],[-83.60074,37.84492],[-83.60078,37.84487],[-83.60082,37.84482],[-83.60091,37.84474],[-83.60099,37.84469],[-83.60117,37.84461],[-83.60133,37.84456],[-83.60148,37.84455],[-83.60161,37.84455],[-83.6018,37.84456],[-83.60194,37.84459],[-83.60199,37.84442],[-83.60301,37.84152],[-83.60312,37.84123],[-83.60323,37.84101],[-83.60332,37.84095],[-83.60356,37.8408],[-83.60357,37.8408],[-83.60398,37.84063],[-83.60417,37.84054],[-83.60426,37.84049],[-83.60445,37.84034],[-83.60454,37.84025],[-83.60446,37.84012],[-83.60445,37.84011],[-83.60438,37.84001],[-83.60416,37.83992],[-83.60409,37.83979],[-83.60413,37.83948],[-83.60416,37.83929],[-83.60417,37.83875],[-83.60418,37.83827],[-83.60417,37.83804],[-83.60417,37.83799],[-83.60417,37.83799],[-83.60453,37.83776],[-83.605,37.83746],[-83.60525,37.83725],[-83.60548,37.8371],[-83.60534,37.83705],[-83.60481,37.83684],[-83.6045,37.83672],[-83.60445,37.83638],[-83.60443,37.83624],[-83.60444,37.83614],[-83.60445,37.83602],[-83.60447,37.8359],[-83.60451,37.83576],[-83.60458,37.83566],[-83.60471,37.83556],[-83.60483,37.8355],[-83.60515,37.83529],[-83.60486,37.83514],[-83.60478,37.8351],[-83.60476,37.83509],[-83.60462,37.83505],[-83.60445,37.835],[-83.60429,37.83493],[-83.60426,37.83492],[-83.60421,37.83488],[-83.60412,37.83479],[-83.60408,37.83468],[-83.60407,37.83455],[-83.6041,37.83445],[-83.60411,37.83442],[-83.60416,37.83435],[-83.60424,37.83429],[-83.60462,37.83411],[-83.60481,37.834],[-83.60501,37.83389],[-83.60509,37.83385],[-83.60517,37.83364],[-83.60579,37.83348],[-83.60614,37.83339],[-83.60619,37.83337],[-83.60652,37.83329],[-83.60643,37.83324],[-83.60631,37.83317],[-83.60611,37.83312],[-83.60594,37.83309],[-83.60581,37.83308],[-83.60558,37.83305],[-83.60536,37.83302],[-83.6053,37.83299],[-83.60525,37.83297],[-83.6052,37.83294],[-83.605,37.83289],[-83.6048,37.83277],[-83.60467,37.83267],[-83.60456,37.83254],[-83.60446,37.83241],[-83.60444,37.83235],[-83.60439,37.83224],[-83.60433,37.83204],[-83.60429,37.83189],[-83.60428,37.83179],[-83.60427,37.83167],[-83.60427,37.83153],[-83.6043,37.8313],[-83.60434,37.83119],[-83.6044,37.83104],[-83.60452,37.83086],[-83.60463,37.83069],[-83.60472,37.83055],[-83.60478,37.83047],[-83.60486,37.83034],[-83.60482,37.83028],[-83.60474,37.83027],[-83.60462,37.83029],[-83.60398,37.83052],[-83.60383,37.83058],[-83.60363,37.83064],[-83.60328,37.83073],[-83.60309,37.83075],[-83.60285,37.83078],[-83.60263,37.8308],[-83.60241,37.83081],[-83.60241,37.83081],[-83.60233,37.83083],[-83.60224,37.83084],[-83.60196,37.8309],[-83.60173,37.83096],[-83.60138,37.83104],[-83.60108,37.83111],[-83.6008,37.83115],[-83.60059,37.83116],[-83.6004,37.83115],[-83.60027,37.83112],[-83.60015,37.83104],[-83.59941,37.83053],[-83.59928,37.83044],[-83.59923,37.83039],[-83.59919,37.83034],[-83.5991,37.83023],[-83.59893,37.82998],[-83.59887,37.82988],[-83.59873,37.82955],[-83.5987,37.82945],[-83.59865,37.8293],[-83.59859,37.82904],[-83.59855,37.82889],[-83.5985,37.82866],[-83.59836,37.82808],[-83.59834,37.828],[-83.59831,37.82789],[-83.5983,37.82781],[-83.59829,37.82774],[-83.59825,37.82757],[-83.59822,37.8275],[-83.59815,37.82739],[-83.59808,37.8273],[-83.59798,37.82721],[-83.59786,37.82711],[-83.59769,37.82696],[-83.59745,37.8268],[-83.59733,37.82672],[-83.59723,37.8266],[-83.5972,37.82652],[-83.59716,37.8264],[-83.59713,37.82624],[-83.59711,37.82609],[-83.59706,37.82576],[-83.59704,37.82557],[-83.59703,37.82543],[-83.59701,37.82518],[-83.59702,37.82509],[-83.59702,37.82496],[-83.59706,37.82472],[-83.59721,37.82393],[-83.59724,37.82383],[-83.59732,37.82349],[-83.59733,37.82345],[-83.59735,37.82333],[-83.59736,37.82318],[-83.59736,37.82299],[-83.59734,37.82286],[-83.59726,37.82261],[-83.59723,37.82252],[-83.5972,37.82247],[-83.59713,37.82233],[-83.59696,37.8221],[-83.59685,37.82196],[-83.5966,37.82175],[-83.59646,37.82165],[-83.59631,37.82151],[-83.59616,37.82136],[-83.596,37.8212],[-83.5959,37.82115],[-83.59582,37.8211],[-83.59569,37.82103],[-83.59551,37.82095],[-83.59534,37.82088],[-83.59518,37.82083],[-83.59497,37.82076],[-83.59477,37.82069],[-83.59453,37.8206],[-83.5943,37.8205],[-83.59413,37.82042],[-83.59387,37.82031],[-83.59371,37.82024],[-83.59349,37.82016],[-83.59327,37.82011],[-83.59306,37.82008],[-83.5928,37.82005],[-83.59254,37.82003],[-83.5922,37.82001],[-83.5919,37.81999],[-83.59162,37.81994],[-83.59141,37.81988],[-83.59137,37.81986],[-83.59126,37.81982],[-83.59111,37.81975],[-83.59099,37.81969],[-83.59086,37.81963],[-83.5907,37.81958],[-83.59054,37.81954],[-83.59034,37.81951],[-83.59023,37.81952],[-83.59013,37.81953],[-83.58989,37.8196],[-83.58963,37.81969],[-83.58921,37.81985],[-83.58885,37.81998],[-83.58864,37.82006],[-83.58853,37.82009],[-83.58834,37.82017],[-83.58821,37.82027],[-83.5881,37.8204],[-83.58802,37.82069],[-83.58791,37.82124],[-83.58787,37.82159],[-83.58781,37.82207],[-83.58775,37.82242],[-83.58769,37.82279],[-83.58758,37.82327],[-83.58746,37.82365],[-83.58738,37.82409],[-83.58727,37.82475],[-83.58725,37.82488],[-83.58723,37.82512],[-83.58719,37.8252],[-83.58713,37.82533],[-83.5871,37.8254],[-83.58708,37.82545],[-83.58705,37.82552],[-83.58684,37.82566],[-83.58667,37.82577],[-83.58606,37.82606],[-83.58583,37.82613],[-83.58559,37.82617],[-83.58547,37.82619],[-83.58536,37.82619],[-83.58523,37.82618],[-83.58504,37.82615],[-83.58484,37.82608],[-83.58476,37.82605],[-83.58462,37.826],[-83.58433,37.82587],[-83.58401,37.82576],[-83.58387,37.8257],[-83.58362,37.8256],[-83.58342,37.82554],[-83.58319,37.82549],[-83.58297,37.82545],[-83.58266,37.82541],[-83.5823,37.82538],[-83.5819,37.82536],[-83.5817,37.82534],[-83.58165,37.82532],[-83.58153,37.82527],[-83.58147,37.8252],[-83.58138,37.82511],[-83.58128,37.82498],[-83.58116,37.82479],[-83.58108,37.82458],[-83.58097,37.82431],[-83.58096,37.82426],[-83.58094,37.82416],[-83.58094,37.82402],[-83.58092,37.82388],[-83.58094,37.82324],[-83.58096,37.82291],[-83.58096,37.82287],[-83.58097,37.82276],[-83.58098,37.82266],[-83.58103,37.82253],[-83.58109,37.82242],[-83.58119,37.82231],[-83.58129,37.8222],[-83.58174,37.82181],[-83.58188,37.82169],[-83.582,37.82158],[-83.58206,37.82146],[-83.58209,37.82134],[-83.58209,37.82123],[-83.58204,37.82114],[-83.58195,37.82108],[-83.58187,37.82104],[-83.58178,37.82103],[-83.58173,37.82103],[-83.58163,37.82103],[-83.58132,37.82104],[-83.58093,37.82107],[-83.5806,37.82109],[-83.57932,37.82117],[-83.57784,37.82129],[-83.57777,37.82129],[-83.57623,37.82138],[-83.5761,37.82137],[-83.57595,37.82135],[-83.57587,37.82134],[-83.57586,37.82134],[-83.57579,37.82132],[-83.57566,37.82126],[-83.57557,37.82122],[-83.57547,37.82115],[-83.5754,37.82109],[-83.5753,37.82099],[-83.57521,37.82089],[-83.57521,37.82089],[-83.57512,37.82079],[-83.5751,37.82076],[-83.57498,37.82061],[-83.57488,37.82047],[-83.57485,37.82042],[-83.57463,37.82002],[-83.57461,37.81999],[-83.57459,37.81994],[-83.57455,37.81986],[-83.57451,37.81975],[-83.57438,37.81946],[-83.57437,37.81944],[-83.57434,37.81935],[-83.57433,37.81927],[-83.57433,37.81918],[-83.57434,37.81909],[-83.5744,37.81901],[-83.57445,37.81896],[-83.57448,37.81893],[-83.57468,37.81874],[-83.57528,37.81837],[-83.57565,37.81818],[-83.57572,37.81814],[-83.57575,37.81812],[-83.57596,37.81801],[-83.57652,37.8178],[-83.57675,37.81772],[-83.57683,37.81769],[-83.57697,37.81763],[-83.57725,37.81754],[-83.57743,37.81749],[-83.57768,37.81746],[-83.57786,37.81743],[-83.57786,37.81743],[-83.578,37.8174],[-83.57812,37.8173],[-83.57818,37.81723],[-83.57822,37.81714],[-83.57823,37.81703],[-83.5782,37.81693],[-83.5781,37.81677],[-83.57795,37.81648],[-83.57793,37.81626],[-83.57794,37.81611],[-83.578,37.81594],[-83.57809,37.81577],[-83.57823,37.81561],[-83.57838,37.8155],[-83.5785,37.81542],[-83.5788,37.81525],[-83.57908,37.8151],[-83.57935,37.815],[-83.57945,37.81495],[-83.57953,37.81492],[-83.57962,37.81492],[-83.57973,37.81492],[-83.57999,37.81491],[-83.58057,37.81488],[-83.58104,37.81486],[-83.58126,37.81484],[-83.58141,37.81481],[-83.5817,37.81467],[-83.58186,37.81455],[-83.58203,37.81438],[-83.58216,37.81422],[-83.58226,37.81406],[-83.58227,37.81404],[-83.58233,37.81391],[-83.58238,37.81377],[-83.58242,37.81366],[-83.58243,37.81361],[-83.58249,37.8134],[-83.58264,37.81291],[-83.58275,37.81253],[-83.58283,37.81233],[-83.58291,37.81218],[-83.58295,37.81213],[-83.58302,37.81206],[-83.58314,37.812],[-83.58325,37.81192],[-83.58344,37.81182],[-83.58363,37.81181],[-83.58391,37.81177],[-83.58412,37.81175],[-83.58417,37.81174],[-83.58422,37.81172],[-83.58426,37.81171],[-83.58441,37.81166],[-83.5847,37.8115],[-83.58501,37.81138],[-83.58522,37.81125],[-83.58532,37.81122],[-83.58546,37.8112],[-83.58564,37.81117],[-83.58616,37.81113],[-83.58676,37.81112],[-83.58722,37.81109],[-83.58744,37.81106],[-83.5876,37.81101],[-83.58774,37.81098],[-83.58787,37.81094],[-83.58801,37.81086],[-83.58816,37.81075],[-83.58828,37.81065],[-83.58837,37.81056],[-83.58843,37.81051],[-83.58852,37.81046],[-83.58868,37.81037],[-83.5889,37.81007],[-83.58915,37.80976],[-83.58931,37.80963],[-83.5895,37.80945],[-83.58955,37.80941],[-83.58963,37.80932],[-83.58973,37.80923],[-83.58978,37.80911],[-83.58982,37.80895],[-83.58981,37.80876],[-83.58979,37.80871],[-83.58974,37.80851],[-83.58966,37.80833],[-83.58964,37.80823],[-83.58964,37.80819],[-83.58959,37.80806],[-83.58962,37.80791],[-83.58975,37.80765],[-83.58986,37.80743],[-83.58994,37.80728],[-83.58998,37.80718],[-83.58998,37.80707],[-83.58989,37.80699],[-83.58972,37.80695],[-83.58942,37.80693],[-83.5888,37.80682],[-83.58838,37.80668],[-83.58824,37.8066],[-83.58814,37.80652],[-83.58808,37.80642],[-83.58805,37.80633],[-83.58811,37.8062],[-83.58823,37.80594],[-83.58834,37.80581],[-83.5885,37.80561],[-83.58864,37.80545],[-83.58904,37.80495],[-83.58933,37.80464],[-83.58974,37.80433],[-83.5899,37.8042],[-83.59003,37.80408],[-83.59013,37.80399],[-83.59019,37.80384],[-83.59022,37.80369],[-83.59027,37.8035],[-83.5904,37.8032],[-83.59047,37.80302],[-83.5905,37.80287],[-83.5905,37.80275],[-83.59049,37.80261],[-83.59046,37.80247],[-83.59039,37.80234],[-83.59031,37.80222],[-83.59016,37.80194],[-83.5901,37.80181],[-83.58996,37.80159],[-83.58984,37.80143],[-83.58978,37.80129],[-83.58976,37.80114],[-83.58973,37.80099],[-83.58975,37.80089],[-83.58977,37.80075],[-83.58983,37.8006],[-83.58992,37.80048],[-83.58993,37.80046],[-83.59004,37.8003],[-83.59018,37.80019],[-83.59021,37.80017],[-83.59034,37.80007],[-83.5905,37.79994],[-83.59057,37.79986],[-83.59063,37.79978],[-83.59066,37.7997],[-83.59068,37.79955],[-83.59069,37.79941],[-83.59068,37.79914],[-83.59072,37.79881],[-83.59081,37.79849],[-83.59085,37.79833],[-83.59103,37.79803],[-83.59113,37.7978],[-83.59127,37.79747],[-83.59133,37.7974],[-83.59139,37.79732],[-83.5916,37.79716],[-83.59185,37.79695],[-83.59198,37.79675],[-83.59216,37.79648],[-83.59242,37.79609],[-83.59267,37.79573],[-83.59282,37.79541],[-83.59293,37.7952],[-83.59297,37.79507],[-83.59299,37.79498],[-83.59301,37.79488],[-83.59298,37.79482],[-83.59292,37.79477],[-83.59275,37.79467],[-83.59252,37.79454],[-83.59209,37.79438],[-83.59169,37.79426],[-83.59137,37.79413],[-83.59112,37.79395],[-83.59086,37.79375],[-83.59072,37.79363],[-83.59065,37.7935],[-83.59058,37.7933],[-83.59057,37.79328],[-83.59054,37.79311],[-83.59051,37.79301],[-83.59049,37.79293],[-83.59049,37.79278],[-83.59052,37.79271],[-83.59056,37.79261],[-83.59063,37.79243],[-83.59087,37.79201],[-83.59094,37.79187],[-83.59097,37.79175],[-83.59098,37.79161],[-83.59094,37.79154],[-83.59085,37.79144],[-83.59074,37.79133],[-83.59061,37.79123],[-83.59054,37.79115],[-83.59049,37.79107],[-83.59046,37.79098],[-83.59042,37.79069],[-83.59043,37.79058],[-83.59048,37.79047],[-83.59048,37.79039],[-83.59057,37.79026],[-83.59066,37.79016],[-83.59076,37.79007],[-83.59085,37.79],[-83.591,37.78989],[-83.59107,37.78985],[-83.59115,37.78982],[-83.59123,37.78979],[-83.59131,37.78977],[-83.5914,37.78974],[-83.5915,37.78973],[-83.59159,37.78972],[-83.59167,37.78972],[-83.59178,37.78973],[-83.59188,37.78972],[-83.59197,37.78972],[-83.59207,37.78972],[-83.59222,37.78974],[-83.59241,37.78973],[-83.59273,37.78976],[-83.59296,37.78981],[-83.59323,37.78983],[-83.59351,37.78986],[-83.5938,37.78989],[-83.59404,37.78989],[-83.59426,37.78986],[-83.59448,37.78985],[-83.59472,37.7899],[-83.59491,37.78996],[-83.59507,37.79006],[-83.59538,37.79034],[-83.59542,37.79045],[-83.5955,37.79064],[-83.59555,37.79083],[-83.59557,37.79098],[-83.59558,37.79109],[-83.59564,37.79116],[-83.59571,37.79119],[-83.5958,37.79123],[-83.59595,37.79114],[-83.59621,37.79086],[-83.59648,37.79067],[-83.59675,37.79058],[-83.59688,37.79052],[-83.59705,37.79048],[-83.59725,37.79047],[-83.59743,37.79045],[-83.59759,37.79045],[-83.59767,37.79043],[-83.59775,37.7904],[-83.5979,37.79033],[-83.59804,37.79023],[-83.59812,37.79016],[-83.59812,37.79015],[-83.59821,37.79008],[-83.59826,37.78995],[-83.59829,37.78988],[-83.59829,37.78976],[-83.59828,37.78927],[-83.59832,37.78913],[-83.59839,37.78902],[-83.59852,37.78888],[-83.59868,37.78874],[-83.5989,37.78845],[-83.59915,37.78802],[-83.59932,37.78774],[-83.59947,37.78757],[-83.59958,37.78745],[-83.59968,37.78733],[-83.59979,37.78725],[-83.59995,37.78719],[-83.60005,37.78716],[-83.60019,37.78714],[-83.60048,37.78709],[-83.6009,37.78712],[-83.60139,37.7872],[-83.60163,37.78725],[-83.60179,37.78731],[-83.60193,37.7873],[-83.6021,37.78725],[-83.60224,37.78721],[-83.60239,37.78711],[-83.60249,37.78703],[-83.6026,37.78688],[-83.60267,37.78674],[-83.60278,37.78662],[-83.60286,37.78654],[-83.60295,37.78648],[-83.60314,37.78639],[-83.60347,37.78623],[-83.60386,37.78602],[-83.60423,37.78584],[-83.60437,37.78574],[-83.6045,37.78565],[-83.60455,37.7856],[-83.60456,37.78557],[-83.60455,37.78551],[-83.60451,37.78548],[-83.60444,37.78543],[-83.60441,37.78542],[-83.60425,37.78536],[-83.60398,37.78533],[-83.6035,37.78523],[-83.60324,37.78517],[-83.60319,37.78516],[-83.60304,37.78513],[-83.60283,37.78514],[-83.60259,37.78517],[-83.6024,37.78521],[-83.60225,37.78517],[-83.60212,37.78512],[-83.60197,37.78502],[-83.60197,37.78502],[-83.60187,37.78493],[-83.60178,37.78484],[-83.60174,37.78468],[-83.60168,37.78457],[-83.60163,37.78447],[-83.60162,37.78444],[-83.60161,37.78427],[-83.60174,37.78399],[-83.60188,37.78375],[-83.60219,37.78347],[-83.60232,37.78334],[-83.60243,37.78323],[-83.60253,37.78308],[-83.60259,37.783],[-83.60268,37.78287],[-83.60278,37.78273],[-83.603,37.78253],[-83.6032,37.78242],[-83.60335,37.78236],[-83.60357,37.78228],[-83.60379,37.78215],[-83.60394,37.78203],[-83.60407,37.78194],[-83.60418,37.78187],[-83.60425,37.78181],[-83.6043,37.78177],[-83.60436,37.78171],[-83.60438,37.78154],[-83.60431,37.78128],[-83.6043,37.78126],[-83.60431,37.78115],[-83.60431,37.78093],[-83.6044,37.78072],[-83.60451,37.78052],[-83.60459,37.78033],[-83.60465,37.78017],[-83.60471,37.77998],[-83.60487,37.77948],[-83.60493,37.7793],[-83.60499,37.7792],[-83.60505,37.77914],[-83.60509,37.7791],[-83.6052,37.77904],[-83.60532,37.77897],[-83.60547,37.77892],[-83.60575,37.77889],[-83.60642,37.7788],[-83.60709,37.77882],[-83.60771,37.7789],[-83.6079,37.77892],[-83.608,37.7789],[-83.60809,37.77886],[-83.60817,37.77879],[-83.60823,37.77871],[-83.60829,37.77863],[-83.60834,37.77847],[-83.60834,37.77846],[-83.60842,37.77797],[-83.6085,37.77749],[-83.60855,37.77717],[-83.60855,37.77703],[-83.60851,37.77693],[-83.60843,37.77683],[-83.60833,37.77672],[-83.60824,37.7766],[-83.60806,37.77636],[-83.60789,37.77611],[-83.60779,37.77603],[-83.60771,37.77597],[-83.60762,37.77587],[-83.60756,37.77577],[-83.60749,37.77568],[-83.60747,37.77554],[-83.60745,37.77542],[-83.60743,37.77527],[-83.60741,37.77508],[-83.60744,37.77494],[-83.60744,37.77494],[-83.60746,37.77481],[-83.60751,37.7747],[-83.60761,37.77457],[-83.60771,37.77444],[-83.60788,37.77424],[-83.60806,37.77405],[-83.60832,37.77386],[-83.6086,37.77369],[-83.60871,37.77362],[-83.60906,37.77345],[-83.60935,37.77326],[-83.60975,37.77313],[-83.60996,37.77306],[-83.6102,37.77296],[-83.61035,37.77289],[-83.61048,37.77281],[-83.61064,37.77272],[-83.61074,37.77262],[-83.61088,37.77249],[-83.61099,37.77239],[-83.61108,37.77228],[-83.61115,37.77218],[-83.61119,37.77208],[-83.61121,37.77199],[-83.61122,37.77191],[-83.61118,37.7718],[-83.61112,37.77164],[-83.611,37.77153],[-83.6108,37.77137],[-83.61052,37.77112],[-83.61005,37.77066],[-83.60981,37.77039],[-83.60968,37.77022],[-83.60964,37.77012],[-83.6096,37.76999],[-83.60959,37.76984],[-83.60958,37.76971],[-83.6096,37.76957],[-83.60961,37.76948],[-83.60965,37.76918],[-83.60971,37.76903],[-83.60972,37.7689],[-83.60971,37.7688],[-83.60967,37.76872],[-83.60955,37.76861],[-83.60944,37.76852],[-83.60929,37.76843],[-83.60916,37.76836],[-83.60899,37.76828],[-83.60886,37.76823],[-83.60875,37.76822],[-83.60861,37.76823],[-83.6085,37.76826],[-83.60838,37.76831],[-83.60807,37.76847],[-83.60766,37.76853],[-83.60745,37.76861],[-83.60734,37.76864],[-83.60717,37.76871],[-83.60694,37.76881],[-83.60661,37.76897],[-83.60629,37.76914],[-83.60613,37.76923],[-83.60575,37.76943],[-83.60548,37.76952],[-83.60531,37.76957],[-83.60513,37.7696],[-83.60494,37.7696],[-83.6047,37.76961],[-83.6045,37.76959],[-83.60434,37.76959],[-83.6041,37.76964],[-83.60395,37.76971],[-83.60382,37.76982],[-83.60375,37.76991],[-83.6037,37.77006],[-83.60368,37.77018],[-83.60365,37.77038],[-83.60363,37.77045],[-83.60356,37.77055],[-83.60341,37.77063],[-83.60328,37.7707],[-83.60319,37.77073],[-83.60305,37.77077],[-83.60289,37.77079],[-83.60275,37.77078],[-83.60257,37.77076],[-83.60244,37.77074],[-83.60207,37.77061],[-83.60182,37.77048],[-83.60151,37.7704],[-83.60131,37.77037],[-83.60108,37.77037],[-83.60085,37.77033],[-83.60066,37.77029],[-83.60038,37.77022],[-83.60017,37.77011],[-83.59998,37.77],[-83.59983,37.76991],[-83.59967,37.76984],[-83.59951,37.76981],[-83.59937,37.7698],[-83.59927,37.76979],[-83.59923,37.76979],[-83.59901,37.76981],[-83.59876,37.76986],[-83.59857,37.76992],[-83.59837,37.76993],[-83.59819,37.76994],[-83.59798,37.76996],[-83.59778,37.77],[-83.59763,37.77005],[-83.59745,37.77012],[-83.59731,37.77016],[-83.59719,37.77022],[-83.59711,37.77028],[-83.597,37.77035],[-83.59684,37.77047],[-83.59672,37.77051],[-83.59653,37.77055],[-83.59642,37.77058],[-83.59627,37.7706],[-83.59612,37.77056],[-83.59592,37.77052],[-83.59573,37.77045],[-83.59559,37.77039],[-83.5955,37.77034],[-83.59521,37.77016],[-83.59513,37.77003],[-83.59506,37.7699],[-83.59496,37.7697],[-83.59491,37.76959],[-83.59489,37.76948],[-83.59485,37.76934],[-83.59478,37.76926],[-83.59473,37.7692],[-83.59466,37.76915],[-83.59457,37.76913],[-83.59445,37.76911],[-83.59427,37.76911],[-83.59412,37.76914],[-83.59398,37.76918],[-83.59381,37.76924],[-83.59355,37.76935],[-83.59319,37.76953],[-83.59263,37.76983],[-83.59216,37.77006],[-83.59199,37.77013],[-83.59185,37.77014],[-83.59168,37.77014],[-83.59155,37.77011],[-83.59143,37.77009],[-83.59129,37.77005],[-83.59115,37.76999],[-83.59103,37.76992],[-83.59091,37.76982],[-83.5906,37.7696],[-83.59047,37.76952],[-83.59037,37.76944],[-83.59033,37.76937],[-83.59029,37.76927],[-83.59026,37.76914],[-83.58996,37.76924],[-83.58968,37.76931],[-83.58949,37.76939],[-83.58935,37.76946],[-83.58912,37.76949],[-83.5889,37.7695],[-83.58856,37.7695],[-83.58821,37.76948],[-83.58789,37.76945],[-83.58768,37.76946],[-83.5874,37.76951],[-83.58718,37.76959],[-83.58682,37.76962],[-83.5866,37.76966],[-83.5864,37.76971],[-83.58617,37.76971],[-83.58597,37.76972],[-83.58581,37.76969],[-83.5855,37.76964],[-83.58504,37.76956],[-83.58475,37.76958],[-83.5845,37.76961],[-83.58416,37.76967],[-83.58397,37.76971],[-83.58382,37.76975],[-83.58364,37.7699],[-83.58354,37.77003],[-83.58341,37.77046],[-83.58311,37.77124],[-83.58302,37.77149],[-83.58296,37.77162],[-83.58287,37.77175],[-83.58281,37.7718],[-83.58269,37.77189],[-83.58257,37.77197],[-83.58249,37.77203],[-83.58236,37.77208],[-83.5822,37.77209],[-83.58111,37.77204],[-83.58084,37.77201],[-83.58063,37.77203],[-83.5805,37.77207],[-83.58034,37.77217],[-83.58024,37.7723],[-83.58006,37.77257],[-83.57968,37.77328],[-83.57955,37.77341],[-83.57948,37.77348],[-83.57931,37.77357],[-83.57911,37.77368],[-83.579,37.77374],[-83.57882,37.77379],[-83.57867,37.77382],[-83.57854,37.77384],[-83.57833,37.77384],[-83.57819,37.77383],[-83.57793,37.77384],[-83.57783,37.77388],[-83.57771,37.77393],[-83.57765,37.77397],[-83.57749,37.77407],[-83.57735,37.77417],[-83.57726,37.77419],[-83.57712,37.77418],[-83.57691,37.77413],[-83.57651,37.77397],[-83.57599,37.7737],[-83.57593,37.77364],[-83.57586,37.77354],[-83.57576,37.77329],[-83.57569,37.77313],[-83.57558,37.77295],[-83.57548,37.77285],[-83.57525,37.77272],[-83.57492,37.77251],[-83.5746,37.7723],[-83.57445,37.7722],[-83.57435,37.7721],[-83.5743,37.77201],[-83.57426,37.7719],[-83.57429,37.7718],[-83.57445,37.7715],[-83.57453,37.7713],[-83.57457,37.77118],[-83.57458,37.7711],[-83.57457,37.771],[-83.57454,37.77085],[-83.57447,37.77074],[-83.57436,37.7706],[-83.57374,37.76987],[-83.57338,37.76947],[-83.57316,37.76923],[-83.57291,37.76895],[-83.57265,37.76882],[-83.57243,37.76874],[-83.57224,37.76872],[-83.57212,37.7687],[-83.57193,37.76872],[-83.57129,37.76873],[-83.57067,37.76878],[-83.57052,37.76881],[-83.57041,37.76886],[-83.57015,37.76897],[-83.56993,37.76909],[-83.56937,37.76942],[-83.56887,37.76977],[-83.5685,37.77009],[-83.56843,37.7702],[-83.56838,37.7703],[-83.56821,37.77047],[-83.56799,37.77067],[-83.56758,37.77099],[-83.56729,37.7711],[-83.56701,37.7713],[-83.56694,37.77135],[-83.56678,37.77117],[-83.56632,37.77067],[-83.56569,37.77042],[-83.56507,37.77063],[-83.56481,37.77102],[-83.56472,37.7712],[-83.56451,37.77147],[-83.56431,37.77175],[-83.56415,37.77191],[-83.56403,37.77197],[-83.56388,37.77201],[-83.56373,37.77203],[-83.56353,37.77203],[-83.56339,37.77202],[-83.56321,37.77199],[-83.563,37.77194],[-83.56276,37.77188],[-83.56252,37.77181],[-83.56226,37.77174],[-83.56209,37.77169],[-83.56192,37.77163],[-83.56169,37.77151],[-83.5613,37.77131],[-83.56097,37.77116],[-83.56068,37.77104],[-83.56045,37.77096],[-83.56028,37.77087],[-83.56017,37.77083],[-83.55973,37.77052],[-83.5593,37.77018],[-83.55883,37.76995],[-83.55858,37.76991],[-83.55829,37.76992],[-83.5582,37.76991],[-83.55807,37.7699],[-83.55794,37.76991],[-83.55779,37.76994],[-83.55768,37.76996],[-83.55757,37.76998],[-83.55748,37.77001],[-83.5574,37.77004],[-83.5572,37.7701],[-83.55708,37.77014],[-83.55755,37.77116],[-83.55849,37.77158],[-83.55863,37.77238],[-83.55962,37.77316],[-83.55902,37.77372],[-83.55874,37.77443],[-83.55924,37.77514],[-83.56015,37.77542],[-83.56027,37.77547],[-83.56039,37.77555],[-83.56046,37.77557],[-83.56085,37.77567],[-83.56103,37.7757],[-83.56117,37.77575],[-83.56133,37.77583],[-83.56145,37.77589],[-83.56178,37.77601],[-83.56192,37.77608],[-83.56221,37.77649],[-83.56255,37.77703],[-83.5629,37.7775],[-83.56342,37.77754],[-83.56353,37.77758],[-83.56361,37.77764],[-83.56369,37.77799],[-83.56371,37.77807],[-83.56358,37.77819],[-83.56352,37.77821],[-83.56345,37.77823],[-83.56331,37.77825],[-83.56314,37.77822],[-83.56298,37.77818],[-83.56285,37.77812],[-83.56254,37.77797],[-83.5624,37.77792],[-83.56231,37.77789],[-83.56203,37.77785],[-83.56087,37.77765],[-83.56069,37.7776],[-83.56056,37.77754],[-83.56047,37.77749],[-83.56039,37.77743],[-83.56034,37.77738],[-83.56032,37.77732],[-83.56014,37.77707],[-83.56006,37.77698],[-83.55994,37.77693],[-83.55983,37.77696],[-83.55965,37.77712],[-83.55952,37.77726],[-83.55948,37.77732],[-83.55907,37.77794],[-83.55835,37.778],[-83.55824,37.77802],[-83.55807,37.77811],[-83.558,37.7782],[-83.55795,37.77826],[-83.55769,37.77869],[-83.5575,37.77896],[-83.55738,37.77909],[-83.55728,37.7792],[-83.5572,37.77927],[-83.55713,37.77932],[-83.5569,37.77942],[-83.55673,37.77947],[-83.55651,37.77949],[-83.55636,37.77949],[-83.55623,37.77948],[-83.55602,37.77946],[-83.55587,37.77946],[-83.55574,37.77949],[-83.55562,37.77956],[-83.55556,37.77959],[-83.55528,37.77995],[-83.55525,37.78004],[-83.55527,37.78009],[-83.55529,37.78014],[-83.55543,37.78022],[-83.55558,37.7803],[-83.55565,37.78035],[-83.55577,37.78044],[-83.5559,37.78053],[-83.55601,37.78064],[-83.5561,37.78076],[-83.55617,37.78087],[-83.55625,37.78099],[-83.55628,37.78106],[-83.55636,37.78124],[-83.55644,37.7814],[-83.5565,37.78151],[-83.55654,37.78155],[-83.55665,37.78167],[-83.55673,37.78176],[-83.55672,37.7818],[-83.55674,37.78186],[-83.55678,37.78193],[-83.55685,37.78198],[-83.55693,37.78201],[-83.55707,37.78197],[-83.55721,37.78182],[-83.55733,37.78155],[-83.55746,37.78132],[-83.5576,37.78111],[-83.5577,37.78097],[-83.5578,37.78084],[-83.55803,37.78059],[-83.55826,37.78035],[-83.5585,37.78013],[-83.55865,37.78001],[-83.55891,37.77985],[-83.55907,37.77976],[-83.55914,37.77974],[-83.55927,37.77967],[-83.5594,37.77963],[-83.5595,37.77962],[-83.55986,37.77968],[-83.56007,37.77969],[-83.56019,37.77965],[-83.56025,37.77962],[-83.56057,37.77936],[-83.56079,37.7792],[-83.56095,37.77911],[-83.56104,37.77907],[-83.56109,37.77907],[-83.56161,37.77921],[-83.56168,37.77927],[-83.56171,37.77936],[-83.5618,37.78015],[-83.56139,37.78043],[-83.56037,37.78038],[-83.55999,37.78125],[-83.55995,37.78138],[-83.55985,37.78172],[-83.55979,37.78189],[-83.55979,37.78222],[-83.56009,37.78248],[-83.56067,37.78224],[-83.56084,37.78214],[-83.56127,37.78242],[-83.56283,37.78225],[-83.56335,37.78263],[-83.56324,37.78305],[-83.56188,37.78275],[-83.56163,37.78316],[-83.56113,37.78396],[-83.56186,37.78422],[-83.56176,37.78447],[-83.56177,37.78458],[-83.56183,37.78472],[-83.5619,37.78483],[-83.56199,37.78491],[-83.56223,37.785],[-83.56251,37.78508],[-83.56266,37.78511],[-83.56302,37.78521],[-83.56324,37.78524],[-83.56352,37.78528],[-83.56352,37.78565],[-83.56296,37.78578],[-83.56277,37.78587],[-83.56264,37.78595],[-83.56256,37.78602],[-83.56251,37.78609],[-83.56249,37.78619],[-83.5625,37.7863],[-83.56253,37.78643],[-83.56256,37.78651],[-83.56297,37.78734],[-83.56271,37.78766],[-83.56151,37.78877],[-83.56122,37.78904],[-83.56011,37.79005],[-83.55991,37.79031],[-83.55986,37.79037],[-83.56114,37.79028],[-83.56114,37.79028],[-83.56109,37.79379],[-83.55969,37.79499],[-83.55962,37.79603],[-83.55962,37.79613],[-83.55843,37.79592],[-83.55873,37.79627],[-83.55884,37.797],[-83.55896,37.79731],[-83.55893,37.79764],[-83.55905,37.798],[-83.55955,37.7988],[-83.55958,37.79897],[-83.55861,37.80005],[-83.55847,37.8005],[-83.55737,37.8007],[-83.55626,37.80071],[-83.55645,37.80176],[-83.55645,37.80179],[-83.55646,37.80189],[-83.55659,37.80233],[-83.5567,37.80282],[-83.55673,37.80297],[-83.55681,37.80312],[-83.55691,37.80325],[-83.55698,37.80335],[-83.55706,37.80347],[-83.55709,37.80355],[-83.55712,37.80368],[-83.55716,37.80378],[-83.55722,37.80387],[-83.55729,37.80391],[-83.55737,37.80391],[-83.55743,37.8039],[-83.55756,37.80382],[-83.55771,37.80373],[-83.55784,37.80365],[-83.55792,37.80362],[-83.55807,37.80361],[-83.5582,37.80363],[-83.5583,37.80367],[-83.55839,37.80379],[-83.55841,37.8039],[-83.55843,37.80401],[-83.5584,37.8044],[-83.55834,37.80459],[-83.55824,37.8049],[-83.55818,37.8051],[-83.55811,37.80522],[-83.55802,37.8053],[-83.5579,37.80537],[-83.55781,37.80539],[-83.55694,37.80551],[-83.55676,37.80555],[-83.55664,37.80558],[-83.55655,37.80563],[-83.55635,37.80577],[-83.55626,37.80584],[-83.55603,37.80602],[-83.55589,37.80612],[-83.55582,37.80617],[-83.55556,37.8063],[-83.55525,37.80642],[-83.55509,37.80648],[-83.55473,37.80661],[-83.55451,37.80669],[-83.5544,37.80671],[-83.55424,37.8067],[-83.55396,37.80655],[-83.5536,37.80638],[-83.55315,37.80614],[-83.55282,37.80596],[-83.55223,37.80566],[-83.55181,37.80544],[-83.55039,37.80485],[-83.54993,37.80467],[-83.54967,37.80455],[-83.54945,37.8045],[-83.5493,37.80451],[-83.54919,37.80454],[-83.54879,37.80481],[-83.54845,37.80504],[-83.54831,37.80511],[-83.54811,37.8052],[-83.54801,37.80525],[-83.54783,37.80532],[-83.54775,37.80534],[-83.54769,37.80536],[-83.54761,37.80537],[-83.54737,37.80537],[-83.54702,37.80531],[-83.54677,37.80525],[-83.54655,37.80517],[-83.54639,37.80509],[-83.54636,37.80506],[-83.54628,37.805],[-83.54624,37.80492],[-83.54618,37.80473],[-83.54616,37.80446],[-83.54616,37.80408],[-83.54614,37.80378],[-83.54608,37.80354],[-83.54606,37.80339],[-83.54608,37.80329],[-83.54624,37.80289],[-83.54628,37.80275],[-83.54627,37.80266],[-83.54616,37.80258],[-83.5461,37.80257],[-83.54598,37.80267],[-83.54586,37.80274],[-83.54576,37.80281],[-83.54565,37.80288],[-83.54556,37.80295],[-83.54551,37.80302],[-83.54549,37.80308],[-83.54548,37.80315],[-83.54548,37.80325],[-83.54549,37.80351],[-83.54548,37.80374],[-83.54548,37.8039],[-83.54548,37.804],[-83.54545,37.80412],[-83.5454,37.80426],[-83.54533,37.80445],[-83.54527,37.80459],[-83.54523,37.80473],[-83.54521,37.80482],[-83.5452,37.80494],[-83.54522,37.80505],[-83.54527,37.80523],[-83.54534,37.80543],[-83.54542,37.80564],[-83.54551,37.80577],[-83.54557,37.80588],[-83.54554,37.8059],[-83.54548,37.80596],[-83.54537,37.80603],[-83.54528,37.80611],[-83.54516,37.8062],[-83.545,37.80632],[-83.54477,37.80651],[-83.54464,37.80659],[-83.54434,37.80669],[-83.54416,37.80675],[-83.54384,37.80686],[-83.54371,37.80686],[-83.54355,37.80685],[-83.54339,37.80681],[-83.54326,37.80679],[-83.54314,37.80678],[-83.54299,37.80677],[-83.54281,37.80675],[-83.54267,37.80675],[-83.54268,37.80663],[-83.54268,37.8065],[-83.54272,37.80636],[-83.54273,37.8063],[-83.5427,37.80623],[-83.54258,37.80616],[-83.54243,37.80606],[-83.54234,37.80595],[-83.54226,37.80581],[-83.54215,37.80571],[-83.542,37.80559],[-83.54186,37.80547],[-83.5418,37.80538],[-83.54176,37.80532],[-83.54171,37.80505],[-83.54165,37.80484],[-83.54155,37.80465],[-83.54151,37.80456],[-83.54146,37.80449],[-83.54123,37.80426],[-83.5411,37.80406],[-83.54106,37.8039],[-83.54102,37.80382],[-83.54115,37.8037],[-83.5412,37.80352],[-83.54119,37.80339],[-83.54112,37.8032],[-83.54105,37.80306],[-83.54103,37.80299],[-83.54096,37.80277],[-83.54095,37.80266],[-83.54091,37.80224],[-83.54087,37.80189],[-83.54084,37.80163],[-83.54083,37.80145],[-83.54082,37.8013],[-83.54082,37.8012],[-83.54085,37.80113],[-83.54092,37.80104],[-83.54116,37.80084],[-83.54123,37.80077],[-83.54127,37.80067],[-83.54128,37.80049],[-83.54126,37.80038],[-83.54121,37.80033],[-83.54107,37.80026],[-83.54087,37.80023],[-83.54071,37.80022],[-83.54057,37.80021],[-83.54014,37.80009],[-83.53988,37.79984],[-83.53922,37.79952],[-83.53874,37.79923],[-83.53865,37.79919],[-83.53858,37.79917],[-83.53849,37.79918],[-83.53841,37.79929],[-83.53838,37.79943],[-83.53834,37.79963],[-83.53829,37.79977],[-83.5382,37.7999],[-83.5381,37.80005],[-83.538,37.80013],[-83.5379,37.8002],[-83.53752,37.80053],[-83.53736,37.80067],[-83.53723,37.80076],[-83.53713,37.8008],[-83.53685,37.80088],[-83.53667,37.80094],[-83.53659,37.80097],[-83.53651,37.80106],[-83.53645,37.80116],[-83.53643,37.80126],[-83.53643,37.80137],[-83.53644,37.80143],[-83.53629,37.80156],[-83.53558,37.80201],[-83.53513,37.80232],[-83.53412,37.80126],[-83.53409,37.80115],[-83.53403,37.80095],[-83.53394,37.80083],[-83.53382,37.80074],[-83.53372,37.80071],[-83.53365,37.80073],[-83.53337,37.80092],[-83.5332,37.8009],[-83.53315,37.80088],[-83.53308,37.80089],[-83.53301,37.80092],[-83.53281,37.80113],[-83.53271,37.80121],[-83.53262,37.80123],[-83.5325,37.80121],[-83.53242,37.80121],[-83.53232,37.80123],[-83.53225,37.80125],[-83.53189,37.80132],[-83.53153,37.80141],[-83.53152,37.80142],[-83.53105,37.80158],[-83.53091,37.80164],[-83.53081,37.80169],[-83.53075,37.80175],[-83.53071,37.80179],[-83.53058,37.80204],[-83.53058,37.8021],[-83.53059,37.80216],[-83.53065,37.8023],[-83.53069,37.80244],[-83.53071,37.80254],[-83.53069,37.80263],[-83.53066,37.80278],[-83.53064,37.80285],[-83.53066,37.8029],[-83.53079,37.80303],[-83.53086,37.80312],[-83.53089,37.8032],[-83.53086,37.80327],[-83.53078,37.80331],[-83.53066,37.80336],[-83.53063,37.8034],[-83.53064,37.80348],[-83.53065,37.80355],[-83.53063,37.80361],[-83.53058,37.80364],[-83.5305,37.80369],[-83.53038,37.80373],[-83.53019,37.80376],[-83.53014,37.80377],[-83.52998,37.80381],[-83.52989,37.80384],[-83.52985,37.80387],[-83.52968,37.80397],[-83.52955,37.80406],[-83.5295,37.80413],[-83.52947,37.80419],[-83.52944,37.80431],[-83.52944,37.80444],[-83.52946,37.8045],[-83.52946,37.80453],[-83.52945,37.80468],[-83.52966,37.80479],[-83.52987,37.80489],[-83.53002,37.80495],[-83.53019,37.80503],[-83.53032,37.80506],[-83.53045,37.8051],[-83.53059,37.80512],[-83.53077,37.80514],[-83.53091,37.80514],[-83.53104,37.80515],[-83.53116,37.80515],[-83.53123,37.80516],[-83.53134,37.80521],[-83.53156,37.8052],[-83.53204,37.80523],[-83.5325,37.80529],[-83.53287,37.80547],[-83.53303,37.80557],[-83.53312,37.80563],[-83.53322,37.8057],[-83.53367,37.80606],[-83.53397,37.80639],[-83.53414,37.80657],[-83.53419,37.8069],[-83.53452,37.80775],[-83.53472,37.8082],[-83.53484,37.80848],[-83.53484,37.80852],[-83.5348,37.80867],[-83.53477,37.80887],[-83.53473,37.80897],[-83.53467,37.80907],[-83.53461,37.80916],[-83.53456,37.80921],[-83.53448,37.8093],[-83.53441,37.80939],[-83.53435,37.80947],[-83.53431,37.80953],[-83.53424,37.80963],[-83.53416,37.80969],[-83.5341,37.80975],[-83.53405,37.80981],[-83.53402,37.80988],[-83.534,37.80993],[-83.53396,37.81013],[-83.5339,37.81023],[-83.53383,37.81032],[-83.53372,37.8104],[-83.53363,37.81048],[-83.53351,37.81057],[-83.53341,37.81063],[-83.53331,37.81072],[-83.53323,37.81082],[-83.53318,37.81092],[-83.53313,37.811],[-83.53305,37.81125],[-83.53302,37.81135],[-83.53297,37.81149],[-83.53297,37.8116],[-83.53296,37.81166],[-83.53298,37.81189],[-83.53299,37.81205],[-83.533,37.81226],[-83.533,37.81234],[-83.533,37.81254],[-83.53299,37.81265],[-83.53297,37.81274],[-83.53295,37.81279],[-83.53285,37.81303],[-83.53278,37.81321],[-83.53274,37.81331],[-83.5327,37.81343],[-83.53265,37.81353],[-83.53261,37.81367],[-83.53259,37.8138],[-83.53258,37.81393],[-83.53258,37.81404],[-83.53259,37.81411],[-83.53266,37.81427],[-83.53276,37.81442],[-83.53284,37.81453],[-83.53295,37.81463],[-83.53306,37.81473],[-83.53313,37.81479],[-83.53324,37.81488],[-83.5334,37.81499],[-83.53362,37.81513],[-83.53364,37.81514],[-83.53378,37.81522],[-83.53388,37.81529],[-83.53394,37.81538],[-83.53397,37.81546],[-83.53403,37.81557],[-83.53411,37.81567],[-83.53424,37.81575],[-83.5344,37.81586],[-83.53458,37.816],[-83.53462,37.81606],[-83.53464,37.81612],[-83.53468,37.8163],[-83.53471,37.81645],[-83.53474,37.81657],[-83.53476,37.81666],[-83.53483,37.8168],[-83.53484,37.81686],[-83.53483,37.81692],[-83.53481,37.817],[-83.53477,37.81718],[-83.53475,37.81732],[-83.53471,37.8175],[-83.53466,37.81764],[-83.53466,37.81775],[-83.53465,37.81781],[-83.53464,37.81788],[-83.53462,37.81798],[-83.53461,37.81804],[-83.53462,37.81809],[-83.53465,37.81814],[-83.53512,37.81806],[-83.5352,37.81844],[-83.53532,37.81906],[-83.53567,37.82089],[-83.53633,37.82438],[-83.53549,37.82463],[-83.53537,37.82467],[-83.53443,37.82496],[-83.53426,37.82615],[-83.53225,37.82647],[-83.53225,37.82646],[-83.53171,37.82428],[-83.53157,37.82427],[-83.53146,37.82447],[-83.53071,37.82588],[-83.53166,37.8279],[-83.52993,37.82788],[-83.52901,37.8303],[-83.52974,37.83153],[-83.52996,37.83129],[-83.53117,37.82993],[-83.53378,37.83111],[-83.53392,37.83117],[-83.53332,37.82924],[-83.53308,37.82847],[-83.53324,37.82844],[-83.53348,37.82864],[-83.53362,37.82874],[-83.53374,37.8288],[-83.53383,37.82884],[-83.5339,37.82885],[-83.53398,37.82884],[-83.53402,37.82881],[-83.53408,37.82873],[-83.53412,37.8286],[-83.53415,37.82848],[-83.53415,37.82816],[-83.53416,37.8281],[-83.53419,37.82807],[-83.53427,37.82803],[-83.53438,37.82801],[-83.53509,37.82984],[-83.53683,37.82958],[-83.53624,37.8266],[-83.53648,37.82653],[-83.53729,37.82761],[-83.53869,37.82833],[-83.53882,37.8283],[-83.53845,37.82746],[-83.5399,37.82756],[-83.54075,37.82844],[-83.54159,37.82931],[-83.54171,37.82944],[-83.54182,37.82952],[-83.54194,37.8278],[-83.54074,37.82677],[-83.54067,37.82667],[-83.54063,37.82659],[-83.54061,37.82652],[-83.54061,37.82646],[-83.54061,37.82642],[-83.54066,37.82638],[-83.54074,37.82635],[-83.54086,37.82635],[-83.54095,37.82636],[-83.54164,37.82654],[-83.54173,37.82658],[-83.54178,37.82657],[-83.54185,37.82653],[-83.54188,37.82646],[-83.54187,37.82639],[-83.54183,37.82631],[-83.54158,37.82602],[-83.54155,37.82597],[-83.54153,37.82591],[-83.54156,37.82585],[-83.54166,37.82578],[-83.54176,37.82576],[-83.54188,37.82575],[-83.542,37.82575],[-83.54211,37.82579],[-83.54217,37.82583],[-83.5427,37.82616],[-83.54277,37.82617],[-83.54283,37.82615],[-83.54284,37.82607],[-83.54279,37.82576],[-83.54281,37.82569],[-83.54286,37.82563],[-83.54294,37.82558],[-83.54305,37.82554],[-83.54313,37.82552],[-83.54319,37.82555],[-83.54396,37.82657],[-83.54572,37.82568],[-83.54603,37.82756],[-83.54715,37.82738],[-83.54731,37.82562],[-83.54743,37.82548],[-83.54842,37.82435],[-83.54802,37.82627],[-83.54927,37.82825],[-83.54965,37.83047],[-83.54794,37.83144],[-83.54793,37.83165],[-83.54796,37.83179],[-83.54798,37.83189],[-83.54802,37.83196],[-83.54808,37.83203],[-83.54842,37.83232],[-83.54929,37.83315],[-83.54951,37.83314],[-83.54961,37.83316],[-83.54972,37.83315],[-83.54984,37.83313],[-83.54994,37.83311],[-83.55008,37.83308],[-83.55017,37.83304],[-83.55033,37.83296],[-83.55049,37.83291],[-83.55061,37.83289],[-83.55073,37.8329],[-83.55082,37.83294],[-83.55085,37.83296],[-83.55091,37.83299],[-83.55124,37.8332],[-83.55131,37.83329],[-83.55132,37.83338],[-83.55129,37.83348],[-83.55125,37.83354],[-83.55121,37.83359],[-83.55112,37.83367],[-83.55103,37.83372],[-83.55096,37.83378],[-83.55093,37.83388],[-83.55099,37.834],[-83.55106,37.83408],[-83.55116,37.83415],[-83.55123,37.83418],[-83.5516,37.8343],[-83.5518,37.83438],[-83.55285,37.83473],[-83.55285,37.83473],[-83.55285,37.83473],[-83.55292,37.83483],[-83.553,37.83498],[-83.55313,37.83514],[-83.55322,37.83528],[-83.55325,37.83531],[-83.55333,37.83541],[-83.55349,37.83553],[-83.5536,37.8356],[-83.55375,37.83567],[-83.55391,37.83574],[-83.55409,37.83583],[-83.55411,37.83585],[-83.55423,37.83594],[-83.55434,37.83604],[-83.55443,37.83614],[-83.55448,37.83624],[-83.55453,37.83636],[-83.55455,37.83644],[-83.55459,37.8366],[-83.55461,37.83669],[-83.55463,37.83683],[-83.55464,37.83698],[-83.55464,37.83711],[-83.55464,37.83721],[-83.55466,37.83729],[-83.55474,37.83749],[-83.55478,37.83761],[-83.55481,37.83768],[-83.55486,37.83782],[-83.55496,37.83805],[-83.55502,37.8382],[-83.55508,37.83838],[-83.55514,37.83849],[-83.55518,37.83858],[-83.55523,37.83869],[-83.55531,37.83887],[-83.55537,37.83903],[-83.55544,37.83917],[-83.55554,37.83932],[-83.55558,37.83937],[-83.5557,37.83948],[-83.5559,37.83967],[-83.55596,37.83973],[-83.55602,37.83978],[-83.55612,37.83988],[-83.55625,37.84],[-83.55631,37.8401],[-83.55635,37.84016],[-83.55647,37.84031],[-83.55655,37.84045],[-83.55663,37.84057],[-83.5567,37.84069],[-83.55675,37.84078],[-83.55697,37.8407],[-83.55712,37.84066],[-83.55731,37.84058],[-83.55751,37.8405],[-83.55775,37.84046],[-83.55797,37.8404],[-83.55798,37.8404],[-83.55813,37.84039],[-83.55827,37.84042],[-83.55844,37.84048],[-83.55857,37.84058],[-83.55869,37.84077],[-83.55913,37.84138],[-83.55933,37.84161],[-83.55945,37.84184],[-83.55953,37.84205],[-83.5596,37.84222],[-83.55969,37.84254],[-83.55972,37.84266],[-83.5598,37.84282],[-83.55991,37.84295],[-83.56004,37.84306],[-83.56017,37.84315],[-83.56028,37.8432],[-83.56048,37.84328],[-83.56071,37.84335],[-83.56092,37.84339],[-83.56107,37.84341],[-83.56118,37.84342],[-83.5614,37.8434],[-83.56169,37.84337],[-83.56214,37.84331],[-83.56231,37.84327],[-83.56252,37.84323],[-83.56273,37.84323],[-83.56277,37.84324],[-83.56283,37.84326],[-83.56285,37.84332],[-83.56286,37.84333],[-83.56286,37.8434],[-83.56287,37.84346],[-83.56316,37.84533],[-83.56327,37.84535],[-83.56332,37.84536],[-83.56344,37.84541],[-83.56354,37.84548],[-83.5636,37.84558],[-83.56364,37.84572],[-83.56363,37.84589],[-83.56361,37.84602],[-83.56355,37.84617],[-83.56348,37.84631],[-83.56344,37.84645],[-83.56342,37.8465],[-83.56341,37.84653],[-83.56339,37.84672],[-83.56341,37.84693],[-83.56343,37.84708],[-83.56344,37.84723],[-83.56348,37.84737],[-83.56349,37.84748],[-83.56351,37.84756],[-83.56351,37.84756],[-83.56352,37.84767],[-83.56396,37.85061],[-83.56414,37.8518],[-83.56413,37.85186],[-83.56419,37.85183],[-83.56424,37.85181],[-83.56578,37.85142],[-83.56589,37.85152],[-83.56711,37.8525],[-83.56746,37.85279],[-83.56796,37.85267],[-83.56834,37.85258],[-83.56886,37.85252],[-83.569,37.85256],[-83.56911,37.8526],[-83.56922,37.85266],[-83.5693,37.85268],[-83.56932,37.8527],[-83.56939,37.85276],[-83.56947,37.85285],[-83.56951,37.85291],[-83.56953,37.85296],[-83.56953,37.85303],[-83.5695,37.85315],[-83.56947,37.85327],[-83.56936,37.85352],[-83.56921,37.85388],[-83.56907,37.85415],[-83.56902,37.85422],[-83.56896,37.85426],[-83.56888,37.85433],[-83.56875,37.85442],[-83.56865,37.85452],[-83.56853,37.85464],[-83.56834,37.85488],[-83.56818,37.85514],[-83.56809,37.85525],[-83.56799,37.85536],[-83.56791,37.85542],[-83.56783,37.85542],[-83.56769,37.85539],[-83.56751,37.85534],[-83.56734,37.85531],[-83.56718,37.8553],[-83.56703,37.85533],[-83.56689,37.8554],[-83.56685,37.85543],[-83.56675,37.8555],[-83.56661,37.85561],[-83.56653,37.85574],[-83.56666,37.8559],[-83.56702,37.85636],[-83.56793,37.85738],[-83.56851,37.85804],[-83.56896,37.85857],[-83.569,37.85862],[-83.56896,37.85872],[-83.56882,37.85905],[-83.56877,37.85915],[-83.56858,37.85962],[-83.56856,37.85969],[-83.56855,37.85982],[-83.56861,37.86001],[-83.56867,37.86019],[-83.56878,37.86053],[-83.56883,37.86075],[-83.5686,37.86104],[-83.56851,37.86115],[-83.56808,37.8617],[-83.56748,37.8625],[-83.56727,37.86264],[-83.56648,37.86304],[-83.56597,37.86342],[-83.5656,37.86325],[-83.56509,37.86347],[-83.56386,37.8637],[-83.56246,37.86311],[-83.56222,37.86273],[-83.56207,37.86268],[-83.56188,37.86257],[-83.56174,37.86246],[-83.56166,37.86232],[-83.56159,37.86221],[-83.56156,37.86211],[-83.56156,37.86188],[-83.56154,37.86159],[-83.56149,37.86137],[-83.56133,37.86094],[-83.56171,37.86012],[-83.56143,37.85975],[-83.56138,37.85933],[-83.56172,37.85862],[-83.5616,37.85862],[-83.5611,37.85865],[-83.56057,37.85882],[-83.56053,37.85925],[-83.56022,37.85954],[-83.56011,37.85967],[-83.56003,37.85975],[-83.55989,37.85983],[-83.55974,37.85985],[-83.5592,37.85982],[-83.55917,37.85993],[-83.55945,37.86017],[-83.55959,37.86042],[-83.55957,37.86073],[-83.55945,37.86103],[-83.55969,37.86151],[-83.55974,37.86163],[-83.55977,37.86175],[-83.5597,37.86224],[-83.55945,37.86255],[-83.55902,37.8627],[-83.55899,37.86292],[-83.55918,37.86312],[-83.55919,37.86317],[-83.55917,37.86325],[-83.55911,37.86343],[-83.55908,37.86349],[-83.55875,37.86367],[-83.55764,37.86331],[-83.55734,37.86277],[-83.55536,37.86245],[-83.55466,37.86229],[-83.55249,37.86096],[-83.55246,37.86094],[-83.55118,37.86233],[-83.55033,37.86198],[-83.55093,37.86078],[-83.54842,37.85972],[-83.54834,37.86016],[-83.54803,37.86188],[-83.54712,37.86224],[-83.54711,37.86255],[-83.54708,37.86363],[-83.54347,37.86442],[-83.54367,37.86485],[-83.5454,37.86861],[-83.54618,37.87016],[-83.54618,37.86959],[-83.54621,37.86739],[-83.54738,37.86726],[-83.54758,37.86668],[-83.54972,37.86538],[-83.54978,37.86535],[-83.55197,37.86713],[-83.55216,37.86479],[-83.5534,37.86459],[-83.55421,37.8653],[-83.55452,37.86557],[-83.55461,37.86735],[-83.55464,37.86931],[-83.55472,37.87054],[-83.55593,37.87113],[-83.55596,37.87115],[-83.55693,37.86999],[-83.55736,37.86869],[-83.55707,37.8682],[-83.55728,37.86728],[-83.55729,37.86718],[-83.55728,37.86703],[-83.55728,37.86684],[-83.55724,37.86663],[-83.55716,37.86638],[-83.5565,37.86518],[-83.55663,37.86506],[-83.55881,37.86666],[-83.55937,37.86631],[-83.5594,37.86625],[-83.55945,37.86617],[-83.55951,37.866],[-83.55958,37.86585],[-83.55968,37.86572],[-83.5598,37.86564],[-83.55993,37.86557],[-83.56014,37.8655],[-83.56042,37.86547],[-83.56068,37.86546],[-83.56074,37.86551],[-83.56076,37.86555],[-83.56061,37.86858],[-83.56182,37.86913],[-83.5619,37.86917],[-83.56321,37.86863],[-83.56407,37.86749],[-83.56406,37.86739],[-83.56405,37.86726],[-83.56407,37.86707],[-83.56413,37.8669],[-83.56423,37.86676],[-83.56437,37.86661],[-83.56457,37.86646],[-83.56476,37.86639],[-83.56495,37.86635],[-83.56512,37.86636],[-83.56542,37.86606],[-83.56576,37.86725],[-83.56631,37.86763],[-83.56671,37.8677],[-83.56713,37.86712],[-83.56722,37.867],[-83.56728,37.86684],[-83.56749,37.86597],[-83.56906,37.8676],[-83.56881,37.86798],[-83.56896,37.86802],[-83.56905,37.86805],[-83.56912,37.86811],[-83.56914,37.86815],[-83.56916,37.8682],[-83.56916,37.86831],[-83.56913,37.86842],[-83.56907,37.86854],[-83.569,37.86868],[-83.56889,37.8688],[-83.56875,37.86892],[-83.56824,37.86929],[-83.56782,37.87079],[-83.56765,37.87174],[-83.56753,37.87242],[-83.56717,37.87263],[-83.56682,37.87285],[-83.56684,37.87397],[-83.56518,37.87457],[-83.56548,37.87509],[-83.56591,37.87532],[-83.5667,37.87559],[-83.56688,37.87562],[-83.56724,37.87573],[-83.56732,37.87577],[-83.56734,37.87581],[-83.56732,37.87588],[-83.5673,37.87592],[-83.56721,37.87611],[-83.56719,37.87615],[-83.56716,37.8762],[-83.56703,37.8763],[-83.56679,37.87652],[-83.56672,37.87659],[-83.56667,37.87666],[-83.56661,37.87673],[-83.56645,37.87684],[-83.56638,37.87689],[-83.56633,37.87694],[-83.56627,37.87701],[-83.5662,37.8771],[-83.56613,37.87715],[-83.56606,37.87719],[-83.56599,37.87724],[-83.56594,37.87731],[-83.56631,37.87761],[-83.5664,37.87766],[-83.56646,37.87772],[-83.56653,37.87778],[-83.56658,37.87786],[-83.56665,37.87795],[-83.56697,37.87841],[-83.567,37.87849],[-83.567,37.87861],[-83.56673,37.87913],[-83.56667,37.87928],[-83.56662,37.87942],[-83.56637,37.87976],[-83.56628,37.87985],[-83.56618,37.87993],[-83.56535,37.88014],[-83.56516,37.88019],[-83.565,37.88021],[-83.56482,37.88023],[-83.5647,37.88027],[-83.56462,37.88035],[-83.56471,37.88047],[-83.56473,37.88057],[-83.56468,37.88065],[-83.56465,37.8807],[-83.56459,37.88079],[-83.56461,37.88088],[-83.56497,37.8812],[-83.56502,37.88125],[-83.56512,37.88137],[-83.56516,37.88143],[-83.56519,37.88149],[-83.56524,37.88154],[-83.5653,37.88158],[-83.56536,37.88164],[-83.5654,37.88173],[-83.56529,37.88191],[-83.5652,37.882],[-83.56513,37.88205],[-83.56484,37.88218],[-83.56417,37.88232],[-83.56404,37.88235],[-83.56396,37.8824],[-83.56389,37.88244],[-83.56382,37.8825],[-83.56372,37.88259],[-83.56332,37.88284],[-83.56319,37.8829],[-83.5628,37.88306],[-83.5627,37.8831],[-83.56248,37.88322],[-83.562,37.88334],[-83.56188,37.88337],[-83.56178,37.88341],[-83.56169,37.88348],[-83.56161,37.88354],[-83.56156,37.88363],[-83.56157,37.88407],[-83.56157,37.88424],[-83.56159,37.88432],[-83.56164,37.88438],[-83.56168,37.88441],[-83.56236,37.88449],[-83.56255,37.88446],[-83.56272,37.88443],[-83.56287,37.88441],[-83.5636,37.8844],[-83.56367,37.88441],[-83.56378,37.88445],[-83.56387,37.88447],[-83.56393,37.88449],[-83.56439,37.88447],[-83.56447,37.88446],[-83.56458,37.88447],[-83.56469,37.8845],[-83.56479,37.88453],[-83.56491,37.88459],[-83.5651,37.88496],[-83.5651,37.885],[-83.56506,37.88505],[-83.56499,37.88511],[-83.56492,37.88516],[-83.56487,37.88522],[-83.56479,37.8853],[-83.56475,37.88536],[-83.56472,37.88543],[-83.56492,37.88593],[-83.56492,37.886],[-83.56488,37.88609],[-83.56483,37.88615],[-83.56477,37.8862],[-83.56471,37.88627],[-83.56465,37.88634],[-83.5646,37.88641],[-83.56456,37.88653],[-83.56456,37.8869],[-83.56458,37.88716],[-83.56461,37.88724],[-83.56461,37.88731],[-83.56456,37.88736],[-83.56449,37.8874],[-83.56441,37.88745],[-83.56428,37.8876],[-83.5642,37.88767],[-83.56412,37.8877],[-83.56399,37.88774],[-83.56386,37.88778],[-83.56375,37.88782],[-83.56366,37.88788],[-83.56358,37.88794],[-83.56352,37.88801],[-83.56348,37.88809],[-83.56349,37.8882],[-83.56353,37.88824],[-83.56352,37.88839],[-83.56336,37.88887],[-83.56314,37.8892],[-83.56303,37.8893],[-83.56269,37.88942],[-83.56259,37.88944],[-83.56246,37.88944],[-83.56234,37.88946],[-83.56219,37.88948],[-83.56179,37.88963],[-83.5617,37.88968],[-83.56115,37.89004],[-83.56109,37.8901],[-83.56105,37.89019],[-83.56103,37.89045],[-83.56106,37.89053],[-83.56113,37.8906],[-83.56172,37.89079],[-83.56183,37.89082],[-83.56219,37.89101],[-83.56224,37.89105],[-83.56227,37.89108],[-83.56228,37.89159],[-83.56225,37.89168],[-83.56221,37.89177],[-83.56217,37.89185],[-83.56211,37.89191],[-83.56207,37.89196],[-83.562,37.89218],[-83.56198,37.89226],[-83.56191,37.89237],[-83.56188,37.89249],[-83.56185,37.89258],[-83.56184,37.89264],[-83.5618,37.89269],[-83.56175,37.89271],[-83.56168,37.89273],[-83.56164,37.89276],[-83.56159,37.8928],[-83.56156,37.89287],[-83.56154,37.89292],[-83.56153,37.89296],[-83.56157,37.89309],[-83.56158,37.89312],[-83.56158,37.89317],[-83.56155,37.89323],[-83.56153,37.89327],[-83.5615,37.89334],[-83.56147,37.8934],[-83.5613,37.89359],[-83.56126,37.89363],[-83.56084,37.89404],[-83.56028,37.89448],[-83.55948,37.89499],[-83.55943,37.89503],[-83.55935,37.89508],[-83.55926,37.89517],[-83.55918,37.89532],[-83.55914,37.89539],[-83.55911,37.89542],[-83.55904,37.89546],[-83.55855,37.89563],[-83.55843,37.89567],[-83.55785,37.8959],[-83.55775,37.89593],[-83.55766,37.89599],[-83.5576,37.89604],[-83.55756,37.89607],[-83.55638,37.89649],[-83.55629,37.89655],[-83.55591,37.89682],[-83.55579,37.89689],[-83.55502,37.89715],[-83.55493,37.89717],[-83.55477,37.89717],[-83.5547,37.89716],[-83.55453,37.89712],[-83.55428,37.89706],[-83.55415,37.89704],[-83.55388,37.89703],[-83.55377,37.89703],[-83.55367,37.89707],[-83.5536,37.8971],[-83.55352,37.89716],[-83.55341,37.89724],[-83.55338,37.89727],[-83.55331,37.89728],[-83.55297,37.89734],[-83.55281,37.89737],[-83.55271,37.89739],[-83.55252,37.8974],[-83.55271,37.89761],[-83.55279,37.8977],[-83.55283,37.89776],[-83.55299,37.89795],[-83.55309,37.89799],[-83.55316,37.89801],[-83.55325,37.89802],[-83.55336,37.89802],[-83.55383,37.89797],[-83.55393,37.89797],[-83.55406,37.89799],[-83.5542,37.89801],[-83.55434,37.89803],[-83.55458,37.89805],[-83.55494,37.89811],[-83.55511,37.89814],[-83.5559,37.89817],[-83.55601,37.89816],[-83.55613,37.89814],[-83.55627,37.8981],[-83.55641,37.89805],[-83.55721,37.89778],[-83.55917,37.89708],[-83.55938,37.89703],[-83.55947,37.89701],[-83.55956,37.897],[-83.55967,37.89702],[-83.55981,37.89704],[-83.55993,37.89706],[-83.56012,37.89715],[-83.56024,37.89725],[-83.56053,37.89752],[-83.56066,37.89758],[-83.56078,37.89761],[-83.56088,37.89762],[-83.56099,37.89763],[-83.56111,37.89761],[-83.56119,37.89759],[-83.56125,37.89754],[-83.56128,37.89752],[-83.56132,37.89748],[-83.56139,37.89736],[-83.56143,37.89712],[-83.56152,37.89645],[-83.56156,37.8964],[-83.56175,37.89619],[-83.56184,37.89611],[-83.56194,37.89607],[-83.56213,37.89603],[-83.56228,37.89602],[-83.56329,37.89593],[-83.56339,37.89592],[-83.56347,37.89587],[-83.56348,37.89583],[-83.56343,37.89569],[-83.56335,37.89521],[-83.56344,37.89506],[-83.56351,37.89499],[-83.56363,37.8949],[-83.56374,37.89481],[-83.56387,37.89473],[-83.56405,37.89458],[-83.56429,37.89435],[-83.56434,37.89427],[-83.56448,37.89428],[-83.56474,37.89433],[-83.56495,37.89431],[-83.56503,37.89424],[-83.56504,37.89393],[-83.56506,37.89346],[-83.56502,37.8932],[-83.56498,37.8931],[-83.56499,37.89307],[-83.56501,37.89294],[-83.56507,37.89263],[-83.56509,37.89209],[-83.56509,37.89147],[-83.56511,37.89095],[-83.56515,37.89086],[-83.56519,37.89074],[-83.56533,37.89044],[-83.56542,37.89032],[-83.56549,37.89023],[-83.56569,37.88997],[-83.56575,37.88986],[-83.5658,37.88974],[-83.56596,37.88939],[-83.56602,37.88933],[-83.56608,37.8893],[-83.56617,37.88929],[-83.56622,37.88933],[-83.56627,37.88936],[-83.56639,37.88962],[-83.56644,37.88976],[-83.5668,37.89047],[-83.56687,37.89057],[-83.56694,37.89065],[-83.56699,37.89075],[-83.567,37.89085],[-83.56701,37.89104],[-83.56706,37.89156],[-83.56724,37.89223],[-83.56741,37.89246],[-83.56749,37.89255],[-83.56811,37.89322],[-83.56823,37.89337],[-83.56832,37.89353],[-83.56855,37.89416],[-83.56892,37.89527],[-83.56939,37.89628],[-83.56987,37.89712],[-83.56999,37.8973],[-83.57023,37.89763],[-83.57035,37.89775],[-83.57045,37.89785],[-83.57055,37.89795],[-83.57091,37.89824],[-83.57064,37.89854],[-83.57052,37.89879],[-83.57048,37.89901],[-83.57048,37.89903],[-83.57056,37.89928],[-83.57086,37.89948],[-83.57199,37.90023],[-83.57216,37.9004],[-83.57231,37.90071],[-83.57221,37.90083],[-83.57214,37.90101],[-83.57217,37.9014],[-83.57231,37.90177],[-83.57252,37.9019],[-83.57291,37.90199],[-83.57314,37.90254],[-83.57279,37.90289],[-83.57271,37.90299],[-83.57258,37.90324],[-83.57257,37.90332],[-83.57259,37.90341],[-83.5726,37.90346],[-83.57265,37.90356],[-83.57272,37.90367],[-83.57284,37.90381],[-83.57336,37.90432],[-83.57399,37.90487],[-83.57403,37.90496],[-83.57407,37.90507],[-83.57406,37.90517],[-83.57408,37.90525],[-83.57414,37.90543],[-83.57419,37.90553],[-83.57424,37.9056]]]}}]}